time,state,x,y,h,frame_id,line_pos,eKp,turn_rate,valid_cnt,tripA,tripAh,tripB,tripBh,ir_L,ir_R,acc_x,acc_y,acc_z,gyro_x,gyro_y,gyro_z
# remark: robobot/cmd/ti/alive 2025-04-13 12:07:52.918866
# remark: robobot/cmd/ti/log 1
1744538873.66,-1,1.606,-0.013,-0.016,0,0.000,0.000,0.000,10,0.000,-0.016,0.000,-0.016,0.00,0.00,-1.927,-0.473,4.000,0.000,0.000,0.000
1744538873.66,-1,1.606,-0.013,-0.016,0,0.000,0.000,0.000,10,0.000,-0.016,0.000,-0.016,0.00,0.00,-1.927,-0.473,4.000,-35.697,-26.443,41.000
1744538873.66,-1,1.606,-0.013,-0.016,0,0.000,0.000,0.000,10,0.000,-0.016,0.000,-0.016,0.00,0.00,-1.927,-0.473,4.000,-35.697,-26.443,41.000
1744538873.69,-1,1.606,-0.013,-0.016,0,0.000,0.000,0.000,10,0.000,-0.016,0.000,-0.016,1.50,1.35,-1.927,-0.473,4.000,-35.697,-26.443,41.000
1744538873.69,-1,1.606,-0.013,-0.016,0,0.000,0.000,0.000,10,0.000,-0.016,0.000,-0.016,1.50,1.35,-1.927,-0.473,4.000,-35.697,-26.443,41.000
1744538873.69,-1,1.606,-0.013,-0.016,0,0.000,0.000,0.000,10,0.000,-0.016,0.000,-0.016,1.50,1.35,-1.927,-0.473,4.000,-35.697,-26.443,41.000
1744538873.69,-1,1.606,-0.013,-0.016,0,0.000,0.000,0.000,10,0.000,-0.016,0.000,-0.016,1.50,1.35,-1.927,-0.473,4.000,-35.697,-26.443,41.000
1744538873.69,-1,1.606,-0.013,-0.016,0,0.000,0.000,0.000,10,0.000,-0.016,0.000,-0.016,1.50,1.35,-1.927,-0.473,4.000,-35.697,-26.443,41.000
1744538873.71,-1,1.606,-0.013,-0.016,0,0.000,0.000,0.000,10,0.000,-0.016,0.000,-0.016,1.50,1.50,-1.927,-0.473,4.000,-35.697,-26.443,41.000
1744538873.71,-1,1.606,-0.013,-0.016,0,0.000,0.000,0.000,10,0.000,-0.016,0.000,-0.016,1.50,1.50,-1.927,-0.473,4.000,-35.697,-26.443,41.000
1744538873.72,-1,1.606,-0.013,-0.016,0,0.000,0.000,0.000,10,0.000,-0.016,0.000,-0.016,1.50,1.50,-1.927,-0.473,4.000,-35.697,-26.443,41.000
1744538873.72,-1,1.606,-0.013,-0.016,0,0.000,0.000,0.000,10,0.000,-0.016,0.000,-0.016,1.50,1.50,-1.927,-0.473,4.000,-35.697,-26.443,41.000
1744538873.72,-1,1.606,-0.013,-0.016,0,0.000,0.000,0.000,10,0.000,-0.016,0.000,-0.016,1.50,1.50,-1.927,-0.473,4.000,-35.697,-26.443,41.000
1744538873.74,-1,1.606,-0.013,-0.016,0,0.000,0.000,0.000,10,0.000,-0.016,0.000,-0.016,1.50,1.50,-1.927,-0.473,4.000,-35.697,-26.443,41.000
1744538873.74,-1,1.606,-0.013,-0.016,0,0.000,0.000,0.000,10,0.000,-0.016,0.000,-0.016,1.50,1.50,-1.927,-0.473,4.000,-35.697,-26.443,41.000
1744538873.74,-1,1.606,-0.013,-0.016,0,0.000,0.000,0.000,10,0.000,-0.016,0.000,-0.016,1.50,1.50,-1.927,-0.473,4.000,-35.697,-26.443,41.000
1744538873.75,-1,1.606,-0.013,-0.016,0,0.000,0.000,0.000,10,0.000,-0.016,0.000,-0.016,1.50,1.50,-1.927,-0.473,4.000,-35.697,-26.443,41.000
1744538873.75,-1,1.606,-0.013,-0.016,0,0.000,0.000,0.000,10,0.000,-0.016,0.000,-0.016,1.50,1.50,-1.927,-0.473,4.000,-35.697,-26.443,41.000
1744538873.77,-1,1.606,-0.013,-0.016,0,0.000,0.000,0.000,10,0.000,-0.016,0.000,-0.016,1.50,1.50,-1.927,-0.473,4.000,-35.697,-26.443,41.000
1744538873.77,-1,1.606,-0.013,-0.016,0,0.000,0.000,0.000,10,0.000,-0.016,0.000,-0.016,1.50,1.50,-1.927,-0.473,4.000,-35.697,-26.443,41.000
1744538873.77,-1,1.606,-0.013,-0.016,0,0.000,0.000,0.000,10,0.000,-0.016,0.000,-0.016,1.50,1.50,-1.927,-0.473,4.000,-35.697,-26.443,41.000
1744538873.78,-1,1.606,-0.013,-0.016,0,0.000,0.000,0.000,10,0.000,-0.016,0.000,-0.016,1.50,1.50,-1.927,-0.473,4.000,-35.697,-26.443,41.000
1744538873.78,-1,1.606,-0.013,-0.016,0,0.000,0.000,0.000,10,0.000,-0.016,0.000,-0.016,1.50,1.50,-1.927,-0.473,4.000,-35.697,-26.443,41.000
1744538873.78,-1,1.606,-0.013,-0.016,0,0.000,0.000,0.000,10,0.000,-0.016,0.000,-0.016,1.50,1.50,-1.927,-0.473,4.000,-35.697,-26.443,41.000
1744538873.78,-1,1.606,-0.013,-0.016,0,0.000,0.000,0.000,10,0.000,-0.016,0.000,-0.016,1.50,1.50,-1.927,-0.473,4.000,-35.697,-26.443,41.000
1744538873.78,-1,1.606,-0.013,-0.016,0,0.000,0.000,0.000,10,0.000,-0.016,0.000,-0.016,1.50,1.50,-1.927,-0.473,4.000,-35.697,-26.443,41.000
1744538873.80,-1,1.606,-0.013,-0.016,0,0.000,0.000,0.000,10,0.000,-0.016,0.000,-0.016,1.50,1.50,-1.927,-0.473,4.000,-35.697,-26.443,41.000
1744538873.80,-1,1.606,-0.013,-0.016,0,0.000,0.000,0.000,10,0.000,-0.016,0.000,-0.016,1.50,1.50,-1.927,-0.473,4.000,-35.697,-26.443,41.000
1744538873.82,-1,1.606,-0.013,-0.016,0,0.000,0.000,0.000,10,0.000,-0.016,0.000,-0.016,1.50,1.50,-1.927,-0.473,4.000,-35.697,-26.443,41.000
1744538873.84,-1,1.606,-0.013,-0.016,0,0.000,0.000,0.000,10,0.000,-0.016,0.000,-0.016,1.50,1.50,-1.927,-0.473,4.000,-35.697,-26.443,41.000
1744538873.84,-1,1.606,-0.013,-0.016,0,0.000,0.000,0.000,10,0.000,-0.016,0.000,-0.016,1.50,1.50,-1.927,-0.473,4.000,-35.697,-26.443,41.000
1744538873.84,-1,1.606,-0.013,-0.016,0,0.000,0.000,0.000,10,0.000,-0.016,0.000,-0.016,1.50,1.50,-1.927,-0.473,4.000,-35.697,-26.443,41.000
1744538873.84,-1,1.606,-0.013,-0.016,0,0.000,0.000,0.000,10,0.000,-0.016,0.000,-0.016,1.50,1.50,-1.927,-0.473,4.000,-35.697,-26.443,41.000
1744538873.87,-1,1.606,-0.013,-0.016,0,0.000,0.000,0.000,10,0.000,-0.016,0.000,-0.016,1.50,1.50,-1.927,-0.473,4.000,-35.697,-26.443,41.000
1744538873.87,-1,1.606,-0.013,-0.016,0,0.000,0.000,0.000,10,0.000,-0.016,0.000,-0.016,1.50,1.50,-1.927,-0.473,4.000,-35.697,-26.443,41.000
1744538873.87,-1,1.606,-0.013,-0.016,0,0.000,0.000,0.000,10,0.000,-0.016,0.000,-0.016,1.50,1.50,-1.927,-0.473,4.000,-35.697,-26.443,41.000
1744538873.87,-1,1.606,-0.013,-0.016,0,0.000,0.000,0.000,10,0.000,-0.016,0.000,-0.016,1.50,1.50,-1.927,-0.473,4.000,-35.697,-26.443,41.000
1744538873.87,-1,1.606,-0.013,-0.016,0,0.000,0.000,0.000,10,0.000,-0.016,0.000,-0.016,1.50,1.50,-1.927,-0.473,4.000,-35.697,-26.443,41.000
1744538873.89,-1,1.606,-0.013,-0.016,0,0.000,0.000,0.000,10,0.000,-0.016,0.000,-0.016,1.50,1.50,-1.927,-0.473,4.000,-35.697,-26.443,41.000
1744538873.89,-1,1.606,-0.013,-0.016,0,0.000,0.000,0.000,10,0.000,-0.016,0.000,-0.016,1.50,1.50,-1.927,-0.473,4.000,-35.697,-26.443,41.000
1744538873.90,-1,1.606,-0.013,-0.016,0,0.000,0.000,0.000,10,0.000,-0.016,0.000,-0.016,1.50,1.50,-1.927,-0.473,4.000,-35.697,-26.443,41.000
1744538873.90,-1,1.606,-0.013,-0.016,0,0.000,0.000,0.000,10,0.000,-0.016,0.000,-0.016,1.50,1.50,-1.927,-0.473,4.000,-35.697,-26.443,41.000
1744538873.90,-1,1.606,-0.013,-0.016,0,0.000,0.000,0.000,10,0.000,-0.016,0.000,-0.016,1.50,1.50,-1.927,-0.473,4.000,-35.697,-26.443,41.000
1744538873.93,-1,1.606,-0.013,-0.016,0,0.000,0.000,0.000,10,0.000,-0.016,0.000,-0.016,1.50,1.50,-1.927,-0.473,4.000,-35.697,-26.443,41.000
1744538873.93,-1,1.606,-0.013,-0.016,0,0.000,0.000,0.000,10,0.000,-0.016,0.000,-0.016,1.50,1.50,-1.927,-0.473,4.000,-35.697,-26.443,41.000
1744538873.93,-1,1.606,-0.013,-0.016,0,0.000,0.000,0.000,10,0.000,-0.016,0.000,-0.016,1.50,1.50,-1.927,-0.473,4.000,-35.697,-26.443,41.000
1744538873.93,-1,1.606,-0.013,-0.016,0,0.000,0.000,0.000,10,0.000,-0.016,0.000,-0.016,1.50,1.50,-1.927,-0.473,4.000,-35.697,-26.443,41.000
1744538873.93,-1,1.606,-0.013,-0.016,0,0.000,0.000,0.000,10,0.000,-0.016,0.000,-0.016,1.50,1.50,-1.927,-0.473,4.000,-35.697,-26.443,41.000
1744538873.95,-1,1.606,-0.013,-0.016,0,0.000,0.000,0.000,10,0.000,-0.016,0.000,-0.016,1.50,1.14,-1.927,-0.473,4.000,-35.697,-26.443,41.000
1744538873.95,-1,1.606,-0.013,-0.016,0,0.000,0.000,0.000,10,0.000,-0.016,0.000,-0.016,1.50,1.14,-1.927,-0.473,4.000,-35.697,-26.443,41.000
1744538873.95,-1,1.606,-0.013,-0.016,0,0.000,0.000,0.000,10,0.000,-0.016,0.000,-0.016,1.50,1.14,-1.927,-0.473,4.000,-35.697,-26.443,41.000
1744538873.95,-1,1.606,-0.013,-0.016,0,0.000,0.000,0.000,10,0.000,-0.016,0.000,-0.016,1.50,1.14,-1.927,-0.473,4.000,-35.697,-26.443,41.000
1744538873.96,-1,1.606,-0.013,-0.016,0,0.000,0.000,0.000,10,0.000,-0.016,0.000,-0.016,1.50,1.14,-1.927,-0.473,4.000,-35.697,-26.443,41.000
1744538873.98,-1,1.606,-0.013,-0.016,0,0.000,0.000,0.000,10,0.000,-0.016,0.000,-0.016,1.50,0.87,-1.927,-0.473,4.000,-35.697,-26.443,41.000
1744538873.98,-1,1.606,-0.013,-0.016,0,0.000,0.000,0.000,10,0.000,-0.016,0.000,-0.016,1.50,0.87,-1.927,-0.473,4.000,-35.697,-26.443,41.000
1744538873.98,-1,1.606,-0.013,-0.016,0,0.000,0.000,0.000,10,0.000,-0.016,0.000,-0.016,1.50,0.87,-1.927,-0.473,4.000,-35.697,-26.443,41.000
1744538873.98,-1,1.606,-0.013,-0.016,0,0.000,0.000,0.000,10,0.000,-0.016,0.000,-0.016,1.50,0.87,-1.927,-0.473,4.000,-35.697,-26.443,41.000
1744538873.98,-1,1.606,-0.013,-0.016,0,0.000,0.000,0.000,10,0.000,-0.016,0.000,-0.016,1.50,0.87,-1.927,-0.473,4.000,-35.697,-26.443,41.000
1744538874.00,-1,1.606,-0.013,-0.016,0,0.000,0.000,0.000,10,0.000,-0.016,0.000,-0.016,1.50,1.17,-1.927,-0.473,4.000,-35.697,-26.443,41.000
1744538874.00,-1,1.606,-0.013,-0.016,0,0.000,0.000,0.000,10,0.000,-0.016,0.000,-0.016,1.50,1.17,-1.927,-0.473,4.000,-35.697,-26.443,41.000
1744538874.00,-1,1.606,-0.013,-0.016,0,0.000,0.000,0.000,10,0.000,-0.016,0.000,-0.016,1.50,1.17,-1.927,-0.473,4.000,-35.697,-26.443,41.000
1744538874.01,-1,1.606,-0.013,-0.016,0,0.000,0.000,0.000,10,0.000,-0.016,0.000,-0.016,1.50,1.17,-1.927,-0.473,4.000,-35.697,-26.443,41.000
# remark: robobot/cmd/T0/enc0  
# remark: robobot/cmd/T0/confw 0.074 0.074 19 92 0.23
# remark: robobot/cmd/T0/confi  
1744538874.04,-1,1.606,-0.013,-0.016,0,0.000,0.000,0.000,10,0.000,-0.016,0.000,-0.016,1.50,1.17,-1.927,-0.473,4.000,-35.697,-26.443,41.000
1744538874.04,-1,1.606,-0.013,-0.016,0,0.000,0.000,0.000,10,0.000,-0.016,0.000,-0.016,1.50,1.30,-1.927,-0.473,4.000,-35.697,-26.443,41.000
1744538874.04,-1,1.606,-0.013,-0.016,0,0.000,0.000,0.000,10,0.000,-0.016,0.000,-0.016,1.50,1.30,-1.927,-0.473,4.000,-35.697,-26.443,41.000
1744538874.04,-1,1.606,-0.013,-0.016,0,0.000,0.000,0.000,10,0.000,-0.016,0.000,-0.016,1.50,1.30,-1.927,-0.473,4.000,-35.697,-26.443,41.000
1744538874.05,-1,0.000,0.000,0.000,0,0.000,0.000,0.000,10,0.000,0.000,0.000,0.000,1.50,1.30,-1.927,-0.473,4.000,-35.697,-26.443,41.000
1744538874.05,-1,0.000,0.000,0.000,0,0.000,0.000,0.000,10,0.000,0.000,0.000,0.000,1.50,1.30,-1.927,-0.473,4.000,-35.697,-26.443,41.000
1744538874.05,-1,0.000,0.000,0.000,0,0.000,0.000,0.000,10,0.000,0.000,0.000,0.000,1.50,1.30,-1.927,-0.473,4.000,-35.697,-26.443,41.000
1744538874.05,-1,0.000,0.000,0.000,0,0.000,0.000,0.000,10,0.000,0.000,0.000,0.000,1.50,1.30,-1.927,-0.473,4.000,-35.697,-26.443,41.000
1744538874.07,-1,0.000,0.000,0.000,0,0.000,0.000,0.000,10,0.000,0.000,0.000,0.000,1.50,1.30,-1.927,-0.473,4.000,-35.697,-26.443,41.000
1744538874.09,-1,0.000,0.000,0.000,0,0.000,0.000,0.000,10,0.000,0.000,0.000,0.000,1.50,1.30,-1.927,-0.473,4.000,-35.697,-26.443,41.000
1744538874.09,-1,0.000,0.000,0.000,0,0.000,0.000,0.000,10,0.000,0.000,0.000,0.000,1.50,1.30,-1.927,-0.473,4.000,-35.697,-26.443,41.000
1744538874.09,-1,0.000,0.000,0.000,0,0.000,0.000,0.000,10,0.000,0.000,0.000,0.000,1.50,1.19,-1.927,-0.473,4.000,-35.697,-26.443,41.000
1744538874.10,-1,0.000,0.000,0.000,0,0.000,0.000,0.000,10,0.000,0.000,0.000,0.000,1.50,1.19,-1.927,-0.473,4.000,-35.697,-26.443,41.000
1744538874.10,-1,0.000,0.000,0.000,0,0.000,0.000,0.000,10,0.000,0.000,0.000,0.000,1.50,1.19,-1.927,-0.473,4.000,-35.697,-26.443,41.000
1744538874.10,-1,0.000,0.000,0.000,0,0.000,0.000,0.000,10,0.000,0.000,0.000,0.000,1.50,1.19,-1.927,-0.473,4.000,-35.697,-26.443,41.000
1744538874.10,-1,0.000,0.000,0.000,0,0.000,0.000,0.000,10,0.000,0.000,0.000,0.000,1.50,1.19,-1.927,-0.473,4.000,-35.697,-26.443,41.000
1744538874.10,-1,0.000,0.000,0.000,0,0.000,0.000,0.000,10,0.000,0.000,0.000,0.000,1.50,1.50,-1.927,-0.473,4.000,-35.697,-26.443,41.000
1744538874.14,-1,0.000,0.000,0.000,0,0.000,0.000,0.000,10,0.000,0.000,0.000,0.000,1.50,1.50,-1.927,-0.473,4.000,-35.697,-26.443,41.000
1744538874.14,-1,0.000,0.000,0.000,0,0.000,0.000,0.000,10,0.000,0.000,0.000,0.000,1.50,1.50,-1.927,-0.473,4.000,-35.697,-26.443,41.000
1744538874.14,-1,0.000,0.000,0.000,0,0.000,0.000,0.000,10,0.000,0.000,0.000,0.000,1.50,1.50,-1.927,-0.473,4.000,-35.697,-26.443,41.000
1744538874.14,-1,0.000,0.000,0.000,0,0.000,0.000,0.000,10,0.000,0.000,0.000,0.000,1.50,1.50,-1.927,-0.473,4.000,-35.697,-26.443,41.000
1744538874.17,-1,0.000,0.000,0.000,0,0.000,0.000,0.000,10,0.000,0.000,0.000,0.000,1.50,1.50,-1.927,-0.473,4.000,-35.697,-26.443,41.000
1744538874.17,-1,0.000,0.000,0.000,0,0.000,0.000,0.000,10,0.000,0.000,0.000,0.000,1.50,1.50,-1.927,-0.473,4.000,-35.697,-26.443,41.000
1744538874.17,-1,0.000,0.000,0.000,0,0.000,0.000,0.000,10,0.000,0.000,0.000,0.000,1.50,1.50,-1.927,-0.473,4.000,-35.697,-26.443,41.000
1744538874.17,-1,0.000,0.000,0.000,0,0.000,0.000,0.000,10,0.000,0.000,0.000,0.000,1.50,1.50,-1.927,-0.473,4.000,-35.697,-26.443,41.000
1744538874.17,-1,0.000,0.000,0.000,0,0.000,0.000,0.000,10,0.000,0.000,0.000,0.000,1.50,1.50,-1.927,-0.473,4.000,-35.697,-26.443,41.000
1744538874.19,-1,0.000,0.000,0.000,0,0.000,0.000,0.000,10,0.000,0.000,0.000,0.000,1.50,1.50,-1.927,-0.473,4.000,-35.697,-26.443,41.000
1744538874.19,-1,0.000,0.000,0.000,0,0.000,0.000,0.000,10,0.000,0.000,0.000,0.000,1.50,1.50,-1.927,-0.473,4.000,-35.697,-26.443,41.000
1744538874.19,-1,0.000,0.000,0.000,0,0.000,0.000,0.000,10,0.000,0.000,0.000,0.000,1.50,1.50,-1.927,-0.473,4.000,-35.697,-26.443,41.000
1744538874.20,-1,0.000,0.000,0.000,0,0.000,0.000,0.000,10,0.000,0.000,0.000,0.000,1.50,1.50,-1.927,-0.473,4.000,-35.697,-26.443,41.000
1744538874.20,-1,0.000,0.000,0.000,0,0.000,0.000,0.000,10,0.000,0.000,0.000,0.000,1.50,1.50,-1.927,-0.473,4.000,-35.697,-26.443,41.000
1744538874.22,-1,0.000,0.000,0.000,0,0.000,0.000,0.000,10,0.000,0.000,0.000,0.000,1.50,1.38,-1.927,-0.473,4.000,-35.697,-26.443,41.000
1744538874.22,-1,0.000,0.000,0.000,0,0.000,0.000,0.000,10,0.000,0.000,0.000,0.000,1.50,1.38,-1.927,-0.473,4.000,-35.697,-26.443,41.000
1744538874.22,-1,0.000,0.000,0.000,0,0.000,0.000,0.000,10,0.000,0.000,0.000,0.000,1.50,1.38,-1.927,-0.473,4.000,-35.697,-26.443,41.000
1744538874.22,-1,0.000,0.000,0.000,0,0.000,0.000,0.000,10,0.000,0.000,0.000,0.000,1.50,1.38,-1.927,-0.473,4.000,-35.697,-26.443,41.000
1744538874.22,-1,0.000,0.000,0.000,0,0.000,0.000,0.000,10,0.000,0.000,0.000,0.000,1.50,1.38,-1.927,-0.473,4.000,-35.697,-26.443,41.000
# remark: robobot/cmd/ti/alive 2025-04-13 12:07:52.918866
1744538874.25,-1,0.000,0.000,0.000,0,0.000,0.000,0.000,10,0.000,0.000,0.000,0.000,1.50,1.48,-1.927,-0.473,4.000,-35.697,-26.443,41.000
1744538874.25,-1,0.000,0.000,0.000,0,0.000,0.000,0.000,10,0.000,0.000,0.000,0.000,1.50,1.48,-1.927,-0.473,4.000,-35.697,-26.443,41.000
1744538874.25,-1,0.000,0.000,0.000,0,0.000,0.000,0.000,10,0.000,0.000,0.000,0.000,1.50,1.48,-1.927,-0.473,4.000,-35.697,-26.443,41.000
1744538874.25,-1,0.000,0.000,0.000,0,0.000,0.000,0.000,10,0.000,0.000,0.000,0.000,1.50,1.48,-1.927,-0.473,4.000,-35.697,-26.443,41.000
1744538874.25,-1,0.000,0.000,0.000,0,0.000,0.000,0.000,10,0.000,0.000,0.000,0.000,1.50,1.48,-1.927,-0.473,4.000,-35.697,-26.443,41.000
1744538874.27,-1,0.000,0.000,0.000,0,0.000,0.000,0.000,10,0.000,0.000,0.000,0.000,1.50,1.50,-1.927,-0.473,4.000,-35.697,-26.443,41.000
1744538874.27,-1,0.000,0.000,0.000,0,0.000,0.000,0.000,10,0.000,0.000,0.000,0.000,1.50,1.50,-1.927,-0.473,4.000,-35.697,-26.443,41.000
1744538874.27,-1,0.000,0.000,0.000,0,0.000,0.000,0.000,10,0.000,0.000,0.000,0.000,1.50,1.50,-1.927,-0.473,4.000,-35.697,-26.443,41.000
1744538874.31,-1,0.000,0.000,0.000,0,0.000,0.000,0.000,10,0.000,0.000,0.000,0.000,1.50,1.50,-1.927,-0.473,4.000,-35.697,-26.443,41.000
1744538874.31,-1,0.000,0.000,0.000,0,0.000,0.000,0.000,10,0.000,0.000,0.000,0.000,1.50,1.50,-1.927,-0.473,4.000,-35.697,-26.443,41.000
1744538874.31,-1,0.000,0.000,0.000,0,0.000,0.000,0.000,10,0.000,0.000,0.000,0.000,1.50,1.34,-1.927,-0.473,4.000,-35.697,-26.443,41.000
1744538874.31,-1,0.000,0.000,0.000,0,0.000,0.000,0.000,10,0.000,0.000,0.000,0.000,1.50,1.34,-1.927,-0.473,4.000,-35.697,-26.443,41.000
1744538874.31,-1,0.000,0.000,0.000,0,0.000,0.000,0.000,10,0.000,0.000,0.000,0.000,1.50,1.34,-1.927,-0.473,4.000,-35.697,-26.443,41.000
# remark: robobot/cmd/T0/lip 1
# remark: robobot/cmd/T0/sub livn 10
1744538874.33,-1,0.000,0.000,0.000,0,0.000,0.000,0.000,10,0.000,0.000,0.000,0.000,1.50,1.34,-1.927,-0.473,4.000,-35.697,-26.443,41.000
1744538874.33,-1,0.000,0.000,0.000,0,0.000,0.000,0.000,10,0.000,0.000,0.000,0.000,1.50,1.34,-1.927,-0.473,4.000,-35.697,-26.443,41.000
1744538874.33,-1,0.000,0.000,0.000,0,0.000,0.000,0.000,10,0.000,0.000,0.000,0.000,1.50,1.21,-1.927,-0.473,4.000,-35.697,-26.443,41.000
1744538874.33,-1,0.000,0.000,0.000,0,0.000,0.000,0.000,10,0.000,0.000,0.000,0.000,1.50,1.21,-1.927,-0.473,4.000,-35.697,-26.443,41.000
1744538874.34,-1,0.000,0.000,0.000,1,0.000,0.000,0.000,10,0.000,0.000,0.000,0.000,1.50,1.21,-1.927,-0.473,4.000,-35.697,-26.443,41.000
# remark: robobot/cmd/T0/liwi  
1744538874.35,-1,0.000,0.000,0.000,1,0.000,0.000,0.000,10,0.000,0.000,0.000,0.000,1.50,1.21,-1.927,-0.473,4.000,-35.697,-26.443,41.000
1744538874.35,-1,0.000,0.000,0.000,1,0.000,0.000,0.000,10,0.000,0.000,0.000,0.000,1.50,1.21,-1.927,-0.473,4.000,-35.697,-26.443,41.000
1744538874.35,-1,0.000,0.000,0.000,1,0.000,0.000,0.000,10,0.000,0.000,0.000,0.000,1.50,1.16,-1.927,-0.473,4.000,-35.697,-26.443,41.000
1744538874.35,-1,0.000,0.000,0.000,1,0.000,0.000,0.000,10,0.000,0.000,0.000,0.000,1.50,1.16,-1.927,-0.473,4.000,-35.697,-26.443,41.000
1744538874.39,-1,0.000,0.000,0.000,1,0.000,0.000,0.000,10,0.000,0.000,0.000,0.000,1.50,1.16,-1.927,-0.473,4.000,-35.697,-26.443,41.000
# remark: robobot/cmd/T0/leds 16 30 30 0
1744538874.39,0,0.000,0.000,0.000,1,0.000,0.000,0.000,10,0.000,0.000,0.000,0.000,1.50,1.16,-1.927,-0.473,4.000,-35.697,-26.443,41.000
1744538874.39,-1,0.000,0.000,0.000,1,0.000,0.000,0.000,10,0.000,0.000,0.000,0.000,1.50,1.16,-1.927,-0.473,4.000,-35.697,-26.443,41.000
# remark: robobot/cmd/ti/rc 0.0 0.0
1744538874.39,-1,0.000,0.000,0.000,1,0.000,0.000,0.000,10,0.000,0.000,0.000,0.000,1.50,1.16,-1.927,-0.473,4.000,-35.697,-26.443,41.000
# remark: robobot/cmd/T0/leds 16 0 0 30
# remark: robobot/cmd/ti/rc 0.0 0.0
1744538874.39,-1,0.000,0.000,0.000,1,0.000,0.000,0.000,10,0.000,0.000,0.000,0.000,1.50,1.17,-1.927,-0.473,4.000,-35.697,-26.443,41.000
1744538874.39,-1,0.000,0.000,0.000,1,0.000,0.000,0.000,10,0.000,0.000,0.000,0.000,1.50,1.17,-1.927,-0.473,4.000,-35.697,-26.443,41.000
1744538874.41,-1,0.000,0.000,0.000,1,0.000,0.000,0.000,10,0.000,0.000,0.000,0.000,1.50,1.17,-1.927,-0.473,4.000,-35.697,-26.443,41.000
1744538874.41,-1,0.000,0.000,0.000,1,0.000,0.000,0.000,10,0.000,0.000,0.000,0.000,1.50,1.17,-1.927,-0.473,4.000,-35.697,-26.443,41.000
1744538874.41,-1,0.000,0.000,0.000,1,0.000,0.000,0.000,10,0.000,0.000,0.000,0.000,1.50,1.17,-1.927,-0.473,4.000,-35.697,-26.443,41.000
1744538874.43,-1,0.000,0.000,0.000,1,0.000,0.000,0.000,10,0.000,0.000,0.000,0.000,1.50,1.50,-1.927,-0.473,4.000,-35.697,-26.443,41.000
1744538874.43,-1,0.000,0.000,0.000,1,0.000,0.000,0.000,10,0.000,0.000,0.000,0.000,1.50,1.50,-1.927,-0.473,4.000,-35.697,-26.443,41.000
1744538874.43,-1,0.000,0.000,0.000,1,0.000,0.000,0.000,10,0.000,0.000,0.000,0.000,1.50,1.50,-1.927,-0.473,4.000,-35.697,-26.443,41.000
1744538874.44,-1,0.000,0.000,0.000,1,0.000,0.000,0.000,10,0.000,0.000,0.000,0.000,1.50,1.50,-1.927,-0.473,4.000,-35.697,-26.443,41.000
1744538874.44,-1,0.000,0.000,0.000,1,0.000,0.000,0.000,10,0.000,0.000,0.000,0.000,1.50,1.50,-1.927,-0.473,4.000,-35.697,-26.443,41.000
1744538874.45,-1,0.000,0.000,0.000,1,0.000,0.000,0.000,10,0.000,0.000,0.000,0.000,1.50,1.50,-1.927,-0.473,4.000,-35.697,-26.443,41.000
1744538874.45,-1,0.000,0.000,0.000,1,0.000,0.000,0.000,10,0.000,0.000,0.000,0.000,1.50,1.50,-1.927,-0.473,4.000,-35.697,-26.443,41.000
1744538874.47,-1,0.000,0.000,0.000,1,0.000,0.000,0.000,10,0.000,0.000,0.000,0.000,1.50,1.50,-1.927,-0.473,4.000,-35.697,-26.443,41.000
1744538874.47,-1,0.000,0.000,0.000,1,0.000,0.000,0.000,10,0.000,0.000,0.000,0.000,1.50,1.50,-1.927,-0.473,4.000,-35.697,-26.443,41.000
1744538874.47,-1,0.000,0.000,0.000,1,0.000,0.000,0.000,10,0.000,0.000,0.000,0.000,1.50,1.50,-1.927,-0.473,4.000,-35.697,-26.443,41.000
1744538874.48,-1,0.000,0.000,0.000,1,0.000,0.000,0.000,10,0.000,0.000,0.000,0.000,1.50,1.20,-1.927,-0.473,4.000,-35.697,-26.443,41.000
1744538874.48,-1,0.000,0.000,0.000,1,0.000,0.000,0.000,10,0.000,0.000,0.000,0.000,1.50,1.20,-1.927,-0.473,4.000,-35.697,-26.443,41.000
1744538874.52,-1,0.000,0.000,0.000,1,0.000,0.000,0.000,10,0.000,0.000,0.000,0.000,1.50,1.20,-1.927,-0.473,4.000,-35.697,-26.443,41.000
1744538874.52,-1,0.000,0.000,0.000,1,0.000,0.000,0.000,10,0.000,0.000,0.000,0.000,1.50,1.20,-1.927,-0.473,4.000,-35.697,-26.443,41.000
1744538874.52,-1,0.000,0.000,0.000,1,0.000,0.000,0.000,10,0.000,0.000,0.000,0.000,1.50,1.20,-1.927,-0.473,4.000,-35.697,-26.443,41.000
1744538874.52,-1,0.000,0.000,0.000,1,0.000,0.000,0.000,10,0.000,0.000,0.000,0.000,1.50,1.24,-1.927,-0.473,4.000,-35.697,-26.443,41.000
1744538874.52,-1,0.000,0.000,0.000,1,0.000,0.000,0.000,10,0.000,0.000,0.000,0.000,1.50,1.24,-1.927,-0.473,4.000,-35.697,-26.443,41.000
1744538874.52,-1,0.000,0.000,0.000,1,0.000,0.000,0.000,10,0.000,0.000,0.000,0.000,1.50,1.24,-1.927,-0.473,4.000,-35.697,-26.443,41.000
1744538874.54,-1,0.000,0.000,0.000,1,0.000,0.000,0.000,10,0.000,0.000,0.000,0.000,1.50,1.24,-1.927,-0.473,4.000,-35.697,-26.443,41.000
1744538874.54,-1,0.000,0.000,0.000,1,0.000,0.000,0.000,10,0.000,0.000,0.000,0.000,1.50,1.24,-1.927,-0.473,4.000,-35.697,-26.443,41.000
1744538874.54,-1,0.000,0.000,0.000,1,0.000,0.000,0.000,10,0.000,0.000,0.000,0.000,1.50,1.46,-1.927,-0.473,4.000,-35.697,-26.443,41.000
1744538874.54,-1,0.000,0.000,0.000,1,0.000,0.000,0.000,10,0.000,0.000,0.000,0.000,1.50,1.46,-1.927,-0.473,4.000,-35.697,-26.443,41.000
1744538874.55,-1,0.000,0.000,0.000,1,0.000,0.000,0.000,10,0.000,0.000,0.000,0.000,1.50,1.46,-1.927,-0.473,4.000,-35.697,-26.443,41.000
1744538874.55,-1,0.000,0.000,0.000,1,0.000,0.000,0.000,10,0.000,0.000,0.000,0.000,1.50,1.46,-1.927,-0.473,4.000,-35.697,-26.443,41.000
1744538874.55,-1,0.000,0.000,0.000,1,0.000,0.000,0.000,10,0.000,0.000,0.000,0.000,1.50,1.46,-1.927,-0.473,4.000,-35.697,-26.443,41.000
1744538874.58,-1,0.000,0.000,0.000,1,0.000,0.000,0.000,10,0.000,0.000,0.000,0.000,1.50,1.50,-1.927,-0.473,4.000,-35.697,-26.443,41.000
1744538874.58,-1,0.000,0.000,0.000,1,0.000,0.000,0.000,10,0.000,0.000,0.000,0.000,1.50,1.50,-1.927,-0.473,4.000,-35.697,-26.443,41.000
1744538874.58,-1,0.000,0.000,0.000,1,0.000,0.000,0.000,10,0.000,0.000,0.000,0.000,1.50,1.50,-1.927,-0.473,4.000,-35.697,-26.443,41.000
1744538874.58,-1,0.000,0.000,0.000,1,0.000,0.000,0.000,10,0.000,0.000,0.000,0.000,1.50,1.50,-1.927,-0.473,4.000,-35.697,-26.443,41.000
1744538874.58,-1,0.000,0.000,0.000,1,0.000,0.000,0.000,10,0.000,0.000,0.000,0.000,1.50,1.50,-1.927,-0.473,4.000,-35.697,-26.443,41.000
1744538874.60,-1,0.000,0.000,0.000,1,0.000,0.000,0.000,10,0.000,0.000,0.000,0.000,1.50,1.50,-1.927,-0.473,4.000,-35.697,-26.443,41.000
1744538874.60,-1,0.000,0.000,0.000,1,0.000,0.000,0.000,10,0.000,0.000,0.000,0.000,1.50,1.50,-1.927,-0.473,4.000,-35.697,-26.443,41.000
1744538874.60,-1,0.000,0.000,0.000,1,0.000,0.000,0.000,10,0.000,0.000,0.000,0.000,1.50,1.50,-1.927,-0.473,4.000,-35.697,-26.443,41.000
1744538874.63,-1,0.000,0.000,0.000,1,0.000,0.000,0.000,10,0.000,0.000,0.000,0.000,1.50,1.50,-1.927,-0.473,4.000,-35.697,-26.443,41.000
1744538874.63,-1,0.000,0.000,0.000,1,0.000,0.000,0.000,10,0.000,0.000,0.000,0.000,1.50,1.50,-1.927,-0.473,4.000,-35.697,-26.443,41.000
1744538874.63,-1,0.000,0.000,0.000,1,0.000,0.000,0.000,10,0.000,0.000,0.000,0.000,1.50,1.50,-1.927,-0.473,4.000,-35.697,-26.443,41.000
1744538874.63,-1,0.000,0.000,0.000,1,0.000,0.000,0.000,10,0.000,0.000,0.000,0.000,1.50,1.50,-1.927,-0.473,4.000,-35.697,-26.443,41.000
1744538874.63,-1,0.000,0.000,0.000,1,0.000,0.000,0.000,10,0.000,0.000,0.000,0.000,1.50,1.50,-1.927,-0.473,4.000,-35.697,-26.443,41.000
1744538874.66,-1,0.000,0.000,0.000,1,0.000,0.000,0.000,10,0.000,0.000,0.000,0.000,1.50,1.50,-1.927,-0.473,4.000,-35.697,-26.443,41.000
1744538874.66,-1,0.000,0.000,0.000,1,0.000,0.000,0.000,10,0.000,0.000,0.000,0.000,1.50,1.50,-1.927,-0.473,4.000,-35.697,-26.443,41.000
1744538874.66,-1,0.000,0.000,0.000,1,0.000,0.000,0.000,10,0.000,0.000,0.000,0.000,1.50,1.50,-1.927,-0.473,4.000,-35.697,-26.443,41.000
1744538874.66,-1,0.000,0.000,0.000,1,0.000,0.000,0.000,10,0.000,0.000,0.000,0.000,1.50,1.50,-1.927,-0.473,4.000,-35.697,-26.443,41.000
1744538874.66,-1,0.000,0.000,0.000,1,0.000,0.000,0.000,10,0.000,0.000,0.000,0.000,1.50,1.50,-1.927,-0.473,4.000,-35.697,-26.443,41.000
1744538874.68,-1,0.000,0.000,0.000,1,0.000,0.000,0.000,10,0.000,0.000,0.000,0.000,1.50,1.50,-1.927,-0.473,4.000,-35.697,-26.443,41.000
1744538874.68,-1,0.000,0.000,0.000,1,0.000,0.000,0.000,10,0.000,0.000,0.000,0.000,1.50,1.50,-1.927,-0.473,4.000,-35.697,-26.443,41.000
1744538874.68,-1,0.000,0.000,0.000,1,0.000,0.000,0.000,10,0.000,0.000,0.000,0.000,1.50,1.50,-1.927,-0.473,4.000,-35.697,-26.443,41.000
1744538874.68,-1,0.000,0.000,0.000,1,0.000,0.000,0.000,10,0.000,0.000,0.000,0.000,1.50,1.50,-1.927,-0.473,4.000,-35.697,-26.443,41.000
1744538874.71,-1,0.000,0.000,0.000,1,0.000,0.000,0.000,10,0.000,0.000,0.000,0.000,1.50,1.50,-1.927,-0.473,4.000,-35.697,-26.443,41.000
1744538874.71,-1,0.000,0.000,0.000,1,0.000,0.000,0.000,10,0.000,0.000,0.000,0.000,1.50,1.50,-1.927,-0.473,4.000,-35.697,-26.443,41.000
1744538874.71,-1,0.000,0.000,0.000,1,0.000,0.000,0.000,10,0.000,0.000,0.000,0.000,1.50,1.50,-1.927,-0.473,4.000,-35.697,-26.443,41.000
1744538874.71,-1,0.000,0.000,0.000,1,0.000,0.000,0.000,10,0.000,0.000,0.000,0.000,1.50,1.50,-1.927,-0.473,4.000,-35.697,-26.443,41.000
1744538874.75,-1,0.000,0.000,0.000,2,0.000,0.000,0.000,10,0.000,0.000,0.000,0.000,1.50,1.50,-1.927,-0.473,4.000,-35.697,-26.443,41.000
1744538874.75,-1,0.000,0.000,0.000,2,0.000,0.000,0.000,10,0.000,0.000,0.000,0.000,1.50,1.50,-1.927,-0.473,4.000,-35.697,-26.443,41.000
1744538874.75,-1,0.000,0.000,0.000,2,0.000,0.000,0.000,10,0.000,0.000,0.000,0.000,1.50,1.50,-1.927,-0.473,4.000,-35.697,-26.443,41.000
1744538874.75,-1,0.000,0.000,0.000,2,0.000,0.000,0.000,10,0.000,0.000,0.000,0.000,1.50,1.50,-1.927,-0.473,4.000,-35.697,-26.443,41.000
1744538874.75,-1,0.000,0.000,0.000,2,0.000,0.000,0.000,10,0.000,0.000,0.000,0.000,1.50,1.50,-1.927,-0.473,4.000,-35.697,-26.443,41.000
1744538874.75,-1,0.000,0.000,0.000,2,0.000,0.000,0.000,10,0.000,0.000,0.000,0.000,1.50,1.50,-1.927,-0.473,4.000,-35.697,-26.443,41.000
1744538874.77,-1,0.000,0.000,0.000,2,0.000,0.000,0.000,10,0.000,0.000,0.000,0.000,1.50,1.50,-1.927,-0.473,4.000,-35.697,-26.443,41.000
1744538874.77,-1,0.000,0.000,0.000,2,0.000,0.000,0.000,10,0.000,0.000,0.000,0.000,1.50,1.50,-1.927,-0.473,4.000,-35.697,-26.443,41.000
1744538874.77,-1,0.000,0.000,0.000,2,0.000,0.000,0.000,10,0.000,0.000,0.000,0.000,1.50,1.50,-1.927,-0.473,4.000,-35.697,-26.443,41.000
1744538874.78,-1,0.000,0.000,0.000,2,0.000,0.000,0.000,10,0.000,0.000,0.000,0.000,1.50,1.22,-1.927,-0.473,4.000,-35.697,-26.443,41.000
1744538874.80,-1,0.000,0.000,0.000,2,0.000,0.000,0.000,10,0.000,0.000,0.000,0.000,1.50,1.22,-1.927,-0.473,4.000,-35.697,-26.443,41.000
1744538874.80,-1,0.000,0.000,0.000,2,0.000,0.000,0.000,10,0.000,0.000,0.000,0.000,1.50,1.22,-1.927,-0.473,4.000,-35.697,-26.443,41.000
1744538874.80,-1,0.000,0.000,0.000,2,0.000,0.000,0.000,10,0.000,0.000,0.000,0.000,1.50,1.22,-1.927,-0.473,4.000,-35.697,-26.443,41.000
1744538874.80,-1,0.000,0.000,0.000,2,0.000,0.000,0.000,10,0.000,0.000,0.000,0.000,1.50,1.22,-1.927,-0.473,4.000,-35.697,-26.443,41.000
1744538874.82,-1,0.000,0.000,0.000,2,0.000,0.000,0.000,10,0.000,0.000,0.000,0.000,1.50,1.49,-1.927,-0.473,4.000,-35.697,-26.443,41.000
1744538874.82,-1,0.000,0.000,0.000,2,0.000,0.000,0.000,10,0.000,0.000,0.000,0.000,1.50,1.49,-1.927,-0.473,4.000,-35.697,-26.443,41.000
1744538874.82,-1,0.000,0.000,0.000,2,0.000,0.000,0.000,10,0.000,0.000,0.000,0.000,1.50,1.49,-1.927,-0.473,4.000,-35.697,-26.443,41.000
1744538874.82,-1,0.000,0.000,0.000,2,0.000,0.000,0.000,10,0.000,0.000,0.000,0.000,1.50,1.49,-1.927,-0.473,4.000,-35.697,-26.443,41.000
1744538874.82,-1,0.000,0.000,0.000,2,0.000,0.000,0.000,10,0.000,0.000,0.000,0.000,1.50,1.49,-1.927,-0.473,4.000,-35.697,-26.443,41.000
# remark: robobot/cmd/ti/alive 2025-04-13 12:07:52.918866
1744538874.85,-1,0.000,0.000,0.000,2,0.000,0.000,0.000,10,0.000,0.000,0.000,0.000,1.50,1.50,-1.927,-0.473,4.000,-35.697,-26.443,41.000
1744538874.85,-1,0.000,0.000,0.000,2,0.000,0.000,0.000,10,0.000,0.000,0.000,0.000,1.50,1.50,-1.927,-0.473,4.000,-35.697,-26.443,41.000
1744538874.85,-1,0.000,0.000,0.000,2,0.000,0.000,0.000,10,0.000,0.000,0.000,0.000,1.50,1.50,-1.927,-0.473,4.000,-35.697,-26.443,41.000
1744538874.85,-1,0.000,0.000,0.000,2,0.000,0.000,0.000,10,0.000,0.000,0.000,0.000,1.50,1.50,-1.927,-0.473,4.000,-35.697,-26.443,41.000
1744538874.85,-1,0.000,0.000,0.000,2,0.000,0.000,0.000,10,0.000,0.000,0.000,0.000,1.50,1.50,-1.927,-0.473,4.000,-35.697,-26.443,41.000
1744538874.88,-1,0.000,0.000,0.000,2,0.000,0.000,0.000,10,0.000,0.000,0.000,0.000,1.50,1.49,-1.927,-0.473,4.000,-35.697,-26.443,41.000
1744538874.88,-1,0.000,0.000,0.000,2,0.000,0.000,0.000,10,0.000,0.000,0.000,0.000,1.50,1.49,-1.927,-0.473,4.000,-35.697,-26.443,41.000
1744538874.88,-1,0.000,0.000,0.000,2,0.000,0.000,0.000,10,0.000,0.000,0.000,0.000,1.50,1.49,-1.927,-0.473,4.000,-35.697,-26.443,41.000
# remark: % State change from -1 to 700
1744538874.91,-1,0.000,0.000,0.000,2,0.000,0.000,0.000,10,0.000,0.000,0.000,0.000,1.50,1.49,-1.927,-0.473,4.000,-35.697,-26.443,41.000
1744538874.91,-1,0.000,0.000,0.000,2,0.000,0.000,0.000,10,0.000,0.000,0.000,0.000,1.50,1.49,-1.927,-0.473,4.000,-35.697,-26.443,41.000
1744538874.91,-1,0.000,0.000,0.000,2,0.000,0.000,0.000,10,0.000,0.000,0.000,0.000,1.50,1.48,-1.927,-0.473,4.000,-35.697,-26.443,41.000
1744538874.91,-1,0.000,0.000,0.000,2,0.000,0.000,0.000,10,0.000,0.000,0.000,0.000,1.50,1.48,-1.927,-0.473,4.000,-35.697,-26.443,41.000
1744538874.91,-1,0.000,0.000,0.000,2,0.000,0.000,0.000,10,0.000,0.000,0.000,0.000,1.50,1.48,-1.927,-0.473,4.000,-35.697,-26.443,41.000
1744538874.93,-1,0.000,0.000,0.000,2,0.000,0.000,0.000,10,0.000,0.000,0.000,0.000,1.50,1.48,-1.927,-0.473,4.000,-35.697,-26.443,41.000
1744538874.93,-1,0.000,0.000,0.000,2,0.000,0.000,0.000,10,0.000,0.000,0.000,0.000,1.50,1.48,-1.927,-0.473,4.000,-35.697,-26.443,41.000
1744538874.93,-1,0.000,0.000,0.000,2,0.000,0.000,0.000,10,0.000,0.000,0.000,0.000,1.50,1.50,-1.927,-0.473,4.000,-35.697,-26.443,41.000
1744538874.93,-1,0.000,0.000,0.000,2,0.000,0.000,0.000,10,0.000,0.000,0.000,0.000,1.50,1.50,-1.927,-0.473,4.000,-35.697,-26.443,41.000
1744538874.95,-1,0.000,0.000,0.000,2,0.000,0.000,0.000,10,0.000,0.000,0.000,0.000,1.50,1.50,-1.927,-0.473,4.000,-35.697,-26.443,41.000
1744538874.95,-1,0.000,0.000,0.000,2,0.000,0.000,0.000,10,0.000,0.000,0.000,0.000,1.50,1.50,-1.927,-0.473,4.000,-35.697,-26.443,41.000
1744538874.95,-1,0.000,0.000,0.000,2,0.000,0.000,0.000,10,0.000,0.000,0.000,0.000,1.50,1.50,-1.927,-0.473,4.000,-35.697,-26.443,41.000
1744538874.95,-1,0.000,0.000,0.000,2,0.000,0.000,0.000,10,0.000,0.000,0.000,0.000,1.50,1.50,-1.927,-0.473,4.000,-35.697,-26.443,41.000
1744538874.98,-1,0.000,0.000,0.000,2,0.000,0.000,0.000,10,0.000,0.000,0.000,0.000,1.50,1.50,-1.927,-0.473,4.000,-35.697,-26.443,41.000
1744538874.98,-1,0.000,0.000,0.000,2,0.000,0.000,0.000,10,0.000,0.000,0.000,0.000,1.50,1.50,-1.927,-0.473,4.000,-35.697,-26.443,41.000
1744538874.98,-1,0.000,0.000,0.000,2,0.000,0.000,0.000,10,0.000,0.000,0.000,0.000,1.50,1.50,-1.927,-0.473,4.000,-35.697,-26.443,41.000
1744538874.98,-1,0.000,0.000,0.000,2,0.000,0.000,0.000,10,0.000,0.000,0.000,0.000,1.50,1.50,-1.927,-0.473,4.000,-35.697,-26.443,41.000
# remark: robobot/cmd/T0/servo 1 -900 200
# remark: robobot/cmd/T0/leds 16 0 100 0
# remark: robobot/cmd/ti/rc 0.30 0.0
1744538874.99,-1,0.000,0.000,0.000,2,0.000,0.000,0.000,10,0.000,0.000,0.000,0.000,1.50,1.50,-1.927,-0.473,4.000,-35.697,-26.443,41.000
1744538874.99,-1,0.000,0.000,0.000,2,0.000,0.000,0.000,10,0.000,0.000,0.000,0.000,1.50,1.50,-1.927,-0.473,4.000,-35.697,-26.443,41.000
1744538874.99,-1,0.000,0.000,0.000,2,0.000,0.000,0.000,10,0.000,0.000,0.000,0.000,1.50,1.50,-1.927,-0.473,4.000,-35.697,-26.443,41.000
1744538875.01,-1,0.000,0.000,0.001,2,0.000,0.000,0.000,10,0.000,0.001,0.000,0.001,1.50,1.50,-1.927,-0.473,4.000,-35.697,-26.443,41.000
1744538875.01,-1,0.000,0.000,0.001,2,0.000,0.000,0.000,10,0.000,0.001,0.000,0.001,1.50,1.50,-1.927,-0.473,4.000,-35.697,-26.443,41.000
1744538875.03,-1,0.002,0.000,-0.000,2,0.000,0.000,-0.009,10,0.000,0.000,0.000,0.000,1.50,1.50,-1.927,-0.473,4.000,-35.697,-26.443,41.000
1744538875.03,-1,0.003,0.000,-0.000,2,0.000,0.000,-0.009,10,0.000,0.000,0.000,0.000,1.50,1.50,-1.927,-0.473,4.000,-35.697,-26.443,41.000
1744538875.03,-1,0.004,0.000,-0.000,2,0.000,0.000,-0.009,10,0.000,0.000,0.000,0.000,1.50,1.50,-1.927,-0.473,4.000,-35.697,-26.443,41.000
1744538875.04,-1,0.005,-0.000,-0.001,2,0.000,0.000,-0.004,10,0.003,-0.001,0.003,-0.001,1.50,1.50,-1.927,-0.473,4.000,-35.697,-26.443,41.000
1744538875.04,-1,0.005,-0.000,-0.001,2,0.000,0.000,-0.004,10,0.003,-0.001,0.003,-0.001,1.50,1.50,-1.927,-0.473,4.000,-35.697,-26.443,41.000
1744538875.04,-1,0.007,-0.000,-0.002,2,0.000,0.000,0.070,10,0.005,-0.002,0.005,-0.002,1.50,1.50,-1.927,-0.473,4.000,-35.697,-26.443,41.000
1744538875.06,-1,0.007,-0.000,-0.002,2,0.000,0.000,0.070,10,0.005,-0.002,0.005,-0.002,1.50,1.50,-1.927,-0.473,4.000,-35.697,-26.443,41.000
1744538875.06,-1,0.008,-0.000,-0.001,2,0.000,0.000,0.070,10,0.005,-0.001,0.005,-0.001,1.50,1.50,-1.927,-0.473,4.000,-35.697,-26.443,41.000
1744538875.07,-1,0.009,-0.000,-0.002,2,0.000,0.000,0.043,10,0.007,-0.002,0.007,-0.002,1.50,1.50,-1.927,-0.473,4.000,-35.697,-26.443,41.000
1744538875.07,-1,0.009,-0.000,-0.002,2,0.000,0.000,0.043,10,0.007,-0.002,0.007,-0.002,1.50,1.50,-1.927,-0.473,4.000,-35.697,-26.443,41.000
1744538875.08,-1,0.011,-0.000,-0.002,2,0.000,0.000,0.017,10,0.009,-0.002,0.009,-0.002,1.50,1.14,-1.927,-0.473,4.000,-35.697,-26.443,41.000
1744538875.09,-1,0.012,-0.000,-0.002,2,0.000,0.000,0.017,10,0.009,-0.002,0.009,-0.002,1.50,1.14,-1.927,-0.473,4.000,-35.697,-26.443,41.000
1744538875.09,-1,0.013,-0.000,-0.002,2,0.000,0.000,0.017,10,0.009,-0.002,0.009,-0.002,1.50,1.14,-1.927,-0.473,4.000,-35.697,-26.443,41.000
1744538875.09,-1,0.015,-0.000,-0.002,2,0.000,0.000,0.017,10,0.012,-0.002,0.012,-0.002,1.50,1.14,-1.927,-0.473,4.000,-35.697,-26.443,41.000
1744538875.10,-1,0.015,-0.000,-0.002,2,0.000,0.000,0.017,10,0.012,-0.002,0.012,-0.002,1.50,1.14,-1.927,-0.473,4.000,-35.697,-26.443,41.000
1744538875.11,-1,0.018,-0.000,-0.004,2,0.000,0.000,-0.004,10,0.016,-0.004,0.016,-0.004,1.50,1.05,-1.927,-0.473,4.000,-35.697,-26.443,41.000
1744538875.12,-1,0.019,-0.000,-0.004,2,0.000,0.000,-0.004,10,0.016,-0.004,0.016,-0.004,1.50,1.05,-1.927,-0.473,4.000,-35.697,-26.443,41.000
1744538875.12,-1,0.020,-0.000,-0.005,2,0.000,0.000,-0.004,10,0.016,-0.005,0.016,-0.005,1.50,1.05,-1.927,-0.473,4.000,-35.697,-26.443,41.000
1744538875.13,-1,0.023,-0.000,-0.005,2,0.000,0.000,0.126,10,0.020,-0.005,0.020,-0.005,1.50,1.05,-1.927,-0.473,4.000,-35.697,-26.443,41.000
1744538875.13,-1,0.023,-0.000,-0.005,2,0.000,0.000,0.126,10,0.020,-0.005,0.020,-0.005,1.50,1.05,-1.927,-0.473,4.000,-35.697,-26.443,41.000
1744538875.14,-1,0.026,-0.000,-0.006,2,0.000,0.000,0.096,10,0.024,-0.006,0.024,-0.006,1.50,1.00,-1.927,-0.473,4.000,-35.697,-26.443,41.000
1744538875.14,-1,0.028,-0.000,-0.007,2,0.000,0.000,0.096,10,0.024,-0.007,0.024,-0.007,1.50,1.00,-1.927,-0.473,4.000,-35.697,-26.443,41.000
1744538875.14,-1,0.030,-0.000,-0.008,2,0.000,0.000,0.096,10,0.024,-0.008,0.024,-0.008,1.50,1.00,-1.927,-0.473,4.000,-35.697,-26.443,41.000
1744538875.16,-1,0.033,-0.000,-0.009,2,0.000,0.000,0.135,10,0.029,-0.009,0.029,-0.009,1.50,1.00,-1.927,-0.473,4.000,-35.697,-26.443,41.000
1744538875.16,-1,0.033,-0.000,-0.009,2,0.000,0.000,0.135,10,0.029,-0.009,0.029,-0.009,1.50,1.00,-1.927,-0.473,4.000,-35.697,-26.443,41.000
1744538875.18,-1,0.036,-0.000,-0.010,2,0.000,0.000,0.148,10,0.034,-0.010,0.034,-0.010,1.50,0.92,-1.927,-0.473,4.000,-35.697,-26.443,41.000
1744538875.18,-1,0.038,-0.000,-0.012,2,0.000,0.000,0.148,10,0.034,-0.012,0.034,-0.012,1.50,0.92,-1.927,-0.473,4.000,-35.697,-26.443,41.000
1744538875.18,-1,0.040,-0.000,-0.012,2,0.000,0.000,0.148,10,0.034,-0.012,0.034,-0.012,1.50,0.92,-1.927,-0.473,4.000,-35.697,-26.443,41.000
1744538875.19,-1,0.043,-0.000,-0.013,2,0.000,0.000,0.091,10,0.039,-0.013,0.039,-0.013,1.50,0.92,-1.927,-0.473,4.000,-35.697,-26.443,41.000
1744538875.19,-1,0.043,-0.000,-0.013,2,0.000,0.000,0.091,10,0.039,-0.013,0.039,-0.013,1.50,0.92,-1.927,-0.473,4.000,-35.697,-26.443,41.000
1744538875.19,-1,0.046,-0.000,-0.013,2,0.000,0.000,0.065,10,0.044,-0.013,0.044,-0.013,1.50,0.90,-1.927,-0.473,4.000,-35.697,-26.443,41.000
1744538875.21,-1,0.048,-0.000,-0.014,2,0.000,0.000,0.065,10,0.044,-0.014,0.044,-0.014,1.50,0.90,-1.927,-0.473,4.000,-35.697,-26.443,41.000
1744538875.21,-1,0.050,-0.000,-0.013,2,0.000,0.000,0.065,10,0.044,-0.013,0.044,-0.013,1.50,0.90,-1.927,-0.473,4.000,-35.697,-26.443,41.000
1744538875.22,-1,0.053,-0.000,-0.013,2,0.000,0.000,0.030,10,0.049,-0.013,0.049,-0.013,1.50,0.90,-1.927,-0.473,4.000,-35.697,-26.443,41.000
1744538875.22,-1,0.053,-0.000,-0.013,2,0.000,0.000,0.030,10,0.049,-0.013,0.049,-0.013,1.50,0.90,-1.927,-0.473,4.000,-35.697,-26.443,41.000
1744538875.24,-1,0.057,-0.000,-0.012,2,0.000,0.000,-0.052,10,0.054,-0.012,0.054,-0.012,1.50,0.95,-1.927,-0.473,4.000,-35.697,-26.443,41.000
1744538875.24,-1,0.058,-0.000,-0.010,2,0.000,0.000,-0.052,10,0.054,-0.010,0.054,-0.010,1.50,0.95,-1.927,-0.473,4.000,-35.697,-26.443,41.000
1744538875.24,-1,0.060,-0.000,-0.012,2,0.000,0.000,-0.052,10,0.054,-0.012,0.054,-0.012,1.50,0.95,-1.927,-0.473,4.000,-35.697,-26.443,41.000
1744538875.24,-1,0.063,-0.000,-0.010,2,0.000,0.000,-0.104,10,0.059,-0.010,0.059,-0.010,1.50,0.95,-1.927,-0.473,4.000,-35.697,-26.443,41.000
1744538875.24,-1,0.063,-0.000,-0.010,2,0.000,0.000,-0.104,10,0.059,-0.010,0.059,-0.010,1.50,0.95,-1.927,-0.473,4.000,-35.697,-26.443,41.000
1744538875.26,-1,0.067,-0.001,-0.010,2,0.000,0.000,-0.061,10,0.064,-0.010,0.064,-0.010,1.50,1.05,-1.927,-0.473,4.000,-35.697,-26.443,41.000
1744538875.26,-1,0.068,-0.001,-0.010,2,0.000,0.000,-0.061,10,0.064,-0.010,0.064,-0.010,1.50,1.05,-1.927,-0.473,4.000,-35.697,-26.443,41.000
1744538875.27,-1,0.070,-0.001,-0.010,2,0.000,0.000,-0.061,10,0.064,-0.010,0.064,-0.010,1.50,1.05,-1.927,-0.473,4.000,-35.697,-26.443,41.000
1744538875.28,-1,0.074,-0.001,-0.012,2,0.000,0.000,0.030,10,0.069,-0.012,0.069,-0.012,1.50,1.05,-1.927,-0.473,4.000,-35.697,-26.443,41.000
1744538875.28,-1,0.074,-0.001,-0.012,2,0.000,0.000,0.030,10,0.069,-0.012,0.069,-0.012,1.50,1.05,-1.927,-0.473,4.000,-35.697,-26.443,41.000
1744538875.29,-1,0.077,-0.001,-0.013,2,0.000,0.000,0.109,10,0.075,-0.013,0.075,-0.013,1.50,1.05,-1.927,-0.473,4.000,-35.697,-26.443,41.000
1744538875.30,-1,0.079,-0.001,-0.013,2,0.000,0.000,0.109,10,0.075,-0.013,0.075,-0.013,1.50,1.05,-1.927,-0.473,4.000,-35.697,-26.443,41.000
1744538875.30,-1,0.079,-0.001,-0.013,2,0.000,0.000,0.109,10,0.075,-0.013,0.075,-0.013,1.50,1.05,-1.927,-0.473,4.000,-35.697,-26.443,41.000
1744538875.31,-1,0.082,-0.001,-0.013,2,0.000,0.000,0.070,10,0.080,-0.013,0.080,-0.013,1.50,1.05,-1.927,-0.473,4.000,-35.697,-26.443,41.000
1744538875.31,-1,0.084,-0.001,-0.013,2,0.000,0.000,0.070,10,0.080,-0.013,0.080,-0.013,1.50,1.05,-1.927,-0.473,4.000,-35.697,-26.443,41.000
1744538875.33,-1,0.086,-0.001,-0.014,2,0.000,0.000,0.065,10,0.085,-0.014,0.085,-0.014,1.50,1.00,-1.927,-0.473,4.000,-35.697,-26.443,41.000
1744538875.33,-1,0.089,-0.001,-0.015,2,0.000,0.000,0.065,10,0.085,-0.015,0.085,-0.015,1.50,1.00,-1.927,-0.473,4.000,-35.697,-26.443,41.000
1744538875.33,-1,0.089,-0.001,-0.015,2,0.000,0.000,0.065,10,0.085,-0.015,0.085,-0.015,1.50,1.00,-1.927,-0.473,4.000,-35.697,-26.443,41.000
1744538875.34,-1,0.092,-0.001,-0.015,2,0.000,0.000,0.083,10,0.089,-0.015,0.089,-0.015,1.50,1.00,-1.927,-0.473,4.000,-35.697,-26.443,41.000
1744538875.34,-1,0.093,-0.001,-0.016,2,0.000,0.000,0.083,10,0.089,-0.016,0.089,-0.016,1.50,1.00,-1.927,-0.473,4.000,-35.697,-26.443,41.000
1744538875.35,-1,0.095,-0.001,-0.016,2,0.000,0.000,0.026,10,0.094,-0.016,0.094,-0.016,1.50,0.93,-1.927,-0.473,4.000,-35.697,-26.443,41.000
1744538875.35,-1,0.099,-0.001,-0.015,2,0.000,0.000,0.026,10,0.094,-0.015,0.094,-0.015,1.50,0.93,-1.927,-0.473,4.000,-35.697,-26.443,41.000
1744538875.36,-1,0.099,-0.001,-0.015,2,0.000,0.000,0.026,10,0.094,-0.015,0.094,-0.015,1.50,0.93,-1.927,-0.473,4.000,-35.697,-26.443,41.000
1744538875.37,-1,0.102,-0.001,-0.016,2,0.000,0.000,0.030,10,0.099,-0.016,0.099,-0.016,1.50,0.93,-1.927,-0.473,4.000,-35.697,-26.443,41.000
1744538875.37,-1,0.103,-0.001,-0.016,2,0.000,0.000,0.030,10,0.099,-0.016,0.099,-0.016,1.50,0.93,-1.927,-0.473,4.000,-35.697,-26.443,41.000
1744538875.38,-1,0.105,-0.001,-0.015,2,0.000,0.000,-0.026,10,0.104,-0.015,0.104,-0.015,1.50,1.10,-1.927,-0.473,4.000,-35.697,-26.443,41.000
1744538875.39,-1,0.108,-0.001,-0.016,2,0.000,0.000,-0.026,10,0.104,-0.016,0.104,-0.016,1.50,1.10,-1.927,-0.473,4.000,-35.697,-26.443,41.000
1744538875.39,-1,0.108,-0.001,-0.016,2,0.000,0.000,-0.026,10,0.104,-0.016,0.104,-0.016,1.50,1.10,-1.927,-0.473,4.000,-35.697,-26.443,41.000
1744538875.41,-1,0.111,-0.001,-0.015,2,0.000,0.000,-0.009,10,0.108,-0.015,0.108,-0.015,1.50,1.10,-1.927,-0.473,4.000,-35.697,-26.443,41.000
1744538875.41,-1,0.112,-0.001,-0.016,2,0.000,0.000,-0.009,10,0.108,-0.016,0.108,-0.016,1.50,1.10,-1.927,-0.473,4.000,-35.697,-26.443,41.000
1744538875.41,-1,0.114,-0.001,-0.015,2,0.000,0.000,-0.026,10,0.113,-0.015,0.113,-0.015,1.50,1.43,-1.927,-0.473,4.000,-35.697,-26.443,41.000
# remark: robobot/cmd/ti/alive 2025-04-13 12:07:52.918866
1744538875.43,-1,0.117,-0.001,-0.014,2,0.000,0.000,-0.026,10,0.113,-0.014,0.113,-0.014,1.50,1.43,-1.927,-0.473,4.000,-35.697,-26.443,41.000
1744538875.43,-1,0.117,-0.001,-0.014,2,0.000,0.000,-0.026,10,0.113,-0.014,0.113,-0.014,1.50,1.43,-1.927,-0.473,4.000,-35.697,-26.443,41.000
1744538875.43,-1,0.120,-0.001,-0.015,2,0.000,0.000,-0.039,10,0.117,-0.015,0.117,-0.015,1.50,1.43,-1.927,-0.473,4.000,-35.697,-26.443,41.000
1744538875.43,-1,0.121,-0.001,-0.014,2,0.000,0.000,-0.039,10,0.117,-0.014,0.117,-0.014,1.50,1.43,-1.927,-0.473,4.000,-35.697,-26.443,41.000
1744538875.46,-1,0.123,-0.001,-0.014,2,0.000,0.000,-0.043,10,0.122,-0.014,0.122,-0.014,1.50,1.50,-1.927,-0.473,4.000,-35.697,-26.443,41.000
1744538875.46,-1,0.126,-0.001,-0.014,2,0.000,0.000,-0.043,10,0.122,-0.014,0.122,-0.014,1.50,1.50,-1.927,-0.473,4.000,-35.697,-26.443,41.000
1744538875.46,-1,0.126,-0.001,-0.014,2,0.000,0.000,-0.043,10,0.122,-0.014,0.122,-0.014,1.50,1.50,-1.927,-0.473,4.000,-35.697,-26.443,41.000
1744538875.46,-1,0.129,-0.001,-0.014,2,0.000,0.000,-0.013,10,0.126,-0.014,0.126,-0.014,1.50,1.50,-1.927,-0.473,4.000,-35.697,-26.443,41.000
1744538875.46,-1,0.130,-0.001,-0.013,2,0.000,0.000,-0.013,10,0.126,-0.013,0.126,-0.013,1.50,1.50,-1.927,-0.473,4.000,-35.697,-26.443,41.000
1744538875.48,-1,0.132,-0.001,-0.013,2,0.000,0.000,-0.052,10,0.131,-0.013,0.131,-0.013,1.50,1.50,-1.927,-0.473,4.000,-35.697,-26.443,41.000
1744538875.48,-1,0.135,-0.001,-0.012,2,0.000,0.000,-0.052,10,0.131,-0.012,0.131,-0.012,1.50,1.50,-1.927,-0.473,4.000,-35.697,-26.443,41.000
1744538875.48,-1,0.135,-0.001,-0.012,2,0.000,0.000,-0.052,10,0.131,-0.012,0.131,-0.012,1.50,1.50,-1.927,-0.473,4.000,-35.697,-26.443,41.000
1744538875.50,-1,0.138,-0.002,-0.010,2,0.000,0.000,-0.078,10,0.135,-0.010,0.135,-0.010,1.50,1.50,-1.927,-0.473,4.000,-35.697,-26.443,41.000
1744538875.50,-1,0.139,-0.002,-0.012,2,0.000,0.000,-0.078,10,0.135,-0.012,0.135,-0.012,1.50,1.50,-1.927,-0.473,4.000,-35.697,-26.443,41.000
1744538875.50,-1,0.141,-0.002,-0.010,2,0.000,0.000,-0.083,10,0.140,-0.010,0.140,-0.010,1.50,1.43,-1.927,-0.473,4.000,-35.697,-26.443,41.000
1744538875.50,-1,0.143,-0.002,-0.010,2,0.000,0.000,-0.083,10,0.140,-0.010,0.140,-0.010,1.50,1.43,-1.927,-0.473,4.000,-35.697,-26.443,41.000
1744538875.50,-1,0.143,-0.002,-0.010,2,0.000,0.000,-0.083,10,0.140,-0.010,0.140,-0.010,1.50,1.43,-1.927,-0.473,4.000,-35.697,-26.443,41.000
1744538875.52,-1,0.146,-0.002,-0.009,2,0.000,0.000,-0.074,10,0.144,-0.009,0.144,-0.009,1.50,1.43,-1.927,-0.473,4.000,-35.697,-26.443,41.000
1744538875.52,-1,0.148,-0.002,-0.009,2,0.000,0.000,-0.074,10,0.144,-0.009,0.144,-0.009,1.50,1.43,-1.927,-0.473,4.000,-35.697,-26.443,41.000
1744538875.52,-1,0.149,-0.002,-0.009,2,0.000,0.000,-0.052,10,0.148,-0.009,0.148,-0.009,1.50,1.36,-1.927,-0.473,4.000,-35.697,-26.443,41.000
1744538875.52,-1,0.152,-0.002,-0.009,2,0.000,0.000,-0.052,10,0.148,-0.009,0.148,-0.009,1.50,1.36,-1.927,-0.473,4.000,-35.697,-26.443,41.000
1744538875.55,-1,0.152,-0.002,-0.009,2,0.000,0.000,-0.052,10,0.148,-0.009,0.148,-0.009,1.50,1.36,-1.927,-0.473,4.000,-35.697,-26.443,41.000
1744538875.55,-1,0.155,-0.002,-0.009,2,0.000,0.000,0.017,10,0.152,-0.009,0.152,-0.009,1.50,1.36,-1.927,-0.473,4.000,-35.697,-26.443,41.000
1744538875.56,-1,0.156,-0.002,-0.010,2,0.000,0.000,0.017,10,0.152,-0.010,0.152,-0.010,1.50,1.36,-1.927,-0.473,4.000,-35.697,-26.443,41.000
1744538875.56,-1,0.158,-0.002,-0.010,2,0.000,0.000,0.052,10,0.156,-0.010,0.156,-0.010,1.50,1.34,-1.927,-0.473,4.000,-35.697,-26.443,41.000
1744538875.58,-1,0.161,-0.002,-0.010,2,0.000,0.000,0.052,10,0.156,-0.010,0.156,-0.010,1.50,1.34,-1.927,-0.473,4.000,-35.697,-26.443,41.000
1744538875.58,-1,0.161,-0.002,-0.010,2,0.000,0.000,0.052,10,0.156,-0.010,0.156,-0.010,1.50,1.34,-1.927,-0.473,4.000,-35.697,-26.443,41.000
1744538875.58,-1,0.163,-0.002,-0.010,2,0.000,0.000,0.035,10,0.161,-0.010,0.161,-0.010,1.50,1.34,-1.927,-0.473,4.000,-35.697,-26.443,41.000
1744538875.58,-1,0.165,-0.002,-0.012,2,0.000,0.000,0.035,10,0.161,-0.012,0.161,-0.012,1.50,1.34,-1.927,-0.473,4.000,-35.697,-26.443,41.000
1744538875.58,-1,0.166,-0.002,-0.010,2,0.000,0.000,0.022,10,0.165,-0.010,0.165,-0.010,1.50,1.50,-1.927,-0.473,4.000,-35.697,-26.443,41.000
1744538875.61,-1,0.169,-0.002,-0.010,2,0.000,0.000,0.022,10,0.165,-0.010,0.165,-0.010,1.50,1.50,-1.927,-0.473,4.000,-35.697,-26.443,41.000
1744538875.61,-1,0.169,-0.002,-0.010,2,0.000,0.000,0.022,10,0.165,-0.010,0.165,-0.010,1.50,1.50,-1.927,-0.473,4.000,-35.697,-26.443,41.000
1744538875.61,-1,0.172,-0.002,-0.010,2,0.000,0.000,-0.017,10,0.170,-0.010,0.170,-0.010,1.50,1.50,-1.927,-0.473,4.000,-35.697,-26.443,41.000
1744538875.61,-1,0.173,-0.002,-0.010,2,0.000,0.000,-0.017,10,0.170,-0.010,0.170,-0.010,1.50,1.50,-1.927,-0.473,4.000,-35.697,-26.443,41.000
1744538875.64,-1,0.175,-0.002,-0.009,2,0.000,0.000,-0.030,10,0.174,-0.009,0.174,-0.009,1.50,1.50,-1.927,-0.473,4.000,-35.697,-26.443,41.000
1744538875.64,-1,0.178,-0.002,-0.009,2,0.000,0.000,-0.030,10,0.174,-0.009,0.174,-0.009,1.50,1.50,-1.927,-0.473,4.000,-35.697,-26.443,41.000
1744538875.64,-1,0.178,-0.002,-0.009,2,0.000,0.000,-0.030,10,0.174,-0.009,0.174,-0.009,1.50,1.50,-1.927,-0.473,4.000,-35.697,-26.443,41.000
1744538875.64,-1,0.181,-0.002,-0.009,2,0.000,0.000,-0.061,10,0.178,-0.009,0.178,-0.009,1.50,1.50,-1.927,-0.473,4.000,-35.697,-26.443,41.000
1744538875.64,-1,0.182,-0.002,-0.008,2,0.000,0.000,-0.061,10,0.178,-0.008,0.178,-0.008,1.50,1.50,-1.927,-0.473,4.000,-35.697,-26.443,41.000
1744538875.66,-1,0.184,-0.002,-0.008,2,0.000,0.000,-0.070,10,0.183,-0.008,0.183,-0.008,1.50,0.99,-1.927,-0.473,4.000,-35.697,-26.443,41.000
1744538875.66,-1,0.187,-0.002,-0.008,2,0.000,0.000,-0.070,10,0.183,-0.008,0.183,-0.008,1.50,0.99,-1.927,-0.473,4.000,-35.697,-26.443,41.000
1744538875.66,-1,0.187,-0.002,-0.008,2,0.000,0.000,-0.070,10,0.183,-0.008,0.183,-0.008,1.50,0.99,-1.927,-0.473,4.000,-35.697,-26.443,41.000
1744538875.66,-1,0.190,-0.002,-0.008,2,0.000,0.000,-0.030,10,0.187,-0.008,0.187,-0.008,1.50,0.99,-1.927,-0.473,4.000,-35.697,-26.443,41.000
1744538875.66,-1,0.191,-0.002,-0.007,2,0.000,0.000,-0.030,10,0.187,-0.007,0.187,-0.007,1.50,0.99,-1.927,-0.473,4.000,-35.697,-26.443,41.000
1744538875.70,-1,0.193,-0.002,-0.007,2,0.000,0.000,-0.026,10,0.192,-0.007,0.192,-0.007,1.50,0.95,-1.927,-0.473,4.000,-35.697,-26.443,41.000
1744538875.70,-1,0.196,-0.002,-0.007,2,0.000,0.000,-0.026,10,0.192,-0.007,0.192,-0.007,1.50,0.95,-1.927,-0.473,4.000,-35.697,-26.443,41.000
1744538875.70,-1,0.196,-0.002,-0.007,2,0.000,0.000,-0.026,10,0.192,-0.007,0.192,-0.007,1.50,0.95,-1.927,-0.473,4.000,-35.697,-26.443,41.000
1744538875.70,-1,0.199,-0.002,-0.006,2,0.000,0.000,-0.030,10,0.196,-0.006,0.196,-0.006,1.50,0.95,-1.927,-0.473,4.000,-35.697,-26.443,41.000
1744538875.70,-1,0.200,-0.002,-0.007,2,0.000,0.000,-0.030,10,0.196,-0.007,0.196,-0.007,1.50,0.95,-1.927,-0.473,4.000,-35.697,-26.443,41.000
1744538875.72,-1,0.202,-0.002,-0.007,2,0.000,0.000,-0.022,10,0.201,-0.007,0.201,-0.007,1.37,0.96,-1.927,-0.473,4.000,-35.697,-26.443,41.000
1744538875.72,-1,0.205,-0.002,-0.006,2,0.000,0.000,-0.022,10,0.201,-0.006,0.201,-0.006,1.37,0.96,-1.927,-0.473,4.000,-35.697,-26.443,41.000
1744538875.72,-1,0.205,-0.002,-0.006,2,0.000,0.000,-0.022,10,0.201,-0.006,0.201,-0.006,1.37,0.96,-1.927,-0.473,4.000,-35.697,-26.443,41.000
1744538875.72,-1,0.208,-0.002,-0.006,2,0.000,0.000,-0.043,10,0.205,-0.006,0.205,-0.006,1.37,0.96,-1.927,-0.473,4.000,-35.697,-26.443,41.000
1744538875.74,-1,0.209,-0.002,-0.005,2,0.000,0.000,-0.043,10,0.205,-0.005,0.205,-0.005,1.37,0.96,-1.927,-0.473,4.000,-35.697,-26.443,41.000
1744538875.74,-1,0.211,-0.002,-0.005,2,0.000,0.000,-0.039,10,0.210,-0.005,0.210,-0.005,0.81,0.98,-1.927,-0.473,4.000,-35.697,-26.443,41.000
1744538875.74,-1,0.214,-0.002,-0.006,2,0.000,0.000,-0.039,10,0.210,-0.006,0.210,-0.006,0.81,0.98,-1.927,-0.473,4.000,-35.697,-26.443,41.000
1744538875.74,-1,0.214,-0.002,-0.006,2,0.000,0.000,-0.039,10,0.210,-0.006,0.210,-0.006,0.81,0.98,-1.927,-0.473,4.000,-35.697,-26.443,41.000
1744538875.78,-1,0.217,-0.002,-0.005,2,0.000,0.000,-0.048,10,0.215,-0.005,0.215,-0.005,0.81,0.98,-1.927,-0.473,4.000,-35.697,-26.443,41.000
1744538875.78,-1,0.218,-0.002,-0.004,2,0.000,0.000,-0.048,10,0.215,-0.004,0.215,-0.004,0.81,0.98,-1.927,-0.473,4.000,-35.697,-26.443,41.000
1744538875.78,-1,0.220,-0.002,-0.004,2,0.000,0.000,-0.009,10,0.219,-0.004,0.219,-0.004,0.54,1.08,-1.927,-0.473,4.000,-35.697,-26.443,41.000
1744538875.78,-1,0.223,-0.002,-0.005,2,0.000,0.000,-0.009,10,0.219,-0.005,0.219,-0.005,0.54,1.08,-1.927,-0.473,4.000,-35.697,-26.443,41.000
1744538875.78,-1,0.223,-0.002,-0.005,2,0.000,0.000,-0.009,10,0.219,-0.005,0.219,-0.005,0.54,1.08,-1.927,-0.473,4.000,-35.697,-26.443,41.000
1744538875.80,-1,0.226,-0.002,-0.005,2,0.000,0.000,0.000,10,0.224,-0.005,0.224,-0.005,0.54,1.08,-1.927,-0.473,4.000,-35.697,-26.443,41.000
1744538875.80,-1,0.227,-0.002,-0.005,2,0.000,0.000,0.000,10,0.224,-0.005,0.224,-0.005,0.54,1.08,-1.927,-0.473,4.000,-35.697,-26.443,41.000
1744538875.80,-1,0.229,-0.002,-0.005,2,0.000,0.000,-0.035,10,0.228,-0.005,0.228,-0.005,0.48,1.13,-1.927,-0.473,4.000,-35.697,-26.443,41.000
1744538875.80,-1,0.232,-0.002,-0.004,2,0.000,0.000,-0.035,10,0.228,-0.004,0.228,-0.004,0.48,1.13,-1.927,-0.473,4.000,-35.697,-26.443,41.000
1744538875.80,-1,0.232,-0.002,-0.004,2,0.000,0.000,-0.035,10,0.228,-0.004,0.228,-0.004,0.48,1.13,-1.927,-0.473,4.000,-35.697,-26.443,41.000
1744538875.80,-1,0.235,-0.002,-0.004,2,0.000,0.000,-0.035,10,0.233,-0.004,0.233,-0.004,0.48,1.13,-1.927,-0.473,4.000,-35.697,-26.443,41.000
1744538875.80,-1,0.236,-0.002,-0.002,2,0.000,0.000,-0.035,10,0.233,-0.002,0.233,-0.002,0.48,1.13,-1.927,-0.473,4.000,-35.697,-26.443,41.000
1744538875.84,-1,0.238,-0.002,-0.002,2,0.000,0.000,-0.035,10,0.237,-0.002,0.237,-0.002,0.57,1.10,-1.927,-0.473,4.000,-35.697,-26.443,41.000
1744538875.84,-1,0.241,-0.002,-0.002,2,0.000,0.000,-0.035,10,0.237,-0.002,0.237,-0.002,0.57,1.10,-1.927,-0.473,4.000,-35.697,-26.443,41.000
1744538875.84,-1,0.241,-0.002,-0.002,2,0.000,0.000,-0.035,10,0.237,-0.002,0.237,-0.002,0.57,1.10,-1.927,-0.473,4.000,-35.697,-26.443,41.000
1744538875.85,-1,0.244,-0.002,-0.001,2,0.000,0.000,-0.043,10,0.242,-0.001,0.242,-0.001,0.57,1.10,-1.927,-0.473,4.000,-35.697,-26.443,41.000
1744538875.87,-1,0.245,-0.002,-0.002,2,0.000,0.000,-0.043,10,0.242,-0.002,0.242,-0.002,0.57,1.10,-1.927,-0.473,4.000,-35.697,-26.443,41.000
1744538875.87,-1,0.247,-0.002,-0.001,2,0.000,0.000,-0.017,10,0.246,-0.001,0.246,-0.001,0.94,1.01,-1.927,-0.473,4.000,-35.697,-26.443,41.000
1744538875.87,-1,0.250,-0.002,-0.002,2,0.000,0.000,-0.017,10,0.246,-0.002,0.246,-0.002,0.94,1.01,-1.927,-0.473,4.000,-35.697,-26.443,41.000
1744538875.87,-1,0.250,-0.002,-0.002,2,0.000,0.000,-0.017,10,0.246,-0.002,0.246,-0.002,0.94,1.01,-1.927,-0.473,4.000,-35.697,-26.443,41.000
1744538875.97,-1,0.253,-0.002,-0.001,2,0.000,0.000,-0.004,10,0.251,-0.001,0.251,-0.001,0.94,1.01,-1.927,-0.473,4.000,-35.697,-26.443,41.000
1744538875.97,-1,0.255,-0.002,-0.002,2,0.000,0.000,-0.004,10,0.251,-0.002,0.251,-0.002,0.94,1.01,-1.927,-0.473,4.000,-35.697,-26.443,41.000
1744538875.98,-1,0.256,-0.002,-0.002,2,0.000,0.000,-0.009,10,0.255,-0.002,0.255,-0.002,1.50,0.92,-1.927,-0.473,4.000,-35.697,-26.443,41.000
1744538875.98,-1,0.259,-0.002,-0.002,2,0.000,0.000,-0.009,10,0.255,-0.002,0.255,-0.002,1.50,0.92,-1.927,-0.473,4.000,-35.697,-26.443,41.000
1744538875.98,-1,0.259,-0.002,-0.002,2,0.000,0.000,-0.009,10,0.255,-0.002,0.255,-0.002,1.50,0.92,-1.927,-0.473,4.000,-35.697,-26.443,41.000
1744538875.98,-1,0.263,-0.002,-0.002,2,0.000,0.000,0.004,10,0.260,-0.002,0.260,-0.002,1.50,0.92,-1.927,-0.473,4.000,-35.697,-26.443,41.000
1744538875.98,-1,0.264,-0.002,-0.002,2,0.000,0.000,0.004,10,0.260,-0.002,0.260,-0.002,1.50,0.92,-1.927,-0.473,4.000,-35.697,-26.443,41.000
1744538875.98,-1,0.265,-0.002,-0.002,2,0.000,0.000,0.013,10,0.264,-0.002,0.264,-0.002,1.50,0.93,-1.927,-0.473,4.000,-35.697,-26.443,41.000
1744538875.98,-1,0.268,-0.002,-0.002,2,0.000,0.000,0.013,10,0.264,-0.002,0.264,-0.002,1.50,0.93,-1.927,-0.473,4.000,-35.697,-26.443,41.000
1744538875.98,-1,0.268,-0.002,-0.002,2,0.000,0.000,0.013,10,0.264,-0.002,0.264,-0.002,1.50,0.93,-1.927,-0.473,4.000,-35.697,-26.443,41.000
1744538875.98,-1,0.272,-0.002,-0.002,2,0.000,0.000,0.013,10,0.269,-0.002,0.269,-0.002,1.50,0.93,-1.927,-0.473,4.000,-35.697,-26.443,41.000
1744538875.98,-1,0.273,-0.002,-0.002,2,0.000,0.000,0.013,10,0.269,-0.002,0.269,-0.002,1.50,0.93,-1.927,-0.473,4.000,-35.697,-26.443,41.000
1744538875.98,-1,0.274,-0.002,-0.002,2,0.000,0.000,-0.004,10,0.273,-0.002,0.273,-0.002,1.50,1.06,-1.927,-0.473,4.000,-35.697,-26.443,41.000
1744538875.98,-1,0.277,-0.002,-0.002,2,0.000,0.000,-0.004,10,0.273,-0.002,0.273,-0.002,1.50,1.06,-1.927,-0.473,4.000,-35.697,-26.443,41.000
1744538875.98,-1,0.277,-0.002,-0.002,2,0.000,0.000,-0.004,10,0.273,-0.002,0.273,-0.002,1.50,1.06,-1.927,-0.473,4.000,-35.697,-26.443,41.000
1744538875.98,-1,0.281,-0.002,-0.002,2,0.000,0.000,-0.004,10,0.278,-0.002,0.278,-0.002,1.50,1.06,-1.927,-0.473,4.000,-35.697,-26.443,41.000
1744538875.98,-1,0.282,-0.002,-0.002,2,0.000,0.000,-0.004,10,0.278,-0.002,0.278,-0.002,1.50,1.06,-1.927,-0.473,4.000,-35.697,-26.443,41.000
1744538875.98,-1,0.284,-0.002,-0.002,2,0.000,0.000,-0.013,10,0.282,-0.002,0.282,-0.002,1.50,0.91,-1.927,-0.473,4.000,-35.697,-26.443,41.000
1744538875.98,-1,0.286,-0.002,-0.002,2,0.000,0.000,-0.013,10,0.282,-0.002,0.282,-0.002,1.50,0.91,-1.927,-0.473,4.000,-35.697,-26.443,41.000
# remark: robobot/cmd/ti/alive 2025-04-13 12:07:52.918866
1744538876.00,-1,0.286,-0.002,-0.002,2,0.000,0.000,-0.013,10,0.282,-0.002,0.282,-0.002,1.50,0.91,-1.927,-0.473,4.000,-35.697,-26.443,41.000
1744538876.01,-1,0.290,-0.002,-0.001,2,0.000,0.000,-0.009,10,0.287,-0.001,0.287,-0.001,1.50,0.91,-1.927,-0.473,4.000,-35.697,-26.443,41.000
1744538876.01,-1,0.291,-0.002,-0.002,2,0.000,0.000,-0.009,10,0.287,-0.002,0.287,-0.002,1.50,0.91,-1.927,-0.473,4.000,-35.697,-26.443,41.000
1744538876.01,-1,0.292,-0.002,-0.001,2,0.000,0.000,0.004,10,0.291,-0.001,0.291,-0.001,1.50,0.88,-1.927,-0.473,4.000,-35.697,-26.443,41.000
1744538876.02,-1,0.296,-0.002,-0.002,2,0.000,0.000,0.004,10,0.291,-0.002,0.291,-0.002,1.50,0.88,-1.927,-0.473,4.000,-35.697,-26.443,41.000
1744538876.02,-1,0.296,-0.002,-0.002,2,0.000,0.000,0.004,10,0.291,-0.002,0.291,-0.002,1.50,0.88,-1.927,-0.473,4.000,-35.697,-26.443,41.000
1744538876.02,-1,0.298,-0.002,-0.002,2,0.000,0.000,-0.017,10,0.296,-0.002,0.296,-0.002,1.50,0.88,-1.927,-0.473,4.000,-35.697,-26.443,41.000
1744538876.02,-1,0.300,-0.002,-0.001,2,0.000,0.000,-0.017,10,0.296,-0.001,0.296,-0.001,1.50,0.88,-1.927,-0.473,4.000,-35.697,-26.443,41.000
1744538876.06,-1,0.301,-0.002,-0.001,2,0.000,0.000,-0.022,10,0.300,-0.001,0.300,-0.001,1.50,0.86,-1.927,-0.473,4.000,-35.697,-26.443,41.000
1744538876.06,-1,0.304,-0.002,-0.001,2,0.000,0.000,-0.022,10,0.300,-0.001,0.300,-0.001,1.50,0.86,-1.927,-0.473,4.000,-35.697,-26.443,41.000
1744538876.06,-1,0.304,-0.002,-0.001,2,0.000,0.000,-0.022,10,0.300,-0.001,0.300,-0.001,1.50,0.86,-1.927,-0.473,4.000,-35.697,-26.443,41.000
1744538876.06,-1,0.307,-0.002,-0.001,2,0.000,0.000,-0.009,10,0.305,-0.001,0.305,-0.001,1.50,0.86,-1.927,-0.473,4.000,-35.697,-26.443,41.000
1744538876.06,-1,0.309,-0.002,-0.001,2,0.000,0.000,-0.009,10,0.305,-0.001,0.305,-0.001,1.50,0.86,-1.927,-0.473,4.000,-35.697,-26.443,41.000
1744538876.08,-1,0.311,-0.002,-0.001,2,0.000,0.000,0.000,10,0.309,-0.001,0.309,-0.001,1.50,0.99,-1.927,-0.473,4.000,-35.697,-26.443,41.000
1744538876.08,-1,0.313,-0.002,-0.001,2,0.000,0.000,0.000,10,0.309,-0.001,0.309,-0.001,1.50,0.99,-1.927,-0.473,4.000,-35.697,-26.443,41.000
1744538876.08,-1,0.313,-0.002,-0.001,2,0.000,0.000,0.000,10,0.309,-0.001,0.309,-0.001,1.50,0.99,-1.927,-0.473,4.000,-35.697,-26.443,41.000
1744538876.11,-1,0.316,-0.002,-0.001,2,0.000,0.000,0.004,10,0.314,-0.001,0.314,-0.001,1.50,0.99,-1.927,-0.473,4.000,-35.697,-26.443,41.000
1744538876.11,-1,0.318,-0.002,-0.001,2,0.000,0.000,0.004,10,0.314,-0.001,0.314,-0.001,1.50,0.99,-1.927,-0.473,4.000,-35.697,-26.443,41.000
1744538876.11,-1,0.319,-0.002,-0.001,2,0.000,0.000,-0.013,10,0.318,-0.001,0.318,-0.001,1.50,0.99,-1.927,-0.473,4.000,-35.697,-26.443,41.000
1744538876.11,-1,0.322,-0.002,-0.000,2,0.000,0.000,-0.013,10,0.318,0.000,0.318,0.000,1.50,0.99,-1.927,-0.473,4.000,-35.697,-26.443,41.000
1744538876.11,-1,0.322,-0.002,-0.000,2,0.000,0.000,-0.013,10,0.318,0.000,0.318,0.000,1.50,0.99,-1.927,-0.473,4.000,-35.697,-26.443,41.000
1744538876.13,-1,0.325,-0.002,-0.000,2,0.000,0.000,-0.013,10,0.323,0.000,0.323,0.000,1.50,0.99,-1.927,-0.473,4.000,-35.697,-26.443,41.000
1744538876.13,-1,0.326,-0.002,-0.001,2,0.000,0.000,-0.013,10,0.323,-0.001,0.323,-0.001,1.50,0.99,-1.927,-0.473,4.000,-35.697,-26.443,41.000
1744538876.13,-1,0.328,-0.002,-0.000,2,0.000,0.000,-0.039,10,0.327,0.000,0.327,0.000,1.50,0.93,-1.927,-0.473,4.000,-35.697,-26.443,41.000
1744538876.13,-1,0.331,-0.002,-0.000,2,0.000,0.000,-0.039,10,0.327,0.000,0.327,0.000,1.50,0.93,-1.927,-0.473,4.000,-35.697,-26.443,41.000
1744538876.14,-1,0.331,-0.002,-0.000,2,0.000,0.000,-0.039,10,0.327,0.000,0.327,0.000,1.50,0.93,-1.927,-0.473,4.000,-35.697,-26.443,41.000
1744538876.15,-1,0.334,-0.002,0.001,2,0.000,0.000,-0.043,10,0.332,0.001,0.332,0.001,1.50,0.93,-1.927,-0.473,4.000,-35.697,-26.443,41.000
1744538876.15,-1,0.335,-0.002,-0.000,2,0.000,0.000,-0.043,10,0.332,0.000,0.332,0.000,1.50,0.93,-1.927,-0.473,4.000,-35.697,-26.443,41.000
1744538876.16,-1,0.337,-0.002,-0.000,2,0.000,0.000,0.004,10,0.336,0.000,0.336,0.000,1.50,0.82,-1.927,-0.473,4.000,-35.697,-26.443,41.000
1744538876.18,-1,0.340,-0.002,-0.000,2,0.000,0.000,0.004,10,0.336,0.000,0.336,0.000,1.50,0.82,-1.927,-0.473,4.000,-35.697,-26.443,41.000
1744538876.18,-1,0.340,-0.002,-0.000,2,0.000,0.000,0.004,10,0.336,0.000,0.336,0.000,1.50,0.82,-1.927,-0.473,4.000,-35.697,-26.443,41.000
1744538876.18,-1,0.343,-0.002,0.001,2,0.000,0.000,-0.022,10,0.341,0.001,0.341,0.001,1.50,0.82,-1.927,-0.473,4.000,-35.697,-26.443,41.000
1744538876.18,-1,0.344,-0.002,0.001,2,0.000,0.000,-0.022,10,0.341,0.001,0.341,0.001,1.50,0.82,-1.927,-0.473,4.000,-35.697,-26.443,41.000
1744538876.19,-1,0.346,-0.002,-0.000,2,0.000,0.000,-0.013,10,0.345,0.000,0.345,0.000,1.50,0.98,-1.927,-0.473,4.000,-35.697,-26.443,41.000
1744538876.21,-1,0.349,-0.002,-0.000,2,0.000,0.000,-0.013,10,0.345,0.000,0.345,0.000,1.50,0.98,-1.927,-0.473,4.000,-35.697,-26.443,41.000
1744538876.21,-1,0.349,-0.002,-0.000,2,0.000,0.000,-0.013,10,0.345,0.000,0.345,0.000,1.50,0.98,-1.927,-0.473,4.000,-35.697,-26.443,41.000
1744538876.21,-1,0.352,-0.002,0.001,2,0.000,0.000,0.004,10,0.349,0.001,0.349,0.001,1.50,0.98,-1.927,-0.473,4.000,-35.697,-26.443,41.000
1744538876.21,-1,0.353,-0.002,0.001,2,0.000,0.000,0.004,10,0.349,0.001,0.349,0.001,1.50,0.98,-1.927,-0.473,4.000,-35.697,-26.443,41.000
1744538876.22,-1,0.355,-0.002,0.001,2,0.000,0.000,-0.009,10,0.354,0.001,0.354,0.001,1.50,1.11,-1.927,-0.473,4.000,-35.697,-26.443,41.000
1744538876.24,-1,0.358,-0.002,-0.000,2,0.000,0.000,-0.009,10,0.354,0.000,0.354,0.000,1.50,1.11,-1.927,-0.473,4.000,-35.697,-26.443,41.000
1744538876.24,-1,0.358,-0.002,-0.000,2,0.000,0.000,-0.009,10,0.354,0.000,0.354,0.000,1.50,1.11,-1.927,-0.473,4.000,-35.697,-26.443,41.000
1744538876.24,-1,0.361,-0.002,-0.000,2,0.000,0.000,0.022,10,0.358,0.000,0.358,0.000,1.50,1.11,-1.927,-0.473,4.000,-35.697,-26.443,41.000
1744538876.24,-1,0.363,-0.002,0.001,2,0.000,0.000,0.022,10,0.358,0.001,0.358,0.001,1.50,1.11,-1.927,-0.473,4.000,-35.697,-26.443,41.000
1744538876.25,-1,0.364,-0.002,-0.000,2,0.000,0.000,-0.013,10,0.363,0.000,0.363,0.000,1.50,1.21,-1.927,-0.473,4.000,-35.697,-26.443,41.000
1744538876.27,-1,0.367,-0.002,-0.000,2,0.000,0.000,-0.013,10,0.363,0.000,0.363,0.000,1.50,1.21,-1.927,-0.473,4.000,-35.697,-26.443,41.000
1744538876.27,-1,0.367,-0.002,-0.000,2,0.000,0.000,-0.013,10,0.363,0.000,0.363,0.000,1.50,1.21,-1.927,-0.473,4.000,-35.697,-26.443,41.000
1744538876.27,-1,0.370,-0.002,0.001,2,0.000,0.000,-0.017,10,0.367,0.001,0.367,0.001,1.50,1.21,-1.927,-0.473,4.000,-35.697,-26.443,41.000
1744538876.27,-1,0.372,-0.002,0.001,2,0.000,0.000,-0.017,10,0.367,0.001,0.367,0.001,1.50,1.21,-1.927,-0.473,4.000,-35.697,-26.443,41.000
1744538876.30,-1,0.373,-0.002,0.001,2,0.000,0.000,-0.017,10,0.372,0.001,0.372,0.001,1.50,1.16,-1.927,-0.473,4.000,-35.697,-26.443,41.000
1744538876.30,-1,0.376,-0.002,0.001,2,0.000,0.000,-0.017,10,0.372,0.001,0.372,0.001,1.50,1.16,-1.927,-0.473,4.000,-35.697,-26.443,41.000
1744538876.30,-1,0.376,-0.002,0.001,2,0.000,0.000,-0.017,10,0.372,0.001,0.372,0.001,1.50,1.16,-1.927,-0.473,4.000,-35.697,-26.443,41.000
1744538876.30,-1,0.379,-0.002,0.001,2,0.000,0.000,0.009,10,0.376,0.001,0.376,0.001,1.50,1.16,-1.927,-0.473,4.000,-35.697,-26.443,41.000
1744538876.30,-1,0.381,-0.002,0.001,2,0.000,0.000,0.009,10,0.376,0.001,0.376,0.001,1.50,1.16,-1.927,-0.473,4.000,-35.697,-26.443,41.000
1744538876.31,-1,0.382,-0.002,-0.000,2,0.000,0.000,0.022,10,0.381,0.000,0.381,0.000,1.50,1.05,-1.927,-0.473,4.000,-35.697,-26.443,41.000
1744538876.32,-1,0.385,-0.002,0.001,2,0.000,0.000,0.022,10,0.381,0.001,0.381,0.001,1.50,1.05,-1.927,-0.473,4.000,-35.697,-26.443,41.000
1744538876.32,-1,0.385,-0.002,0.001,2,0.000,0.000,0.022,10,0.381,0.001,0.381,0.001,1.50,1.05,-1.927,-0.473,4.000,-35.697,-26.443,41.000
1744538876.32,-1,0.388,-0.002,0.001,2,0.000,0.000,0.004,10,0.385,0.001,0.385,0.001,1.50,1.05,-1.927,-0.473,4.000,-35.697,-26.443,41.000
1744538876.32,-1,0.390,-0.002,-0.000,2,0.000,0.000,0.004,10,0.385,0.000,0.385,0.000,1.50,1.05,-1.927,-0.473,4.000,-35.697,-26.443,41.000
1744538876.36,-1,0.391,-0.002,-0.000,2,0.000,0.000,0.017,10,0.390,0.000,0.390,0.000,1.50,0.84,-1.927,-0.473,4.000,-35.697,-26.443,41.000
1744538876.36,-1,0.394,-0.002,-0.000,2,0.000,0.000,0.017,10,0.390,0.000,0.390,0.000,1.50,0.84,-1.927,-0.473,4.000,-35.697,-26.443,41.000
1744538876.36,-1,0.394,-0.002,-0.000,2,0.000,0.000,0.017,10,0.390,0.000,0.390,0.000,1.50,0.84,-1.927,-0.473,4.000,-35.697,-26.443,41.000
1744538876.36,-1,0.397,-0.002,-0.001,2,0.000,0.000,0.039,10,0.395,-0.001,0.395,-0.001,1.50,0.84,-1.927,-0.473,4.000,-35.697,-26.443,41.000
1744538876.36,-1,0.399,-0.002,-0.000,2,0.000,0.000,0.039,10,0.395,0.000,0.395,0.000,1.50,0.84,-1.927,-0.473,4.000,-35.697,-26.443,41.000
1744538876.39,-1,0.400,-0.002,-0.001,2,0.000,0.000,0.026,10,0.399,-0.001,0.399,-0.001,1.50,0.91,-1.927,-0.473,4.000,-35.697,-26.443,41.000
1744538876.39,-1,0.403,-0.002,-0.000,2,0.000,0.000,0.026,10,0.399,0.000,0.399,0.000,1.50,0.91,-1.927,-0.473,4.000,-35.697,-26.443,41.000
1744538876.39,-1,0.403,-0.002,-0.000,2,0.000,0.000,0.026,10,0.399,0.000,0.399,0.000,1.50,0.91,-1.927,-0.473,4.000,-35.697,-26.443,41.000
1744538876.39,-1,0.406,-0.002,-0.001,2,0.000,0.000,0.017,10,0.404,-0.001,0.404,-0.001,1.50,0.91,-1.927,-0.473,4.000,-35.697,-26.443,41.000
1744538876.39,-1,0.408,-0.002,-0.001,2,0.000,0.000,0.017,10,0.404,-0.001,0.404,-0.001,1.50,0.91,-1.927,-0.473,4.000,-35.697,-26.443,41.000
1744538876.41,-1,0.409,-0.002,-0.001,2,0.000,0.000,0.013,10,0.408,-0.001,0.408,-0.001,1.50,1.00,-1.927,-0.473,4.000,-35.697,-26.443,41.000
1744538876.41,-1,0.412,-0.002,-0.001,2,0.000,0.000,0.013,10,0.408,-0.001,0.408,-0.001,1.50,1.00,-1.927,-0.473,4.000,-35.697,-26.443,41.000
1744538876.41,-1,0.412,-0.002,-0.001,2,0.000,0.000,0.013,10,0.408,-0.001,0.408,-0.001,1.50,1.00,-1.927,-0.473,4.000,-35.697,-26.443,41.000
1744538876.41,-1,0.415,-0.002,-0.001,2,0.000,0.000,0.022,10,0.413,-0.001,0.413,-0.001,1.50,1.00,-1.927,-0.473,4.000,-35.697,-26.443,41.000
1744538876.41,-1,0.417,-0.002,-0.001,2,0.000,0.000,0.022,10,0.413,-0.001,0.413,-0.001,1.50,1.00,-1.927,-0.473,4.000,-35.697,-26.443,41.000
1744538876.45,-1,0.418,-0.002,-0.002,2,0.000,0.000,0.004,10,0.417,-0.002,0.417,-0.002,1.50,1.09,-1.927,-0.473,4.000,-35.697,-26.443,41.000
1744538876.45,-1,0.421,-0.002,-0.001,2,0.000,0.000,0.004,10,0.417,-0.001,0.417,-0.001,1.50,1.09,-1.927,-0.473,4.000,-35.697,-26.443,41.000
1744538876.45,-1,0.421,-0.002,-0.001,2,0.000,0.000,0.004,10,0.417,-0.001,0.417,-0.001,1.50,1.09,-1.927,-0.473,4.000,-35.697,-26.443,41.000
1744538876.45,-1,0.424,-0.002,-0.001,2,0.000,0.000,-0.004,10,0.422,-0.001,0.422,-0.001,1.50,1.09,-1.927,-0.473,4.000,-35.697,-26.443,41.000
1744538876.45,-1,0.426,-0.002,-0.001,2,0.000,0.000,-0.004,10,0.422,-0.001,0.422,-0.001,1.50,1.09,-1.927,-0.473,4.000,-35.697,-26.443,41.000
1744538876.48,-1,0.427,-0.002,-0.002,2,0.000,0.000,0.009,10,0.426,-0.002,0.426,-0.002,1.50,1.06,-1.927,-0.473,4.000,-35.697,-26.443,41.000
1744538876.48,-1,0.430,-0.002,-0.002,2,0.000,0.000,0.009,10,0.426,-0.002,0.426,-0.002,1.50,1.06,-1.927,-0.473,4.000,-35.697,-26.443,41.000
1744538876.48,-1,0.430,-0.002,-0.002,2,0.000,0.000,0.009,10,0.426,-0.002,0.426,-0.002,1.50,1.06,-1.927,-0.473,4.000,-35.697,-26.443,41.000
1744538876.48,-1,0.433,-0.002,-0.001,2,0.000,0.000,0.004,10,0.431,-0.001,0.431,-0.001,1.50,1.06,-1.927,-0.473,4.000,-35.697,-26.443,41.000
1744538876.48,-1,0.435,-0.002,-0.001,2,0.000,0.000,0.004,10,0.431,-0.001,0.431,-0.001,1.50,1.06,-1.927,-0.473,4.000,-35.697,-26.443,41.000
1744538876.49,-1,0.436,-0.002,-0.002,2,0.000,0.000,0.009,10,0.435,-0.002,0.435,-0.002,1.50,0.92,-1.927,-0.473,4.000,-35.697,-26.443,41.000
1744538876.50,-1,0.439,-0.002,-0.002,2,0.000,0.000,0.009,10,0.435,-0.002,0.435,-0.002,1.50,0.92,-1.927,-0.473,4.000,-35.697,-26.443,41.000
1744538876.50,-1,0.439,-0.002,-0.002,2,0.000,0.000,0.009,10,0.435,-0.002,0.435,-0.002,1.50,0.92,-1.927,-0.473,4.000,-35.697,-26.443,41.000
1744538876.51,-1,0.442,-0.002,-0.001,2,0.000,0.000,0.009,10,0.440,-0.001,0.440,-0.001,1.50,0.92,-1.927,-0.473,4.000,-35.697,-26.443,41.000
1744538876.53,-1,0.444,-0.002,-0.002,2,0.000,0.000,0.009,10,0.440,-0.002,0.440,-0.002,1.50,0.92,-1.927,-0.473,4.000,-35.697,-26.443,41.000
1744538876.53,-1,0.446,-0.002,-0.002,2,0.000,0.000,0.009,10,0.444,-0.002,0.444,-0.002,1.50,0.83,-1.927,-0.473,4.000,-35.697,-26.443,41.000
1744538876.53,-1,0.448,-0.002,-0.002,2,0.000,0.000,0.009,10,0.444,-0.002,0.444,-0.002,1.50,0.83,-1.927,-0.473,4.000,-35.697,-26.443,41.000
1744538876.53,-1,0.448,-0.002,-0.002,2,0.000,0.000,0.009,10,0.444,-0.002,0.444,-0.002,1.50,0.83,-1.927,-0.473,4.000,-35.697,-26.443,41.000
1744538876.54,-1,0.451,-0.002,-0.002,2,0.000,0.000,0.004,10,0.449,-0.002,0.449,-0.002,1.50,0.83,-1.927,-0.473,4.000,-35.697,-26.443,41.000
1744538876.54,-1,0.453,-0.002,-0.002,2,0.000,0.000,0.004,10,0.449,-0.002,0.449,-0.002,1.50,0.83,-1.927,-0.473,4.000,-35.697,-26.443,41.000
1744538876.54,-1,0.454,-0.002,-0.001,2,0.000,0.000,-0.017,10,0.454,-0.001,0.454,-0.001,1.50,1.03,-1.927,-0.473,4.000,-35.697,-26.443,41.000
1744538876.55,-1,0.457,-0.002,-0.002,2,0.000,0.000,-0.017,10,0.454,-0.002,0.454,-0.002,1.50,1.03,-1.927,-0.473,4.000,-35.697,-26.443,41.000
# remark: robobot/cmd/ti/rc 0.0 0.0
1744538876.57,-1,0.457,-0.002,-0.002,2,0.000,0.000,-0.017,10,0.454,-0.002,0.454,-0.002,1.50,1.03,-1.927,-0.473,4.000,-35.697,-26.443,41.000
1744538876.58,-1,0.460,-0.002,-0.002,2,0.000,0.000,-0.004,10,0.458,-0.002,0.458,-0.002,1.50,1.03,-1.927,-0.473,4.000,-35.697,-26.443,41.000
1744538876.58,-1,0.462,-0.002,-0.002,2,0.000,0.000,-0.004,10,0.458,-0.002,0.458,-0.002,1.50,1.03,-1.927,-0.473,4.000,-35.697,-26.443,41.000
1744538876.58,-1,0.463,-0.002,-0.001,2,0.000,0.000,-0.004,10,0.463,-0.001,0.463,-0.001,1.50,0.99,-1.927,-0.473,4.000,-35.697,-26.443,41.000
# remark: robobot/cmd/ti/alive 2025-04-13 12:07:52.918866
1744538876.60,-1,0.466,-0.002,-0.001,2,0.000,0.000,-0.004,10,0.463,-0.001,0.463,-0.001,1.50,0.99,-1.927,-0.473,4.000,-35.697,-26.443,41.000
1744538876.60,-1,0.466,-0.002,-0.001,2,0.000,0.000,-0.004,10,0.463,-0.001,0.463,-0.001,1.50,0.99,-1.927,-0.473,4.000,-35.697,-26.443,41.000
1744538876.60,-1,0.469,-0.002,-0.001,2,0.000,0.000,-0.004,10,0.467,-0.001,0.467,-0.001,1.50,0.99,-1.927,-0.473,4.000,-35.697,-26.443,41.000
1744538876.60,-1,0.471,-0.002,-0.001,2,0.000,0.000,-0.004,10,0.467,-0.001,0.467,-0.001,1.50,0.99,-1.927,-0.473,4.000,-35.697,-26.443,41.000
1744538876.60,-1,0.471,-0.002,-0.001,2,0.000,0.000,0.061,10,0.471,-0.001,0.471,-0.001,1.50,0.94,-1.927,-0.473,4.000,-35.697,-26.443,41.000
1744538876.63,-1,0.472,-0.002,-0.002,2,0.000,0.000,0.061,10,0.471,-0.002,0.471,-0.002,1.50,0.94,-1.927,-0.473,4.000,-35.697,-26.443,41.000
1744538876.63,-1,0.472,-0.002,-0.002,2,0.000,0.000,0.061,10,0.471,-0.002,0.471,-0.002,1.50,0.94,-1.927,-0.473,4.000,-35.697,-26.443,41.000
1744538876.63,-1,0.473,-0.002,-0.000,2,0.000,0.000,-0.013,10,0.472,0.000,0.472,0.000,1.50,0.94,-1.927,-0.473,4.000,-35.697,-26.443,41.000
1744538876.63,-1,0.474,-0.002,0.001,2,0.000,0.000,-0.013,10,0.472,0.001,0.472,0.001,1.50,0.94,-1.927,-0.473,4.000,-35.697,-26.443,41.000
1744538876.64,-1,0.475,-0.002,0.001,2,0.000,0.000,-0.178,10,0.474,0.001,0.474,0.001,1.50,0.88,-1.927,-0.473,4.000,-35.697,-26.443,41.000
1744538876.66,-1,0.477,-0.002,-0.000,2,0.000,0.000,-0.178,10,0.474,0.000,0.474,0.000,1.50,0.88,-1.927,-0.473,4.000,-35.697,-26.443,41.000
1744538876.66,-1,0.477,-0.002,-0.000,2,0.000,0.000,-0.178,10,0.474,0.000,0.474,0.000,1.50,0.88,-1.927,-0.473,4.000,-35.697,-26.443,41.000
1744538876.66,-1,0.478,-0.002,-0.001,2,0.000,0.000,0.013,10,0.477,-0.001,0.477,-0.001,1.50,0.88,-1.927,-0.473,4.000,-35.697,-26.443,41.000
1744538876.66,-1,0.478,-0.002,-0.001,2,0.000,0.000,0.013,10,0.477,-0.001,0.477,-0.001,1.50,0.88,-1.927,-0.473,4.000,-35.697,-26.443,41.000
1744538876.69,-1,0.478,-0.002,-0.001,2,0.000,0.000,0.057,10,0.479,-0.001,0.479,-0.001,1.50,0.96,-1.927,-0.473,4.000,-35.697,-26.443,41.000
1744538876.69,-1,0.478,-0.002,-0.002,2,0.000,0.000,0.057,10,0.479,-0.002,0.479,-0.002,1.50,0.96,-1.927,-0.473,4.000,-35.697,-26.443,41.000
1744538876.69,-1,0.478,-0.002,-0.002,2,0.000,0.000,0.057,10,0.479,-0.002,0.479,-0.002,1.50,0.96,-1.927,-0.473,4.000,-35.697,-26.443,41.000
1744538876.69,-1,0.479,-0.002,-0.005,2,0.000,0.000,0.026,10,0.479,-0.005,0.479,-0.005,1.50,0.96,-1.927,-0.473,4.000,-35.697,-26.443,41.000
1744538876.69,-1,0.479,-0.002,-0.006,2,0.000,0.000,0.026,10,0.479,-0.006,0.479,-0.006,1.50,0.96,-1.927,-0.473,4.000,-35.697,-26.443,41.000
1744538876.71,-1,0.479,-0.002,-0.006,2,0.000,0.000,0.043,10,0.480,-0.006,0.480,-0.006,1.50,1.10,-1.927,-0.473,4.000,-35.697,-26.443,41.000
1744538876.71,-1,0.479,-0.002,-0.006,2,0.000,0.000,0.043,10,0.480,-0.006,0.480,-0.006,1.50,1.10,-1.927,-0.473,4.000,-35.697,-26.443,41.000
1744538876.71,-1,0.479,-0.002,-0.006,2,0.000,0.000,0.043,10,0.480,-0.006,0.480,-0.006,1.50,1.10,-1.927,-0.473,4.000,-35.697,-26.443,41.000
1744538876.71,-1,0.479,-0.002,-0.007,2,0.000,0.000,0.070,10,0.480,-0.007,0.480,-0.007,1.50,1.10,-1.927,-0.473,4.000,-35.697,-26.443,41.000
1744538876.71,-1,0.479,-0.002,-0.007,2,0.000,0.000,0.070,10,0.480,-0.007,0.480,-0.007,1.50,1.10,-1.927,-0.473,4.000,-35.697,-26.443,41.000
1744538876.75,-1,0.479,-0.002,-0.007,2,0.000,0.000,0.130,10,0.481,-0.007,0.481,-0.007,1.50,1.18,-1.927,-0.473,4.000,-35.697,-26.443,41.000
1744538876.75,-1,0.479,-0.002,-0.007,2,0.000,0.000,0.130,10,0.481,-0.007,0.481,-0.007,1.50,1.18,-1.927,-0.473,4.000,-35.697,-26.443,41.000
1744538876.75,-1,0.479,-0.002,-0.007,2,0.000,0.000,0.130,10,0.481,-0.007,0.481,-0.007,1.50,1.18,-1.927,-0.473,4.000,-35.697,-26.443,41.000
1744538876.75,-1,0.479,-0.002,-0.007,2,0.000,0.000,0.065,10,0.481,-0.007,0.481,-0.007,1.50,1.18,-1.927,-0.473,4.000,-35.697,-26.443,41.000
1744538876.75,-1,0.479,-0.002,-0.007,2,0.000,0.000,0.065,10,0.481,-0.007,0.481,-0.007,1.50,1.18,-1.927,-0.473,4.000,-35.697,-26.443,41.000
1744538876.77,-1,0.479,-0.002,-0.007,2,0.000,0.000,0.039,10,0.481,-0.007,0.481,-0.007,1.50,1.22,-1.927,-0.473,4.000,-35.697,-26.443,41.000
1744538876.77,-1,0.478,-0.002,-0.007,2,0.000,0.000,0.039,10,0.481,-0.007,0.481,-0.007,1.50,1.22,-1.927,-0.473,4.000,-35.697,-26.443,41.000
1744538876.77,-1,0.478,-0.002,-0.007,2,0.000,0.000,0.039,10,0.481,-0.007,0.481,-0.007,1.50,1.22,-1.927,-0.473,4.000,-35.697,-26.443,41.000
1744538876.77,-1,0.478,-0.002,-0.007,2,0.000,0.000,0.039,10,0.481,-0.007,0.481,-0.007,1.50,1.22,-1.927,-0.473,4.000,-35.697,-26.443,41.000
1744538876.79,-1,0.478,-0.002,-0.007,2,0.000,0.000,0.039,10,0.481,-0.007,0.481,-0.007,1.50,1.22,-1.927,-0.473,4.000,-35.697,-26.443,41.000
1744538876.79,-1,0.478,-0.002,-0.006,2,0.000,0.000,0.009,10,0.481,-0.006,0.481,-0.006,1.50,1.18,-1.927,-0.473,4.000,-35.697,-26.443,41.000
1744538876.79,-1,0.477,-0.002,-0.005,2,0.000,0.000,0.009,10,0.481,-0.005,0.481,-0.005,1.50,1.18,-1.927,-0.473,4.000,-35.697,-26.443,41.000
1744538876.79,-1,0.477,-0.002,-0.005,2,0.000,0.000,0.009,10,0.481,-0.005,0.481,-0.005,1.50,1.18,-1.927,-0.473,4.000,-35.697,-26.443,41.000
1744538876.82,-1,0.477,-0.002,-0.002,2,0.000,0.000,-0.039,10,0.481,-0.002,0.481,-0.002,1.50,1.18,-1.927,-0.473,4.000,-35.697,-26.443,41.000
1744538876.82,-1,0.477,-0.002,-0.001,2,0.000,0.000,-0.039,10,0.481,-0.001,0.481,-0.001,1.50,1.18,-1.927,-0.473,4.000,-35.697,-26.443,41.000
1744538876.82,-1,0.476,-0.002,-0.001,2,0.000,0.000,-0.257,10,0.480,-0.001,0.480,-0.001,1.50,1.10,-1.927,-0.473,4.000,-35.697,-26.443,41.000
1744538876.82,-1,0.475,-0.002,-0.001,2,0.000,0.000,-0.257,10,0.480,-0.001,0.480,-0.001,1.50,1.10,-1.927,-0.473,4.000,-35.697,-26.443,41.000
1744538876.82,-1,0.475,-0.002,-0.001,2,0.000,0.000,-0.257,10,0.480,-0.001,0.480,-0.001,1.50,1.10,-1.927,-0.473,4.000,-35.697,-26.443,41.000
1744538876.85,-1,0.475,-0.002,-0.000,2,0.000,0.000,-0.152,10,0.479,0.000,0.479,0.000,1.50,1.10,-1.927,-0.473,4.000,-35.697,-26.443,41.000
1744538876.85,-1,0.475,-0.002,-0.000,2,0.000,0.000,-0.152,10,0.479,0.000,0.479,0.000,1.50,1.10,-1.927,-0.473,4.000,-35.697,-26.443,41.000
1744538876.85,-1,0.475,-0.002,-0.000,2,0.000,0.000,-0.030,10,0.478,0.000,0.478,0.000,1.50,0.86,-1.927,-0.473,4.000,-35.697,-26.443,41.000
1744538876.87,-1,0.475,-0.002,-0.000,2,0.000,0.000,-0.030,10,0.478,0.000,0.478,0.000,1.50,0.86,-1.927,-0.473,4.000,-35.697,-26.443,41.000
1744538876.87,-1,0.475,-0.002,-0.000,2,0.000,0.000,-0.030,10,0.478,0.000,0.478,0.000,1.50,0.86,-1.927,-0.473,4.000,-35.697,-26.443,41.000
1744538876.87,-1,0.475,-0.002,-0.000,2,0.000,0.000,-0.013,10,0.478,0.000,0.478,0.000,1.50,0.86,-1.927,-0.473,4.000,-35.697,-26.443,41.000
1744538876.87,-1,0.475,-0.002,-0.000,2,0.000,0.000,-0.013,10,0.478,0.000,0.478,0.000,1.50,0.86,-1.927,-0.473,4.000,-35.697,-26.443,41.000
1744538876.87,-1,0.475,-0.002,-0.000,2,0.000,0.000,-0.009,10,0.477,0.000,0.477,0.000,1.50,0.87,-1.927,-0.473,4.000,-35.697,-26.443,41.000
1744538876.89,-1,0.475,-0.002,-0.000,2,0.000,0.000,-0.009,10,0.477,0.000,0.477,0.000,1.50,0.87,-1.927,-0.473,4.000,-35.697,-26.443,41.000
1744538876.89,-1,0.475,-0.002,-0.000,2,0.000,0.000,-0.009,10,0.477,0.000,0.477,0.000,1.50,0.87,-1.927,-0.473,4.000,-35.697,-26.443,41.000
1744538876.89,-1,0.475,-0.002,-0.000,2,0.000,0.000,-0.004,10,0.477,0.000,0.477,0.000,1.50,0.87,-1.927,-0.473,4.000,-35.697,-26.443,41.000
1744538876.89,-1,0.475,-0.002,-0.000,2,0.000,0.000,-0.004,10,0.477,0.000,0.477,0.000,1.50,0.87,-1.927,-0.473,4.000,-35.697,-26.443,41.000
1744538876.93,-1,0.475,-0.002,-0.001,2,0.000,0.000,0.017,10,0.477,-0.001,0.477,-0.001,1.50,0.90,-1.927,-0.473,4.000,-35.697,-26.443,41.000
1744538876.93,-1,0.475,-0.002,-0.001,2,0.000,0.000,0.017,10,0.477,-0.001,0.477,-0.001,1.50,0.90,-1.927,-0.473,4.000,-35.697,-26.443,41.000
1744538876.93,-1,0.475,-0.002,-0.001,2,0.000,0.000,0.017,10,0.477,-0.001,0.477,-0.001,1.50,0.90,-1.927,-0.473,4.000,-35.697,-26.443,41.000
1744538876.93,-1,0.476,-0.002,-0.001,2,0.000,0.000,0.017,10,0.477,-0.001,0.477,-0.001,1.50,0.90,-1.927,-0.473,4.000,-35.697,-26.443,41.000
1744538876.93,-1,0.476,-0.002,-0.000,2,0.000,0.000,0.017,10,0.477,0.000,0.477,0.000,1.50,0.90,-1.927,-0.473,4.000,-35.697,-26.443,41.000
1744538876.96,-1,0.476,-0.002,-0.000,2,0.000,0.000,0.009,10,0.477,0.000,0.477,0.000,1.50,1.13,-1.927,-0.473,4.000,-35.697,-26.443,41.000
1744538876.96,-1,0.476,-0.002,-0.000,2,0.000,0.000,0.009,10,0.477,0.000,0.477,0.000,1.50,1.13,-1.927,-0.473,4.000,-35.697,-26.443,41.000
1744538876.96,-1,0.476,-0.002,-0.000,2,0.000,0.000,0.009,10,0.477,0.000,0.477,0.000,1.50,1.13,-1.927,-0.473,4.000,-35.697,-26.443,41.000
1744538876.96,-1,0.476,-0.002,-0.000,2,0.000,0.000,0.009,10,0.477,0.000,0.477,0.000,1.50,1.13,-1.927,-0.473,4.000,-35.697,-26.443,41.000
1744538876.96,-1,0.476,-0.002,-0.000,2,0.000,0.000,0.009,10,0.477,0.000,0.477,0.000,1.50,1.13,-1.927,-0.473,4.000,-35.697,-26.443,41.000
1744538876.99,-1,0.476,-0.002,-0.000,2,0.000,0.000,0.009,10,0.477,0.000,0.477,0.000,1.50,0.93,-1.927,-0.473,4.000,-35.697,-26.443,41.000
1744538876.99,-1,0.476,-0.002,-0.000,2,0.000,0.000,0.009,10,0.477,0.000,0.477,0.000,1.50,0.93,-1.927,-0.473,4.000,-35.697,-26.443,41.000
1744538876.99,-1,0.476,-0.002,-0.000,2,0.000,0.000,0.009,10,0.477,0.000,0.477,0.000,1.50,0.93,-1.927,-0.473,4.000,-35.697,-26.443,41.000
1744538876.99,-1,0.476,-0.002,-0.000,2,0.000,0.000,0.013,10,0.477,0.000,0.477,0.000,1.50,0.93,-1.927,-0.473,4.000,-35.697,-26.443,41.000
1744538876.99,-1,0.476,-0.002,-0.000,2,0.000,0.000,0.013,10,0.477,0.000,0.477,0.000,1.50,0.93,-1.927,-0.473,4.000,-35.697,-26.443,41.000
1744538877.00,-1,0.476,-0.002,-0.000,2,0.000,0.000,0.013,10,0.477,0.000,0.477,0.000,1.50,0.90,-1.927,-0.473,4.000,-35.697,-26.443,41.000
1744538877.00,-1,0.476,-0.002,-0.000,2,0.000,0.000,0.013,10,0.477,0.000,0.477,0.000,1.50,0.90,-1.927,-0.473,4.000,-35.697,-26.443,41.000
1744538877.00,-1,0.476,-0.002,-0.000,2,0.000,0.000,0.013,10,0.477,0.000,0.477,0.000,1.50,0.90,-1.927,-0.473,4.000,-35.697,-26.443,41.000
1744538877.00,-1,0.476,-0.002,-0.000,2,0.000,0.000,0.013,10,0.477,0.000,0.477,0.000,1.50,0.90,-1.927,-0.473,4.000,-35.697,-26.443,41.000
1744538877.00,-1,0.476,-0.002,-0.000,2,0.000,0.000,0.013,10,0.477,0.000,0.477,0.000,1.50,0.90,-1.927,-0.473,4.000,-35.697,-26.443,41.000
1744538877.04,-1,0.476,-0.002,-0.000,2,0.000,0.000,0.004,10,0.478,0.000,0.478,0.000,1.50,1.07,-1.927,-0.473,4.000,-35.697,-26.443,41.000
1744538877.04,-1,0.476,-0.002,-0.000,2,0.000,0.000,0.004,10,0.478,0.000,0.478,0.000,1.50,1.07,-1.927,-0.473,4.000,-35.697,-26.443,41.000
1744538877.04,-1,0.476,-0.002,-0.000,2,0.000,0.000,0.004,10,0.478,0.000,0.478,0.000,1.50,1.07,-1.927,-0.473,4.000,-35.697,-26.443,41.000
1744538877.06,-1,0.476,-0.002,-0.000,2,0.000,0.000,0.000,10,0.478,0.000,0.478,0.000,1.50,1.07,-1.927,-0.473,4.000,-35.697,-26.443,41.000
1744538877.06,-1,0.476,-0.002,0.001,2,0.000,0.000,0.000,10,0.478,0.001,0.478,0.001,1.50,1.07,-1.927,-0.473,4.000,-35.697,-26.443,41.000
1744538877.06,-1,0.476,-0.002,0.001,2,0.000,0.000,-0.013,10,0.478,0.001,0.478,0.001,1.50,1.05,-1.927,-0.473,4.000,-35.697,-26.443,41.000
1744538877.06,-1,0.476,-0.002,0.001,2,0.000,0.000,-0.013,10,0.478,0.001,0.478,0.001,1.50,1.05,-1.927,-0.473,4.000,-35.697,-26.443,41.000
1744538877.06,-1,0.476,-0.002,0.001,2,0.000,0.000,-0.013,10,0.478,0.001,0.478,0.001,1.50,1.05,-1.927,-0.473,4.000,-35.697,-26.443,41.000
1744538877.08,-1,0.476,-0.002,0.001,2,0.000,0.000,-0.013,10,0.478,0.001,0.478,0.001,1.50,1.05,-1.927,-0.473,4.000,-35.697,-26.443,41.000
1744538877.08,-1,0.476,-0.002,0.001,2,0.000,0.000,-0.013,10,0.478,0.001,0.478,0.001,1.50,1.05,-1.927,-0.473,4.000,-35.697,-26.443,41.000
1744538877.08,-1,0.476,-0.002,0.001,2,0.000,0.000,-0.013,10,0.478,0.001,0.478,0.001,1.50,1.18,-1.927,-0.473,4.000,-35.697,-26.443,41.000
1744538877.11,-1,0.476,-0.002,0.001,2,0.000,0.000,-0.013,10,0.478,0.001,0.478,0.001,1.50,1.18,-1.927,-0.473,4.000,-35.697,-26.443,41.000
1744538877.11,-1,0.476,-0.002,0.001,2,0.000,0.000,-0.013,10,0.478,0.001,0.478,0.001,1.50,1.18,-1.927,-0.473,4.000,-35.697,-26.443,41.000
1744538877.11,-1,0.476,-0.002,0.001,2,0.000,0.000,-0.013,10,0.478,0.001,0.478,0.001,1.50,1.18,-1.927,-0.473,4.000,-35.697,-26.443,41.000
1744538877.11,-1,0.476,-0.002,0.001,2,0.000,0.000,-0.013,10,0.478,0.001,0.478,0.001,1.50,1.18,-1.927,-0.473,4.000,-35.697,-26.443,41.000
1744538877.12,-1,0.476,-0.002,0.001,2,0.000,0.000,-0.009,10,0.478,0.001,0.478,0.001,1.50,1.34,-1.927,-0.473,4.000,-35.697,-26.443,41.000
1744538877.14,-1,0.476,-0.002,0.001,2,0.000,0.000,-0.009,10,0.478,0.001,0.478,0.001,1.50,1.34,-1.927,-0.473,4.000,-35.697,-26.443,41.000
1744538877.14,-1,0.476,-0.002,0.001,2,0.000,0.000,-0.009,10,0.478,0.001,0.478,0.001,1.50,1.34,-1.927,-0.473,4.000,-35.697,-26.443,41.000
1744538877.14,-1,0.476,-0.002,0.001,2,0.000,0.000,-0.004,10,0.478,0.001,0.478,0.001,1.50,1.34,-1.927,-0.473,4.000,-35.697,-26.443,41.000
1744538877.14,-1,0.476,-0.002,0.001,2,0.000,0.000,-0.004,10,0.478,0.001,0.478,0.001,1.50,1.34,-1.927,-0.473,4.000,-35.697,-26.443,41.000
1744538877.15,-1,0.476,-0.002,0.001,2,0.000,0.000,0.000,10,0.478,0.001,0.478,0.001,1.50,1.11,-1.927,-0.473,4.000,-35.697,-26.443,41.000
# remark: robobot/cmd/ti/alive 2025-04-13 12:07:52.918866
1744538877.17,-1,0.476,-0.002,0.001,2,0.000,0.000,0.000,10,0.478,0.001,0.478,0.001,1.50,1.11,-1.927,-0.473,4.000,-35.697,-26.443,41.000
1744538877.17,-1,0.476,-0.002,0.001,2,0.000,0.000,0.000,10,0.478,0.001,0.478,0.001,1.50,1.11,-1.927,-0.473,4.000,-35.697,-26.443,41.000
1744538877.17,-1,0.476,-0.002,0.001,2,0.000,0.000,0.000,10,0.478,0.001,0.478,0.001,1.50,1.11,-1.927,-0.473,4.000,-35.697,-26.443,41.000
1744538877.17,-1,0.476,-0.002,0.001,2,0.000,0.000,0.000,10,0.478,0.001,0.478,0.001,1.50,1.11,-1.927,-0.473,4.000,-35.697,-26.443,41.000
1744538877.18,-1,0.476,-0.002,0.001,2,0.000,0.000,0.000,10,0.478,0.001,0.478,0.001,1.50,1.02,-1.927,-0.473,4.000,-35.697,-26.443,41.000
1744538877.20,-1,0.476,-0.002,0.001,2,0.000,0.000,0.000,10,0.478,0.001,0.478,0.001,1.50,1.02,-1.927,-0.473,4.000,-35.697,-26.443,41.000
1744538877.20,-1,0.476,-0.002,0.001,2,0.000,0.000,0.000,10,0.478,0.001,0.478,0.001,1.50,1.02,-1.927,-0.473,4.000,-35.697,-26.443,41.000
1744538877.20,-1,0.476,-0.002,0.001,2,0.000,0.000,-0.004,10,0.478,0.001,0.478,0.001,1.50,1.02,-1.927,-0.473,4.000,-35.697,-26.443,41.000
1744538877.20,-1,0.476,-0.002,0.001,2,0.000,0.000,-0.004,10,0.478,0.001,0.478,0.001,1.50,1.02,-1.927,-0.473,4.000,-35.697,-26.443,41.000
1744538877.21,-1,0.476,-0.002,0.001,2,0.000,0.000,-0.009,10,0.478,0.001,0.478,0.001,1.50,0.94,-1.927,-0.473,4.000,-35.697,-26.443,41.000
1744538877.22,-1,0.476,-0.002,0.001,2,0.000,0.000,-0.009,10,0.478,0.001,0.478,0.001,1.50,0.94,-1.927,-0.473,4.000,-35.697,-26.443,41.000
1744538877.22,-1,0.476,-0.002,0.001,2,0.000,0.000,-0.009,10,0.478,0.001,0.478,0.001,1.50,0.94,-1.927,-0.473,4.000,-35.697,-26.443,41.000
1744538877.22,-1,0.476,-0.002,0.001,2,0.000,0.000,-0.009,10,0.478,0.001,0.478,0.001,1.50,0.94,-1.927,-0.473,4.000,-35.697,-26.443,41.000
1744538877.22,-1,0.476,-0.002,0.001,2,0.000,0.000,-0.009,10,0.478,0.001,0.478,0.001,1.50,0.94,-1.927,-0.473,4.000,-35.697,-26.443,41.000
1744538877.26,-1,0.476,-0.002,0.001,2,0.000,0.000,0.000,10,0.478,0.001,0.478,0.001,1.50,0.74,-1.927,-0.473,4.000,-35.697,-26.443,41.000
1744538877.26,-1,0.476,-0.002,0.001,2,0.000,0.000,0.000,10,0.478,0.001,0.478,0.001,1.50,0.74,-1.927,-0.473,4.000,-35.697,-26.443,41.000
1744538877.26,-1,0.476,-0.002,0.001,2,0.000,0.000,0.000,10,0.478,0.001,0.478,0.001,1.50,0.74,-1.927,-0.473,4.000,-35.697,-26.443,41.000
1744538877.26,-1,0.476,-0.002,0.001,2,0.000,0.000,0.000,10,0.478,0.001,0.478,0.001,1.50,0.74,-1.927,-0.473,4.000,-35.697,-26.443,41.000
1744538877.26,-1,0.476,-0.002,0.001,2,0.000,0.000,0.000,10,0.478,0.001,0.478,0.001,1.50,0.74,-1.927,-0.473,4.000,-35.697,-26.443,41.000
1744538877.28,-1,0.476,-0.002,0.001,2,0.000,0.000,0.000,10,0.478,0.001,0.478,0.001,1.50,0.75,-1.927,-0.473,4.000,-35.697,-26.443,41.000
1744538877.28,-1,0.476,-0.002,0.001,2,0.000,0.000,0.000,10,0.478,0.001,0.478,0.001,1.50,0.75,-1.927,-0.473,4.000,-35.697,-26.443,41.000
1744538877.28,-1,0.476,-0.002,0.001,2,0.000,0.000,0.000,10,0.478,0.001,0.478,0.001,1.50,0.75,-1.927,-0.473,4.000,-35.697,-26.443,41.000
1744538877.31,-1,0.476,-0.002,0.001,2,0.000,0.000,0.000,10,0.478,0.001,0.478,0.001,1.50,0.75,-1.927,-0.473,4.000,-35.697,-26.443,41.000
1744538877.31,-1,0.476,-0.002,0.001,2,0.000,0.000,0.000,10,0.478,0.001,0.478,0.001,1.50,0.75,-1.927,-0.473,4.000,-35.697,-26.443,41.000
1744538877.31,-1,0.476,-0.002,0.001,2,0.000,0.000,0.000,10,0.479,0.001,0.479,0.001,1.50,0.77,-1.927,-0.473,4.000,-35.697,-26.443,41.000
1744538877.31,-1,0.476,-0.002,0.001,2,0.000,0.000,0.000,10,0.479,0.001,0.479,0.001,1.50,0.77,-1.927,-0.473,4.000,-35.697,-26.443,41.000
1744538877.31,-1,0.476,-0.002,0.001,2,0.000,0.000,0.000,10,0.479,0.001,0.479,0.001,1.50,0.77,-1.927,-0.473,4.000,-35.697,-26.443,41.000
1744538877.33,-1,0.476,-0.002,0.001,2,0.000,0.000,0.000,10,0.479,0.001,0.479,0.001,1.50,0.77,-1.927,-0.473,4.000,-35.697,-26.443,41.000
1744538877.33,-1,0.476,-0.002,0.001,2,0.000,0.000,0.000,10,0.479,0.001,0.479,0.001,1.50,0.77,-1.927,-0.473,4.000,-35.697,-26.443,41.000
1744538877.33,-1,0.476,-0.002,0.001,2,0.000,0.000,0.000,10,0.479,0.001,0.479,0.001,1.50,0.85,-1.927,-0.473,4.000,-35.697,-26.443,41.000
1744538877.33,-1,0.476,-0.002,0.001,2,0.000,0.000,0.000,10,0.479,0.001,0.479,0.001,1.50,0.85,-1.927,-0.473,4.000,-35.697,-26.443,41.000
1744538877.34,-1,0.476,-0.002,0.001,2,0.000,0.000,0.000,10,0.479,0.001,0.479,0.001,1.50,0.85,-1.927,-0.473,4.000,-35.697,-26.443,41.000
1744538877.36,-1,0.476,-0.002,0.001,2,0.000,0.000,0.000,10,0.479,0.001,0.479,0.001,1.50,0.85,-1.927,-0.473,4.000,-35.697,-26.443,41.000
1744538877.36,-1,0.476,-0.002,0.001,2,0.000,0.000,0.000,10,0.479,0.001,0.479,0.001,1.50,0.85,-1.927,-0.473,4.000,-35.697,-26.443,41.000
1744538877.36,-1,0.476,-0.002,0.001,2,0.000,0.000,0.000,10,0.479,0.001,0.479,0.001,1.50,1.02,-1.927,-0.473,4.000,-35.697,-26.443,41.000
1744538877.37,-1,0.476,-0.002,0.001,2,0.000,0.000,0.000,10,0.479,0.001,0.479,0.001,1.50,1.02,-1.927,-0.473,4.000,-35.697,-26.443,41.000
1744538877.37,-1,0.476,-0.002,0.001,2,0.000,0.000,0.000,10,0.479,0.001,0.479,0.001,1.50,1.02,-1.927,-0.473,4.000,-35.697,-26.443,41.000
1744538877.39,-1,0.476,-0.002,0.001,2,0.000,0.000,0.000,10,0.479,0.001,0.479,0.001,1.50,1.02,-1.927,-0.473,4.000,-35.697,-26.443,41.000
1744538877.39,-1,0.476,-0.002,0.001,2,0.000,0.000,0.000,10,0.479,0.001,0.479,0.001,1.50,1.02,-1.927,-0.473,4.000,-35.697,-26.443,41.000
1744538877.39,-1,0.476,-0.002,0.001,2,0.000,0.000,0.000,10,0.479,0.001,0.479,0.001,1.50,1.03,-1.927,-0.473,4.000,-35.697,-26.443,41.000
1744538877.41,-1,0.476,-0.002,0.001,2,0.000,0.000,0.000,10,0.479,0.001,0.479,0.001,1.50,1.03,-1.927,-0.473,4.000,-35.697,-26.443,41.000
1744538877.41,-1,0.476,-0.002,0.001,2,0.000,0.000,0.000,10,0.479,0.001,0.479,0.001,1.50,1.03,-1.927,-0.473,4.000,-35.697,-26.443,41.000
1744538877.41,-1,0.476,-0.002,0.001,2,0.000,0.000,0.000,10,0.479,0.001,0.479,0.001,1.50,1.03,-1.927,-0.473,4.000,-35.697,-26.443,41.000
1744538877.41,-1,0.476,-0.002,0.001,2,0.000,0.000,0.000,10,0.479,0.001,0.479,0.001,1.50,1.03,-1.927,-0.473,4.000,-35.697,-26.443,41.000
1744538877.41,-1,0.476,-0.002,0.001,2,0.000,0.000,-0.004,10,0.479,0.001,0.479,0.001,1.50,0.85,-1.927,-0.473,4.000,-35.697,-26.443,41.000
1744538877.44,-1,0.476,-0.002,0.001,2,0.000,0.000,-0.004,10,0.479,0.001,0.479,0.001,1.50,0.85,-1.927,-0.473,4.000,-35.697,-26.443,41.000
1744538877.44,-1,0.476,-0.002,0.001,2,0.000,0.000,-0.004,10,0.479,0.001,0.479,0.001,1.50,0.85,-1.927,-0.473,4.000,-35.697,-26.443,41.000
1744538877.44,-1,0.476,-0.002,0.001,2,0.000,0.000,-0.013,10,0.479,0.001,0.479,0.001,1.50,0.85,-1.927,-0.473,4.000,-35.697,-26.443,41.000
1744538877.44,-1,0.476,-0.002,0.001,2,0.000,0.000,-0.013,10,0.479,0.001,0.479,0.001,1.50,0.85,-1.927,-0.473,4.000,-35.697,-26.443,41.000
1744538877.46,-1,0.476,-0.002,0.001,2,0.000,0.000,-0.009,10,0.479,0.001,0.479,0.001,1.50,0.86,-1.927,-0.473,4.000,-35.697,-26.443,41.000
1744538877.46,-1,0.476,-0.002,0.001,2,0.000,0.000,-0.009,10,0.479,0.001,0.479,0.001,1.50,0.86,-1.927,-0.473,4.000,-35.697,-26.443,41.000
1744538877.46,-1,0.476,-0.002,0.001,2,0.000,0.000,-0.009,10,0.479,0.001,0.479,0.001,1.50,0.86,-1.927,-0.473,4.000,-35.697,-26.443,41.000
1744538877.47,-1,0.476,-0.002,0.001,2,0.000,0.000,-0.009,10,0.479,0.001,0.479,0.001,1.50,0.86,-1.927,-0.473,4.000,-35.697,-26.443,41.000
1744538877.47,-1,0.476,-0.002,0.001,2,0.000,0.000,-0.009,10,0.479,0.001,0.479,0.001,1.50,0.86,-1.927,-0.473,4.000,-35.697,-26.443,41.000
1744538877.49,-1,0.476,-0.002,0.001,2,0.000,0.000,-0.009,10,0.479,0.001,0.479,0.001,1.50,0.87,-1.927,-0.473,4.000,-35.697,-26.443,41.000
1744538877.49,-1,0.476,-0.002,0.001,2,0.000,0.000,-0.009,10,0.479,0.001,0.479,0.001,1.50,0.87,-1.927,-0.473,4.000,-35.697,-26.443,41.000
1744538877.49,-1,0.476,-0.002,0.001,2,0.000,0.000,-0.009,10,0.479,0.001,0.479,0.001,1.50,0.87,-1.927,-0.473,4.000,-35.697,-26.443,41.000
1744538877.49,-1,0.476,-0.002,0.001,2,0.000,0.000,-0.009,10,0.479,0.001,0.479,0.001,1.50,0.87,-1.927,-0.473,4.000,-35.697,-26.443,41.000
1744538877.49,-1,0.476,-0.002,0.001,2,0.000,0.000,-0.009,10,0.479,0.001,0.479,0.001,1.50,0.87,-1.927,-0.473,4.000,-35.697,-26.443,41.000
1744538877.53,-1,0.476,-0.002,0.001,2,0.000,0.000,-0.009,10,0.479,0.001,0.479,0.001,1.50,0.86,-1.927,-0.473,4.000,-35.697,-26.443,41.000
1744538877.53,-1,0.476,-0.002,0.001,2,0.000,0.000,-0.009,10,0.479,0.001,0.479,0.001,1.50,0.86,-1.927,-0.473,4.000,-35.697,-26.443,41.000
1744538877.53,-1,0.476,-0.002,0.001,2,0.000,0.000,-0.009,10,0.479,0.001,0.479,0.001,1.50,0.86,-1.927,-0.473,4.000,-35.697,-26.443,41.000
1744538877.53,-1,0.476,-0.002,0.001,2,0.000,0.000,-0.009,10,0.479,0.001,0.479,0.001,1.50,0.86,-1.927,-0.473,4.000,-35.697,-26.443,41.000
1744538877.54,-1,0.476,-0.002,0.001,2,0.000,0.000,-0.009,10,0.479,0.001,0.479,0.001,1.50,0.86,-1.927,-0.473,4.000,-35.697,-26.443,41.000
1744538877.56,-1,0.476,-0.002,0.001,2,0.000,0.000,-0.009,10,0.479,0.001,0.479,0.001,1.50,0.79,-1.927,-0.473,4.000,-35.697,-26.443,41.000
1744538877.56,-1,0.476,-0.002,0.001,2,0.000,0.000,-0.009,10,0.479,0.001,0.479,0.001,1.50,0.79,-1.927,-0.473,4.000,-35.697,-26.443,41.000
1744538877.56,-1,0.476,-0.002,0.001,2,0.000,0.000,-0.009,10,0.479,0.001,0.479,0.001,1.50,0.79,-1.927,-0.473,4.000,-35.697,-26.443,41.000
1744538877.56,-1,0.476,-0.002,0.001,2,0.000,0.000,-0.004,10,0.479,0.001,0.479,0.001,1.50,0.79,-1.927,-0.473,4.000,-35.697,-26.443,41.000
1744538877.56,-1,0.476,-0.002,0.001,2,0.000,0.000,-0.004,10,0.479,0.001,0.479,0.001,1.50,0.79,-1.927,-0.473,4.000,-35.697,-26.443,41.000
1744538877.59,-1,0.476,-0.002,0.001,2,0.000,0.000,0.000,10,0.479,0.001,0.479,0.001,1.50,0.86,-1.927,-0.473,4.000,-35.697,-26.443,41.000
1744538877.59,-1,0.476,-0.002,0.001,2,0.000,0.000,0.000,10,0.479,0.001,0.479,0.001,1.50,0.86,-1.927,-0.473,4.000,-35.697,-26.443,41.000
1744538877.59,-1,0.476,-0.002,0.001,2,0.000,0.000,0.000,10,0.479,0.001,0.479,0.001,1.50,0.86,-1.927,-0.473,4.000,-35.697,-26.443,41.000
1744538877.59,-1,0.476,-0.002,0.001,2,0.000,0.000,0.000,10,0.479,0.001,0.479,0.001,1.50,0.86,-1.927,-0.473,4.000,-35.697,-26.443,41.000
1744538877.59,-1,0.476,-0.002,0.001,2,0.000,0.000,0.000,10,0.479,0.001,0.479,0.001,1.50,0.86,-1.927,-0.473,4.000,-35.697,-26.443,41.000
1744538877.61,-1,0.476,-0.002,0.001,2,0.000,0.000,0.000,10,0.479,0.001,0.479,0.001,1.50,0.93,-1.927,-0.473,4.000,-35.697,-26.443,41.000
1744538877.61,-1,0.476,-0.002,0.001,2,0.000,0.000,0.000,10,0.479,0.001,0.479,0.001,1.50,0.93,-1.927,-0.473,4.000,-35.697,-26.443,41.000
1744538877.61,-1,0.476,-0.002,0.001,2,0.000,0.000,0.000,10,0.479,0.001,0.479,0.001,1.50,0.93,-1.927,-0.473,4.000,-35.697,-26.443,41.000
1744538877.61,-1,0.476,-0.002,0.001,2,0.000,0.000,0.000,10,0.479,0.001,0.479,0.001,1.50,0.93,-1.927,-0.473,4.000,-35.697,-26.443,41.000
1744538877.62,-1,0.476,-0.002,0.001,2,0.000,0.000,0.000,10,0.479,0.001,0.479,0.001,1.50,0.93,-1.927,-0.473,4.000,-35.697,-26.443,41.000
1744538877.65,-1,0.476,-0.002,0.001,2,0.000,0.000,0.000,10,0.479,0.001,0.479,0.001,1.50,1.00,-1.927,-0.473,4.000,-35.697,-26.443,41.000
1744538877.65,-1,0.476,-0.002,0.001,2,0.000,0.000,0.000,10,0.479,0.001,0.479,0.001,1.50,1.00,-1.927,-0.473,4.000,-35.697,-26.443,41.000
1744538877.65,-1,0.476,-0.002,0.001,2,0.000,0.000,0.000,10,0.479,0.001,0.479,0.001,1.50,1.00,-1.927,-0.473,4.000,-35.697,-26.443,41.000
1744538877.65,-1,0.476,-0.002,0.001,2,0.000,0.000,0.000,10,0.479,0.001,0.479,0.001,1.50,1.00,-1.927,-0.473,4.000,-35.697,-26.443,41.000
1744538877.65,-1,0.476,-0.002,0.001,2,0.000,0.000,0.000,10,0.479,0.001,0.479,0.001,1.50,1.00,-1.927,-0.473,4.000,-35.697,-26.443,41.000
# remark: robobot/cmd/ti/rc 0.0 0.0
# remark: robobot/cmd/T0/leds 16 0 0 0
# remark: robobot/cmd/T0/leds 16 0 100 0
# remark: robobot/cmd/ti/rc 0.0 0.0
1744538877.67,-1,0.476,-0.002,0.001,2,0.000,0.000,0.000,10,0.479,0.001,0.000,0.000,1.50,0.93,-1.927,-0.473,4.000,-35.697,-26.443,41.000
1744538877.67,-1,0.476,-0.002,0.001,2,0.000,0.000,0.000,10,0.479,0.001,0.000,0.000,1.50,0.93,-1.927,-0.473,4.000,-35.697,-26.443,41.000
1744538877.67,-1,0.476,-0.002,0.001,2,0.000,0.000,0.000,10,0.479,0.001,0.000,0.000,1.50,0.93,-1.927,-0.473,4.000,-35.697,-26.443,41.000
1744538877.68,-1,0.476,-0.002,0.001,2,0.000,0.000,0.000,10,0.479,0.001,0.000,0.000,1.50,0.93,-1.927,-0.473,4.000,-35.697,-26.443,41.000
1744538877.68,-1,0.476,-0.002,0.001,2,0.000,0.000,0.000,10,0.479,0.001,0.000,0.000,1.50,0.93,-1.927,-0.473,4.000,-35.697,-26.443,41.000
1744538877.70,-1,0.476,-0.002,0.001,2,0.000,0.000,0.000,10,0.479,0.001,0.000,0.000,1.50,0.93,-1.927,-0.473,4.000,-35.697,-26.443,41.000
1744538877.70,-1,0.476,-0.002,0.001,2,0.000,0.000,0.000,10,0.479,0.001,0.000,0.000,1.50,0.93,-1.927,-0.473,4.000,-35.697,-26.443,41.000
1744538877.70,-1,0.476,-0.002,0.001,2,0.000,0.000,0.000,10,0.479,0.001,0.000,0.000,1.50,0.93,-1.927,-0.473,4.000,-35.697,-26.443,41.000
# remark: robobot/cmd/ti/alive 2025-04-13 12:07:52.918866
1744538877.71,-1,0.476,-0.002,0.001,2,0.000,0.000,0.000,10,0.479,0.001,0.000,0.000,1.50,0.93,-1.927,-0.473,4.000,-35.697,-26.443,41.000
1744538877.73,-1,0.476,-0.002,0.001,2,0.000,0.000,0.000,10,0.479,0.001,0.000,0.000,1.50,0.93,-1.927,-0.473,4.000,-35.697,-26.443,41.000
1744538877.73,-1,0.476,-0.002,0.001,2,0.000,0.000,0.000,10,0.479,0.001,0.000,0.000,1.50,1.08,-1.927,-0.473,4.000,-35.697,-26.443,41.000
1744538877.73,-1,0.476,-0.002,0.001,2,0.000,0.000,0.000,10,0.479,0.001,0.000,0.000,1.50,1.08,-1.927,-0.473,4.000,-35.697,-26.443,41.000
1744538877.73,-1,0.476,-0.002,0.001,2,0.000,0.000,0.000,10,0.479,0.001,0.000,0.000,1.50,1.08,-1.927,-0.473,4.000,-35.697,-26.443,41.000
1744538877.76,-1,0.476,-0.002,0.001,2,0.000,0.000,0.000,10,0.479,0.001,0.000,0.000,1.50,1.08,-1.927,-0.473,4.000,-35.697,-26.443,41.000
1744538877.76,-1,0.476,-0.002,0.001,2,0.000,0.000,0.000,10,0.479,0.001,0.000,0.000,1.50,1.08,-1.927,-0.473,4.000,-35.697,-26.443,41.000
1744538877.76,-1,0.476,-0.002,0.001,2,0.000,0.000,0.000,10,0.479,0.001,0.000,0.000,1.50,1.19,-1.927,-0.473,4.000,-35.697,-26.443,41.000
1744538877.76,-1,0.476,-0.002,0.001,2,0.000,0.000,0.000,10,0.479,0.001,0.000,0.000,1.50,1.19,-1.927,-0.473,4.000,-35.697,-26.443,41.000
1744538877.76,-1,0.476,-0.002,0.001,2,0.000,0.000,0.000,10,0.479,0.001,0.000,0.000,1.50,1.19,-1.927,-0.473,4.000,-35.697,-26.443,41.000
1744538877.78,-1,0.476,-0.002,0.001,2,0.000,0.000,0.000,10,0.479,0.001,0.000,0.000,1.50,1.19,-1.927,-0.473,4.000,-35.697,-26.443,41.000
1744538877.78,-1,0.476,-0.002,0.001,2,0.000,0.000,0.000,10,0.479,0.001,0.000,0.000,1.50,1.19,-1.927,-0.473,4.000,-35.697,-26.443,41.000
1744538877.78,-1,0.476,-0.002,0.001,2,0.000,0.000,0.000,10,0.479,0.001,0.000,0.000,1.50,1.15,-1.927,-0.473,4.000,-35.697,-26.443,41.000
1744538877.78,-1,0.476,-0.002,0.001,2,0.000,0.000,0.000,10,0.479,0.001,0.000,0.000,1.50,1.15,-1.927,-0.473,4.000,-35.697,-26.443,41.000
1744538877.78,-1,0.476,-0.002,0.001,2,0.000,0.000,0.000,10,0.479,0.001,0.000,0.000,1.50,1.15,-1.927,-0.473,4.000,-35.697,-26.443,41.000
1744538877.81,-1,0.476,-0.002,0.001,2,0.000,0.000,0.000,10,0.479,0.001,0.000,0.000,1.50,1.15,-1.927,-0.473,4.000,-35.697,-26.443,41.000
1744538877.81,-1,0.476,-0.002,0.001,2,0.000,0.000,0.000,10,0.479,0.001,0.000,0.000,1.50,1.15,-1.927,-0.473,4.000,-35.697,-26.443,41.000
1744538877.81,-1,0.476,-0.002,0.001,2,0.000,0.000,0.000,10,0.479,0.001,0.000,0.000,1.50,0.98,-1.927,-0.473,4.000,-35.697,-26.443,41.000
1744538877.81,-1,0.476,-0.002,0.001,2,0.000,0.000,0.000,10,0.479,0.001,0.000,0.000,1.50,0.98,-1.927,-0.473,4.000,-35.697,-26.443,41.000
1744538877.84,-1,0.476,-0.002,0.001,2,0.000,0.000,0.000,10,0.479,0.001,0.000,0.000,1.50,0.98,-1.927,-0.473,4.000,-35.697,-26.443,41.000
1744538877.84,-1,0.476,-0.002,0.001,2,0.000,0.000,0.000,10,0.479,0.001,0.000,0.000,1.50,0.98,-1.927,-0.473,4.000,-35.697,-26.443,41.000
1744538877.84,-1,0.476,-0.002,0.001,2,0.000,0.000,0.000,10,0.479,0.001,0.000,0.000,1.50,0.98,-1.927,-0.473,4.000,-35.697,-26.443,41.000
1744538877.84,-1,0.476,-0.002,0.001,2,0.000,0.000,0.000,10,0.479,0.001,0.000,0.000,1.50,0.96,-1.927,-0.473,4.000,-35.697,-26.443,41.000
1744538877.86,-1,0.476,-0.002,0.001,2,0.000,0.000,0.000,10,0.479,0.001,0.000,0.000,1.50,0.96,-1.927,-0.473,4.000,-35.697,-26.443,41.000
1744538877.86,-1,0.476,-0.002,0.001,2,0.000,0.000,0.000,10,0.479,0.001,0.000,0.000,1.50,0.96,-1.927,-0.473,4.000,-35.697,-26.443,41.000
1744538877.86,-1,0.476,-0.002,0.001,2,0.000,0.000,0.000,10,0.479,0.001,0.000,0.000,1.50,0.96,-1.927,-0.473,4.000,-35.697,-26.443,41.000
1744538877.86,-1,0.476,-0.002,0.001,2,0.000,0.000,0.000,10,0.479,0.001,0.000,0.000,1.50,0.96,-1.927,-0.473,4.000,-35.697,-26.443,41.000
1744538877.86,-1,0.476,-0.002,0.001,2,0.000,0.000,0.000,10,0.479,0.001,0.000,0.000,1.50,0.88,-1.927,-0.473,4.000,-35.697,-26.443,41.000
1744538877.89,-1,0.476,-0.002,0.001,2,0.000,0.000,0.000,10,0.479,0.001,0.000,0.000,1.50,0.88,-1.927,-0.473,4.000,-35.697,-26.443,41.000
1744538877.89,-1,0.476,-0.002,0.001,2,0.000,0.000,0.000,10,0.479,0.001,0.000,0.000,1.50,0.88,-1.927,-0.473,4.000,-35.697,-26.443,41.000
1744538877.89,-1,0.476,-0.002,0.001,2,0.000,0.000,0.000,10,0.479,0.001,0.000,0.000,1.50,0.88,-1.927,-0.473,4.000,-35.697,-26.443,41.000
1744538877.89,-1,0.476,-0.002,0.001,2,0.000,0.000,0.000,10,0.479,0.001,0.000,0.000,1.50,0.88,-1.927,-0.473,4.000,-35.697,-26.443,41.000
1744538877.91,-1,0.476,-0.002,0.001,2,0.000,0.000,0.000,10,0.479,0.001,0.000,0.000,1.50,0.81,-1.927,-0.473,4.000,-35.697,-26.443,41.000
1744538877.91,-1,0.476,-0.002,0.001,2,0.000,0.000,0.000,10,0.479,0.001,0.000,0.000,1.50,0.81,-1.927,-0.473,4.000,-35.697,-26.443,41.000
1744538877.91,-1,0.476,-0.002,0.001,2,0.000,0.000,0.000,10,0.479,0.001,0.000,0.000,1.50,0.81,-1.927,-0.473,4.000,-35.697,-26.443,41.000
1744538877.92,-1,0.476,-0.002,0.001,2,0.000,0.000,0.000,10,0.479,0.001,0.000,0.000,1.50,0.81,-1.927,-0.473,4.000,-35.697,-26.443,41.000
1744538877.92,-1,0.476,-0.002,0.001,2,0.000,0.000,0.000,10,0.479,0.001,0.000,0.000,1.50,0.81,-1.927,-0.473,4.000,-35.697,-26.443,41.000
1744538877.95,-1,0.476,-0.002,0.001,2,0.000,0.000,0.000,10,0.479,0.001,0.000,0.000,1.50,0.70,-1.927,-0.473,4.000,-35.697,-26.443,41.000
1744538877.95,-1,0.476,-0.002,0.001,2,0.000,0.000,0.000,10,0.479,0.001,0.000,0.000,1.50,0.70,-1.927,-0.473,4.000,-35.697,-26.443,41.000
1744538877.95,-1,0.476,-0.002,0.001,2,0.000,0.000,0.000,10,0.479,0.001,0.000,0.000,1.50,0.70,-1.927,-0.473,4.000,-35.697,-26.443,41.000
1744538877.95,-1,0.476,-0.002,0.001,2,0.000,0.000,0.000,10,0.479,0.001,0.000,0.000,1.50,0.70,-1.927,-0.473,4.000,-35.697,-26.443,41.000
1744538877.95,-1,0.476,-0.002,0.001,2,0.000,0.000,0.000,10,0.479,0.001,0.000,0.000,1.50,0.70,-1.927,-0.473,4.000,-35.697,-26.443,41.000
1744538877.97,-1,0.476,-0.002,0.001,2,0.000,0.000,0.000,10,0.479,0.001,0.000,0.000,1.50,1.04,-1.927,-0.473,4.000,-35.697,-26.443,41.000
1744538877.97,-1,0.476,-0.002,0.001,2,0.000,0.000,0.000,10,0.479,0.001,0.000,0.000,1.50,1.04,-1.927,-0.473,4.000,-35.697,-26.443,41.000
1744538877.97,-1,0.476,-0.002,0.001,2,0.000,0.000,0.000,10,0.479,0.001,0.000,0.000,1.50,1.04,-1.927,-0.473,4.000,-35.697,-26.443,41.000
1744538877.97,-1,0.476,-0.002,0.001,2,0.000,0.000,0.000,10,0.479,0.001,0.000,0.000,1.50,1.04,-1.927,-0.473,4.000,-35.697,-26.443,41.000
1744538877.97,-1,0.476,-0.002,0.001,2,0.000,0.000,0.000,10,0.479,0.001,0.000,0.000,1.50,1.04,-1.927,-0.473,4.000,-35.697,-26.443,41.000
1744538878.00,-1,0.476,-0.002,0.001,2,0.000,0.000,0.000,10,0.479,0.001,0.000,0.000,1.50,1.40,-1.927,-0.473,4.000,-35.697,-26.443,41.000
1744538878.00,-1,0.476,-0.002,0.001,2,0.000,0.000,0.000,10,0.479,0.001,0.000,0.000,1.50,1.40,-1.927,-0.473,4.000,-35.697,-26.443,41.000
1744538878.00,-1,0.476,-0.002,0.001,2,0.000,0.000,0.000,10,0.479,0.001,0.000,0.000,1.50,1.40,-1.927,-0.473,4.000,-35.697,-26.443,41.000
1744538878.03,-1,0.476,-0.002,0.001,2,0.000,0.000,0.000,10,0.479,0.001,0.000,0.000,1.50,1.40,-1.927,-0.473,4.000,-35.697,-26.443,41.000
1744538878.03,-1,0.476,-0.002,0.001,2,0.000,0.000,0.000,10,0.479,0.001,0.000,0.000,1.50,1.40,-1.927,-0.473,4.000,-35.697,-26.443,41.000
1744538878.03,-1,0.476,-0.002,0.001,2,0.000,0.000,0.000,10,0.479,0.001,0.000,0.000,1.50,1.00,-1.927,-0.473,4.000,-35.697,-26.443,41.000
1744538878.03,-1,0.476,-0.002,0.001,2,0.000,0.000,0.000,10,0.479,0.001,0.000,0.000,1.50,1.00,-1.927,-0.473,4.000,-35.697,-26.443,41.000
1744538878.03,-1,0.476,-0.002,0.001,2,0.000,0.000,0.000,10,0.479,0.001,0.000,0.000,1.50,1.00,-1.927,-0.473,4.000,-35.697,-26.443,41.000
1744538878.04,-1,0.476,-0.002,0.001,2,0.000,0.000,0.000,10,0.479,0.001,0.000,0.000,1.50,1.00,-1.927,-0.473,4.000,-35.697,-26.443,41.000
1744538878.04,-1,0.476,-0.002,0.001,2,0.000,0.000,0.000,10,0.479,0.001,0.000,0.000,1.50,1.00,-1.927,-0.473,4.000,-35.697,-26.443,41.000
1744538878.04,-1,0.476,-0.002,0.001,2,0.000,0.000,0.000,10,0.479,0.001,0.000,0.000,1.50,1.02,-1.927,-0.473,4.000,-35.697,-26.443,41.000
1744538878.06,-1,0.476,-0.002,0.001,2,0.000,0.000,0.000,10,0.479,0.001,0.000,0.000,1.50,1.02,-1.927,-0.473,4.000,-35.697,-26.443,41.000
1744538878.06,-1,0.476,-0.002,0.001,2,0.000,0.000,0.000,10,0.479,0.001,0.000,0.000,1.50,1.02,-1.927,-0.473,4.000,-35.697,-26.443,41.000
1744538878.07,-1,0.476,-0.002,0.001,2,0.000,0.000,0.000,10,0.479,0.001,0.000,0.000,1.50,1.02,-1.927,-0.473,4.000,-35.697,-26.443,41.000
1744538878.07,-1,0.476,-0.002,0.001,2,0.000,0.000,0.000,10,0.479,0.001,0.000,0.000,1.50,1.02,-1.927,-0.473,4.000,-35.697,-26.443,41.000
1744538878.08,-1,0.476,-0.002,0.001,2,0.000,0.000,0.000,10,0.479,0.001,0.000,0.000,1.50,1.03,-1.927,-0.473,4.000,-35.697,-26.443,41.000
1744538878.10,-1,0.476,-0.002,0.001,2,0.000,0.000,0.000,10,0.479,0.001,0.000,0.000,1.50,1.03,-1.927,-0.473,4.000,-35.697,-26.443,41.000
1744538878.10,-1,0.476,-0.002,0.001,2,0.000,0.000,0.000,10,0.479,0.001,0.000,0.000,1.50,1.03,-1.927,-0.473,4.000,-35.697,-26.443,41.000
1744538878.11,-1,0.476,-0.002,0.001,2,0.000,0.000,0.000,10,0.479,0.001,0.000,0.000,1.50,1.03,-1.927,-0.473,4.000,-35.697,-26.443,41.000
1744538878.11,-1,0.476,-0.002,0.001,2,0.000,0.000,0.000,10,0.479,0.001,0.000,0.000,1.50,1.03,-1.927,-0.473,4.000,-35.697,-26.443,41.000
1744538878.11,-1,0.476,-0.002,0.001,2,0.000,0.000,0.000,10,0.479,0.001,0.000,0.000,1.50,1.03,-1.927,-0.473,4.000,-35.697,-26.443,41.000
1744538878.13,-1,0.476,-0.002,0.001,2,0.000,0.000,0.000,10,0.479,0.001,0.000,0.000,1.50,1.03,-1.927,-0.473,4.000,-35.697,-26.443,41.000
1744538878.13,-1,0.476,-0.002,0.001,2,0.000,0.000,0.000,10,0.479,0.001,0.000,0.000,1.50,1.03,-1.927,-0.473,4.000,-35.697,-26.443,41.000
1744538878.13,-1,0.476,-0.002,0.001,2,0.000,0.000,0.000,10,0.479,0.001,0.000,0.000,1.50,1.03,-1.927,-0.473,4.000,-35.697,-26.443,41.000
1744538878.13,-1,0.476,-0.002,0.001,2,0.000,0.000,0.000,10,0.479,0.001,0.000,0.000,1.50,1.03,-1.927,-0.473,4.000,-35.697,-26.443,41.000
1744538878.14,-1,0.476,-0.002,0.001,2,0.000,0.000,0.000,10,0.479,0.001,0.000,0.000,1.50,0.83,-1.927,-0.473,4.000,-35.697,-26.443,41.000
1744538878.16,-1,0.476,-0.002,0.001,2,0.000,0.000,0.000,10,0.479,0.001,0.000,0.000,1.50,0.83,-1.927,-0.473,4.000,-35.697,-26.443,41.000
1744538878.16,-1,0.476,-0.002,0.001,2,0.000,0.000,0.000,10,0.479,0.001,0.000,0.000,1.50,0.83,-1.927,-0.473,4.000,-35.697,-26.443,41.000
1744538878.16,-1,0.476,-0.002,0.001,2,0.000,0.000,0.000,10,0.479,0.001,0.000,0.000,1.50,0.83,-1.927,-0.473,4.000,-35.697,-26.443,41.000
1744538878.18,-1,0.476,-0.002,0.001,2,0.000,0.000,0.000,10,0.479,0.001,0.000,0.000,1.50,0.83,-1.927,-0.473,4.000,-35.697,-26.443,41.000
1744538878.18,-1,0.476,-0.002,0.001,2,0.000,0.000,0.000,10,0.479,0.001,0.000,0.000,1.50,0.93,-1.927,-0.473,4.000,-35.697,-26.443,41.000
1744538878.18,-1,0.476,-0.002,0.001,2,0.000,0.000,0.000,10,0.479,0.001,0.000,0.000,1.50,0.93,-1.927,-0.473,4.000,-35.697,-26.443,41.000
1744538878.18,-1,0.476,-0.002,0.001,2,0.000,0.000,0.000,10,0.479,0.001,0.000,0.000,1.50,0.93,-1.927,-0.473,4.000,-35.697,-26.443,41.000
1744538878.21,-1,0.476,-0.002,0.001,2,0.000,0.000,0.000,10,0.479,0.001,0.000,0.000,1.50,0.93,-1.927,-0.473,4.000,-35.697,-26.443,41.000
1744538878.21,-1,0.476,-0.002,0.001,2,0.000,0.000,0.000,10,0.479,0.001,0.000,0.000,1.50,0.93,-1.927,-0.473,4.000,-35.697,-26.443,41.000
1744538878.21,-1,0.476,-0.002,0.001,2,0.000,0.000,0.000,10,0.479,0.001,0.000,0.000,1.50,1.16,-1.927,-0.473,4.000,-35.697,-26.443,41.000
1744538878.21,-1,0.476,-0.002,0.001,2,0.000,0.000,0.000,10,0.479,0.001,0.000,0.000,1.50,1.16,-1.927,-0.473,4.000,-35.697,-26.443,41.000
1744538878.21,-1,0.476,-0.002,0.001,2,0.000,0.000,0.000,10,0.479,0.001,0.000,0.000,1.50,1.16,-1.927,-0.473,4.000,-35.697,-26.443,41.000
1744538878.23,-1,0.476,-0.002,0.001,2,0.000,0.000,0.000,10,0.479,0.001,0.000,0.000,1.50,1.16,-1.927,-0.473,4.000,-35.697,-26.443,41.000
1744538878.23,-1,0.476,-0.002,0.001,2,0.000,0.000,0.000,10,0.479,0.001,0.000,0.000,1.50,1.16,-1.927,-0.473,4.000,-35.697,-26.443,41.000
1744538878.23,-1,0.476,-0.002,0.001,2,0.000,0.000,0.000,10,0.479,0.001,0.000,0.000,1.50,1.37,-1.927,-0.473,4.000,-35.697,-26.443,41.000
1744538878.23,-1,0.476,-0.002,0.001,2,0.000,0.000,0.000,10,0.479,0.001,0.000,0.000,1.50,1.37,-1.927,-0.473,4.000,-35.697,-26.443,41.000
1744538878.24,-1,0.476,-0.002,0.001,2,0.000,0.000,0.000,10,0.479,0.001,0.000,0.000,1.50,1.37,-1.927,-0.473,4.000,-35.697,-26.443,41.000
1744538878.26,-1,0.476,-0.002,0.001,2,0.000,0.000,0.000,10,0.479,0.001,0.000,0.000,1.50,1.37,-1.927,-0.473,4.000,-35.697,-26.443,41.000
1744538878.26,-1,0.476,-0.002,0.001,2,0.000,0.000,0.000,10,0.479,0.001,0.000,0.000,1.50,1.37,-1.927,-0.473,4.000,-35.697,-26.443,41.000
1744538878.26,-1,0.476,-0.002,0.001,2,0.000,0.000,0.000,10,0.479,0.001,0.000,0.000,1.50,1.11,-1.927,-0.473,4.000,-35.697,-26.443,41.000
1744538878.28,-1,0.476,-0.002,0.001,2,0.000,0.000,0.000,10,0.479,0.001,0.000,0.000,1.50,1.11,-1.927,-0.473,4.000,-35.697,-26.443,41.000
1744538878.28,-1,0.476,-0.002,0.001,2,0.000,0.000,0.000,10,0.479,0.001,0.000,0.000,1.50,1.11,-1.927,-0.473,4.000,-35.697,-26.443,41.000
1744538878.28,-1,0.476,-0.002,0.001,2,0.000,0.000,0.000,10,0.479,0.001,0.000,0.000,1.50,1.11,-1.927,-0.473,4.000,-35.697,-26.443,41.000
1744538878.28,-1,0.476,-0.002,0.001,2,0.000,0.000,0.000,10,0.479,0.001,0.000,0.000,1.50,1.11,-1.927,-0.473,4.000,-35.697,-26.443,41.000
1744538878.29,-1,0.476,-0.002,0.001,2,0.000,0.000,0.000,10,0.479,0.001,0.000,0.000,1.50,0.90,-1.927,-0.473,4.000,-35.697,-26.443,41.000
# remark: robobot/cmd/ti/alive 2025-04-13 12:07:52.918866
1744538878.31,-1,0.476,-0.002,0.001,2,0.000,0.000,0.000,10,0.479,0.001,0.000,0.000,1.50,0.90,-1.927,-0.473,4.000,-35.697,-26.443,41.000
1744538878.31,-1,0.476,-0.002,0.001,2,0.000,0.000,0.000,10,0.479,0.001,0.000,0.000,1.50,0.90,-1.927,-0.473,4.000,-35.697,-26.443,41.000
1744538878.31,-1,0.476,-0.002,0.001,2,0.000,0.000,0.000,10,0.479,0.001,0.000,0.000,1.50,0.90,-1.927,-0.473,4.000,-35.697,-26.443,41.000
1744538878.31,-1,0.476,-0.002,0.001,2,0.000,0.000,0.000,10,0.479,0.001,0.000,0.000,1.50,0.90,-1.927,-0.473,4.000,-35.697,-26.443,41.000
1744538878.34,-1,0.476,-0.002,0.001,2,0.000,0.000,0.000,10,0.479,0.001,0.000,0.000,1.50,0.87,-1.927,-0.473,4.000,-35.697,-26.443,41.000
1744538878.34,-1,0.476,-0.002,0.001,2,0.000,0.000,0.000,10,0.479,0.001,0.000,0.000,1.50,0.87,-1.927,-0.473,4.000,-35.697,-26.443,41.000
1744538878.34,-1,0.476,-0.002,0.001,2,0.000,0.000,0.000,10,0.479,0.001,0.000,0.000,1.50,0.87,-1.927,-0.473,4.000,-35.697,-26.443,41.000
1744538878.34,-1,0.476,-0.002,0.001,2,0.000,0.000,0.000,10,0.479,0.001,0.000,0.000,1.50,0.87,-1.927,-0.473,4.000,-35.697,-26.443,41.000
1744538878.34,-1,0.476,-0.002,0.001,2,0.000,0.000,0.000,10,0.479,0.001,0.000,0.000,1.50,0.87,-1.927,-0.473,4.000,-35.697,-26.443,41.000
1744538878.36,-1,0.476,-0.002,0.001,2,0.000,0.000,0.000,10,0.479,0.001,0.000,0.000,1.50,0.81,-1.927,-0.473,4.000,-35.697,-26.443,41.000
1744538878.36,-1,0.476,-0.002,0.001,2,0.000,0.000,0.000,10,0.479,0.001,0.000,0.000,1.50,0.81,-1.927,-0.473,4.000,-35.697,-26.443,41.000
1744538878.36,-1,0.476,-0.002,0.001,2,0.000,0.000,0.000,10,0.479,0.001,0.000,0.000,1.50,0.81,-1.927,-0.473,4.000,-35.697,-26.443,41.000
1744538878.36,-1,0.476,-0.002,0.001,2,0.000,0.000,0.000,10,0.479,0.001,0.000,0.000,1.50,0.81,-1.927,-0.473,4.000,-35.697,-26.443,41.000
1744538878.36,-1,0.476,-0.002,0.001,2,0.000,0.000,0.000,10,0.479,0.001,0.000,0.000,1.50,0.81,-1.927,-0.473,4.000,-35.697,-26.443,41.000
1744538878.39,-1,0.476,-0.002,0.001,2,0.000,0.000,0.000,10,0.479,0.001,0.000,0.000,1.50,0.78,-1.927,-0.473,4.000,-35.697,-26.443,41.000
1744538878.39,-1,0.476,-0.002,0.001,2,0.000,0.000,0.000,10,0.479,0.001,0.000,0.000,1.50,0.78,-1.927,-0.473,4.000,-35.697,-26.443,41.000
1744538878.39,-1,0.476,-0.002,0.001,2,0.000,0.000,0.000,10,0.479,0.001,0.000,0.000,1.50,0.78,-1.927,-0.473,4.000,-35.697,-26.443,41.000
1744538878.41,-1,0.476,-0.002,0.001,2,0.000,0.000,0.000,10,0.479,0.001,0.000,0.000,1.50,0.78,-1.927,-0.473,4.000,-35.697,-26.443,41.000
1744538878.41,-1,0.476,-0.002,0.001,2,0.000,0.000,0.000,10,0.479,0.001,0.000,0.000,1.50,0.78,-1.927,-0.473,4.000,-35.697,-26.443,41.000
1744538878.41,-1,0.476,-0.002,0.001,2,0.000,0.000,0.000,10,0.479,0.001,0.000,0.000,1.50,0.80,-1.927,-0.473,4.000,-35.697,-26.443,41.000
1744538878.41,-1,0.476,-0.002,0.001,2,0.000,0.000,0.000,10,0.479,0.001,0.000,0.000,1.50,0.80,-1.927,-0.473,4.000,-35.697,-26.443,41.000
1744538878.41,-1,0.476,-0.002,0.001,2,0.000,0.000,0.000,10,0.479,0.001,0.000,0.000,1.50,0.80,-1.927,-0.473,4.000,-35.697,-26.443,41.000
1744538878.45,-1,0.476,-0.002,0.001,2,0.000,0.000,0.000,10,0.479,0.001,0.000,0.000,1.50,0.80,-1.927,-0.473,4.000,-35.697,-26.443,41.000
1744538878.45,-1,0.476,-0.002,0.001,2,0.000,0.000,0.000,10,0.479,0.001,0.000,0.000,1.50,0.80,-1.927,-0.473,4.000,-35.697,-26.443,41.000
1744538878.45,-1,0.476,-0.002,0.001,2,0.000,0.000,0.000,10,0.479,0.001,0.000,0.000,1.50,1.05,-1.927,-0.473,4.000,-35.697,-26.443,41.000
1744538878.45,-1,0.476,-0.002,0.001,2,0.000,0.000,0.000,10,0.479,0.001,0.000,0.000,1.50,1.05,-1.927,-0.473,4.000,-35.697,-26.443,41.000
1744538878.45,-1,0.476,-0.002,0.001,2,0.000,0.000,0.000,10,0.479,0.001,0.000,0.000,1.50,1.05,-1.927,-0.473,4.000,-35.697,-26.443,41.000
1744538878.47,-1,0.476,-0.002,0.001,2,0.000,0.000,0.000,10,0.479,0.001,0.000,0.000,1.50,1.05,-1.927,-0.473,4.000,-35.697,-26.443,41.000
1744538878.47,-1,0.476,-0.002,0.001,2,0.000,0.000,0.000,10,0.479,0.001,0.000,0.000,1.50,1.05,-1.927,-0.473,4.000,-35.697,-26.443,41.000
1744538878.47,-1,0.476,-0.002,0.001,2,0.000,0.000,0.000,10,0.479,0.001,0.000,0.000,1.50,1.08,-1.927,-0.473,4.000,-35.697,-26.443,41.000
1744538878.47,-1,0.476,-0.002,0.001,2,0.000,0.000,0.000,10,0.479,0.001,0.000,0.000,1.50,1.08,-1.927,-0.473,4.000,-35.697,-26.443,41.000
1744538878.47,-1,0.476,-0.002,0.001,2,0.000,0.000,0.000,10,0.479,0.001,0.000,0.000,1.50,1.08,-1.927,-0.473,4.000,-35.697,-26.443,41.000
1744538878.49,-1,0.476,-0.002,0.001,2,0.000,0.000,0.000,10,0.479,0.001,0.000,0.000,1.50,1.08,-1.927,-0.473,4.000,-35.697,-26.443,41.000
1744538878.49,-1,0.476,-0.002,0.001,2,0.000,0.000,0.000,10,0.479,0.001,0.000,0.000,1.50,1.08,-1.927,-0.473,4.000,-35.697,-26.443,41.000
1744538878.49,-1,0.476,-0.002,0.001,2,0.000,0.000,0.000,10,0.479,0.001,0.000,0.000,1.50,0.85,-1.927,-0.473,4.000,-35.697,-26.443,41.000
1744538878.52,-1,0.476,-0.002,0.001,2,0.000,0.000,0.000,10,0.479,0.001,0.000,0.000,1.50,0.85,-1.927,-0.473,4.000,-35.697,-26.443,41.000
1744538878.52,-1,0.476,-0.002,0.001,2,0.000,0.000,0.000,10,0.479,0.001,0.000,0.000,1.50,0.85,-1.927,-0.473,4.000,-35.697,-26.443,41.000
1744538878.52,-1,0.476,-0.002,0.001,2,0.000,0.000,0.000,10,0.479,0.001,0.000,0.000,1.50,0.85,-1.927,-0.473,4.000,-35.697,-26.443,41.000
1744538878.52,-1,0.476,-0.002,0.001,2,0.000,0.000,0.000,10,0.479,0.001,0.000,0.000,1.50,0.85,-1.927,-0.473,4.000,-35.697,-26.443,41.000
1744538878.53,-1,0.476,-0.002,0.001,2,0.000,0.000,0.000,10,0.479,0.001,0.000,0.000,1.50,0.71,-1.927,-0.473,4.000,-35.697,-26.443,41.000
1744538878.54,-1,0.476,-0.002,0.001,2,0.000,0.000,0.000,10,0.479,0.001,0.000,0.000,1.50,0.71,-1.927,-0.473,4.000,-35.697,-26.443,41.000
1744538878.54,-1,0.476,-0.002,0.001,2,0.000,0.000,0.000,10,0.479,0.001,0.000,0.000,1.50,0.71,-1.927,-0.473,4.000,-35.697,-26.443,41.000
1744538878.54,-1,0.476,-0.002,0.001,2,0.000,0.000,0.000,10,0.479,0.001,0.000,0.000,1.50,0.71,-1.927,-0.473,4.000,-35.697,-26.443,41.000
1744538878.54,-1,0.476,-0.002,0.001,2,0.000,0.000,0.000,10,0.479,0.001,0.000,0.000,1.50,0.71,-1.927,-0.473,4.000,-35.697,-26.443,41.000
1744538878.58,-1,0.476,-0.002,0.001,2,0.000,0.000,0.000,10,0.479,0.001,0.000,0.000,1.50,0.79,-1.927,-0.473,4.000,-35.697,-26.443,41.000
1744538878.58,-1,0.476,-0.002,0.001,2,0.000,0.000,0.000,10,0.479,0.001,0.000,0.000,1.50,0.79,-1.927,-0.473,4.000,-35.697,-26.443,41.000
1744538878.58,-1,0.476,-0.002,0.001,2,0.000,0.000,0.000,10,0.479,0.001,0.000,0.000,1.50,0.79,-1.927,-0.473,4.000,-35.697,-26.443,41.000
1744538878.58,-1,0.476,-0.002,0.001,2,0.000,0.000,0.000,10,0.479,0.001,0.000,0.000,1.50,0.79,-1.927,-0.473,4.000,-35.697,-26.443,41.000
1744538878.58,-1,0.476,-0.002,0.001,2,0.000,0.000,0.000,10,0.479,0.001,0.000,0.000,1.50,0.79,-1.927,-0.473,4.000,-35.697,-26.443,41.000
1744538878.61,-1,0.476,-0.002,0.001,2,0.000,0.000,0.000,10,0.479,0.001,0.000,0.000,1.50,0.96,-1.927,-0.473,4.000,-35.697,-26.443,41.000
1744538878.61,-1,0.476,-0.002,0.001,2,0.000,0.000,0.000,10,0.479,0.001,0.000,0.000,1.50,0.96,-1.927,-0.473,4.000,-35.697,-26.443,41.000
1744538878.61,-1,0.476,-0.002,0.001,2,0.000,0.000,0.000,10,0.479,0.001,0.000,0.000,1.50,0.96,-1.927,-0.473,4.000,-35.697,-26.443,41.000
1744538878.61,-1,0.476,-0.002,0.001,2,0.000,0.000,0.000,10,0.479,0.001,0.000,0.000,1.50,0.96,-1.927,-0.473,4.000,-35.697,-26.443,41.000
1744538878.63,-1,0.476,-0.002,0.001,2,0.000,0.000,0.000,10,0.479,0.001,0.000,0.000,1.50,0.96,-1.927,-0.473,4.000,-35.697,-26.443,41.000
1744538878.63,-1,0.476,-0.002,0.001,2,0.000,0.000,0.000,10,0.479,0.001,0.000,0.000,1.50,0.77,-1.927,-0.473,4.000,-35.697,-26.443,41.000
1744538878.63,-1,0.476,-0.002,0.001,2,0.000,0.000,0.000,10,0.479,0.001,0.000,0.000,1.50,0.77,-1.927,-0.473,4.000,-35.697,-26.443,41.000
1744538878.63,-1,0.476,-0.002,0.001,2,0.000,0.000,0.000,10,0.479,0.001,0.000,0.000,1.50,0.77,-1.927,-0.473,4.000,-35.697,-26.443,41.000
1744538878.66,-1,0.476,-0.002,0.001,2,0.000,0.000,0.000,10,0.479,0.001,0.000,0.000,1.50,0.77,-1.927,-0.473,4.000,-35.697,-26.443,41.000
1744538878.66,-1,0.476,-0.002,0.001,2,0.000,0.000,0.000,10,0.479,0.001,0.000,0.000,1.50,0.77,-1.927,-0.473,4.000,-35.697,-26.443,41.000
1744538878.66,-1,0.476,-0.002,0.001,2,0.000,0.000,0.000,10,0.479,0.001,0.000,0.000,1.50,0.91,-1.927,-0.473,4.000,-35.697,-26.443,41.000
1744538878.66,-1,0.476,-0.002,0.001,2,0.000,0.000,0.000,10,0.479,0.001,0.000,0.000,1.50,0.91,-1.927,-0.473,4.000,-35.697,-26.443,41.000
1744538878.66,-1,0.476,-0.002,0.001,2,0.000,0.000,0.000,10,0.479,0.001,0.000,0.000,1.50,0.91,-1.927,-0.473,4.000,-35.697,-26.443,41.000
1744538878.69,-1,0.476,-0.002,0.001,2,0.000,0.000,0.000,10,0.479,0.001,0.000,0.000,1.50,0.91,-1.927,-0.473,4.000,-35.697,-26.443,41.000
1744538878.69,-1,0.476,-0.002,0.001,2,0.000,0.000,0.000,10,0.479,0.001,0.000,0.000,1.50,0.91,-1.927,-0.473,4.000,-35.697,-26.443,41.000
1744538878.69,-1,0.476,-0.002,0.001,2,0.000,0.000,0.000,10,0.479,0.001,0.000,0.000,1.50,1.08,-1.927,-0.473,4.000,-35.697,-26.443,41.000
1744538878.69,-1,0.476,-0.002,0.001,2,0.000,0.000,0.000,10,0.479,0.001,0.000,0.000,1.50,1.08,-1.927,-0.473,4.000,-35.697,-26.443,41.000
1744538878.69,-1,0.476,-0.002,0.001,2,0.000,0.000,0.000,10,0.479,0.001,0.000,0.000,1.50,1.08,-1.927,-0.473,4.000,-35.697,-26.443,41.000
1744538878.72,-1,0.476,-0.002,0.001,2,0.000,0.000,0.000,10,0.479,0.001,0.000,0.000,1.50,1.08,-1.927,-0.473,4.000,-35.697,-26.443,41.000
1744538878.72,-1,0.476,-0.002,0.001,2,0.000,0.000,0.000,10,0.479,0.001,0.000,0.000,1.50,1.08,-1.927,-0.473,4.000,-35.697,-26.443,41.000
1744538878.72,-1,0.476,-0.002,0.001,2,0.000,0.000,0.000,10,0.479,0.001,0.000,0.000,1.50,0.72,-1.927,-0.473,4.000,-35.697,-26.443,41.000
1744538878.72,-1,0.476,-0.002,0.001,2,0.000,0.000,0.000,10,0.479,0.001,0.000,0.000,1.50,0.72,-1.927,-0.473,4.000,-35.697,-26.443,41.000
1744538878.72,-1,0.476,-0.002,0.001,2,0.000,0.000,0.000,10,0.479,0.001,0.000,0.000,1.50,0.72,-1.927,-0.473,4.000,-35.697,-26.443,41.000
1744538878.72,-1,0.476,-0.002,0.001,2,0.000,0.000,0.000,10,0.479,0.001,0.000,0.000,1.50,0.72,-1.927,-0.473,4.000,-35.697,-26.443,41.000
1744538878.75,-1,0.476,-0.002,0.001,2,0.000,0.000,0.000,10,0.479,0.001,0.000,0.000,1.50,0.72,-1.927,-0.473,4.000,-35.697,-26.443,41.000
1744538878.75,-1,0.476,-0.002,0.001,2,0.000,0.000,0.000,10,0.479,0.001,0.000,0.000,1.50,1.08,-1.927,-0.473,4.000,-35.697,-26.443,41.000
1744538878.75,-1,0.476,-0.002,0.001,2,0.000,0.000,0.000,10,0.479,0.001,0.000,0.000,1.50,1.08,-1.927,-0.473,4.000,-35.697,-26.443,41.000
1744538878.75,-1,0.476,-0.002,0.001,2,0.000,0.000,0.000,10,0.479,0.001,0.000,0.000,1.50,1.08,-1.927,-0.473,4.000,-35.697,-26.443,41.000
1744538878.77,-1,0.476,-0.002,0.001,2,0.000,0.000,0.000,10,0.479,0.001,0.000,0.000,1.50,1.08,-1.927,-0.473,4.000,-35.697,-26.443,41.000
1744538878.77,-1,0.476,-0.002,0.001,2,0.000,0.000,0.000,10,0.479,0.001,0.000,0.000,1.50,1.08,-1.927,-0.473,4.000,-35.697,-26.443,41.000
1744538878.77,-1,0.476,-0.002,0.001,2,0.000,0.000,0.000,10,0.479,0.001,0.000,0.000,1.50,1.16,-1.927,-0.473,4.000,-35.697,-26.443,41.000
1744538878.77,-1,0.476,-0.002,0.001,2,0.000,0.000,0.000,10,0.479,0.001,0.000,0.000,1.50,1.16,-1.927,-0.473,4.000,-35.697,-26.443,41.000
1744538878.77,-1,0.476,-0.002,0.001,2,0.000,0.000,0.000,10,0.479,0.001,0.000,0.000,1.50,1.16,-1.927,-0.473,4.000,-35.697,-26.443,41.000
1744538878.80,-1,0.476,-0.002,0.001,2,0.000,0.000,0.000,10,0.479,0.001,0.000,0.000,1.50,1.16,-1.927,-0.473,4.000,-35.697,-26.443,41.000
1744538878.80,-1,0.476,-0.002,0.001,2,0.000,0.000,0.000,10,0.479,0.001,0.000,0.000,1.50,1.16,-1.927,-0.473,4.000,-35.697,-26.443,41.000
1744538878.80,-1,0.476,-0.002,0.001,2,0.000,0.000,0.000,10,0.479,0.001,0.000,0.000,1.50,0.66,-1.927,-0.473,4.000,-35.697,-26.443,41.000
1744538878.82,-1,0.476,-0.002,0.001,2,0.000,0.000,0.000,10,0.479,0.001,0.000,0.000,1.50,0.66,-1.927,-0.473,4.000,-35.697,-26.443,41.000
1744538878.82,-1,0.476,-0.002,0.001,2,0.000,0.000,0.000,10,0.479,0.001,0.000,0.000,1.50,0.66,-1.927,-0.473,4.000,-35.697,-26.443,41.000
1744538878.82,-1,0.476,-0.002,0.001,2,0.000,0.000,0.000,10,0.479,0.001,0.000,0.000,1.50,0.66,-1.927,-0.473,4.000,-35.697,-26.443,41.000
1744538878.82,-1,0.476,-0.002,0.001,2,0.000,0.000,0.000,10,0.479,0.001,0.000,0.000,1.50,0.66,-1.927,-0.473,4.000,-35.697,-26.443,41.000
1744538878.82,-1,0.476,-0.002,0.001,2,0.000,0.000,0.000,10,0.479,0.001,0.000,0.000,1.50,0.90,-1.927,-0.473,4.000,-35.697,-26.443,41.000
# remark: robobot/cmd/ti/alive 2025-04-13 12:07:52.918866
1744538878.86,-1,0.476,-0.002,0.001,2,0.000,0.000,0.000,10,0.479,0.001,0.000,0.000,1.50,0.90,-1.927,-0.473,4.000,-35.697,-26.443,41.000
1744538878.86,-1,0.476,-0.002,0.001,2,0.000,0.000,0.000,10,0.479,0.001,0.000,0.000,1.50,0.90,-1.927,-0.473,4.000,-35.697,-26.443,41.000
1744538878.86,-1,0.476,-0.002,0.001,2,0.000,0.000,0.000,10,0.479,0.001,0.000,0.000,1.50,0.90,-1.927,-0.473,4.000,-35.697,-26.443,41.000
1744538878.86,-1,0.476,-0.002,0.001,2,0.000,0.000,0.000,10,0.479,0.001,0.000,0.000,1.50,0.90,-1.927,-0.473,4.000,-35.697,-26.443,41.000
1744538878.86,-1,0.476,-0.002,0.001,2,0.000,0.000,0.000,10,0.479,0.001,0.000,0.000,1.50,1.00,-1.927,-0.473,4.000,-35.697,-26.443,41.000
1744538878.88,-1,0.476,-0.002,0.001,2,0.000,0.000,0.000,10,0.479,0.001,0.000,0.000,1.50,1.00,-1.927,-0.473,4.000,-35.697,-26.443,41.000
1744538878.88,-1,0.476,-0.002,0.001,2,0.000,0.000,0.000,10,0.479,0.001,0.000,0.000,1.50,1.00,-1.927,-0.473,4.000,-35.697,-26.443,41.000
1744538878.88,-1,0.476,-0.002,0.001,2,0.000,0.000,0.000,10,0.479,0.001,0.000,0.000,1.50,1.00,-1.927,-0.473,4.000,-35.697,-26.443,41.000
1744538878.88,-1,0.476,-0.002,0.001,2,0.000,0.000,0.000,10,0.479,0.001,0.000,0.000,1.50,1.00,-1.927,-0.473,4.000,-35.697,-26.443,41.000
1744538878.89,-1,0.476,-0.002,0.001,2,0.000,0.000,0.000,10,0.479,0.001,0.000,0.000,1.50,0.90,-1.927,-0.473,4.000,-35.697,-26.443,41.000
1744538878.91,-1,0.476,-0.002,0.001,2,0.000,0.000,0.000,10,0.479,0.001,0.000,0.000,1.50,0.90,-1.927,-0.473,4.000,-35.697,-26.443,41.000
1744538878.91,-1,0.476,-0.002,0.001,2,0.000,0.000,0.000,10,0.479,0.001,0.000,0.000,1.50,0.90,-1.927,-0.473,4.000,-35.697,-26.443,41.000
1744538878.91,-1,0.476,-0.002,0.001,2,0.000,0.000,0.000,10,0.479,0.001,0.000,0.000,1.50,0.90,-1.927,-0.473,4.000,-35.697,-26.443,41.000
1744538878.91,-1,0.476,-0.002,0.001,2,0.000,0.000,0.000,10,0.479,0.001,0.000,0.000,1.50,0.90,-1.927,-0.473,4.000,-35.697,-26.443,41.000
1744538878.94,-1,0.476,-0.002,0.001,2,0.000,0.000,0.000,10,0.479,0.001,0.000,0.000,1.50,0.79,-1.927,-0.473,4.000,-35.697,-26.443,41.000
1744538878.94,-1,0.476,-0.002,0.001,2,0.000,0.000,0.000,10,0.479,0.001,0.000,0.000,1.50,0.79,-1.927,-0.473,4.000,-35.697,-26.443,41.000
1744538878.94,-1,0.476,-0.002,0.001,2,0.000,0.000,0.000,10,0.479,0.001,0.000,0.000,1.50,0.79,-1.927,-0.473,4.000,-35.697,-26.443,41.000
1744538878.94,-1,0.476,-0.002,0.001,2,0.000,0.000,0.000,10,0.479,0.001,0.000,0.000,1.50,0.79,-1.927,-0.473,4.000,-35.697,-26.443,41.000
1744538878.94,-1,0.476,-0.002,0.001,2,0.000,0.000,0.000,10,0.479,0.001,0.000,0.000,1.50,0.79,-1.927,-0.473,4.000,-35.697,-26.443,41.000
1744538878.96,-1,0.476,-0.002,0.001,2,0.000,0.000,0.000,10,0.479,0.001,0.000,0.000,1.50,0.81,-1.927,-0.473,4.000,-35.697,-26.443,41.000
1744538878.96,-1,0.476,-0.002,0.001,2,0.000,0.000,0.000,10,0.479,0.001,0.000,0.000,1.50,0.81,-1.927,-0.473,4.000,-35.697,-26.443,41.000
1744538878.96,-1,0.476,-0.002,0.001,2,0.000,0.000,0.000,10,0.479,0.001,0.000,0.000,1.50,0.81,-1.927,-0.473,4.000,-35.697,-26.443,41.000
1744538878.97,-1,0.476,-0.002,0.001,2,0.000,0.000,0.000,10,0.479,0.001,0.000,0.000,1.50,0.81,-1.927,-0.473,4.000,-35.697,-26.443,41.000
1744538878.99,-1,0.476,-0.002,0.001,2,0.000,0.000,0.000,10,0.479,0.001,0.000,0.000,1.50,0.81,-1.927,-0.473,4.000,-35.697,-26.443,41.000
1744538878.99,-1,0.476,-0.002,0.001,2,0.000,0.000,0.000,10,0.479,0.001,0.000,0.000,1.50,0.85,-1.927,-0.473,4.000,-35.697,-26.443,41.000
1744538878.99,-1,0.476,-0.002,0.001,2,0.000,0.000,0.000,10,0.479,0.001,0.000,0.000,1.50,0.85,-1.927,-0.473,4.000,-35.697,-26.443,41.000
1744538878.99,-1,0.476,-0.002,0.001,2,0.000,0.000,0.000,10,0.479,0.001,0.000,0.000,1.50,0.85,-1.927,-0.473,4.000,-35.697,-26.443,41.000
1744538879.01,-1,0.476,-0.002,0.001,2,0.000,0.000,0.000,10,0.479,0.001,0.000,0.000,1.50,0.85,-1.927,-0.473,4.000,-35.697,-26.443,41.000
1744538879.01,-1,0.476,-0.002,0.001,2,0.000,0.000,0.000,10,0.479,0.001,0.000,0.000,1.50,0.85,-1.927,-0.473,4.000,-35.697,-26.443,41.000
1744538879.01,-1,0.476,-0.002,0.001,2,0.000,0.000,0.000,10,0.479,0.001,0.000,0.000,1.50,0.99,-1.927,-0.473,4.000,-35.697,-26.443,41.000
1744538879.01,-1,0.476,-0.002,0.001,2,0.000,0.000,0.000,10,0.479,0.001,0.000,0.000,1.50,0.99,-1.927,-0.473,4.000,-35.697,-26.443,41.000
1744538879.01,-1,0.476,-0.002,0.001,2,0.000,0.000,0.000,10,0.479,0.001,0.000,0.000,1.50,0.99,-1.927,-0.473,4.000,-35.697,-26.443,41.000
1744538879.03,-1,0.476,-0.002,0.001,2,0.000,0.000,0.000,10,0.479,0.001,0.000,0.000,1.50,0.99,-1.927,-0.473,4.000,-35.697,-26.443,41.000
1744538879.03,-1,0.476,-0.002,0.001,2,0.000,0.000,0.000,10,0.479,0.001,0.000,0.000,1.50,0.99,-1.927,-0.473,4.000,-35.697,-26.443,41.000
1744538879.03,-1,0.476,-0.002,0.001,2,0.000,0.000,0.000,10,0.479,0.001,0.000,0.000,1.50,0.95,-1.927,-0.473,4.000,-35.697,-26.443,41.000
1744538879.07,-1,0.476,-0.002,0.001,2,0.000,0.000,0.000,10,0.479,0.001,0.000,0.000,1.50,0.95,-1.927,-0.473,4.000,-35.697,-26.443,41.000
1744538879.07,-1,0.476,-0.002,0.001,2,0.000,0.000,0.000,10,0.479,0.001,0.000,0.000,1.50,0.95,-1.927,-0.473,4.000,-35.697,-26.443,41.000
1744538879.07,-1,0.476,-0.002,0.001,2,0.000,0.000,0.000,10,0.479,0.001,0.000,0.000,1.50,0.95,-1.927,-0.473,4.000,-35.697,-26.443,41.000
1744538879.07,-1,0.476,-0.002,0.001,2,0.000,0.000,0.000,10,0.479,0.001,0.000,0.000,1.50,0.95,-1.927,-0.473,4.000,-35.697,-26.443,41.000
1744538879.07,-1,0.476,-0.002,0.001,2,0.000,0.000,0.000,10,0.479,0.001,0.000,0.000,1.50,0.88,-1.927,-0.473,4.000,-35.697,-26.443,41.000
1744538879.09,-1,0.476,-0.002,0.001,2,0.000,0.000,0.000,10,0.479,0.001,0.000,0.000,1.50,0.88,-1.927,-0.473,4.000,-35.697,-26.443,41.000
1744538879.09,-1,0.476,-0.002,0.001,2,0.000,0.000,0.000,10,0.479,0.001,0.000,0.000,1.50,0.88,-1.927,-0.473,4.000,-35.697,-26.443,41.000
1744538879.10,-1,0.476,-0.002,0.001,2,0.000,0.000,0.000,10,0.479,0.001,0.000,0.000,1.50,0.88,-1.927,-0.473,4.000,-35.697,-26.443,41.000
1744538879.10,-1,0.476,-0.002,0.001,2,0.000,0.000,0.000,10,0.479,0.001,0.000,0.000,1.50,0.77,-1.927,-0.473,4.000,-35.697,-26.443,41.000
1744538879.10,-1,0.476,-0.002,0.001,2,0.000,0.000,0.000,10,0.479,0.001,0.000,0.000,1.50,0.77,-1.927,-0.473,4.000,-35.697,-26.443,41.000
1744538879.11,-1,0.476,-0.002,0.001,2,0.000,0.000,0.000,10,0.479,0.001,0.000,0.000,1.50,0.77,-1.927,-0.473,4.000,-35.697,-26.443,41.000
1744538879.11,-1,0.476,-0.002,0.001,2,0.000,0.000,0.000,10,0.479,0.001,0.000,0.000,1.50,0.77,-1.927,-0.473,4.000,-35.697,-26.443,41.000
1744538879.11,-1,0.476,-0.002,0.001,2,0.000,0.000,0.000,10,0.479,0.001,0.000,0.000,1.50,0.77,-1.927,-0.473,4.000,-35.697,-26.443,41.000
1744538879.11,-1,0.476,-0.002,0.001,2,0.000,0.000,0.000,10,0.479,0.001,0.000,0.000,1.50,0.92,-1.927,-0.473,4.000,-35.697,-26.443,41.000
1744538879.15,-1,0.476,-0.002,0.001,2,0.000,0.000,0.000,10,0.479,0.001,0.000,0.000,1.50,0.92,-1.927,-0.473,4.000,-35.697,-26.443,41.000
1744538879.15,-1,0.476,-0.002,0.001,2,0.000,0.000,0.000,10,0.479,0.001,0.000,0.000,1.50,0.92,-1.927,-0.473,4.000,-35.697,-26.443,41.000
1744538879.15,-1,0.476,-0.002,0.001,2,0.000,0.000,0.000,10,0.479,0.001,0.000,0.000,1.50,0.92,-1.927,-0.473,4.000,-35.697,-26.443,41.000
1744538879.15,-1,0.476,-0.002,0.001,2,0.000,0.000,0.000,10,0.479,0.001,0.000,0.000,1.50,0.92,-1.927,-0.473,4.000,-35.697,-26.443,41.000
1744538879.15,-1,0.476,-0.002,0.001,2,0.000,0.000,0.000,10,0.479,0.001,0.000,0.000,1.50,0.95,-1.927,-0.473,4.000,-35.697,-26.443,41.000
1744538879.17,-1,0.476,-0.002,0.001,2,0.000,0.000,0.000,10,0.479,0.001,0.000,0.000,1.50,0.95,-1.927,-0.473,4.000,-35.697,-26.443,41.000
1744538879.17,-1,0.476,-0.002,0.001,2,0.000,0.000,0.000,10,0.479,0.001,0.000,0.000,1.50,0.95,-1.927,-0.473,4.000,-35.697,-26.443,41.000
1744538879.17,-1,0.476,-0.002,0.001,2,0.000,0.000,0.000,10,0.479,0.001,0.000,0.000,1.50,0.95,-1.927,-0.473,4.000,-35.697,-26.443,41.000
1744538879.20,-1,0.476,-0.002,0.001,2,0.000,0.000,0.000,10,0.479,0.001,0.000,0.000,1.50,0.95,-1.927,-0.473,4.000,-35.697,-26.443,41.000
1744538879.20,-1,0.476,-0.002,0.001,2,0.000,0.000,0.000,10,0.479,0.001,0.000,0.000,1.50,0.83,-1.927,-0.473,4.000,-35.697,-26.443,41.000
1744538879.20,-1,0.476,-0.002,0.001,2,0.000,0.000,0.000,10,0.479,0.001,0.000,0.000,1.50,0.83,-1.927,-0.473,4.000,-35.697,-26.443,41.000
1744538879.20,-1,0.476,-0.002,0.001,2,0.000,0.000,0.000,10,0.479,0.001,0.000,0.000,1.50,0.83,-1.927,-0.473,4.000,-35.697,-26.443,41.000
1744538879.20,-1,0.476,-0.002,0.001,2,0.000,0.000,0.000,10,0.479,0.001,0.000,0.000,1.50,0.83,-1.927,-0.473,4.000,-35.697,-26.443,41.000
1744538879.22,-1,0.476,-0.002,0.001,2,0.000,0.000,0.000,10,0.479,0.001,0.000,0.000,1.50,0.83,-1.927,-0.473,4.000,-35.697,-26.443,41.000
1744538879.23,-1,0.476,-0.002,0.001,2,0.000,0.000,0.000,10,0.479,0.001,0.000,0.000,1.50,0.78,-1.927,-0.473,4.000,-35.697,-26.443,41.000
1744538879.23,-1,0.476,-0.002,0.001,2,0.000,0.000,0.000,10,0.479,0.001,0.000,0.000,1.50,0.78,-1.927,-0.473,4.000,-35.697,-26.443,41.000
1744538879.23,-1,0.476,-0.002,0.001,2,0.000,0.000,0.000,10,0.479,0.001,0.000,0.000,1.50,0.78,-1.927,-0.473,4.000,-35.697,-26.443,41.000
1744538879.23,-1,0.476,-0.002,0.001,2,0.000,0.000,0.000,10,0.479,0.001,0.000,0.000,1.50,0.78,-1.927,-0.473,4.000,-35.697,-26.443,41.000
1744538879.24,-1,0.476,-0.002,0.001,2,0.000,0.000,0.000,10,0.479,0.001,0.000,0.000,1.50,0.78,-1.927,-0.473,4.000,-35.697,-26.443,41.000
1744538879.24,-1,0.476,-0.002,0.001,2,0.000,0.000,0.000,10,0.479,0.001,0.000,0.000,1.50,0.89,-1.927,-0.473,4.000,-35.697,-26.443,41.000
1744538879.24,-1,0.476,-0.002,0.001,2,0.000,0.000,0.000,10,0.479,0.001,0.000,0.000,1.50,0.89,-1.927,-0.473,4.000,-35.697,-26.443,41.000
1744538879.27,-1,0.476,-0.002,0.001,2,0.000,0.000,0.000,10,0.479,0.001,0.000,0.000,1.50,0.89,-1.927,-0.473,4.000,-35.697,-26.443,41.000
1744538879.27,-1,0.476,-0.002,0.001,2,0.000,0.000,0.000,10,0.479,0.001,0.000,0.000,1.50,0.89,-1.927,-0.473,4.000,-35.697,-26.443,41.000
1744538879.28,-1,0.476,-0.002,0.001,2,0.000,0.000,0.000,10,0.479,0.001,0.000,0.000,1.50,0.89,-1.927,-0.473,4.000,-35.697,-26.443,41.000
1744538879.28,-1,0.476,-0.002,0.001,2,0.000,0.000,0.000,10,0.479,0.001,0.000,0.000,1.50,1.07,-1.927,-0.473,4.000,-35.697,-26.443,41.000
1744538879.28,-1,0.476,-0.002,0.001,2,0.000,0.000,0.000,10,0.479,0.001,0.000,0.000,1.50,1.07,-1.927,-0.473,4.000,-35.697,-26.443,41.000
1744538879.30,-1,0.476,-0.002,0.001,2,0.000,0.000,0.000,10,0.479,0.001,0.000,0.000,1.50,1.07,-1.927,-0.473,4.000,-35.697,-26.443,41.000
1744538879.30,-1,0.476,-0.002,0.001,2,0.000,0.000,0.000,10,0.479,0.001,0.000,0.000,1.50,1.07,-1.927,-0.473,4.000,-35.697,-26.443,41.000
1744538879.30,-1,0.476,-0.002,0.001,2,0.000,0.000,0.000,10,0.479,0.001,0.000,0.000,1.50,1.07,-1.927,-0.473,4.000,-35.697,-26.443,41.000
1744538879.30,-1,0.476,-0.002,0.001,2,0.000,0.000,0.000,10,0.479,0.001,0.000,0.000,1.50,0.93,-1.927,-0.473,4.000,-35.697,-26.443,41.000
1744538879.32,-1,0.476,-0.002,0.001,2,0.000,0.000,0.000,10,0.479,0.001,0.000,0.000,1.50,0.93,-1.927,-0.473,4.000,-35.697,-26.443,41.000
1744538879.32,-1,0.476,-0.002,0.001,2,0.000,0.000,0.000,10,0.479,0.001,0.000,0.000,1.50,0.93,-1.927,-0.473,4.000,-35.697,-26.443,41.000
1744538879.32,-1,0.476,-0.002,0.001,2,0.000,0.000,0.000,10,0.479,0.001,0.000,0.000,1.50,0.93,-1.927,-0.473,4.000,-35.697,-26.443,41.000
1744538879.34,-1,0.476,-0.002,0.001,2,0.000,0.000,0.000,10,0.479,0.001,0.000,0.000,1.50,0.93,-1.927,-0.473,4.000,-35.697,-26.443,41.000
1744538879.34,-1,0.476,-0.002,0.001,2,0.000,0.000,0.000,10,0.479,0.001,0.000,0.000,1.50,0.86,-1.927,-0.473,4.000,-35.697,-26.443,41.000
1744538879.34,-1,0.476,-0.002,0.001,2,0.000,0.000,0.000,10,0.479,0.001,0.000,0.000,1.50,0.86,-1.927,-0.473,4.000,-35.697,-26.443,41.000
1744538879.34,-1,0.476,-0.002,0.001,2,0.000,0.000,0.000,10,0.479,0.001,0.000,0.000,1.50,0.86,-1.927,-0.473,4.000,-35.697,-26.443,41.000
1744538879.35,-1,0.476,-0.002,0.001,2,0.000,0.000,0.000,10,0.479,0.001,0.000,0.000,1.50,0.86,-1.927,-0.473,4.000,-35.697,-26.443,41.000
1744538879.38,-1,0.476,-0.002,0.001,2,0.000,0.000,0.000,10,0.479,0.001,0.000,0.000,1.50,0.86,-1.927,-0.473,4.000,-35.697,-26.443,41.000
1744538879.38,-1,0.476,-0.002,0.001,2,0.000,0.000,0.000,10,0.479,0.001,0.000,0.000,1.50,0.81,-1.927,-0.473,4.000,-35.697,-26.443,41.000
1744538879.38,-1,0.476,-0.002,0.001,2,0.000,0.000,0.000,10,0.479,0.001,0.000,0.000,1.50,0.81,-1.927,-0.473,4.000,-35.697,-26.443,41.000
1744538879.38,-1,0.476,-0.002,0.001,2,0.000,0.000,0.000,10,0.479,0.001,0.000,0.000,1.50,0.81,-1.927,-0.473,4.000,-35.697,-26.443,41.000
1744538879.38,-1,0.476,-0.002,0.001,2,0.000,0.000,0.000,10,0.479,0.001,0.000,0.000,1.50,0.81,-1.927,-0.473,4.000,-35.697,-26.443,41.000
1744538879.41,-1,0.476,-0.002,0.001,2,0.000,0.000,0.000,10,0.479,0.001,0.000,0.000,1.50,0.81,-1.927,-0.473,4.000,-35.697,-26.443,41.000
1744538879.41,-1,0.476,-0.002,0.001,2,0.000,0.000,0.000,10,0.479,0.001,0.000,0.000,1.50,0.77,-1.927,-0.473,4.000,-35.697,-26.443,41.000
1744538879.41,-1,0.476,-0.002,0.001,2,0.000,0.000,0.000,10,0.479,0.001,0.000,0.000,1.50,0.77,-1.927,-0.473,4.000,-35.697,-26.443,41.000
1744538879.41,-1,0.476,-0.002,0.001,2,0.000,0.000,0.000,10,0.479,0.001,0.000,0.000,1.50,0.77,-1.927,-0.473,4.000,-35.697,-26.443,41.000
1744538879.41,-1,0.476,-0.002,0.001,2,0.000,0.000,0.000,10,0.479,0.001,0.000,0.000,1.50,0.77,-1.927,-0.473,4.000,-35.697,-26.443,41.000
# remark: robobot/cmd/ti/alive 2025-04-13 12:07:52.918866
1744538879.43,-1,0.476,-0.002,0.001,2,0.000,0.000,0.000,10,0.479,0.001,0.000,0.000,1.50,0.77,-1.927,-0.473,4.000,-35.697,-26.443,41.000
1744538879.43,-1,0.476,-0.002,0.001,2,0.000,0.000,0.000,10,0.479,0.001,0.000,0.000,1.50,0.91,-1.927,-0.473,4.000,-35.697,-26.443,41.000
1744538879.43,-1,0.476,-0.002,0.001,2,0.000,0.000,0.000,10,0.479,0.001,0.000,0.000,1.50,0.91,-1.927,-0.473,4.000,-35.697,-26.443,41.000
1744538879.43,-1,0.476,-0.002,0.001,2,0.000,0.000,0.000,10,0.479,0.001,0.000,0.000,1.50,0.91,-1.927,-0.473,4.000,-35.697,-26.443,41.000
1744538879.46,-1,0.476,-0.002,0.001,2,0.000,0.000,0.000,10,0.479,0.001,0.000,0.000,1.50,0.91,-1.927,-0.473,4.000,-35.697,-26.443,41.000
1744538879.46,-1,0.476,-0.002,0.001,2,0.000,0.000,0.000,10,0.479,0.001,0.000,0.000,1.50,0.91,-1.927,-0.473,4.000,-35.697,-26.443,41.000
1744538879.46,-1,0.476,-0.002,0.001,2,0.000,0.000,0.000,10,0.479,0.001,0.000,0.000,1.50,1.02,-1.927,-0.473,4.000,-35.697,-26.443,41.000
1744538879.46,-1,0.476,-0.002,0.001,2,0.000,0.000,0.000,10,0.479,0.001,0.000,0.000,1.50,1.02,-1.927,-0.473,4.000,-35.697,-26.443,41.000
1744538879.48,-1,0.476,-0.002,0.001,2,0.000,0.000,0.000,10,0.479,0.001,0.000,0.000,1.50,1.02,-1.927,-0.473,4.000,-35.697,-26.443,41.000
1744538879.48,-1,0.476,-0.002,0.001,2,0.000,0.000,0.000,10,0.479,0.001,0.000,0.000,1.50,1.02,-1.927,-0.473,4.000,-35.697,-26.443,41.000
1744538879.48,-1,0.476,-0.002,0.001,2,0.000,0.000,0.000,10,0.479,0.001,0.000,0.000,1.50,1.02,-1.927,-0.473,4.000,-35.697,-26.443,41.000
1744538879.48,-1,0.476,-0.002,0.001,2,0.000,0.000,0.000,10,0.479,0.001,0.000,0.000,1.50,1.11,-1.927,-0.473,4.000,-35.697,-26.443,41.000
1744538879.51,-1,0.476,-0.002,0.001,2,0.000,0.000,0.000,10,0.479,0.001,0.000,0.000,1.50,1.11,-1.927,-0.473,4.000,-35.697,-26.443,41.000
1744538879.51,-1,0.476,-0.002,0.001,2,0.000,0.000,0.000,10,0.479,0.001,0.000,0.000,1.50,1.11,-1.927,-0.473,4.000,-35.697,-26.443,41.000
1744538879.51,-1,0.476,-0.002,0.001,2,0.000,0.000,0.000,10,0.479,0.001,0.000,0.000,1.50,1.11,-1.927,-0.473,4.000,-35.697,-26.443,41.000
1744538879.51,-1,0.476,-0.002,0.001,2,0.000,0.000,0.000,10,0.479,0.001,0.000,0.000,1.50,1.11,-1.927,-0.473,4.000,-35.697,-26.443,41.000
1744538879.51,-1,0.476,-0.002,0.001,2,0.000,0.000,0.000,10,0.479,0.001,0.000,0.000,1.50,0.78,-1.927,-0.473,4.000,-35.697,-26.443,41.000
1744538879.53,-1,0.476,-0.002,0.001,2,0.000,0.000,0.000,10,0.479,0.001,0.000,0.000,1.50,0.78,-1.927,-0.473,4.000,-35.697,-26.443,41.000
1744538879.53,-1,0.476,-0.002,0.001,2,0.000,0.000,0.000,10,0.479,0.001,0.000,0.000,1.50,0.78,-1.927,-0.473,4.000,-35.697,-26.443,41.000
1744538879.53,-1,0.476,-0.002,0.001,2,0.000,0.000,0.000,10,0.479,0.001,0.000,0.000,1.50,0.78,-1.927,-0.473,4.000,-35.697,-26.443,41.000
1744538879.54,-1,0.476,-0.002,0.001,2,0.000,0.000,0.000,10,0.479,0.001,0.000,0.000,1.50,0.78,-1.927,-0.473,4.000,-35.697,-26.443,41.000
1744538879.56,-1,0.476,-0.002,0.001,2,0.000,0.000,0.000,10,0.479,0.001,0.000,0.000,1.50,0.75,-1.927,-0.473,4.000,-35.697,-26.443,41.000
1744538879.56,-1,0.476,-0.002,0.001,2,0.000,0.000,0.000,10,0.479,0.001,0.000,0.000,1.50,0.75,-1.927,-0.473,4.000,-35.697,-26.443,41.000
1744538879.56,-1,0.476,-0.002,0.001,2,0.000,0.000,0.000,10,0.479,0.001,0.000,0.000,1.50,0.75,-1.927,-0.473,4.000,-35.697,-26.443,41.000
1744538879.56,-1,0.476,-0.002,0.001,2,0.000,0.000,0.000,10,0.479,0.001,0.000,0.000,1.50,0.75,-1.927,-0.473,4.000,-35.697,-26.443,41.000
1744538879.59,-1,0.476,-0.002,0.001,2,0.000,0.000,0.000,10,0.479,0.001,0.000,0.000,1.50,0.75,-1.927,-0.473,4.000,-35.697,-26.443,41.000
1744538879.59,-1,0.476,-0.002,0.001,2,0.000,0.000,0.000,10,0.479,0.001,0.000,0.000,1.50,0.84,-1.927,-0.473,4.000,-35.697,-26.443,41.000
1744538879.59,-1,0.476,-0.002,0.001,2,0.000,0.000,0.000,10,0.479,0.001,0.000,0.000,1.50,0.84,-1.927,-0.473,4.000,-35.697,-26.443,41.000
1744538879.59,-1,0.476,-0.002,0.001,2,0.000,0.000,0.000,10,0.479,0.001,0.000,0.000,1.50,0.84,-1.927,-0.473,4.000,-35.697,-26.443,41.000
1744538879.59,-1,0.476,-0.002,0.001,2,0.000,0.000,0.000,10,0.479,0.001,0.000,0.000,1.50,0.84,-1.927,-0.473,4.000,-35.697,-26.443,41.000
1744538879.61,-1,0.476,-0.002,0.001,2,0.000,0.000,0.000,10,0.479,0.001,0.000,0.000,1.50,0.84,-1.927,-0.473,4.000,-35.697,-26.443,41.000
1744538879.61,-1,0.476,-0.002,0.001,2,0.000,0.000,0.000,10,0.479,0.001,0.000,0.000,1.50,0.87,-1.927,-0.473,4.000,-35.697,-26.443,41.000
1744538879.61,-1,0.476,-0.002,0.001,2,0.000,0.000,0.000,10,0.479,0.001,0.000,0.000,1.50,0.87,-1.927,-0.473,4.000,-35.697,-26.443,41.000
1744538879.62,-1,0.476,-0.002,0.001,2,0.000,0.000,0.000,10,0.479,0.001,0.000,0.000,1.50,0.87,-1.927,-0.473,4.000,-35.697,-26.443,41.000
1744538879.62,-1,0.476,-0.002,0.001,2,0.000,0.000,0.000,10,0.479,0.001,0.000,0.000,1.50,0.87,-1.927,-0.473,4.000,-35.697,-26.443,41.000
1744538879.62,-1,0.476,-0.002,0.001,2,0.000,0.000,0.000,10,0.479,0.001,0.000,0.000,1.50,0.87,-1.927,-0.473,4.000,-35.697,-26.443,41.000
1744538879.62,-1,0.476,-0.002,0.001,2,0.000,0.000,0.000,10,0.479,0.001,0.000,0.000,1.50,0.78,-1.927,-0.473,4.000,-35.697,-26.443,41.000
1744538879.64,-1,0.476,-0.002,0.001,2,0.000,0.000,0.000,10,0.479,0.001,0.000,0.000,1.50,0.78,-1.927,-0.473,4.000,-35.697,-26.443,41.000
1744538879.66,-1,0.476,-0.002,0.001,2,0.000,0.000,0.000,10,0.479,0.001,0.000,0.000,1.50,0.78,-1.927,-0.473,4.000,-35.697,-26.443,41.000
1744538879.66,-1,0.476,-0.002,0.001,2,0.000,0.000,0.000,10,0.479,0.001,0.000,0.000,1.50,0.78,-1.927,-0.473,4.000,-35.697,-26.443,41.000
1744538879.67,-1,0.476,-0.002,0.001,2,0.000,0.000,0.000,10,0.479,0.001,0.000,0.000,1.50,0.78,-1.927,-0.473,4.000,-35.697,-26.443,41.000
1744538879.67,-1,0.476,-0.002,0.001,2,0.000,0.000,0.000,10,0.479,0.001,0.000,0.000,1.50,0.68,-1.927,-0.473,4.000,-35.697,-26.443,41.000
1744538879.67,-1,0.476,-0.002,0.001,2,0.000,0.000,0.000,10,0.479,0.001,0.000,0.000,1.50,0.68,-1.927,-0.473,4.000,-35.697,-26.443,41.000
1744538879.69,-1,0.476,-0.002,0.001,2,0.000,0.000,0.000,10,0.479,0.001,0.000,0.000,1.50,0.68,-1.927,-0.473,4.000,-35.697,-26.443,41.000
1744538879.69,-1,0.476,-0.002,0.001,2,0.000,0.000,0.000,10,0.479,0.001,0.000,0.000,1.50,0.68,-1.927,-0.473,4.000,-35.697,-26.443,41.000
1744538879.69,-1,0.476,-0.002,0.001,2,0.000,0.000,0.000,10,0.479,0.001,0.000,0.000,1.50,0.68,-1.927,-0.473,4.000,-35.697,-26.443,41.000
1744538879.69,-1,0.476,-0.002,0.001,2,0.000,0.000,0.000,10,0.479,0.001,0.000,0.000,1.50,0.78,-1.927,-0.473,4.000,-35.697,-26.443,41.000
1744538879.71,-1,0.476,-0.002,0.001,2,0.000,0.000,0.000,10,0.479,0.001,0.000,0.000,1.50,0.78,-1.927,-0.473,4.000,-35.697,-26.443,41.000
1744538879.71,-1,0.476,-0.002,0.001,2,0.000,0.000,0.000,10,0.479,0.001,0.000,0.000,1.50,0.78,-1.927,-0.473,4.000,-35.697,-26.443,41.000
1744538879.72,-1,0.476,-0.002,0.001,2,0.000,0.000,0.000,10,0.479,0.001,0.000,0.000,1.50,0.78,-1.927,-0.473,4.000,-35.697,-26.443,41.000
1744538879.74,-1,0.476,-0.002,0.001,2,0.000,0.000,0.000,10,0.479,0.001,0.000,0.000,1.50,0.78,-1.927,-0.473,4.000,-35.697,-26.443,41.000
1744538879.74,-1,0.476,-0.002,0.001,2,0.000,0.000,0.000,10,0.479,0.001,0.000,0.000,1.50,0.92,-1.927,-0.473,4.000,-35.697,-26.443,41.000
1744538879.74,-1,0.476,-0.002,0.001,2,0.000,0.000,0.000,10,0.479,0.001,0.000,0.000,1.50,0.92,-1.927,-0.473,4.000,-35.697,-26.443,41.000
1744538879.76,-1,0.476,-0.002,0.001,2,0.000,0.000,0.000,10,0.479,0.001,0.000,0.000,1.50,0.92,-1.927,-0.473,4.000,-35.697,-26.443,41.000
1744538879.76,-1,0.476,-0.002,0.001,2,0.000,0.000,0.000,10,0.479,0.001,0.000,0.000,1.50,0.92,-1.927,-0.473,4.000,-35.697,-26.443,41.000
1744538879.76,-1,0.476,-0.002,0.001,2,0.000,0.000,0.000,10,0.479,0.001,0.000,0.000,1.50,0.92,-1.927,-0.473,4.000,-35.697,-26.443,41.000
1744538879.76,-1,0.476,-0.002,0.001,2,0.000,0.000,0.000,10,0.479,0.001,0.000,0.000,1.50,1.01,-1.927,-0.473,4.000,-35.697,-26.443,41.000
1744538879.76,-1,0.476,-0.002,0.001,2,0.000,0.000,0.000,10,0.479,0.001,0.000,0.000,1.50,1.01,-1.927,-0.473,4.000,-35.697,-26.443,41.000
1744538879.79,-1,0.476,-0.002,0.001,2,0.000,0.000,0.000,10,0.479,0.001,0.000,0.000,1.50,1.01,-1.927,-0.473,4.000,-35.697,-26.443,41.000
1744538879.79,-1,0.476,-0.002,0.001,2,0.000,0.000,0.000,10,0.479,0.001,0.000,0.000,1.50,1.01,-1.927,-0.473,4.000,-35.697,-26.443,41.000
1744538879.79,-1,0.476,-0.002,0.001,2,0.000,0.000,0.000,10,0.479,0.001,0.000,0.000,1.50,1.01,-1.927,-0.473,4.000,-35.697,-26.443,41.000
1744538879.79,-1,0.476,-0.002,0.001,2,0.000,0.000,0.000,10,0.479,0.001,0.000,0.000,1.50,1.02,-1.927,-0.473,4.000,-35.697,-26.443,41.000
1744538879.79,-1,0.476,-0.002,0.001,2,0.000,0.000,0.000,10,0.479,0.001,0.000,0.000,1.50,1.02,-1.927,-0.473,4.000,-35.697,-26.443,41.000
1744538879.79,-1,0.476,-0.002,0.001,2,0.000,0.000,0.000,10,0.479,0.001,0.000,0.000,1.50,1.02,-1.927,-0.473,4.000,-35.697,-26.443,41.000
1744538879.79,-1,0.476,-0.002,0.001,2,0.000,0.000,0.000,10,0.479,0.001,0.000,0.000,1.50,1.02,-1.927,-0.473,4.000,-35.697,-26.443,41.000
1744538879.83,-1,0.476,-0.002,0.001,2,0.000,0.000,0.000,10,0.479,0.001,0.000,0.000,1.50,1.02,-1.927,-0.473,4.000,-35.697,-26.443,41.000
1744538879.83,-1,0.476,-0.002,0.001,2,0.000,0.000,0.000,10,0.479,0.001,0.000,0.000,1.50,0.93,-1.927,-0.473,4.000,-35.697,-26.443,41.000
1744538879.83,-1,0.476,-0.002,0.001,2,0.000,0.000,0.000,10,0.479,0.001,0.000,0.000,1.50,0.93,-1.927,-0.473,4.000,-35.697,-26.443,41.000
1744538879.84,-1,0.476,-0.002,0.001,2,0.000,0.000,0.000,10,0.479,0.001,0.000,0.000,1.50,0.93,-1.927,-0.473,4.000,-35.697,-26.443,41.000
1744538879.84,-1,0.476,-0.002,0.001,2,0.000,0.000,0.000,10,0.479,0.001,0.000,0.000,1.50,0.93,-1.927,-0.473,4.000,-35.697,-26.443,41.000
1744538879.85,-1,0.476,-0.002,0.001,2,0.000,0.000,0.000,10,0.479,0.001,0.000,0.000,1.50,0.93,-1.927,-0.473,4.000,-35.697,-26.443,41.000
1744538879.85,-1,0.476,-0.002,0.001,2,0.000,0.000,0.000,10,0.479,0.001,0.000,0.000,1.50,0.86,-1.927,-0.473,4.000,-35.697,-26.443,41.000
1744538879.85,-1,0.476,-0.002,0.001,2,0.000,0.000,0.000,10,0.479,0.001,0.000,0.000,1.50,0.86,-1.927,-0.473,4.000,-35.697,-26.443,41.000
1744538879.86,-1,0.476,-0.002,0.001,2,0.000,0.000,0.000,10,0.479,0.001,0.000,0.000,1.50,0.86,-1.927,-0.473,4.000,-35.697,-26.443,41.000
1744538879.86,-1,0.476,-0.002,0.001,2,0.000,0.000,0.000,10,0.479,0.001,0.000,0.000,1.50,0.86,-1.927,-0.473,4.000,-35.697,-26.443,41.000
1744538879.88,-1,0.476,-0.002,0.001,2,0.000,0.000,0.000,10,0.479,0.001,0.000,0.000,1.50,0.86,-1.927,-0.473,4.000,-35.697,-26.443,41.000
1744538879.88,-1,0.476,-0.002,0.001,2,0.000,0.000,0.000,10,0.479,0.001,0.000,0.000,1.50,0.78,-1.927,-0.473,4.000,-35.697,-26.443,41.000
1744538879.88,-1,0.476,-0.002,0.001,2,0.000,0.000,0.000,10,0.479,0.001,0.000,0.000,1.50,0.78,-1.927,-0.473,4.000,-35.697,-26.443,41.000
1744538879.90,-1,0.476,-0.002,0.001,2,0.000,0.000,0.000,10,0.479,0.001,0.000,0.000,1.50,0.78,-1.927,-0.473,4.000,-35.697,-26.443,41.000
1744538879.90,-1,0.476,-0.002,0.001,2,0.000,0.000,0.000,10,0.479,0.001,0.000,0.000,1.50,0.78,-1.927,-0.473,4.000,-35.697,-26.443,41.000
1744538879.95,-1,0.476,-0.002,0.001,2,0.000,0.000,0.000,10,0.479,0.001,0.000,0.000,1.50,0.78,-1.927,-0.473,4.000,-35.697,-26.443,41.000
1744538879.95,-1,0.476,-0.002,0.001,2,0.000,0.000,0.000,10,0.479,0.001,0.000,0.000,1.50,0.83,-1.927,-0.473,4.000,-35.697,-26.443,41.000
1744538879.95,-1,0.476,-0.002,0.001,2,0.000,0.000,0.000,10,0.479,0.001,0.000,0.000,1.50,0.83,-1.927,-0.473,4.000,-35.697,-26.443,41.000
1744538879.96,-1,0.476,-0.002,0.001,2,0.000,0.000,0.000,10,0.479,0.001,0.000,0.000,1.50,0.83,-1.927,-0.473,4.000,-35.697,-26.443,41.000
1744538879.96,-1,0.476,-0.002,0.001,2,0.000,0.000,0.000,10,0.479,0.001,0.000,0.000,1.50,0.83,-1.927,-0.473,4.000,-35.697,-26.443,41.000
1744538879.96,-1,0.476,-0.002,0.001,2,0.000,0.000,0.000,10,0.479,0.001,0.000,0.000,1.50,0.83,-1.927,-0.473,4.000,-35.697,-26.443,41.000
1744538879.96,-1,0.476,-0.002,0.001,2,0.000,0.000,0.000,10,0.479,0.001,0.000,0.000,1.50,0.93,-1.927,-0.473,4.000,-35.697,-26.443,41.000
1744538879.96,-1,0.476,-0.002,0.001,2,0.000,0.000,0.000,10,0.479,0.001,0.000,0.000,1.50,0.93,-1.927,-0.473,4.000,-35.697,-26.443,41.000
1744538879.96,-1,0.476,-0.002,0.001,2,0.000,0.000,0.000,10,0.479,0.001,0.000,0.000,1.50,0.93,-1.927,-0.473,4.000,-35.697,-26.443,41.000
1744538879.96,-1,0.476,-0.002,0.001,2,0.000,0.000,0.000,10,0.479,0.001,0.000,0.000,1.50,0.93,-1.927,-0.473,4.000,-35.697,-26.443,41.000
1744538879.96,-1,0.476,-0.002,0.001,2,0.000,0.000,0.000,10,0.479,0.001,0.000,0.000,1.50,0.93,-1.927,-0.473,4.000,-35.697,-26.443,41.000
# remark: robobot/cmd/ti/alive 2025-04-13 12:07:52.918866
1744538879.98,-1,0.476,-0.002,0.001,2,0.000,0.000,0.000,10,0.479,0.001,0.000,0.000,1.50,1.01,-1.927,-0.473,4.000,-35.697,-26.443,41.000
1744538879.98,-1,0.476,-0.002,0.001,2,0.000,0.000,0.000,10,0.479,0.001,0.000,0.000,1.50,1.01,-1.927,-0.473,4.000,-35.697,-26.443,41.000
1744538879.98,-1,0.476,-0.002,0.001,2,0.000,0.000,0.000,10,0.479,0.001,0.000,0.000,1.50,1.01,-1.927,-0.473,4.000,-35.697,-26.443,41.000
1744538879.98,-1,0.476,-0.002,0.001,2,0.000,0.000,0.000,10,0.479,0.001,0.000,0.000,1.50,1.01,-1.927,-0.473,4.000,-35.697,-26.443,41.000
1744538880.01,-1,0.476,-0.002,0.001,2,0.000,0.000,0.000,10,0.479,0.001,0.000,0.000,1.50,1.01,-1.927,-0.473,4.000,-35.697,-26.443,41.000
1744538880.01,-1,0.476,-0.002,0.001,2,0.000,0.000,0.000,10,0.479,0.001,0.000,0.000,1.50,0.87,-1.927,-0.473,4.000,-35.697,-26.443,41.000
1744538880.01,-1,0.476,-0.002,0.001,2,0.000,0.000,0.000,10,0.479,0.001,0.000,0.000,1.50,0.87,-1.927,-0.473,4.000,-35.697,-26.443,41.000
1744538880.01,-1,0.476,-0.002,0.001,2,0.000,0.000,0.000,10,0.479,0.001,0.000,0.000,1.50,0.87,-1.927,-0.473,4.000,-35.697,-26.443,41.000
1744538880.01,-1,0.476,-0.002,0.001,2,0.000,0.000,0.000,10,0.479,0.001,0.000,0.000,1.50,0.87,-1.927,-0.473,4.000,-35.697,-26.443,41.000
1744538880.03,-1,0.476,-0.002,0.001,2,0.000,0.000,0.000,10,0.479,0.001,0.000,0.000,1.50,0.87,-1.927,-0.473,4.000,-35.697,-26.443,41.000
1744538880.03,-1,0.476,-0.002,0.001,2,0.000,0.000,0.000,10,0.479,0.001,0.000,0.000,1.50,0.85,-1.927,-0.473,4.000,-35.697,-26.443,41.000
1744538880.03,-1,0.476,-0.002,0.001,2,0.000,0.000,0.000,10,0.479,0.001,0.000,0.000,1.50,0.85,-1.927,-0.473,4.000,-35.697,-26.443,41.000
1744538880.04,-1,0.476,-0.002,0.001,2,0.000,0.000,0.000,10,0.479,0.001,0.000,0.000,1.50,0.85,-1.927,-0.473,4.000,-35.697,-26.443,41.000
1744538880.04,-1,0.476,-0.002,0.001,2,0.000,0.000,0.000,10,0.479,0.001,0.000,0.000,1.50,0.85,-1.927,-0.473,4.000,-35.697,-26.443,41.000
1744538880.06,-1,0.476,-0.002,0.001,2,0.000,0.000,0.000,10,0.479,0.001,0.000,0.000,1.50,0.85,-1.927,-0.473,4.000,-35.697,-26.443,41.000
1744538880.06,-1,0.476,-0.002,0.001,2,0.000,0.000,0.000,10,0.479,0.001,0.000,0.000,1.50,0.86,-1.927,-0.473,4.000,-35.697,-26.443,41.000
1744538880.06,-1,0.476,-0.002,0.001,2,0.000,0.000,0.000,10,0.479,0.001,0.000,0.000,1.50,0.86,-1.927,-0.473,4.000,-35.697,-26.443,41.000
1744538880.08,-1,0.476,-0.002,0.001,2,0.000,0.000,0.000,10,0.479,0.001,0.000,0.000,1.50,0.86,-1.927,-0.473,4.000,-35.697,-26.443,41.000
1744538880.08,-1,0.476,-0.002,0.001,2,0.000,0.000,0.000,10,0.479,0.001,0.000,0.000,1.50,0.86,-1.927,-0.473,4.000,-35.697,-26.443,41.000
1744538880.08,-1,0.476,-0.002,0.001,2,0.000,0.000,0.000,10,0.479,0.001,0.000,0.000,1.50,0.86,-1.927,-0.473,4.000,-35.697,-26.443,41.000
1744538880.08,-1,0.476,-0.002,0.001,2,0.000,0.000,0.000,10,0.479,0.001,0.000,0.000,1.50,0.82,-1.927,-0.473,4.000,-35.697,-26.443,41.000
1744538880.11,-1,0.476,-0.002,0.001,2,0.000,0.000,0.000,10,0.479,0.001,0.000,0.000,1.50,0.82,-1.927,-0.473,4.000,-35.697,-26.443,41.000
1744538880.11,-1,0.476,-0.002,0.001,2,0.000,0.000,0.000,10,0.479,0.001,0.000,0.000,1.50,0.82,-1.927,-0.473,4.000,-35.697,-26.443,41.000
1744538880.11,-1,0.476,-0.002,0.001,2,0.000,0.000,0.000,10,0.479,0.001,0.000,0.000,1.50,0.82,-1.927,-0.473,4.000,-35.697,-26.443,41.000
1744538880.11,-1,0.476,-0.002,0.001,2,0.000,0.000,0.000,10,0.479,0.001,0.000,0.000,1.50,0.82,-1.927,-0.473,4.000,-35.697,-26.443,41.000
1744538880.11,-1,0.476,-0.002,0.001,2,0.000,0.000,0.000,10,0.479,0.001,0.000,0.000,1.50,0.80,-1.927,-0.473,4.000,-35.697,-26.443,41.000
1744538880.14,-1,0.476,-0.002,0.001,2,0.000,0.000,0.000,10,0.479,0.001,0.000,0.000,1.50,0.80,-1.927,-0.473,4.000,-35.697,-26.443,41.000
1744538880.14,-1,0.476,-0.002,0.001,2,0.000,0.000,0.000,10,0.479,0.001,0.000,0.000,1.50,0.80,-1.927,-0.473,4.000,-35.697,-26.443,41.000
1744538880.14,-1,0.476,-0.002,0.001,2,0.000,0.000,0.000,10,0.479,0.001,0.000,0.000,1.50,0.80,-1.927,-0.473,4.000,-35.697,-26.443,41.000
1744538880.14,-1,0.476,-0.002,0.001,2,0.000,0.000,0.000,10,0.479,0.001,0.000,0.000,1.50,0.80,-1.927,-0.473,4.000,-35.697,-26.443,41.000
1744538880.16,-1,0.476,-0.002,0.001,2,0.000,0.000,0.000,10,0.479,0.001,0.000,0.000,1.50,0.77,-1.927,-0.473,4.000,-35.697,-26.443,41.000
1744538880.16,-1,0.476,-0.002,0.001,2,0.000,0.000,0.000,10,0.479,0.001,0.000,0.000,1.50,0.77,-1.927,-0.473,4.000,-35.697,-26.443,41.000
1744538880.16,-1,0.476,-0.002,0.001,2,0.000,0.000,0.000,10,0.479,0.001,0.000,0.000,1.50,0.77,-1.927,-0.473,4.000,-35.697,-26.443,41.000
1744538880.16,-1,0.476,-0.002,0.001,2,0.000,0.000,0.000,10,0.479,0.001,0.000,0.000,1.50,0.77,-1.927,-0.473,4.000,-35.697,-26.443,41.000
1744538880.19,-1,0.476,-0.002,0.001,2,0.000,0.000,0.000,10,0.479,0.001,0.000,0.000,1.50,0.77,-1.927,-0.473,4.000,-35.697,-26.443,41.000
1744538880.19,-1,0.476,-0.002,0.001,2,0.000,0.000,0.000,10,0.479,0.001,0.000,0.000,1.50,0.75,-1.927,-0.473,4.000,-35.697,-26.443,41.000
1744538880.19,-1,0.476,-0.002,0.001,2,0.000,0.000,0.000,10,0.479,0.001,0.000,0.000,1.50,0.75,-1.927,-0.473,4.000,-35.697,-26.443,41.000
1744538880.19,-1,0.476,-0.002,0.001,2,0.000,0.000,0.000,10,0.479,0.001,0.000,0.000,1.50,0.75,-1.927,-0.473,4.000,-35.697,-26.443,41.000
1744538880.19,-1,0.476,-0.002,0.001,2,0.000,0.000,0.000,10,0.479,0.001,0.000,0.000,1.50,0.75,-1.927,-0.473,4.000,-35.697,-26.443,41.000
1744538880.21,-1,0.476,-0.002,0.001,2,0.000,0.000,0.000,10,0.479,0.001,0.000,0.000,1.50,0.75,-1.927,-0.473,4.000,-35.697,-26.443,41.000
1744538880.21,-1,0.476,-0.002,0.001,2,0.000,0.000,0.000,10,0.479,0.001,0.000,0.000,1.50,0.87,-1.927,-0.473,4.000,-35.697,-26.443,41.000
1744538880.21,-1,0.476,-0.002,0.001,2,0.000,0.000,0.000,10,0.479,0.001,0.000,0.000,1.50,0.87,-1.927,-0.473,4.000,-35.697,-26.443,41.000
1744538880.21,-1,0.476,-0.002,0.001,2,0.000,0.000,0.000,10,0.479,0.001,0.000,0.000,1.50,0.87,-1.927,-0.473,4.000,-35.697,-26.443,41.000
1744538880.21,-1,0.476,-0.002,0.001,2,0.000,0.000,0.000,10,0.479,0.001,0.000,0.000,1.50,0.87,-1.927,-0.473,4.000,-35.697,-26.443,41.000
1744538880.25,-1,0.476,-0.002,0.001,2,0.000,0.000,0.000,10,0.479,0.001,0.000,0.000,1.50,0.87,-1.927,-0.473,4.000,-35.697,-26.443,41.000
1744538880.25,-1,0.476,-0.002,0.001,2,0.000,0.000,0.000,10,0.479,0.001,0.000,0.000,1.50,0.92,-1.927,-0.473,4.000,-35.697,-26.443,41.000
1744538880.25,-1,0.476,-0.002,0.001,2,0.000,0.000,0.000,10,0.479,0.001,0.000,0.000,1.50,0.92,-1.927,-0.473,4.000,-35.697,-26.443,41.000
1744538880.25,-1,0.476,-0.002,0.001,2,0.000,0.000,0.000,10,0.479,0.001,0.000,0.000,1.50,0.92,-1.927,-0.473,4.000,-35.697,-26.443,41.000
1744538880.25,-1,0.476,-0.002,0.001,2,0.000,0.000,0.000,10,0.479,0.001,0.000,0.000,1.50,0.92,-1.927,-0.473,4.000,-35.697,-26.443,41.000
1744538880.27,-1,0.476,-0.002,0.001,2,0.000,0.000,0.000,10,0.479,0.001,0.000,0.000,1.50,0.92,-1.927,-0.473,4.000,-35.697,-26.443,41.000
1744538880.28,-1,0.476,-0.002,0.001,2,0.000,0.000,0.000,10,0.479,0.001,0.000,0.000,1.50,0.88,-1.927,-0.473,4.000,-35.697,-26.443,41.000
1744538880.28,-1,0.476,-0.002,0.001,2,0.000,0.000,0.000,10,0.479,0.001,0.000,0.000,1.50,0.88,-1.927,-0.473,4.000,-35.697,-26.443,41.000
1744538880.28,-1,0.476,-0.002,0.001,2,0.000,0.000,0.000,10,0.479,0.001,0.000,0.000,1.50,0.88,-1.927,-0.473,4.000,-35.697,-26.443,41.000
1744538880.28,-1,0.476,-0.002,0.001,2,0.000,0.000,0.000,10,0.479,0.001,0.000,0.000,1.50,0.88,-1.927,-0.473,4.000,-35.697,-26.443,41.000
1744538880.29,-1,0.476,-0.002,0.001,2,0.000,0.000,0.000,10,0.479,0.001,0.000,0.000,1.50,0.88,-1.927,-0.473,4.000,-35.697,-26.443,41.000
1744538880.29,-1,0.476,-0.002,0.001,2,0.000,0.000,0.000,10,0.479,0.001,0.000,0.000,1.50,0.72,-1.927,-0.473,4.000,-35.697,-26.443,41.000
1744538880.29,-1,0.476,-0.002,0.001,2,0.000,0.000,0.000,10,0.479,0.001,0.000,0.000,1.50,0.72,-1.927,-0.473,4.000,-35.697,-26.443,41.000
1744538880.32,-1,0.476,-0.002,0.001,2,0.000,0.000,0.000,10,0.479,0.001,0.000,0.000,1.50,0.72,-1.927,-0.473,4.000,-35.697,-26.443,41.000
1744538880.32,-1,0.476,-0.002,0.001,2,0.000,0.000,0.000,10,0.479,0.001,0.000,0.000,1.50,0.72,-1.927,-0.473,4.000,-35.697,-26.443,41.000
1744538880.32,-1,0.476,-0.002,0.001,2,0.000,0.000,0.000,10,0.479,0.001,0.000,0.000,1.50,0.72,-1.927,-0.473,4.000,-35.697,-26.443,41.000
1744538880.32,-1,0.476,-0.002,0.001,2,0.000,0.000,0.000,10,0.479,0.001,0.000,0.000,1.50,0.56,-1.927,-0.473,4.000,-35.697,-26.443,41.000
1744538880.35,-1,0.476,-0.002,0.001,2,0.000,0.000,0.000,10,0.479,0.001,0.000,0.000,1.50,0.56,-1.927,-0.473,4.000,-35.697,-26.443,41.000
1744538880.35,-1,0.476,-0.002,0.001,2,0.000,0.000,0.000,10,0.479,0.001,0.000,0.000,1.50,0.56,-1.927,-0.473,4.000,-35.697,-26.443,41.000
1744538880.35,-1,0.476,-0.002,0.001,2,0.000,0.000,0.000,10,0.479,0.001,0.000,0.000,1.50,0.56,-1.927,-0.473,4.000,-35.697,-26.443,41.000
1744538880.35,-1,0.476,-0.002,0.001,2,0.000,0.000,0.000,10,0.479,0.001,0.000,0.000,1.50,0.56,-1.927,-0.473,4.000,-35.697,-26.443,41.000
1744538880.37,-1,0.476,-0.002,0.001,2,0.000,0.000,0.000,10,0.479,0.001,0.000,0.000,1.50,0.44,-1.927,-0.473,4.000,-35.697,-26.443,41.000
1744538880.37,-1,0.476,-0.002,0.001,2,0.000,0.000,0.000,10,0.479,0.001,0.000,0.000,1.50,0.44,-1.927,-0.473,4.000,-35.697,-26.443,41.000
1744538880.37,-1,0.476,-0.002,0.001,2,0.000,0.000,0.000,10,0.479,0.001,0.000,0.000,1.50,0.44,-1.927,-0.473,4.000,-35.697,-26.443,41.000
1744538880.37,-1,0.476,-0.002,0.001,2,0.000,0.000,0.000,10,0.479,0.001,0.000,0.000,1.50,0.44,-1.927,-0.473,4.000,-35.697,-26.443,41.000
1744538880.39,-1,0.476,-0.002,0.001,2,0.000,0.000,0.000,10,0.479,0.001,0.000,0.000,1.50,0.44,-1.927,-0.473,4.000,-35.697,-26.443,41.000
1744538880.39,-1,0.476,-0.002,0.001,2,0.000,0.000,0.000,10,0.479,0.001,0.000,0.000,1.50,0.29,-1.927,-0.473,4.000,-35.697,-26.443,41.000
1744538880.39,-1,0.476,-0.002,0.001,2,0.000,0.000,0.000,10,0.479,0.001,0.000,0.000,1.50,0.29,-1.927,-0.473,4.000,-35.697,-26.443,41.000
1744538880.39,-1,0.476,-0.002,0.001,2,0.000,0.000,0.000,10,0.479,0.001,0.000,0.000,1.50,0.29,-1.927,-0.473,4.000,-35.697,-26.443,41.000
1744538880.39,-1,0.476,-0.002,0.001,2,0.000,0.000,0.000,10,0.479,0.001,0.000,0.000,1.50,0.29,-1.927,-0.473,4.000,-35.697,-26.443,41.000
# remark: robobot/cmd/ti/rc 0.0 0.0
1744538880.42,-1,0.476,-0.002,0.001,2,0.000,0.000,0.000,10,0.479,0.001,0.000,0.000,1.50,0.29,-1.927,-0.473,4.000,-35.697,-26.443,41.000
1744538880.42,-1,0.476,-0.002,0.001,2,0.000,0.000,0.000,10,0.479,0.001,0.000,0.000,1.50,0.22,-1.927,-0.473,4.000,-35.697,-26.443,41.000
1744538880.42,-1,0.476,-0.002,0.001,2,0.000,0.000,0.000,10,0.479,0.001,0.000,0.000,1.50,0.22,-1.927,-0.473,4.000,-35.697,-26.443,41.000
1744538880.44,-1,0.476,-0.002,0.001,2,0.000,0.000,0.000,10,0.479,0.001,0.000,0.000,1.50,0.22,-1.927,-0.473,4.000,-35.697,-26.443,41.000
1744538880.44,-1,0.476,-0.002,0.001,2,0.000,0.000,0.000,10,0.479,0.001,0.000,0.000,1.50,0.22,-1.927,-0.473,4.000,-35.697,-26.443,41.000
1744538880.44,-1,0.476,-0.002,0.001,2,0.000,0.000,0.000,10,0.479,0.001,0.000,0.000,1.50,0.22,-1.927,-0.473,4.000,-35.697,-26.443,41.000
1744538880.44,-1,0.476,-0.002,0.001,2,0.000,0.000,0.000,10,0.479,0.001,0.000,0.000,1.50,0.18,-1.927,-0.473,4.000,-35.697,-26.443,41.000
1744538880.44,-1,0.476,-0.002,0.001,2,0.000,0.000,0.000,10,0.479,0.001,0.000,0.000,1.50,0.18,-1.927,-0.473,4.000,-35.697,-26.443,41.000
1744538880.46,-1,0.476,-0.002,0.001,2,0.000,0.000,0.000,10,0.479,0.001,0.000,0.000,1.50,0.18,-1.927,-0.473,4.000,-35.697,-26.443,41.000
1744538880.46,-1,0.476,-0.002,0.001,2,0.000,0.000,0.000,10,0.479,0.001,0.000,0.000,1.50,0.18,-1.927,-0.473,4.000,-35.697,-26.443,41.000
1744538880.46,-1,0.476,-0.002,0.001,2,0.000,0.000,0.000,10,0.479,0.001,0.000,0.000,1.50,0.18,-1.927,-0.473,4.000,-35.697,-26.443,41.000
1744538880.47,-1,0.476,-0.002,0.001,2,0.000,0.000,0.000,10,0.479,0.001,0.000,0.000,1.50,0.15,-1.927,-0.473,4.000,-35.697,-26.443,41.000
1744538880.49,-1,0.476,-0.002,0.001,2,0.000,0.000,0.000,10,0.479,0.001,0.000,0.000,1.50,0.15,-1.927,-0.473,4.000,-35.697,-26.443,41.000
1744538880.49,-1,0.476,-0.002,0.001,2,0.000,0.000,0.000,10,0.479,0.001,0.000,0.000,1.50,0.15,-1.927,-0.473,4.000,-35.697,-26.443,41.000
1744538880.49,-1,0.476,-0.002,0.001,2,0.000,0.000,0.000,10,0.479,0.001,0.000,0.000,1.50,0.15,-1.927,-0.473,4.000,-35.697,-26.443,41.000
1744538880.49,-1,0.476,-0.002,0.001,2,0.000,0.000,0.000,10,0.479,0.001,0.000,0.000,1.50,0.15,-1.927,-0.473,4.000,-35.697,-26.443,41.000
1744538880.49,-1,0.476,-0.002,0.001,2,0.000,0.000,0.000,10,0.479,0.001,0.000,0.000,1.50,0.13,-1.927,-0.473,4.000,-35.697,-26.443,41.000
# remark: robobot/cmd/ti/rc 0.0 0.0
# remark: robobot/cmd/T0/leds 16 0 0 0
1744538880.52,-1,0.476,-0.002,0.001,2,0.000,0.000,0.000,10,0.479,0.001,0.000,0.000,1.50,0.13,-1.927,-0.473,4.000,-35.697,-26.443,41.000
1744538880.52,-1,0.476,-0.002,0.001,2,0.000,0.000,0.000,10,0.479,0.001,0.000,0.000,1.50,0.13,-1.927,-0.473,4.000,-35.697,-26.443,41.000
1744538880.52,-1,0.476,-0.002,0.001,2,0.000,0.000,0.000,10,0.479,0.001,0.000,0.000,1.50,0.13,-1.927,-0.473,4.000,-35.697,-26.443,41.000
# remark: robobot/cmd/ti/alive 2025-04-13 12:07:52.918866
1744538880.54,-1,0.476,-0.002,0.001,2,0.000,0.000,0.000,10,0.479,0.001,0.000,0.000,1.50,0.13,-1.927,-0.473,4.000,-35.697,-26.443,41.000
1744538880.54,-1,0.476,-0.002,0.001,2,0.000,0.000,0.000,10,0.479,0.001,0.000,0.000,1.50,0.12,-1.927,-0.473,4.000,-35.697,-26.443,41.000
1744538880.54,-1,0.476,-0.002,0.001,2,0.000,0.000,0.000,10,0.479,0.001,0.000,0.000,1.50,0.12,-1.927,-0.473,4.000,-35.697,-26.443,41.000
1744538880.54,-1,0.476,-0.002,0.001,2,0.000,0.000,0.000,10,0.479,0.001,0.000,0.000,1.50,0.12,-1.927,-0.473,4.000,-35.697,-26.443,41.000
1744538880.54,-1,0.476,-0.002,0.001,2,0.000,0.000,0.000,10,0.479,0.001,0.000,0.000,1.50,0.12,-1.927,-0.473,4.000,-35.697,-26.443,41.000
1744538880.56,-1,0.476,-0.002,0.001,2,0.000,0.000,0.000,10,0.479,0.001,0.000,0.000,1.50,0.12,-1.927,-0.473,4.000,-35.697,-26.443,41.000
1744538880.57,-1,0.476,-0.002,0.001,2,0.000,0.000,0.000,10,0.479,0.001,0.000,0.000,1.50,0.16,-1.927,-0.473,4.000,-35.697,-26.443,41.000
1744538880.57,-1,0.476,-0.002,0.001,2,0.000,0.000,0.000,10,0.479,0.001,0.000,0.000,1.50,0.16,-1.927,-0.473,4.000,-35.697,-26.443,41.000
1744538880.60,-1,0.476,-0.002,0.001,2,0.000,0.000,0.000,10,0.479,0.001,0.000,0.000,1.50,0.16,-1.927,-0.473,4.000,-35.697,-26.443,41.000
1744538880.60,-1,0.476,-0.002,0.001,2,0.000,0.000,0.000,10,0.479,0.001,0.000,0.000,1.50,0.16,-1.927,-0.473,4.000,-35.697,-26.443,41.000
1744538880.60,-1,0.476,-0.002,0.001,2,0.000,0.000,0.000,10,0.479,0.001,0.000,0.000,1.50,0.16,-1.927,-0.473,4.000,-35.697,-26.443,41.000
1744538880.60,-1,0.476,-0.002,0.001,2,0.000,0.000,0.000,10,0.479,0.001,0.000,0.000,1.50,0.18,-1.927,-0.473,4.000,-35.697,-26.443,41.000
1744538880.60,-1,0.476,-0.002,0.001,2,0.000,0.000,0.000,10,0.479,0.001,0.000,0.000,1.50,0.18,-1.927,-0.473,4.000,-35.697,-26.443,41.000
1744538880.62,-1,0.476,-0.002,0.001,2,0.000,0.000,0.000,10,0.479,0.001,0.000,0.000,1.50,0.18,-1.927,-0.473,4.000,-35.697,-26.443,41.000
1744538880.62,-1,0.476,-0.002,0.001,2,0.000,0.000,0.000,10,0.479,0.001,0.000,0.000,1.50,0.18,-1.927,-0.473,4.000,-35.697,-26.443,41.000
1744538880.62,-1,0.476,-0.002,0.001,2,0.000,0.000,0.000,10,0.479,0.001,0.000,0.000,1.50,0.18,-1.927,-0.473,4.000,-35.697,-26.443,41.000
1744538880.62,-1,0.476,-0.002,0.001,2,0.000,0.000,0.000,10,0.479,0.001,0.000,0.000,1.50,0.18,-1.927,-0.473,4.000,-35.697,-26.443,41.000
1744538880.64,-1,0.476,-0.002,0.001,2,0.000,0.000,0.000,10,0.479,0.001,0.000,0.000,1.50,0.18,-1.927,-0.473,4.000,-35.697,-26.443,41.000
1744538880.64,-1,0.476,-0.002,0.001,2,0.000,0.000,0.000,10,0.479,0.001,0.000,0.000,1.50,0.18,-1.927,-0.473,4.000,-35.697,-26.443,41.000
1744538880.64,-1,0.476,-0.002,0.001,2,0.000,0.000,0.000,10,0.479,0.001,0.000,0.000,1.50,0.18,-1.927,-0.473,4.000,-35.697,-26.443,41.000
1744538880.64,-1,0.476,-0.002,0.001,2,0.000,0.000,0.000,10,0.479,0.001,0.000,0.000,1.50,0.18,-1.927,-0.473,4.000,-35.697,-26.443,41.000
1744538880.64,-1,0.476,-0.002,0.001,2,0.000,0.000,0.000,10,0.479,0.001,0.000,0.000,1.50,0.17,-1.927,-0.473,4.000,-35.697,-26.443,41.000
1744538880.67,-1,0.476,-0.002,0.001,2,0.000,0.000,0.000,10,0.479,0.001,0.000,0.000,1.50,0.17,-1.927,-0.473,4.000,-35.697,-26.443,41.000
1744538880.67,-1,0.476,-0.002,0.001,2,0.000,0.000,0.000,10,0.479,0.001,0.000,0.000,1.50,0.17,-1.927,-0.473,4.000,-35.697,-26.443,41.000
1744538880.67,-1,0.476,-0.002,0.001,2,0.000,0.000,0.000,10,0.479,0.001,0.000,0.000,1.50,0.17,-1.927,-0.473,4.000,-35.697,-26.443,41.000
1744538880.67,-1,0.476,-0.002,0.001,2,0.000,0.000,0.000,10,0.479,0.001,0.000,0.000,1.50,0.17,-1.927,-0.473,4.000,-35.697,-26.443,41.000
1744538880.67,-1,0.476,-0.002,0.001,2,0.000,0.000,0.000,10,0.479,0.001,0.000,0.000,1.50,0.18,-1.927,-0.473,4.000,-35.697,-26.443,41.000
1744538880.70,-1,0.476,-0.002,0.001,2,0.000,0.000,0.000,10,0.479,0.001,0.000,0.000,1.50,0.18,-1.927,-0.473,4.000,-35.697,-26.443,41.000
1744538880.70,-1,0.476,-0.002,0.001,2,0.000,0.000,0.000,10,0.479,0.001,0.000,0.000,1.50,0.18,-1.927,-0.473,4.000,-35.697,-26.443,41.000
1744538880.70,-1,0.476,-0.002,0.001,2,0.000,0.000,0.000,10,0.479,0.001,0.000,0.000,1.50,0.18,-1.927,-0.473,4.000,-35.697,-26.443,41.000
1744538880.70,-1,0.476,-0.002,0.001,2,0.000,0.000,0.000,10,0.479,0.001,0.000,0.000,1.50,0.18,-1.927,-0.473,4.000,-35.697,-26.443,41.000
1744538880.70,-1,0.476,-0.002,0.001,2,0.000,0.000,0.000,10,0.479,0.001,0.000,0.000,1.50,0.19,-1.927,-0.473,4.000,-35.697,-26.443,41.000
1744538880.74,-1,0.476,-0.002,0.001,2,0.000,0.000,0.000,10,0.479,0.001,0.000,0.000,1.50,0.19,-1.927,-0.473,4.000,-35.697,-26.443,41.000
1744538880.74,-1,0.476,-0.002,0.001,2,0.000,0.000,0.000,10,0.479,0.001,0.000,0.000,1.50,0.19,-1.927,-0.473,4.000,-35.697,-26.443,41.000
1744538880.74,-1,0.476,-0.002,0.001,2,0.000,0.000,0.000,10,0.479,0.001,0.000,0.000,1.50,0.19,-1.927,-0.473,4.000,-35.697,-26.443,41.000
1744538880.74,-1,0.476,-0.002,0.001,2,0.000,0.000,0.000,10,0.479,0.001,0.000,0.000,1.50,0.19,-1.927,-0.473,4.000,-35.697,-26.443,41.000
1744538880.74,-1,0.476,-0.002,0.001,2,0.000,0.000,0.000,10,0.479,0.001,0.000,0.000,1.50,0.19,-1.927,-0.473,4.000,-35.697,-26.443,41.000
1744538880.77,-1,0.476,-0.002,0.001,2,0.000,0.000,0.000,10,0.479,0.001,0.000,0.000,1.50,0.19,-1.927,-0.473,4.000,-35.697,-26.443,41.000
1744538880.77,-1,0.476,-0.002,0.001,2,0.000,0.000,0.000,10,0.479,0.001,0.000,0.000,1.50,0.19,-1.927,-0.473,4.000,-35.697,-26.443,41.000
1744538880.77,-1,0.476,-0.002,0.001,2,0.000,0.000,0.000,10,0.479,0.001,0.000,0.000,1.50,0.19,-1.927,-0.473,4.000,-35.697,-26.443,41.000
1744538880.77,-1,0.476,-0.002,0.001,2,0.000,0.000,0.000,10,0.479,0.001,0.000,0.000,1.50,0.19,-1.927,-0.473,4.000,-35.697,-26.443,41.000
1744538880.77,-1,0.476,-0.002,0.001,2,0.000,0.000,0.000,10,0.479,0.001,0.000,0.000,1.50,0.19,-1.927,-0.473,4.000,-35.697,-26.443,41.000
1744538880.79,-1,0.476,-0.002,0.001,2,0.000,0.000,0.000,10,0.479,0.001,0.000,0.000,1.50,0.19,-1.927,-0.473,4.000,-35.697,-26.443,41.000
1744538880.79,-1,0.476,-0.002,0.001,2,0.000,0.000,0.000,10,0.479,0.001,0.000,0.000,1.50,0.19,-1.927,-0.473,4.000,-35.697,-26.443,41.000
1744538880.79,-1,0.476,-0.002,0.001,2,0.000,0.000,0.000,10,0.479,0.001,0.000,0.000,1.50,0.19,-1.927,-0.473,4.000,-35.697,-26.443,41.000
1744538880.80,-1,0.476,-0.002,0.001,2,0.000,0.000,0.000,10,0.479,0.001,0.000,0.000,1.50,0.19,-1.927,-0.473,4.000,-35.697,-26.443,41.000
1744538880.80,-1,0.476,-0.002,0.001,2,0.000,0.000,0.000,10,0.479,0.001,0.000,0.000,1.50,0.19,-1.927,-0.473,4.000,-35.697,-26.443,41.000
1744538880.82,-1,0.476,-0.002,0.001,2,0.000,0.000,0.000,10,0.479,0.001,0.000,0.000,1.50,0.19,-1.927,-0.473,4.000,-35.697,-26.443,41.000
1744538880.82,-1,0.476,-0.002,0.001,2,0.000,0.000,0.000,10,0.479,0.001,0.000,0.000,1.50,0.19,-1.927,-0.473,4.000,-35.697,-26.443,41.000
1744538880.82,-1,0.476,-0.002,0.001,2,0.000,0.000,0.000,10,0.479,0.001,0.000,0.000,1.50,0.19,-1.927,-0.473,4.000,-35.697,-26.443,41.000
1744538880.85,-1,0.476,-0.002,0.001,2,0.000,0.000,0.000,10,0.479,0.001,0.000,0.000,1.50,0.19,-1.927,-0.473,4.000,-35.697,-26.443,41.000
1744538880.85,-1,0.476,-0.002,0.001,2,0.000,0.000,0.000,10,0.479,0.001,0.000,0.000,1.50,0.19,-1.927,-0.473,4.000,-35.697,-26.443,41.000
1744538880.85,-1,0.476,-0.002,0.001,2,0.000,0.000,0.000,10,0.479,0.001,0.000,0.000,1.50,0.19,-1.927,-0.473,4.000,-35.697,-26.443,41.000
1744538880.85,-1,0.476,-0.002,0.001,2,0.000,0.000,0.000,10,0.479,0.001,0.000,0.000,1.50,0.19,-1.927,-0.473,4.000,-35.697,-26.443,41.000
1744538880.85,-1,0.476,-0.002,0.001,2,0.000,0.000,0.000,10,0.479,0.001,0.000,0.000,1.50,0.19,-1.927,-0.473,4.000,-35.697,-26.443,41.000
1744538880.88,-1,0.476,-0.002,0.001,2,0.000,0.000,0.000,10,0.479,0.001,0.000,0.000,1.50,0.19,-1.927,-0.473,4.000,-35.697,-26.443,41.000
1744538880.88,-1,0.476,-0.002,0.001,2,0.000,0.000,0.000,10,0.479,0.001,0.000,0.000,1.50,0.19,-1.927,-0.473,4.000,-35.697,-26.443,41.000
1744538880.88,-1,0.476,-0.002,0.001,2,0.000,0.000,0.000,10,0.479,0.001,0.000,0.000,1.50,0.19,-1.927,-0.473,4.000,-35.697,-26.443,41.000
1744538880.88,-1,0.476,-0.002,0.001,2,0.000,0.000,0.000,10,0.479,0.001,0.000,0.000,1.50,0.19,-1.927,-0.473,4.000,-35.697,-26.443,41.000
1744538880.88,-1,0.476,-0.002,0.001,2,0.000,0.000,0.000,10,0.479,0.001,0.000,0.000,1.50,0.19,-1.927,-0.473,4.000,-35.697,-26.443,41.000
1744538880.90,-1,0.476,-0.002,0.001,2,0.000,0.000,0.000,10,0.479,0.001,0.000,0.000,1.50,0.19,-1.927,-0.473,4.000,-35.697,-26.443,41.000
1744538880.90,-1,0.476,-0.002,0.001,2,0.000,0.000,0.000,10,0.479,0.001,0.000,0.000,1.50,0.19,-1.927,-0.473,4.000,-35.697,-26.443,41.000
1744538880.90,-1,0.476,-0.002,0.001,2,0.000,0.000,0.000,10,0.479,0.001,0.000,0.000,1.50,0.19,-1.927,-0.473,4.000,-35.697,-26.443,41.000
1744538880.91,-1,0.476,-0.002,0.001,2,0.000,0.000,0.000,10,0.479,0.001,0.000,0.000,1.50,0.19,-1.927,-0.473,4.000,-35.697,-26.443,41.000
1744538880.91,-1,0.476,-0.002,0.001,2,0.000,0.000,0.000,10,0.479,0.001,0.000,0.000,1.50,0.19,-1.927,-0.473,4.000,-35.697,-26.443,41.000
1744538880.93,-1,0.476,-0.002,0.001,2,0.000,0.000,0.000,10,0.479,0.001,0.000,0.000,1.50,0.19,-1.927,-0.473,4.000,-35.697,-26.443,41.000
1744538880.93,-1,0.476,-0.002,0.001,2,0.000,0.000,0.000,10,0.479,0.001,0.000,0.000,1.50,0.19,-1.927,-0.473,4.000,-35.697,-26.443,41.000
1744538880.93,-1,0.476,-0.002,0.001,2,0.000,0.000,0.000,10,0.479,0.001,0.000,0.000,1.50,0.19,-1.927,-0.473,4.000,-35.697,-26.443,41.000
1744538880.94,-1,0.476,-0.002,0.001,2,0.000,0.000,0.000,10,0.479,0.001,0.000,0.000,1.50,0.19,-1.927,-0.473,4.000,-35.697,-26.443,41.000
1744538880.94,-1,0.476,-0.002,0.001,2,0.000,0.000,0.000,10,0.479,0.001,0.000,0.000,1.50,0.19,-1.927,-0.473,4.000,-35.697,-26.443,41.000
1744538880.94,-1,0.476,-0.002,0.001,2,0.000,0.000,0.000,10,0.479,0.001,0.000,0.000,1.50,0.19,-1.927,-0.473,4.000,-35.697,-26.443,41.000
1744538880.94,-1,0.476,-0.002,0.001,2,0.000,0.000,0.000,10,0.479,0.001,0.000,0.000,1.50,0.19,-1.927,-0.473,4.000,-35.697,-26.443,41.000
1744538880.94,-1,0.476,-0.002,0.001,2,0.000,0.000,0.000,10,0.479,0.001,0.000,0.000,1.50,0.19,-1.927,-0.473,4.000,-35.697,-26.443,41.000
1744538880.98,-1,0.476,-0.002,0.001,2,0.000,0.000,0.000,10,0.479,0.001,0.000,0.000,1.50,0.19,-1.927,-0.473,4.000,-35.697,-26.443,41.000
1744538880.98,-1,0.476,-0.002,0.001,2,0.000,0.000,0.000,10,0.479,0.001,0.000,0.000,1.50,0.19,-1.927,-0.473,4.000,-35.697,-26.443,41.000
1744538880.98,-1,0.476,-0.002,0.001,2,0.000,0.000,0.000,10,0.479,0.001,0.000,0.000,1.50,0.19,-1.927,-0.473,4.000,-35.697,-26.443,41.000
1744538880.98,-1,0.476,-0.002,0.001,2,0.000,0.000,0.000,10,0.479,0.001,0.000,0.000,1.50,0.18,-1.927,-0.473,4.000,-35.697,-26.443,41.000
1744538881.01,-1,0.476,-0.002,0.001,2,0.000,0.000,0.000,10,0.479,0.001,0.000,0.000,1.50,0.18,-1.927,-0.473,4.000,-35.697,-26.443,41.000
1744538881.01,-1,0.476,-0.002,0.001,2,0.000,0.000,0.000,10,0.479,0.001,0.000,0.000,1.50,0.18,-1.927,-0.473,4.000,-35.697,-26.443,41.000
1744538881.01,-1,0.476,-0.002,0.001,2,0.000,0.000,0.000,10,0.479,0.001,0.000,0.000,1.50,0.18,-1.927,-0.473,4.000,-35.697,-26.443,41.000
1744538881.01,-1,0.476,-0.002,0.001,2,0.000,0.000,0.000,10,0.479,0.001,0.000,0.000,1.50,0.18,-1.927,-0.473,4.000,-35.697,-26.443,41.000
1744538881.02,-1,0.476,-0.002,0.001,2,0.000,0.000,0.000,10,0.479,0.001,0.000,0.000,1.50,0.19,-1.927,-0.473,4.000,-35.697,-26.443,41.000
1744538881.04,-1,0.476,-0.002,0.001,2,0.000,0.000,0.000,10,0.479,0.001,0.000,0.000,1.50,0.19,-1.927,-0.473,4.000,-35.697,-26.443,41.000
1744538881.04,-1,0.476,-0.002,0.001,2,0.000,0.000,0.000,10,0.479,0.001,0.000,0.000,1.50,0.19,-1.927,-0.473,4.000,-35.697,-26.443,41.000
1744538881.04,-1,0.476,-0.002,0.001,2,0.000,0.000,0.000,10,0.479,0.001,0.000,0.000,1.50,0.19,-1.927,-0.473,4.000,-35.697,-26.443,41.000
1744538881.04,-1,0.476,-0.002,0.001,2,0.000,0.000,0.000,10,0.479,0.001,0.000,0.000,1.50,0.19,-1.927,-0.473,4.000,-35.697,-26.443,41.000
1744538881.04,-1,0.476,-0.002,0.001,2,0.000,0.000,0.000,10,0.479,0.001,0.000,0.000,1.50,0.21,-1.927,-0.473,4.000,-35.697,-26.443,41.000
1744538881.07,-1,0.476,-0.002,0.001,2,0.000,0.000,0.000,10,0.479,0.001,0.000,0.000,1.50,0.21,-1.927,-0.473,4.000,-35.697,-26.443,41.000
1744538881.07,-1,0.476,-0.002,0.001,2,0.000,0.000,0.000,10,0.479,0.001,0.000,0.000,1.50,0.21,-1.927,-0.473,4.000,-35.697,-26.443,41.000
1744538881.07,-1,0.476,-0.002,0.001,2,0.000,0.000,0.000,10,0.479,0.001,0.000,0.000,1.50,0.21,-1.927,-0.473,4.000,-35.697,-26.443,41.000
1744538881.07,-1,0.476,-0.002,0.001,2,0.000,0.000,0.000,10,0.479,0.001,0.000,0.000,1.50,0.21,-1.927,-0.473,4.000,-35.697,-26.443,41.000
1744538881.07,-1,0.476,-0.002,0.001,2,0.000,0.000,0.000,10,0.479,0.001,0.000,0.000,1.50,0.25,-1.927,-0.473,4.000,-35.697,-26.443,41.000
1744538881.09,-1,0.476,-0.002,0.001,2,0.000,0.000,0.000,10,0.479,0.001,0.000,0.000,1.50,0.25,-1.927,-0.473,4.000,-35.697,-26.443,41.000
1744538881.09,-1,0.476,-0.002,0.001,2,0.000,0.000,0.000,10,0.479,0.001,0.000,0.000,1.50,0.25,-1.927,-0.473,4.000,-35.697,-26.443,41.000
1744538881.09,-1,0.476,-0.002,0.001,2,0.000,0.000,0.000,10,0.479,0.001,0.000,0.000,1.50,0.25,-1.927,-0.473,4.000,-35.697,-26.443,41.000
1744538881.09,-1,0.476,-0.002,0.001,2,0.000,0.000,0.000,10,0.479,0.001,0.000,0.000,1.50,0.25,-1.927,-0.473,4.000,-35.697,-26.443,41.000
1744538881.12,-1,0.476,-0.002,0.001,2,0.000,0.000,0.000,10,0.479,0.001,0.000,0.000,1.50,0.27,-1.927,-0.473,4.000,-35.697,-26.443,41.000
1744538881.12,-1,0.476,-0.002,0.001,2,0.000,0.000,0.000,10,0.479,0.001,0.000,0.000,1.50,0.27,-1.927,-0.473,4.000,-35.697,-26.443,41.000
1744538881.12,-1,0.476,-0.002,0.001,2,0.000,0.000,0.000,10,0.479,0.001,0.000,0.000,1.50,0.27,-1.927,-0.473,4.000,-35.697,-26.443,41.000
1744538881.12,-1,0.476,-0.002,0.001,2,0.000,0.000,0.000,10,0.479,0.001,0.000,0.000,1.50,0.27,-1.927,-0.473,4.000,-35.697,-26.443,41.000
1744538881.15,-1,0.476,-0.002,0.001,2,0.000,0.000,0.000,10,0.479,0.001,0.000,0.000,1.50,0.27,-1.927,-0.473,4.000,-35.697,-26.443,41.000
1744538881.15,-1,0.476,-0.002,0.001,2,0.000,0.000,0.000,10,0.479,0.001,0.000,0.000,1.50,0.28,-1.927,-0.473,4.000,-35.697,-26.443,41.000
1744538881.15,-1,0.476,-0.002,0.001,2,0.000,0.000,0.000,10,0.479,0.001,0.000,0.000,1.50,0.28,-1.927,-0.473,4.000,-35.697,-26.443,41.000
1744538881.15,-1,0.476,-0.002,0.001,2,0.000,0.000,0.000,10,0.479,0.001,0.000,0.000,1.50,0.28,-1.927,-0.473,4.000,-35.697,-26.443,41.000
1744538881.15,-1,0.476,-0.002,0.001,2,0.000,0.000,0.000,10,0.479,0.001,0.000,0.000,1.50,0.28,-1.927,-0.473,4.000,-35.697,-26.443,41.000
1744538881.16,-1,0.476,-0.002,0.001,2,0.000,0.000,0.000,10,0.479,0.001,0.000,0.000,1.50,0.28,-1.927,-0.473,4.000,-35.697,-26.443,41.000
1744538881.16,-1,0.476,-0.002,0.001,2,0.000,0.000,0.000,10,0.479,0.001,0.000,0.000,1.50,0.26,-1.927,-0.473,4.000,-35.697,-26.443,41.000
1744538881.16,-1,0.476,-0.002,0.001,2,0.000,0.000,0.000,10,0.479,0.001,0.000,0.000,1.50,0.26,-1.927,-0.473,4.000,-35.697,-26.443,41.000
1744538881.16,-1,0.476,-0.002,0.001,2,0.000,0.000,0.000,10,0.479,0.001,0.000,0.000,1.50,0.26,-1.927,-0.473,4.000,-35.697,-26.443,41.000
1744538881.16,-1,0.476,-0.002,0.001,2,0.000,0.000,0.000,10,0.479,0.001,0.000,0.000,1.50,0.26,-1.927,-0.473,4.000,-35.697,-26.443,41.000
# remark: robobot/cmd/ti/alive 2025-04-13 12:07:52.918866
1744538881.20,-1,0.476,-0.002,0.001,2,0.000,0.000,0.000,10,0.479,0.001,0.000,0.000,1.50,0.26,-1.927,-0.473,4.000,-35.697,-26.443,41.000
1744538881.20,-1,0.476,-0.002,0.001,2,0.000,0.000,0.000,10,0.479,0.001,0.000,0.000,1.50,0.25,-1.927,-0.473,4.000,-35.697,-26.443,41.000
1744538881.20,-1,0.476,-0.002,0.001,2,0.000,0.000,0.000,10,0.479,0.001,0.000,0.000,1.50,0.25,-1.927,-0.473,4.000,-35.697,-26.443,41.000
1744538881.21,-1,0.476,-0.002,0.001,2,0.000,0.000,0.000,10,0.479,0.001,0.000,0.000,1.50,0.25,-1.927,-0.473,4.000,-35.697,-26.443,41.000
1744538881.21,-1,0.476,-0.002,0.001,2,0.000,0.000,0.000,10,0.479,0.001,0.000,0.000,1.50,0.25,-1.927,-0.473,4.000,-35.697,-26.443,41.000
1744538881.21,-1,0.476,-0.002,0.001,2,0.000,0.000,0.000,10,0.479,0.001,0.000,0.000,1.50,0.25,-1.927,-0.473,4.000,-35.697,-26.443,41.000
1744538881.21,-1,0.476,-0.002,0.001,2,0.000,0.000,0.000,10,0.479,0.001,0.000,0.000,1.50,0.24,-1.927,-0.473,4.000,-35.697,-26.443,41.000
1744538881.23,-1,0.476,-0.002,0.001,2,0.000,0.000,0.000,10,0.479,0.001,0.000,0.000,1.50,0.24,-1.927,-0.473,4.000,-35.697,-26.443,41.000
1744538881.24,-1,0.476,-0.002,0.001,2,0.000,0.000,0.000,10,0.479,0.001,0.000,0.000,1.50,0.24,-1.927,-0.473,4.000,-35.697,-26.443,41.000
1744538881.24,-1,0.476,-0.002,0.001,2,0.000,0.000,0.000,10,0.479,0.001,0.000,0.000,1.50,0.24,-1.927,-0.473,4.000,-35.697,-26.443,41.000
1744538881.24,-1,0.476,-0.002,0.001,2,0.000,0.000,0.000,10,0.479,0.001,0.000,0.000,1.50,0.24,-1.927,-0.473,4.000,-35.697,-26.443,41.000
1744538881.24,-1,0.476,-0.002,0.001,2,0.000,0.000,0.000,10,0.479,0.001,0.000,0.000,1.50,0.25,-1.927,-0.473,4.000,-35.697,-26.443,41.000
1744538881.28,-1,0.476,-0.002,0.001,2,0.000,0.000,0.000,10,0.479,0.001,0.000,0.000,1.50,0.25,-1.927,-0.473,4.000,-35.697,-26.443,41.000
1744538881.28,-1,0.476,-0.002,0.001,2,0.000,0.000,0.000,10,0.479,0.001,0.000,0.000,1.50,0.25,-1.927,-0.473,4.000,-35.697,-26.443,41.000
1744538881.28,-1,0.476,-0.002,0.001,2,0.000,0.000,0.000,10,0.479,0.001,0.000,0.000,1.50,0.25,-1.927,-0.473,4.000,-35.697,-26.443,41.000
1744538881.28,-1,0.476,-0.002,0.001,2,0.000,0.000,0.000,10,0.479,0.001,0.000,0.000,1.50,0.25,-1.927,-0.473,4.000,-35.697,-26.443,41.000
1744538881.28,-1,0.476,-0.002,0.001,2,0.000,0.000,0.000,10,0.479,0.001,0.000,0.000,1.50,0.30,-1.927,-0.473,4.000,-35.697,-26.443,41.000
1744538881.31,-1,0.476,-0.002,0.001,2,0.000,0.000,0.000,10,0.479,0.001,0.000,0.000,1.50,0.30,-1.927,-0.473,4.000,-35.697,-26.443,41.000
1744538881.31,-1,0.476,-0.002,0.001,2,0.000,0.000,0.000,10,0.479,0.001,0.000,0.000,1.50,0.30,-1.927,-0.473,4.000,-35.697,-26.443,41.000
1744538881.31,-1,0.476,-0.002,0.001,2,0.000,0.000,0.000,10,0.479,0.001,0.000,0.000,1.50,0.30,-1.927,-0.473,4.000,-35.697,-26.443,41.000
1744538881.31,-1,0.476,-0.002,0.001,2,0.000,0.000,0.000,10,0.479,0.001,0.000,0.000,1.50,0.30,-1.927,-0.473,4.000,-35.697,-26.443,41.000
1744538881.31,-1,0.476,-0.002,0.001,2,0.000,0.000,0.000,10,0.479,0.001,0.000,0.000,1.50,0.34,-1.927,-0.473,4.000,-35.697,-26.443,41.000
1744538881.32,-1,0.476,-0.002,0.001,2,0.000,0.000,0.000,10,0.479,0.001,0.000,0.000,1.50,0.34,-1.927,-0.473,4.000,-35.697,-26.443,41.000
1744538881.32,-1,0.476,-0.002,0.001,2,0.000,0.000,0.000,10,0.479,0.001,0.000,0.000,1.50,0.34,-1.927,-0.473,4.000,-35.697,-26.443,41.000
1744538881.32,-1,0.476,-0.002,0.001,2,0.000,0.000,0.000,10,0.479,0.001,0.000,0.000,1.50,0.34,-1.927,-0.473,4.000,-35.697,-26.443,41.000
1744538881.32,-1,0.476,-0.002,0.001,2,0.000,0.000,0.000,10,0.479,0.001,0.000,0.000,1.50,0.34,-1.927,-0.473,4.000,-35.697,-26.443,41.000
1744538881.35,-1,0.476,-0.002,0.001,2,0.000,0.000,0.000,10,0.479,0.001,0.000,0.000,1.50,0.39,-1.927,-0.473,4.000,-35.697,-26.443,41.000
1744538881.35,-1,0.476,-0.002,0.001,2,0.000,0.000,0.000,10,0.479,0.001,0.000,0.000,1.50,0.39,-1.927,-0.473,4.000,-35.697,-26.443,41.000
1744538881.35,-1,0.476,-0.002,0.001,2,0.000,0.000,0.000,10,0.479,0.001,0.000,0.000,1.50,0.39,-1.927,-0.473,4.000,-35.697,-26.443,41.000
1744538881.35,-1,0.476,-0.002,0.001,2,0.000,0.000,0.000,10,0.479,0.001,0.000,0.000,1.50,0.39,-1.927,-0.473,4.000,-35.697,-26.443,41.000
1744538881.35,-1,0.476,-0.002,0.001,2,0.000,0.000,0.000,10,0.479,0.001,0.000,0.000,1.50,0.39,-1.927,-0.473,4.000,-35.697,-26.443,41.000
1744538881.39,-1,0.476,-0.002,0.001,2,0.000,0.000,0.000,10,0.479,0.001,0.000,0.000,1.50,0.48,-1.927,-0.473,4.000,-35.697,-26.443,41.000
1744538881.39,-1,0.476,-0.002,0.001,2,0.000,0.000,0.000,10,0.479,0.001,0.000,0.000,1.50,0.48,-1.927,-0.473,4.000,-35.697,-26.443,41.000
1744538881.39,-1,0.476,-0.002,0.001,2,0.000,0.000,0.000,10,0.479,0.001,0.000,0.000,1.50,0.48,-1.927,-0.473,4.000,-35.697,-26.443,41.000
1744538881.39,-1,0.476,-0.002,0.001,2,0.000,0.000,0.000,10,0.479,0.001,0.000,0.000,1.50,0.48,-1.927,-0.473,4.000,-35.697,-26.443,41.000
1744538881.40,-1,0.476,-0.002,0.001,2,0.000,0.000,0.000,10,0.479,0.001,0.000,0.000,1.50,0.48,-1.927,-0.473,4.000,-35.697,-26.443,41.000
1744538881.40,-1,0.476,-0.002,0.001,2,0.000,0.000,0.000,10,0.479,0.001,0.000,0.000,1.50,0.59,-1.927,-0.473,4.000,-35.697,-26.443,41.000
1744538881.40,-1,0.476,-0.002,0.001,2,0.000,0.000,0.000,10,0.479,0.001,0.000,0.000,1.50,0.59,-1.927,-0.473,4.000,-35.697,-26.443,41.000
1744538881.40,-1,0.476,-0.002,0.001,2,0.000,0.000,0.000,10,0.479,0.001,0.000,0.000,1.50,0.59,-1.927,-0.473,4.000,-35.697,-26.443,41.000
1744538881.42,-1,0.476,-0.002,0.001,2,0.000,0.000,0.000,10,0.479,0.001,0.000,0.000,1.50,0.59,-1.927,-0.473,4.000,-35.697,-26.443,41.000
1744538881.43,-1,0.476,-0.002,0.001,2,0.000,0.000,0.000,10,0.479,0.001,0.000,0.000,1.50,0.59,-1.927,-0.473,4.000,-35.697,-26.443,41.000
1744538881.43,-1,0.476,-0.002,0.001,2,0.000,0.000,0.000,10,0.479,0.001,0.000,0.000,1.50,0.68,-1.927,-0.473,4.000,-35.697,-26.443,41.000
1744538881.43,-1,0.476,-0.002,0.001,2,0.000,0.000,0.000,10,0.479,0.001,0.000,0.000,1.50,0.68,-1.927,-0.473,4.000,-35.697,-26.443,41.000
1744538881.45,-1,0.476,-0.002,0.001,2,0.000,0.000,0.000,10,0.479,0.001,0.000,0.000,1.50,0.68,-1.927,-0.473,4.000,-35.697,-26.443,41.000
1744538881.45,-1,0.476,-0.002,0.001,2,0.000,0.000,0.000,10,0.479,0.001,0.000,0.000,1.50,0.68,-1.927,-0.473,4.000,-35.697,-26.443,41.000
1744538881.45,-1,0.476,-0.002,0.001,2,0.000,0.000,0.000,10,0.479,0.001,0.000,0.000,1.50,0.68,-1.927,-0.473,4.000,-35.697,-26.443,41.000
1744538881.45,-1,0.476,-0.002,0.001,2,0.000,0.000,0.000,10,0.479,0.001,0.000,0.000,1.50,0.98,-1.927,-0.473,4.000,-35.697,-26.443,41.000
1744538881.48,-1,0.476,-0.002,0.001,2,0.000,0.000,0.000,10,0.479,0.001,0.000,0.000,1.50,0.98,-1.927,-0.473,4.000,-35.697,-26.443,41.000
1744538881.48,-1,0.476,-0.002,0.001,2,0.000,0.000,0.000,10,0.479,0.001,0.000,0.000,1.50,0.98,-1.927,-0.473,4.000,-35.697,-26.443,41.000
1744538881.48,-1,0.476,-0.002,0.001,2,0.000,0.000,0.000,10,0.479,0.001,0.000,0.000,1.50,0.98,-1.927,-0.473,4.000,-35.697,-26.443,41.000
1744538881.48,-1,0.476,-0.002,0.001,2,0.000,0.000,0.000,10,0.479,0.001,0.000,0.000,1.50,0.98,-1.927,-0.473,4.000,-35.697,-26.443,41.000
1744538881.50,-1,0.476,-0.002,0.001,2,0.000,0.000,0.000,10,0.479,0.001,0.000,0.000,1.50,1.50,-1.927,-0.473,4.000,-35.697,-26.443,41.000
1744538881.51,-1,0.476,-0.002,0.001,2,0.000,0.000,0.000,10,0.479,0.001,0.000,0.000,1.50,1.50,-1.927,-0.473,4.000,-35.697,-26.443,41.000
1744538881.51,-1,0.476,-0.002,0.001,2,0.000,0.000,0.000,10,0.479,0.001,0.000,0.000,1.50,1.50,-1.927,-0.473,4.000,-35.697,-26.443,41.000
1744538881.51,-1,0.476,-0.002,0.001,2,0.000,0.000,0.000,10,0.479,0.001,0.000,0.000,1.50,1.50,-1.927,-0.473,4.000,-35.697,-26.443,41.000
1744538881.53,-1,0.476,-0.002,0.001,2,0.000,0.000,0.000,10,0.479,0.001,0.000,0.000,1.50,1.50,-1.927,-0.473,4.000,-35.697,-26.443,41.000
1744538881.53,-1,0.476,-0.002,0.001,2,0.000,0.000,0.000,10,0.479,0.001,0.000,0.000,1.50,1.50,-1.927,-0.473,4.000,-35.697,-26.443,41.000
1744538881.53,-1,0.476,-0.002,0.001,2,0.000,0.000,0.000,10,0.479,0.001,0.000,0.000,1.50,1.50,-1.927,-0.473,4.000,-35.697,-26.443,41.000
1744538881.53,-1,0.476,-0.002,0.001,2,0.000,0.000,0.000,10,0.479,0.001,0.000,0.000,1.50,1.50,-1.927,-0.473,4.000,-35.697,-26.443,41.000
1744538881.53,-1,0.476,-0.002,0.001,2,0.000,0.000,0.000,10,0.479,0.001,0.000,0.000,1.50,1.50,-1.927,-0.473,4.000,-35.697,-26.443,41.000
1744538881.56,-1,0.476,-0.002,0.001,2,0.000,0.000,0.000,10,0.479,0.001,0.000,0.000,1.50,1.50,-1.927,-0.473,4.000,-35.697,-26.443,41.000
1744538881.56,-1,0.476,-0.002,0.001,2,0.000,0.000,0.000,10,0.479,0.001,0.000,0.000,1.50,1.50,-1.927,-0.473,4.000,-35.697,-26.443,41.000
1744538881.56,-1,0.476,-0.002,0.001,2,0.000,0.000,0.000,10,0.479,0.001,0.000,0.000,1.50,1.50,-1.927,-0.473,4.000,-35.697,-26.443,41.000
1744538881.56,-1,0.476,-0.002,0.001,2,0.000,0.000,0.000,10,0.479,0.001,0.000,0.000,1.50,1.50,-1.927,-0.473,4.000,-35.697,-26.443,41.000
1744538881.56,-1,0.476,-0.002,0.001,2,0.000,0.000,0.000,10,0.479,0.001,0.000,0.000,1.50,1.50,-1.927,-0.473,4.000,-35.697,-26.443,41.000
1744538881.58,-1,0.476,-0.002,0.001,2,0.000,0.000,0.000,10,0.479,0.001,0.000,0.000,1.50,1.50,-1.927,-0.473,4.000,-35.697,-26.443,41.000
1744538881.58,-1,0.476,-0.002,0.001,2,0.000,0.000,0.000,10,0.479,0.001,0.000,0.000,1.50,1.50,-1.927,-0.473,4.000,-35.697,-26.443,41.000
1744538881.59,-1,0.476,-0.002,0.001,2,0.000,0.000,0.000,10,0.479,0.001,0.000,0.000,1.50,1.50,-1.927,-0.473,4.000,-35.697,-26.443,41.000
1744538881.61,-1,0.476,-0.002,0.001,2,0.000,0.000,0.000,10,0.479,0.001,0.000,0.000,1.50,1.50,-1.927,-0.473,4.000,-35.697,-26.443,41.000
1744538881.61,-1,0.476,-0.002,0.001,2,0.000,0.000,0.000,10,0.479,0.001,0.000,0.000,1.50,1.50,-1.927,-0.473,4.000,-35.697,-26.443,41.000
1744538881.61,-1,0.476,-0.002,0.001,2,0.000,0.000,0.000,10,0.479,0.001,0.000,0.000,1.50,1.50,-1.927,-0.473,4.000,-35.697,-26.443,41.000
1744538881.61,-1,0.476,-0.002,0.001,2,0.000,0.000,0.000,10,0.479,0.001,0.000,0.000,1.50,1.50,-1.927,-0.473,4.000,-35.697,-26.443,41.000
1744538881.61,-1,0.476,-0.002,0.001,2,0.000,0.000,0.000,10,0.479,0.001,0.000,0.000,1.50,1.50,-1.927,-0.473,4.000,-35.697,-26.443,41.000
1744538881.64,-1,0.476,-0.002,0.001,2,0.000,0.000,0.000,10,0.479,0.001,0.000,0.000,1.50,1.50,-1.927,-0.473,4.000,-35.697,-26.443,41.000
1744538881.64,-1,0.476,-0.002,0.001,2,0.000,0.000,0.000,10,0.479,0.001,0.000,0.000,1.50,1.50,-1.927,-0.473,4.000,-35.697,-26.443,41.000
1744538881.64,-1,0.476,-0.002,0.001,2,0.000,0.000,0.000,10,0.479,0.001,0.000,0.000,1.50,1.50,-1.927,-0.473,4.000,-35.697,-26.443,41.000
1744538881.64,-1,0.476,-0.002,0.001,2,0.000,0.000,0.000,10,0.479,0.001,0.000,0.000,1.50,1.50,-1.927,-0.473,4.000,-35.697,-26.443,41.000
1744538881.66,-1,0.476,-0.002,0.001,2,0.000,0.000,0.000,10,0.479,0.001,0.000,0.000,1.50,1.50,-1.927,-0.473,4.000,-35.697,-26.443,41.000
1744538881.66,-1,0.476,-0.002,0.001,2,0.000,0.000,0.000,10,0.479,0.001,0.000,0.000,1.50,1.50,-1.927,-0.473,4.000,-35.697,-26.443,41.000
1744538881.66,-1,0.476,-0.002,0.001,2,0.000,0.000,0.000,10,0.479,0.001,0.000,0.000,1.50,1.50,-1.927,-0.473,4.000,-35.697,-26.443,41.000
1744538881.66,-1,0.476,-0.002,0.001,2,0.000,0.000,0.000,10,0.479,0.001,0.000,0.000,1.50,1.50,-1.927,-0.473,4.000,-35.697,-26.443,41.000
1744538881.67,-1,0.476,-0.002,0.001,2,0.000,0.000,0.000,10,0.479,0.001,0.000,0.000,1.50,1.50,-1.927,-0.473,4.000,-35.697,-26.443,41.000
1744538881.69,-1,0.476,-0.002,0.001,2,0.000,0.000,0.000,10,0.479,0.001,0.000,0.000,1.50,1.50,-1.927,-0.473,4.000,-35.697,-26.443,41.000
1744538881.69,-1,0.476,-0.002,0.001,2,0.000,0.000,0.000,10,0.479,0.001,0.000,0.000,1.50,1.50,-1.927,-0.473,4.000,-35.697,-26.443,41.000
1744538881.69,-1,0.476,-0.002,0.001,2,0.000,0.000,0.000,10,0.479,0.001,0.000,0.000,1.50,1.50,-1.927,-0.473,4.000,-35.697,-26.443,41.000
1744538881.70,-1,0.476,-0.002,0.001,2,0.000,0.000,0.000,10,0.479,0.001,0.000,0.000,1.50,1.50,-1.927,-0.473,4.000,-35.697,-26.443,41.000
1744538881.70,-1,0.476,-0.002,0.001,2,0.000,0.000,0.000,10,0.479,0.001,0.000,0.000,1.50,1.48,-1.927,-0.473,4.000,-35.697,-26.443,41.000
1744538881.72,-1,0.476,-0.002,0.001,2,0.000,0.000,0.000,10,0.479,0.001,0.000,0.000,1.50,1.48,-1.927,-0.473,4.000,-35.697,-26.443,41.000
1744538881.72,-1,0.476,-0.002,0.001,2,0.000,0.000,0.000,10,0.479,0.001,0.000,0.000,1.50,1.48,-1.927,-0.473,4.000,-35.697,-26.443,41.000
1744538881.72,-1,0.476,-0.002,0.001,2,0.000,0.000,0.000,10,0.479,0.001,0.000,0.000,1.50,1.48,-1.927,-0.473,4.000,-35.697,-26.443,41.000
1744538881.72,-1,0.476,-0.002,0.001,2,0.000,0.000,0.000,10,0.479,0.001,0.000,0.000,1.50,1.48,-1.927,-0.473,4.000,-35.697,-26.443,41.000
1744538881.75,-1,0.476,-0.002,0.001,2,0.000,0.000,0.000,10,0.479,0.001,0.000,0.000,1.50,1.02,-1.927,-0.473,4.000,-35.697,-26.443,41.000
1744538881.75,-1,0.476,-0.002,0.001,2,0.000,0.000,0.000,10,0.479,0.001,0.000,0.000,1.50,1.02,-1.927,-0.473,4.000,-35.697,-26.443,41.000
1744538881.75,-1,0.476,-0.002,0.001,2,0.000,0.000,0.000,10,0.479,0.001,0.000,0.000,1.50,1.02,-1.927,-0.473,4.000,-35.697,-26.443,41.000
1744538881.75,-1,0.476,-0.002,0.001,2,0.000,0.000,0.000,10,0.479,0.001,0.000,0.000,1.50,1.02,-1.927,-0.473,4.000,-35.697,-26.443,41.000
1744538881.77,-1,0.476,-0.002,0.001,2,0.000,0.000,0.000,10,0.479,0.001,0.000,0.000,1.50,1.02,-1.927,-0.473,4.000,-35.697,-26.443,41.000
1744538881.77,-1,0.476,-0.002,0.001,2,0.000,0.000,0.000,10,0.479,0.001,0.000,0.000,1.50,0.96,-1.927,-0.473,4.000,-35.697,-26.443,41.000
1744538881.77,-1,0.476,-0.002,0.001,2,0.000,0.000,0.000,10,0.479,0.001,0.000,0.000,1.50,0.96,-1.927,-0.473,4.000,-35.697,-26.443,41.000
1744538881.77,-1,0.476,-0.002,0.001,2,0.000,0.000,0.000,10,0.479,0.001,0.000,0.000,1.50,0.96,-1.927,-0.473,4.000,-35.697,-26.443,41.000
1744538881.77,-1,0.476,-0.002,0.001,2,0.000,0.000,0.000,10,0.479,0.001,0.000,0.000,1.50,0.96,-1.927,-0.473,4.000,-35.697,-26.443,41.000
1744538881.80,-1,0.476,-0.002,0.001,2,0.000,0.000,0.000,10,0.479,0.001,0.000,0.000,1.50,0.96,-1.927,-0.473,4.000,-35.697,-26.443,41.000
1744538881.80,-1,0.476,-0.002,0.001,2,0.000,0.000,0.000,10,0.479,0.001,0.000,0.000,1.50,1.11,-1.927,-0.473,4.000,-35.697,-26.443,41.000
1744538881.80,-1,0.476,-0.002,0.001,2,0.000,0.000,0.000,10,0.479,0.001,0.000,0.000,1.50,1.11,-1.927,-0.473,4.000,-35.697,-26.443,41.000
1744538881.80,-1,0.476,-0.002,0.001,2,0.000,0.000,0.000,10,0.479,0.001,0.000,0.000,1.50,1.11,-1.927,-0.473,4.000,-35.697,-26.443,41.000
# remark: robobot/cmd/ti/alive 2025-04-13 12:07:52.918866
1744538881.82,-1,0.476,-0.002,0.001,2,0.000,0.000,0.000,10,0.479,0.001,0.000,0.000,1.50,1.11,-1.927,-0.473,4.000,-35.697,-26.443,41.000
1744538881.82,-1,0.476,-0.002,0.001,2,0.000,0.000,0.000,10,0.479,0.001,0.000,0.000,1.50,1.11,-1.927,-0.473,4.000,-35.697,-26.443,41.000
1744538881.83,-1,0.476,-0.002,0.001,2,0.000,0.000,0.000,10,0.479,0.001,0.000,0.000,1.50,1.32,-1.927,-0.473,4.000,-35.697,-26.443,41.000
1744538881.83,-1,0.476,-0.002,0.001,2,0.000,0.000,0.000,10,0.479,0.001,0.000,0.000,1.50,1.32,-1.927,-0.473,4.000,-35.697,-26.443,41.000
1744538881.83,-1,0.476,-0.002,0.001,2,0.000,0.000,0.000,10,0.479,0.001,0.000,0.000,1.50,1.32,-1.927,-0.473,4.000,-35.697,-26.443,41.000
1744538881.83,-1,0.476,-0.002,0.001,2,0.000,0.000,0.000,10,0.479,0.001,0.000,0.000,1.50,1.32,-1.927,-0.473,4.000,-35.697,-26.443,41.000
1744538881.86,-1,0.476,-0.002,0.001,2,0.000,0.000,0.000,10,0.479,0.001,0.000,0.000,1.50,1.32,-1.927,-0.473,4.000,-35.697,-26.443,41.000
1744538881.86,-1,0.476,-0.002,0.001,2,0.000,0.000,0.000,10,0.479,0.001,0.000,0.000,1.50,0.91,-1.927,-0.473,4.000,-35.697,-26.443,41.000
1744538881.86,-1,0.476,-0.002,0.001,2,0.000,0.000,0.000,10,0.479,0.001,0.000,0.000,1.50,0.91,-1.927,-0.473,4.000,-35.697,-26.443,41.000
1744538881.86,-1,0.476,-0.002,0.001,2,0.000,0.000,0.000,10,0.479,0.001,0.000,0.000,1.50,0.91,-1.927,-0.473,4.000,-35.697,-26.443,41.000
1744538881.86,-1,0.476,-0.002,0.001,2,0.000,0.000,0.000,10,0.479,0.001,0.000,0.000,1.50,0.91,-1.927,-0.473,4.000,-35.697,-26.443,41.000
1744538881.90,-1,0.476,-0.002,0.001,2,0.000,0.000,0.000,10,0.479,0.001,0.000,0.000,1.50,0.91,-1.927,-0.473,4.000,-35.697,-26.443,41.000
1744538881.90,-1,0.476,-0.002,0.001,2,0.000,0.000,0.000,10,0.479,0.001,0.000,0.000,1.50,1.00,-1.927,-0.473,4.000,-35.697,-26.443,41.000
1744538881.90,-1,0.476,-0.002,0.001,2,0.000,0.000,0.000,10,0.479,0.001,0.000,0.000,1.50,1.00,-1.927,-0.473,4.000,-35.697,-26.443,41.000
1744538881.90,-1,0.476,-0.002,0.001,2,0.000,0.000,0.000,10,0.479,0.001,0.000,0.000,1.50,1.00,-1.927,-0.473,4.000,-35.697,-26.443,41.000
1744538881.90,-1,0.476,-0.002,0.001,2,0.000,0.000,0.000,10,0.479,0.001,0.000,0.000,1.50,1.00,-1.927,-0.473,4.000,-35.697,-26.443,41.000
1744538881.92,-1,0.476,-0.002,0.001,2,0.000,0.000,0.000,10,0.479,0.001,0.000,0.000,1.50,1.00,-1.927,-0.473,4.000,-35.697,-26.443,41.000
1744538881.92,-1,0.476,-0.002,0.001,2,0.000,0.000,0.000,10,0.479,0.001,0.000,0.000,1.50,1.10,-1.927,-0.473,4.000,-35.697,-26.443,41.000
1744538881.92,-1,0.476,-0.002,0.001,2,0.000,0.000,0.000,10,0.479,0.001,0.000,0.000,1.50,1.10,-1.927,-0.473,4.000,-35.697,-26.443,41.000
1744538881.94,-1,0.476,-0.002,0.001,2,0.000,0.000,0.000,10,0.479,0.001,0.000,0.000,1.50,1.10,-1.927,-0.473,4.000,-35.697,-26.443,41.000
1744538881.94,-1,0.476,-0.002,0.001,2,0.000,0.000,0.000,10,0.479,0.001,0.000,0.000,1.50,1.10,-1.927,-0.473,4.000,-35.697,-26.443,41.000
1744538881.94,-1,0.476,-0.002,0.001,2,0.000,0.000,0.000,10,0.479,0.001,0.000,0.000,1.50,1.10,-1.927,-0.473,4.000,-35.697,-26.443,41.000
1744538881.94,-1,0.476,-0.002,0.001,2,0.000,0.000,0.000,10,0.479,0.001,0.000,0.000,1.50,0.91,-1.927,-0.473,4.000,-35.697,-26.443,41.000
1744538881.96,-1,0.476,-0.002,0.001,2,0.000,0.000,0.000,10,0.479,0.001,0.000,0.000,1.50,0.91,-1.927,-0.473,4.000,-35.697,-26.443,41.000
1744538881.96,-1,0.476,-0.002,0.001,2,0.000,0.000,0.000,10,0.479,0.001,0.000,0.000,1.50,0.91,-1.927,-0.473,4.000,-35.697,-26.443,41.000
1744538881.96,-1,0.476,-0.002,0.001,2,0.000,0.000,0.000,10,0.479,0.001,0.000,0.000,1.50,0.91,-1.927,-0.473,4.000,-35.697,-26.443,41.000
1744538881.96,-1,0.476,-0.002,0.001,2,0.000,0.000,0.000,10,0.479,0.001,0.000,0.000,1.50,0.91,-1.927,-0.473,4.000,-35.697,-26.443,41.000
1744538881.97,-1,0.476,-0.002,0.001,2,0.000,0.000,0.000,10,0.479,0.001,0.000,0.000,1.50,0.88,-1.927,-0.473,4.000,-35.697,-26.443,41.000
1744538881.99,-1,0.476,-0.002,0.001,2,0.000,0.000,0.000,10,0.479,0.001,0.000,0.000,1.50,0.88,-1.927,-0.473,4.000,-35.697,-26.443,41.000
1744538881.99,-1,0.476,-0.002,0.001,2,0.000,0.000,0.000,10,0.479,0.001,0.000,0.000,1.50,0.88,-1.927,-0.473,4.000,-35.697,-26.443,41.000
1744538881.99,-1,0.476,-0.002,0.001,2,0.000,0.000,0.000,10,0.479,0.001,0.000,0.000,1.50,0.88,-1.927,-0.473,4.000,-35.697,-26.443,41.000
1744538881.99,-1,0.476,-0.002,0.001,2,0.000,0.000,0.000,10,0.479,0.001,0.000,0.000,1.50,0.88,-1.927,-0.473,4.000,-35.697,-26.443,41.000
1744538881.99,-1,0.476,-0.002,0.001,2,0.000,0.000,0.000,10,0.479,0.001,0.000,0.000,1.50,0.87,-1.927,-0.473,4.000,-35.697,-26.443,41.000
1744538882.02,-1,0.476,-0.002,0.001,2,0.000,0.000,0.000,10,0.479,0.001,0.000,0.000,1.50,0.87,-1.927,-0.473,4.000,-35.697,-26.443,41.000
1744538882.02,-1,0.476,-0.002,0.001,2,0.000,0.000,0.000,10,0.479,0.001,0.000,0.000,1.50,0.87,-1.927,-0.473,4.000,-35.697,-26.443,41.000
1744538882.02,-1,0.476,-0.002,0.001,2,0.000,0.000,0.000,10,0.479,0.001,0.000,0.000,1.50,0.87,-1.927,-0.473,4.000,-35.697,-26.443,41.000
1744538882.02,-1,0.476,-0.002,0.001,2,0.000,0.000,0.000,10,0.479,0.001,0.000,0.000,1.50,0.87,-1.927,-0.473,4.000,-35.697,-26.443,41.000
1744538882.02,-1,0.476,-0.002,0.001,2,0.000,0.000,0.000,10,0.479,0.001,0.000,0.000,1.50,0.82,-1.927,-0.473,4.000,-35.697,-26.443,41.000
1744538882.05,-1,0.476,-0.002,0.001,2,0.000,0.000,0.000,10,0.479,0.001,0.000,0.000,1.50,0.82,-1.927,-0.473,4.000,-35.697,-26.443,41.000
1744538882.05,-1,0.476,-0.002,0.001,2,0.000,0.000,0.000,10,0.479,0.001,0.000,0.000,1.50,0.82,-1.927,-0.473,4.000,-35.697,-26.443,41.000
1744538882.05,-1,0.476,-0.002,0.001,2,0.000,0.000,0.000,10,0.479,0.001,0.000,0.000,1.50,0.82,-1.927,-0.473,4.000,-35.697,-26.443,41.000
1744538882.05,-1,0.476,-0.002,0.001,2,0.000,0.000,0.000,10,0.479,0.001,0.000,0.000,1.50,0.82,-1.927,-0.473,4.000,-35.697,-26.443,41.000
1744538882.05,-1,0.476,-0.002,0.001,2,0.000,0.000,0.000,10,0.479,0.001,0.000,0.000,1.50,0.90,-1.927,-0.473,4.000,-35.697,-26.443,41.000
1744538882.09,-1,0.476,-0.002,0.001,2,0.000,0.000,0.000,10,0.479,0.001,0.000,0.000,1.50,0.90,-1.927,-0.473,4.000,-35.697,-26.443,41.000
1744538882.09,-1,0.476,-0.002,0.001,2,0.000,0.000,0.000,10,0.479,0.001,0.000,0.000,1.50,0.90,-1.927,-0.473,4.000,-35.697,-26.443,41.000
1744538882.09,-1,0.476,-0.002,0.001,2,0.000,0.000,0.000,10,0.479,0.001,0.000,0.000,1.50,0.90,-1.927,-0.473,4.000,-35.697,-26.443,41.000
1744538882.09,-1,0.476,-0.002,0.001,2,0.000,0.000,0.000,10,0.479,0.001,0.000,0.000,1.50,0.90,-1.927,-0.473,4.000,-35.697,-26.443,41.000
1744538882.10,-1,0.476,-0.002,0.001,2,0.000,0.000,0.000,10,0.479,0.001,0.000,0.000,1.50,0.91,-1.927,-0.473,4.000,-35.697,-26.443,41.000
1744538882.10,-1,0.476,-0.002,0.001,2,0.000,0.000,0.000,10,0.479,0.001,0.000,0.000,1.50,0.91,-1.927,-0.473,4.000,-35.697,-26.443,41.000
1744538882.10,-1,0.476,-0.002,0.001,2,0.000,0.000,0.000,10,0.479,0.001,0.000,0.000,1.50,0.91,-1.927,-0.473,4.000,-35.697,-26.443,41.000
1744538882.10,-1,0.476,-0.002,0.001,2,0.000,0.000,0.000,10,0.479,0.001,0.000,0.000,1.50,0.91,-1.927,-0.473,4.000,-35.697,-26.443,41.000
1744538882.12,-1,0.476,-0.002,0.001,2,0.000,0.000,0.000,10,0.479,0.001,0.000,0.000,1.50,0.91,-1.927,-0.473,4.000,-35.697,-26.443,41.000
1744538882.13,-1,0.476,-0.002,0.001,2,0.000,0.000,0.000,10,0.479,0.001,0.000,0.000,1.50,0.83,-1.927,-0.473,4.000,-35.697,-26.443,41.000
1744538882.13,-1,0.476,-0.002,0.001,2,0.000,0.000,0.000,10,0.479,0.001,0.000,0.000,1.50,0.83,-1.927,-0.473,4.000,-35.697,-26.443,41.000
1744538882.13,-1,0.476,-0.002,0.001,2,0.000,0.000,0.000,10,0.479,0.001,0.000,0.000,1.50,0.83,-1.927,-0.473,4.000,-35.697,-26.443,41.000
1744538882.13,-1,0.476,-0.002,0.001,2,0.000,0.000,0.000,10,0.479,0.001,0.000,0.000,1.50,0.83,-1.927,-0.473,4.000,-35.697,-26.443,41.000
1744538882.17,-1,0.476,-0.002,0.001,2,0.000,0.000,0.000,10,0.479,0.001,0.000,0.000,1.50,0.83,-1.927,-0.473,4.000,-35.697,-26.443,41.000
1744538882.17,-1,0.476,-0.002,0.001,2,0.000,0.000,0.000,10,0.479,0.001,0.000,0.000,1.50,0.82,-1.927,-0.473,4.000,-35.697,-26.443,41.000
1744538882.17,-1,0.476,-0.002,0.001,2,0.000,0.000,0.000,10,0.479,0.001,0.000,0.000,1.50,0.82,-1.927,-0.473,4.000,-35.697,-26.443,41.000
1744538882.17,-1,0.476,-0.002,0.001,2,0.000,0.000,0.000,10,0.479,0.001,0.000,0.000,1.50,0.82,-1.927,-0.473,4.000,-35.697,-26.443,41.000
1744538882.17,-1,0.476,-0.002,0.001,2,0.000,0.000,0.000,10,0.479,0.001,0.000,0.000,1.50,0.82,-1.927,-0.473,4.000,-35.697,-26.443,41.000
1744538882.20,-1,0.476,-0.002,0.001,2,0.000,0.000,0.000,10,0.479,0.001,0.000,0.000,1.50,0.82,-1.927,-0.473,4.000,-35.697,-26.443,41.000
1744538882.20,-1,0.476,-0.002,0.001,2,0.000,0.000,0.000,10,0.479,0.001,0.000,0.000,1.50,0.79,-1.927,-0.473,4.000,-35.697,-26.443,41.000
1744538882.20,-1,0.476,-0.002,0.001,2,0.000,0.000,0.000,10,0.479,0.001,0.000,0.000,1.50,0.79,-1.927,-0.473,4.000,-35.697,-26.443,41.000
1744538882.20,-1,0.476,-0.002,0.001,2,0.000,0.000,0.000,10,0.479,0.001,0.000,0.000,1.50,0.79,-1.927,-0.473,4.000,-35.697,-26.443,41.000
1744538882.20,-1,0.476,-0.002,0.001,2,0.000,0.000,0.000,10,0.479,0.001,0.000,0.000,1.50,0.79,-1.927,-0.473,4.000,-35.697,-26.443,41.000
1744538882.21,-1,0.476,-0.002,0.001,2,0.000,0.000,0.000,10,0.479,0.001,0.000,0.000,1.50,0.79,-1.927,-0.473,4.000,-35.697,-26.443,41.000
1744538882.21,-1,0.476,-0.002,0.001,2,0.000,0.000,0.000,10,0.479,0.001,0.000,0.000,1.50,0.76,-1.927,-0.473,4.000,-35.697,-26.443,41.000
1744538882.23,-1,0.476,-0.002,0.001,2,0.000,0.000,0.000,10,0.479,0.001,0.000,0.000,1.50,0.76,-1.927,-0.473,4.000,-35.697,-26.443,41.000
1744538882.23,-1,0.476,-0.002,0.001,2,0.000,0.000,0.000,10,0.479,0.001,0.000,0.000,1.50,0.76,-1.927,-0.473,4.000,-35.697,-26.443,41.000
1744538882.23,-1,0.476,-0.002,0.001,2,0.000,0.000,0.000,10,0.479,0.001,0.000,0.000,1.50,0.76,-1.927,-0.473,4.000,-35.697,-26.443,41.000
1744538882.24,-1,0.476,-0.002,0.001,2,0.000,0.000,0.000,10,0.479,0.001,0.000,0.000,1.50,0.76,-1.927,-0.473,4.000,-35.697,-26.443,41.000
1744538882.24,-1,0.476,-0.002,0.001,2,0.000,0.000,0.000,10,0.479,0.001,0.000,0.000,1.50,1.02,-1.927,-0.473,4.000,-35.697,-26.443,41.000
1744538882.24,-1,0.476,-0.002,0.001,2,0.000,0.000,0.000,10,0.479,0.001,0.000,0.000,1.50,1.02,-1.927,-0.473,4.000,-35.697,-26.443,41.000
1744538882.28,-1,0.476,-0.002,0.001,2,0.000,0.000,0.000,10,0.479,0.001,0.000,0.000,1.50,1.02,-1.927,-0.473,4.000,-35.697,-26.443,41.000
1744538882.28,-1,0.476,-0.002,0.001,2,0.000,0.000,0.000,10,0.479,0.001,0.000,0.000,1.50,1.02,-1.927,-0.473,4.000,-35.697,-26.443,41.000
1744538882.28,-1,0.476,-0.002,0.001,2,0.000,0.000,0.000,10,0.479,0.001,0.000,0.000,1.50,1.02,-1.927,-0.473,4.000,-35.697,-26.443,41.000
1744538882.28,-1,0.476,-0.002,0.001,2,0.000,0.000,0.000,10,0.479,0.001,0.000,0.000,1.50,1.08,-1.927,-0.473,4.000,-35.697,-26.443,41.000
1744538882.28,-1,0.476,-0.002,0.001,2,0.000,0.000,0.000,10,0.479,0.001,0.000,0.000,1.50,1.08,-1.927,-0.473,4.000,-35.697,-26.443,41.000
1744538882.30,-1,0.476,-0.002,0.001,2,0.000,0.000,0.000,10,0.479,0.001,0.000,0.000,1.50,1.08,-1.927,-0.473,4.000,-35.697,-26.443,41.000
1744538882.30,-1,0.476,-0.002,0.001,2,0.000,0.000,0.000,10,0.479,0.001,0.000,0.000,1.50,1.08,-1.927,-0.473,4.000,-35.697,-26.443,41.000
1744538882.30,-1,0.476,-0.002,0.001,2,0.000,0.000,0.000,10,0.479,0.001,0.000,0.000,1.50,1.08,-1.927,-0.473,4.000,-35.697,-26.443,41.000
1744538882.31,-1,0.476,-0.002,0.001,2,0.000,0.000,0.000,10,0.479,0.001,0.000,0.000,1.50,1.03,-1.927,-0.473,4.000,-35.697,-26.443,41.000
1744538882.31,-1,0.476,-0.002,0.001,2,0.000,0.000,0.000,10,0.479,0.001,0.000,0.000,1.50,1.03,-1.927,-0.473,4.000,-35.697,-26.443,41.000
1744538882.32,-1,0.476,-0.002,0.001,2,0.000,0.000,0.000,10,0.479,0.001,0.000,0.000,1.50,1.03,-1.927,-0.473,4.000,-35.697,-26.443,41.000
1744538882.32,-1,0.476,-0.002,0.001,2,0.000,0.000,0.000,10,0.479,0.001,0.000,0.000,1.50,1.03,-1.927,-0.473,4.000,-35.697,-26.443,41.000
1744538882.32,-1,0.476,-0.002,0.001,2,0.000,0.000,0.000,10,0.479,0.001,0.000,0.000,1.50,1.03,-1.927,-0.473,4.000,-35.697,-26.443,41.000
1744538882.32,-1,0.476,-0.002,0.001,2,0.000,0.000,0.000,10,0.479,0.001,0.000,0.000,1.50,0.95,-1.927,-0.473,4.000,-35.697,-26.443,41.000
1744538882.36,-1,0.476,-0.002,0.001,2,0.000,0.000,0.000,10,0.479,0.001,0.000,0.000,1.50,0.95,-1.927,-0.473,4.000,-35.697,-26.443,41.000
1744538882.36,-1,0.476,-0.002,0.001,2,0.000,0.000,0.000,10,0.479,0.001,0.000,0.000,1.50,0.95,-1.927,-0.473,4.000,-35.697,-26.443,41.000
1744538882.36,-1,0.476,-0.002,0.001,2,0.000,0.000,0.000,10,0.479,0.001,0.000,0.000,1.50,0.95,-1.927,-0.473,4.000,-35.697,-26.443,41.000
1744538882.36,-1,0.476,-0.002,0.001,2,0.000,0.000,0.000,10,0.479,0.001,0.000,0.000,1.50,0.95,-1.927,-0.473,4.000,-35.697,-26.443,41.000
1744538882.36,-1,0.476,-0.002,0.001,2,0.000,0.000,0.000,10,0.479,0.001,0.000,0.000,1.50,1.06,-1.927,-0.473,4.000,-35.697,-26.443,41.000
1744538882.37,-1,0.476,-0.002,0.001,2,0.000,0.000,0.000,10,0.479,0.001,0.000,0.000,1.50,1.06,-1.927,-0.473,4.000,-35.697,-26.443,41.000
1744538882.37,-1,0.476,-0.002,0.001,2,0.000,0.000,0.000,10,0.479,0.001,0.000,0.000,1.50,1.06,-1.927,-0.473,4.000,-35.697,-26.443,41.000
1744538882.37,-1,0.476,-0.002,0.001,2,0.000,0.000,0.000,10,0.479,0.001,0.000,0.000,1.50,1.06,-1.927,-0.473,4.000,-35.697,-26.443,41.000
1744538882.39,-1,0.476,-0.002,0.001,2,0.000,0.000,0.000,10,0.479,0.001,0.000,0.000,1.50,1.06,-1.927,-0.473,4.000,-35.697,-26.443,41.000
1744538882.40,-1,0.476,-0.002,0.001,2,0.000,0.000,0.000,10,0.479,0.001,0.000,0.000,1.50,1.18,-1.927,-0.473,4.000,-35.697,-26.443,41.000
1744538882.40,-1,0.476,-0.002,0.001,2,0.000,0.000,0.000,10,0.479,0.001,0.000,0.000,1.50,1.18,-1.927,-0.473,4.000,-35.697,-26.443,41.000
1744538882.40,-1,0.476,-0.002,0.001,2,0.000,0.000,0.000,10,0.479,0.001,0.000,0.000,1.50,1.18,-1.927,-0.473,4.000,-35.697,-26.443,41.000
1744538882.40,-1,0.476,-0.002,0.001,2,0.000,0.000,0.000,10,0.479,0.001,0.000,0.000,1.50,1.18,-1.927,-0.473,4.000,-35.697,-26.443,41.000
1744538882.44,-1,0.476,-0.002,0.001,2,0.000,0.000,0.000,10,0.479,0.001,0.000,0.000,1.50,1.18,-1.927,-0.473,4.000,-35.697,-26.443,41.000
1744538882.44,-1,0.476,-0.002,0.001,2,0.000,0.000,0.000,10,0.479,0.001,0.000,0.000,1.50,1.35,-1.927,-0.473,4.000,-35.697,-26.443,41.000
1744538882.44,-1,0.476,-0.002,0.001,2,0.000,0.000,0.000,10,0.479,0.001,0.000,0.000,1.50,1.35,-1.927,-0.473,4.000,-35.697,-26.443,41.000
1744538882.44,-1,0.476,-0.002,0.001,2,0.000,0.000,0.000,10,0.479,0.001,0.000,0.000,1.50,1.35,-1.927,-0.473,4.000,-35.697,-26.443,41.000
1744538882.44,-1,0.476,-0.002,0.001,2,0.000,0.000,0.000,10,0.479,0.001,0.000,0.000,1.50,1.35,-1.927,-0.473,4.000,-35.697,-26.443,41.000
# remark: robobot/cmd/ti/alive 2025-04-13 12:07:52.918866
1744538882.45,-1,0.476,-0.002,0.001,2,0.000,0.000,0.000,10,0.479,0.001,0.000,0.000,1.50,1.35,-1.927,-0.473,4.000,-35.697,-26.443,41.000
1744538882.45,-1,0.476,-0.002,0.001,2,0.000,0.000,0.000,10,0.479,0.001,0.000,0.000,1.50,1.50,-1.927,-0.473,4.000,-35.697,-26.443,41.000
1744538882.45,-1,0.476,-0.002,0.001,2,0.000,0.000,0.000,10,0.479,0.001,0.000,0.000,1.50,1.50,-1.927,-0.473,4.000,-35.697,-26.443,41.000
1744538882.47,-1,0.476,-0.002,0.001,2,0.000,0.000,0.000,10,0.479,0.001,0.000,0.000,1.50,1.50,-1.927,-0.473,4.000,-35.697,-26.443,41.000
1744538882.47,-1,0.476,-0.002,0.001,2,0.000,0.000,0.000,10,0.479,0.001,0.000,0.000,1.50,1.50,-1.927,-0.473,4.000,-35.697,-26.443,41.000
1744538882.48,-1,0.476,-0.002,0.001,2,0.000,0.000,0.000,10,0.479,0.001,0.000,0.000,1.50,1.50,-1.927,-0.473,4.000,-35.697,-26.443,41.000
1744538882.48,-1,0.476,-0.002,0.001,2,0.000,0.000,0.000,10,0.479,0.001,0.000,0.000,1.50,1.50,-1.927,-0.473,4.000,-35.697,-26.443,41.000
1744538882.48,-1,0.476,-0.002,0.001,2,0.000,0.000,0.000,10,0.479,0.001,0.000,0.000,1.50,1.50,-1.927,-0.473,4.000,-35.697,-26.443,41.000
1744538882.50,-1,0.476,-0.002,0.001,2,0.000,0.000,0.000,10,0.479,0.001,0.000,0.000,1.50,1.50,-1.927,-0.473,4.000,-35.697,-26.443,41.000
1744538882.50,-1,0.476,-0.002,0.001,2,0.000,0.000,0.000,10,0.479,0.001,0.000,0.000,1.50,1.50,-1.927,-0.473,4.000,-35.697,-26.443,41.000
1744538882.50,-1,0.476,-0.002,0.001,2,0.000,0.000,0.000,10,0.479,0.001,0.000,0.000,1.50,1.50,-1.927,-0.473,4.000,-35.697,-26.443,41.000
1744538882.50,-1,0.476,-0.002,0.001,2,0.000,0.000,0.000,10,0.479,0.001,0.000,0.000,1.50,1.48,-1.927,-0.473,4.000,-35.697,-26.443,41.000
1744538882.52,-1,0.476,-0.002,0.001,2,0.000,0.000,0.000,10,0.479,0.001,0.000,0.000,1.50,1.48,-1.927,-0.473,4.000,-35.697,-26.443,41.000
1744538882.53,-1,0.476,-0.002,0.001,2,0.000,0.000,0.000,10,0.479,0.001,0.000,0.000,1.50,1.48,-1.927,-0.473,4.000,-35.697,-26.443,41.000
1744538882.53,-1,0.476,-0.002,0.001,2,0.000,0.000,0.000,10,0.479,0.001,0.000,0.000,1.50,1.48,-1.927,-0.473,4.000,-35.697,-26.443,41.000
1744538882.53,-1,0.476,-0.002,0.001,2,0.000,0.000,0.000,10,0.479,0.001,0.000,0.000,1.50,1.48,-1.927,-0.473,4.000,-35.697,-26.443,41.000
1744538882.53,-1,0.476,-0.002,0.001,2,0.000,0.000,0.000,10,0.479,0.001,0.000,0.000,1.50,1.32,-1.927,-0.473,4.000,-35.697,-26.443,41.000
1744538882.55,-1,0.476,-0.002,0.001,2,0.000,0.000,0.000,10,0.479,0.001,0.000,0.000,1.50,1.32,-1.927,-0.473,4.000,-35.697,-26.443,41.000
1744538882.56,-1,0.476,-0.002,0.001,2,0.000,0.000,0.000,10,0.479,0.001,0.000,0.000,1.50,1.32,-1.927,-0.473,4.000,-35.697,-26.443,41.000
1744538882.56,-1,0.476,-0.002,0.001,2,0.000,0.000,0.000,10,0.479,0.001,0.000,0.000,1.50,1.32,-1.927,-0.473,4.000,-35.697,-26.443,41.000
1744538882.56,-1,0.476,-0.002,0.001,2,0.000,0.000,0.000,10,0.479,0.001,0.000,0.000,1.50,1.32,-1.927,-0.473,4.000,-35.697,-26.443,41.000
1744538882.56,-1,0.476,-0.002,0.001,2,0.000,0.000,0.000,10,0.479,0.001,0.000,0.000,1.50,1.36,-1.927,-0.473,4.000,-35.697,-26.443,41.000
1744538882.60,-1,0.476,-0.002,0.001,2,0.000,0.000,0.000,10,0.479,0.001,0.000,0.000,1.50,1.36,-1.927,-0.473,4.000,-35.697,-26.443,41.000
1744538882.60,-1,0.476,-0.002,0.001,2,0.000,0.000,0.000,10,0.479,0.001,0.000,0.000,1.50,1.36,-1.927,-0.473,4.000,-35.697,-26.443,41.000
1744538882.60,-1,0.476,-0.002,0.001,2,0.000,0.000,0.000,10,0.479,0.001,0.000,0.000,1.50,1.36,-1.927,-0.473,4.000,-35.697,-26.443,41.000
1744538882.60,-1,0.476,-0.002,0.001,2,0.000,0.000,0.000,10,0.479,0.001,0.000,0.000,1.50,1.36,-1.927,-0.473,4.000,-35.697,-26.443,41.000
1744538882.60,-1,0.476,-0.002,0.001,2,0.000,0.000,0.000,10,0.479,0.001,0.000,0.000,1.50,1.37,-1.927,-0.473,4.000,-35.697,-26.443,41.000
1744538882.61,-1,0.476,-0.002,0.001,2,0.000,0.000,0.000,10,0.479,0.001,0.000,0.000,1.50,1.37,-1.927,-0.473,4.000,-35.697,-26.443,41.000
1744538882.61,-1,0.476,-0.002,0.001,2,0.000,0.000,0.000,10,0.479,0.001,0.000,0.000,1.50,1.37,-1.927,-0.473,4.000,-35.697,-26.443,41.000
1744538882.61,-1,0.476,-0.002,0.001,2,0.000,0.000,0.000,10,0.479,0.001,0.000,0.000,1.50,1.37,-1.927,-0.473,4.000,-35.697,-26.443,41.000
1744538882.63,-1,0.476,-0.002,0.001,2,0.000,0.000,0.000,10,0.479,0.001,0.000,0.000,1.50,1.37,-1.927,-0.473,4.000,-35.697,-26.443,41.000
1744538882.64,-1,0.476,-0.002,0.001,2,0.000,0.000,0.000,10,0.479,0.001,0.000,0.000,1.50,1.50,-1.927,-0.473,4.000,-35.697,-26.443,41.000
1744538882.64,-1,0.476,-0.002,0.001,2,0.000,0.000,0.000,10,0.479,0.001,0.000,0.000,1.50,1.50,-1.927,-0.473,4.000,-35.697,-26.443,41.000
1744538882.64,-1,0.476,-0.002,0.001,2,0.000,0.000,0.000,10,0.479,0.001,0.000,0.000,1.50,1.50,-1.927,-0.473,4.000,-35.697,-26.443,41.000
1744538882.64,-1,0.476,-0.002,0.001,2,0.000,0.000,0.000,10,0.479,0.001,0.000,0.000,1.50,1.50,-1.927,-0.473,4.000,-35.697,-26.443,41.000
1744538882.68,-1,0.476,-0.002,0.001,2,0.000,0.000,0.000,10,0.479,0.001,0.000,0.000,1.50,1.50,-1.927,-0.473,4.000,-35.697,-26.443,41.000
1744538882.68,-1,0.476,-0.002,0.001,2,0.000,0.000,0.000,10,0.479,0.001,0.000,0.000,1.50,1.50,-1.927,-0.473,4.000,-35.697,-26.443,41.000
1744538882.68,-1,0.476,-0.002,0.001,2,0.000,0.000,0.000,10,0.479,0.001,0.000,0.000,1.50,1.50,-1.927,-0.473,4.000,-35.697,-26.443,41.000
1744538882.68,-1,0.476,-0.002,0.001,2,0.000,0.000,0.000,10,0.479,0.001,0.000,0.000,1.50,1.50,-1.927,-0.473,4.000,-35.697,-26.443,41.000
1744538882.68,-1,0.476,-0.002,0.001,2,0.000,0.000,0.000,10,0.479,0.001,0.000,0.000,1.50,1.50,-1.927,-0.473,4.000,-35.697,-26.443,41.000
1744538882.70,-1,0.476,-0.002,0.001,2,0.000,0.000,0.000,10,0.479,0.001,0.000,0.000,1.50,1.50,-1.927,-0.473,4.000,-35.697,-26.443,41.000
1744538882.70,-1,0.476,-0.002,0.001,2,0.000,0.000,0.000,10,0.479,0.001,0.000,0.000,1.50,1.50,-1.927,-0.473,4.000,-35.697,-26.443,41.000
1744538882.70,-1,0.476,-0.002,0.001,2,0.000,0.000,0.000,10,0.479,0.001,0.000,0.000,1.50,1.50,-1.927,-0.473,4.000,-35.697,-26.443,41.000
1744538882.71,-1,0.476,-0.002,0.001,2,0.000,0.000,0.000,10,0.479,0.001,0.000,0.000,1.50,1.50,-1.927,-0.473,4.000,-35.697,-26.443,41.000
1744538882.71,-1,0.476,-0.002,0.001,2,0.000,0.000,0.000,10,0.479,0.001,0.000,0.000,1.50,1.50,-1.927,-0.473,4.000,-35.697,-26.443,41.000
1744538882.72,-1,0.476,-0.002,0.001,2,0.000,0.000,0.000,10,0.479,0.001,0.000,0.000,1.50,1.50,-1.927,-0.473,4.000,-35.697,-26.443,41.000
1744538882.72,-1,0.476,-0.002,0.001,2,0.000,0.000,0.000,10,0.479,0.001,0.000,0.000,1.50,1.50,-1.927,-0.473,4.000,-35.697,-26.443,41.000
1744538882.72,-1,0.476,-0.002,0.001,2,0.000,0.000,0.000,10,0.479,0.001,0.000,0.000,1.50,1.50,-1.927,-0.473,4.000,-35.697,-26.443,41.000
1744538882.74,-1,0.476,-0.002,0.001,2,0.000,0.000,0.000,10,0.479,0.001,0.000,0.000,1.50,1.50,-1.927,-0.473,4.000,-35.697,-26.443,41.000
1744538882.74,-1,0.476,-0.002,0.001,2,0.000,0.000,0.000,10,0.479,0.001,0.000,0.000,1.50,1.50,-1.927,-0.473,4.000,-35.697,-26.443,41.000
1744538882.74,-1,0.476,-0.002,0.001,2,0.000,0.000,0.000,10,0.479,0.001,0.000,0.000,1.50,1.50,-1.927,-0.473,4.000,-35.697,-26.443,41.000
1744538882.74,-1,0.476,-0.002,0.001,2,0.000,0.000,0.000,10,0.479,0.001,0.000,0.000,1.50,1.50,-1.927,-0.473,4.000,-35.697,-26.443,41.000
1744538882.76,-1,0.476,-0.002,0.001,2,0.000,0.000,0.000,10,0.479,0.001,0.000,0.000,1.50,1.50,-1.927,-0.473,4.000,-35.697,-26.443,41.000
1744538882.77,-1,0.476,-0.002,0.001,2,0.000,0.000,0.000,10,0.479,0.001,0.000,0.000,1.50,1.50,-1.927,-0.473,4.000,-35.697,-26.443,41.000
1744538882.77,-1,0.476,-0.002,0.001,2,0.000,0.000,0.000,10,0.479,0.001,0.000,0.000,1.50,1.50,-1.927,-0.473,4.000,-35.697,-26.443,41.000
1744538882.77,-1,0.476,-0.002,0.001,2,0.000,0.000,0.000,10,0.479,0.001,0.000,0.000,1.50,1.50,-1.927,-0.473,4.000,-35.697,-26.443,41.000
1744538882.77,-1,0.476,-0.002,0.001,2,0.000,0.000,0.000,10,0.479,0.001,0.000,0.000,1.50,1.50,-1.927,-0.473,4.000,-35.697,-26.443,41.000
1744538882.80,-1,0.476,-0.002,0.001,2,0.000,0.000,0.000,10,0.479,0.001,0.000,0.000,1.50,1.50,-1.927,-0.473,4.000,-35.697,-26.443,41.000
1744538882.80,-1,0.476,-0.002,0.001,2,0.000,0.000,0.000,10,0.479,0.001,0.000,0.000,1.50,1.50,-1.927,-0.473,4.000,-35.697,-26.443,41.000
1744538882.80,-1,0.476,-0.002,0.001,2,0.000,0.000,0.000,10,0.479,0.001,0.000,0.000,1.50,1.50,-1.927,-0.473,4.000,-35.697,-26.443,41.000
1744538882.80,-1,0.476,-0.002,0.001,2,0.000,0.000,0.000,10,0.479,0.001,0.000,0.000,1.50,1.50,-1.927,-0.473,4.000,-35.697,-26.443,41.000
1744538882.80,-1,0.476,-0.002,0.001,2,0.000,0.000,0.000,10,0.479,0.001,0.000,0.000,1.50,1.50,-1.927,-0.473,4.000,-35.697,-26.443,41.000
1744538882.84,-1,0.476,-0.002,0.001,2,0.000,0.000,0.000,10,0.479,0.001,0.000,0.000,1.50,1.50,-1.927,-0.473,4.000,-35.697,-26.443,41.000
1744538882.84,-1,0.476,-0.002,0.001,2,0.000,0.000,0.000,10,0.479,0.001,0.000,0.000,1.50,1.50,-1.927,-0.473,4.000,-35.697,-26.443,41.000
1744538882.84,-1,0.476,-0.002,0.001,2,0.000,0.000,0.000,10,0.479,0.001,0.000,0.000,1.50,1.50,-1.927,-0.473,4.000,-35.697,-26.443,41.000
1744538882.84,-1,0.476,-0.002,0.001,2,0.000,0.000,0.000,10,0.479,0.001,0.000,0.000,1.50,1.50,-1.927,-0.473,4.000,-35.697,-26.443,41.000
1744538882.85,-1,0.476,-0.002,0.001,2,0.000,0.000,0.000,10,0.479,0.001,0.000,0.000,1.50,1.31,-1.927,-0.473,4.000,-35.697,-26.443,41.000
1744538882.85,-1,0.476,-0.002,0.001,2,0.000,0.000,0.000,10,0.479,0.001,0.000,0.000,1.50,1.31,-1.927,-0.473,4.000,-35.697,-26.443,41.000
1744538882.85,-1,0.476,-0.002,0.001,2,0.000,0.000,0.000,10,0.479,0.001,0.000,0.000,1.50,1.31,-1.927,-0.473,4.000,-35.697,-26.443,41.000
1744538882.85,-1,0.476,-0.002,0.001,2,0.000,0.000,0.000,10,0.479,0.001,0.000,0.000,1.50,1.31,-1.927,-0.473,4.000,-35.697,-26.443,41.000
1744538882.88,-1,0.476,-0.002,0.001,2,0.000,0.000,0.000,10,0.479,0.001,0.000,0.000,1.50,1.31,-1.927,-0.473,4.000,-35.697,-26.443,41.000
1744538882.88,-1,0.476,-0.002,0.001,2,0.000,0.000,0.000,10,0.479,0.001,0.000,0.000,1.50,1.13,-1.927,-0.473,4.000,-35.697,-26.443,41.000
1744538882.88,-1,0.476,-0.002,0.001,2,0.000,0.000,0.000,10,0.479,0.001,0.000,0.000,1.50,1.13,-1.927,-0.473,4.000,-35.697,-26.443,41.000
1744538882.88,-1,0.476,-0.002,0.001,2,0.000,0.000,0.000,10,0.479,0.001,0.000,0.000,1.50,1.13,-1.927,-0.473,4.000,-35.697,-26.443,41.000
1744538882.88,-1,0.476,-0.002,0.001,2,0.000,0.000,0.000,10,0.479,0.001,0.000,0.000,1.50,1.13,-1.927,-0.473,4.000,-35.697,-26.443,41.000
1744538882.90,-1,0.476,-0.002,0.001,2,0.000,0.000,0.000,10,0.479,0.001,0.000,0.000,1.50,1.13,-1.927,-0.473,4.000,-35.697,-26.443,41.000
1744538882.90,-1,0.476,-0.002,0.001,2,0.000,0.000,0.000,10,0.479,0.001,0.000,0.000,1.50,0.97,-1.927,-0.473,4.000,-35.697,-26.443,41.000
1744538882.90,-1,0.476,-0.002,0.001,2,0.000,0.000,0.000,10,0.479,0.001,0.000,0.000,1.50,0.97,-1.927,-0.473,4.000,-35.697,-26.443,41.000
1744538882.93,-1,0.476,-0.002,0.001,2,0.000,0.000,0.000,10,0.479,0.001,0.000,0.000,1.50,0.97,-1.927,-0.473,4.000,-35.697,-26.443,41.000
1744538882.93,-1,0.476,-0.002,0.001,2,0.000,0.000,0.000,10,0.479,0.001,0.000,0.000,1.50,0.97,-1.927,-0.473,4.000,-35.697,-26.443,41.000
1744538882.93,-1,0.476,-0.002,0.001,2,0.000,0.000,0.000,10,0.479,0.001,0.000,0.000,1.50,0.97,-1.927,-0.473,4.000,-35.697,-26.443,41.000
1744538882.93,-1,0.476,-0.002,0.001,2,0.000,0.000,0.000,10,0.479,0.001,0.000,0.000,1.50,0.85,-1.927,-0.473,4.000,-35.697,-26.443,41.000
1744538882.93,-1,0.476,-0.002,0.001,2,0.000,0.000,0.000,10,0.479,0.001,0.000,0.000,1.50,0.85,-1.927,-0.473,4.000,-35.697,-26.443,41.000
1744538882.96,-1,0.476,-0.002,0.001,2,0.000,0.000,0.000,10,0.479,0.001,0.000,0.000,1.50,0.85,-1.927,-0.473,4.000,-35.697,-26.443,41.000
1744538882.96,-1,0.476,-0.002,0.001,2,0.000,0.000,0.000,10,0.479,0.001,0.000,0.000,1.50,0.85,-1.927,-0.473,4.000,-35.697,-26.443,41.000
1744538882.96,-1,0.476,-0.002,0.001,2,0.000,0.000,0.000,10,0.479,0.001,0.000,0.000,1.50,0.85,-1.927,-0.473,4.000,-35.697,-26.443,41.000
1744538882.96,-1,0.476,-0.002,0.001,2,0.000,0.000,0.000,10,0.479,0.001,0.000,0.000,1.50,0.94,-1.927,-0.473,4.000,-35.697,-26.443,41.000
1744538882.98,-1,0.476,-0.002,0.001,2,0.000,0.000,0.000,10,0.479,0.001,0.000,0.000,1.50,0.94,-1.927,-0.473,4.000,-35.697,-26.443,41.000
1744538882.98,-1,0.476,-0.002,0.001,2,0.000,0.000,0.000,10,0.479,0.001,0.000,0.000,1.50,0.94,-1.927,-0.473,4.000,-35.697,-26.443,41.000
1744538882.98,-1,0.476,-0.002,0.001,2,0.000,0.000,0.000,10,0.479,0.001,0.000,0.000,1.50,0.94,-1.927,-0.473,4.000,-35.697,-26.443,41.000
1744538882.98,-1,0.476,-0.002,0.001,2,0.000,0.000,0.000,10,0.479,0.001,0.000,0.000,1.50,0.94,-1.927,-0.473,4.000,-35.697,-26.443,41.000
1744538883.01,-1,0.476,-0.002,0.001,2,0.000,0.000,0.000,10,0.479,0.001,0.000,0.000,1.50,1.01,-1.927,-0.473,4.000,-35.697,-26.443,41.000
1744538883.01,-1,0.476,-0.002,0.001,2,0.000,0.000,0.000,10,0.479,0.001,0.000,0.000,1.50,1.01,-1.927,-0.473,4.000,-35.697,-26.443,41.000
1744538883.01,-1,0.476,-0.002,0.001,2,0.000,0.000,0.000,10,0.479,0.001,0.000,0.000,1.50,1.01,-1.927,-0.473,4.000,-35.697,-26.443,41.000
1744538883.01,-1,0.476,-0.002,0.001,2,0.000,0.000,0.000,10,0.479,0.001,0.000,0.000,1.50,1.01,-1.927,-0.473,4.000,-35.697,-26.443,41.000
1744538883.03,-1,0.476,-0.002,0.001,2,0.000,0.000,0.000,10,0.479,0.001,0.000,0.000,1.50,1.01,-1.927,-0.473,4.000,-35.697,-26.443,41.000
1744538883.03,-1,0.476,-0.002,0.001,2,0.000,0.000,0.000,10,0.479,0.001,0.000,0.000,1.50,0.84,-1.927,-0.473,4.000,-35.697,-26.443,41.000
1744538883.03,-1,0.476,-0.002,0.001,2,0.000,0.000,0.000,10,0.479,0.001,0.000,0.000,1.50,0.84,-1.927,-0.473,4.000,-35.697,-26.443,41.000
1744538883.03,-1,0.476,-0.002,0.001,2,0.000,0.000,0.000,10,0.479,0.001,0.000,0.000,1.50,0.84,-1.927,-0.473,4.000,-35.697,-26.443,41.000
1744538883.04,-1,0.476,-0.002,0.001,2,0.000,0.000,0.000,10,0.479,0.001,0.000,0.000,1.50,0.84,-1.927,-0.473,4.000,-35.697,-26.443,41.000
1744538883.06,-1,0.476,-0.002,0.001,2,0.000,0.000,0.000,10,0.479,0.001,0.000,0.000,1.50,0.84,-1.927,-0.473,4.000,-35.697,-26.443,41.000
1744538883.06,-1,0.476,-0.002,0.001,2,0.000,0.000,0.000,10,0.479,0.001,0.000,0.000,1.50,0.86,-1.927,-0.473,4.000,-35.697,-26.443,41.000
1744538883.06,-1,0.476,-0.002,0.001,2,0.000,0.000,0.000,10,0.479,0.001,0.000,0.000,1.50,0.86,-1.927,-0.473,4.000,-35.697,-26.443,41.000
1744538883.06,-1,0.476,-0.002,0.001,2,0.000,0.000,0.000,10,0.479,0.001,0.000,0.000,1.50,0.86,-1.927,-0.473,4.000,-35.697,-26.443,41.000
1744538883.06,-1,0.476,-0.002,0.001,2,0.000,0.000,0.000,10,0.479,0.001,0.000,0.000,1.50,0.86,-1.927,-0.473,4.000,-35.697,-26.443,41.000
# remark: robobot/cmd/ti/alive 2025-04-13 12:07:52.918866
1744538883.09,-1,0.476,-0.002,0.001,2,0.000,0.000,0.000,10,0.479,0.001,0.000,0.000,1.50,0.86,-1.927,-0.473,4.000,-35.697,-26.443,41.000
1744538883.09,-1,0.476,-0.002,0.001,2,0.000,0.000,0.000,10,0.479,0.001,0.000,0.000,1.50,0.89,-1.927,-0.473,4.000,-35.697,-26.443,41.000
1744538883.09,-1,0.476,-0.002,0.001,2,0.000,0.000,0.000,10,0.479,0.001,0.000,0.000,1.50,0.89,-1.927,-0.473,4.000,-35.697,-26.443,41.000
1744538883.10,-1,0.476,-0.002,0.001,2,0.000,0.000,0.000,10,0.479,0.001,0.000,0.000,1.50,0.89,-1.927,-0.473,4.000,-35.697,-26.443,41.000
1744538883.10,-1,0.476,-0.002,0.001,2,0.000,0.000,0.000,10,0.479,0.001,0.000,0.000,1.50,0.89,-1.927,-0.473,4.000,-35.697,-26.443,41.000
1744538883.11,-1,0.476,-0.002,0.001,2,0.000,0.000,0.000,10,0.479,0.001,0.000,0.000,1.50,0.89,-1.927,-0.473,4.000,-35.697,-26.443,41.000
1744538883.11,-1,0.476,-0.002,0.001,2,0.000,0.000,0.000,10,0.479,0.001,0.000,0.000,1.50,0.93,-1.927,-0.473,4.000,-35.697,-26.443,41.000
1744538883.11,-1,0.476,-0.002,0.001,2,0.000,0.000,0.000,10,0.479,0.001,0.000,0.000,1.50,0.93,-1.927,-0.473,4.000,-35.697,-26.443,41.000
1744538883.14,-1,0.476,-0.002,0.001,2,0.000,0.000,0.000,10,0.479,0.001,0.000,0.000,1.50,0.93,-1.927,-0.473,4.000,-35.697,-26.443,41.000
1744538883.14,-1,0.476,-0.002,0.001,2,0.000,0.000,0.000,10,0.479,0.001,0.000,0.000,1.50,0.93,-1.927,-0.473,4.000,-35.697,-26.443,41.000
1744538883.14,-1,0.476,-0.002,0.001,2,0.000,0.000,0.000,10,0.479,0.001,0.000,0.000,1.50,0.93,-1.927,-0.473,4.000,-35.697,-26.443,41.000
1744538883.14,-1,0.476,-0.002,0.001,2,0.000,0.000,0.000,10,0.479,0.001,0.000,0.000,1.50,0.90,-1.927,-0.473,4.000,-35.697,-26.443,41.000
1744538883.16,-1,0.476,-0.002,0.001,2,0.000,0.000,0.000,10,0.479,0.001,0.000,0.000,1.50,0.90,-1.927,-0.473,4.000,-35.697,-26.443,41.000
1744538883.17,-1,0.476,-0.002,0.001,2,0.000,0.000,0.000,10,0.479,0.001,0.000,0.000,1.50,0.90,-1.927,-0.473,4.000,-35.697,-26.443,41.000
1744538883.17,-1,0.476,-0.002,0.001,2,0.000,0.000,0.000,10,0.479,0.001,0.000,0.000,1.50,0.90,-1.927,-0.473,4.000,-35.697,-26.443,41.000
1744538883.17,-1,0.476,-0.002,0.001,2,0.000,0.000,0.000,10,0.479,0.001,0.000,0.000,1.50,0.90,-1.927,-0.473,4.000,-35.697,-26.443,41.000
1744538883.17,-1,0.476,-0.002,0.001,2,0.000,0.000,0.000,10,0.479,0.001,0.000,0.000,1.50,0.90,-1.927,-0.473,4.000,-35.697,-26.443,41.000
1744538883.17,-1,0.476,-0.002,0.001,2,0.000,0.000,0.000,10,0.479,0.001,0.000,0.000,1.50,0.90,-1.927,-0.473,4.000,-35.697,-26.443,41.000
1744538883.20,-1,0.476,-0.002,0.001,2,0.000,0.000,0.000,10,0.479,0.001,0.000,0.000,1.50,0.90,-1.927,-0.473,4.000,-35.697,-26.443,41.000
1744538883.20,-1,0.476,-0.002,0.001,2,0.000,0.000,0.000,10,0.479,0.001,0.000,0.000,1.50,0.90,-1.927,-0.473,4.000,-35.697,-26.443,41.000
1744538883.20,-1,0.476,-0.002,0.001,2,0.000,0.000,0.000,10,0.479,0.001,0.000,0.000,1.50,0.90,-1.927,-0.473,4.000,-35.697,-26.443,41.000
1744538883.20,-1,0.476,-0.002,0.001,2,0.000,0.000,0.000,10,0.479,0.001,0.000,0.000,1.50,0.88,-1.927,-0.473,4.000,-35.697,-26.443,41.000
1744538883.23,-1,0.476,-0.002,0.001,2,0.000,0.000,0.000,10,0.479,0.001,0.000,0.000,1.50,0.88,-1.927,-0.473,4.000,-35.697,-26.443,41.000
1744538883.23,-1,0.476,-0.002,0.001,2,0.000,0.000,0.000,10,0.479,0.001,0.000,0.000,1.50,0.88,-1.927,-0.473,4.000,-35.697,-26.443,41.000
1744538883.23,-1,0.476,-0.002,0.001,2,0.000,0.000,0.000,10,0.479,0.001,0.000,0.000,1.50,0.88,-1.927,-0.473,4.000,-35.697,-26.443,41.000
1744538883.23,-1,0.476,-0.002,0.001,2,0.000,0.000,0.000,10,0.479,0.001,0.000,0.000,1.50,0.88,-1.927,-0.473,4.000,-35.697,-26.443,41.000
1744538883.25,-1,0.476,-0.002,0.001,2,0.000,0.000,0.000,10,0.479,0.001,0.000,0.000,1.50,0.93,-1.927,-0.473,4.000,-35.697,-26.443,41.000
1744538883.25,-1,0.476,-0.002,0.001,2,0.000,0.000,0.000,10,0.479,0.001,0.000,0.000,1.50,0.93,-1.927,-0.473,4.000,-35.697,-26.443,41.000
1744538883.25,-1,0.476,-0.002,0.001,2,0.000,0.000,0.000,10,0.479,0.001,0.000,0.000,1.50,0.93,-1.927,-0.473,4.000,-35.697,-26.443,41.000
1744538883.25,-1,0.476,-0.002,0.001,2,0.000,0.000,0.000,10,0.479,0.001,0.000,0.000,1.50,0.93,-1.927,-0.473,4.000,-35.697,-26.443,41.000
1744538883.27,-1,0.476,-0.002,0.001,2,0.000,0.000,0.000,10,0.479,0.001,0.000,0.000,1.50,0.93,-1.927,-0.473,4.000,-35.697,-26.443,41.000
1744538883.27,-1,0.476,-0.002,0.001,2,0.000,0.000,0.000,10,0.479,0.001,0.000,0.000,1.50,0.94,-1.927,-0.473,4.000,-35.697,-26.443,41.000
1744538883.27,-1,0.476,-0.002,0.001,2,0.000,0.000,0.000,10,0.479,0.001,0.000,0.000,1.50,0.94,-1.927,-0.473,4.000,-35.697,-26.443,41.000
1744538883.27,-1,0.476,-0.002,0.001,2,0.000,0.000,0.000,10,0.479,0.001,0.000,0.000,1.50,0.94,-1.927,-0.473,4.000,-35.697,-26.443,41.000
1744538883.27,-1,0.476,-0.002,0.001,2,0.000,0.000,0.000,10,0.479,0.001,0.000,0.000,1.50,0.94,-1.927,-0.473,4.000,-35.697,-26.443,41.000
1744538883.30,-1,0.476,-0.002,0.001,2,0.000,0.000,0.000,10,0.479,0.001,0.000,0.000,1.50,0.94,-1.927,-0.473,4.000,-35.697,-26.443,41.000
1744538883.30,-1,0.476,-0.002,0.001,2,0.000,0.000,0.000,10,0.479,0.001,0.000,0.000,1.50,0.94,-1.927,-0.473,4.000,-35.697,-26.443,41.000
1744538883.30,-1,0.476,-0.002,0.001,2,0.000,0.000,0.000,10,0.479,0.001,0.000,0.000,1.50,0.94,-1.927,-0.473,4.000,-35.697,-26.443,41.000
1744538883.31,-1,0.476,-0.002,0.001,2,0.000,0.000,0.000,10,0.479,0.001,0.000,0.000,1.50,0.94,-1.927,-0.473,4.000,-35.697,-26.443,41.000
1744538883.31,-1,0.476,-0.002,0.001,2,0.000,0.000,0.000,10,0.479,0.001,0.000,0.000,1.50,0.94,-1.927,-0.473,4.000,-35.697,-26.443,41.000
1744538883.31,-1,0.476,-0.002,0.001,2,0.000,0.000,0.000,10,0.479,0.001,0.000,0.000,1.50,0.94,-1.927,-0.473,4.000,-35.697,-26.443,41.000
1744538883.31,-1,0.476,-0.002,0.001,2,0.000,0.000,0.000,10,0.479,0.001,0.000,0.000,1.50,0.76,-1.927,-0.473,4.000,-35.697,-26.443,41.000
1744538883.31,-1,0.476,-0.002,0.001,2,0.000,0.000,0.000,10,0.479,0.001,0.000,0.000,1.50,0.76,-1.927,-0.473,4.000,-35.697,-26.443,41.000
1744538883.35,-1,0.476,-0.002,0.001,2,0.000,0.000,0.000,10,0.479,0.001,0.000,0.000,1.50,0.76,-1.927,-0.473,4.000,-35.697,-26.443,41.000
1744538883.35,-1,0.476,-0.002,0.001,2,0.000,0.000,0.000,10,0.479,0.001,0.000,0.000,1.50,0.76,-1.927,-0.473,4.000,-35.697,-26.443,41.000
1744538883.35,-1,0.476,-0.002,0.001,2,0.000,0.000,0.000,10,0.479,0.001,0.000,0.000,1.50,0.76,-1.927,-0.473,4.000,-35.697,-26.443,41.000
1744538883.35,-1,0.476,-0.002,0.001,2,0.000,0.000,0.000,10,0.479,0.001,0.000,0.000,1.50,0.85,-1.927,-0.473,4.000,-35.697,-26.443,41.000
1744538883.38,-1,0.476,-0.002,0.001,2,0.000,0.000,0.000,10,0.479,0.001,0.000,0.000,1.50,0.85,-1.927,-0.473,4.000,-35.697,-26.443,41.000
1744538883.38,-1,0.476,-0.002,0.001,2,0.000,0.000,0.000,10,0.479,0.001,0.000,0.000,1.50,0.85,-1.927,-0.473,4.000,-35.697,-26.443,41.000
1744538883.38,-1,0.476,-0.002,0.001,2,0.000,0.000,0.000,10,0.479,0.001,0.000,0.000,1.50,0.85,-1.927,-0.473,4.000,-35.697,-26.443,41.000
1744538883.38,-1,0.476,-0.002,0.001,2,0.000,0.000,0.000,10,0.479,0.001,0.000,0.000,1.50,0.85,-1.927,-0.473,4.000,-35.697,-26.443,41.000
1744538883.40,-1,0.476,-0.002,0.001,2,0.000,0.000,0.000,10,0.479,0.001,0.000,0.000,1.50,0.89,-1.927,-0.473,4.000,-35.697,-26.443,41.000
1744538883.40,-1,0.476,-0.002,0.001,2,0.000,0.000,0.000,10,0.479,0.001,0.000,0.000,1.50,0.89,-1.927,-0.473,4.000,-35.697,-26.443,41.000
1744538883.40,-1,0.476,-0.002,0.001,2,0.000,0.000,0.000,10,0.479,0.001,0.000,0.000,1.50,0.89,-1.927,-0.473,4.000,-35.697,-26.443,41.000
1744538883.40,-1,0.476,-0.002,0.001,2,0.000,0.000,0.000,10,0.479,0.001,0.000,0.000,1.50,0.89,-1.927,-0.473,4.000,-35.697,-26.443,41.000
1744538883.43,-1,0.476,-0.002,0.001,2,0.000,0.000,0.000,10,0.479,0.001,0.000,0.000,1.50,0.89,-1.927,-0.473,4.000,-35.697,-26.443,41.000
1744538883.43,-1,0.476,-0.002,0.001,2,0.000,0.000,0.000,10,0.479,0.001,0.000,0.000,1.50,0.66,-1.927,-0.473,4.000,-35.697,-26.443,41.000
1744538883.43,-1,0.476,-0.002,0.001,2,0.000,0.000,0.000,10,0.479,0.001,0.000,0.000,1.50,0.66,-1.927,-0.473,4.000,-35.697,-26.443,41.000
1744538883.43,-1,0.476,-0.002,0.001,2,0.000,0.000,0.000,10,0.479,0.001,0.000,0.000,1.50,0.66,-1.927,-0.473,4.000,-35.697,-26.443,41.000
1744538883.43,-1,0.476,-0.002,0.001,2,0.000,0.000,0.000,10,0.479,0.001,0.000,0.000,1.50,0.66,-1.927,-0.473,4.000,-35.697,-26.443,41.000
1744538883.44,-1,0.476,-0.002,0.001,2,0.000,0.000,0.000,10,0.479,0.001,0.000,0.000,1.50,0.66,-1.927,-0.473,4.000,-35.697,-26.443,41.000
1744538883.44,-1,0.476,-0.002,0.001,2,0.000,0.000,0.000,10,0.479,0.001,0.000,0.000,1.50,0.58,-1.927,-0.473,4.000,-35.697,-26.443,41.000
1744538883.44,-1,0.476,-0.002,0.001,2,0.000,0.000,0.000,10,0.479,0.001,0.000,0.000,1.50,0.58,-1.927,-0.473,4.000,-35.697,-26.443,41.000
1744538883.47,-1,0.476,-0.002,0.001,2,0.000,0.000,0.000,10,0.479,0.001,0.000,0.000,1.50,0.58,-1.927,-0.473,4.000,-35.697,-26.443,41.000
1744538883.47,-1,0.476,-0.002,0.001,2,0.000,0.000,0.000,10,0.479,0.001,0.000,0.000,1.50,0.58,-1.927,-0.473,4.000,-35.697,-26.443,41.000
1744538883.47,-1,0.476,-0.002,0.001,2,0.000,0.000,0.000,10,0.479,0.001,0.000,0.000,1.50,0.58,-1.927,-0.473,4.000,-35.697,-26.443,41.000
1744538883.47,-1,0.476,-0.002,0.001,2,0.000,0.000,0.000,10,0.479,0.001,0.000,0.000,1.50,0.55,-1.927,-0.473,4.000,-35.697,-26.443,41.000
1744538883.47,-1,0.476,-0.002,0.001,2,0.000,0.000,0.000,10,0.479,0.001,0.000,0.000,1.50,0.55,-1.927,-0.473,4.000,-35.697,-26.443,41.000
1744538883.50,-1,0.476,-0.002,0.001,2,0.000,0.000,0.000,10,0.479,0.001,0.000,0.000,1.50,0.55,-1.927,-0.473,4.000,-35.697,-26.443,41.000
1744538883.50,-1,0.476,-0.002,0.001,2,0.000,0.000,0.000,10,0.479,0.001,0.000,0.000,1.50,0.55,-1.927,-0.473,4.000,-35.697,-26.443,41.000
1744538883.50,-1,0.476,-0.002,0.001,2,0.000,0.000,0.000,10,0.479,0.001,0.000,0.000,1.50,0.55,-1.927,-0.473,4.000,-35.697,-26.443,41.000
1744538883.50,-1,0.476,-0.002,0.001,2,0.000,0.000,0.000,10,0.479,0.001,0.000,0.000,1.50,0.56,-1.927,-0.473,4.000,-35.697,-26.443,41.000
1744538883.52,-1,0.476,-0.002,0.001,2,0.000,0.000,0.000,10,0.479,0.001,0.000,0.000,1.50,0.56,-1.927,-0.473,4.000,-35.697,-26.443,41.000
1744538883.52,-1,0.476,-0.002,0.001,2,0.000,0.000,0.000,10,0.479,0.001,0.000,0.000,1.50,0.56,-1.927,-0.473,4.000,-35.697,-26.443,41.000
1744538883.52,-1,0.476,-0.002,0.001,2,0.000,0.000,0.000,10,0.479,0.001,0.000,0.000,1.50,0.56,-1.927,-0.473,4.000,-35.697,-26.443,41.000
1744538883.52,-1,0.476,-0.002,0.001,2,0.000,0.000,0.000,10,0.479,0.001,0.000,0.000,1.50,0.56,-1.927,-0.473,4.000,-35.697,-26.443,41.000
# remark: robobot/cmd/T0/leds 16 0 100 0
# remark: robobot/cmd/ti/rc 0.30 0.0
1744538883.55,-1,0.476,-0.002,0.001,2,0.000,0.000,0.000,10,0.479,0.001,0.000,0.000,1.50,0.58,-1.927,-0.473,4.000,-35.697,-26.443,41.000
1744538883.56,-1,0.476,-0.002,0.001,2,0.000,0.000,0.000,10,0.479,0.001,0.000,0.000,1.50,0.58,-1.927,-0.473,4.000,-35.697,-26.443,41.000
1744538883.56,-1,0.476,-0.002,0.001,2,0.000,0.000,0.000,10,0.479,0.001,0.000,0.000,1.50,0.58,-1.927,-0.473,4.000,-35.697,-26.443,41.000
1744538883.56,-1,0.476,-0.002,0.001,2,0.000,0.000,0.000,10,0.479,0.001,0.000,0.000,1.50,0.58,-1.927,-0.473,4.000,-35.697,-26.443,41.000
1744538883.58,-1,0.476,-0.002,0.001,2,0.000,0.000,0.000,10,0.479,0.001,0.000,0.000,1.50,0.58,-1.927,-0.473,4.000,-35.697,-26.443,41.000
1744538883.58,-1,0.476,-0.002,-0.000,2,0.000,0.000,0.000,10,0.479,0.000,0.000,-0.001,1.50,0.56,-1.927,-0.473,4.000,-35.697,-26.443,41.000
1744538883.58,-1,0.476,-0.002,-0.000,2,0.000,0.000,0.000,10,0.479,0.000,0.000,-0.001,1.50,0.56,-1.927,-0.473,4.000,-35.697,-26.443,41.000
1744538883.58,-1,0.478,-0.002,-0.000,2,0.000,0.000,0.000,10,0.479,0.000,0.000,-0.001,1.50,0.56,-1.927,-0.473,4.000,-35.697,-26.443,41.000
1744538883.58,-1,0.479,-0.002,-0.000,2,0.000,0.000,0.000,10,0.479,0.000,0.000,-0.001,1.50,0.56,-1.927,-0.473,4.000,-35.697,-26.443,41.000
1744538883.61,-1,0.479,-0.002,-0.001,2,0.000,0.000,0.100,10,0.481,-0.001,0.002,-0.002,1.50,0.56,-1.927,-0.473,4.000,-35.697,-26.443,41.000
1744538883.61,-1,0.481,-0.002,-0.000,2,0.000,0.000,0.100,10,0.481,0.000,0.002,-0.001,1.50,0.50,-1.927,-0.473,4.000,-35.697,-26.443,41.000
1744538883.61,-1,0.481,-0.002,-0.000,2,0.000,0.000,-0.009,10,0.483,0.000,0.004,-0.001,1.50,0.50,-1.927,-0.473,4.000,-35.697,-26.443,41.000
1744538883.61,-1,0.482,-0.002,0.002,2,0.000,0.000,-0.009,10,0.483,0.002,0.004,0.001,1.50,0.50,-1.927,-0.473,4.000,-35.697,-26.443,41.000
1744538883.61,-1,0.483,-0.002,0.001,2,0.000,0.000,-0.009,10,0.483,0.001,0.004,0.000,1.50,0.50,-1.927,-0.473,4.000,-35.697,-26.443,41.000
1744538883.64,-1,0.484,-0.002,0.002,2,0.000,0.000,-0.109,10,0.485,0.002,0.006,0.001,1.50,0.50,-1.927,-0.473,4.000,-35.697,-26.443,41.000
1744538883.64,-1,0.485,-0.002,0.002,2,0.000,0.000,-0.109,10,0.485,0.002,0.006,0.001,1.50,0.61,-1.927,-0.473,4.000,-35.697,-26.443,41.000
1744538883.64,-1,0.485,-0.002,0.002,2,0.000,0.000,-0.009,10,0.487,0.002,0.009,0.001,1.50,0.61,-1.927,-0.473,4.000,-35.697,-26.443,41.000
1744538883.64,-1,0.487,-0.002,0.001,2,0.000,0.000,-0.009,10,0.487,0.001,0.009,0.000,1.50,0.61,-1.927,-0.473,4.000,-35.697,-26.443,41.000
1744538883.65,-1,0.489,-0.002,0.001,2,0.000,0.000,-0.009,10,0.487,0.001,0.009,0.000,1.50,0.61,-1.927,-0.473,4.000,-35.697,-26.443,41.000
1744538883.67,-1,0.490,-0.002,0.001,2,0.000,0.000,0.017,10,0.490,0.001,0.012,0.000,1.50,0.61,-1.927,-0.473,4.000,-35.697,-26.443,41.000
1744538883.67,-1,0.492,-0.002,0.001,2,0.000,0.000,0.017,10,0.490,0.001,0.012,0.000,1.50,0.68,-1.927,-0.473,4.000,-35.697,-26.443,41.000
1744538883.67,-1,0.492,-0.002,0.001,2,0.000,0.000,0.070,10,0.494,0.001,0.016,0.000,1.50,0.68,-1.927,-0.473,4.000,-35.697,-26.443,41.000
1744538883.67,-1,0.495,-0.002,0.001,2,0.000,0.000,0.070,10,0.494,0.001,0.016,0.000,1.50,0.68,-1.927,-0.473,4.000,-35.697,-26.443,41.000
1744538883.67,-1,0.497,-0.002,0.002,2,0.000,0.000,0.070,10,0.494,0.002,0.016,0.001,1.50,0.68,-1.927,-0.473,4.000,-35.697,-26.443,41.000
1744538883.70,-1,0.498,-0.002,0.001,2,0.000,0.000,-0.026,10,0.498,0.001,0.019,0.000,1.50,0.68,-1.927,-0.473,4.000,-35.697,-26.443,41.000
1744538883.70,-1,0.501,-0.002,0.001,2,0.000,0.000,-0.026,10,0.498,0.001,0.019,0.000,1.50,0.69,-1.927,-0.473,4.000,-35.697,-26.443,41.000
1744538883.70,-1,0.501,-0.002,0.001,2,0.000,0.000,0.017,10,0.503,0.001,0.024,0.000,1.50,0.69,-1.927,-0.473,4.000,-35.697,-26.443,41.000
1744538883.70,-1,0.504,-0.002,0.001,2,0.000,0.000,0.017,10,0.503,0.001,0.024,0.000,1.50,0.69,-1.927,-0.473,4.000,-35.697,-26.443,41.000
1744538883.70,-1,0.506,-0.002,0.001,2,0.000,0.000,0.017,10,0.503,0.001,0.024,0.000,1.50,0.69,-1.927,-0.473,4.000,-35.697,-26.443,41.000
# remark: robobot/cmd/ti/alive 2025-04-13 12:07:52.918866
1744538883.74,-1,0.507,-0.002,0.002,2,0.000,0.000,-0.013,10,0.507,0.002,0.029,0.001,1.50,0.69,-1.927,-0.473,4.000,-35.697,-26.443,41.000
1744538883.74,-1,0.511,-0.002,0.001,2,0.000,0.000,-0.013,10,0.507,0.001,0.029,0.000,1.50,0.74,-1.927,-0.473,4.000,-35.697,-26.443,41.000
1744538883.74,-1,0.511,-0.002,0.001,2,0.000,0.000,0.000,10,0.522,0.001,0.043,0.000,1.50,0.74,-1.927,-0.473,4.000,-35.697,-26.443,41.000
1744538883.74,-1,0.514,-0.002,0.001,2,0.000,0.000,0.000,10,0.522,0.001,0.043,0.000,1.50,0.74,-1.927,-0.473,4.000,-35.697,-26.443,41.000
1744538883.74,-1,0.516,-0.002,0.001,2,0.000,0.000,0.000,10,0.522,0.001,0.043,0.000,1.50,0.74,-1.927,-0.473,4.000,-35.697,-26.443,41.000
1744538883.74,-1,0.517,-0.002,0.001,2,0.000,0.000,0.004,10,0.522,0.001,0.044,0.000,1.50,0.74,-1.927,-0.473,4.000,-35.697,-26.443,41.000
1744538883.74,-1,0.521,-0.002,0.001,2,0.000,0.000,0.004,10,0.522,0.001,0.044,0.000,1.50,0.82,-1.927,-0.473,4.000,-35.697,-26.443,41.000
1744538883.76,-1,0.521,-0.002,0.001,2,0.000,0.000,0.017,10,0.522,0.001,0.044,0.000,1.50,0.82,-1.927,-0.473,4.000,-35.697,-26.443,41.000
1744538883.76,-1,0.525,-0.002,0.001,2,0.000,0.000,0.017,10,0.522,0.001,0.044,0.000,1.50,0.82,-1.927,-0.473,4.000,-35.697,-26.443,41.000
1744538883.76,-1,0.527,-0.002,0.001,2,0.000,0.000,0.017,10,0.522,0.001,0.044,0.000,1.50,0.82,-1.927,-0.473,4.000,-35.697,-26.443,41.000
1744538883.76,-1,0.528,-0.002,0.001,2,0.000,0.000,-0.004,10,0.528,0.001,0.049,0.000,1.50,0.82,-1.927,-0.473,4.000,-35.697,-26.443,41.000
1744538883.79,-1,0.531,-0.002,-0.000,2,0.000,0.000,-0.004,10,0.528,0.000,0.049,-0.001,1.50,0.83,-1.927,-0.473,4.000,-35.697,-26.443,41.000
1744538883.79,-1,0.531,-0.002,-0.000,2,0.000,0.000,0.017,10,0.533,0.000,0.054,-0.001,1.50,0.83,-1.927,-0.473,4.000,-35.697,-26.443,41.000
1744538883.79,-1,0.535,-0.002,0.001,2,0.000,0.000,0.017,10,0.533,0.001,0.054,0.000,1.50,0.83,-1.927,-0.473,4.000,-35.697,-26.443,41.000
1744538883.79,-1,0.537,-0.002,-0.000,2,0.000,0.000,0.017,10,0.533,0.000,0.054,-0.001,1.50,0.83,-1.927,-0.473,4.000,-35.697,-26.443,41.000
1744538883.82,-1,0.538,-0.002,-0.000,2,0.000,0.000,0.022,10,0.538,0.000,0.059,-0.001,1.50,0.83,-1.927,-0.473,4.000,-35.697,-26.443,41.000
1744538883.82,-1,0.541,-0.002,-0.000,2,0.000,0.000,0.022,10,0.538,0.000,0.059,-0.001,1.50,0.66,-1.927,-0.473,4.000,-35.697,-26.443,41.000
1744538883.82,-1,0.541,-0.002,-0.000,2,0.000,0.000,0.009,10,0.543,0.000,0.064,-0.001,1.50,0.66,-1.927,-0.473,4.000,-35.697,-26.443,41.000
1744538883.82,-1,0.545,-0.002,-0.000,2,0.000,0.000,0.009,10,0.543,0.000,0.064,-0.001,1.50,0.66,-1.927,-0.473,4.000,-35.697,-26.443,41.000
1744538883.82,-1,0.547,-0.002,-0.000,2,0.000,0.000,0.009,10,0.543,0.000,0.064,-0.001,1.50,0.66,-1.927,-0.473,4.000,-35.697,-26.443,41.000
1744538883.84,-1,0.548,-0.002,-0.000,2,0.000,0.000,0.026,10,0.548,0.000,0.069,-0.001,1.50,0.66,-1.927,-0.473,4.000,-35.697,-26.443,41.000
1744538883.85,-1,0.551,-0.002,-0.000,2,0.000,0.000,0.026,10,0.548,0.000,0.069,-0.001,1.50,0.66,-1.927,-0.473,4.000,-35.697,-26.443,41.000
1744538883.85,-1,0.551,-0.002,-0.000,2,0.000,0.000,0.022,10,0.553,0.000,0.074,-0.001,1.50,0.66,-1.927,-0.473,4.000,-35.697,-26.443,41.000
1744538883.85,-1,0.555,-0.002,-0.000,2,0.000,0.000,0.022,10,0.553,0.000,0.074,-0.001,1.50,0.66,-1.927,-0.473,4.000,-35.697,-26.443,41.000
1744538883.86,-1,0.557,-0.002,-0.001,2,0.000,0.000,0.022,10,0.553,-0.001,0.074,-0.002,1.50,0.66,-1.927,-0.473,4.000,-35.697,-26.443,41.000
1744538883.86,-1,0.558,-0.002,-0.001,2,0.000,0.000,0.022,10,0.558,-0.001,0.079,-0.002,1.50,0.66,-1.927,-0.473,4.000,-35.697,-26.443,41.000
1744538883.86,-1,0.562,-0.002,-0.001,2,0.000,0.000,0.022,10,0.558,-0.001,0.079,-0.002,1.50,0.68,-1.927,-0.473,4.000,-35.697,-26.443,41.000
1744538883.86,-1,0.562,-0.002,-0.001,2,0.000,0.000,0.022,10,0.563,-0.001,0.084,-0.002,1.50,0.68,-1.927,-0.473,4.000,-35.697,-26.443,41.000
1744538883.89,-1,0.565,-0.002,-0.001,2,0.000,0.000,0.022,10,0.563,-0.001,0.084,-0.002,1.50,0.68,-1.927,-0.473,4.000,-35.697,-26.443,41.000
1744538883.89,-1,0.567,-0.002,-0.001,2,0.000,0.000,0.022,10,0.563,-0.001,0.084,-0.002,1.50,0.68,-1.927,-0.473,4.000,-35.697,-26.443,41.000
1744538883.90,-1,0.568,-0.002,-0.001,2,0.000,0.000,0.009,10,0.568,-0.001,0.089,-0.002,1.50,0.68,-1.927,-0.473,4.000,-35.697,-26.443,41.000
1744538883.90,-1,0.571,-0.002,-0.001,2,0.000,0.000,0.009,10,0.568,-0.001,0.089,-0.002,1.50,0.67,-1.927,-0.473,4.000,-35.697,-26.443,41.000
1744538883.90,-1,0.571,-0.002,-0.001,2,0.000,0.000,0.035,10,0.572,-0.001,0.094,-0.002,1.50,0.67,-1.927,-0.473,4.000,-35.697,-26.443,41.000
1744538883.91,-1,0.574,-0.002,-0.002,2,0.000,0.000,0.035,10,0.572,-0.002,0.094,-0.003,1.50,0.67,-1.927,-0.473,4.000,-35.697,-26.443,41.000
1744538883.91,-1,0.576,-0.002,-0.002,2,0.000,0.000,0.035,10,0.572,-0.002,0.094,-0.003,1.50,0.67,-1.927,-0.473,4.000,-35.697,-26.443,41.000
1744538883.91,-1,0.577,-0.002,-0.001,2,0.000,0.000,0.013,10,0.577,-0.001,0.098,-0.002,1.50,0.67,-1.927,-0.473,4.000,-35.697,-26.443,41.000
1744538883.91,-1,0.580,-0.002,-0.002,2,0.000,0.000,0.013,10,0.577,-0.002,0.098,-0.003,1.50,0.76,-1.927,-0.473,4.000,-35.697,-26.443,41.000
1744538883.95,-1,0.580,-0.002,-0.002,2,0.000,0.000,-0.009,10,0.582,-0.002,0.103,-0.003,1.50,0.76,-1.927,-0.473,4.000,-35.697,-26.443,41.000
1744538883.95,-1,0.583,-0.002,-0.002,2,0.000,0.000,-0.009,10,0.582,-0.002,0.103,-0.003,1.50,0.76,-1.927,-0.473,4.000,-35.697,-26.443,41.000
1744538883.95,-1,0.585,-0.002,-0.002,2,0.000,0.000,-0.009,10,0.582,-0.002,0.103,-0.003,1.50,0.76,-1.927,-0.473,4.000,-35.697,-26.443,41.000
1744538883.95,-1,0.586,-0.002,-0.001,2,0.000,0.000,-0.009,10,0.586,-0.001,0.107,-0.002,1.50,0.76,-1.927,-0.473,4.000,-35.697,-26.443,41.000
1744538883.97,-1,0.589,-0.002,-0.001,2,0.000,0.000,-0.009,10,0.586,-0.001,0.107,-0.002,1.50,0.81,-1.927,-0.473,4.000,-35.697,-26.443,41.000
1744538883.97,-1,0.589,-0.002,-0.001,2,0.000,0.000,-0.017,10,0.591,-0.001,0.112,-0.002,1.50,0.81,-1.927,-0.473,4.000,-35.697,-26.443,41.000
1744538883.97,-1,0.592,-0.002,-0.001,2,0.000,0.000,-0.017,10,0.591,-0.001,0.112,-0.002,1.50,0.81,-1.927,-0.473,4.000,-35.697,-26.443,41.000
1744538883.97,-1,0.594,-0.002,-0.001,2,0.000,0.000,-0.017,10,0.591,-0.001,0.112,-0.002,1.50,0.81,-1.927,-0.473,4.000,-35.697,-26.443,41.000
1744538884.00,-1,0.595,-0.002,-0.001,2,0.000,0.000,-0.017,10,0.595,-0.001,0.116,-0.002,1.50,0.81,-1.927,-0.473,4.000,-35.697,-26.443,41.000
1744538884.00,-1,0.598,-0.002,-0.001,2,0.000,0.000,-0.017,10,0.595,-0.001,0.116,-0.002,1.50,0.80,-1.927,-0.473,4.000,-35.697,-26.443,41.000
1744538884.00,-1,0.598,-0.002,-0.001,2,0.000,0.000,-0.013,10,0.599,-0.001,0.121,-0.002,1.50,0.80,-1.927,-0.473,4.000,-35.697,-26.443,41.000
1744538884.00,-1,0.601,-0.002,-0.001,2,0.000,0.000,-0.013,10,0.599,-0.001,0.121,-0.002,1.50,0.80,-1.927,-0.473,4.000,-35.697,-26.443,41.000
1744538884.00,-1,0.603,-0.002,-0.000,2,0.000,0.000,-0.013,10,0.599,0.000,0.121,-0.001,1.50,0.80,-1.927,-0.473,4.000,-35.697,-26.443,41.000
1744538884.02,-1,0.604,-0.002,-0.001,2,0.000,0.000,0.004,10,0.604,-0.001,0.125,-0.002,1.50,0.80,-1.927,-0.473,4.000,-35.697,-26.443,41.000
1744538884.03,-1,0.607,-0.002,-0.001,2,0.000,0.000,0.004,10,0.604,-0.001,0.125,-0.002,1.50,0.86,-1.927,-0.473,4.000,-35.697,-26.443,41.000
1744538884.03,-1,0.607,-0.002,-0.001,2,0.000,0.000,-0.004,10,0.608,-0.001,0.130,-0.002,1.50,0.86,-1.927,-0.473,4.000,-35.697,-26.443,41.000
1744538884.05,-1,0.610,-0.002,-0.001,2,0.000,0.000,-0.004,10,0.608,-0.001,0.130,-0.002,1.50,0.86,-1.927,-0.473,4.000,-35.697,-26.443,41.000
1744538884.05,-1,0.612,-0.002,-0.000,2,0.000,0.000,-0.004,10,0.608,0.000,0.130,-0.001,1.50,0.86,-1.927,-0.473,4.000,-35.697,-26.443,41.000
1744538884.05,-1,0.613,-0.002,-0.001,2,0.000,0.000,-0.009,10,0.612,-0.001,0.134,-0.002,1.50,0.86,-1.927,-0.473,4.000,-35.697,-26.443,41.000
1744538884.05,-1,0.616,-0.002,-0.001,2,0.000,0.000,-0.009,10,0.612,-0.001,0.134,-0.002,1.50,1.10,-1.927,-0.473,4.000,-35.697,-26.443,41.000
1744538884.05,-1,0.616,-0.002,-0.001,2,0.000,0.000,-0.017,10,0.617,-0.001,0.138,-0.002,1.50,1.10,-1.927,-0.473,4.000,-35.697,-26.443,41.000
1744538884.07,-1,0.619,-0.002,-0.001,2,0.000,0.000,-0.017,10,0.617,-0.001,0.138,-0.002,1.50,1.10,-1.927,-0.473,4.000,-35.697,-26.443,41.000
1744538884.07,-1,0.620,-0.002,-0.000,2,0.000,0.000,-0.017,10,0.617,0.000,0.138,-0.001,1.50,1.10,-1.927,-0.473,4.000,-35.697,-26.443,41.000
1744538884.07,-1,0.622,-0.002,-0.000,2,0.000,0.000,-0.004,10,0.621,0.000,0.143,-0.001,1.50,1.10,-1.927,-0.473,4.000,-35.697,-26.443,41.000
1744538884.08,-1,0.625,-0.002,-0.000,2,0.000,0.000,-0.004,10,0.621,0.000,0.143,-0.001,1.50,1.34,-1.927,-0.473,4.000,-35.697,-26.443,41.000
1744538884.08,-1,0.625,-0.002,-0.000,2,0.000,0.000,-0.009,10,0.626,0.000,0.147,-0.001,1.50,1.34,-1.927,-0.473,4.000,-35.697,-26.443,41.000
1744538884.10,-1,0.627,-0.002,-0.000,2,0.000,0.000,-0.009,10,0.626,0.000,0.147,-0.001,1.50,1.34,-1.927,-0.473,4.000,-35.697,-26.443,41.000
1744538884.10,-1,0.629,-0.002,-0.000,2,0.000,0.000,-0.009,10,0.626,0.000,0.147,-0.001,1.50,1.34,-1.927,-0.473,4.000,-35.697,-26.443,41.000
1744538884.10,-1,0.630,-0.002,-0.000,2,0.000,0.000,0.013,10,0.630,0.000,0.152,-0.001,1.50,1.34,-1.927,-0.473,4.000,-35.697,-26.443,41.000
1744538884.11,-1,0.633,-0.002,-0.002,2,0.000,0.000,0.013,10,0.630,-0.002,0.152,-0.003,1.50,1.50,-1.927,-0.473,4.000,-35.697,-26.443,41.000
1744538884.11,-1,0.633,-0.002,-0.002,2,0.000,0.000,0.043,10,0.635,-0.002,0.156,-0.003,1.50,1.50,-1.927,-0.473,4.000,-35.697,-26.443,41.000
1744538884.13,-1,0.636,-0.003,-0.002,2,0.000,0.000,0.043,10,0.635,-0.002,0.156,-0.003,1.50,1.50,-1.927,-0.473,4.000,-35.697,-26.443,41.000
1744538884.13,-1,0.638,-0.003,-0.001,2,0.000,0.000,0.043,10,0.635,-0.001,0.156,-0.002,1.50,1.50,-1.927,-0.473,4.000,-35.697,-26.443,41.000
1744538884.13,-1,0.639,-0.003,-0.002,2,0.000,0.000,0.004,10,0.639,-0.002,0.160,-0.003,1.50,1.50,-1.927,-0.473,4.000,-35.697,-26.443,41.000
1744538884.14,-1,0.642,-0.003,-0.001,2,0.000,0.000,0.004,10,0.639,-0.001,0.160,-0.002,1.50,1.50,-1.927,-0.473,4.000,-35.697,-26.443,41.000
1744538884.16,-1,0.642,-0.003,-0.001,2,0.000,0.000,-0.004,10,0.643,-0.001,0.165,-0.002,1.50,1.50,-1.927,-0.473,4.000,-35.697,-26.443,41.000
1744538884.16,-1,0.645,-0.003,-0.001,2,0.000,0.000,-0.004,10,0.643,-0.001,0.165,-0.002,1.50,1.50,-1.927,-0.473,4.000,-35.697,-26.443,41.000
1744538884.16,-1,0.647,-0.003,-0.002,2,0.000,0.000,-0.004,10,0.643,-0.002,0.165,-0.003,1.50,1.50,-1.927,-0.473,4.000,-35.697,-26.443,41.000
1744538884.16,-1,0.648,-0.003,-0.001,2,0.000,0.000,-0.013,10,0.648,-0.001,0.169,-0.002,1.50,1.50,-1.927,-0.473,4.000,-35.697,-26.443,41.000
1744538884.16,-1,0.651,-0.003,-0.001,2,0.000,0.000,-0.013,10,0.648,-0.001,0.169,-0.002,1.50,1.50,-1.927,-0.473,4.000,-35.697,-26.443,41.000
1744538884.18,-1,0.651,-0.003,-0.001,2,0.000,0.000,-0.017,10,0.652,-0.001,0.174,-0.002,1.50,1.50,-1.927,-0.473,4.000,-35.697,-26.443,41.000
1744538884.18,-1,0.654,-0.003,-0.001,2,0.000,0.000,-0.017,10,0.652,-0.001,0.174,-0.002,1.50,1.50,-1.927,-0.473,4.000,-35.697,-26.443,41.000
1744538884.18,-1,0.656,-0.003,-0.001,2,0.000,0.000,-0.017,10,0.652,-0.001,0.174,-0.002,1.50,1.50,-1.927,-0.473,4.000,-35.697,-26.443,41.000
1744538884.18,-1,0.657,-0.003,-0.001,2,0.000,0.000,0.026,10,0.656,-0.001,0.178,-0.002,1.50,1.50,-1.927,-0.473,4.000,-35.697,-26.443,41.000
1744538884.21,-1,0.660,-0.003,-0.001,2,0.000,0.000,0.026,10,0.656,-0.001,0.178,-0.002,1.50,1.50,-1.927,-0.473,4.000,-35.697,-26.443,41.000
1744538884.21,-1,0.660,-0.003,-0.001,2,0.000,0.000,0.000,10,0.661,-0.001,0.182,-0.002,1.50,1.50,-1.927,-0.473,4.000,-35.697,-26.443,41.000
1744538884.21,-1,0.663,-0.003,-0.002,2,0.000,0.000,0.000,10,0.661,-0.002,0.182,-0.003,1.50,1.50,-1.927,-0.473,4.000,-35.697,-26.443,41.000
1744538884.21,-1,0.664,-0.003,-0.001,2,0.000,0.000,0.000,10,0.661,-0.001,0.182,-0.002,1.50,1.50,-1.927,-0.473,4.000,-35.697,-26.443,41.000
1744538884.24,-1,0.666,-0.003,-0.001,2,0.000,0.000,0.009,10,0.665,-0.001,0.187,-0.002,1.50,1.50,-1.927,-0.473,4.000,-35.697,-26.443,41.000
1744538884.24,-1,0.669,-0.003,-0.001,2,0.000,0.000,0.009,10,0.665,-0.001,0.187,-0.002,1.50,1.50,-1.927,-0.473,4.000,-35.697,-26.443,41.000
1744538884.24,-1,0.669,-0.003,-0.001,2,0.000,0.000,-0.004,10,0.670,-0.001,0.191,-0.002,1.50,1.50,-1.927,-0.473,4.000,-35.697,-26.443,41.000
1744538884.24,-1,0.672,-0.003,-0.002,2,0.000,0.000,-0.004,10,0.670,-0.002,0.191,-0.003,1.50,1.50,-1.927,-0.473,4.000,-35.697,-26.443,41.000
1744538884.24,-1,0.673,-0.003,-0.001,2,0.000,0.000,-0.004,10,0.670,-0.001,0.191,-0.002,1.50,1.50,-1.927,-0.473,4.000,-35.697,-26.443,41.000
1744538884.26,-1,0.675,-0.003,-0.002,2,0.000,0.000,0.030,10,0.675,-0.002,0.196,-0.003,1.50,1.50,-1.927,-0.473,4.000,-35.697,-26.443,41.000
1744538884.26,-1,0.677,-0.003,-0.002,2,0.000,0.000,0.030,10,0.675,-0.002,0.196,-0.003,1.50,1.50,-1.927,-0.473,4.000,-35.697,-26.443,41.000
1744538884.26,-1,0.677,-0.003,-0.002,2,0.000,0.000,0.022,10,0.679,-0.002,0.200,-0.003,1.50,1.50,-1.927,-0.473,4.000,-35.697,-26.443,41.000
1744538884.26,-1,0.681,-0.003,-0.004,2,0.000,0.000,0.022,10,0.679,-0.004,0.200,-0.005,1.50,1.50,-1.927,-0.473,4.000,-35.697,-26.443,41.000
1744538884.26,-1,0.682,-0.003,-0.002,2,0.000,0.000,0.022,10,0.679,-0.002,0.200,-0.003,1.50,1.50,-1.927,-0.473,4.000,-35.697,-26.443,41.000
# remark: robobot/cmd/ti/alive 2025-04-13 12:07:52.918866
1744538884.29,-1,0.684,-0.003,-0.002,2,0.000,0.000,0.035,10,0.683,-0.002,0.205,-0.003,1.50,1.50,-1.927,-0.473,4.000,-35.697,-26.443,41.000
1744538884.30,-1,0.687,-0.003,-0.002,2,0.000,0.000,0.035,10,0.683,-0.002,0.205,-0.003,1.50,1.50,-1.927,-0.473,4.000,-35.697,-26.443,41.000
1744538884.30,-1,0.687,-0.003,-0.002,2,0.000,0.000,0.035,10,0.688,-0.002,0.209,-0.003,1.50,1.50,-1.927,-0.473,4.000,-35.697,-26.443,41.000
1744538884.31,-1,0.690,-0.003,-0.004,2,0.000,0.000,0.035,10,0.688,-0.004,0.209,-0.005,1.50,1.50,-1.927,-0.473,4.000,-35.697,-26.443,41.000
1744538884.31,-1,0.691,-0.003,-0.002,2,0.000,0.000,0.035,10,0.688,-0.002,0.209,-0.003,1.50,1.50,-1.927,-0.473,4.000,-35.697,-26.443,41.000
1744538884.31,-1,0.692,-0.003,-0.004,2,0.000,0.000,-0.013,10,0.692,-0.004,0.214,-0.005,1.50,1.50,-1.927,-0.473,4.000,-35.697,-26.443,41.000
1744538884.31,-1,0.696,-0.003,-0.002,2,0.000,0.000,-0.013,10,0.692,-0.002,0.214,-0.003,1.50,1.50,-1.927,-0.473,4.000,-35.697,-26.443,41.000
1744538884.31,-1,0.696,-0.003,-0.002,2,0.000,0.000,-0.017,10,0.697,-0.002,0.218,-0.003,1.50,1.50,-1.927,-0.473,4.000,-35.697,-26.443,41.000
1744538884.35,-1,0.699,-0.003,-0.004,2,0.000,0.000,-0.017,10,0.697,-0.004,0.218,-0.005,1.50,1.50,-1.927,-0.473,4.000,-35.697,-26.443,41.000
1744538884.35,-1,0.700,-0.003,-0.004,2,0.000,0.000,-0.017,10,0.697,-0.004,0.218,-0.005,1.50,1.50,-1.927,-0.473,4.000,-35.697,-26.443,41.000
1744538884.35,-1,0.702,-0.003,-0.004,2,0.000,0.000,0.030,10,0.702,-0.004,0.223,-0.005,1.50,1.50,-1.927,-0.473,4.000,-35.697,-26.443,41.000
1744538884.35,-1,0.705,-0.003,-0.002,2,0.000,0.000,0.030,10,0.702,-0.002,0.223,-0.003,1.50,1.50,-1.927,-0.473,4.000,-35.697,-26.443,41.000
1744538884.35,-1,0.705,-0.003,-0.002,2,0.000,0.000,-0.009,10,0.706,-0.002,0.227,-0.003,1.50,1.50,-1.927,-0.473,4.000,-35.697,-26.443,41.000
1744538884.36,-1,0.708,-0.003,-0.004,2,0.000,0.000,-0.009,10,0.706,-0.004,0.227,-0.005,1.50,1.50,-1.927,-0.473,4.000,-35.697,-26.443,41.000
1744538884.36,-1,0.709,-0.003,-0.002,2,0.000,0.000,-0.009,10,0.706,-0.002,0.227,-0.003,1.50,1.50,-1.927,-0.473,4.000,-35.697,-26.443,41.000
1744538884.36,-1,0.711,-0.003,-0.004,2,0.000,0.000,-0.004,10,0.711,-0.004,0.232,-0.005,1.50,1.50,-1.927,-0.473,4.000,-35.697,-26.443,41.000
1744538884.38,-1,0.714,-0.003,-0.002,2,0.000,0.000,-0.004,10,0.711,-0.002,0.232,-0.003,1.50,1.50,-1.927,-0.473,4.000,-35.697,-26.443,41.000
1744538884.40,-1,0.714,-0.003,-0.002,2,0.000,0.000,-0.030,10,0.715,-0.002,0.236,-0.003,1.50,1.50,-1.927,-0.473,4.000,-35.697,-26.443,41.000
1744538884.40,-1,0.717,-0.003,-0.002,2,0.000,0.000,-0.030,10,0.715,-0.002,0.236,-0.003,1.50,1.50,-1.927,-0.473,4.000,-35.697,-26.443,41.000
1744538884.40,-1,0.718,-0.003,-0.002,2,0.000,0.000,-0.030,10,0.715,-0.002,0.236,-0.003,1.50,1.50,-1.927,-0.473,4.000,-35.697,-26.443,41.000
1744538884.40,-1,0.720,-0.003,-0.004,2,0.000,0.000,0.004,10,0.719,-0.004,0.241,-0.005,1.50,1.50,-1.927,-0.473,4.000,-35.697,-26.443,41.000
1744538884.42,-1,0.723,-0.003,-0.002,2,0.000,0.000,0.004,10,0.719,-0.002,0.241,-0.003,1.50,1.50,-1.927,-0.473,4.000,-35.697,-26.443,41.000
1744538884.42,-1,0.723,-0.003,-0.002,2,0.000,0.000,-0.004,10,0.724,-0.002,0.245,-0.003,1.50,1.50,-1.927,-0.473,4.000,-35.697,-26.443,41.000
1744538884.42,-1,0.726,-0.003,-0.002,2,0.000,0.000,-0.004,10,0.724,-0.002,0.245,-0.003,1.50,1.50,-1.927,-0.473,4.000,-35.697,-26.443,41.000
1744538884.42,-1,0.727,-0.003,-0.002,2,0.000,0.000,-0.004,10,0.724,-0.002,0.245,-0.003,1.50,1.50,-1.927,-0.473,4.000,-35.697,-26.443,41.000
1744538884.43,-1,0.729,-0.003,-0.002,2,0.000,0.000,-0.017,10,0.728,-0.002,0.250,-0.003,1.50,1.50,-1.927,-0.473,4.000,-35.697,-26.443,41.000
1744538884.45,-1,0.732,-0.003,-0.002,2,0.000,0.000,-0.017,10,0.728,-0.002,0.250,-0.003,1.50,1.50,-1.927,-0.473,4.000,-35.697,-26.443,41.000
1744538884.45,-1,0.732,-0.003,-0.002,2,0.000,0.000,-0.009,10,0.733,-0.002,0.255,-0.003,1.50,1.50,-1.927,-0.473,4.000,-35.697,-26.443,41.000
1744538884.45,-1,0.735,-0.003,-0.002,2,0.000,0.000,-0.009,10,0.733,-0.002,0.255,-0.003,1.50,1.50,-1.927,-0.473,4.000,-35.697,-26.443,41.000
1744538884.45,-1,0.737,-0.003,-0.002,2,0.000,0.000,-0.009,10,0.733,-0.002,0.255,-0.003,1.50,1.50,-1.927,-0.473,4.000,-35.697,-26.443,41.000
1744538884.48,-1,0.738,-0.003,-0.002,2,0.000,0.000,0.004,10,0.738,-0.002,0.259,-0.003,1.50,1.50,-1.927,-0.473,4.000,-35.697,-26.443,41.000
1744538884.48,-1,0.741,-0.003,-0.004,2,0.000,0.000,0.004,10,0.738,-0.004,0.259,-0.005,1.50,1.50,-1.927,-0.473,4.000,-35.697,-26.443,41.000
1744538884.48,-1,0.741,-0.003,-0.004,2,0.000,0.000,0.009,10,0.742,-0.004,0.264,-0.005,1.50,1.50,-1.927,-0.473,4.000,-35.697,-26.443,41.000
1744538884.48,-1,0.744,-0.003,-0.002,2,0.000,0.000,0.009,10,0.742,-0.002,0.264,-0.003,1.50,1.50,-1.927,-0.473,4.000,-35.697,-26.443,41.000
1744538884.48,-1,0.746,-0.003,-0.002,2,0.000,0.000,0.009,10,0.742,-0.002,0.264,-0.003,1.50,1.50,-1.927,-0.473,4.000,-35.697,-26.443,41.000
1744538884.51,-1,0.748,-0.003,-0.002,2,0.000,0.000,-0.009,10,0.747,-0.002,0.268,-0.003,1.50,1.50,-1.927,-0.473,4.000,-35.697,-26.443,41.000
1744538884.51,-1,0.751,-0.003,-0.002,2,0.000,0.000,-0.009,10,0.747,-0.002,0.268,-0.003,1.50,1.50,-1.927,-0.473,4.000,-35.697,-26.443,41.000
1744538884.51,-1,0.751,-0.003,-0.002,2,0.000,0.000,-0.022,10,0.751,-0.002,0.273,-0.003,1.50,1.50,-1.927,-0.473,4.000,-35.697,-26.443,41.000
1744538884.51,-1,0.754,-0.003,-0.002,2,0.000,0.000,-0.022,10,0.751,-0.002,0.273,-0.003,1.50,1.50,-1.927,-0.473,4.000,-35.697,-26.443,41.000
1744538884.51,-1,0.755,-0.003,-0.002,2,0.000,0.000,-0.022,10,0.751,-0.002,0.273,-0.003,1.50,1.50,-1.927,-0.473,4.000,-35.697,-26.443,41.000
1744538884.53,-1,0.757,-0.003,-0.001,2,0.000,0.000,-0.009,10,0.756,-0.001,0.277,-0.002,1.50,1.50,-1.927,-0.473,4.000,-35.697,-26.443,41.000
1744538884.53,-1,0.760,-0.003,-0.002,2,0.000,0.000,-0.009,10,0.756,-0.002,0.277,-0.003,1.50,1.50,-1.927,-0.473,4.000,-35.697,-26.443,41.000
1744538884.53,-1,0.760,-0.003,-0.002,2,0.000,0.000,-0.017,10,0.760,-0.002,0.282,-0.003,1.50,1.50,-1.927,-0.473,4.000,-35.697,-26.443,41.000
1744538884.54,-1,0.763,-0.003,-0.001,2,0.000,0.000,-0.017,10,0.760,-0.001,0.282,-0.002,1.50,1.50,-1.927,-0.473,4.000,-35.697,-26.443,41.000
1744538884.54,-1,0.764,-0.003,-0.002,2,0.000,0.000,-0.017,10,0.760,-0.002,0.282,-0.003,1.50,1.50,-1.927,-0.473,4.000,-35.697,-26.443,41.000
1744538884.54,-1,0.766,-0.003,-0.001,2,0.000,0.000,-0.013,10,0.765,-0.001,0.286,-0.002,1.50,1.50,-1.927,-0.473,4.000,-35.697,-26.443,41.000
1744538884.56,-1,0.769,-0.003,-0.001,2,0.000,0.000,-0.013,10,0.765,-0.001,0.286,-0.002,1.50,1.50,-1.927,-0.473,4.000,-35.697,-26.443,41.000
1744538884.56,-1,0.769,-0.003,-0.001,2,0.000,0.000,-0.017,10,0.769,-0.001,0.291,-0.002,1.50,1.50,-1.927,-0.473,4.000,-35.697,-26.443,41.000
1744538884.58,-1,0.772,-0.003,-0.001,2,0.000,0.000,-0.017,10,0.769,-0.001,0.291,-0.002,1.50,1.50,-1.927,-0.473,4.000,-35.697,-26.443,41.000
1744538884.58,-1,0.773,-0.003,-0.000,2,0.000,0.000,-0.017,10,0.769,0.000,0.291,-0.001,1.50,1.50,-1.927,-0.473,4.000,-35.697,-26.443,41.000
1744538884.58,-1,0.775,-0.003,-0.001,2,0.000,0.000,-0.013,10,0.774,-0.001,0.295,-0.002,1.50,1.50,-1.927,-0.473,4.000,-35.697,-26.443,41.000
1744538884.58,-1,0.778,-0.003,-0.000,2,0.000,0.000,-0.013,10,0.774,0.000,0.295,-0.001,1.50,1.50,-1.927,-0.473,4.000,-35.697,-26.443,41.000
1744538884.58,-1,0.778,-0.003,-0.000,2,0.000,0.000,-0.009,10,0.778,0.000,0.300,-0.001,1.50,1.50,-1.927,-0.473,4.000,-35.697,-26.443,41.000
1744538884.61,-1,0.781,-0.003,-0.001,2,0.000,0.000,-0.009,10,0.778,-0.001,0.300,-0.002,1.50,1.50,-1.927,-0.473,4.000,-35.697,-26.443,41.000
1744538884.61,-1,0.782,-0.003,-0.000,2,0.000,0.000,-0.009,10,0.778,0.000,0.300,-0.001,1.50,1.50,-1.927,-0.473,4.000,-35.697,-26.443,41.000
1744538884.61,-1,0.784,-0.003,-0.001,2,0.000,0.000,0.013,10,0.783,-0.001,0.304,-0.002,1.50,1.50,-1.927,-0.473,4.000,-35.697,-26.443,41.000
1744538884.62,-1,0.787,-0.003,-0.001,2,0.000,0.000,0.013,10,0.783,-0.001,0.304,-0.002,1.50,1.50,-1.927,-0.473,4.000,-35.697,-26.443,41.000
1744538884.64,-1,0.787,-0.003,-0.001,2,0.000,0.000,0.035,10,0.787,-0.001,0.309,-0.002,1.50,1.50,-1.927,-0.473,4.000,-35.697,-26.443,41.000
1744538884.64,-1,0.790,-0.003,-0.002,2,0.000,0.000,0.035,10,0.787,-0.002,0.309,-0.003,1.50,1.50,-1.927,-0.473,4.000,-35.697,-26.443,41.000
1744538884.64,-1,0.791,-0.003,-0.001,2,0.000,0.000,0.035,10,0.787,-0.001,0.309,-0.002,1.50,1.50,-1.927,-0.473,4.000,-35.697,-26.443,41.000
1744538884.64,-1,0.793,-0.003,-0.002,2,0.000,0.000,0.004,10,0.792,-0.002,0.313,-0.003,1.50,1.50,-1.927,-0.473,4.000,-35.697,-26.443,41.000
1744538884.66,-1,0.796,-0.003,-0.002,2,0.000,0.000,0.004,10,0.792,-0.002,0.313,-0.003,1.50,1.50,-1.927,-0.473,4.000,-35.697,-26.443,41.000
1744538884.66,-1,0.796,-0.003,-0.002,2,0.000,0.000,0.004,10,0.796,-0.002,0.318,-0.003,1.50,1.50,-1.927,-0.473,4.000,-35.697,-26.443,41.000
1744538884.66,-1,0.798,-0.003,-0.002,2,0.000,0.000,0.004,10,0.796,-0.002,0.318,-0.003,1.50,1.50,-1.927,-0.473,4.000,-35.697,-26.443,41.000
1744538884.66,-1,0.800,-0.003,-0.001,2,0.000,0.000,0.004,10,0.796,-0.001,0.318,-0.002,1.50,1.50,-1.927,-0.473,4.000,-35.697,-26.443,41.000
1744538884.66,-1,0.801,-0.003,-0.002,2,0.000,0.000,-0.004,10,0.801,-0.002,0.322,-0.003,1.50,1.50,-1.927,-0.473,4.000,-35.697,-26.443,41.000
1744538884.68,-1,0.804,-0.003,-0.001,2,0.000,0.000,-0.004,10,0.801,-0.001,0.322,-0.002,1.50,1.50,-1.927,-0.473,4.000,-35.697,-26.443,41.000
1744538884.68,-1,0.804,-0.003,-0.001,2,0.000,0.000,-0.009,10,0.805,-0.001,0.327,-0.002,1.50,1.50,-1.927,-0.473,4.000,-35.697,-26.443,41.000
1744538884.68,-1,0.807,-0.003,-0.001,2,0.000,0.000,-0.009,10,0.805,-0.001,0.327,-0.002,1.50,1.50,-1.927,-0.473,4.000,-35.697,-26.443,41.000
1744538884.69,-1,0.809,-0.003,-0.002,2,0.000,0.000,-0.009,10,0.805,-0.002,0.327,-0.003,1.50,1.50,-1.927,-0.473,4.000,-35.697,-26.443,41.000
1744538884.72,-1,0.810,-0.003,-0.001,2,0.000,0.000,0.030,10,0.810,-0.001,0.331,-0.002,1.50,1.50,-1.927,-0.473,4.000,-35.697,-26.443,41.000
1744538884.72,-1,0.813,-0.003,-0.001,2,0.000,0.000,0.030,10,0.810,-0.001,0.331,-0.002,1.50,1.50,-1.927,-0.473,4.000,-35.697,-26.443,41.000
1744538884.72,-1,0.813,-0.003,-0.001,2,0.000,0.000,-0.004,10,0.814,-0.001,0.336,-0.002,1.50,1.50,-1.927,-0.473,4.000,-35.697,-26.443,41.000
1744538884.72,-1,0.816,-0.003,-0.002,2,0.000,0.000,-0.004,10,0.814,-0.002,0.336,-0.003,1.50,1.50,-1.927,-0.473,4.000,-35.697,-26.443,41.000
1744538884.72,-1,0.818,-0.003,-0.001,2,0.000,0.000,-0.004,10,0.814,-0.001,0.336,-0.002,1.50,1.50,-1.927,-0.473,4.000,-35.697,-26.443,41.000
1744538884.74,-1,0.819,-0.003,-0.001,2,0.000,0.000,-0.004,10,0.819,-0.001,0.340,-0.002,1.50,1.50,-1.927,-0.473,4.000,-35.697,-26.443,41.000
1744538884.74,-1,0.822,-0.003,-0.002,2,0.000,0.000,-0.004,10,0.819,-0.002,0.340,-0.003,1.50,1.50,-1.927,-0.473,4.000,-35.697,-26.443,41.000
1744538884.74,-1,0.822,-0.003,-0.002,2,0.000,0.000,-0.022,10,0.823,-0.002,0.344,-0.003,1.50,1.50,-1.927,-0.473,4.000,-35.697,-26.443,41.000
1744538884.75,-1,0.825,-0.003,-0.001,2,0.000,0.000,-0.022,10,0.823,-0.001,0.344,-0.002,1.50,1.50,-1.927,-0.473,4.000,-35.697,-26.443,41.000
1744538884.76,-1,0.827,-0.003,-0.002,2,0.000,0.000,-0.022,10,0.823,-0.002,0.344,-0.003,1.50,1.50,-1.927,-0.473,4.000,-35.697,-26.443,41.000
1744538884.76,-1,0.829,-0.003,-0.002,2,0.000,0.000,-0.017,10,0.828,-0.002,0.349,-0.003,1.50,1.50,-1.927,-0.473,4.000,-35.697,-26.443,41.000
1744538884.76,-1,0.832,-0.003,-0.001,2,0.000,0.000,-0.017,10,0.828,-0.001,0.349,-0.002,1.50,1.50,-1.927,-0.473,4.000,-35.697,-26.443,41.000
1744538884.76,-1,0.832,-0.003,-0.001,2,0.000,0.000,-0.009,10,0.832,-0.001,0.354,-0.002,1.50,1.50,-1.927,-0.473,4.000,-35.697,-26.443,41.000
1744538884.80,-1,0.835,-0.003,-0.001,2,0.000,0.000,-0.009,10,0.832,-0.001,0.354,-0.002,1.50,1.50,-1.927,-0.473,4.000,-35.697,-26.443,41.000
1744538884.80,-1,0.836,-0.003,-0.000,2,0.000,0.000,-0.009,10,0.832,0.000,0.354,-0.001,1.50,1.50,-1.927,-0.473,4.000,-35.697,-26.443,41.000
1744538884.80,-1,0.837,-0.003,-0.001,2,0.000,0.000,-0.013,10,0.837,-0.001,0.358,-0.002,1.50,1.50,-1.927,-0.473,4.000,-35.697,-26.443,41.000
1744538884.80,-1,0.841,-0.003,-0.001,2,0.000,0.000,-0.013,10,0.837,-0.001,0.358,-0.002,1.50,1.50,-1.927,-0.473,4.000,-35.697,-26.443,41.000
1744538884.80,-1,0.841,-0.003,-0.001,2,0.000,0.000,-0.017,10,0.841,-0.001,0.363,-0.002,1.50,1.50,-1.927,-0.473,4.000,-35.697,-26.443,41.000
1744538884.81,-1,0.844,-0.003,-0.001,2,0.000,0.000,-0.017,10,0.841,-0.001,0.363,-0.002,1.50,1.50,-1.927,-0.473,4.000,-35.697,-26.443,41.000
1744538884.81,-1,0.845,-0.003,-0.001,2,0.000,0.000,-0.017,10,0.841,-0.001,0.363,-0.002,1.50,1.50,-1.927,-0.473,4.000,-35.697,-26.443,41.000
1744538884.83,-1,0.847,-0.003,-0.002,2,0.000,0.000,0.013,10,0.846,-0.002,0.367,-0.003,1.50,1.50,-1.927,-0.473,4.000,-35.697,-26.443,41.000
1744538884.83,-1,0.850,-0.003,-0.001,2,0.000,0.000,0.013,10,0.846,-0.001,0.367,-0.002,1.50,1.50,-1.927,-0.473,4.000,-35.697,-26.443,41.000
# remark: robobot/cmd/ti/alive 2025-04-13 12:07:52.918866
1744538884.85,-1,0.850,-0.003,-0.001,2,0.000,0.000,0.004,10,0.850,-0.001,0.372,-0.002,1.50,1.50,-1.927,-0.473,4.000,-35.697,-26.443,41.000
1744538884.85,-1,0.853,-0.003,-0.001,2,0.000,0.000,0.004,10,0.850,-0.001,0.372,-0.002,1.50,1.50,-1.927,-0.473,4.000,-35.697,-26.443,41.000
1744538884.85,-1,0.854,-0.003,-0.000,2,0.000,0.000,0.004,10,0.850,0.000,0.372,-0.001,1.50,1.50,-1.927,-0.473,4.000,-35.697,-26.443,41.000
1744538884.85,-1,0.856,-0.003,-0.001,2,0.000,0.000,-0.009,10,0.855,-0.001,0.376,-0.002,1.50,1.50,-1.927,-0.473,4.000,-35.697,-26.443,41.000
1744538884.86,-1,0.859,-0.003,-0.000,2,0.000,0.000,-0.009,10,0.855,0.000,0.376,-0.001,1.50,1.50,-1.927,-0.473,4.000,-35.697,-26.443,41.000
1744538884.86,-1,0.859,-0.003,-0.000,2,0.000,0.000,-0.013,10,0.859,0.000,0.381,-0.001,1.50,1.50,-1.927,-0.473,4.000,-35.697,-26.443,41.000
1744538884.86,-1,0.862,-0.003,-0.001,2,0.000,0.000,-0.013,10,0.859,-0.001,0.381,-0.002,1.50,1.50,-1.927,-0.473,4.000,-35.697,-26.443,41.000
1744538884.86,-1,0.863,-0.003,-0.001,2,0.000,0.000,-0.013,10,0.859,-0.001,0.381,-0.002,1.50,1.50,-1.927,-0.473,4.000,-35.697,-26.443,41.000
1744538884.88,-1,0.865,-0.003,-0.001,2,0.000,0.000,0.026,10,0.864,-0.001,0.385,-0.002,1.50,1.50,-1.927,-0.473,4.000,-35.697,-26.443,41.000
1744538884.90,-1,0.868,-0.003,-0.002,2,0.000,0.000,0.026,10,0.864,-0.002,0.385,-0.003,1.50,1.50,-1.927,-0.473,4.000,-35.697,-26.443,41.000
1744538884.90,-1,0.868,-0.003,-0.002,2,0.000,0.000,0.017,10,0.868,-0.002,0.390,-0.003,1.50,1.50,-1.927,-0.473,4.000,-35.697,-26.443,41.000
1744538884.91,-1,0.871,-0.003,-0.002,2,0.000,0.000,0.017,10,0.868,-0.002,0.390,-0.003,1.50,1.50,-1.927,-0.473,4.000,-35.697,-26.443,41.000
1744538884.91,-1,0.872,-0.003,-0.002,2,0.000,0.000,0.017,10,0.868,-0.002,0.390,-0.003,1.50,1.50,-1.927,-0.473,4.000,-35.697,-26.443,41.000
1744538884.93,-1,0.874,-0.003,-0.002,2,0.000,0.000,0.030,10,0.873,-0.002,0.394,-0.003,1.50,1.50,-1.927,-0.473,4.000,-35.697,-26.443,41.000
1744538884.93,-1,0.876,-0.003,-0.002,2,0.000,0.000,0.030,10,0.873,-0.002,0.394,-0.003,1.50,1.50,-1.927,-0.473,4.000,-35.697,-26.443,41.000
1744538884.93,-1,0.876,-0.003,-0.002,2,0.000,0.000,0.000,10,0.877,-0.002,0.399,-0.003,1.50,1.50,-1.927,-0.473,4.000,-35.697,-26.443,41.000
1744538884.93,-1,0.880,-0.003,-0.002,2,0.000,0.000,0.000,10,0.877,-0.002,0.399,-0.003,1.50,1.50,-1.927,-0.473,4.000,-35.697,-26.443,41.000
1744538884.93,-1,0.881,-0.003,-0.002,2,0.000,0.000,0.000,10,0.877,-0.002,0.399,-0.003,1.50,1.50,-1.927,-0.473,4.000,-35.697,-26.443,41.000
1744538884.96,-1,0.883,-0.003,-0.002,2,0.000,0.000,-0.013,10,0.882,-0.002,0.403,-0.003,1.50,1.50,-1.927,-0.473,4.000,-35.697,-26.443,41.000
1744538884.96,-1,0.885,-0.003,-0.002,2,0.000,0.000,-0.013,10,0.882,-0.002,0.403,-0.003,1.50,1.50,-1.927,-0.473,4.000,-35.697,-26.443,41.000
1744538884.96,-1,0.885,-0.003,-0.002,2,0.000,0.000,-0.017,10,0.886,-0.002,0.408,-0.003,1.50,1.50,-1.927,-0.473,4.000,-35.697,-26.443,41.000
1744538884.96,-1,0.889,-0.003,-0.001,2,0.000,0.000,-0.017,10,0.886,-0.001,0.408,-0.002,1.50,1.50,-1.927,-0.473,4.000,-35.697,-26.443,41.000
1744538884.98,-1,0.890,-0.003,-0.002,2,0.000,0.000,-0.017,10,0.886,-0.002,0.408,-0.003,1.50,1.50,-1.927,-0.473,4.000,-35.697,-26.443,41.000
1744538884.98,-1,0.891,-0.003,-0.001,2,0.000,0.000,-0.017,10,0.891,-0.001,0.412,-0.002,1.50,1.50,-1.927,-0.473,4.000,-35.697,-26.443,41.000
1744538884.98,-1,0.895,-0.003,-0.001,2,0.000,0.000,-0.017,10,0.891,-0.001,0.412,-0.002,1.50,1.50,-1.927,-0.473,4.000,-35.697,-26.443,41.000
1744538884.98,-1,0.895,-0.003,-0.001,2,0.000,0.000,-0.013,10,0.895,-0.001,0.417,-0.002,1.50,1.50,-1.927,-0.473,4.000,-35.697,-26.443,41.000
1744538885.01,-1,0.898,-0.003,-0.001,2,0.000,0.000,-0.013,10,0.895,-0.001,0.417,-0.002,1.50,1.50,-1.927,-0.473,4.000,-35.697,-26.443,41.000
1744538885.01,-1,0.899,-0.003,-0.001,2,0.000,0.000,-0.013,10,0.895,-0.001,0.417,-0.002,1.50,1.50,-1.927,-0.473,4.000,-35.697,-26.443,41.000
1744538885.01,-1,0.901,-0.003,-0.001,2,0.000,0.000,0.000,10,0.900,-0.001,0.421,-0.002,1.50,1.50,-1.927,-0.473,4.000,-35.697,-26.443,41.000
1744538885.01,-1,0.904,-0.003,-0.001,2,0.000,0.000,0.000,10,0.900,-0.001,0.421,-0.002,1.30,1.50,-1.927,-0.473,4.000,-35.697,-26.443,41.000
1744538885.01,-1,0.904,-0.003,-0.001,2,0.000,0.000,-0.013,10,0.904,-0.001,0.426,-0.002,1.30,1.50,-1.927,-0.473,4.000,-35.697,-26.443,41.000
1744538885.03,-1,0.907,-0.003,-0.001,2,0.000,0.000,-0.013,10,0.904,-0.001,0.426,-0.002,1.30,1.50,-1.927,-0.473,4.000,-35.697,-26.443,41.000
1744538885.03,-1,0.908,-0.003,-0.001,2,0.000,0.000,-0.013,10,0.904,-0.001,0.426,-0.002,1.30,1.50,-1.927,-0.473,4.000,-35.697,-26.443,41.000
1744538885.03,-1,0.910,-0.003,-0.000,2,0.000,0.000,-0.009,10,0.909,0.000,0.430,-0.001,1.30,1.50,-1.927,-0.473,4.000,-35.697,-26.443,41.000
1744538885.03,-1,0.913,-0.003,-0.001,2,0.000,0.000,-0.009,10,0.909,-0.001,0.430,-0.002,0.95,1.50,-1.927,-0.473,4.000,-35.697,-26.443,41.000
1744538885.06,-1,0.913,-0.003,-0.001,2,0.000,0.000,-0.022,10,0.914,-0.001,0.435,-0.002,0.95,1.50,-1.927,-0.473,4.000,-35.697,-26.443,41.000
1744538885.06,-1,0.916,-0.003,-0.000,2,0.000,0.000,-0.022,10,0.914,0.000,0.435,-0.001,0.95,1.50,-1.927,-0.473,4.000,-35.697,-26.443,41.000
1744538885.06,-1,0.917,-0.003,-0.001,2,0.000,0.000,-0.022,10,0.914,-0.001,0.435,-0.002,0.95,1.50,-1.927,-0.473,4.000,-35.697,-26.443,41.000
1744538885.06,-1,0.919,-0.003,-0.000,2,0.000,0.000,-0.004,10,0.918,0.000,0.439,-0.001,0.95,1.50,-1.927,-0.473,4.000,-35.697,-26.443,41.000
1744538885.08,-1,0.922,-0.003,-0.001,2,0.000,0.000,-0.004,10,0.918,-0.001,0.439,-0.002,0.76,1.50,-1.927,-0.473,4.000,-35.697,-26.443,41.000
1744538885.08,-1,0.922,-0.003,-0.001,2,0.000,0.000,0.000,10,0.922,-0.001,0.444,-0.002,0.76,1.50,-1.927,-0.473,4.000,-35.697,-26.443,41.000
1744538885.08,-1,0.925,-0.003,-0.001,2,0.000,0.000,0.000,10,0.922,-0.001,0.444,-0.002,0.76,1.50,-1.927,-0.473,4.000,-35.697,-26.443,41.000
1744538885.08,-1,0.926,-0.003,-0.000,2,0.000,0.000,0.000,10,0.922,0.000,0.444,-0.001,0.76,1.50,-1.927,-0.473,4.000,-35.697,-26.443,41.000
1744538885.08,-1,0.928,-0.003,-0.000,2,0.000,0.000,0.009,10,0.927,0.000,0.448,-0.001,0.76,1.50,-1.927,-0.473,4.000,-35.697,-26.443,41.000
1744538885.11,-1,0.931,-0.003,-0.001,2,0.000,0.000,0.009,10,0.927,-0.001,0.448,-0.002,0.65,1.50,-1.927,-0.473,4.000,-35.697,-26.443,41.000
1744538885.11,-1,0.931,-0.003,-0.001,2,0.000,0.000,-0.009,10,0.931,-0.001,0.453,-0.002,0.65,1.50,-1.927,-0.473,4.000,-35.697,-26.443,41.000
1744538885.12,-1,0.934,-0.003,-0.001,2,0.000,0.000,-0.009,10,0.931,-0.001,0.453,-0.002,0.65,1.50,-1.927,-0.473,4.000,-35.697,-26.443,41.000
1744538885.12,-1,0.935,-0.003,-0.000,2,0.000,0.000,-0.009,10,0.931,0.000,0.453,-0.001,0.65,1.50,-1.927,-0.473,4.000,-35.697,-26.443,41.000
1744538885.14,-1,0.937,-0.003,-0.000,2,0.000,0.000,0.000,10,0.936,0.000,0.458,-0.001,0.65,1.50,-1.927,-0.473,4.000,-35.697,-26.443,41.000
1744538885.14,-1,0.940,-0.003,-0.000,2,0.000,0.000,0.000,10,0.936,0.000,0.458,-0.001,0.58,1.50,-1.927,-0.473,4.000,-35.697,-26.443,41.000
1744538885.14,-1,0.940,-0.003,-0.000,2,0.000,0.000,-0.017,10,0.941,0.000,0.462,-0.001,0.58,1.50,-1.927,-0.473,4.000,-35.697,-26.443,41.000
1744538885.14,-1,0.943,-0.003,-0.000,2,0.000,0.000,-0.017,10,0.941,0.000,0.462,-0.001,0.58,1.50,-1.927,-0.473,4.000,-35.697,-26.443,41.000
1744538885.14,-1,0.944,-0.003,-0.000,2,0.000,0.000,-0.017,10,0.941,0.000,0.462,-0.001,0.58,1.50,-1.927,-0.473,4.000,-35.697,-26.443,41.000
1744538885.16,-1,0.946,-0.003,-0.001,2,0.000,0.000,0.004,10,0.945,-0.001,0.466,-0.002,0.58,1.50,-1.927,-0.473,4.000,-35.697,-26.443,41.000
1744538885.16,-1,0.949,-0.003,-0.000,2,0.000,0.000,0.004,10,0.945,0.000,0.466,-0.001,0.65,1.50,-1.927,-0.473,4.000,-35.697,-26.443,41.000
1744538885.16,-1,0.949,-0.003,-0.000,2,0.000,0.000,-0.017,10,0.950,0.000,0.471,-0.001,0.65,1.50,-1.927,-0.473,4.000,-35.697,-26.443,41.000
1744538885.16,-1,0.952,-0.003,-0.001,2,0.000,0.000,-0.017,10,0.950,-0.001,0.471,-0.002,0.65,1.50,-1.927,-0.473,4.000,-35.697,-26.443,41.000
1744538885.19,-1,0.953,-0.003,-0.000,2,0.000,0.000,-0.017,10,0.950,0.000,0.471,-0.001,0.65,1.50,-1.927,-0.473,4.000,-35.697,-26.443,41.000
1744538885.19,-1,0.955,-0.003,-0.000,2,0.000,0.000,0.039,10,0.954,0.000,0.475,-0.001,0.65,1.50,-1.927,-0.473,4.000,-35.697,-26.443,41.000
1744538885.19,-1,0.958,-0.003,-0.001,2,0.000,0.000,0.039,10,0.954,-0.001,0.475,-0.002,0.80,1.50,-1.927,-0.473,4.000,-35.697,-26.443,41.000
1744538885.20,-1,0.958,-0.003,-0.001,2,0.000,0.000,0.022,10,0.958,-0.001,0.480,-0.002,0.80,1.50,-1.927,-0.473,4.000,-35.697,-26.443,41.000
1744538885.21,-1,0.961,-0.003,-0.000,2,0.000,0.000,0.022,10,0.958,0.000,0.480,-0.001,0.80,1.50,-1.927,-0.473,4.000,-35.697,-26.443,41.000
1744538885.21,-1,0.962,-0.003,-0.001,2,0.000,0.000,0.022,10,0.958,-0.001,0.480,-0.002,0.80,1.50,-1.927,-0.473,4.000,-35.697,-26.443,41.000
1744538885.21,-1,0.964,-0.003,-0.001,2,0.000,0.000,0.009,10,0.963,-0.001,0.484,-0.002,0.80,1.50,-1.927,-0.473,4.000,-35.697,-26.443,41.000
1744538885.21,-1,0.967,-0.003,-0.001,2,0.000,0.000,0.009,10,0.963,-0.001,0.484,-0.002,0.93,1.50,-1.927,-0.473,4.000,-35.697,-26.443,41.000
1744538885.21,-1,0.967,-0.003,-0.001,2,0.000,0.000,-0.009,10,0.967,-0.001,0.489,-0.002,0.93,1.50,-1.927,-0.473,4.000,-35.697,-26.443,41.000
1744538885.24,-1,0.970,-0.003,-0.000,2,0.000,0.000,-0.009,10,0.967,0.000,0.489,-0.001,0.93,1.50,-1.927,-0.473,4.000,-35.697,-26.443,41.000
1744538885.24,-1,0.971,-0.003,-0.001,2,0.000,0.000,-0.009,10,0.967,-0.001,0.489,-0.002,0.93,1.50,-1.927,-0.473,4.000,-35.697,-26.443,41.000
1744538885.24,-1,0.973,-0.003,-0.001,2,0.000,0.000,0.000,10,0.972,-0.001,0.493,-0.002,0.93,1.50,-1.927,-0.473,4.000,-35.697,-26.443,41.000
1744538885.25,-1,0.976,-0.003,-0.001,2,0.000,0.000,0.000,10,0.972,-0.001,0.493,-0.002,0.94,1.50,-1.927,-0.473,4.000,-35.697,-26.443,41.000
1744538885.26,-1,0.976,-0.003,-0.001,2,0.000,0.000,-0.004,10,0.976,-0.001,0.498,-0.002,0.94,1.50,-1.927,-0.473,4.000,-35.697,-26.443,41.000
1744538885.26,-1,0.979,-0.003,-0.001,2,0.000,0.000,-0.004,10,0.976,-0.001,0.498,-0.002,0.94,1.50,-1.927,-0.473,4.000,-35.697,-26.443,41.000
1744538885.26,-1,0.980,-0.003,-0.001,2,0.000,0.000,-0.004,10,0.976,-0.001,0.498,-0.002,0.94,1.50,-1.927,-0.473,4.000,-35.697,-26.443,41.000
1744538885.26,-1,0.982,-0.003,-0.001,2,0.000,0.000,0.009,10,0.981,-0.001,0.502,-0.002,0.94,1.50,-1.927,-0.473,4.000,-35.697,-26.443,41.000
1744538885.29,-1,0.985,-0.003,-0.001,2,0.000,0.000,0.009,10,0.981,-0.001,0.502,-0.002,0.90,1.50,-1.927,-0.473,4.000,-35.697,-26.443,41.000
1744538885.30,-1,0.985,-0.003,-0.001,2,0.000,0.000,0.009,10,0.986,-0.001,0.507,-0.002,0.90,1.50,-1.927,-0.473,4.000,-35.697,-26.443,41.000
1744538885.30,-1,0.988,-0.003,-0.002,2,0.000,0.000,0.009,10,0.986,-0.002,0.507,-0.003,0.90,1.50,-1.927,-0.473,4.000,-35.697,-26.443,41.000
1744538885.30,-1,0.990,-0.003,-0.002,2,0.000,0.000,0.009,10,0.986,-0.002,0.507,-0.003,0.90,1.50,-1.927,-0.473,4.000,-35.697,-26.443,41.000
1744538885.32,-1,0.991,-0.003,-0.002,2,0.000,0.000,0.026,10,0.990,-0.002,0.512,-0.003,0.90,1.50,-1.927,-0.473,4.000,-35.697,-26.443,41.000
1744538885.32,-1,0.994,-0.003,-0.001,2,0.000,0.000,0.026,10,0.990,-0.001,0.512,-0.002,1.05,1.50,-1.927,-0.473,4.000,-35.697,-26.443,41.000
1744538885.32,-1,0.994,-0.003,-0.001,2,0.000,0.000,0.000,10,0.995,-0.001,0.516,-0.002,1.05,1.50,-1.927,-0.473,4.000,-35.697,-26.443,41.000
1744538885.32,-1,0.997,-0.003,-0.002,2,0.000,0.000,0.000,10,0.995,-0.002,0.516,-0.003,1.05,1.50,-1.927,-0.473,4.000,-35.697,-26.443,41.000
1744538885.32,-1,0.999,-0.003,-0.002,2,0.000,0.000,0.000,10,0.995,-0.002,0.516,-0.003,1.05,1.50,-1.927,-0.473,4.000,-35.697,-26.443,41.000
1744538885.34,-1,1.000,-0.003,-0.002,2,0.000,0.000,0.013,10,0.999,-0.002,0.520,-0.003,1.05,1.50,-1.927,-0.473,4.000,-35.697,-26.443,41.000
1744538885.34,-1,1.003,-0.003,-0.001,2,0.000,0.000,0.013,10,0.999,-0.001,0.520,-0.002,1.31,1.50,-1.927,-0.473,4.000,-35.697,-26.443,41.000
1744538885.34,-1,1.003,-0.003,-0.001,2,0.000,0.000,-0.009,10,1.004,-0.001,0.525,-0.002,1.31,1.50,-1.927,-0.473,4.000,-35.697,-26.443,41.000
1744538885.34,-1,1.006,-0.003,-0.002,2,0.000,0.000,-0.009,10,1.004,-0.002,0.525,-0.003,1.31,1.50,-1.927,-0.473,4.000,-35.697,-26.443,41.000
1744538885.37,-1,1.008,-0.003,-0.001,2,0.000,0.000,-0.009,10,1.004,-0.001,0.525,-0.002,1.31,1.50,-1.927,-0.473,4.000,-35.697,-26.443,41.000
1744538885.37,-1,1.009,-0.003,-0.002,2,0.000,0.000,-0.013,10,1.008,-0.002,0.529,-0.003,1.31,1.50,-1.927,-0.473,4.000,-35.697,-26.443,41.000
1744538885.37,-1,1.012,-0.003,-0.001,2,0.000,0.000,-0.013,10,1.008,-0.001,0.529,-0.002,1.50,1.50,-1.927,-0.473,4.000,-35.697,-26.443,41.000
1744538885.37,-1,1.012,-0.003,-0.001,2,0.000,0.000,-0.009,10,1.013,-0.001,0.534,-0.002,1.50,1.50,-1.927,-0.473,4.000,-35.697,-26.443,41.000
1744538885.39,-1,1.015,-0.003,-0.001,2,0.000,0.000,-0.009,10,1.013,-0.001,0.534,-0.002,1.50,1.50,-1.927,-0.473,4.000,-35.697,-26.443,41.000
1744538885.39,-1,1.017,-0.003,-0.001,2,0.000,0.000,-0.009,10,1.013,-0.001,0.534,-0.002,1.50,1.50,-1.927,-0.473,4.000,-35.697,-26.443,41.000
1744538885.39,-1,1.018,-0.003,-0.002,2,0.000,0.000,0.000,10,1.017,-0.002,0.539,-0.003,1.50,1.50,-1.927,-0.473,4.000,-35.697,-26.443,41.000
1744538885.40,-1,1.021,-0.003,-0.001,2,0.000,0.000,0.000,10,1.017,-0.001,0.539,-0.002,1.50,1.50,-1.927,-0.473,4.000,-35.697,-26.443,41.000
1744538885.42,-1,1.021,-0.003,-0.001,2,0.000,0.000,-0.013,10,1.022,-0.001,0.543,-0.002,1.50,1.50,-1.927,-0.473,4.000,-35.697,-26.443,41.000
1744538885.42,-1,1.024,-0.003,-0.001,2,0.000,0.000,-0.013,10,1.022,-0.001,0.543,-0.002,1.50,1.50,-1.927,-0.473,4.000,-35.697,-26.443,41.000
1744538885.42,-1,1.026,-0.003,-0.001,2,0.000,0.000,-0.013,10,1.022,-0.001,0.543,-0.002,1.50,1.50,-1.927,-0.473,4.000,-35.697,-26.443,41.000
1744538885.42,-1,1.027,-0.003,-0.001,2,0.000,0.000,0.000,10,1.026,-0.001,0.548,-0.002,1.50,1.50,-1.927,-0.473,4.000,-35.697,-26.443,41.000
# remark: robobot/cmd/ti/alive 2025-04-13 12:07:52.918866
1744538885.44,-1,1.030,-0.003,-0.002,2,0.000,0.000,0.000,10,1.026,-0.002,0.548,-0.003,1.39,1.50,-1.927,-0.473,4.000,-35.697,-26.443,41.000
1744538885.44,-1,1.030,-0.003,-0.002,2,0.000,0.000,0.013,10,1.030,-0.002,0.552,-0.003,1.39,1.50,-1.927,-0.473,4.000,-35.697,-26.443,41.000
1744538885.44,-1,1.033,-0.003,-0.002,2,0.000,0.000,0.013,10,1.030,-0.002,0.552,-0.003,1.39,1.50,-1.927,-0.473,4.000,-35.697,-26.443,41.000
1744538885.44,-1,1.035,-0.003,-0.002,2,0.000,0.000,0.013,10,1.030,-0.002,0.552,-0.003,1.39,1.50,-1.927,-0.473,4.000,-35.697,-26.443,41.000
1744538885.46,-1,1.036,-0.003,-0.002,2,0.000,0.000,0.035,10,1.035,-0.002,0.556,-0.003,1.39,1.50,-1.927,-0.473,4.000,-35.697,-26.443,41.000
1744538885.46,-1,1.039,-0.003,-0.001,2,0.000,0.000,0.035,10,1.035,-0.001,0.556,-0.002,1.50,1.50,-1.927,-0.473,4.000,-35.697,-26.443,41.000
1744538885.46,-1,1.039,-0.003,-0.001,2,0.000,0.000,-0.030,10,1.039,-0.001,0.561,-0.002,1.50,1.50,-1.927,-0.473,4.000,-35.697,-26.443,41.000
1744538885.46,-1,1.042,-0.003,-0.001,2,0.000,0.000,-0.030,10,1.039,-0.001,0.561,-0.002,1.50,1.50,-1.927,-0.473,4.000,-35.697,-26.443,41.000
1744538885.46,-1,1.043,-0.003,-0.002,2,0.000,0.000,-0.030,10,1.039,-0.002,0.561,-0.003,1.50,1.50,-1.927,-0.473,4.000,-35.697,-26.443,41.000
1744538885.50,-1,1.045,-0.003,-0.001,2,0.000,0.000,-0.017,10,1.044,-0.001,0.565,-0.002,1.50,1.50,-1.927,-0.473,4.000,-35.697,-26.443,41.000
1744538885.50,-1,1.048,-0.003,-0.001,2,0.000,0.000,-0.017,10,1.044,-0.001,0.565,-0.002,1.50,1.50,-1.927,-0.473,4.000,-35.697,-26.443,41.000
1744538885.50,-1,1.048,-0.003,-0.001,2,0.000,0.000,0.004,10,1.048,-0.001,0.570,-0.002,1.50,1.50,-1.927,-0.473,4.000,-35.697,-26.443,41.000
1744538885.50,-1,1.051,-0.003,-0.002,2,0.000,0.000,0.004,10,1.048,-0.002,0.570,-0.003,1.50,1.50,-1.927,-0.473,4.000,-35.697,-26.443,41.000
1744538885.51,-1,1.053,-0.003,-0.002,2,0.000,0.000,0.004,10,1.048,-0.002,0.570,-0.003,1.50,1.50,-1.927,-0.473,4.000,-35.697,-26.443,41.000
1744538885.51,-1,1.054,-0.003,-0.002,2,0.000,0.000,0.013,10,1.053,-0.002,0.574,-0.003,1.50,1.50,-1.927,-0.473,4.000,-35.697,-26.443,41.000
1744538885.51,-1,1.057,-0.003,-0.001,2,0.000,0.000,0.013,10,1.053,-0.001,0.574,-0.002,0.78,1.50,-1.927,-0.473,4.000,-35.697,-26.443,41.000
1744538885.53,-1,1.057,-0.003,-0.001,2,0.000,0.000,0.009,10,1.057,-0.001,0.579,-0.002,0.78,1.50,-1.927,-0.473,4.000,-35.697,-26.443,41.000
1744538885.53,-1,1.060,-0.003,-0.001,2,0.000,0.000,0.009,10,1.057,-0.001,0.579,-0.002,0.78,1.50,-1.927,-0.473,4.000,-35.697,-26.443,41.000
1744538885.55,-1,1.061,-0.003,-0.001,2,0.000,0.000,0.009,10,1.057,-0.001,0.579,-0.002,0.78,1.50,-1.927,-0.473,4.000,-35.697,-26.443,41.000
1744538885.55,-1,1.063,-0.003,-0.002,2,0.000,0.000,0.004,10,1.062,-0.002,0.583,-0.003,0.78,1.50,-1.927,-0.473,4.000,-35.697,-26.443,41.000
1744538885.55,-1,1.066,-0.003,-0.001,2,0.000,0.000,0.004,10,1.062,-0.001,0.583,-0.002,0.16,1.50,-1.927,-0.473,4.000,-35.697,-26.443,41.000
1744538885.55,-1,1.066,-0.003,-0.001,2,0.000,0.000,0.004,10,1.067,-0.001,0.588,-0.002,0.16,1.50,-1.927,-0.473,4.000,-35.697,-26.443,41.000
1744538885.56,-1,1.069,-0.003,-0.001,2,0.000,0.000,0.004,10,1.067,-0.001,0.588,-0.002,0.16,1.50,-1.927,-0.473,4.000,-35.697,-26.443,41.000
1744538885.56,-1,1.070,-0.003,-0.001,2,0.000,0.000,0.004,10,1.067,-0.001,0.588,-0.002,0.16,1.50,-1.927,-0.473,4.000,-35.697,-26.443,41.000
1744538885.56,-1,1.072,-0.003,-0.002,2,0.000,0.000,-0.013,10,1.071,-0.002,0.592,-0.003,0.16,1.50,-1.927,-0.473,4.000,-35.697,-26.443,41.000
1744538885.58,-1,1.075,-0.003,-0.001,2,0.000,0.000,-0.013,10,1.071,-0.001,0.592,-0.002,0.12,1.50,-1.927,-0.473,4.000,-35.697,-26.443,41.000
1744538885.60,-1,1.075,-0.003,-0.001,2,0.000,0.000,-0.026,10,1.076,-0.001,0.597,-0.002,0.12,1.50,-1.927,-0.473,4.000,-35.697,-26.443,41.000
1744538885.60,-1,1.078,-0.003,-0.001,2,0.000,0.000,-0.026,10,1.076,-0.001,0.597,-0.002,0.12,1.50,-1.927,-0.473,4.000,-35.697,-26.443,41.000
1744538885.60,-1,1.080,-0.003,-0.001,2,0.000,0.000,-0.026,10,1.076,-0.001,0.597,-0.002,0.12,1.50,-1.927,-0.473,4.000,-35.697,-26.443,41.000
1744538885.60,-1,1.081,-0.003,-0.002,2,0.000,0.000,-0.013,10,1.080,-0.002,0.601,-0.003,0.12,1.50,-1.927,-0.473,4.000,-35.697,-26.443,41.000
1744538885.61,-1,1.084,-0.003,-0.001,2,0.000,0.000,-0.013,10,1.080,-0.001,0.601,-0.002,0.12,1.50,-1.927,-0.473,4.000,-35.697,-26.443,41.000
1744538885.63,-1,1.084,-0.003,-0.001,2,0.000,0.000,0.004,10,1.085,-0.001,0.606,-0.002,0.12,1.50,-1.927,-0.473,4.000,-35.697,-26.443,41.000
1744538885.63,-1,1.087,-0.003,-0.001,2,0.000,0.000,0.004,10,1.085,-0.001,0.606,-0.002,0.12,1.50,-1.927,-0.473,4.000,-35.697,-26.443,41.000
1744538885.63,-1,1.089,-0.003,-0.001,2,0.000,0.000,0.004,10,1.085,-0.001,0.606,-0.002,0.12,1.50,-1.927,-0.473,4.000,-35.697,-26.443,41.000
1744538885.63,-1,1.090,-0.003,-0.002,2,0.000,0.000,0.004,10,1.089,-0.002,0.610,-0.003,0.12,1.50,-1.927,-0.473,4.000,-35.697,-26.443,41.000
1744538885.66,-1,1.093,-0.003,-0.001,2,0.000,0.000,0.004,10,1.089,-0.001,0.610,-0.002,0.22,1.50,-1.927,-0.473,4.000,-35.697,-26.443,41.000
1744538885.66,-1,1.093,-0.003,-0.001,2,0.000,0.000,-0.009,10,1.094,-0.001,0.615,-0.002,0.22,1.50,-1.927,-0.473,4.000,-35.697,-26.443,41.000
1744538885.66,-1,1.096,-0.003,-0.001,2,0.000,0.000,-0.009,10,1.094,-0.001,0.615,-0.002,0.22,1.50,-1.927,-0.473,4.000,-35.697,-26.443,41.000
1744538885.66,-1,1.098,-0.003,-0.001,2,0.000,0.000,-0.009,10,1.094,-0.001,0.615,-0.002,0.22,1.50,-1.927,-0.473,4.000,-35.697,-26.443,41.000
1744538885.66,-1,1.099,-0.003,-0.001,2,0.000,0.000,-0.004,10,1.098,-0.001,0.619,-0.002,0.22,1.50,-1.927,-0.473,4.000,-35.697,-26.443,41.000
1744538885.68,-1,1.102,-0.003,-0.001,2,0.000,0.000,-0.004,10,1.098,-0.001,0.619,-0.002,0.41,1.50,-1.927,-0.473,4.000,-35.697,-26.443,41.000
1744538885.68,-1,1.102,-0.003,-0.001,2,0.000,0.000,0.009,10,1.102,-0.001,0.624,-0.002,0.41,1.50,-1.927,-0.473,4.000,-35.697,-26.443,41.000
1744538885.68,-1,1.105,-0.003,-0.001,2,0.000,0.000,0.009,10,1.102,-0.001,0.624,-0.002,0.41,1.50,-1.927,-0.473,4.000,-35.697,-26.443,41.000
1744538885.68,-1,1.107,-0.003,-0.001,2,0.000,0.000,0.009,10,1.102,-0.001,0.624,-0.002,0.41,1.50,-1.927,-0.473,4.000,-35.697,-26.443,41.000
1744538885.70,-1,1.108,-0.003,-0.001,2,0.000,0.000,0.004,10,1.107,-0.001,0.628,-0.002,0.41,1.50,-1.927,-0.473,4.000,-35.697,-26.443,41.000
1744538885.70,-1,1.111,-0.003,-0.001,2,0.000,0.000,0.004,10,1.107,-0.001,0.628,-0.002,0.52,1.50,-1.927,-0.473,4.000,-35.697,-26.443,41.000
1744538885.71,-1,1.111,-0.003,-0.001,2,0.000,0.000,0.004,10,1.111,-0.001,0.633,-0.002,0.52,1.50,-1.927,-0.473,4.000,-35.697,-26.443,41.000
1744538885.71,-1,1.114,-0.003,-0.001,2,0.000,0.000,0.004,10,1.111,-0.001,0.633,-0.002,0.52,1.50,-1.927,-0.473,4.000,-35.697,-26.443,41.000
1744538885.71,-1,1.116,-0.003,-0.001,2,0.000,0.000,0.004,10,1.111,-0.001,0.633,-0.002,0.52,1.50,-1.927,-0.473,4.000,-35.697,-26.443,41.000
1744538885.73,-1,1.117,-0.003,-0.002,2,0.000,0.000,0.009,10,1.116,-0.002,0.637,-0.003,0.52,1.50,-1.927,-0.473,4.000,-35.697,-26.443,41.000
1744538885.73,-1,1.120,-0.003,-0.001,2,0.000,0.000,0.009,10,1.116,-0.001,0.637,-0.002,0.52,1.50,-1.927,-0.473,4.000,-35.697,-26.443,41.000
1744538885.73,-1,1.120,-0.003,-0.001,2,0.000,0.000,0.013,10,1.121,-0.001,0.642,-0.002,0.52,1.50,-1.927,-0.473,4.000,-35.697,-26.443,41.000
1744538885.75,-1,1.123,-0.003,-0.001,2,0.000,0.000,0.013,10,1.121,-0.001,0.642,-0.002,0.52,1.50,-1.927,-0.473,4.000,-35.697,-26.443,41.000
1744538885.75,-1,1.125,-0.003,-0.001,2,0.000,0.000,0.013,10,1.121,-0.001,0.642,-0.002,0.52,1.50,-1.927,-0.473,4.000,-35.697,-26.443,41.000
1744538885.75,-1,1.126,-0.003,-0.002,2,0.000,0.000,-0.004,10,1.125,-0.002,0.647,-0.003,0.52,1.50,-1.927,-0.473,4.000,-35.697,-26.443,41.000
1744538885.75,-1,1.129,-0.003,-0.001,2,0.000,0.000,-0.004,10,1.125,-0.001,0.647,-0.002,0.47,1.50,-1.927,-0.473,4.000,-35.697,-26.443,41.000
1744538885.76,-1,1.129,-0.003,-0.001,2,0.000,0.000,-0.013,10,1.130,-0.001,0.651,-0.002,0.47,1.50,-1.927,-0.473,4.000,-35.697,-26.443,41.000
1744538885.78,-1,1.132,-0.003,-0.001,2,0.000,0.000,-0.013,10,1.130,-0.001,0.651,-0.002,0.47,1.50,-1.927,-0.473,4.000,-35.697,-26.443,41.000
1744538885.78,-1,1.134,-0.003,-0.001,2,0.000,0.000,-0.013,10,1.130,-0.001,0.651,-0.002,0.47,1.50,-1.927,-0.473,4.000,-35.697,-26.443,41.000
1744538885.78,-1,1.135,-0.003,-0.001,2,0.000,0.000,-0.004,10,1.134,-0.001,0.656,-0.002,0.47,1.50,-1.927,-0.473,4.000,-35.697,-26.443,41.000
1744538885.79,-1,1.138,-0.003,-0.001,2,0.000,0.000,-0.004,10,1.134,-0.001,0.656,-0.002,0.43,1.50,-1.927,-0.473,4.000,-35.697,-26.443,41.000
1744538885.81,-1,1.138,-0.003,-0.001,2,0.000,0.000,0.004,10,1.139,-0.001,0.660,-0.002,0.43,1.50,-1.927,-0.473,4.000,-35.697,-26.443,41.000
1744538885.81,-1,1.141,-0.003,-0.001,2,0.000,0.000,0.004,10,1.139,-0.001,0.660,-0.002,0.43,1.50,-1.927,-0.473,4.000,-35.697,-26.443,41.000
1744538885.81,-1,1.143,-0.003,-0.001,2,0.000,0.000,0.004,10,1.139,-0.001,0.660,-0.002,0.43,1.50,-1.927,-0.473,4.000,-35.697,-26.443,41.000
1744538885.81,-1,1.144,-0.003,-0.001,2,0.000,0.000,0.000,10,1.143,-0.001,0.665,-0.002,0.43,1.50,-1.927,-0.473,4.000,-35.697,-26.443,41.000
1744538885.84,-1,1.147,-0.003,-0.000,2,0.000,0.000,0.000,10,1.143,0.000,0.665,-0.001,0.43,1.50,-1.927,-0.473,4.000,-35.697,-26.443,41.000
1744538885.84,-1,1.147,-0.003,-0.000,2,0.000,0.000,-0.017,10,1.148,0.000,0.669,-0.001,0.43,1.50,-1.927,-0.473,4.000,-35.697,-26.443,41.000
1744538885.84,-1,1.150,-0.003,-0.001,2,0.000,0.000,-0.017,10,1.148,-0.001,0.669,-0.002,0.43,1.50,-1.927,-0.473,4.000,-35.697,-26.443,41.000
1744538885.84,-1,1.152,-0.003,-0.000,2,0.000,0.000,-0.017,10,1.148,0.000,0.669,-0.001,0.43,1.50,-1.927,-0.473,4.000,-35.697,-26.443,41.000
1744538885.84,-1,1.153,-0.003,-0.001,2,0.000,0.000,-0.009,10,1.152,-0.001,0.674,-0.002,0.43,1.50,-1.927,-0.473,4.000,-35.697,-26.443,41.000
1744538885.86,-1,1.156,-0.003,-0.001,2,0.000,0.000,-0.009,10,1.152,-0.001,0.674,-0.002,0.43,1.50,-1.927,-0.473,4.000,-35.697,-26.443,41.000
1744538885.86,-1,1.156,-0.003,-0.001,2,0.000,0.000,0.022,10,1.157,-0.001,0.678,-0.002,0.43,1.50,-1.927,-0.473,4.000,-35.697,-26.443,41.000
1744538885.86,-1,1.159,-0.003,-0.001,2,0.000,0.000,0.022,10,1.157,-0.001,0.678,-0.002,0.43,1.50,-1.927,-0.473,4.000,-35.697,-26.443,41.000
1744538885.86,-1,1.161,-0.003,-0.001,2,0.000,0.000,0.022,10,1.157,-0.001,0.678,-0.002,0.43,1.50,-1.927,-0.473,4.000,-35.697,-26.443,41.000
1744538885.89,-1,1.162,-0.003,-0.001,2,0.000,0.000,0.009,10,1.161,-0.001,0.683,-0.002,0.43,1.50,-1.927,-0.473,4.000,-35.697,-26.443,41.000
1744538885.89,-1,1.165,-0.003,-0.001,2,0.000,0.000,0.009,10,1.161,-0.001,0.683,-0.002,0.43,1.50,-1.927,-0.473,4.000,-35.697,-26.443,41.000
1744538885.89,-1,1.165,-0.003,-0.001,2,0.000,0.000,-0.013,10,1.166,-0.001,0.687,-0.002,0.43,1.50,-1.927,-0.473,4.000,-35.697,-26.443,41.000
1744538885.90,-1,1.168,-0.003,-0.001,2,0.000,0.000,-0.013,10,1.166,-0.001,0.687,-0.002,0.43,1.50,-1.927,-0.473,4.000,-35.697,-26.443,41.000
1744538885.90,-1,1.170,-0.003,-0.001,2,0.000,0.000,-0.013,10,1.166,-0.001,0.687,-0.002,0.43,1.50,-1.927,-0.473,4.000,-35.697,-26.443,41.000
1744538885.91,-1,1.171,-0.003,-0.001,2,0.000,0.000,0.004,10,1.170,-0.001,0.691,-0.002,0.43,1.50,-1.927,-0.473,4.000,-35.697,-26.443,41.000
1744538885.91,-1,1.174,-0.003,-0.002,2,0.000,0.000,0.004,10,1.170,-0.002,0.691,-0.003,0.50,1.50,-1.927,-0.473,4.000,-35.697,-26.443,41.000
1744538885.91,-1,1.174,-0.003,-0.002,2,0.000,0.000,0.009,10,1.175,-0.002,0.696,-0.003,0.50,1.50,-1.927,-0.473,4.000,-35.697,-26.443,41.000
1744538885.91,-1,1.177,-0.003,-0.001,2,0.000,0.000,0.009,10,1.175,-0.001,0.696,-0.002,0.50,1.50,-1.927,-0.473,4.000,-35.697,-26.443,41.000
1744538885.93,-1,1.179,-0.003,-0.001,2,0.000,0.000,0.009,10,1.175,-0.001,0.696,-0.002,0.50,1.50,-1.927,-0.473,4.000,-35.697,-26.443,41.000
1744538885.95,-1,1.180,-0.003,-0.001,2,0.000,0.000,-0.004,10,1.179,-0.001,0.701,-0.002,0.50,1.50,-1.927,-0.473,4.000,-35.697,-26.443,41.000
1744538885.95,-1,1.183,-0.003,-0.002,2,0.000,0.000,-0.004,10,1.179,-0.002,0.701,-0.003,0.65,1.50,-1.927,-0.473,4.000,-35.697,-26.443,41.000
1744538885.95,-1,1.183,-0.003,-0.002,2,0.000,0.000,0.017,10,1.184,-0.002,0.705,-0.003,0.65,1.50,-1.927,-0.473,4.000,-35.697,-26.443,41.000
1744538885.95,-1,1.186,-0.003,-0.001,2,0.000,0.000,0.017,10,1.184,-0.001,0.705,-0.002,0.65,1.50,-1.927,-0.473,4.000,-35.697,-26.443,41.000
1744538885.96,-1,1.188,-0.003,-0.002,2,0.000,0.000,0.017,10,1.184,-0.002,0.705,-0.003,0.65,1.50,-1.927,-0.473,4.000,-35.697,-26.443,41.000
1744538885.96,-1,1.189,-0.003,-0.001,2,0.000,0.000,0.013,10,1.188,-0.001,0.710,-0.002,0.65,1.50,-1.927,-0.473,4.000,-35.697,-26.443,41.000
1744538885.96,-1,1.192,-0.003,-0.002,2,0.000,0.000,0.013,10,1.188,-0.002,0.710,-0.003,0.88,1.50,-1.927,-0.473,4.000,-35.697,-26.443,41.000
1744538885.96,-1,1.192,-0.003,-0.002,2,0.000,0.000,0.013,10,1.193,-0.002,0.714,-0.003,0.88,1.50,-1.927,-0.473,4.000,-35.697,-26.443,41.000
# remark: robobot/cmd/ti/alive 2025-04-13 12:07:52.918866
1744538886.00,-1,1.195,-0.003,-0.002,2,0.000,0.000,0.013,10,1.193,-0.002,0.714,-0.003,0.88,1.50,-1.927,-0.473,4.000,-35.697,-26.443,41.000
1744538886.00,-1,1.197,-0.003,-0.002,2,0.000,0.000,0.013,10,1.193,-0.002,0.714,-0.003,0.88,1.50,-1.927,-0.473,4.000,-35.697,-26.443,41.000
1744538886.00,-1,1.198,-0.003,-0.001,2,0.000,0.000,-0.017,10,1.197,-0.001,0.718,-0.002,0.88,1.50,-1.927,-0.473,4.000,-35.697,-26.443,41.000
1744538886.00,-1,1.201,-0.003,-0.001,2,0.000,0.000,-0.017,10,1.197,-0.001,0.718,-0.002,1.03,1.50,-1.927,-0.473,4.000,-35.697,-26.443,41.000
1744538886.01,-1,1.201,-0.003,-0.001,2,0.000,0.000,-0.030,10,1.201,-0.001,0.723,-0.002,1.03,1.50,-1.927,-0.473,4.000,-35.697,-26.443,41.000
1744538886.01,-1,1.204,-0.003,-0.001,2,0.000,0.000,-0.030,10,1.201,-0.001,0.723,-0.002,1.03,1.50,-1.927,-0.473,4.000,-35.697,-26.443,41.000
1744538886.01,-1,1.205,-0.003,-0.000,2,0.000,0.000,-0.030,10,1.201,0.000,0.723,-0.001,1.03,1.50,-1.927,-0.473,4.000,-35.697,-26.443,41.000
1744538886.01,-1,1.207,-0.003,-0.001,2,0.000,0.000,-0.013,10,1.206,-0.001,0.727,-0.002,1.03,1.50,-1.927,-0.473,4.000,-35.697,-26.443,41.000
1744538886.03,-1,1.210,-0.003,-0.001,2,0.000,0.000,-0.013,10,1.206,-0.001,0.727,-0.002,0.93,1.50,-1.927,-0.473,4.000,-35.697,-26.443,41.000
1744538886.03,-1,1.210,-0.003,-0.001,2,0.000,0.000,-0.009,10,1.210,-0.001,0.732,-0.002,0.93,1.50,-1.927,-0.473,4.000,-35.697,-26.443,41.000
1744538886.05,-1,1.213,-0.003,-0.000,2,0.000,0.000,-0.009,10,1.210,0.000,0.732,-0.001,0.93,1.50,-1.927,-0.473,4.000,-35.697,-26.443,41.000
1744538886.05,-1,1.215,-0.003,-0.000,2,0.000,0.000,-0.009,10,1.210,0.000,0.732,-0.001,0.93,1.50,-1.927,-0.473,4.000,-35.697,-26.443,41.000
1744538886.05,-1,1.216,-0.003,-0.001,2,0.000,0.000,-0.004,10,1.215,-0.001,0.736,-0.002,0.93,1.50,-1.927,-0.473,4.000,-35.697,-26.443,41.000
1744538886.06,-1,1.219,-0.003,-0.001,2,0.000,0.000,-0.004,10,1.215,-0.001,0.736,-0.002,1.44,1.50,-1.927,-0.473,4.000,-35.697,-26.443,41.000
1744538886.08,-1,1.219,-0.003,-0.001,2,0.000,0.000,0.013,10,1.219,-0.001,0.741,-0.002,1.44,1.50,-1.927,-0.473,4.000,-35.697,-26.443,41.000
1744538886.08,-1,1.222,-0.003,-0.001,2,0.000,0.000,0.013,10,1.219,-0.001,0.741,-0.002,1.44,1.50,-1.927,-0.473,4.000,-35.697,-26.443,41.000
1744538886.08,-1,1.223,-0.003,-0.001,2,0.000,0.000,0.013,10,1.219,-0.001,0.741,-0.002,1.44,1.50,-1.927,-0.473,4.000,-35.697,-26.443,41.000
1744538886.08,-1,1.225,-0.003,-0.002,2,0.000,0.000,0.009,10,1.224,-0.002,0.745,-0.003,1.44,1.50,-1.927,-0.473,4.000,-35.697,-26.443,41.000
1744538886.10,-1,1.228,-0.003,-0.001,2,0.000,0.000,0.009,10,1.224,-0.001,0.745,-0.002,1.50,1.50,-1.927,-0.473,4.000,-35.697,-26.443,41.000
1744538886.10,-1,1.228,-0.003,-0.001,2,0.000,0.000,0.009,10,1.228,-0.001,0.750,-0.002,1.50,1.50,-1.927,-0.473,4.000,-35.697,-26.443,41.000
1744538886.10,-1,1.231,-0.003,-0.001,2,0.000,0.000,0.009,10,1.228,-0.001,0.750,-0.002,1.50,1.50,-1.927,-0.473,4.000,-35.697,-26.443,41.000
1744538886.10,-1,1.232,-0.003,-0.001,2,0.000,0.000,0.009,10,1.228,-0.001,0.750,-0.002,1.50,1.50,-1.927,-0.473,4.000,-35.697,-26.443,41.000
1744538886.10,-1,1.234,-0.003,-0.001,2,0.000,0.000,0.009,10,1.233,-0.001,0.754,-0.002,1.50,1.50,-1.927,-0.473,4.000,-35.697,-26.443,41.000
1744538886.13,-1,1.237,-0.003,-0.002,2,0.000,0.000,0.009,10,1.233,-0.002,0.754,-0.003,1.50,1.50,-1.927,-0.473,4.000,-35.697,-26.443,41.000
1744538886.13,-1,1.237,-0.003,-0.002,2,0.000,0.000,0.009,10,1.237,-0.002,0.759,-0.003,1.50,1.50,-1.927,-0.473,4.000,-35.697,-26.443,41.000
1744538886.13,-1,1.240,-0.003,-0.001,2,0.000,0.000,0.009,10,1.237,-0.001,0.759,-0.002,1.50,1.50,-1.927,-0.473,4.000,-35.697,-26.443,41.000
1744538886.13,-1,1.241,-0.003,-0.002,2,0.000,0.000,0.009,10,1.237,-0.002,0.759,-0.003,1.50,1.50,-1.927,-0.473,4.000,-35.697,-26.443,41.000
1744538886.16,-1,1.243,-0.003,-0.001,2,0.000,0.000,0.009,10,1.242,-0.001,0.763,-0.002,1.50,1.50,-1.927,-0.473,4.000,-35.697,-26.443,41.000
1744538886.16,-1,1.246,-0.003,-0.002,2,0.000,0.000,0.009,10,1.242,-0.002,0.763,-0.003,1.03,1.50,-1.927,-0.473,4.000,-35.697,-26.443,41.000
1744538886.16,-1,1.246,-0.003,-0.002,2,0.000,0.000,0.004,10,1.246,-0.002,0.768,-0.003,1.03,1.50,-1.927,-0.473,4.000,-35.697,-26.443,41.000
1744538886.16,-1,1.249,-0.003,-0.002,2,0.000,0.000,0.004,10,1.246,-0.002,0.768,-0.003,1.03,1.50,-1.927,-0.473,4.000,-35.697,-26.443,41.000
1744538886.17,-1,1.250,-0.003,-0.002,2,0.000,0.000,0.004,10,1.246,-0.002,0.768,-0.003,1.03,1.50,-1.927,-0.473,4.000,-35.697,-26.443,41.000
1744538886.18,-1,1.252,-0.003,-0.001,2,0.000,0.000,0.000,10,1.251,-0.001,0.772,-0.002,1.03,1.50,-1.927,-0.473,4.000,-35.697,-26.443,41.000
1744538886.18,-1,1.255,-0.003,-0.002,2,0.000,0.000,0.000,10,1.251,-0.002,0.772,-0.003,0.83,1.50,-1.927,-0.473,4.000,-35.697,-26.443,41.000
1744538886.18,-1,1.255,-0.003,-0.002,2,0.000,0.000,-0.017,10,1.256,-0.002,0.777,-0.003,0.83,1.50,-1.927,-0.473,4.000,-35.697,-26.443,41.000
1744538886.18,-1,1.258,-0.003,-0.001,2,0.000,0.000,-0.017,10,1.256,-0.001,0.777,-0.002,0.83,1.50,-1.927,-0.473,4.000,-35.697,-26.443,41.000
1744538886.18,-1,1.260,-0.003,-0.001,2,0.000,0.000,-0.017,10,1.256,-0.001,0.777,-0.002,0.83,1.50,-1.927,-0.473,4.000,-35.697,-26.443,41.000
1744538886.22,-1,1.261,-0.003,-0.001,2,0.000,0.000,-0.039,10,1.260,-0.001,0.781,-0.002,0.83,1.50,-1.927,-0.473,4.000,-35.697,-26.443,41.000
1744538886.22,-1,1.264,-0.003,-0.000,2,0.000,0.000,-0.039,10,1.260,0.000,0.781,-0.001,0.64,1.50,-1.927,-0.473,4.000,-35.697,-26.443,41.000
1744538886.22,-1,1.264,-0.003,-0.000,2,0.000,0.000,-0.009,10,1.265,0.000,0.786,-0.001,0.64,1.50,-1.927,-0.473,4.000,-35.697,-26.443,41.000
1744538886.22,-1,1.267,-0.003,-0.001,2,0.000,0.000,-0.009,10,1.265,-0.001,0.786,-0.002,0.64,1.50,-1.927,-0.473,4.000,-35.697,-26.443,41.000
1744538886.23,-1,1.269,-0.003,-0.000,2,0.000,0.000,-0.009,10,1.265,0.000,0.786,-0.001,0.64,1.50,-1.927,-0.473,4.000,-35.697,-26.443,41.000
1744538886.23,-1,1.270,-0.003,-0.001,2,0.000,0.000,0.000,10,1.269,-0.001,0.790,-0.002,0.64,1.50,-1.927,-0.473,4.000,-35.697,-26.443,41.000
1744538886.24,-1,1.273,-0.003,-0.000,2,0.000,0.000,0.000,10,1.269,0.000,0.790,-0.001,0.47,1.50,-1.927,-0.473,4.000,-35.697,-26.443,41.000
1744538886.25,-1,1.273,-0.003,-0.000,2,0.000,0.000,-0.009,10,1.274,0.000,0.795,-0.001,0.47,1.50,-1.927,-0.473,4.000,-35.697,-26.443,41.000
1744538886.26,-1,1.276,-0.003,-0.001,2,0.000,0.000,-0.009,10,1.274,-0.001,0.795,-0.002,0.47,1.50,-1.927,-0.473,4.000,-35.697,-26.443,41.000
1744538886.26,-1,1.278,-0.003,-0.001,2,0.000,0.000,-0.009,10,1.274,-0.001,0.795,-0.002,0.47,1.50,-1.927,-0.473,4.000,-35.697,-26.443,41.000
1744538886.26,-1,1.279,-0.003,-0.000,2,0.000,0.000,0.004,10,1.278,0.000,0.799,-0.001,0.47,1.50,-1.927,-0.473,4.000,-35.697,-26.443,41.000
1744538886.26,-1,1.282,-0.003,-0.001,2,0.000,0.000,0.004,10,1.278,-0.001,0.799,-0.002,0.39,1.50,-1.927,-0.473,4.000,-35.697,-26.443,41.000
1744538886.26,-1,1.282,-0.003,-0.001,2,0.000,0.000,0.017,10,1.282,-0.001,0.804,-0.002,0.39,1.50,-1.927,-0.473,4.000,-35.697,-26.443,41.000
1744538886.29,-1,1.285,-0.003,-0.001,2,0.000,0.000,0.017,10,1.282,-0.001,0.804,-0.002,0.39,1.50,-1.927,-0.473,4.000,-35.697,-26.443,41.000
1744538886.30,-1,1.287,-0.003,-0.000,2,0.000,0.000,0.017,10,1.282,0.000,0.804,-0.001,0.39,1.50,-1.927,-0.473,4.000,-35.697,-26.443,41.000
1744538886.30,-1,1.288,-0.003,-0.001,2,0.000,0.000,-0.022,10,1.287,-0.001,0.808,-0.002,0.39,1.50,-1.927,-0.473,4.000,-35.697,-26.443,41.000
1744538886.30,-1,1.291,-0.003,-0.000,2,0.000,0.000,-0.004,10,1.291,0.000,0.813,-0.001,0.45,1.50,-1.927,-0.473,4.000,-35.697,-26.443,41.000
1744538886.31,-1,1.291,-0.003,-0.000,2,0.000,0.000,-0.004,10,1.291,0.000,0.813,-0.001,0.45,1.50,-1.927,-0.473,4.000,-35.697,-26.443,41.000
1744538886.31,-1,1.294,-0.003,-0.000,2,0.000,0.000,-0.004,10,1.291,0.000,0.813,-0.001,0.45,1.50,-1.927,-0.473,4.000,-35.697,-26.443,41.000
1744538886.31,-1,1.296,-0.003,-0.001,2,0.000,0.000,0.017,10,1.296,-0.001,0.817,-0.002,0.45,1.50,-1.927,-0.473,4.000,-35.697,-26.443,41.000
1744538886.31,-1,1.297,-0.003,-0.001,2,0.000,0.000,0.017,10,1.296,-0.001,0.817,-0.002,0.45,1.50,-1.927,-0.473,4.000,-35.697,-26.443,41.000
1744538886.35,-1,1.300,-0.003,-0.001,2,0.000,0.000,0.026,10,1.301,-0.001,0.822,-0.002,0.71,1.50,-1.927,-0.473,4.000,-35.697,-26.443,41.000
1744538886.35,-1,1.300,-0.003,-0.001,2,0.000,0.000,0.026,10,1.301,-0.001,0.822,-0.002,0.71,1.50,-1.927,-0.473,4.000,-35.697,-26.443,41.000
1744538886.35,-1,1.303,-0.003,-0.001,2,0.000,0.000,0.026,10,1.301,-0.001,0.822,-0.002,0.71,1.50,-1.927,-0.473,4.000,-35.697,-26.443,41.000
1744538886.35,-1,1.305,-0.003,-0.001,2,0.000,0.000,0.000,10,1.305,-0.001,0.826,-0.002,0.71,1.50,-1.927,-0.473,4.000,-35.697,-26.443,41.000
1744538886.35,-1,1.306,-0.003,-0.001,2,0.000,0.000,0.000,10,1.305,-0.001,0.826,-0.002,0.71,1.50,-1.927,-0.473,4.000,-35.697,-26.443,41.000
1744538886.36,-1,1.309,-0.003,-0.001,2,0.000,0.000,-0.004,10,1.309,-0.001,0.831,-0.002,1.50,1.50,-1.927,-0.473,4.000,-35.697,-26.443,41.000
1744538886.36,-1,1.309,-0.003,-0.001,2,0.000,0.000,-0.004,10,1.309,-0.001,0.831,-0.002,1.50,1.50,-1.927,-0.473,4.000,-35.697,-26.443,41.000
1744538886.36,-1,1.313,-0.003,-0.001,2,0.000,0.000,-0.004,10,1.309,-0.001,0.831,-0.002,1.50,1.50,-1.927,-0.473,4.000,-35.697,-26.443,41.000
1744538886.36,-1,1.314,-0.003,-0.001,2,0.000,0.000,-0.013,10,1.314,-0.001,0.836,-0.002,1.50,1.50,-1.927,-0.473,4.000,-35.697,-26.443,41.000
1744538886.40,-1,1.315,-0.003,-0.001,2,0.000,0.000,-0.013,10,1.314,-0.001,0.836,-0.002,1.50,1.50,-1.927,-0.473,4.000,-35.697,-26.443,41.000
1744538886.40,-1,1.318,-0.003,-0.001,2,0.000,0.000,0.004,10,1.319,-0.001,0.840,-0.002,1.50,1.50,-1.927,-0.473,4.000,-35.697,-26.443,41.000
1744538886.40,-1,1.318,-0.003,-0.001,2,0.000,0.000,0.004,10,1.319,-0.001,0.840,-0.002,1.50,1.50,-1.927,-0.473,4.000,-35.697,-26.443,41.000
1744538886.41,-1,1.322,-0.003,-0.001,2,0.000,0.000,0.004,10,1.319,-0.001,0.840,-0.002,1.50,1.50,-1.927,-0.473,4.000,-35.697,-26.443,41.000
1744538886.41,-1,1.323,-0.003,-0.001,2,0.000,0.000,0.000,10,1.323,-0.001,0.845,-0.002,1.50,1.50,-1.927,-0.473,4.000,-35.697,-26.443,41.000
1744538886.43,-1,1.325,-0.003,-0.001,2,0.000,0.000,0.000,10,1.323,-0.001,0.845,-0.002,1.50,1.50,-1.927,-0.473,4.000,-35.697,-26.443,41.000
1744538886.43,-1,1.327,-0.004,-0.001,2,0.000,0.000,-0.009,10,1.328,-0.001,0.849,-0.002,1.50,1.50,-1.927,-0.473,4.000,-35.697,-26.443,41.000
1744538886.43,-1,1.327,-0.004,-0.001,2,0.000,0.000,-0.009,10,1.328,-0.001,0.849,-0.002,1.50,1.50,-1.927,-0.473,4.000,-35.697,-26.443,41.000
1744538886.43,-1,1.330,-0.004,-0.000,2,0.000,0.000,-0.009,10,1.328,0.000,0.849,-0.001,1.50,1.50,-1.927,-0.473,4.000,-35.697,-26.443,41.000
1744538886.43,-1,1.332,-0.004,-0.001,2,0.000,0.000,-0.013,10,1.332,-0.001,0.854,-0.002,1.50,1.50,-1.927,-0.473,4.000,-35.697,-26.443,41.000
1744538886.46,-1,1.334,-0.004,-0.001,2,0.000,0.000,-0.013,10,1.332,-0.001,0.854,-0.002,1.50,1.50,-1.927,-0.473,4.000,-35.697,-26.443,41.000
1744538886.46,-1,1.336,-0.004,-0.001,2,0.000,0.000,0.004,10,1.337,-0.001,0.858,-0.002,1.50,1.50,-1.927,-0.473,4.000,-35.697,-26.443,41.000
1744538886.46,-1,1.336,-0.004,-0.001,2,0.000,0.000,0.004,10,1.337,-0.001,0.858,-0.002,1.50,1.50,-1.927,-0.473,4.000,-35.697,-26.443,41.000
1744538886.46,-1,1.340,-0.004,-0.000,2,0.000,0.000,0.004,10,1.337,0.000,0.858,-0.001,1.50,1.50,-1.927,-0.473,4.000,-35.697,-26.443,41.000
1744538886.48,-1,1.341,-0.004,-0.001,2,0.000,0.000,0.004,10,1.341,-0.001,0.863,-0.002,1.50,1.50,-1.927,-0.473,4.000,-35.697,-26.443,41.000
1744538886.48,-1,1.343,-0.004,-0.001,2,0.000,0.000,0.004,10,1.341,-0.001,0.863,-0.002,1.50,1.50,-1.927,-0.473,4.000,-35.697,-26.443,41.000
1744538886.48,-1,1.346,-0.004,-0.001,2,0.000,0.000,0.009,10,1.346,-0.001,0.867,-0.002,1.50,1.50,-1.927,-0.473,4.000,-35.697,-26.443,41.000
1744538886.48,-1,1.346,-0.004,-0.001,2,0.000,0.000,0.009,10,1.346,-0.001,0.867,-0.002,1.50,1.50,-1.927,-0.473,4.000,-35.697,-26.443,41.000
1744538886.50,-1,1.349,-0.004,-0.000,2,0.000,0.000,0.009,10,1.346,0.000,0.867,-0.001,1.50,1.50,-1.927,-0.473,4.000,-35.697,-26.443,41.000
1744538886.50,-1,1.350,-0.004,-0.001,2,0.000,0.000,0.004,10,1.350,-0.001,0.872,-0.002,1.50,1.50,-1.927,-0.473,4.000,-35.697,-26.443,41.000
1744538886.50,-1,1.352,-0.004,-0.001,2,0.000,0.000,0.004,10,1.350,-0.001,0.872,-0.002,1.50,1.50,-1.927,-0.473,4.000,-35.697,-26.443,41.000
1744538886.51,-1,1.355,-0.004,-0.001,2,0.000,0.000,0.009,10,1.355,-0.001,0.876,-0.002,1.50,1.50,-1.927,-0.473,4.000,-35.697,-26.443,41.000
1744538886.51,-1,1.355,-0.004,-0.001,2,0.000,0.000,0.009,10,1.355,-0.001,0.876,-0.002,1.50,1.50,-1.927,-0.473,4.000,-35.697,-26.443,41.000
1744538886.53,-1,1.357,-0.004,-0.001,2,0.000,0.000,0.009,10,1.355,-0.001,0.876,-0.002,1.50,1.50,-1.927,-0.473,4.000,-35.697,-26.443,41.000
1744538886.53,-1,1.359,-0.004,-0.001,2,0.000,0.000,0.000,10,1.359,-0.001,0.881,-0.002,1.50,1.50,-1.927,-0.473,4.000,-35.697,-26.443,41.000
1744538886.53,-1,1.361,-0.004,-0.002,2,0.000,0.000,0.000,10,1.359,-0.002,0.881,-0.003,1.50,1.50,-1.927,-0.473,4.000,-35.697,-26.443,41.000
1744538886.53,-1,1.364,-0.004,-0.001,2,0.000,0.000,0.013,10,1.364,-0.001,0.885,-0.002,1.50,1.50,-1.927,-0.473,4.000,-35.697,-26.443,41.000
# remark: robobot/cmd/ti/alive 2025-04-13 12:07:52.918866
1744538886.56,-1,1.364,-0.004,-0.001,2,0.000,0.000,0.013,10,1.364,-0.001,0.885,-0.002,1.50,1.50,-1.927,-0.473,4.000,-35.697,-26.443,41.000
1744538886.56,-1,1.367,-0.004,-0.001,2,0.000,0.000,0.013,10,1.364,-0.001,0.885,-0.002,1.50,1.50,-1.927,-0.473,4.000,-35.697,-26.443,41.000
1744538886.56,-1,1.368,-0.004,-0.001,2,0.000,0.000,0.026,10,1.368,-0.001,0.890,-0.002,1.50,1.50,-1.927,-0.473,4.000,-35.697,-26.443,41.000
1744538886.56,-1,1.369,-0.004,-0.001,2,0.000,0.000,0.026,10,1.368,-0.001,0.890,-0.002,1.50,1.50,-1.927,-0.473,4.000,-35.697,-26.443,41.000
1744538886.58,-1,1.372,-0.004,-0.001,2,0.000,0.000,0.022,10,1.373,-0.001,0.894,-0.002,1.50,1.50,-1.927,-0.473,4.000,-35.697,-26.443,41.000
1744538886.58,-1,1.372,-0.004,-0.001,2,0.000,0.000,0.022,10,1.373,-0.001,0.894,-0.002,1.50,1.50,-1.927,-0.473,4.000,-35.697,-26.443,41.000
1744538886.58,-1,1.375,-0.004,-0.002,2,0.000,0.000,0.022,10,1.373,-0.002,0.894,-0.003,1.50,1.50,-1.927,-0.473,4.000,-35.697,-26.443,41.000
1744538886.58,-1,1.377,-0.004,-0.002,2,0.000,0.000,0.004,10,1.377,-0.002,0.898,-0.003,1.50,1.50,-1.927,-0.473,4.000,-35.697,-26.443,41.000
1744538886.60,-1,1.378,-0.004,-0.002,2,0.000,0.000,0.004,10,1.377,-0.002,0.898,-0.003,1.50,1.50,-1.927,-0.473,4.000,-35.697,-26.443,41.000
1744538886.62,-1,1.381,-0.004,-0.002,2,0.000,0.000,-0.026,10,1.382,-0.002,0.903,-0.003,1.50,1.50,-1.927,-0.473,4.000,-35.697,-26.443,41.000
1744538886.62,-1,1.381,-0.004,-0.002,2,0.000,0.000,-0.026,10,1.382,-0.002,0.903,-0.003,1.50,1.50,-1.927,-0.473,4.000,-35.697,-26.443,41.000
1744538886.62,-1,1.384,-0.004,-0.001,2,0.000,0.000,-0.026,10,1.382,-0.001,0.903,-0.002,1.50,1.50,-1.927,-0.473,4.000,-35.697,-26.443,41.000
1744538886.62,-1,1.385,-0.004,-0.001,2,0.000,0.000,-0.039,10,1.386,-0.001,0.907,-0.002,1.50,1.50,-1.927,-0.473,4.000,-35.697,-26.443,41.000
1744538886.64,-1,1.387,-0.004,-0.001,2,0.000,0.000,-0.039,10,1.386,-0.001,0.907,-0.002,1.50,1.50,-1.927,-0.473,4.000,-35.697,-26.443,41.000
1744538886.64,-1,1.390,-0.004,-0.001,2,0.000,0.000,-0.004,10,1.390,-0.001,0.912,-0.002,1.50,1.50,-1.927,-0.473,4.000,-35.697,-26.443,41.000
1744538886.64,-1,1.390,-0.004,-0.001,2,0.000,0.000,-0.004,10,1.390,-0.001,0.912,-0.002,1.50,1.50,-1.927,-0.473,4.000,-35.697,-26.443,41.000
1744538886.65,-1,1.393,-0.004,-0.001,2,0.000,0.000,-0.004,10,1.390,-0.001,0.912,-0.002,1.50,1.50,-1.927,-0.473,4.000,-35.697,-26.443,41.000
1744538886.65,-1,1.394,-0.004,-0.001,2,0.000,0.000,-0.004,10,1.395,-0.001,0.916,-0.002,1.50,1.50,-1.927,-0.473,4.000,-35.697,-26.443,41.000
1744538886.66,-1,1.396,-0.004,-0.001,2,0.000,0.000,-0.004,10,1.395,-0.001,0.916,-0.002,1.50,1.50,-1.927,-0.473,4.000,-35.697,-26.443,41.000
1744538886.66,-1,1.399,-0.004,-0.000,2,0.000,0.000,-0.004,10,1.399,0.000,0.921,-0.001,1.50,1.50,-1.927,-0.473,4.000,-35.697,-26.443,41.000
1744538886.66,-1,1.399,-0.004,-0.000,2,0.000,0.000,-0.004,10,1.399,0.000,0.921,-0.001,1.50,1.50,-1.927,-0.473,4.000,-35.697,-26.443,41.000
1744538886.66,-1,1.402,-0.004,-0.001,2,0.000,0.000,-0.004,10,1.399,-0.001,0.921,-0.002,1.50,1.50,-1.927,-0.473,4.000,-35.697,-26.443,41.000
1744538886.66,-1,1.403,-0.004,-0.001,2,0.000,0.000,0.009,10,1.404,-0.001,0.925,-0.002,1.50,1.50,-1.927,-0.473,4.000,-35.697,-26.443,41.000
1744538886.70,-1,1.405,-0.004,-0.001,2,0.000,0.000,0.009,10,1.404,-0.001,0.925,-0.002,1.50,1.50,-1.927,-0.473,4.000,-35.697,-26.443,41.000
1744538886.70,-1,1.408,-0.004,-0.001,2,0.000,0.000,0.013,10,1.408,-0.001,0.930,-0.002,1.50,1.50,-1.927,-0.473,4.000,-35.697,-26.443,41.000
1744538886.70,-1,1.408,-0.004,-0.001,2,0.000,0.000,0.013,10,1.408,-0.001,0.930,-0.002,1.50,1.50,-1.927,-0.473,4.000,-35.697,-26.443,41.000
1744538886.70,-1,1.411,-0.004,-0.001,2,0.000,0.000,0.013,10,1.408,-0.001,0.930,-0.002,1.50,1.50,-1.927,-0.473,4.000,-35.697,-26.443,41.000
1744538886.72,-1,1.412,-0.004,-0.001,2,0.000,0.000,-0.013,10,1.413,-0.001,0.934,-0.002,1.50,1.50,-1.927,-0.473,4.000,-35.697,-26.443,41.000
1744538886.72,-1,1.414,-0.004,-0.001,2,0.000,0.000,-0.013,10,1.413,-0.001,0.934,-0.002,1.50,1.50,-1.927,-0.473,4.000,-35.697,-26.443,41.000
1744538886.72,-1,1.417,-0.004,-0.001,2,0.000,0.000,-0.017,10,1.417,-0.001,0.939,-0.002,1.50,1.50,-1.927,-0.473,4.000,-35.697,-26.443,41.000
1744538886.73,-1,1.417,-0.004,-0.001,2,0.000,0.000,-0.017,10,1.417,-0.001,0.939,-0.002,1.50,1.50,-1.927,-0.473,4.000,-35.697,-26.443,41.000
1744538886.75,-1,1.420,-0.004,-0.001,2,0.000,0.000,-0.017,10,1.417,-0.001,0.939,-0.002,1.50,1.50,-1.927,-0.473,4.000,-35.697,-26.443,41.000
1744538886.75,-1,1.421,-0.004,-0.000,2,0.000,0.000,-0.013,10,1.422,0.000,0.943,-0.001,1.50,1.50,-1.927,-0.473,4.000,-35.697,-26.443,41.000
1744538886.75,-1,1.423,-0.004,-0.001,2,0.000,0.000,-0.013,10,1.422,-0.001,0.943,-0.002,1.50,1.50,-1.927,-0.473,4.000,-35.697,-26.443,41.000
1744538886.75,-1,1.426,-0.004,-0.000,2,0.000,0.000,0.009,10,1.426,0.000,0.948,-0.001,1.50,1.50,-1.927,-0.473,4.000,-35.697,-26.443,41.000
1744538886.75,-1,1.426,-0.004,-0.000,2,0.000,0.000,0.009,10,1.426,0.000,0.948,-0.001,1.50,1.50,-1.927,-0.473,4.000,-35.697,-26.443,41.000
1744538886.76,-1,1.429,-0.004,-0.001,2,0.000,0.000,0.009,10,1.426,-0.001,0.948,-0.002,1.50,1.50,-1.927,-0.473,4.000,-35.697,-26.443,41.000
1744538886.76,-1,1.430,-0.004,-0.001,2,0.000,0.000,0.009,10,1.431,-0.001,0.952,-0.002,1.50,1.50,-1.927,-0.473,4.000,-35.697,-26.443,41.000
1744538886.76,-1,1.432,-0.004,-0.001,2,0.000,0.000,0.009,10,1.431,-0.001,0.952,-0.002,1.50,1.50,-1.927,-0.473,4.000,-35.697,-26.443,41.000
1744538886.78,-1,1.435,-0.004,-0.000,2,0.000,0.000,0.004,10,1.436,0.000,0.957,-0.001,1.50,1.50,-1.927,-0.473,4.000,-35.697,-26.443,41.000
1744538886.80,-1,1.435,-0.004,-0.000,2,0.000,0.000,0.004,10,1.436,0.000,0.957,-0.001,1.50,1.50,-1.927,-0.473,4.000,-35.697,-26.443,41.000
1744538886.80,-1,1.438,-0.004,-0.001,2,0.000,0.000,0.004,10,1.436,-0.001,0.957,-0.002,1.50,1.50,-1.927,-0.473,4.000,-35.697,-26.443,41.000
1744538886.80,-1,1.440,-0.004,-0.000,2,0.000,0.000,-0.009,10,1.440,0.000,0.962,-0.001,1.50,1.50,-1.927,-0.473,4.000,-35.697,-26.443,41.000
1744538886.80,-1,1.441,-0.004,-0.000,2,0.000,0.000,-0.009,10,1.440,0.000,0.962,-0.001,1.50,1.50,-1.927,-0.473,4.000,-35.697,-26.443,41.000
1744538886.81,-1,1.444,-0.004,-0.001,2,0.000,0.000,0.000,10,1.445,-0.001,0.966,-0.002,1.50,1.50,-1.927,-0.473,4.000,-35.697,-26.443,41.000
1744538886.83,-1,1.444,-0.004,-0.001,2,0.000,0.000,0.000,10,1.445,-0.001,0.966,-0.002,1.50,1.50,-1.927,-0.473,4.000,-35.697,-26.443,41.000
1744538886.83,-1,1.447,-0.004,-0.001,2,0.000,0.000,0.000,10,1.445,-0.001,0.966,-0.002,1.50,1.50,-1.927,-0.473,4.000,-35.697,-26.443,41.000
1744538886.83,-1,1.449,-0.004,-0.001,2,0.000,0.000,0.000,10,1.449,-0.001,0.971,-0.002,1.50,1.50,-1.927,-0.473,4.000,-35.697,-26.443,41.000
1744538886.83,-1,1.450,-0.004,-0.000,2,0.000,0.000,0.000,10,1.449,0.000,0.971,-0.001,1.50,1.50,-1.927,-0.473,4.000,-35.697,-26.443,41.000
1744538886.83,-1,1.454,-0.004,-0.001,2,0.000,0.000,-0.004,10,1.454,-0.001,0.975,-0.002,1.50,1.50,-1.927,-0.473,4.000,-35.697,-26.443,41.000
1744538886.86,-1,1.454,-0.004,-0.001,2,0.000,0.000,-0.004,10,1.454,-0.001,0.975,-0.002,1.50,1.50,-1.927,-0.473,4.000,-35.697,-26.443,41.000
1744538886.86,-1,1.456,-0.004,-0.001,2,0.000,0.000,-0.004,10,1.454,-0.001,0.975,-0.002,1.50,1.50,-1.927,-0.473,4.000,-35.697,-26.443,41.000
1744538886.86,-1,1.458,-0.004,-0.000,2,0.000,0.000,-0.009,10,1.458,0.000,0.980,-0.001,1.50,1.50,-1.927,-0.473,4.000,-35.697,-26.443,41.000
1744538886.86,-1,1.460,-0.004,-0.000,2,0.000,0.000,-0.009,10,1.458,0.000,0.980,-0.001,1.50,1.50,-1.927,-0.473,4.000,-35.697,-26.443,41.000
1744538886.89,-1,1.463,-0.004,-0.001,2,0.000,0.000,0.009,10,1.463,-0.001,0.984,-0.002,1.50,1.50,-1.927,-0.473,4.000,-35.697,-26.443,41.000
1744538886.89,-1,1.463,-0.004,-0.001,2,0.000,0.000,0.009,10,1.463,-0.001,0.984,-0.002,1.50,1.50,-1.927,-0.473,4.000,-35.697,-26.443,41.000
1744538886.89,-1,1.465,-0.004,-0.001,2,0.000,0.000,0.009,10,1.463,-0.001,0.984,-0.002,1.50,1.50,-1.927,-0.473,4.000,-35.697,-26.443,41.000
1744538886.89,-1,1.467,-0.004,-0.001,2,0.000,0.000,0.009,10,1.468,-0.001,0.989,-0.002,1.50,1.50,-1.927,-0.473,4.000,-35.697,-26.443,41.000
1744538886.92,-1,1.469,-0.004,-0.000,2,0.000,0.000,0.009,10,1.468,0.000,0.989,-0.001,1.50,1.50,-1.927,-0.473,4.000,-35.697,-26.443,41.000
1744538886.92,-1,1.472,-0.004,-0.001,2,0.000,0.000,0.000,10,1.472,-0.001,0.993,-0.002,1.50,1.50,-1.927,-0.473,4.000,-35.697,-26.443,41.000
1744538886.92,-1,1.472,-0.004,-0.001,2,0.000,0.000,0.000,10,1.472,-0.001,0.993,-0.002,1.50,1.50,-1.927,-0.473,4.000,-35.697,-26.443,41.000
1744538886.92,-1,1.475,-0.004,-0.001,2,0.000,0.000,0.000,10,1.472,-0.001,0.993,-0.002,1.50,1.50,-1.927,-0.473,4.000,-35.697,-26.443,41.000
1744538886.92,-1,1.476,-0.004,-0.000,2,0.000,0.000,-0.004,10,1.476,0.000,0.998,-0.001,1.50,1.50,-1.927,-0.473,4.000,-35.697,-26.443,41.000
1744538886.93,-1,1.478,-0.004,-0.000,2,0.000,0.000,-0.004,10,1.476,0.000,0.998,-0.001,1.50,1.50,-1.927,-0.473,4.000,-35.697,-26.443,41.000
1744538886.94,-1,1.481,-0.004,-0.001,2,0.000,0.000,0.009,10,1.481,-0.001,1.002,-0.002,1.50,1.50,-1.927,-0.473,4.000,-35.697,-26.443,41.000
1744538886.94,-1,1.481,-0.004,-0.001,2,0.000,0.000,0.009,10,1.481,-0.001,1.002,-0.002,1.50,1.50,-1.927,-0.473,4.000,-35.697,-26.443,41.000
1744538886.95,-1,1.484,-0.004,-0.001,2,0.000,0.000,0.009,10,1.481,-0.001,1.002,-0.002,1.50,1.50,-1.927,-0.473,4.000,-35.697,-26.443,41.000
1744538886.95,-1,1.485,-0.004,-0.000,2,0.000,0.000,0.004,10,1.485,0.000,1.007,-0.001,1.50,1.50,-1.927,-0.473,4.000,-35.697,-26.443,41.000
1744538886.97,-1,1.487,-0.004,-0.001,2,0.000,0.000,0.004,10,1.485,-0.001,1.007,-0.002,1.50,1.50,-1.927,-0.473,4.000,-35.697,-26.443,41.000
1744538886.97,-1,1.490,-0.004,-0.002,2,0.000,0.000,0.022,10,1.490,-0.002,1.011,-0.003,1.50,1.50,-1.927,-0.473,4.000,-35.697,-26.443,41.000
1744538886.97,-1,1.490,-0.004,-0.002,2,0.000,0.000,0.022,10,1.490,-0.002,1.011,-0.003,1.50,1.50,-1.927,-0.473,4.000,-35.697,-26.443,41.000
1744538886.97,-1,1.492,-0.004,-0.002,2,0.000,0.000,0.022,10,1.490,-0.002,1.011,-0.003,1.50,1.50,-1.927,-0.473,4.000,-35.697,-26.443,41.000
1744538886.97,-1,1.494,-0.004,-0.002,2,0.000,0.000,0.043,10,1.494,-0.002,1.016,-0.003,1.50,1.50,-1.927,-0.473,4.000,-35.697,-26.443,41.000
1744538887.00,-1,1.495,-0.004,-0.002,2,0.000,0.000,0.043,10,1.494,-0.002,1.016,-0.003,1.50,1.50,-1.927,-0.473,4.000,-35.697,-26.443,41.000
1744538887.00,-1,1.498,-0.004,-0.002,2,0.000,0.000,-0.009,10,1.499,-0.002,1.020,-0.003,1.50,1.50,-1.927,-0.473,4.000,-35.697,-26.443,41.000
1744538887.00,-1,1.498,-0.004,-0.002,2,0.000,0.000,-0.009,10,1.499,-0.002,1.020,-0.003,1.50,1.50,-1.927,-0.473,4.000,-35.697,-26.443,41.000
1744538887.00,-1,1.501,-0.004,-0.001,2,0.000,0.000,-0.009,10,1.499,-0.001,1.020,-0.002,1.50,1.50,-1.927,-0.473,4.000,-35.697,-26.443,41.000
1744538887.02,-1,1.502,-0.004,-0.001,2,0.000,0.000,-0.043,10,1.503,-0.001,1.024,-0.002,1.50,1.50,-1.927,-0.473,4.000,-35.697,-26.443,41.000
1744538887.02,-1,1.504,-0.004,-0.001,2,0.000,0.000,-0.043,10,1.503,-0.001,1.024,-0.002,1.50,1.50,-1.927,-0.473,4.000,-35.697,-26.443,41.000
1744538887.02,-1,1.507,-0.004,-0.000,2,0.000,0.000,-0.026,10,1.507,0.000,1.029,-0.001,1.50,1.50,-1.927,-0.473,4.000,-35.697,-26.443,41.000
1744538887.02,-1,1.507,-0.004,-0.000,2,0.000,0.000,-0.026,10,1.507,0.000,1.029,-0.001,1.50,1.50,-1.927,-0.473,4.000,-35.697,-26.443,41.000
1744538887.05,-1,1.510,-0.004,-0.001,2,0.000,0.000,-0.026,10,1.507,-0.001,1.029,-0.002,1.50,1.50,-1.927,-0.473,4.000,-35.697,-26.443,41.000
1744538887.05,-1,1.512,-0.004,-0.001,2,0.000,0.000,-0.009,10,1.512,-0.001,1.033,-0.002,1.50,1.50,-1.927,-0.473,4.000,-35.697,-26.443,41.000
1744538887.05,-1,1.513,-0.004,-0.001,2,0.000,0.000,-0.009,10,1.512,-0.001,1.033,-0.002,1.50,1.50,-1.927,-0.473,4.000,-35.697,-26.443,41.000
1744538887.05,-1,1.516,-0.004,-0.001,2,0.000,0.000,0.022,10,1.516,-0.001,1.038,-0.002,1.50,1.50,-1.927,-0.473,4.000,-35.697,-26.443,41.000
1744538887.05,-1,1.516,-0.004,-0.001,2,0.000,0.000,0.022,10,1.516,-0.001,1.038,-0.002,1.50,1.50,-1.927,-0.473,4.000,-35.697,-26.443,41.000
1744538887.08,-1,1.519,-0.004,-0.001,2,0.000,0.000,0.022,10,1.516,-0.001,1.038,-0.002,1.50,1.50,-1.927,-0.473,4.000,-35.697,-26.443,41.000
1744538887.08,-1,1.521,-0.004,-0.001,2,0.000,0.000,0.000,10,1.521,-0.001,1.042,-0.002,1.50,1.50,-1.927,-0.473,4.000,-35.697,-26.443,41.000
1744538887.08,-1,1.522,-0.004,-0.000,2,0.000,0.000,0.000,10,1.521,0.000,1.042,-0.001,1.50,1.50,-1.927,-0.473,4.000,-35.697,-26.443,41.000
1744538887.08,-1,1.525,-0.004,-0.001,2,0.000,0.000,-0.017,10,1.526,-0.001,1.047,-0.002,1.50,1.50,-1.927,-0.473,4.000,-35.697,-26.443,41.000
1744538887.08,-1,1.525,-0.004,-0.001,2,0.000,0.000,-0.017,10,1.526,-0.001,1.047,-0.002,1.50,1.50,-1.927,-0.473,4.000,-35.697,-26.443,41.000
1744538887.10,-1,1.528,-0.004,-0.000,2,0.000,0.000,-0.017,10,1.526,0.000,1.047,-0.001,1.50,1.50,-1.927,-0.473,4.000,-35.697,-26.443,41.000
1744538887.10,-1,1.530,-0.004,-0.001,2,0.000,0.000,-0.013,10,1.530,-0.001,1.052,-0.002,1.50,1.50,-1.927,-0.473,4.000,-35.697,-26.443,41.000
1744538887.10,-1,1.531,-0.004,-0.001,2,0.000,0.000,-0.013,10,1.530,-0.001,1.052,-0.002,1.50,1.50,-1.927,-0.473,4.000,-35.697,-26.443,41.000
1744538887.10,-1,1.534,-0.004,-0.001,2,0.000,0.000,0.017,10,1.535,-0.001,1.056,-0.002,1.35,1.50,-1.927,-0.473,4.000,-35.697,-26.443,41.000
# remark: robobot/cmd/ti/alive 2025-04-13 12:07:52.918866
1744538887.13,-1,1.534,-0.004,-0.001,2,0.000,0.000,0.017,10,1.535,-0.001,1.056,-0.002,1.35,1.50,-1.927,-0.473,4.000,-35.697,-26.443,41.000
1744538887.13,-1,1.537,-0.004,-0.001,2,0.000,0.000,0.017,10,1.535,-0.001,1.056,-0.002,1.35,1.50,-1.927,-0.473,4.000,-35.697,-26.443,41.000
1744538887.13,-1,1.539,-0.004,-0.000,2,0.000,0.000,-0.009,10,1.539,0.000,1.061,-0.001,1.35,1.50,-1.927,-0.473,4.000,-35.697,-26.443,41.000
1744538887.14,-1,1.540,-0.004,-0.000,2,0.000,0.000,-0.009,10,1.539,0.000,1.061,-0.001,1.35,1.50,-1.927,-0.473,4.000,-35.697,-26.443,41.000
1744538887.15,-1,1.543,-0.004,-0.000,2,0.000,0.000,-0.009,10,1.544,0.000,1.065,-0.001,1.13,1.50,-1.927,-0.473,4.000,-35.697,-26.443,41.000
1744538887.15,-1,1.543,-0.004,-0.000,2,0.000,0.000,-0.009,10,1.544,0.000,1.065,-0.001,1.13,1.50,-1.927,-0.473,4.000,-35.697,-26.443,41.000
1744538887.15,-1,1.546,-0.004,-0.001,2,0.000,0.000,-0.009,10,1.544,-0.001,1.065,-0.002,1.13,1.50,-1.927,-0.473,4.000,-35.697,-26.443,41.000
1744538887.15,-1,1.548,-0.004,-0.000,2,0.000,0.000,-0.004,10,1.548,0.000,1.070,-0.001,1.13,1.50,-1.927,-0.473,4.000,-35.697,-26.443,41.000
1744538887.15,-1,1.549,-0.004,-0.001,2,0.000,0.000,-0.004,10,1.548,-0.001,1.070,-0.002,1.13,1.50,-1.927,-0.473,4.000,-35.697,-26.443,41.000
1744538887.18,-1,1.552,-0.004,-0.000,2,0.000,0.000,-0.004,10,1.553,0.000,1.074,-0.001,1.05,1.50,-1.927,-0.473,4.000,-35.697,-26.443,41.000
1744538887.18,-1,1.552,-0.004,-0.000,2,0.000,0.000,-0.004,10,1.553,0.000,1.074,-0.001,1.05,1.50,-1.927,-0.473,4.000,-35.697,-26.443,41.000
1744538887.18,-1,1.555,-0.004,-0.000,2,0.000,0.000,-0.004,10,1.553,0.000,1.074,-0.001,1.05,1.50,-1.927,-0.473,4.000,-35.697,-26.443,41.000
1744538887.19,-1,1.557,-0.004,-0.000,2,0.000,0.000,-0.009,10,1.557,0.000,1.079,-0.001,1.05,1.50,-1.927,-0.473,4.000,-35.697,-26.443,41.000
1744538887.21,-1,1.558,-0.004,-0.001,2,0.000,0.000,-0.009,10,1.557,-0.001,1.079,-0.002,1.05,1.50,-1.927,-0.473,4.000,-35.697,-26.443,41.000
1744538887.21,-1,1.561,-0.004,-0.000,2,0.000,0.000,0.022,10,1.562,0.000,1.083,-0.001,0.93,1.50,-1.927,-0.473,4.000,-35.697,-26.443,41.000
1744538887.21,-1,1.561,-0.004,-0.000,2,0.000,0.000,0.022,10,1.562,0.000,1.083,-0.001,0.93,1.50,-1.927,-0.473,4.000,-35.697,-26.443,41.000
1744538887.21,-1,1.564,-0.004,-0.000,2,0.000,0.000,0.022,10,1.562,0.000,1.083,-0.001,0.93,1.50,-1.927,-0.473,4.000,-35.697,-26.443,41.000
1744538887.21,-1,1.566,-0.004,-0.001,2,0.000,0.000,0.000,10,1.566,-0.001,1.088,-0.002,0.93,1.50,-1.927,-0.473,4.000,-35.697,-26.443,41.000
1744538887.23,-1,1.567,-0.004,-0.000,2,0.000,0.000,0.000,10,1.566,0.000,1.088,-0.001,0.93,1.50,-1.927,-0.473,4.000,-35.697,-26.443,41.000
1744538887.23,-1,1.570,-0.004,-0.001,2,0.000,0.000,-0.017,10,1.571,-0.001,1.092,-0.002,0.73,1.50,-1.927,-0.473,4.000,-35.697,-26.443,41.000
1744538887.23,-1,1.570,-0.004,-0.001,2,0.000,0.000,-0.017,10,1.571,-0.001,1.092,-0.002,0.73,1.50,-1.927,-0.473,4.000,-35.697,-26.443,41.000
1744538887.23,-1,1.573,-0.004,-0.000,2,0.000,0.000,-0.017,10,1.571,0.000,1.092,-0.001,0.73,1.50,-1.927,-0.473,4.000,-35.697,-26.443,41.000
1744538887.26,-1,1.574,-0.004,-0.000,2,0.000,0.000,-0.043,10,1.575,0.000,1.096,-0.001,0.73,1.50,-1.927,-0.473,4.000,-35.697,-26.443,41.000
1744538887.26,-1,1.576,-0.004,-0.000,2,0.000,0.000,-0.043,10,1.575,0.000,1.096,-0.001,0.73,1.50,-1.927,-0.473,4.000,-35.697,-26.443,41.000
1744538887.26,-1,1.579,-0.004,-0.000,2,0.000,0.000,-0.004,10,1.580,0.000,1.101,-0.001,0.72,1.50,-1.927,-0.473,4.000,-35.697,-26.443,41.000
1744538887.26,-1,1.579,-0.004,-0.000,2,0.000,0.000,-0.004,10,1.580,0.000,1.101,-0.001,0.72,1.50,-1.927,-0.473,4.000,-35.697,-26.443,41.000
1744538887.29,-1,1.582,-0.004,-0.000,2,0.000,0.000,-0.004,10,1.580,0.000,1.101,-0.001,0.72,1.50,-1.927,-0.473,4.000,-35.697,-26.443,41.000
1744538887.29,-1,1.583,-0.004,-0.000,2,0.000,0.000,-0.017,10,1.584,0.000,1.105,-0.001,0.72,1.50,-1.927,-0.473,4.000,-35.697,-26.443,41.000
1744538887.29,-1,1.585,-0.004,-0.000,2,0.000,0.000,-0.017,10,1.584,0.000,1.105,-0.001,0.72,1.50,-1.927,-0.473,4.000,-35.697,-26.443,41.000
1744538887.29,-1,1.588,-0.004,-0.000,2,0.000,0.000,0.022,10,1.589,0.000,1.110,-0.001,0.69,1.50,-1.927,-0.473,4.000,-35.697,-26.443,41.000
1744538887.29,-1,1.588,-0.004,-0.000,2,0.000,0.000,0.022,10,1.589,0.000,1.110,-0.001,0.69,1.50,-1.927,-0.473,4.000,-35.697,-26.443,41.000
1744538887.31,-1,1.591,-0.004,-0.000,2,0.000,0.000,0.022,10,1.589,0.000,1.110,-0.001,0.69,1.50,-1.927,-0.473,4.000,-35.697,-26.443,41.000
1744538887.31,-1,1.593,-0.004,-0.000,2,0.000,0.000,0.013,10,1.593,0.000,1.114,-0.001,0.69,1.50,-1.927,-0.473,4.000,-35.697,-26.443,41.000
1744538887.31,-1,1.594,-0.004,-0.000,2,0.000,0.000,0.013,10,1.593,0.000,1.114,-0.001,0.69,1.50,-1.927,-0.473,4.000,-35.697,-26.443,41.000
1744538887.32,-1,1.597,-0.004,-0.000,2,0.000,0.000,0.017,10,1.598,0.000,1.119,-0.001,0.65,1.50,-1.927,-0.473,4.000,-35.697,-26.443,41.000
1744538887.33,-1,1.597,-0.004,-0.000,2,0.000,0.000,0.017,10,1.598,0.000,1.119,-0.001,0.65,1.50,-1.927,-0.473,4.000,-35.697,-26.443,41.000
1744538887.33,-1,1.600,-0.004,-0.000,2,0.000,0.000,0.017,10,1.598,0.000,1.119,-0.001,0.65,1.50,-1.927,-0.473,4.000,-35.697,-26.443,41.000
1744538887.33,-1,1.602,-0.004,-0.000,2,0.000,0.000,-0.004,10,1.602,0.000,1.124,-0.001,0.65,1.50,-1.927,-0.473,4.000,-35.697,-26.443,41.000
1744538887.34,-1,1.603,-0.004,-0.000,2,0.000,0.000,-0.004,10,1.602,0.000,1.124,-0.001,0.65,1.50,-1.927,-0.473,4.000,-35.697,-26.443,41.000
1744538887.37,-1,1.606,-0.004,-0.000,2,0.000,0.000,0.013,10,1.607,0.000,1.128,-0.001,0.65,1.50,-1.927,-0.473,4.000,-35.697,-26.443,41.000
1744538887.37,-1,1.606,-0.004,-0.000,2,0.000,0.000,0.013,10,1.607,0.000,1.128,-0.001,0.65,1.50,-1.927,-0.473,4.000,-35.697,-26.443,41.000
1744538887.37,-1,1.609,-0.004,-0.001,2,0.000,0.000,0.013,10,1.607,-0.001,1.128,-0.002,0.65,1.50,-1.927,-0.473,4.000,-35.697,-26.443,41.000
1744538887.37,-1,1.611,-0.004,-0.000,2,0.000,0.000,0.009,10,1.611,0.000,1.133,-0.001,0.65,1.50,-1.927,-0.473,4.000,-35.697,-26.443,41.000
1744538887.37,-1,1.612,-0.004,-0.000,2,0.000,0.000,0.009,10,1.611,0.000,1.133,-0.001,0.65,1.50,-1.927,-0.473,4.000,-35.697,-26.443,41.000
1744538887.38,-1,1.615,-0.004,-0.000,2,0.000,0.000,0.013,10,1.616,0.000,1.137,-0.001,0.64,1.50,-1.927,-0.473,4.000,-35.697,-26.443,41.000
1744538887.38,-1,1.615,-0.004,-0.000,2,0.000,0.000,0.013,10,1.616,0.000,1.137,-0.001,0.64,1.50,-1.927,-0.473,4.000,-35.697,-26.443,41.000
1744538887.38,-1,1.618,-0.004,-0.000,2,0.000,0.000,0.013,10,1.616,0.000,1.137,-0.001,0.64,1.50,-1.927,-0.473,4.000,-35.697,-26.443,41.000
1744538887.38,-1,1.620,-0.004,-0.000,2,0.000,0.000,-0.004,10,1.620,0.000,1.142,-0.001,0.64,1.50,-1.927,-0.473,4.000,-35.697,-26.443,41.000
1744538887.42,-1,1.621,-0.004,-0.000,2,0.000,0.000,-0.004,10,1.620,0.000,1.142,-0.001,0.64,1.50,-1.927,-0.473,4.000,-35.697,-26.443,41.000
1744538887.42,-1,1.624,-0.004,-0.000,2,0.000,0.000,0.000,10,1.625,0.000,1.146,-0.001,0.61,1.50,-1.927,-0.473,4.000,-35.697,-26.443,41.000
1744538887.42,-1,1.624,-0.004,-0.000,2,0.000,0.000,0.000,10,1.625,0.000,1.146,-0.001,0.61,1.50,-1.927,-0.473,4.000,-35.697,-26.443,41.000
1744538887.42,-1,1.627,-0.004,-0.000,2,0.000,0.000,0.000,10,1.625,0.000,1.146,-0.001,0.61,1.50,-1.927,-0.473,4.000,-35.697,-26.443,41.000
1744538887.42,-1,1.629,-0.004,-0.000,2,0.000,0.000,-0.026,10,1.629,0.000,1.151,-0.001,0.61,1.50,-1.927,-0.473,4.000,-35.697,-26.443,41.000
1744538887.45,-1,1.630,-0.004,-0.000,2,0.000,0.000,-0.026,10,1.629,0.000,1.151,-0.001,0.61,1.50,-1.927,-0.473,4.000,-35.697,-26.443,41.000
1744538887.45,-1,1.633,-0.004,0.001,2,0.000,0.000,-0.017,10,1.634,0.001,1.155,0.000,0.58,1.50,-1.927,-0.473,4.000,-35.697,-26.443,41.000
1744538887.45,-1,1.633,-0.004,0.001,2,0.000,0.000,-0.017,10,1.634,0.001,1.155,0.000,0.58,1.50,-1.927,-0.473,4.000,-35.697,-26.443,41.000
1744538887.45,-1,1.636,-0.004,-0.000,2,0.000,0.000,-0.017,10,1.634,0.000,1.155,-0.001,0.58,1.50,-1.927,-0.473,4.000,-35.697,-26.443,41.000
1744538887.47,-1,1.638,-0.004,-0.000,2,0.000,0.000,-0.004,10,1.638,0.000,1.160,-0.001,0.58,1.50,-1.927,-0.473,4.000,-35.697,-26.443,41.000
1744538887.47,-1,1.639,-0.004,-0.000,2,0.000,0.000,-0.004,10,1.638,0.000,1.160,-0.001,0.58,1.50,-1.927,-0.473,4.000,-35.697,-26.443,41.000
1744538887.47,-1,1.642,-0.004,-0.000,2,0.000,0.000,0.000,10,1.643,0.000,1.164,-0.001,0.58,1.50,-1.927,-0.473,4.000,-35.697,-26.443,41.000
1744538887.47,-1,1.642,-0.004,-0.000,2,0.000,0.000,0.000,10,1.643,0.000,1.164,-0.001,0.58,1.50,-1.927,-0.473,4.000,-35.697,-26.443,41.000
1744538887.50,-1,1.645,-0.004,-0.000,2,0.000,0.000,0.000,10,1.643,0.000,1.164,-0.001,0.58,1.50,-1.927,-0.473,4.000,-35.697,-26.443,41.000
1744538887.50,-1,1.647,-0.004,0.001,2,0.000,0.000,0.000,10,1.647,0.001,1.168,0.000,0.58,1.50,-1.927,-0.473,4.000,-35.697,-26.443,41.000
1744538887.50,-1,1.648,-0.004,-0.000,2,0.000,0.000,0.000,10,1.647,0.000,1.168,-0.001,0.58,1.50,-1.927,-0.473,4.000,-35.697,-26.443,41.000
1744538887.50,-1,1.651,-0.004,-0.000,2,0.000,0.000,-0.030,10,1.652,0.000,1.173,-0.001,0.52,1.50,-1.927,-0.473,4.000,-35.697,-26.443,41.000
1744538887.50,-1,1.651,-0.004,-0.000,2,0.000,0.000,-0.030,10,1.652,0.000,1.173,-0.001,0.52,1.50,-1.927,-0.473,4.000,-35.697,-26.443,41.000
1744538887.52,-1,1.654,-0.004,-0.000,2,0.000,0.000,-0.030,10,1.652,0.000,1.173,-0.001,0.52,1.50,-1.927,-0.473,4.000,-35.697,-26.443,41.000
1744538887.52,-1,1.656,-0.004,-0.000,2,0.000,0.000,-0.009,10,1.656,0.000,1.177,-0.001,0.52,1.50,-1.927,-0.473,4.000,-35.697,-26.443,41.000
1744538887.52,-1,1.657,-0.004,0.001,2,0.000,0.000,-0.009,10,1.656,0.001,1.177,0.000,0.52,1.50,-1.927,-0.473,4.000,-35.697,-26.443,41.000
1744538887.55,-1,1.660,-0.004,-0.000,2,0.000,0.000,0.035,10,1.661,0.000,1.182,-0.001,0.58,1.50,-1.927,-0.473,4.000,-35.697,-26.443,41.000
1744538887.55,-1,1.660,-0.004,-0.000,2,0.000,0.000,0.035,10,1.661,0.000,1.182,-0.001,0.58,1.50,-1.927,-0.473,4.000,-35.697,-26.443,41.000
1744538887.55,-1,1.663,-0.004,0.001,2,0.000,0.000,0.035,10,1.661,0.001,1.182,0.000,0.58,1.50,-1.927,-0.473,4.000,-35.697,-26.443,41.000
1744538887.55,-1,1.665,-0.004,-0.000,2,0.000,0.000,-0.030,10,1.665,0.000,1.187,-0.001,0.58,1.50,-1.927,-0.473,4.000,-35.697,-26.443,41.000
1744538887.55,-1,1.666,-0.004,0.001,2,0.000,0.000,-0.030,10,1.665,0.001,1.187,0.000,0.58,1.50,-1.927,-0.473,4.000,-35.697,-26.443,41.000
1744538887.58,-1,1.669,-0.004,-0.000,2,0.000,0.000,0.000,10,1.670,0.000,1.191,-0.001,0.62,1.50,-1.927,-0.473,4.000,-35.697,-26.443,41.000
1744538887.58,-1,1.669,-0.004,-0.000,2,0.000,0.000,0.000,10,1.670,0.000,1.191,-0.001,0.62,1.50,-1.927,-0.473,4.000,-35.697,-26.443,41.000
1744538887.58,-1,1.672,-0.004,0.001,2,0.000,0.000,0.000,10,1.670,0.001,1.191,0.000,0.62,1.50,-1.927,-0.473,4.000,-35.697,-26.443,41.000
1744538887.58,-1,1.674,-0.004,-0.000,2,0.000,0.000,0.022,10,1.674,0.000,1.196,-0.001,0.62,1.50,-1.927,-0.473,4.000,-35.697,-26.443,41.000
1744538887.60,-1,1.675,-0.004,-0.000,2,0.000,0.000,0.022,10,1.674,0.000,1.196,-0.001,0.62,1.50,-1.927,-0.473,4.000,-35.697,-26.443,41.000
1744538887.60,-1,1.678,-0.004,-0.000,2,0.000,0.000,0.026,10,1.679,0.000,1.200,-0.001,0.60,1.50,-1.927,-0.473,4.000,-35.697,-26.443,41.000
1744538887.60,-1,1.678,-0.004,-0.000,2,0.000,0.000,0.026,10,1.679,0.000,1.200,-0.001,0.60,1.50,-1.927,-0.473,4.000,-35.697,-26.443,41.000
1744538887.60,-1,1.681,-0.004,-0.000,2,0.000,0.000,0.026,10,1.679,0.000,1.200,-0.001,0.60,1.50,-1.927,-0.473,4.000,-35.697,-26.443,41.000
1744538887.60,-1,1.683,-0.004,-0.000,2,0.000,0.000,0.004,10,1.683,0.000,1.205,-0.001,0.60,1.50,-1.927,-0.473,4.000,-35.697,-26.443,41.000
1744538887.63,-1,1.685,-0.004,-0.000,2,0.000,0.000,0.004,10,1.683,0.000,1.205,-0.001,0.60,1.50,-1.927,-0.473,4.000,-35.697,-26.443,41.000
1744538887.63,-1,1.687,-0.004,-0.000,2,0.000,0.000,0.022,10,1.688,0.000,1.209,-0.001,0.59,1.50,-1.927,-0.473,4.000,-35.697,-26.443,41.000
1744538887.63,-1,1.687,-0.004,-0.000,2,0.000,0.000,0.022,10,1.688,0.000,1.209,-0.001,0.59,1.50,-1.927,-0.473,4.000,-35.697,-26.443,41.000
1744538887.63,-1,1.691,-0.004,-0.001,2,0.000,0.000,0.022,10,1.688,-0.001,1.209,-0.002,0.59,1.50,-1.927,-0.473,4.000,-35.697,-26.443,41.000
1744538887.63,-1,1.692,-0.004,-0.000,2,0.000,0.000,-0.004,10,1.692,0.000,1.214,-0.001,0.59,1.50,-1.927,-0.473,4.000,-35.697,-26.443,41.000
1744538887.65,-1,1.694,-0.004,-0.000,2,0.000,0.000,-0.004,10,1.692,0.000,1.214,-0.001,0.59,1.50,-1.927,-0.473,4.000,-35.697,-26.443,41.000
1744538887.65,-1,1.697,-0.004,-0.000,2,0.000,0.000,0.000,10,1.697,0.000,1.218,-0.001,0.60,1.50,-1.927,-0.473,4.000,-35.697,-26.443,41.000
1744538887.65,-1,1.697,-0.004,-0.000,2,0.000,0.000,0.000,10,1.697,0.000,1.218,-0.001,0.60,1.50,-1.927,-0.473,4.000,-35.697,-26.443,41.000
1744538887.66,-1,1.699,-0.004,-0.000,2,0.000,0.000,0.000,10,1.697,0.000,1.218,-0.001,0.60,1.50,-1.927,-0.473,4.000,-35.697,-26.443,41.000
# remark: robobot/cmd/ti/alive 2025-04-13 12:07:52.918866
1744538887.68,-1,1.701,-0.004,-0.000,2,0.000,0.000,-0.009,10,1.701,0.000,1.223,-0.001,0.60,1.50,-1.927,-0.473,4.000,-35.697,-26.443,41.000
1744538887.68,-1,1.702,-0.004,-0.001,2,0.000,0.000,-0.009,10,1.701,-0.001,1.223,-0.002,0.60,1.50,-1.927,-0.473,4.000,-35.697,-26.443,41.000
1744538887.68,-1,1.706,-0.004,-0.000,2,0.000,0.000,0.013,10,1.706,0.000,1.227,-0.001,0.59,1.50,-1.927,-0.473,4.000,-35.697,-26.443,41.000
1744538887.68,-1,1.706,-0.004,-0.000,2,0.000,0.000,0.013,10,1.706,0.000,1.227,-0.001,0.59,1.50,-1.927,-0.473,4.000,-35.697,-26.443,41.000
1744538887.70,-1,1.708,-0.004,-0.000,2,0.000,0.000,0.013,10,1.706,0.000,1.227,-0.001,0.59,1.50,-1.927,-0.473,4.000,-35.697,-26.443,41.000
1744538887.70,-1,1.710,-0.004,-0.000,2,0.000,0.000,-0.009,10,1.710,0.000,1.232,-0.001,0.59,1.50,-1.927,-0.473,4.000,-35.697,-26.443,41.000
1744538887.70,-1,1.712,-0.004,-0.001,2,0.000,0.000,-0.009,10,1.710,-0.001,1.232,-0.002,0.59,1.50,-1.927,-0.473,4.000,-35.697,-26.443,41.000
1744538887.70,-1,1.715,-0.004,-0.000,2,0.000,0.000,0.004,10,1.715,0.000,1.236,-0.001,0.57,1.50,-1.927,-0.473,4.000,-35.697,-26.443,41.000
1744538887.70,-1,1.715,-0.004,-0.000,2,0.000,0.000,0.004,10,1.715,0.000,1.236,-0.001,0.57,1.50,-1.927,-0.473,4.000,-35.697,-26.443,41.000
1744538887.73,-1,1.718,-0.004,-0.000,2,0.000,0.000,0.004,10,1.715,0.000,1.236,-0.001,0.57,1.50,-1.927,-0.473,4.000,-35.697,-26.443,41.000
1744538887.73,-1,1.719,-0.004,-0.000,2,0.000,0.000,0.000,10,1.720,0.000,1.241,-0.001,0.57,1.50,-1.927,-0.473,4.000,-35.697,-26.443,41.000
1744538887.73,-1,1.721,-0.004,-0.001,2,0.000,0.000,0.000,10,1.720,-0.001,1.241,-0.002,0.57,1.50,-1.927,-0.473,4.000,-35.697,-26.443,41.000
1744538887.75,-1,1.724,-0.004,-0.001,2,0.000,0.000,0.009,10,1.724,-0.001,1.245,-0.002,0.55,1.50,-1.927,-0.473,4.000,-35.697,-26.443,41.000
1744538887.75,-1,1.724,-0.004,-0.001,2,0.000,0.000,0.009,10,1.724,-0.001,1.245,-0.002,0.55,1.50,-1.927,-0.473,4.000,-35.697,-26.443,41.000
1744538887.75,-1,1.727,-0.004,-0.000,2,0.000,0.000,0.009,10,1.724,0.000,1.245,-0.001,0.55,1.50,-1.927,-0.473,4.000,-35.697,-26.443,41.000
1744538887.76,-1,1.728,-0.004,-0.001,2,0.000,0.000,-0.004,10,1.728,-0.001,1.250,-0.002,0.55,1.50,-1.927,-0.473,4.000,-35.697,-26.443,41.000
1744538887.76,-1,1.729,-0.004,-0.000,2,0.000,0.000,-0.004,10,1.728,0.000,1.250,-0.001,0.55,1.50,-1.927,-0.473,4.000,-35.697,-26.443,41.000
1744538887.78,-1,1.733,-0.004,-0.001,2,0.000,0.000,-0.004,10,1.733,-0.001,1.254,-0.002,0.57,1.50,-1.927,-0.473,4.000,-35.697,-26.443,41.000
1744538887.78,-1,1.733,-0.004,-0.001,2,0.000,0.000,-0.004,10,1.733,-0.001,1.254,-0.002,0.57,1.50,-1.927,-0.473,4.000,-35.697,-26.443,41.000
1744538887.79,-1,1.735,-0.004,-0.000,2,0.000,0.000,-0.004,10,1.733,0.000,1.254,-0.001,0.57,1.50,-1.927,-0.473,4.000,-35.697,-26.443,41.000
1744538887.79,-1,1.737,-0.004,-0.001,2,0.000,0.000,0.009,10,1.737,-0.001,1.258,-0.002,0.57,1.50,-1.927,-0.473,4.000,-35.697,-26.443,41.000
1744538887.81,-1,1.738,-0.004,-0.001,2,0.000,0.000,0.009,10,1.737,-0.001,1.258,-0.002,0.57,1.50,-1.927,-0.473,4.000,-35.697,-26.443,41.000
1744538887.81,-1,1.741,-0.004,-0.001,2,0.000,0.000,0.009,10,1.742,-0.001,1.263,-0.002,0.56,1.50,-1.927,-0.473,4.000,-35.697,-26.443,41.000
1744538887.81,-1,1.741,-0.004,-0.001,2,0.000,0.000,0.009,10,1.742,-0.001,1.263,-0.002,0.56,1.50,-1.927,-0.473,4.000,-35.697,-26.443,41.000
1744538887.81,-1,1.744,-0.004,-0.001,2,0.000,0.000,0.009,10,1.742,-0.001,1.263,-0.002,0.56,1.50,-1.927,-0.473,4.000,-35.697,-26.443,41.000
1744538887.81,-1,1.746,-0.004,-0.000,2,0.000,0.000,-0.022,10,1.746,0.000,1.267,-0.001,0.56,1.50,-1.927,-0.473,4.000,-35.697,-26.443,41.000
1744538887.83,-1,1.747,-0.004,-0.000,2,0.000,0.000,-0.022,10,1.746,0.000,1.267,-0.001,0.56,1.50,-1.927,-0.473,4.000,-35.697,-26.443,41.000
1744538887.83,-1,1.750,-0.004,-0.000,2,0.000,0.000,-0.004,10,1.751,0.000,1.272,-0.001,0.55,1.50,-1.927,-0.473,4.000,-35.697,-26.443,41.000
1744538887.83,-1,1.750,-0.004,-0.000,2,0.000,0.000,-0.004,10,1.751,0.000,1.272,-0.001,0.55,1.50,-1.927,-0.473,4.000,-35.697,-26.443,41.000
1744538887.85,-1,1.753,-0.004,-0.000,2,0.000,0.000,-0.004,10,1.751,0.000,1.272,-0.001,0.55,1.50,-1.927,-0.473,4.000,-35.697,-26.443,41.000
1744538887.85,-1,1.755,-0.004,-0.001,2,0.000,0.000,-0.004,10,1.755,-0.001,1.276,-0.002,0.55,1.50,-1.927,-0.473,4.000,-35.697,-26.443,41.000
1744538887.85,-1,1.756,-0.004,-0.000,2,0.000,0.000,-0.004,10,1.755,0.000,1.276,-0.001,0.55,1.50,-1.927,-0.473,4.000,-35.697,-26.443,41.000
1744538887.85,-1,1.759,-0.004,-0.001,2,0.000,0.000,0.013,10,1.760,-0.001,1.281,-0.002,0.57,1.50,-1.927,-0.473,4.000,-35.697,-26.443,41.000
1744538887.85,-1,1.759,-0.004,-0.001,2,0.000,0.000,0.013,10,1.760,-0.001,1.281,-0.002,0.57,1.50,-1.927,-0.473,4.000,-35.697,-26.443,41.000
1744538887.88,-1,1.762,-0.004,-0.000,2,0.000,0.000,0.013,10,1.760,0.000,1.281,-0.001,0.57,1.50,-1.927,-0.473,4.000,-35.697,-26.443,41.000
1744538887.88,-1,1.764,-0.004,-0.000,2,0.000,0.000,-0.022,10,1.764,0.000,1.285,-0.001,0.57,1.50,-1.927,-0.473,4.000,-35.697,-26.443,41.000
1744538887.88,-1,1.765,-0.004,-0.000,2,0.000,0.000,-0.022,10,1.764,0.000,1.285,-0.001,0.57,1.50,-1.927,-0.473,4.000,-35.697,-26.443,41.000
1744538887.91,-1,1.768,-0.004,-0.001,2,0.000,0.000,0.013,10,1.769,-0.001,1.290,-0.002,0.57,1.50,-1.927,-0.473,4.000,-35.697,-26.443,41.000
1744538887.91,-1,1.768,-0.004,-0.001,2,0.000,0.000,0.013,10,1.769,-0.001,1.290,-0.002,0.57,1.50,-1.927,-0.473,4.000,-35.697,-26.443,41.000
1744538887.91,-1,1.771,-0.004,-0.001,2,0.000,0.000,0.013,10,1.769,-0.001,1.290,-0.002,0.57,1.50,-1.927,-0.473,4.000,-35.697,-26.443,41.000
1744538887.91,-1,1.773,-0.004,-0.001,2,0.000,0.000,0.004,10,1.773,-0.001,1.294,-0.002,0.57,1.50,-1.927,-0.473,4.000,-35.697,-26.443,41.000
1744538887.91,-1,1.774,-0.004,-0.000,2,0.000,0.000,0.004,10,1.773,0.000,1.294,-0.001,0.57,1.50,-1.927,-0.473,4.000,-35.697,-26.443,41.000
1744538887.93,-1,1.777,-0.004,-0.001,2,0.000,0.000,0.000,10,1.778,-0.001,1.299,-0.002,0.58,1.50,-1.927,-0.473,4.000,-35.697,-26.443,41.000
1744538887.93,-1,1.777,-0.004,-0.001,2,0.000,0.000,0.000,10,1.778,-0.001,1.299,-0.002,0.58,1.50,-1.927,-0.473,4.000,-35.697,-26.443,41.000
1744538887.93,-1,1.780,-0.004,-0.000,2,0.000,0.000,0.000,10,1.778,0.000,1.299,-0.001,0.58,1.50,-1.927,-0.473,4.000,-35.697,-26.443,41.000
1744538887.93,-1,1.782,-0.004,-0.000,2,0.000,0.000,-0.004,10,1.782,0.000,1.304,-0.001,0.58,1.50,-1.927,-0.473,4.000,-35.697,-26.443,41.000
1744538887.93,-1,1.783,-0.004,-0.001,2,0.000,0.000,-0.004,10,1.782,-0.001,1.304,-0.002,0.58,1.50,-1.927,-0.473,4.000,-35.697,-26.443,41.000
1744538887.97,-1,1.786,-0.004,-0.001,2,0.000,0.000,0.004,10,1.787,-0.001,1.308,-0.002,0.58,1.50,-1.927,-0.473,4.000,-35.697,-26.443,41.000
1744538887.97,-1,1.786,-0.004,-0.001,2,0.000,0.000,0.004,10,1.787,-0.001,1.308,-0.002,0.58,1.50,-1.927,-0.473,4.000,-35.697,-26.443,41.000
1744538887.97,-1,1.789,-0.004,-0.000,2,0.000,0.000,0.004,10,1.787,0.000,1.308,-0.001,0.58,1.50,-1.927,-0.473,4.000,-35.697,-26.443,41.000
1744538887.97,-1,1.791,-0.004,-0.000,2,0.000,0.000,0.000,10,1.791,0.000,1.313,-0.001,0.58,1.50,-1.927,-0.473,4.000,-35.697,-26.443,41.000
1744538887.98,-1,1.792,-0.004,-0.001,2,0.000,0.000,0.000,10,1.791,-0.001,1.313,-0.002,0.58,1.50,-1.927,-0.473,4.000,-35.697,-26.443,41.000
1744538887.98,-1,1.795,-0.004,-0.000,2,0.000,0.000,0.013,10,1.796,0.000,1.317,-0.001,0.57,1.50,-1.927,-0.473,4.000,-35.697,-26.443,41.000
1744538887.98,-1,1.795,-0.004,-0.000,2,0.000,0.000,0.013,10,1.796,0.000,1.317,-0.001,0.57,1.50,-1.927,-0.473,4.000,-35.697,-26.443,41.000
1744538887.98,-1,1.799,-0.004,-0.001,2,0.000,0.000,0.013,10,1.796,-0.001,1.317,-0.002,0.57,1.50,-1.927,-0.473,4.000,-35.697,-26.443,41.000
1744538887.98,-1,1.800,-0.004,-0.000,2,0.000,0.000,0.004,10,1.800,0.000,1.322,-0.001,0.57,1.50,-1.927,-0.473,4.000,-35.697,-26.443,41.000
1744538888.01,-1,1.801,-0.004,-0.001,2,0.000,0.000,0.004,10,1.800,-0.001,1.322,-0.002,0.57,1.50,-1.927,-0.473,4.000,-35.697,-26.443,41.000
1744538888.01,-1,1.804,-0.004,-0.000,2,0.000,0.000,0.009,10,1.805,0.000,1.326,-0.001,0.59,1.50,-1.927,-0.473,4.000,-35.697,-26.443,41.000
1744538888.01,-1,1.804,-0.004,-0.000,2,0.000,0.000,0.009,10,1.805,0.000,1.326,-0.001,0.59,1.50,-1.927,-0.473,4.000,-35.697,-26.443,41.000
1744538888.03,-1,1.808,-0.004,-0.001,2,0.000,0.000,0.009,10,1.805,-0.001,1.326,-0.002,0.59,1.50,-1.927,-0.473,4.000,-35.697,-26.443,41.000
1744538888.03,-1,1.809,-0.004,-0.001,2,0.000,0.000,0.009,10,1.809,-0.001,1.331,-0.002,0.59,1.50,-1.927,-0.473,4.000,-35.697,-26.443,41.000
1744538888.03,-1,1.810,-0.004,-0.001,2,0.000,0.000,0.009,10,1.809,-0.001,1.331,-0.002,0.59,1.50,-1.927,-0.473,4.000,-35.697,-26.443,41.000
1744538888.03,-1,1.813,-0.004,-0.001,2,0.000,0.000,0.009,10,1.814,-0.001,1.335,-0.002,0.59,1.50,-1.927,-0.473,4.000,-35.697,-26.443,41.000
1744538888.03,-1,1.813,-0.004,-0.001,2,0.000,0.000,0.009,10,1.814,-0.001,1.335,-0.002,0.59,1.50,-1.927,-0.473,4.000,-35.697,-26.443,41.000
1744538888.06,-1,1.817,-0.004,-0.001,2,0.000,0.000,0.009,10,1.814,-0.001,1.335,-0.002,0.59,1.50,-1.927,-0.473,4.000,-35.697,-26.443,41.000
1744538888.07,-1,1.818,-0.004,-0.000,2,0.000,0.000,-0.009,10,1.818,0.000,1.340,-0.001,0.59,1.50,-1.927,-0.473,4.000,-35.697,-26.443,41.000
1744538888.07,-1,1.820,-0.004,-0.001,2,0.000,0.000,-0.009,10,1.818,-0.001,1.340,-0.002,0.59,1.50,-1.927,-0.473,4.000,-35.697,-26.443,41.000
1744538888.07,-1,1.822,-0.004,-0.001,2,0.000,0.000,-0.009,10,1.823,-0.001,1.344,-0.002,0.61,1.50,-1.927,-0.473,4.000,-35.697,-26.443,41.000
1744538888.08,-1,1.822,-0.004,-0.001,2,0.000,0.000,-0.009,10,1.823,-0.001,1.344,-0.002,0.61,1.50,-1.927,-0.473,4.000,-35.697,-26.443,41.000
1744538888.08,-1,1.826,-0.004,-0.001,2,0.000,0.000,-0.009,10,1.823,-0.001,1.344,-0.002,0.61,1.50,-1.927,-0.473,4.000,-35.697,-26.443,41.000
1744538888.08,-1,1.827,-0.004,-0.001,2,0.000,0.000,0.000,10,1.827,-0.001,1.349,-0.002,0.61,1.50,-1.927,-0.473,4.000,-35.697,-26.443,41.000
1744538888.10,-1,1.829,-0.004,-0.001,2,0.000,0.000,0.000,10,1.827,-0.001,1.349,-0.002,0.61,1.50,-1.927,-0.473,4.000,-35.697,-26.443,41.000
1744538888.12,-1,1.831,-0.004,-0.001,2,0.000,0.000,0.013,10,1.832,-0.001,1.353,-0.002,0.63,1.50,-1.927,-0.473,4.000,-35.697,-26.443,41.000
1744538888.12,-1,1.831,-0.004,-0.001,2,0.000,0.000,0.013,10,1.832,-0.001,1.353,-0.002,0.63,1.50,-1.927,-0.473,4.000,-35.697,-26.443,41.000
1744538888.12,-1,1.835,-0.004,-0.002,2,0.000,0.000,0.013,10,1.832,-0.002,1.353,-0.003,0.63,1.50,-1.927,-0.473,4.000,-35.697,-26.443,41.000
1744538888.12,-1,1.836,-0.004,-0.001,2,0.000,0.000,0.004,10,1.836,-0.001,1.358,-0.002,0.63,1.50,-1.927,-0.473,4.000,-35.697,-26.443,41.000
1744538888.12,-1,1.838,-0.004,-0.001,2,0.000,0.000,0.004,10,1.836,-0.001,1.358,-0.002,0.63,1.50,-1.927,-0.473,4.000,-35.697,-26.443,41.000
1744538888.13,-1,1.841,-0.004,-0.001,2,0.000,0.000,0.004,10,1.841,-0.001,1.362,-0.002,0.63,1.50,-1.927,-0.473,4.000,-35.697,-26.443,41.000
1744538888.13,-1,1.841,-0.004,-0.001,2,0.000,0.000,0.004,10,1.841,-0.001,1.362,-0.002,0.63,1.50,-1.927,-0.473,4.000,-35.697,-26.443,41.000
1744538888.14,-1,1.844,-0.004,-0.002,2,0.000,0.000,0.004,10,1.841,-0.002,1.362,-0.003,0.63,1.50,-1.927,-0.473,4.000,-35.697,-26.443,41.000
1744538888.15,-1,1.845,-0.004,-0.001,2,0.000,0.000,0.004,10,1.845,-0.001,1.367,-0.002,0.63,1.50,-1.927,-0.473,4.000,-35.697,-26.443,41.000
1744538888.17,-1,1.847,-0.004,-0.001,2,0.000,0.000,0.004,10,1.845,-0.001,1.367,-0.002,0.63,1.50,-1.927,-0.473,4.000,-35.697,-26.443,41.000
1744538888.17,-1,1.850,-0.004,-0.001,2,0.000,0.000,0.004,10,1.850,-0.001,1.371,-0.002,0.66,1.50,-1.927,-0.473,4.000,-35.697,-26.443,41.000
1744538888.17,-1,1.850,-0.004,-0.001,2,0.000,0.000,0.004,10,1.850,-0.001,1.371,-0.002,0.66,1.50,-1.927,-0.473,4.000,-35.697,-26.443,41.000
1744538888.17,-1,1.853,-0.004,-0.002,2,0.000,0.000,0.004,10,1.850,-0.002,1.371,-0.003,0.66,1.50,-1.927,-0.473,4.000,-35.697,-26.443,41.000
1744538888.18,-1,1.854,-0.004,-0.001,2,0.000,0.000,0.000,10,1.855,-0.001,1.376,-0.002,0.66,1.50,-1.927,-0.473,4.000,-35.697,-26.443,41.000
1744538888.18,-1,1.856,-0.004,-0.002,2,0.000,0.000,0.000,10,1.855,-0.002,1.376,-0.003,0.66,1.50,-1.927,-0.473,4.000,-35.697,-26.443,41.000
1744538888.18,-1,1.858,-0.004,-0.002,2,0.000,0.000,0.017,10,1.859,-0.002,1.380,-0.003,0.71,1.50,-1.927,-0.473,4.000,-35.697,-26.443,41.000
1744538888.18,-1,1.858,-0.004,-0.002,2,0.000,0.000,0.017,10,1.859,-0.002,1.380,-0.003,0.71,1.50,-1.927,-0.473,4.000,-35.697,-26.443,41.000
1744538888.22,-1,1.862,-0.004,-0.001,2,0.000,0.000,0.017,10,1.859,-0.001,1.380,-0.002,0.71,1.50,-1.927,-0.473,4.000,-35.697,-26.443,41.000
1744538888.22,-1,1.863,-0.004,-0.002,2,0.000,0.000,0.017,10,1.864,-0.002,1.385,-0.003,0.71,1.50,-1.927,-0.473,4.000,-35.697,-26.443,41.000
1744538888.22,-1,1.864,-0.004,-0.001,2,0.000,0.000,0.017,10,1.864,-0.001,1.385,-0.002,0.71,1.50,-1.927,-0.473,4.000,-35.697,-26.443,41.000
1744538888.22,-1,1.868,-0.004,-0.002,2,0.000,0.000,-0.004,10,1.868,-0.002,1.389,-0.003,0.72,1.50,-1.927,-0.473,4.000,-35.697,-26.443,41.000
1744538888.22,-1,1.868,-0.004,-0.002,2,0.000,0.000,-0.004,10,1.868,-0.002,1.389,-0.003,0.72,1.50,-1.927,-0.473,4.000,-35.697,-26.443,41.000
# remark: robobot/cmd/ti/alive 2025-04-13 12:07:52.918866
1744538888.23,-1,1.871,-0.004,-0.001,2,0.000,0.000,-0.004,10,1.868,-0.001,1.389,-0.002,0.72,1.50,-1.927,-0.473,4.000,-35.697,-26.443,41.000
1744538888.23,-1,1.872,-0.004,-0.002,2,0.000,0.000,-0.035,10,1.872,-0.002,1.394,-0.003,0.72,1.50,-1.927,-0.473,4.000,-35.697,-26.443,41.000
1744538888.25,-1,1.874,-0.004,-0.001,2,0.000,0.000,-0.035,10,1.872,-0.001,1.394,-0.002,0.72,1.50,-1.927,-0.473,4.000,-35.697,-26.443,41.000
1744538888.27,-1,1.877,-0.004,-0.002,2,0.000,0.000,0.009,10,1.877,-0.002,1.398,-0.003,0.72,1.50,-1.927,-0.473,4.000,-35.697,-26.443,41.000
1744538888.27,-1,1.877,-0.004,-0.002,2,0.000,0.000,0.009,10,1.877,-0.002,1.398,-0.003,0.72,1.50,-1.927,-0.473,4.000,-35.697,-26.443,41.000
1744538888.27,-1,1.880,-0.004,-0.002,2,0.000,0.000,0.009,10,1.877,-0.002,1.398,-0.003,0.72,1.50,-1.927,-0.473,4.000,-35.697,-26.443,41.000
1744538888.27,-1,1.881,-0.004,-0.002,2,0.000,0.000,0.026,10,1.881,-0.002,1.403,-0.003,0.72,1.50,-1.927,-0.473,4.000,-35.697,-26.443,41.000
1744538888.27,-1,1.882,-0.004,-0.002,2,0.000,0.000,0.026,10,1.881,-0.002,1.403,-0.003,0.72,1.50,-1.927,-0.473,4.000,-35.697,-26.443,41.000
1744538888.29,-1,1.885,-0.004,-0.001,2,0.000,0.000,-0.013,10,1.886,-0.001,1.407,-0.002,0.75,1.50,-1.927,-0.473,4.000,-35.697,-26.443,41.000
1744538888.29,-1,1.885,-0.004,-0.001,2,0.000,0.000,-0.013,10,1.886,-0.001,1.407,-0.002,0.75,1.50,-1.927,-0.473,4.000,-35.697,-26.443,41.000
1744538888.30,-1,1.888,-0.004,-0.001,2,0.000,0.000,-0.013,10,1.886,-0.001,1.407,-0.002,0.75,1.50,-1.927,-0.473,4.000,-35.697,-26.443,41.000
1744538888.30,-1,1.890,-0.004,-0.002,2,0.000,0.000,-0.013,10,1.890,-0.002,1.412,-0.003,0.75,1.50,-1.927,-0.473,4.000,-35.697,-26.443,41.000
1744538888.31,-1,1.891,-0.004,-0.001,2,0.000,0.000,-0.013,10,1.890,-0.001,1.412,-0.002,0.75,1.50,-1.927,-0.473,4.000,-35.697,-26.443,41.000
1744538888.31,-1,1.894,-0.004,-0.001,2,0.000,0.000,0.017,10,1.895,-0.001,1.416,-0.002,0.74,1.50,-1.927,-0.473,4.000,-35.697,-26.443,41.000
1744538888.31,-1,1.894,-0.004,-0.001,2,0.000,0.000,0.017,10,1.895,-0.001,1.416,-0.002,0.74,1.50,-1.927,-0.473,4.000,-35.697,-26.443,41.000
1744538888.31,-1,1.897,-0.004,-0.002,2,0.000,0.000,0.017,10,1.895,-0.002,1.416,-0.003,0.74,1.50,-1.927,-0.473,4.000,-35.697,-26.443,41.000
1744538888.31,-1,1.899,-0.004,-0.001,2,0.000,0.000,-0.022,10,1.899,-0.001,1.420,-0.002,0.74,1.50,-1.927,-0.473,4.000,-35.697,-26.443,41.000
1744538888.35,-1,1.900,-0.004,-0.002,2,0.000,0.000,-0.022,10,1.899,-0.002,1.420,-0.003,0.74,1.50,-1.927,-0.473,4.000,-35.697,-26.443,41.000
1744538888.35,-1,1.903,-0.004,-0.001,2,0.000,0.000,0.000,10,1.904,-0.001,1.425,-0.002,0.75,1.50,-1.927,-0.473,4.000,-35.697,-26.443,41.000
1744538888.35,-1,1.903,-0.004,-0.001,2,0.000,0.000,0.000,10,1.904,-0.001,1.425,-0.002,0.75,1.50,-1.927,-0.473,4.000,-35.697,-26.443,41.000
1744538888.35,-1,1.906,-0.004,-0.001,2,0.000,0.000,0.000,10,1.904,-0.001,1.425,-0.002,0.75,1.50,-1.927,-0.473,4.000,-35.697,-26.443,41.000
1744538888.36,-1,1.908,-0.004,-0.002,2,0.000,0.000,-0.004,10,1.908,-0.002,1.429,-0.003,0.75,1.50,-1.927,-0.473,4.000,-35.697,-26.443,41.000
1744538888.36,-1,1.909,-0.004,-0.001,2,0.000,0.000,-0.004,10,1.908,-0.001,1.429,-0.002,0.75,1.50,-1.927,-0.473,4.000,-35.697,-26.443,41.000
1744538888.36,-1,1.912,-0.004,-0.002,2,0.000,0.000,0.022,10,1.913,-0.002,1.434,-0.003,0.77,1.50,-1.927,-0.473,4.000,-35.697,-26.443,41.000
1744538888.36,-1,1.912,-0.004,-0.002,2,0.000,0.000,0.022,10,1.913,-0.002,1.434,-0.003,0.77,1.50,-1.927,-0.473,4.000,-35.697,-26.443,41.000
1744538888.40,-1,1.915,-0.004,-0.002,2,0.000,0.000,0.022,10,1.913,-0.002,1.434,-0.003,0.77,1.50,-1.927,-0.473,4.000,-35.697,-26.443,41.000
1744538888.40,-1,1.917,-0.004,-0.002,2,0.000,0.000,-0.017,10,1.917,-0.002,1.438,-0.003,0.77,1.50,-1.927,-0.473,4.000,-35.697,-26.443,41.000
1744538888.40,-1,1.918,-0.004,-0.002,2,0.000,0.000,-0.017,10,1.917,-0.002,1.438,-0.003,0.77,1.50,-1.927,-0.473,4.000,-35.697,-26.443,41.000
1744538888.40,-1,1.921,-0.004,-0.001,2,0.000,0.000,0.004,10,1.922,-0.001,1.443,-0.002,0.73,1.50,-1.927,-0.473,4.000,-35.697,-26.443,41.000
1744538888.40,-1,1.921,-0.004,-0.001,2,0.000,0.000,0.004,10,1.922,-0.001,1.443,-0.002,0.73,1.50,-1.927,-0.473,4.000,-35.697,-26.443,41.000
1744538888.42,-1,1.924,-0.004,-0.001,2,0.000,0.000,0.004,10,1.922,-0.001,1.443,-0.002,0.73,1.50,-1.927,-0.473,4.000,-35.697,-26.443,41.000
1744538888.42,-1,1.926,-0.004,-0.001,2,0.000,0.000,-0.009,10,1.926,-0.001,1.447,-0.002,0.73,1.50,-1.927,-0.473,4.000,-35.697,-26.443,41.000
1744538888.42,-1,1.927,-0.004,-0.001,2,0.000,0.000,-0.009,10,1.926,-0.001,1.447,-0.002,0.73,1.50,-1.927,-0.473,4.000,-35.697,-26.443,41.000
# remark: robobot/cmd/ti/rc 0.0 0.0
1744538888.45,-1,1.930,-0.004,-0.001,2,0.000,0.000,-0.004,10,1.931,-0.001,1.452,-0.002,0.66,1.50,-1.927,-0.473,4.000,-35.697,-26.443,41.000
1744538888.45,-1,1.930,-0.004,-0.001,2,0.000,0.000,-0.004,10,1.931,-0.001,1.452,-0.002,0.66,1.50,-1.927,-0.473,4.000,-35.697,-26.443,41.000
1744538888.45,-1,1.933,-0.004,-0.002,2,0.000,0.000,-0.004,10,1.931,-0.002,1.452,-0.003,0.66,1.50,-1.927,-0.473,4.000,-35.697,-26.443,41.000
1744538888.45,-1,1.935,-0.004,-0.001,2,0.000,0.000,-0.009,10,1.935,-0.001,1.456,-0.002,0.66,1.50,-1.927,-0.473,4.000,-35.697,-26.443,41.000
1744538888.45,-1,1.936,-0.004,-0.002,2,0.000,0.000,-0.009,10,1.935,-0.002,1.456,-0.003,0.66,1.50,-1.927,-0.473,4.000,-35.697,-26.443,41.000
1744538888.48,-1,1.938,-0.004,-0.001,2,0.000,0.000,-0.017,10,1.939,-0.001,1.460,-0.002,0.66,1.50,-1.927,-0.473,4.000,-35.697,-26.443,41.000
1744538888.48,-1,1.938,-0.004,-0.001,2,0.000,0.000,-0.017,10,1.939,-0.001,1.460,-0.002,0.66,1.50,-1.927,-0.473,4.000,-35.697,-26.443,41.000
1744538888.48,-1,1.938,-0.004,-0.001,2,0.000,0.000,-0.017,10,1.939,-0.001,1.460,-0.002,0.66,1.50,-1.927,-0.473,4.000,-35.697,-26.443,41.000
1744538888.48,-1,1.939,-0.004,-0.002,2,0.000,0.000,-0.009,10,1.940,-0.002,1.462,-0.003,0.66,1.50,-1.927,-0.473,4.000,-35.697,-26.443,41.000
1744538888.49,-1,1.939,-0.004,-0.001,2,0.000,0.000,-0.009,10,1.940,-0.001,1.462,-0.002,0.66,1.50,-1.927,-0.473,4.000,-35.697,-26.443,41.000
1744538888.51,-1,1.942,-0.004,-0.001,2,0.000,0.000,-0.013,10,1.942,-0.001,1.464,-0.002,0.68,1.50,-1.927,-0.473,4.000,-35.697,-26.443,41.000
1744538888.51,-1,1.942,-0.004,-0.001,2,0.000,0.000,-0.013,10,1.942,-0.001,1.464,-0.002,0.68,1.50,-1.927,-0.473,4.000,-35.697,-26.443,41.000
1744538888.51,-1,1.943,-0.004,-0.001,2,0.000,0.000,-0.013,10,1.942,-0.001,1.464,-0.002,0.68,1.50,-1.927,-0.473,4.000,-35.697,-26.443,41.000
1744538888.51,-1,1.943,-0.004,-0.001,2,0.000,0.000,0.022,10,1.945,-0.001,1.467,-0.002,0.68,1.50,-1.927,-0.473,4.000,-35.697,-26.443,41.000
1744538888.53,-1,1.944,-0.004,-0.001,2,0.000,0.000,0.022,10,1.945,-0.001,1.467,-0.002,0.68,1.50,-1.927,-0.473,4.000,-35.697,-26.443,41.000
1744538888.53,-1,1.944,-0.004,-0.001,2,0.000,0.000,-0.009,10,1.947,-0.001,1.468,-0.002,0.62,1.50,-1.927,-0.473,4.000,-35.697,-26.443,41.000
1744538888.53,-1,1.944,-0.004,-0.001,2,0.000,0.000,-0.009,10,1.947,-0.001,1.468,-0.002,0.62,1.50,-1.927,-0.473,4.000,-35.697,-26.443,41.000
1744538888.53,-1,1.945,-0.004,-0.001,2,0.000,0.000,-0.009,10,1.947,-0.001,1.468,-0.002,0.62,1.50,-1.927,-0.473,4.000,-35.697,-26.443,41.000
1744538888.53,-1,1.945,-0.004,-0.001,2,0.000,0.000,0.004,10,1.947,-0.001,1.469,-0.002,0.62,1.50,-1.927,-0.473,4.000,-35.697,-26.443,41.000
1744538888.56,-1,1.945,-0.004,-0.001,2,0.000,0.000,0.004,10,1.947,-0.001,1.469,-0.002,0.62,1.50,-1.927,-0.473,4.000,-35.697,-26.443,41.000
1744538888.56,-1,1.945,-0.004,-0.001,2,0.000,0.000,-0.004,10,1.948,-0.001,1.470,-0.002,0.66,1.50,-1.927,-0.473,4.000,-35.697,-26.443,41.000
1744538888.56,-1,1.945,-0.004,-0.001,2,0.000,0.000,-0.004,10,1.948,-0.001,1.470,-0.002,0.66,1.50,-1.927,-0.473,4.000,-35.697,-26.443,41.000
1744538888.56,-1,1.945,-0.004,-0.002,2,0.000,0.000,-0.004,10,1.948,-0.002,1.470,-0.003,0.66,1.50,-1.927,-0.473,4.000,-35.697,-26.443,41.000
1744538888.58,-1,1.945,-0.004,-0.002,2,0.000,0.000,-0.539,10,1.948,-0.002,1.469,-0.003,0.66,1.50,-1.927,-0.473,4.000,-35.697,-26.443,41.000
1744538888.58,-1,1.945,-0.004,-0.002,2,0.000,0.000,-0.539,10,1.948,-0.002,1.469,-0.003,0.66,1.50,-1.927,-0.473,4.000,-35.697,-26.443,41.000
1744538888.58,-1,1.945,-0.004,-0.005,2,0.000,0.000,-0.104,10,1.948,-0.005,1.469,-0.006,0.64,1.50,-1.927,-0.473,4.000,-35.697,-26.443,41.000
1744538888.58,-1,1.945,-0.004,-0.005,2,0.000,0.000,-0.104,10,1.948,-0.005,1.469,-0.006,0.64,1.50,-1.927,-0.473,4.000,-35.697,-26.443,41.000
1744538888.58,-1,1.945,-0.004,-0.006,2,0.000,0.000,-0.104,10,1.948,-0.006,1.469,-0.007,0.64,1.50,-1.927,-0.473,4.000,-35.697,-26.443,41.000
1744538888.61,-1,1.945,-0.004,-0.006,2,0.000,0.000,0.039,10,1.948,-0.006,1.470,-0.007,0.64,1.50,-1.927,-0.473,4.000,-35.697,-26.443,41.000
1744538888.61,-1,1.945,-0.004,-0.006,2,0.000,0.000,0.039,10,1.948,-0.006,1.470,-0.007,0.64,1.50,-1.927,-0.473,4.000,-35.697,-26.443,41.000
1744538888.61,-1,1.945,-0.004,-0.006,2,0.000,0.000,0.061,10,1.948,-0.006,1.470,-0.007,0.62,1.50,-1.927,-0.473,4.000,-35.697,-26.443,41.000
1744538888.61,-1,1.945,-0.004,-0.006,2,0.000,0.000,0.061,10,1.948,-0.006,1.470,-0.007,0.62,1.50,-1.927,-0.473,4.000,-35.697,-26.443,41.000
1744538888.63,-1,1.945,-0.004,-0.007,2,0.000,0.000,0.061,10,1.948,-0.007,1.470,-0.008,0.62,1.50,-1.927,-0.473,4.000,-35.697,-26.443,41.000
1744538888.63,-1,1.945,-0.004,-0.007,2,0.000,0.000,0.030,10,1.949,-0.007,1.470,-0.008,0.62,1.50,-1.927,-0.473,4.000,-35.697,-26.443,41.000
1744538888.63,-1,1.945,-0.004,-0.007,2,0.000,0.000,0.030,10,1.949,-0.007,1.470,-0.008,0.62,1.50,-1.927,-0.473,4.000,-35.697,-26.443,41.000
1744538888.63,-1,1.945,-0.004,-0.008,2,0.000,0.000,0.022,10,1.949,-0.008,1.470,-0.009,0.64,1.50,-1.927,-0.473,4.000,-35.697,-26.443,41.000
1744538888.63,-1,1.945,-0.004,-0.008,2,0.000,0.000,0.022,10,1.949,-0.008,1.470,-0.009,0.64,1.50,-1.927,-0.473,4.000,-35.697,-26.443,41.000
1744538888.67,-1,1.945,-0.004,-0.007,2,0.000,0.000,0.022,10,1.949,-0.007,1.470,-0.008,0.64,1.50,-1.927,-0.473,4.000,-35.697,-26.443,41.000
1744538888.67,-1,1.945,-0.004,-0.007,2,0.000,0.000,0.009,10,1.949,-0.007,1.470,-0.008,0.64,1.50,-1.927,-0.473,4.000,-35.697,-26.443,41.000
1744538888.67,-1,1.945,-0.004,-0.007,2,0.000,0.000,0.009,10,1.949,-0.007,1.470,-0.008,0.64,1.50,-1.927,-0.473,4.000,-35.697,-26.443,41.000
1744538888.70,-1,1.944,-0.004,-0.008,2,0.000,0.000,-0.022,10,1.948,-0.008,1.470,-0.009,0.61,1.50,-1.927,-0.473,4.000,-35.697,-26.443,41.000
1744538888.70,-1,1.944,-0.004,-0.008,2,0.000,0.000,-0.022,10,1.948,-0.008,1.470,-0.009,0.61,1.50,-1.927,-0.473,4.000,-35.697,-26.443,41.000
1744538888.70,-1,1.944,-0.004,-0.007,2,0.000,0.000,-0.022,10,1.948,-0.007,1.470,-0.008,0.61,1.50,-1.927,-0.473,4.000,-35.697,-26.443,41.000
1744538888.70,-1,1.943,-0.004,-0.008,2,0.000,0.000,-0.022,10,1.948,-0.008,1.469,-0.009,0.61,1.50,-1.927,-0.473,4.000,-35.697,-26.443,41.000
1744538888.70,-1,1.943,-0.004,-0.007,2,0.000,0.000,-0.022,10,1.948,-0.007,1.469,-0.008,0.61,1.50,-1.927,-0.473,4.000,-35.697,-26.443,41.000
1744538888.70,-1,1.943,-0.004,-0.007,2,0.000,0.000,0.017,10,1.947,-0.007,1.468,-0.008,0.62,1.50,-1.927,-0.473,4.000,-35.697,-26.443,41.000
1744538888.70,-1,1.943,-0.004,-0.007,2,0.000,0.000,0.017,10,1.947,-0.007,1.468,-0.008,0.62,1.50,-1.927,-0.473,4.000,-35.697,-26.443,41.000
1744538888.72,-1,1.942,-0.004,-0.009,2,0.000,0.000,0.017,10,1.947,-0.009,1.468,-0.010,0.62,1.50,-1.927,-0.473,4.000,-35.697,-26.443,41.000
1744538888.72,-1,1.942,-0.004,-0.008,2,0.000,0.000,0.013,10,1.946,-0.008,1.468,-0.009,0.62,1.50,-1.927,-0.473,4.000,-35.697,-26.443,41.000
1744538888.72,-1,1.942,-0.004,-0.009,2,0.000,0.000,0.013,10,1.946,-0.009,1.468,-0.010,0.62,1.50,-1.927,-0.473,4.000,-35.697,-26.443,41.000
1744538888.75,-1,1.942,-0.004,-0.008,2,0.000,0.000,0.022,10,1.946,-0.008,1.467,-0.009,0.63,1.50,-1.927,-0.473,4.000,-35.697,-26.443,41.000
1744538888.75,-1,1.942,-0.004,-0.008,2,0.000,0.000,0.022,10,1.946,-0.008,1.467,-0.009,0.63,1.50,-1.927,-0.473,4.000,-35.697,-26.443,41.000
1744538888.75,-1,1.942,-0.004,-0.008,2,0.000,0.000,0.022,10,1.946,-0.008,1.467,-0.009,0.63,1.50,-1.927,-0.473,4.000,-35.697,-26.443,41.000
1744538888.75,-1,1.942,-0.004,-0.008,2,0.000,0.000,0.017,10,1.945,-0.008,1.466,-0.009,0.63,1.50,-1.927,-0.473,4.000,-35.697,-26.443,41.000
1744538888.75,-1,1.942,-0.004,-0.008,2,0.000,0.000,0.017,10,1.945,-0.008,1.466,-0.009,0.63,1.50,-1.927,-0.473,4.000,-35.697,-26.443,41.000
1744538888.76,-1,1.942,-0.004,-0.008,2,0.000,0.000,0.004,10,1.945,-0.008,1.466,-0.009,0.61,1.50,-1.927,-0.473,4.000,-35.697,-26.443,41.000
1744538888.76,-1,1.942,-0.004,-0.008,2,0.000,0.000,0.004,10,1.945,-0.008,1.466,-0.009,0.61,1.50,-1.927,-0.473,4.000,-35.697,-26.443,41.000
1744538888.78,-1,1.942,-0.004,-0.008,2,0.000,0.000,0.004,10,1.945,-0.008,1.466,-0.009,0.61,1.50,-1.927,-0.473,4.000,-35.697,-26.443,41.000
1744538888.78,-1,1.942,-0.004,-0.008,2,0.000,0.000,0.009,10,1.944,-0.008,1.466,-0.009,0.61,1.50,-1.927,-0.473,4.000,-35.697,-26.443,41.000
1744538888.80,-1,1.942,-0.004,-0.008,2,0.000,0.000,0.009,10,1.944,-0.008,1.466,-0.009,0.61,1.50,-1.927,-0.473,4.000,-35.697,-26.443,41.000
1744538888.80,-1,1.942,-0.004,-0.008,2,0.000,0.000,-0.009,10,1.944,-0.008,1.466,-0.009,0.61,1.50,-1.927,-0.473,4.000,-35.697,-26.443,41.000
1744538888.80,-1,1.942,-0.004,-0.008,2,0.000,0.000,-0.009,10,1.944,-0.008,1.466,-0.009,0.61,1.50,-1.927,-0.473,4.000,-35.697,-26.443,41.000
1744538888.80,-1,1.942,-0.004,-0.008,2,0.000,0.000,-0.009,10,1.944,-0.008,1.466,-0.009,0.61,1.50,-1.927,-0.473,4.000,-35.697,-26.443,41.000
1744538888.80,-1,1.942,-0.004,-0.008,2,0.000,0.000,0.004,10,1.944,-0.008,1.465,-0.009,0.61,1.50,-1.927,-0.473,4.000,-35.697,-26.443,41.000
# remark: robobot/cmd/ti/alive 2025-04-13 12:07:52.918866
1744538888.81,-1,1.942,-0.004,-0.008,2,0.000,0.000,0.004,10,1.944,-0.008,1.465,-0.009,0.61,1.50,-1.927,-0.473,4.000,-35.697,-26.443,41.000
1744538888.83,-1,1.942,-0.004,-0.008,2,0.000,0.000,0.000,10,1.944,-0.008,1.465,-0.009,0.61,1.44,-1.927,-0.473,4.000,-35.697,-26.443,41.000
1744538888.83,-1,1.942,-0.004,-0.008,2,0.000,0.000,0.000,10,1.944,-0.008,1.465,-0.009,0.61,1.44,-1.927,-0.473,4.000,-35.697,-26.443,41.000
1744538888.83,-1,1.942,-0.004,-0.008,2,0.000,0.000,0.000,10,1.944,-0.008,1.465,-0.009,0.61,1.44,-1.927,-0.473,4.000,-35.697,-26.443,41.000
1744538888.85,-1,1.942,-0.004,-0.008,2,0.000,0.000,0.000,10,1.944,-0.008,1.465,-0.009,0.61,1.44,-1.927,-0.473,4.000,-35.697,-26.443,41.000
1744538888.85,-1,1.942,-0.004,-0.008,2,0.000,0.000,0.000,10,1.944,-0.008,1.465,-0.009,0.61,1.44,-1.927,-0.473,4.000,-35.697,-26.443,41.000
1744538888.85,-1,1.942,-0.004,-0.008,2,0.000,0.000,0.000,10,1.944,-0.008,1.465,-0.009,0.61,1.43,-1.927,-0.473,4.000,-35.697,-26.443,41.000
1744538888.85,-1,1.942,-0.004,-0.008,2,0.000,0.000,0.000,10,1.944,-0.008,1.465,-0.009,0.61,1.43,-1.927,-0.473,4.000,-35.697,-26.443,41.000
1744538888.86,-1,1.942,-0.004,-0.008,2,0.000,0.000,0.000,10,1.944,-0.008,1.465,-0.009,0.61,1.43,-1.927,-0.473,4.000,-35.697,-26.443,41.000
1744538888.86,-1,1.942,-0.004,-0.008,2,0.000,0.000,-0.004,10,1.943,-0.008,1.465,-0.009,0.61,1.43,-1.927,-0.473,4.000,-35.697,-26.443,41.000
1744538888.86,-1,1.942,-0.004,-0.008,2,0.000,0.000,-0.004,10,1.943,-0.008,1.465,-0.009,0.61,1.43,-1.927,-0.473,4.000,-35.697,-26.443,41.000
1744538888.90,-1,1.942,-0.004,-0.008,2,0.000,0.000,0.000,10,1.943,-0.008,1.465,-0.009,0.61,1.43,-1.927,-0.473,4.000,-35.697,-26.443,41.000
1744538888.90,-1,1.942,-0.004,-0.008,2,0.000,0.000,0.000,10,1.943,-0.008,1.465,-0.009,0.61,1.43,-1.927,-0.473,4.000,-35.697,-26.443,41.000
1744538888.90,-1,1.942,-0.004,-0.008,2,0.000,0.000,0.000,10,1.943,-0.008,1.465,-0.009,0.61,1.43,-1.927,-0.473,4.000,-35.697,-26.443,41.000
1744538888.90,-1,1.942,-0.004,-0.009,2,0.000,0.000,0.004,10,1.943,-0.009,1.465,-0.010,0.61,1.43,-1.927,-0.473,4.000,-35.697,-26.443,41.000
1744538888.90,-1,1.942,-0.004,-0.009,2,0.000,0.000,0.004,10,1.943,-0.009,1.465,-0.010,0.61,1.43,-1.927,-0.473,4.000,-35.697,-26.443,41.000
1744538888.93,-1,1.942,-0.004,-0.009,2,0.000,0.000,0.013,10,1.943,-0.009,1.465,-0.010,0.64,1.41,-1.927,-0.473,4.000,-35.697,-26.443,41.000
1744538888.93,-1,1.942,-0.004,-0.009,2,0.000,0.000,0.013,10,1.943,-0.009,1.465,-0.010,0.64,1.41,-1.927,-0.473,4.000,-35.697,-26.443,41.000
1744538888.93,-1,1.942,-0.004,-0.010,2,0.000,0.000,0.013,10,1.943,-0.010,1.465,-0.012,0.64,1.41,-1.927,-0.473,4.000,-35.697,-26.443,41.000
1744538888.93,-1,1.942,-0.004,-0.010,2,0.000,0.000,0.013,10,1.943,-0.010,1.465,-0.012,0.64,1.41,-1.927,-0.473,4.000,-35.697,-26.443,41.000
1744538888.93,-1,1.942,-0.004,-0.010,2,0.000,0.000,0.013,10,1.943,-0.010,1.465,-0.012,0.64,1.41,-1.927,-0.473,4.000,-35.697,-26.443,41.000
1744538888.95,-1,1.942,-0.004,-0.013,2,0.000,0.000,0.026,10,1.943,-0.013,1.464,-0.014,0.64,1.50,-1.927,-0.473,4.000,-35.697,-26.443,41.000
1744538888.95,-1,1.942,-0.004,-0.013,2,0.000,0.000,0.026,10,1.943,-0.013,1.464,-0.014,0.64,1.50,-1.927,-0.473,4.000,-35.697,-26.443,41.000
1744538888.95,-1,1.943,-0.004,-0.015,2,0.000,0.000,0.026,10,1.943,-0.015,1.464,-0.016,0.64,1.50,-1.927,-0.473,4.000,-35.697,-26.443,41.000
1744538888.95,-1,1.943,-0.004,-0.016,2,0.000,0.000,0.091,10,1.943,-0.016,1.465,-0.017,0.64,1.50,-1.927,-0.473,4.000,-35.697,-26.443,41.000
1744538888.98,-1,1.943,-0.004,-0.016,2,0.000,0.000,0.091,10,1.943,-0.016,1.465,-0.017,0.64,1.50,-1.927,-0.473,4.000,-35.697,-26.443,41.000
1744538888.98,-1,1.943,-0.004,-0.015,2,0.000,0.000,0.100,10,1.943,-0.015,1.465,-0.016,0.59,1.50,-1.927,-0.473,4.000,-35.697,-26.443,41.000
1744538888.98,-1,1.943,-0.004,-0.015,2,0.000,0.000,0.100,10,1.943,-0.015,1.465,-0.016,0.59,1.50,-1.927,-0.473,4.000,-35.697,-26.443,41.000
1744538888.98,-1,1.943,-0.004,-0.015,2,0.000,0.000,0.100,10,1.943,-0.015,1.465,-0.016,0.59,1.50,-1.927,-0.473,4.000,-35.697,-26.443,41.000
1744538889.00,-1,1.943,-0.004,-0.015,2,0.000,0.000,0.096,10,1.943,-0.015,1.465,-0.016,0.59,1.50,-1.927,-0.473,4.000,-35.697,-26.443,41.000
1744538889.01,-1,1.943,-0.004,-0.015,2,0.000,0.000,0.096,10,1.943,-0.015,1.465,-0.016,0.59,1.50,-1.927,-0.473,4.000,-35.697,-26.443,41.000
1744538889.01,-1,1.943,-0.004,-0.015,2,0.000,0.000,0.091,10,1.944,-0.015,1.465,-0.016,0.60,1.50,-1.927,-0.473,4.000,-35.697,-26.443,41.000
1744538889.01,-1,1.943,-0.004,-0.015,2,0.000,0.000,0.091,10,1.944,-0.015,1.465,-0.016,0.60,1.50,-1.927,-0.473,4.000,-35.697,-26.443,41.000
1744538889.03,-1,1.943,-0.004,-0.015,2,0.000,0.000,0.091,10,1.944,-0.015,1.465,-0.016,0.60,1.50,-1.927,-0.473,4.000,-35.697,-26.443,41.000
1744538889.03,-1,1.943,-0.004,-0.015,2,0.000,0.000,0.078,10,1.944,-0.015,1.465,-0.016,0.60,1.50,-1.927,-0.473,4.000,-35.697,-26.443,41.000
1744538889.03,-1,1.943,-0.004,-0.015,2,0.000,0.000,0.078,10,1.944,-0.015,1.465,-0.016,0.60,1.50,-1.927,-0.473,4.000,-35.697,-26.443,41.000
1744538889.03,-1,1.943,-0.004,-0.015,2,0.000,0.000,0.070,10,1.944,-0.015,1.465,-0.016,0.76,1.50,-1.927,-0.473,4.000,-35.697,-26.443,41.000
1744538889.03,-1,1.943,-0.004,-0.015,2,0.000,0.000,0.070,10,1.944,-0.015,1.465,-0.016,0.76,1.50,-1.927,-0.473,4.000,-35.697,-26.443,41.000
1744538889.07,-1,1.943,-0.004,-0.015,2,0.000,0.000,0.070,10,1.944,-0.015,1.465,-0.016,0.76,1.50,-1.927,-0.473,4.000,-35.697,-26.443,41.000
1744538889.07,-1,1.943,-0.004,-0.015,2,0.000,0.000,0.057,10,1.944,-0.015,1.465,-0.016,0.76,1.50,-1.927,-0.473,4.000,-35.697,-26.443,41.000
1744538889.07,-1,1.943,-0.004,-0.015,2,0.000,0.000,0.057,10,1.944,-0.015,1.465,-0.016,0.76,1.50,-1.927,-0.473,4.000,-35.697,-26.443,41.000
1744538889.07,-1,1.943,-0.004,-0.015,2,0.000,0.000,0.035,10,1.944,-0.015,1.465,-0.016,0.68,1.50,-1.927,-0.473,4.000,-35.697,-26.443,41.000
1744538889.07,-1,1.943,-0.004,-0.015,2,0.000,0.000,0.035,10,1.944,-0.015,1.465,-0.016,0.68,1.50,-1.927,-0.473,4.000,-35.697,-26.443,41.000
1744538889.07,-1,1.943,-0.004,-0.015,2,0.000,0.000,0.035,10,1.944,-0.015,1.465,-0.016,0.68,1.50,-1.927,-0.473,4.000,-35.697,-26.443,41.000
1744538889.08,-1,1.943,-0.004,-0.015,2,0.000,0.000,0.035,10,1.944,-0.015,1.465,-0.016,0.68,1.50,-1.927,-0.473,4.000,-35.697,-26.443,41.000
1744538889.08,-1,1.943,-0.004,-0.015,2,0.000,0.000,0.035,10,1.944,-0.015,1.465,-0.016,0.68,1.50,-1.927,-0.473,4.000,-35.697,-26.443,41.000
1744538889.10,-1,1.943,-0.004,-0.015,2,0.000,0.000,0.035,10,1.944,-0.015,1.465,-0.016,0.65,1.50,-1.927,-0.473,4.000,-35.697,-26.443,41.000
1744538889.10,-1,1.943,-0.004,-0.015,2,0.000,0.000,0.035,10,1.944,-0.015,1.465,-0.016,0.65,1.50,-1.927,-0.473,4.000,-35.697,-26.443,41.000
1744538889.10,-1,1.943,-0.004,-0.015,2,0.000,0.000,0.035,10,1.944,-0.015,1.465,-0.016,0.65,1.50,-1.927,-0.473,4.000,-35.697,-26.443,41.000
1744538889.10,-1,1.943,-0.004,-0.015,2,0.000,0.000,0.035,10,1.944,-0.015,1.465,-0.016,0.65,1.50,-1.927,-0.473,4.000,-35.697,-26.443,41.000
1744538889.13,-1,1.943,-0.004,-0.015,2,0.000,0.000,0.035,10,1.944,-0.015,1.465,-0.016,0.65,1.50,-1.927,-0.473,4.000,-35.697,-26.443,41.000
1744538889.13,-1,1.943,-0.004,-0.015,2,0.000,0.000,0.035,10,1.944,-0.015,1.465,-0.016,0.63,1.50,-1.927,-0.473,4.000,-35.697,-26.443,41.000
1744538889.13,-1,1.943,-0.004,-0.015,2,0.000,0.000,0.035,10,1.944,-0.015,1.465,-0.016,0.63,1.50,-1.927,-0.473,4.000,-35.697,-26.443,41.000
1744538889.13,-1,1.943,-0.004,-0.015,2,0.000,0.000,0.035,10,1.944,-0.015,1.465,-0.016,0.63,1.50,-1.927,-0.473,4.000,-35.697,-26.443,41.000
1744538889.14,-1,1.943,-0.004,-0.015,2,0.000,0.000,0.035,10,1.944,-0.015,1.465,-0.016,0.63,1.50,-1.927,-0.473,4.000,-35.697,-26.443,41.000
1744538889.16,-1,1.943,-0.004,-0.015,2,0.000,0.000,0.035,10,1.944,-0.015,1.465,-0.016,0.63,1.50,-1.927,-0.473,4.000,-35.697,-26.443,41.000
1744538889.16,-1,1.943,-0.004,-0.015,2,0.000,0.000,0.030,10,1.944,-0.015,1.465,-0.016,0.60,1.50,-1.927,-0.473,4.000,-35.697,-26.443,41.000
1744538889.16,-1,1.943,-0.004,-0.015,2,0.000,0.000,0.030,10,1.944,-0.015,1.465,-0.016,0.60,1.50,-1.927,-0.473,4.000,-35.697,-26.443,41.000
1744538889.16,-1,1.943,-0.004,-0.015,2,0.000,0.000,0.030,10,1.944,-0.015,1.465,-0.016,0.60,1.50,-1.927,-0.473,4.000,-35.697,-26.443,41.000
1744538889.18,-1,1.943,-0.004,-0.015,2,0.000,0.000,0.026,10,1.944,-0.015,1.465,-0.016,0.60,1.50,-1.927,-0.473,4.000,-35.697,-26.443,41.000
1744538889.18,-1,1.943,-0.004,-0.015,2,0.000,0.000,0.026,10,1.944,-0.015,1.465,-0.016,0.60,1.50,-1.927,-0.473,4.000,-35.697,-26.443,41.000
1744538889.18,-1,1.943,-0.004,-0.015,2,0.000,0.000,0.026,10,1.944,-0.015,1.465,-0.016,0.63,1.50,-1.927,-0.473,4.000,-35.697,-26.443,41.000
1744538889.18,-1,1.943,-0.004,-0.015,2,0.000,0.000,0.026,10,1.944,-0.015,1.465,-0.016,0.63,1.50,-1.927,-0.473,4.000,-35.697,-26.443,41.000
1744538889.18,-1,1.943,-0.004,-0.015,2,0.000,0.000,0.026,10,1.944,-0.015,1.465,-0.016,0.63,1.50,-1.927,-0.473,4.000,-35.697,-26.443,41.000
1744538889.21,-1,1.943,-0.004,-0.015,2,0.000,0.000,0.026,10,1.944,-0.015,1.465,-0.016,0.63,1.50,-1.927,-0.473,4.000,-35.697,-26.443,41.000
1744538889.21,-1,1.943,-0.004,-0.015,2,0.000,0.000,0.026,10,1.944,-0.015,1.465,-0.016,0.63,1.50,-1.927,-0.473,4.000,-35.697,-26.443,41.000
1744538889.21,-1,1.943,-0.004,-0.015,2,0.000,0.000,0.022,10,1.944,-0.015,1.465,-0.016,0.62,1.50,-1.927,-0.473,4.000,-35.697,-26.443,41.000
1744538889.21,-1,1.943,-0.004,-0.015,2,0.000,0.000,0.022,10,1.944,-0.015,1.465,-0.016,0.62,1.50,-1.927,-0.473,4.000,-35.697,-26.443,41.000
1744538889.24,-1,1.943,-0.004,-0.015,2,0.000,0.000,0.022,10,1.944,-0.015,1.465,-0.016,0.62,1.50,-1.927,-0.473,4.000,-35.697,-26.443,41.000
1744538889.24,-1,1.943,-0.004,-0.015,2,0.000,0.000,0.017,10,1.944,-0.015,1.465,-0.016,0.62,1.50,-1.927,-0.473,4.000,-35.697,-26.443,41.000
1744538889.24,-1,1.943,-0.004,-0.015,2,0.000,0.000,0.017,10,1.944,-0.015,1.465,-0.016,0.62,1.50,-1.927,-0.473,4.000,-35.697,-26.443,41.000
1744538889.24,-1,1.943,-0.004,-0.015,2,0.000,0.000,0.013,10,1.944,-0.015,1.465,-0.016,0.64,1.50,-1.927,-0.473,4.000,-35.697,-26.443,41.000
1744538889.24,-1,1.943,-0.004,-0.015,2,0.000,0.000,0.013,10,1.944,-0.015,1.465,-0.016,0.64,1.50,-1.927,-0.473,4.000,-35.697,-26.443,41.000
1744538889.27,-1,1.943,-0.004,-0.015,2,0.000,0.000,0.013,10,1.944,-0.015,1.465,-0.016,0.64,1.50,-1.927,-0.473,4.000,-35.697,-26.443,41.000
1744538889.27,-1,1.943,-0.004,-0.015,2,0.000,0.000,0.013,10,1.944,-0.015,1.465,-0.016,0.64,1.50,-1.927,-0.473,4.000,-35.697,-26.443,41.000
1744538889.27,-1,1.943,-0.004,-0.015,2,0.000,0.000,0.013,10,1.944,-0.015,1.465,-0.016,0.64,1.50,-1.927,-0.473,4.000,-35.697,-26.443,41.000
1744538889.27,-1,1.943,-0.004,-0.015,2,0.000,0.000,0.013,10,1.944,-0.015,1.465,-0.016,0.67,1.50,-1.927,-0.473,4.000,-35.697,-26.443,41.000
1744538889.27,-1,1.943,-0.004,-0.015,2,0.000,0.000,0.013,10,1.944,-0.015,1.465,-0.016,0.67,1.50,-1.927,-0.473,4.000,-35.697,-26.443,41.000
1744538889.28,-1,1.943,-0.004,-0.015,2,0.000,0.000,0.013,10,1.944,-0.015,1.465,-0.016,0.67,1.50,-1.927,-0.473,4.000,-35.697,-26.443,41.000
1744538889.30,-1,1.943,-0.004,-0.015,2,0.000,0.000,0.004,10,1.944,-0.015,1.465,-0.016,0.67,1.50,-1.927,-0.473,4.000,-35.697,-26.443,41.000
1744538889.30,-1,1.943,-0.004,-0.015,2,0.000,0.000,0.004,10,1.944,-0.015,1.465,-0.016,0.67,1.50,-1.927,-0.473,4.000,-35.697,-26.443,41.000
1744538889.32,-1,1.943,-0.004,-0.015,2,0.000,0.000,0.004,10,1.944,-0.015,1.465,-0.016,0.64,1.50,-1.927,-0.473,4.000,-35.697,-26.443,41.000
1744538889.32,-1,1.943,-0.004,-0.015,2,0.000,0.000,0.004,10,1.944,-0.015,1.465,-0.016,0.64,1.50,-1.927,-0.473,4.000,-35.697,-26.443,41.000
1744538889.32,-1,1.943,-0.004,-0.015,2,0.000,0.000,0.004,10,1.944,-0.015,1.465,-0.016,0.64,1.50,-1.927,-0.473,4.000,-35.697,-26.443,41.000
1744538889.32,-1,1.943,-0.004,-0.015,2,0.000,0.000,0.004,10,1.944,-0.015,1.465,-0.016,0.64,1.50,-1.927,-0.473,4.000,-35.697,-26.443,41.000
1744538889.32,-1,1.943,-0.004,-0.015,2,0.000,0.000,0.004,10,1.944,-0.015,1.465,-0.016,0.64,1.50,-1.927,-0.473,4.000,-35.697,-26.443,41.000
1744538889.33,-1,1.943,-0.004,-0.015,2,0.000,0.000,0.004,10,1.944,-0.015,1.465,-0.016,0.64,1.50,-1.927,-0.473,4.000,-35.697,-26.443,41.000
1744538889.33,-1,1.943,-0.004,-0.015,2,0.000,0.000,0.004,10,1.944,-0.015,1.465,-0.016,0.64,1.50,-1.927,-0.473,4.000,-35.697,-26.443,41.000
1744538889.35,-1,1.943,-0.004,-0.015,2,0.000,0.000,0.004,10,1.944,-0.015,1.465,-0.016,0.64,1.50,-1.927,-0.473,4.000,-35.697,-26.443,41.000
1744538889.35,-1,1.943,-0.004,-0.015,2,0.000,0.000,0.004,10,1.944,-0.015,1.465,-0.016,0.64,1.50,-1.927,-0.473,4.000,-35.697,-26.443,41.000
# remark: robobot/cmd/ti/rc 0.0 0.0
# remark: robobot/cmd/T0/leds 16 0 0 0
# remark: robobot/cmd/ti/alive 2025-04-13 12:07:52.918866
1744538889.38,-1,1.943,-0.004,-0.015,2,0.000,0.000,0.004,10,1.944,-0.015,1.465,-0.016,0.64,1.50,-1.927,-0.473,4.000,-35.697,-26.443,41.000
1744538889.38,-1,1.943,-0.004,-0.015,2,0.000,0.000,0.004,10,1.944,-0.015,1.465,-0.016,0.64,1.50,-1.927,-0.473,4.000,-35.697,-26.443,41.000
1744538889.38,-1,1.943,-0.004,-0.015,2,0.000,0.000,0.004,10,1.944,-0.015,1.465,-0.016,0.64,1.50,-1.927,-0.473,4.000,-35.697,-26.443,41.000
1744538889.38,-1,1.943,-0.004,-0.015,2,0.000,0.000,0.004,10,1.944,-0.015,1.465,-0.016,0.64,1.50,-1.927,-0.473,4.000,-35.697,-26.443,41.000
1744538889.38,-1,1.943,-0.004,-0.015,2,0.000,0.000,0.004,10,1.944,-0.015,1.465,-0.016,0.64,1.50,-1.927,-0.473,4.000,-35.697,-26.443,41.000
1744538889.38,-1,1.943,-0.004,-0.015,2,0.000,0.000,0.004,10,1.944,-0.015,1.465,-0.016,0.64,1.50,-1.927,-0.473,4.000,-35.697,-26.443,41.000
1744538889.40,-1,1.943,-0.004,-0.015,2,0.000,0.000,0.004,10,1.944,-0.015,1.465,-0.016,0.63,1.50,-1.927,-0.473,4.000,-35.697,-26.443,41.000
1744538889.40,-1,1.943,-0.004,-0.015,2,0.000,0.000,0.004,10,1.944,-0.015,1.465,-0.016,0.63,1.50,-1.927,-0.473,4.000,-35.697,-26.443,41.000
1744538889.40,-1,1.943,-0.004,-0.015,2,0.000,0.000,0.004,10,1.944,-0.015,1.465,-0.016,0.63,1.50,-1.927,-0.473,4.000,-35.697,-26.443,41.000
1744538889.40,-1,1.943,-0.004,-0.015,2,0.000,0.000,0.004,10,1.944,-0.015,1.465,-0.016,0.63,1.50,-1.927,-0.473,4.000,-35.697,-26.443,41.000
1744538889.43,-1,1.943,-0.004,-0.015,2,0.000,0.000,0.004,10,1.944,-0.015,1.465,-0.016,0.63,1.50,-1.927,-0.473,4.000,-35.697,-26.443,41.000
1744538889.43,-1,1.943,-0.004,-0.015,2,0.000,0.000,0.004,10,1.944,-0.015,1.465,-0.016,0.60,1.50,-1.927,-0.473,4.000,-35.697,-26.443,41.000
1744538889.43,-1,1.943,-0.004,-0.015,2,0.000,0.000,0.004,10,1.944,-0.015,1.465,-0.016,0.60,1.50,-1.927,-0.473,4.000,-35.697,-26.443,41.000
1744538889.43,-1,1.943,-0.004,-0.015,2,0.000,0.000,0.004,10,1.944,-0.015,1.465,-0.016,0.60,1.50,-1.927,-0.473,4.000,-35.697,-26.443,41.000
1744538889.43,-1,1.943,-0.004,-0.015,2,0.000,0.000,0.004,10,1.944,-0.015,1.465,-0.016,0.60,1.50,-1.927,-0.473,4.000,-35.697,-26.443,41.000
1744538889.46,-1,1.943,-0.004,-0.015,2,0.000,0.000,0.004,10,1.944,-0.015,1.465,-0.016,0.60,1.50,-1.927,-0.473,4.000,-35.697,-26.443,41.000
1744538889.46,-1,1.943,-0.004,-0.015,2,0.000,0.000,0.004,10,1.944,-0.015,1.465,-0.016,0.62,1.50,-1.927,-0.473,4.000,-35.697,-26.443,41.000
1744538889.46,-1,1.943,-0.004,-0.015,2,0.000,0.000,0.004,10,1.944,-0.015,1.465,-0.016,0.62,1.50,-1.927,-0.473,4.000,-35.697,-26.443,41.000
1744538889.46,-1,1.943,-0.004,-0.015,2,0.000,0.000,0.004,10,1.944,-0.015,1.465,-0.016,0.62,1.50,-1.927,-0.473,4.000,-35.697,-26.443,41.000
1744538889.48,-1,1.943,-0.004,-0.015,2,0.000,0.000,-0.009,10,1.944,-0.015,1.465,-0.016,0.62,1.50,-1.927,-0.473,4.000,-35.697,-26.443,41.000
1744538889.48,-1,1.943,-0.004,-0.015,2,0.000,0.000,-0.009,10,1.944,-0.015,1.465,-0.016,0.62,1.50,-1.927,-0.473,4.000,-35.697,-26.443,41.000
1744538889.48,-1,1.943,-0.004,-0.015,2,0.000,0.000,0.000,10,1.944,-0.015,1.465,-0.016,0.67,1.50,-1.927,-0.473,4.000,-35.697,-26.443,41.000
1744538889.48,-1,1.943,-0.004,-0.015,2,0.000,0.000,0.000,10,1.944,-0.015,1.465,-0.016,0.67,1.50,-1.927,-0.473,4.000,-35.697,-26.443,41.000
1744538889.50,-1,1.943,-0.004,-0.015,2,0.000,0.000,0.000,10,1.944,-0.015,1.465,-0.016,0.67,1.50,-1.927,-0.473,4.000,-35.697,-26.443,41.000
1744538889.50,-1,1.943,-0.004,-0.015,2,0.000,0.000,0.000,10,1.944,-0.015,1.465,-0.016,0.67,1.50,-1.927,-0.473,4.000,-35.697,-26.443,41.000
1744538889.50,-1,1.943,-0.004,-0.015,2,0.000,0.000,0.000,10,1.944,-0.015,1.465,-0.016,0.67,1.50,-1.927,-0.473,4.000,-35.697,-26.443,41.000
1744538889.51,-1,1.943,-0.004,-0.015,2,0.000,0.000,0.000,10,1.944,-0.015,1.465,-0.016,0.67,1.44,-1.927,-0.473,4.000,-35.697,-26.443,41.000
1744538889.51,-1,1.943,-0.004,-0.015,2,0.000,0.000,0.000,10,1.944,-0.015,1.465,-0.016,0.67,1.44,-1.927,-0.473,4.000,-35.697,-26.443,41.000
1744538889.53,-1,1.943,-0.004,-0.015,2,0.000,0.000,0.000,10,1.944,-0.015,1.465,-0.016,0.67,1.44,-1.927,-0.473,4.000,-35.697,-26.443,41.000
1744538889.53,-1,1.943,-0.004,-0.015,2,0.000,0.000,0.000,10,1.944,-0.015,1.465,-0.016,0.67,1.44,-1.927,-0.473,4.000,-35.697,-26.443,41.000
1744538889.53,-1,1.943,-0.004,-0.015,2,0.000,0.000,0.000,10,1.944,-0.015,1.465,-0.016,0.67,1.44,-1.927,-0.473,4.000,-35.697,-26.443,41.000
1744538889.54,-1,1.943,-0.004,-0.015,2,0.000,0.000,0.000,10,1.944,-0.015,1.465,-0.016,0.64,1.50,-1.927,-0.473,4.000,-35.697,-26.443,41.000
1744538889.54,-1,1.943,-0.004,-0.015,2,0.000,0.000,0.000,10,1.944,-0.015,1.465,-0.016,0.64,1.50,-1.927,-0.473,4.000,-35.697,-26.443,41.000
1744538889.54,-1,1.943,-0.004,-0.015,2,0.000,0.000,0.000,10,1.944,-0.015,1.465,-0.016,0.64,1.50,-1.927,-0.473,4.000,-35.697,-26.443,41.000
1744538889.54,-1,1.943,-0.004,-0.015,2,0.000,0.000,0.000,10,1.944,-0.015,1.465,-0.016,0.64,1.50,-1.927,-0.473,4.000,-35.697,-26.443,41.000
1744538889.57,-1,1.943,-0.004,-0.015,2,0.000,0.000,0.000,10,1.944,-0.015,1.465,-0.016,0.64,1.50,-1.927,-0.473,4.000,-35.697,-26.443,41.000
1744538889.57,-1,1.943,-0.004,-0.015,2,0.000,0.000,0.000,10,1.944,-0.015,1.465,-0.016,0.61,1.50,-1.927,-0.473,4.000,-35.697,-26.443,41.000
1744538889.57,-1,1.943,-0.004,-0.015,2,0.000,0.000,0.000,10,1.944,-0.015,1.465,-0.016,0.61,1.50,-1.927,-0.473,4.000,-35.697,-26.443,41.000
1744538889.57,-1,1.943,-0.004,-0.015,2,0.000,0.000,0.000,10,1.944,-0.015,1.465,-0.016,0.61,1.50,-1.927,-0.473,4.000,-35.697,-26.443,41.000
1744538889.57,-1,1.943,-0.004,-0.015,2,0.000,0.000,0.000,10,1.944,-0.015,1.465,-0.016,0.61,1.50,-1.927,-0.473,4.000,-35.697,-26.443,41.000
1744538889.61,-1,1.943,-0.004,-0.015,2,0.000,0.000,0.000,10,1.944,-0.015,1.465,-0.016,0.61,1.50,-1.927,-0.473,4.000,-35.697,-26.443,41.000
1744538889.61,-1,1.943,-0.004,-0.015,2,0.000,0.000,0.000,10,1.944,-0.015,1.465,-0.016,0.65,1.50,-1.927,-0.473,4.000,-35.697,-26.443,41.000
1744538889.61,-1,1.943,-0.004,-0.015,2,0.000,0.000,0.000,10,1.944,-0.015,1.465,-0.016,0.65,1.50,-1.927,-0.473,4.000,-35.697,-26.443,41.000
1744538889.61,-1,1.943,-0.004,-0.015,2,0.000,0.000,0.000,10,1.944,-0.015,1.465,-0.016,0.65,1.50,-1.927,-0.473,4.000,-35.697,-26.443,41.000
1744538889.62,-1,1.943,-0.004,-0.015,2,0.000,0.000,0.000,10,1.944,-0.015,1.465,-0.016,0.65,1.50,-1.927,-0.473,4.000,-35.697,-26.443,41.000
1744538889.62,-1,1.943,-0.004,-0.015,2,0.000,0.000,0.000,10,1.944,-0.015,1.465,-0.016,0.65,1.50,-1.927,-0.473,4.000,-35.697,-26.443,41.000
1744538889.64,-1,1.943,-0.004,-0.015,2,0.000,0.000,0.000,10,1.944,-0.015,1.465,-0.016,0.66,1.49,-1.927,-0.473,4.000,-35.697,-26.443,41.000
1744538889.64,-1,1.943,-0.004,-0.015,2,0.000,0.000,0.000,10,1.944,-0.015,1.465,-0.016,0.66,1.49,-1.927,-0.473,4.000,-35.697,-26.443,41.000
1744538889.65,-1,1.943,-0.004,-0.015,2,0.000,0.000,0.000,10,1.944,-0.015,1.465,-0.016,0.66,1.49,-1.927,-0.473,4.000,-35.697,-26.443,41.000
1744538889.65,-1,1.943,-0.004,-0.015,2,0.000,0.000,0.000,10,1.944,-0.015,1.465,-0.016,0.66,1.49,-1.927,-0.473,4.000,-35.697,-26.443,41.000
1744538889.65,-1,1.943,-0.004,-0.015,2,0.000,0.000,0.000,10,1.944,-0.015,1.465,-0.016,0.66,1.49,-1.927,-0.473,4.000,-35.697,-26.443,41.000
1744538889.65,-1,1.943,-0.004,-0.015,2,0.000,0.000,0.000,10,1.944,-0.015,1.465,-0.016,0.64,1.50,-1.927,-0.473,4.000,-35.697,-26.443,41.000
1744538889.65,-1,1.943,-0.004,-0.015,2,0.000,0.000,0.000,10,1.944,-0.015,1.465,-0.016,0.64,1.50,-1.927,-0.473,4.000,-35.697,-26.443,41.000
1744538889.69,-1,1.943,-0.004,-0.015,2,0.000,0.000,0.000,10,1.944,-0.015,1.465,-0.016,0.64,1.50,-1.927,-0.473,4.000,-35.697,-26.443,41.000
1744538889.69,-1,1.943,-0.004,-0.015,2,0.000,0.000,0.000,10,1.944,-0.015,1.465,-0.016,0.64,1.50,-1.927,-0.473,4.000,-35.697,-26.443,41.000
1744538889.69,-1,1.943,-0.004,-0.015,2,0.000,0.000,0.000,10,1.944,-0.015,1.465,-0.016,0.64,1.50,-1.927,-0.473,4.000,-35.697,-26.443,41.000
1744538889.70,-1,1.943,-0.004,-0.015,2,0.000,0.000,0.000,10,1.944,-0.015,1.465,-0.016,0.63,1.50,-1.927,-0.473,4.000,-35.697,-26.443,41.000
1744538889.70,-1,1.943,-0.004,-0.015,2,0.000,0.000,0.000,10,1.944,-0.015,1.465,-0.016,0.63,1.50,-1.927,-0.473,4.000,-35.697,-26.443,41.000
1744538889.70,-1,1.943,-0.004,-0.015,2,0.000,0.000,0.000,10,1.944,-0.015,1.465,-0.016,0.63,1.50,-1.927,-0.473,4.000,-35.697,-26.443,41.000
1744538889.70,-1,1.943,-0.004,-0.015,2,0.000,0.000,0.000,10,1.944,-0.015,1.465,-0.016,0.63,1.50,-1.927,-0.473,4.000,-35.697,-26.443,41.000
1744538889.70,-1,1.943,-0.004,-0.015,2,0.000,0.000,0.000,10,1.944,-0.015,1.465,-0.016,0.63,1.50,-1.927,-0.473,4.000,-35.697,-26.443,41.000
1744538889.77,-1,1.943,-0.004,-0.015,2,0.000,0.000,0.000,10,1.944,-0.015,1.465,-0.016,0.63,1.50,-1.927,-0.473,4.000,-35.697,-26.443,41.000
1744538889.77,-1,1.943,-0.004,-0.015,2,0.000,0.000,0.000,10,1.944,-0.015,1.465,-0.016,0.63,1.50,-1.927,-0.473,4.000,-35.697,-26.443,41.000
1744538889.77,-1,1.943,-0.004,-0.015,2,0.000,0.000,0.000,10,1.944,-0.015,1.465,-0.016,0.63,1.50,-1.927,-0.473,4.000,-35.697,-26.443,41.000
1744538889.77,-1,1.943,-0.004,-0.015,2,0.000,0.000,0.000,10,1.944,-0.015,1.465,-0.016,0.63,1.50,-1.927,-0.473,4.000,-35.697,-26.443,41.000
1744538889.77,-1,1.943,-0.004,-0.015,2,0.000,0.000,0.000,10,1.944,-0.015,1.465,-0.016,0.63,1.50,-1.927,-0.473,4.000,-35.697,-26.443,41.000
1744538889.77,-1,1.943,-0.004,-0.015,3,0.000,0.000,0.000,10,1.944,-0.015,1.465,-0.016,0.64,1.50,-1.927,-0.473,4.000,-35.697,-26.443,41.000
1744538889.77,-1,1.943,-0.004,-0.015,3,0.000,0.000,0.000,10,1.944,-0.015,1.465,-0.016,0.64,1.50,-1.927,-0.473,4.000,-35.697,-26.443,41.000
1744538889.77,-1,1.943,-0.004,-0.015,3,0.000,0.000,0.000,10,1.944,-0.015,1.465,-0.016,0.64,1.50,-1.927,-0.473,4.000,-35.697,-26.443,41.000
1744538889.77,-1,1.943,-0.004,-0.015,3,0.000,0.000,0.000,10,1.944,-0.015,1.465,-0.016,0.64,1.50,-1.927,-0.473,4.000,-35.697,-26.443,41.000
1744538889.77,-1,1.943,-0.004,-0.015,3,0.000,0.000,0.000,10,1.944,-0.015,1.465,-0.016,0.64,1.50,-1.927,-0.473,4.000,-35.697,-26.443,41.000
1744538889.78,-1,1.943,-0.004,-0.015,3,0.000,0.000,0.000,10,1.944,-0.015,1.465,-0.016,0.64,1.50,-1.927,-0.473,4.000,-35.697,-26.443,41.000
1744538889.78,-1,1.943,-0.004,-0.015,3,0.000,0.000,0.000,10,1.944,-0.015,1.465,-0.016,0.64,1.50,-1.927,-0.473,4.000,-35.697,-26.443,41.000
1744538889.81,-1,1.943,-0.004,-0.015,3,0.000,0.000,0.000,10,1.944,-0.015,1.465,-0.016,0.64,1.50,-1.927,-0.473,4.000,-35.697,-26.443,41.000
1744538889.81,-1,1.943,-0.004,-0.015,3,0.000,0.000,0.000,10,1.944,-0.015,1.465,-0.016,0.64,1.50,-1.927,-0.473,4.000,-35.697,-26.443,41.000
1744538889.81,-1,1.943,-0.004,-0.015,3,0.000,0.000,0.000,10,1.944,-0.015,1.465,-0.016,0.64,1.50,-1.927,-0.473,4.000,-35.697,-26.443,41.000
1744538889.81,-1,1.943,-0.004,-0.015,3,0.000,0.000,0.000,10,1.944,-0.015,1.465,-0.016,0.61,1.50,-1.927,-0.473,4.000,-35.697,-26.443,41.000
1744538889.81,-1,1.943,-0.004,-0.015,3,0.000,0.000,0.000,10,1.944,-0.015,1.465,-0.016,0.61,1.50,-1.927,-0.473,4.000,-35.697,-26.443,41.000
1744538889.81,-1,1.943,-0.004,-0.015,3,0.000,0.000,0.000,10,1.944,-0.015,1.465,-0.016,0.61,1.50,-1.927,-0.473,4.000,-35.697,-26.443,41.000
1744538889.83,-1,1.943,-0.004,-0.015,3,0.000,0.000,0.000,10,1.944,-0.015,1.465,-0.016,0.61,1.50,-1.927,-0.473,4.000,-35.697,-26.443,41.000
1744538889.83,-1,1.943,-0.004,-0.015,3,0.000,0.000,0.000,10,1.944,-0.015,1.465,-0.016,0.61,1.50,-1.927,-0.473,4.000,-35.697,-26.443,41.000
1744538889.84,-1,1.943,-0.004,-0.015,3,0.000,0.000,0.000,10,1.944,-0.015,1.465,-0.016,0.60,1.50,-1.927,-0.473,4.000,-35.697,-26.443,41.000
1744538889.84,-1,1.943,-0.004,-0.015,3,0.000,0.000,0.000,10,1.944,-0.015,1.465,-0.016,0.60,1.50,-1.927,-0.473,4.000,-35.697,-26.443,41.000
1744538889.86,-1,1.943,-0.004,-0.015,3,0.000,0.000,0.000,10,1.944,-0.015,1.465,-0.016,0.60,1.50,-1.927,-0.473,4.000,-35.697,-26.443,41.000
1744538889.86,-1,1.943,-0.004,-0.015,3,0.000,0.000,0.000,10,1.944,-0.015,1.465,-0.016,0.60,1.50,-1.927,-0.473,4.000,-35.697,-26.443,41.000
1744538889.86,-1,1.943,-0.004,-0.015,3,0.000,0.000,0.000,10,1.944,-0.015,1.465,-0.016,0.60,1.50,-1.927,-0.473,4.000,-35.697,-26.443,41.000
1744538889.86,-1,1.943,-0.004,-0.015,3,0.000,0.000,0.000,10,1.944,-0.015,1.465,-0.016,0.62,1.50,-1.927,-0.473,4.000,-35.697,-26.443,41.000
1744538889.86,-1,1.943,-0.004,-0.015,3,0.000,0.000,0.000,10,1.944,-0.015,1.465,-0.016,0.62,1.50,-1.927,-0.473,4.000,-35.697,-26.443,41.000
# remark: % State change from 700 to 705
1744538889.90,-1,1.943,-0.004,-0.015,3,0.000,0.000,0.000,10,1.944,-0.015,1.465,-0.016,0.62,1.50,-1.927,-0.473,4.000,-35.697,-26.443,41.000
1744538889.90,-1,1.943,-0.004,-0.015,3,0.000,0.000,0.000,10,1.944,-0.015,1.465,-0.016,0.62,1.50,-1.927,-0.473,4.000,-35.697,-26.443,41.000
1744538889.90,-1,1.943,-0.004,-0.015,3,0.000,0.000,0.000,10,1.944,-0.015,1.465,-0.016,0.62,1.50,-1.927,-0.473,4.000,-35.697,-26.443,41.000
1744538889.91,-1,1.943,-0.004,-0.015,3,0.000,0.000,0.000,10,1.944,-0.015,1.465,-0.016,0.65,1.44,-1.927,-0.473,4.000,-35.697,-26.443,41.000
1744538889.91,-1,1.943,-0.004,-0.015,3,0.000,0.000,0.000,10,1.944,-0.015,1.465,-0.016,0.65,1.44,-1.927,-0.473,4.000,-35.697,-26.443,41.000
1744538889.91,-1,1.943,-0.004,-0.015,3,0.000,0.000,0.000,10,1.944,-0.015,1.465,-0.016,0.65,1.44,-1.927,-0.473,4.000,-35.697,-26.443,41.000
1744538889.91,-1,1.943,-0.004,-0.015,3,0.000,0.000,0.000,10,1.944,-0.015,1.465,-0.016,0.65,1.44,-1.927,-0.473,4.000,-35.697,-26.443,41.000
1744538889.91,-1,1.943,-0.004,-0.015,3,0.000,0.000,0.000,10,1.944,-0.015,1.465,-0.016,0.65,1.44,-1.927,-0.473,4.000,-35.697,-26.443,41.000
1744538889.95,-1,1.943,-0.004,-0.015,3,0.000,0.000,0.000,10,1.944,-0.015,1.465,-0.016,0.68,1.50,-1.927,-0.473,4.000,-35.697,-26.443,41.000
1744538889.95,-1,1.943,-0.004,-0.015,3,0.000,0.000,0.000,10,1.944,-0.015,1.465,-0.016,0.68,1.50,-1.927,-0.473,4.000,-35.697,-26.443,41.000
1744538889.95,-1,1.943,-0.004,-0.015,3,0.000,0.000,0.000,10,1.944,-0.015,1.465,-0.016,0.68,1.50,-1.927,-0.473,4.000,-35.697,-26.443,41.000
1744538889.95,-1,1.943,-0.004,-0.015,3,0.000,0.000,0.000,10,1.944,-0.015,1.465,-0.016,0.68,1.50,-1.927,-0.473,4.000,-35.697,-26.443,41.000
1744538889.96,-1,1.943,-0.004,-0.015,3,0.000,0.000,0.000,10,1.944,-0.015,1.465,-0.016,0.68,1.50,-1.927,-0.473,4.000,-35.697,-26.443,41.000
1744538889.96,-1,1.943,-0.004,-0.015,3,0.000,0.000,0.000,10,1.944,-0.015,1.465,-0.016,0.64,1.50,-1.927,-0.473,4.000,-35.697,-26.443,41.000
1744538889.96,-1,1.943,-0.004,-0.015,3,0.000,0.000,0.000,10,1.944,-0.015,1.465,-0.016,0.64,1.50,-1.927,-0.473,4.000,-35.697,-26.443,41.000
1744538889.96,-1,1.943,-0.004,-0.015,3,0.000,0.000,0.000,10,1.944,-0.015,1.465,-0.016,0.64,1.50,-1.927,-0.473,4.000,-35.697,-26.443,41.000
1744538889.96,-1,1.943,-0.004,-0.015,3,0.000,0.000,0.000,10,1.944,-0.015,1.465,-0.016,0.64,1.50,-1.927,-0.473,4.000,-35.697,-26.443,41.000
# remark: robobot/cmd/ti/alive 2025-04-13 12:07:52.918866
# remark: robobot/cmd/T0/leds 16 0 100 0
# remark: robobot/cmd/ti/rc 0.2 0.0
1744538890.00,-1,1.943,-0.004,-0.015,3,0.000,0.000,0.000,10,1.944,-0.015,0.000,0.000,0.64,1.50,-1.927,-0.473,4.000,-35.697,-26.443,41.000
1744538890.00,-1,1.943,-0.004,-0.015,3,0.000,0.000,0.000,10,1.944,-0.015,0.000,0.000,0.61,1.50,-1.927,-0.473,4.000,-35.697,-26.443,41.000
1744538890.00,-1,1.943,-0.004,-0.015,3,0.000,0.000,0.000,10,1.944,-0.015,0.000,0.000,0.61,1.50,-1.927,-0.473,4.000,-35.697,-26.443,41.000
1744538890.00,-1,1.943,-0.004,-0.015,3,0.000,0.000,0.000,10,1.944,-0.015,0.000,0.000,0.61,1.50,-1.927,-0.473,4.000,-35.697,-26.443,41.000
1744538890.02,-1,1.943,-0.004,-0.015,3,0.000,0.000,0.000,10,1.944,-0.015,0.000,0.000,0.61,1.50,-1.927,-0.473,4.000,-35.697,-26.443,41.000
1744538890.02,-1,1.943,-0.004,-0.015,3,0.000,0.000,0.000,10,1.944,-0.015,0.000,0.000,0.61,1.50,-1.927,-0.473,4.000,-35.697,-26.443,41.000
1744538890.02,-1,1.943,-0.004,-0.015,3,0.000,0.000,0.000,10,1.944,-0.015,0.000,0.000,0.62,1.50,-1.927,-0.473,4.000,-35.697,-26.443,41.000
1744538890.02,-1,1.943,-0.004,-0.015,3,0.000,0.000,0.000,10,1.944,-0.015,0.000,0.000,0.62,1.50,-1.927,-0.473,4.000,-35.697,-26.443,41.000
1744538890.05,-1,1.943,-0.004,-0.015,3,0.000,0.000,0.000,10,1.944,-0.015,0.000,0.000,0.62,1.50,-1.927,-0.473,4.000,-35.697,-26.443,41.000
1744538890.05,-1,1.943,-0.004,-0.014,3,0.000,0.000,0.000,10,1.944,-0.014,0.000,0.001,0.62,1.50,-1.927,-0.473,4.000,-35.697,-26.443,41.000
1744538890.05,-1,1.944,-0.004,-0.013,3,0.000,0.000,0.000,10,1.944,-0.013,0.000,0.002,0.62,1.50,-1.927,-0.473,4.000,-35.697,-26.443,41.000
1744538890.05,-1,1.945,-0.004,-0.009,3,0.000,0.000,-0.391,10,1.945,-0.009,0.001,0.006,0.64,1.50,-1.927,-0.473,4.000,-35.697,-26.443,41.000
1744538890.05,-1,1.945,-0.004,-0.009,3,0.000,0.000,-0.391,10,1.945,-0.009,0.001,0.006,0.64,1.50,-1.927,-0.473,4.000,-35.697,-26.443,41.000
1744538890.07,-1,1.945,-0.004,-0.009,3,0.000,0.000,-0.391,10,1.945,-0.009,0.001,0.006,0.64,1.50,-1.927,-0.473,4.000,-35.697,-26.443,41.000
1744538890.07,-1,1.946,-0.004,-0.010,3,0.000,0.000,-0.252,10,1.946,-0.010,0.002,0.005,0.64,1.50,-1.927,-0.473,4.000,-35.697,-26.443,41.000
1744538890.07,-1,1.946,-0.004,-0.010,3,0.000,0.000,-0.252,10,1.946,-0.010,0.002,0.005,0.64,1.50,-1.927,-0.473,4.000,-35.697,-26.443,41.000
1744538890.10,-1,1.947,-0.004,-0.013,3,0.000,0.000,0.083,10,1.947,-0.013,0.003,0.002,0.64,1.50,-1.927,-0.473,4.000,-35.697,-26.443,41.000
1744538890.10,-1,1.947,-0.004,-0.013,3,0.000,0.000,0.083,10,1.947,-0.013,0.003,0.002,0.64,1.50,-1.927,-0.473,4.000,-35.697,-26.443,41.000
1744538890.10,-1,1.948,-0.004,-0.013,3,0.000,0.000,0.083,10,1.947,-0.013,0.003,0.002,0.64,1.50,-1.927,-0.473,4.000,-35.697,-26.443,41.000
1744538890.10,-1,1.949,-0.004,-0.013,3,0.000,0.000,0.104,10,1.949,-0.013,0.005,0.002,0.64,1.50,-1.927,-0.473,4.000,-35.697,-26.443,41.000
1744538890.10,-1,1.950,-0.004,-0.014,3,0.000,0.000,0.104,10,1.949,-0.014,0.005,0.001,0.64,1.50,-1.927,-0.473,4.000,-35.697,-26.443,41.000
1744538890.13,-1,1.951,-0.004,-0.015,3,0.000,0.000,0.109,10,1.951,-0.015,0.007,0.000,0.64,1.50,-1.927,-0.473,4.000,-35.697,-26.443,41.000
1744538890.13,-1,1.951,-0.004,-0.015,3,0.000,0.000,0.109,10,1.951,-0.015,0.007,0.000,0.64,1.50,-1.927,-0.473,4.000,-35.697,-26.443,41.000
1744538890.13,-1,1.953,-0.004,-0.014,3,0.000,0.000,0.109,10,1.951,-0.014,0.007,0.001,0.64,1.50,-1.927,-0.473,4.000,-35.697,-26.443,41.000
1744538890.13,-1,1.954,-0.004,-0.014,3,0.000,0.000,0.052,10,1.953,-0.014,0.009,0.001,0.64,1.50,-1.927,-0.473,4.000,-35.697,-26.443,41.000
1744538890.15,-1,1.955,-0.004,-0.015,3,0.000,0.000,0.052,10,1.953,-0.015,0.009,0.000,0.64,1.50,-1.927,-0.473,4.000,-35.697,-26.443,41.000
1744538890.15,-1,1.957,-0.004,-0.016,3,0.000,0.000,0.048,10,1.956,-0.016,0.012,-0.001,0.66,1.50,-1.927,-0.473,4.000,-35.697,-26.443,41.000
1744538890.15,-1,1.957,-0.004,-0.016,3,0.000,0.000,0.048,10,1.956,-0.016,0.012,-0.001,0.66,1.50,-1.927,-0.473,4.000,-35.697,-26.443,41.000
1744538890.15,-1,1.959,-0.004,-0.016,3,0.000,0.000,0.048,10,1.956,-0.016,0.012,-0.001,0.66,1.50,-1.927,-0.473,4.000,-35.697,-26.443,41.000
1744538890.18,-1,1.960,-0.004,-0.016,3,0.000,0.000,0.074,10,1.959,-0.016,0.015,-0.001,0.66,1.50,-1.927,-0.473,4.000,-35.697,-26.443,41.000
1744538890.18,-1,1.961,-0.004,-0.017,3,0.000,0.000,0.074,10,1.959,-0.017,0.015,-0.002,0.66,1.50,-1.927,-0.473,4.000,-35.697,-26.443,41.000
1744538890.18,-1,1.963,-0.004,-0.017,3,0.000,0.000,0.035,10,1.963,-0.017,0.018,-0.002,0.66,1.41,-1.927,-0.473,4.000,-35.697,-26.443,41.000
1744538890.18,-1,1.963,-0.004,-0.017,3,0.000,0.000,0.035,10,1.963,-0.017,0.018,-0.002,0.66,1.41,-1.927,-0.473,4.000,-35.697,-26.443,41.000
1744538890.20,-1,1.965,-0.004,-0.018,3,0.000,0.000,0.035,10,1.963,-0.018,0.018,-0.003,0.66,1.41,-1.927,-0.473,4.000,-35.697,-26.443,41.000
1744538890.20,-1,1.967,-0.004,-0.018,3,0.000,0.000,0.052,10,1.966,-0.018,0.022,-0.003,0.66,1.41,-1.927,-0.473,4.000,-35.697,-26.443,41.000
1744538890.20,-1,1.968,-0.004,-0.018,3,0.000,0.000,0.052,10,1.966,-0.018,0.022,-0.003,0.66,1.41,-1.927,-0.473,4.000,-35.697,-26.443,41.000
1744538890.20,-1,1.970,-0.004,-0.020,3,0.000,0.000,0.052,10,1.969,-0.020,0.025,-0.005,0.62,1.39,-1.927,-0.473,4.000,-35.697,-26.443,41.000
1744538890.20,-1,1.970,-0.004,-0.020,3,0.000,0.000,0.052,10,1.969,-0.020,0.025,-0.005,0.62,1.39,-1.927,-0.473,4.000,-35.697,-26.443,41.000
1744538890.25,-1,1.972,-0.004,-0.020,3,0.000,0.000,0.052,10,1.969,-0.020,0.025,-0.005,0.62,1.39,-1.927,-0.473,4.000,-35.697,-26.443,41.000
1744538890.25,-1,1.974,-0.004,-0.020,3,0.000,0.000,0.052,10,1.973,-0.020,0.029,-0.005,0.62,1.39,-1.927,-0.473,4.000,-35.697,-26.443,41.000
1744538890.25,-1,1.975,-0.005,-0.020,3,0.000,0.000,0.052,10,1.973,-0.020,0.029,-0.005,0.62,1.39,-1.927,-0.473,4.000,-35.697,-26.443,41.000
1744538890.25,-1,1.977,-0.005,-0.021,3,0.000,0.000,0.043,10,1.976,-0.021,0.032,-0.006,0.59,1.43,-1.927,-0.473,4.000,-35.697,-26.443,41.000
1744538890.25,-1,1.977,-0.005,-0.021,3,0.000,0.000,0.043,10,1.976,-0.021,0.032,-0.006,0.59,1.43,-1.927,-0.473,4.000,-35.697,-26.443,41.000
1744538890.25,-1,1.979,-0.005,-0.020,3,0.000,0.000,0.043,10,1.976,-0.020,0.032,-0.005,0.59,1.43,-1.927,-0.473,4.000,-35.697,-26.443,41.000
1744538890.25,-1,1.981,-0.005,-0.021,3,0.000,0.000,0.030,10,1.980,-0.021,0.036,-0.006,0.59,1.43,-1.927,-0.473,4.000,-35.697,-26.443,41.000
1744538890.25,-1,1.982,-0.005,-0.021,3,0.000,0.000,0.030,10,1.980,-0.021,0.036,-0.006,0.59,1.43,-1.927,-0.473,4.000,-35.697,-26.443,41.000
1744538890.27,-1,1.984,-0.005,-0.021,3,0.000,0.000,0.000,10,1.983,-0.021,0.039,-0.006,0.56,1.43,-1.927,-0.473,4.000,-35.697,-26.443,41.000
1744538890.27,-1,1.984,-0.005,-0.021,3,0.000,0.000,0.000,10,1.983,-0.021,0.039,-0.006,0.56,1.43,-1.927,-0.473,4.000,-35.697,-26.443,41.000
1744538890.27,-1,1.986,-0.005,-0.020,3,0.000,0.000,0.000,10,1.983,-0.020,0.039,-0.005,0.56,1.43,-1.927,-0.473,4.000,-35.697,-26.443,41.000
1744538890.28,-1,1.987,-0.005,-0.021,3,0.000,0.000,-0.004,10,1.987,-0.021,0.042,-0.006,0.56,1.43,-1.927,-0.473,4.000,-35.697,-26.443,41.000
1744538890.30,-1,1.988,-0.005,-0.021,3,0.000,0.000,-0.004,10,1.987,-0.021,0.042,-0.006,0.56,1.43,-1.927,-0.473,4.000,-35.697,-26.443,41.000
1744538890.30,-1,1.991,-0.005,-0.022,3,0.000,0.000,0.096,10,1.990,-0.022,0.046,-0.007,0.56,1.41,-1.927,-0.473,4.000,-35.697,-26.443,41.000
1744538890.30,-1,1.991,-0.005,-0.022,3,0.000,0.000,0.096,10,1.990,-0.022,0.046,-0.007,0.56,1.41,-1.927,-0.473,4.000,-35.697,-26.443,41.000
1744538890.30,-1,1.993,-0.005,-0.023,3,0.000,0.000,0.096,10,1.990,-0.023,0.046,-0.008,0.56,1.41,-1.927,-0.473,4.000,-35.697,-26.443,41.000
1744538890.32,-1,1.994,-0.005,-0.025,3,0.000,0.000,0.135,10,1.993,-0.025,0.049,-0.010,0.56,1.41,-1.927,-0.473,4.000,-35.697,-26.443,41.000
1744538890.32,-1,1.995,-0.005,-0.024,3,0.000,0.000,0.135,10,1.993,-0.024,0.049,-0.009,0.56,1.41,-1.927,-0.473,4.000,-35.697,-26.443,41.000
1744538890.32,-1,1.997,-0.005,-0.027,3,0.000,0.000,0.091,10,1.997,-0.027,0.053,-0.012,0.57,1.31,-1.927,-0.473,4.000,-35.697,-26.443,41.000
1744538890.32,-1,1.997,-0.005,-0.027,3,0.000,0.000,0.091,10,1.997,-0.027,0.053,-0.012,0.57,1.31,-1.927,-0.473,4.000,-35.697,-26.443,41.000
1744538890.33,-1,1.999,-0.005,-0.027,3,0.000,0.000,0.091,10,1.997,-0.027,0.053,-0.012,0.57,1.31,-1.927,-0.473,4.000,-35.697,-26.443,41.000
1744538890.35,-1,2.001,-0.005,-0.027,3,0.000,0.000,0.065,10,2.000,-0.027,0.056,-0.012,0.57,1.31,-1.927,-0.473,4.000,-35.697,-26.443,41.000
1744538890.35,-1,2.002,-0.005,-0.028,3,0.000,0.000,0.065,10,2.000,-0.028,0.056,-0.013,0.57,1.31,-1.927,-0.473,4.000,-35.697,-26.443,41.000
1744538890.35,-1,2.004,-0.005,-0.028,3,0.000,0.000,0.070,10,2.003,-0.028,0.059,-0.013,0.56,1.27,-1.927,-0.473,4.000,-35.697,-26.443,41.000
1744538890.35,-1,2.004,-0.005,-0.028,3,0.000,0.000,0.070,10,2.003,-0.028,0.059,-0.013,0.56,1.27,-1.927,-0.473,4.000,-35.697,-26.443,41.000
1744538890.37,-1,2.006,-0.005,-0.028,3,0.000,0.000,0.070,10,2.003,-0.028,0.059,-0.013,0.56,1.27,-1.927,-0.473,4.000,-35.697,-26.443,41.000
1744538890.37,-1,2.007,-0.005,-0.028,3,0.000,0.000,0.043,10,2.007,-0.028,0.062,-0.013,0.56,1.27,-1.927,-0.473,4.000,-35.697,-26.443,41.000
1744538890.37,-1,2.008,-0.005,-0.028,3,0.000,0.000,0.043,10,2.007,-0.028,0.062,-0.013,0.56,1.27,-1.927,-0.473,4.000,-35.697,-26.443,41.000
1744538890.40,-1,2.010,-0.005,-0.028,3,0.000,0.000,0.026,10,2.010,-0.028,0.066,-0.013,0.55,1.16,-1.927,-0.473,4.000,-35.697,-26.443,41.000
1744538890.40,-1,2.010,-0.005,-0.028,3,0.000,0.000,0.026,10,2.010,-0.028,0.066,-0.013,0.55,1.16,-1.927,-0.473,4.000,-35.697,-26.443,41.000
1744538890.40,-1,2.012,-0.005,-0.029,3,0.000,0.000,0.026,10,2.010,-0.029,0.066,-0.014,0.55,1.16,-1.927,-0.473,4.000,-35.697,-26.443,41.000
1744538890.40,-1,2.013,-0.005,-0.029,3,0.000,0.000,0.017,10,2.013,-0.029,0.068,-0.014,0.55,1.16,-1.927,-0.473,4.000,-35.697,-26.443,41.000
1744538890.40,-1,2.014,-0.005,-0.029,3,0.000,0.000,0.017,10,2.013,-0.029,0.068,-0.014,0.55,1.16,-1.927,-0.473,4.000,-35.697,-26.443,41.000
1744538890.42,-1,2.016,-0.006,-0.030,3,0.000,0.000,0.052,10,2.016,-0.030,0.072,-0.015,0.55,1.14,-1.927,-0.473,4.000,-35.697,-26.443,41.000
1744538890.42,-1,2.016,-0.006,-0.030,3,0.000,0.000,0.052,10,2.016,-0.030,0.072,-0.015,0.55,1.14,-1.927,-0.473,4.000,-35.697,-26.443,41.000
1744538890.42,-1,2.018,-0.006,-0.029,3,0.000,0.000,0.052,10,2.016,-0.029,0.072,-0.014,0.55,1.14,-1.927,-0.473,4.000,-35.697,-26.443,41.000
1744538890.42,-1,2.020,-0.006,-0.029,3,0.000,0.000,0.004,10,2.019,-0.029,0.075,-0.014,0.55,1.14,-1.927,-0.473,4.000,-35.697,-26.443,41.000
1744538890.45,-1,2.020,-0.006,-0.029,3,0.000,0.000,0.004,10,2.019,-0.029,0.075,-0.014,0.55,1.14,-1.927,-0.473,4.000,-35.697,-26.443,41.000
1744538890.45,-1,2.022,-0.006,-0.030,3,0.000,0.000,-0.004,10,2.022,-0.030,0.078,-0.015,0.55,1.10,-1.927,-0.473,4.000,-35.697,-26.443,41.000
1744538890.45,-1,2.022,-0.006,-0.030,3,0.000,0.000,-0.004,10,2.022,-0.030,0.078,-0.015,0.55,1.10,-1.927,-0.473,4.000,-35.697,-26.443,41.000
1744538890.45,-1,2.024,-0.006,-0.029,3,0.000,0.000,-0.004,10,2.022,-0.029,0.078,-0.014,0.55,1.10,-1.927,-0.473,4.000,-35.697,-26.443,41.000
1744538890.47,-1,2.026,-0.006,-0.030,3,0.000,0.000,0.013,10,2.025,-0.030,0.081,-0.015,0.55,1.10,-1.927,-0.473,4.000,-35.697,-26.443,41.000
1744538890.47,-1,2.026,-0.006,-0.029,3,0.000,0.000,0.013,10,2.025,-0.029,0.081,-0.014,0.55,1.10,-1.927,-0.473,4.000,-35.697,-26.443,41.000
1744538890.47,-1,2.028,-0.006,-0.030,3,0.000,0.000,-0.030,10,2.028,-0.030,0.084,-0.015,0.53,1.03,-1.927,-0.473,4.000,-35.697,-26.443,41.000
1744538890.47,-1,2.028,-0.006,-0.030,3,0.000,0.000,-0.030,10,2.028,-0.030,0.084,-0.015,0.53,1.03,-1.927,-0.473,4.000,-35.697,-26.443,41.000
1744538890.50,-1,2.030,-0.006,-0.029,3,0.000,0.000,-0.030,10,2.028,-0.029,0.084,-0.014,0.53,1.03,-1.927,-0.473,4.000,-35.697,-26.443,41.000
1744538890.50,-1,2.031,-0.006,-0.028,3,0.000,0.000,-0.061,10,2.031,-0.028,0.087,-0.013,0.53,1.03,-1.927,-0.473,4.000,-35.697,-26.443,41.000
1744538890.50,-1,2.032,-0.006,-0.028,3,0.000,0.000,-0.061,10,2.031,-0.028,0.087,-0.013,0.53,1.03,-1.927,-0.473,4.000,-35.697,-26.443,41.000
1744538890.50,-1,2.034,-0.006,-0.028,3,0.000,0.000,-0.048,10,2.034,-0.028,0.090,-0.013,0.53,1.12,-1.927,-0.473,4.000,-35.697,-26.443,41.000
1744538890.50,-1,2.034,-0.006,-0.028,3,0.000,0.000,-0.048,10,2.034,-0.028,0.090,-0.013,0.53,1.12,-1.927,-0.473,4.000,-35.697,-26.443,41.000
1744538890.53,-1,2.036,-0.006,-0.028,3,0.000,0.000,-0.048,10,2.034,-0.028,0.090,-0.013,0.53,1.12,-1.927,-0.473,4.000,-35.697,-26.443,41.000
1744538890.53,-1,2.037,-0.006,-0.027,3,0.000,0.000,-0.065,10,2.036,-0.027,0.092,-0.012,0.53,1.12,-1.927,-0.473,4.000,-35.697,-26.443,41.000
1744538890.53,-1,2.038,-0.006,-0.027,3,0.000,0.000,-0.065,10,2.036,-0.027,0.092,-0.012,0.53,1.12,-1.927,-0.473,4.000,-35.697,-26.443,41.000
1744538890.55,-1,2.040,-0.006,-0.027,3,0.000,0.000,-0.057,10,2.039,-0.027,0.095,-0.012,0.54,1.09,-1.927,-0.473,4.000,-35.697,-26.443,41.000
1744538890.55,-1,2.040,-0.006,-0.027,3,0.000,0.000,-0.057,10,2.039,-0.027,0.095,-0.012,0.54,1.09,-1.927,-0.473,4.000,-35.697,-26.443,41.000
1744538890.55,-1,2.042,-0.006,-0.027,3,0.000,0.000,-0.057,10,2.039,-0.027,0.095,-0.012,0.54,1.09,-1.927,-0.473,4.000,-35.697,-26.443,41.000
1744538890.55,-1,2.043,-0.006,-0.027,3,0.000,0.000,0.065,10,2.042,-0.027,0.098,-0.012,0.54,1.09,-1.927,-0.473,4.000,-35.697,-26.443,41.000
1744538890.55,-1,2.043,-0.006,-0.027,3,0.000,0.000,0.065,10,2.042,-0.027,0.098,-0.012,0.54,1.09,-1.927,-0.473,4.000,-35.697,-26.443,41.000
# remark: robobot/cmd/ti/alive 2025-04-13 12:07:52.918866
1744538890.57,-1,2.045,-0.006,-0.027,3,0.000,0.000,0.030,10,2.045,-0.027,0.101,-0.012,0.53,1.05,-1.927,-0.473,4.000,-35.697,-26.443,41.000
1744538890.57,-1,2.045,-0.006,-0.027,3,0.000,0.000,0.030,10,2.045,-0.027,0.101,-0.012,0.53,1.05,-1.927,-0.473,4.000,-35.697,-26.443,41.000
1744538890.57,-1,2.048,-0.006,-0.028,3,0.000,0.000,0.030,10,2.045,-0.028,0.101,-0.013,0.53,1.05,-1.927,-0.473,4.000,-35.697,-26.443,41.000
1744538890.57,-1,2.048,-0.006,-0.028,3,0.000,0.000,0.000,10,2.048,-0.028,0.104,-0.013,0.53,1.05,-1.927,-0.473,4.000,-35.697,-26.443,41.000
1744538890.60,-1,2.049,-0.006,-0.028,3,0.000,0.000,0.000,10,2.048,-0.028,0.104,-0.013,0.53,1.05,-1.927,-0.473,4.000,-35.697,-26.443,41.000
1744538890.60,-1,2.051,-0.007,-0.028,3,0.000,0.000,0.013,10,2.051,-0.028,0.107,-0.013,0.50,1.03,-1.927,-0.473,4.000,-35.697,-26.443,41.000
1744538890.60,-1,2.051,-0.007,-0.028,3,0.000,0.000,0.013,10,2.051,-0.028,0.107,-0.013,0.50,1.03,-1.927,-0.473,4.000,-35.697,-26.443,41.000
1744538890.60,-1,2.053,-0.007,-0.028,3,0.000,0.000,0.013,10,2.051,-0.028,0.107,-0.013,0.50,1.03,-1.927,-0.473,4.000,-35.697,-26.443,41.000
1744538890.62,-1,2.054,-0.007,-0.029,3,0.000,0.000,0.035,10,2.053,-0.029,0.109,-0.014,0.50,1.03,-1.927,-0.473,4.000,-35.697,-26.443,41.000
1744538890.62,-1,2.055,-0.007,-0.028,3,0.000,0.000,0.035,10,2.053,-0.028,0.109,-0.013,0.50,1.03,-1.927,-0.473,4.000,-35.697,-26.443,41.000
1744538890.62,-1,2.057,-0.007,-0.028,3,0.000,0.000,0.026,10,2.056,-0.028,0.112,-0.013,0.52,0.98,-1.927,-0.473,4.000,-35.697,-26.443,41.000
1744538890.62,-1,2.057,-0.007,-0.028,3,0.000,0.000,0.026,10,2.056,-0.028,0.112,-0.013,0.52,0.98,-1.927,-0.473,4.000,-35.697,-26.443,41.000
1744538890.65,-1,2.059,-0.007,-0.029,3,0.000,0.000,0.026,10,2.056,-0.029,0.112,-0.014,0.52,0.98,-1.927,-0.473,4.000,-35.697,-26.443,41.000
1744538890.65,-1,2.060,-0.007,-0.029,3,0.000,0.000,-0.004,10,2.059,-0.029,0.115,-0.014,0.52,0.98,-1.927,-0.473,4.000,-35.697,-26.443,41.000
1744538890.65,-1,2.061,-0.007,-0.028,3,0.000,0.000,-0.004,10,2.059,-0.028,0.115,-0.013,0.52,0.98,-1.927,-0.473,4.000,-35.697,-26.443,41.000
1744538890.65,-1,2.063,-0.007,-0.029,3,0.000,0.000,0.004,10,2.062,-0.029,0.118,-0.014,0.49,0.96,-1.927,-0.473,4.000,-35.697,-26.443,41.000
1744538890.65,-1,2.063,-0.007,-0.029,3,0.000,0.000,0.004,10,2.062,-0.029,0.118,-0.014,0.49,0.96,-1.927,-0.473,4.000,-35.697,-26.443,41.000
1744538890.68,-1,2.065,-0.007,-0.028,3,0.000,0.000,0.004,10,2.062,-0.028,0.118,-0.013,0.49,0.96,-1.927,-0.473,4.000,-35.697,-26.443,41.000
1744538890.68,-1,2.066,-0.007,-0.029,3,0.000,0.000,-0.009,10,2.065,-0.029,0.121,-0.014,0.49,0.96,-1.927,-0.473,4.000,-35.697,-26.443,41.000
1744538890.68,-1,2.067,-0.007,-0.028,3,0.000,0.000,-0.009,10,2.065,-0.028,0.121,-0.013,0.49,0.96,-1.927,-0.473,4.000,-35.697,-26.443,41.000
1744538890.70,-1,2.069,-0.007,-0.029,3,0.000,0.000,-0.004,10,2.068,-0.029,0.124,-0.014,0.49,0.94,-1.927,-0.473,4.000,-35.697,-26.443,41.000
1744538890.70,-1,2.069,-0.007,-0.029,3,0.000,0.000,-0.004,10,2.068,-0.029,0.124,-0.014,0.49,0.94,-1.927,-0.473,4.000,-35.697,-26.443,41.000
1744538890.70,-1,2.071,-0.007,-0.028,3,0.000,0.000,-0.004,10,2.068,-0.028,0.124,-0.013,0.49,0.94,-1.927,-0.473,4.000,-35.697,-26.443,41.000
1744538890.70,-1,2.072,-0.007,-0.028,3,0.000,0.000,-0.013,10,2.071,-0.028,0.127,-0.013,0.49,0.94,-1.927,-0.473,4.000,-35.697,-26.443,41.000
1744538890.70,-1,2.073,-0.007,-0.028,3,0.000,0.000,-0.013,10,2.071,-0.028,0.127,-0.013,0.49,0.94,-1.927,-0.473,4.000,-35.697,-26.443,41.000
1744538890.75,-1,2.075,-0.007,-0.028,3,0.000,0.000,0.004,10,2.074,-0.028,0.130,-0.013,0.49,0.89,-1.927,-0.473,4.000,-35.697,-26.443,41.000
1744538890.75,-1,2.075,-0.007,-0.028,3,0.000,0.000,0.004,10,2.074,-0.028,0.130,-0.013,0.49,0.89,-1.927,-0.473,4.000,-35.697,-26.443,41.000
1744538890.75,-1,2.077,-0.007,-0.028,3,0.000,0.000,0.004,10,2.074,-0.028,0.130,-0.013,0.49,0.89,-1.927,-0.473,4.000,-35.697,-26.443,41.000
1744538890.75,-1,2.078,-0.007,-0.028,3,0.000,0.000,-0.030,10,2.077,-0.028,0.133,-0.013,0.49,0.89,-1.927,-0.473,4.000,-35.697,-26.443,41.000
1744538890.75,-1,2.079,-0.007,-0.028,3,0.000,0.000,-0.030,10,2.077,-0.028,0.133,-0.013,0.49,0.89,-1.927,-0.473,4.000,-35.697,-26.443,41.000
1744538890.75,-1,2.081,-0.007,-0.028,3,0.000,0.000,-0.030,10,2.080,-0.028,0.136,-0.013,0.52,0.90,-1.927,-0.473,4.000,-35.697,-26.443,41.000
1744538890.75,-1,2.081,-0.007,-0.028,3,0.000,0.000,-0.030,10,2.080,-0.028,0.136,-0.013,0.52,0.90,-1.927,-0.473,4.000,-35.697,-26.443,41.000
1744538890.76,-1,2.083,-0.007,-0.027,3,0.000,0.000,-0.030,10,2.080,-0.027,0.136,-0.012,0.52,0.90,-1.927,-0.473,4.000,-35.697,-26.443,41.000
1744538890.76,-1,2.084,-0.007,-0.027,3,0.000,0.000,-0.026,10,2.083,-0.027,0.139,-0.012,0.52,0.90,-1.927,-0.473,4.000,-35.697,-26.443,41.000
1744538890.76,-1,2.085,-0.007,-0.025,3,0.000,0.000,-0.026,10,2.083,-0.025,0.139,-0.010,0.52,0.90,-1.927,-0.473,4.000,-35.697,-26.443,41.000
1744538890.76,-1,2.087,-0.008,-0.025,3,0.000,0.000,-0.039,10,2.086,-0.025,0.142,-0.010,0.54,0.88,-1.927,-0.473,4.000,-35.697,-26.443,41.000
1744538890.76,-1,2.087,-0.008,-0.025,3,0.000,0.000,-0.039,10,2.086,-0.025,0.142,-0.010,0.54,0.88,-1.927,-0.473,4.000,-35.697,-26.443,41.000
1744538890.80,-1,2.089,-0.008,-0.027,3,0.000,0.000,-0.039,10,2.086,-0.027,0.142,-0.012,0.54,0.88,-1.927,-0.473,4.000,-35.697,-26.443,41.000
1744538890.80,-1,2.090,-0.008,-0.027,3,0.000,0.000,-0.026,10,2.089,-0.027,0.145,-0.012,0.54,0.88,-1.927,-0.473,4.000,-35.697,-26.443,41.000
1744538890.80,-1,2.091,-0.008,-0.025,3,0.000,0.000,-0.026,10,2.089,-0.025,0.145,-0.010,0.54,0.88,-1.927,-0.473,4.000,-35.697,-26.443,41.000
1744538890.80,-1,2.093,-0.008,-0.025,3,0.000,0.000,-0.026,10,2.092,-0.025,0.148,-0.010,0.58,0.88,-1.927,-0.473,4.000,-35.697,-26.443,41.000
1744538890.80,-1,2.093,-0.008,-0.025,3,0.000,0.000,-0.026,10,2.092,-0.025,0.148,-0.010,0.58,0.88,-1.927,-0.473,4.000,-35.697,-26.443,41.000
1744538890.82,-1,2.095,-0.008,-0.025,3,0.000,0.000,-0.026,10,2.092,-0.025,0.148,-0.010,0.58,0.88,-1.927,-0.473,4.000,-35.697,-26.443,41.000
1744538890.82,-1,2.096,-0.008,-0.024,3,0.000,0.000,-0.030,10,2.095,-0.024,0.151,-0.009,0.58,0.88,-1.927,-0.473,4.000,-35.697,-26.443,41.000
1744538890.83,-1,2.097,-0.008,-0.025,3,0.000,0.000,-0.030,10,2.095,-0.025,0.151,-0.010,0.58,0.88,-1.927,-0.473,4.000,-35.697,-26.443,41.000
1744538890.85,-1,2.099,-0.008,-0.024,3,0.000,0.000,-0.017,10,2.098,-0.024,0.154,-0.009,0.62,0.87,-1.927,-0.473,4.000,-35.697,-26.443,41.000
1744538890.85,-1,2.099,-0.008,-0.024,3,0.000,0.000,-0.017,10,2.098,-0.024,0.154,-0.009,0.62,0.87,-1.927,-0.473,4.000,-35.697,-26.443,41.000
1744538890.85,-1,2.101,-0.008,-0.024,3,0.000,0.000,-0.017,10,2.098,-0.024,0.154,-0.009,0.62,0.87,-1.927,-0.473,4.000,-35.697,-26.443,41.000
1744538890.85,-1,2.102,-0.008,-0.024,3,0.000,0.000,-0.017,10,2.102,-0.024,0.157,-0.009,0.62,0.87,-1.927,-0.473,4.000,-35.697,-26.443,41.000
1744538890.85,-1,2.103,-0.008,-0.024,3,0.000,0.000,-0.017,10,2.102,-0.024,0.157,-0.009,0.62,0.87,-1.927,-0.473,4.000,-35.697,-26.443,41.000
1744538890.87,-1,2.105,-0.008,-0.024,3,0.000,0.000,-0.026,10,2.104,-0.024,0.160,-0.009,0.69,0.87,-1.927,-0.473,4.000,-35.697,-26.443,41.000
1744538890.87,-1,2.105,-0.008,-0.024,3,0.000,0.000,-0.026,10,2.104,-0.024,0.160,-0.009,0.69,0.87,-1.927,-0.473,4.000,-35.697,-26.443,41.000
1744538890.87,-1,2.107,-0.008,-0.023,3,0.000,0.000,-0.026,10,2.104,-0.023,0.160,-0.008,0.69,0.87,-1.927,-0.473,4.000,-35.697,-26.443,41.000
1744538890.87,-1,2.108,-0.008,-0.023,3,0.000,0.000,-0.017,10,2.108,-0.023,0.164,-0.008,0.69,0.87,-1.927,-0.473,4.000,-35.697,-26.443,41.000
1744538890.90,-1,2.109,-0.008,-0.024,3,0.000,0.000,-0.017,10,2.108,-0.024,0.164,-0.009,0.69,0.87,-1.927,-0.473,4.000,-35.697,-26.443,41.000
1744538890.90,-1,2.111,-0.008,-0.023,3,0.000,0.000,-0.017,10,2.111,-0.023,0.166,-0.008,0.98,0.83,-1.927,-0.473,4.000,-35.697,-26.443,41.000
1744538890.90,-1,2.111,-0.008,-0.023,3,0.000,0.000,-0.017,10,2.111,-0.023,0.166,-0.008,0.98,0.83,-1.927,-0.473,4.000,-35.697,-26.443,41.000
1744538890.92,-1,2.114,-0.008,-0.023,3,0.000,0.000,-0.017,10,2.111,-0.023,0.166,-0.008,0.98,0.83,-1.927,-0.473,4.000,-35.697,-26.443,41.000
1744538890.92,-1,2.114,-0.008,-0.023,3,0.000,0.000,-0.022,10,2.114,-0.023,0.170,-0.008,0.98,0.83,-1.927,-0.473,4.000,-35.697,-26.443,41.000
1744538890.92,-1,2.115,-0.008,-0.023,3,0.000,0.000,-0.022,10,2.114,-0.023,0.170,-0.008,0.98,0.83,-1.927,-0.473,4.000,-35.697,-26.443,41.000
1744538890.92,-1,2.118,-0.008,-0.023,3,0.000,0.000,0.000,10,2.117,-0.023,0.173,-0.008,0.85,0.79,-1.927,-0.473,4.000,-35.697,-26.443,41.000
1744538890.92,-1,2.118,-0.008,-0.023,3,0.000,0.000,0.000,10,2.117,-0.023,0.173,-0.008,0.85,0.79,-1.927,-0.473,4.000,-35.697,-26.443,41.000
1744538890.93,-1,2.120,-0.008,-0.022,3,0.000,0.000,0.000,10,2.117,-0.022,0.173,-0.007,0.85,0.79,-1.927,-0.473,4.000,-35.697,-26.443,41.000
1744538890.96,-1,2.120,-0.008,-0.022,3,0.000,0.000,-0.022,10,2.120,-0.022,0.176,-0.007,0.85,0.79,-1.927,-0.473,4.000,-35.697,-26.443,41.000
1744538890.96,-1,2.122,-0.008,-0.023,3,0.000,0.000,-0.022,10,2.120,-0.023,0.176,-0.008,0.85,0.79,-1.927,-0.473,4.000,-35.697,-26.443,41.000
1744538890.96,-1,2.124,-0.008,-0.022,3,0.000,0.000,-0.017,10,2.123,-0.022,0.179,-0.007,0.53,0.77,-1.927,-0.473,4.000,-35.697,-26.443,41.000
1744538890.96,-1,2.124,-0.008,-0.022,3,0.000,0.000,-0.017,10,2.123,-0.022,0.179,-0.007,0.53,0.77,-1.927,-0.473,4.000,-35.697,-26.443,41.000
1744538890.97,-1,2.126,-0.008,-0.023,3,0.000,0.000,-0.017,10,2.123,-0.023,0.179,-0.008,0.53,0.77,-1.927,-0.473,4.000,-35.697,-26.443,41.000
1744538890.97,-1,2.126,-0.008,-0.023,3,0.000,0.000,0.017,10,2.126,-0.023,0.182,-0.008,0.53,0.77,-1.927,-0.473,4.000,-35.697,-26.443,41.000
1744538890.98,-1,2.128,-0.008,-0.023,3,0.000,0.000,0.017,10,2.126,-0.023,0.182,-0.008,0.53,0.77,-1.927,-0.473,4.000,-35.697,-26.443,41.000
1744538890.98,-1,2.130,-0.009,-0.022,3,0.000,0.000,-0.017,10,2.129,-0.022,0.185,-0.007,0.36,0.76,-1.927,-0.473,4.000,-35.697,-26.443,41.000
1744538890.98,-1,2.130,-0.009,-0.022,3,0.000,0.000,-0.017,10,2.129,-0.022,0.185,-0.007,0.36,0.76,-1.927,-0.473,4.000,-35.697,-26.443,41.000
1744538890.98,-1,2.131,-0.009,-0.022,3,0.000,0.000,-0.017,10,2.129,-0.022,0.185,-0.007,0.36,0.76,-1.927,-0.473,4.000,-35.697,-26.443,41.000
1744538891.02,-1,2.132,-0.009,-0.022,3,0.000,0.000,-0.030,10,2.132,-0.022,0.188,-0.007,0.36,0.76,-1.927,-0.473,4.000,-35.697,-26.443,41.000
1744538891.02,-1,2.134,-0.009,-0.022,3,0.000,0.000,-0.030,10,2.132,-0.022,0.188,-0.007,0.36,0.76,-1.927,-0.473,4.000,-35.697,-26.443,41.000
1744538891.02,-1,2.136,-0.009,-0.023,3,0.000,0.000,0.013,10,2.135,-0.023,0.191,-0.008,0.25,0.76,-1.927,-0.473,4.000,-35.697,-26.443,41.000
1744538891.02,-1,2.136,-0.009,-0.023,3,0.000,0.000,0.013,10,2.135,-0.023,0.191,-0.008,0.25,0.76,-1.927,-0.473,4.000,-35.697,-26.443,41.000
1744538891.03,-1,2.138,-0.009,-0.022,3,0.000,0.000,0.013,10,2.135,-0.022,0.191,-0.007,0.25,0.76,-1.927,-0.473,4.000,-35.697,-26.443,41.000
1744538891.03,-1,2.138,-0.009,-0.022,3,0.000,0.000,-0.004,10,2.138,-0.022,0.194,-0.007,0.25,0.76,-1.927,-0.473,4.000,-35.697,-26.443,41.000
1744538891.03,-1,2.140,-0.009,-0.022,3,0.000,0.000,-0.004,10,2.138,-0.022,0.194,-0.007,0.25,0.76,-1.927,-0.473,4.000,-35.697,-26.443,41.000
1744538891.06,-1,2.142,-0.009,-0.022,3,0.000,0.000,-0.030,10,2.141,-0.022,0.197,-0.007,0.22,0.75,-1.927,-0.473,4.000,-35.697,-26.443,41.000
1744538891.06,-1,2.142,-0.009,-0.022,3,0.000,0.000,-0.030,10,2.141,-0.022,0.197,-0.007,0.22,0.75,-1.927,-0.473,4.000,-35.697,-26.443,41.000
1744538891.06,-1,2.144,-0.009,-0.022,3,0.000,0.000,-0.030,10,2.141,-0.022,0.197,-0.007,0.22,0.75,-1.927,-0.473,4.000,-35.697,-26.443,41.000
1744538891.07,-1,2.145,-0.009,-0.022,3,0.000,0.000,0.000,10,2.144,-0.022,0.200,-0.007,0.22,0.75,-1.927,-0.473,4.000,-35.697,-26.443,41.000
1744538891.07,-1,2.146,-0.009,-0.022,3,0.000,0.000,0.000,10,2.144,-0.022,0.200,-0.007,0.22,0.75,-1.927,-0.473,4.000,-35.697,-26.443,41.000
1744538891.10,-1,2.148,-0.009,-0.022,3,0.000,0.000,0.000,10,2.147,-0.022,0.203,-0.007,0.24,0.71,-1.927,-0.473,4.000,-35.697,-26.443,41.000
1744538891.10,-1,2.148,-0.009,-0.022,3,0.000,0.000,0.000,10,2.147,-0.022,0.203,-0.007,0.24,0.71,-1.927,-0.473,4.000,-35.697,-26.443,41.000
1744538891.10,-1,2.150,-0.009,-0.022,3,0.000,0.000,0.000,10,2.147,-0.022,0.203,-0.007,0.24,0.71,-1.927,-0.473,4.000,-35.697,-26.443,41.000
1744538891.10,-1,2.150,-0.009,-0.022,3,0.000,0.000,-0.009,10,2.150,-0.022,0.206,-0.007,0.24,0.71,-1.927,-0.473,4.000,-35.697,-26.443,41.000
1744538891.10,-1,2.152,-0.009,-0.022,3,0.000,0.000,-0.009,10,2.150,-0.022,0.206,-0.007,0.24,0.71,-1.927,-0.473,4.000,-35.697,-26.443,41.000
1744538891.10,-1,2.154,-0.009,-0.022,3,0.000,0.000,0.017,10,2.153,-0.022,0.209,-0.007,0.26,0.70,-1.927,-0.473,4.000,-35.697,-26.443,41.000
1744538891.10,-1,2.154,-0.009,-0.022,3,0.000,0.000,0.017,10,2.153,-0.022,0.209,-0.007,0.26,0.70,-1.927,-0.473,4.000,-35.697,-26.443,41.000
1744538891.13,-1,2.156,-0.009,-0.022,3,0.000,0.000,0.017,10,2.153,-0.022,0.209,-0.007,0.26,0.70,-1.927,-0.473,4.000,-35.697,-26.443,41.000
1744538891.13,-1,2.156,-0.009,-0.022,3,0.000,0.000,-0.013,10,2.156,-0.022,0.212,-0.007,0.26,0.70,-1.927,-0.473,4.000,-35.697,-26.443,41.000
1744538891.13,-1,2.158,-0.009,-0.022,3,0.000,0.000,-0.013,10,2.156,-0.022,0.212,-0.007,0.26,0.70,-1.927,-0.473,4.000,-35.697,-26.443,41.000
1744538891.15,-1,2.160,-0.009,-0.022,3,0.000,0.000,-0.017,10,2.159,-0.022,0.215,-0.007,0.32,0.70,-1.927,-0.473,4.000,-35.697,-26.443,41.000
1744538891.15,-1,2.160,-0.009,-0.022,3,0.000,0.000,-0.017,10,2.159,-0.022,0.215,-0.007,0.32,0.70,-1.927,-0.473,4.000,-35.697,-26.443,41.000
1744538891.15,-1,2.162,-0.009,-0.022,3,0.000,0.000,-0.017,10,2.159,-0.022,0.215,-0.007,0.32,0.70,-1.927,-0.473,4.000,-35.697,-26.443,41.000
# remark: robobot/cmd/ti/alive 2025-04-13 12:07:52.918866
1744538891.17,-1,2.162,-0.009,-0.022,3,0.000,0.000,0.017,10,2.162,-0.022,0.218,-0.007,0.32,0.70,-1.927,-0.473,4.000,-35.697,-26.443,41.000
1744538891.17,-1,2.164,-0.009,-0.022,3,0.000,0.000,0.017,10,2.162,-0.022,0.218,-0.007,0.32,0.70,-1.927,-0.473,4.000,-35.697,-26.443,41.000
1744538891.17,-1,2.166,-0.009,-0.021,3,0.000,0.000,-0.004,10,2.165,-0.021,0.221,-0.006,0.30,0.67,-1.927,-0.473,4.000,-35.697,-26.443,41.000
1744538891.17,-1,2.166,-0.009,-0.021,3,0.000,0.000,-0.004,10,2.165,-0.021,0.221,-0.006,0.30,0.67,-1.927,-0.473,4.000,-35.697,-26.443,41.000
1744538891.18,-1,2.168,-0.009,-0.022,3,0.000,0.000,-0.004,10,2.165,-0.022,0.221,-0.007,0.30,0.67,-1.927,-0.473,4.000,-35.697,-26.443,41.000
1744538891.18,-1,2.168,-0.009,-0.022,3,0.000,0.000,-0.017,10,2.168,-0.022,0.224,-0.007,0.30,0.67,-1.927,-0.473,4.000,-35.697,-26.443,41.000
1744538891.20,-1,2.170,-0.009,-0.021,3,0.000,0.000,-0.017,10,2.168,-0.021,0.224,-0.006,0.30,0.67,-1.927,-0.473,4.000,-35.697,-26.443,41.000
1744538891.20,-1,2.172,-0.009,-0.022,3,0.000,0.000,0.017,10,2.171,-0.022,0.227,-0.007,0.30,0.67,-1.927,-0.473,4.000,-35.697,-26.443,41.000
1744538891.20,-1,2.172,-0.009,-0.022,3,0.000,0.000,0.017,10,2.171,-0.022,0.227,-0.007,0.30,0.67,-1.927,-0.473,4.000,-35.697,-26.443,41.000
1744538891.22,-1,2.174,-0.009,-0.022,3,0.000,0.000,0.017,10,2.171,-0.022,0.227,-0.007,0.30,0.67,-1.927,-0.473,4.000,-35.697,-26.443,41.000
1744538891.22,-1,2.174,-0.010,-0.021,3,0.000,0.000,0.004,10,2.174,-0.021,0.230,-0.006,0.30,0.67,-1.927,-0.473,4.000,-35.697,-26.443,41.000
1744538891.22,-1,2.176,-0.010,-0.022,3,0.000,0.000,0.004,10,2.174,-0.022,0.230,-0.007,0.30,0.67,-1.927,-0.473,4.000,-35.697,-26.443,41.000
1744538891.22,-1,2.178,-0.010,-0.022,3,0.000,0.000,-0.013,10,2.177,-0.022,0.233,-0.007,0.33,0.65,-1.927,-0.473,4.000,-35.697,-26.443,41.000
1744538891.23,-1,2.178,-0.010,-0.022,3,0.000,0.000,-0.013,10,2.177,-0.022,0.233,-0.007,0.33,0.65,-1.927,-0.473,4.000,-35.697,-26.443,41.000
1744538891.25,-1,2.180,-0.010,-0.022,3,0.000,0.000,-0.013,10,2.177,-0.022,0.233,-0.007,0.33,0.65,-1.927,-0.473,4.000,-35.697,-26.443,41.000
1744538891.25,-1,2.180,-0.010,-0.022,3,0.000,0.000,0.017,10,2.180,-0.022,0.236,-0.007,0.33,0.65,-1.927,-0.473,4.000,-35.697,-26.443,41.000
1744538891.27,-1,2.182,-0.010,-0.022,3,0.000,0.000,0.017,10,2.180,-0.022,0.236,-0.007,0.33,0.65,-1.927,-0.473,4.000,-35.697,-26.443,41.000
1744538891.27,-1,2.184,-0.010,-0.021,3,0.000,0.000,-0.004,10,2.183,-0.021,0.239,-0.006,0.40,0.63,-1.927,-0.473,4.000,-35.697,-26.443,41.000
1744538891.27,-1,2.184,-0.010,-0.021,3,0.000,0.000,-0.004,10,2.183,-0.021,0.239,-0.006,0.40,0.63,-1.927,-0.473,4.000,-35.697,-26.443,41.000
1744538891.27,-1,2.186,-0.010,-0.022,3,0.000,0.000,-0.004,10,2.183,-0.022,0.239,-0.007,0.40,0.63,-1.927,-0.473,4.000,-35.697,-26.443,41.000
1744538891.27,-1,2.187,-0.010,-0.022,3,0.000,0.000,-0.026,10,2.186,-0.022,0.242,-0.007,0.40,0.63,-1.927,-0.473,4.000,-35.697,-26.443,41.000
1744538891.30,-1,2.188,-0.010,-0.021,3,0.000,0.000,-0.026,10,2.186,-0.021,0.242,-0.006,0.40,0.63,-1.927,-0.473,4.000,-35.697,-26.443,41.000
1744538891.30,-1,2.190,-0.010,-0.022,3,0.000,0.000,0.009,10,2.189,-0.022,0.245,-0.007,0.45,0.60,-1.927,-0.473,4.000,-35.697,-26.443,41.000
1744538891.30,-1,2.190,-0.010,-0.022,3,0.000,0.000,0.009,10,2.189,-0.022,0.245,-0.007,0.45,0.60,-1.927,-0.473,4.000,-35.697,-26.443,41.000
1744538891.30,-1,2.192,-0.010,-0.022,3,0.000,0.000,0.009,10,2.189,-0.022,0.245,-0.007,0.45,0.60,-1.927,-0.473,4.000,-35.697,-26.443,41.000
1744538891.30,-1,2.193,-0.010,-0.021,3,0.000,0.000,-0.004,10,2.192,-0.021,0.248,-0.006,0.45,0.60,-1.927,-0.473,4.000,-35.697,-26.443,41.000
1744538891.30,-1,2.194,-0.010,-0.021,3,0.000,0.000,-0.004,10,2.192,-0.021,0.248,-0.006,0.45,0.60,-1.927,-0.473,4.000,-35.697,-26.443,41.000
1744538891.32,-1,2.195,-0.010,-0.020,3,0.000,0.000,-0.104,10,2.195,-0.020,0.251,-0.005,0.49,0.60,-1.927,-0.473,4.000,-35.697,-26.443,41.000
1744538891.32,-1,2.195,-0.010,-0.020,3,0.000,0.000,-0.104,10,2.195,-0.020,0.251,-0.005,0.49,0.60,-1.927,-0.473,4.000,-35.697,-26.443,41.000
1744538891.32,-1,2.197,-0.010,-0.017,3,0.000,0.000,-0.104,10,2.195,-0.017,0.251,-0.002,0.49,0.60,-1.927,-0.473,4.000,-35.697,-26.443,41.000
1744538891.32,-1,2.198,-0.010,-0.016,3,0.000,0.000,-0.152,10,2.197,-0.016,0.253,-0.001,0.49,0.60,-1.927,-0.473,4.000,-35.697,-26.443,41.000
1744538891.35,-1,2.199,-0.010,-0.016,3,0.000,0.000,-0.152,10,2.197,-0.016,0.253,-0.001,0.49,0.60,-1.927,-0.473,4.000,-35.697,-26.443,41.000
1744538891.35,-1,2.201,-0.010,-0.015,3,0.000,0.000,-0.135,10,2.200,-0.015,0.256,0.000,0.53,0.59,-1.927,-0.473,4.000,-35.697,-26.443,41.000
1744538891.35,-1,2.201,-0.010,-0.015,3,0.000,0.000,-0.135,10,2.200,-0.015,0.256,0.000,0.53,0.59,-1.927,-0.473,4.000,-35.697,-26.443,41.000
1744538891.36,-1,2.203,-0.010,-0.015,3,0.000,0.000,-0.135,10,2.200,-0.015,0.256,0.000,0.53,0.59,-1.927,-0.473,4.000,-35.697,-26.443,41.000
1744538891.37,-1,2.203,-0.010,-0.014,3,0.000,0.000,-0.091,10,2.203,-0.014,0.259,0.001,0.53,0.59,-1.927,-0.473,4.000,-35.697,-26.443,41.000
1744538891.37,-1,2.205,-0.010,-0.014,3,0.000,0.000,-0.091,10,2.203,-0.014,0.259,0.001,0.53,0.59,-1.927,-0.473,4.000,-35.697,-26.443,41.000
1744538891.37,-1,2.207,-0.010,-0.014,3,0.000,0.000,-0.022,10,2.206,-0.014,0.262,0.001,0.54,0.57,-1.927,-0.473,4.000,-35.697,-26.443,41.000
1744538891.37,-1,2.207,-0.010,-0.014,3,0.000,0.000,-0.022,10,2.206,-0.014,0.262,0.001,0.54,0.57,-1.927,-0.473,4.000,-35.697,-26.443,41.000
1744538891.40,-1,2.209,-0.010,-0.015,3,0.000,0.000,-0.022,10,2.206,-0.015,0.262,0.000,0.54,0.57,-1.927,-0.473,4.000,-35.697,-26.443,41.000
1744538891.40,-1,2.209,-0.010,-0.015,3,0.000,0.000,0.065,10,2.209,-0.015,0.265,0.000,0.54,0.57,-1.927,-0.473,4.000,-35.697,-26.443,41.000
1744538891.40,-1,2.211,-0.010,-0.016,3,0.000,0.000,0.065,10,2.209,-0.016,0.265,-0.001,0.54,0.57,-1.927,-0.473,4.000,-35.697,-26.443,41.000
1744538891.40,-1,2.212,-0.010,-0.016,3,0.000,0.000,0.070,10,2.212,-0.016,0.268,-0.001,0.51,0.57,-1.927,-0.473,4.000,-35.697,-26.443,41.000
1744538891.40,-1,2.212,-0.010,-0.016,3,0.000,0.000,0.070,10,2.212,-0.016,0.268,-0.001,0.51,0.57,-1.927,-0.473,4.000,-35.697,-26.443,41.000
1744538891.42,-1,2.214,-0.010,-0.016,3,0.000,0.000,0.070,10,2.212,-0.016,0.268,-0.001,0.51,0.57,-1.927,-0.473,4.000,-35.697,-26.443,41.000
1744538891.42,-1,2.215,-0.010,-0.017,3,0.000,0.000,0.065,10,2.215,-0.017,0.271,-0.002,0.51,0.57,-1.927,-0.473,4.000,-35.697,-26.443,41.000
1744538891.42,-1,2.216,-0.010,-0.018,3,0.000,0.000,0.065,10,2.215,-0.018,0.271,-0.003,0.51,0.57,-1.927,-0.473,4.000,-35.697,-26.443,41.000
1744538891.45,-1,2.218,-0.010,-0.018,3,0.000,0.000,0.061,10,2.217,-0.018,0.273,-0.003,0.55,0.56,-1.927,-0.473,4.000,-35.697,-26.443,41.000
1744538891.45,-1,2.218,-0.010,-0.018,3,0.000,0.000,0.061,10,2.217,-0.018,0.273,-0.003,0.55,0.56,-1.927,-0.473,4.000,-35.697,-26.443,41.000
1744538891.45,-1,2.220,-0.010,-0.018,3,0.000,0.000,0.061,10,2.217,-0.018,0.273,-0.003,0.55,0.56,-1.927,-0.473,4.000,-35.697,-26.443,41.000
1744538891.45,-1,2.221,-0.010,-0.020,3,0.000,0.000,0.052,10,2.220,-0.020,0.276,-0.005,0.55,0.56,-1.927,-0.473,4.000,-35.697,-26.443,41.000
1744538891.46,-1,2.222,-0.010,-0.018,3,0.000,0.000,0.052,10,2.220,-0.018,0.276,-0.003,0.55,0.56,-1.927,-0.473,4.000,-35.697,-26.443,41.000
1744538891.48,-1,2.224,-0.010,-0.020,3,0.000,0.000,0.087,10,2.223,-0.020,0.279,-0.005,0.57,0.54,-1.927,-0.473,4.000,-35.697,-26.443,41.000
1744538891.48,-1,2.224,-0.010,-0.020,3,0.000,0.000,0.087,10,2.223,-0.020,0.279,-0.005,0.57,0.54,-1.927,-0.473,4.000,-35.697,-26.443,41.000
1744538891.48,-1,2.226,-0.010,-0.021,3,0.000,0.000,0.087,10,2.223,-0.021,0.279,-0.006,0.57,0.54,-1.927,-0.473,4.000,-35.697,-26.443,41.000
1744538891.48,-1,2.227,-0.010,-0.021,3,0.000,0.000,0.048,10,2.226,-0.021,0.282,-0.006,0.57,0.54,-1.927,-0.473,4.000,-35.697,-26.443,41.000
1744538891.48,-1,2.228,-0.011,-0.022,3,0.000,0.000,0.048,10,2.226,-0.022,0.282,-0.007,0.57,0.54,-1.927,-0.473,4.000,-35.697,-26.443,41.000
1744538891.50,-1,2.230,-0.011,-0.022,3,0.000,0.000,0.039,10,2.229,-0.022,0.285,-0.007,0.58,0.54,-1.927,-0.473,4.000,-35.697,-26.443,41.000
1744538891.50,-1,2.230,-0.011,-0.022,3,0.000,0.000,0.039,10,2.229,-0.022,0.285,-0.007,0.58,0.54,-1.927,-0.473,4.000,-35.697,-26.443,41.000
1744538891.50,-1,2.232,-0.011,-0.021,3,0.000,0.000,0.039,10,2.229,-0.021,0.285,-0.006,0.58,0.54,-1.927,-0.473,4.000,-35.697,-26.443,41.000
1744538891.50,-1,2.233,-0.011,-0.022,3,0.000,0.000,0.035,10,2.232,-0.022,0.288,-0.007,0.58,0.54,-1.927,-0.473,4.000,-35.697,-26.443,41.000
1744538891.53,-1,2.234,-0.011,-0.022,3,0.000,0.000,0.035,10,2.232,-0.022,0.288,-0.007,0.58,0.54,-1.927,-0.473,4.000,-35.697,-26.443,41.000
1744538891.53,-1,2.236,-0.011,-0.022,3,0.000,0.000,-0.026,10,2.236,-0.022,0.291,-0.007,0.58,0.53,-1.927,-0.473,4.000,-35.697,-26.443,41.000
1744538891.53,-1,2.236,-0.011,-0.022,3,0.000,0.000,-0.026,10,2.236,-0.022,0.291,-0.007,0.58,0.53,-1.927,-0.473,4.000,-35.697,-26.443,41.000
1744538891.53,-1,2.238,-0.011,-0.022,3,0.000,0.000,-0.026,10,2.236,-0.022,0.291,-0.007,0.58,0.53,-1.927,-0.473,4.000,-35.697,-26.443,41.000
1744538891.56,-1,2.239,-0.011,-0.022,3,0.000,0.000,0.004,10,2.239,-0.022,0.294,-0.007,0.58,0.53,-1.927,-0.473,4.000,-35.697,-26.443,41.000
1744538891.56,-1,2.241,-0.011,-0.022,3,0.000,0.000,0.004,10,2.239,-0.022,0.294,-0.007,0.58,0.53,-1.927,-0.473,4.000,-35.697,-26.443,41.000
1744538891.56,-1,2.243,-0.011,-0.022,3,0.000,0.000,0.022,10,2.242,-0.022,0.298,-0.007,0.58,0.51,-1.927,-0.473,4.000,-35.697,-26.443,41.000
1744538891.56,-1,2.243,-0.011,-0.022,3,0.000,0.000,0.022,10,2.242,-0.022,0.298,-0.007,0.58,0.51,-1.927,-0.473,4.000,-35.697,-26.443,41.000
1744538891.58,-1,2.245,-0.011,-0.021,3,0.000,0.000,0.022,10,2.242,-0.021,0.298,-0.006,0.58,0.51,-1.927,-0.473,4.000,-35.697,-26.443,41.000
1744538891.58,-1,2.246,-0.011,-0.022,3,0.000,0.000,-0.022,10,2.245,-0.022,0.301,-0.007,0.58,0.51,-1.927,-0.473,4.000,-35.697,-26.443,41.000
1744538891.58,-1,2.247,-0.011,-0.021,3,0.000,0.000,-0.022,10,2.245,-0.021,0.301,-0.006,0.58,0.51,-1.927,-0.473,4.000,-35.697,-26.443,41.000
1744538891.58,-1,2.249,-0.011,-0.022,3,0.000,0.000,0.004,10,2.248,-0.022,0.304,-0.007,0.58,0.50,-1.927,-0.473,4.000,-35.697,-26.443,41.000
1744538891.58,-1,2.249,-0.011,-0.022,3,0.000,0.000,0.004,10,2.248,-0.022,0.304,-0.007,0.58,0.50,-1.927,-0.473,4.000,-35.697,-26.443,41.000
1744538891.60,-1,2.251,-0.011,-0.022,3,0.000,0.000,0.004,10,2.248,-0.022,0.304,-0.007,0.58,0.50,-1.927,-0.473,4.000,-35.697,-26.443,41.000
1744538891.60,-1,2.252,-0.011,-0.022,3,0.000,0.000,0.043,10,2.251,-0.022,0.307,-0.007,0.58,0.50,-1.927,-0.473,4.000,-35.697,-26.443,41.000
1744538891.60,-1,2.253,-0.011,-0.022,3,0.000,0.000,0.043,10,2.251,-0.022,0.307,-0.007,0.58,0.50,-1.927,-0.473,4.000,-35.697,-26.443,41.000
1744538891.62,-1,2.255,-0.011,-0.022,3,0.000,0.000,0.004,10,2.254,-0.022,0.310,-0.007,0.58,0.48,-1.927,-0.473,4.000,-35.697,-26.443,41.000
1744538891.62,-1,2.255,-0.011,-0.022,3,0.000,0.000,0.004,10,2.254,-0.022,0.310,-0.007,0.58,0.48,-1.927,-0.473,4.000,-35.697,-26.443,41.000
1744538891.64,-1,2.257,-0.011,-0.021,3,0.000,0.000,0.004,10,2.254,-0.021,0.310,-0.006,0.58,0.48,-1.927,-0.473,4.000,-35.697,-26.443,41.000
1744538891.64,-1,2.258,-0.011,-0.021,3,0.000,0.000,-0.030,10,2.257,-0.021,0.313,-0.006,0.58,0.48,-1.927,-0.473,4.000,-35.697,-26.443,41.000
1744538891.64,-1,2.259,-0.011,-0.022,3,0.000,0.000,-0.030,10,2.257,-0.022,0.313,-0.007,0.58,0.48,-1.927,-0.473,4.000,-35.697,-26.443,41.000
1744538891.65,-1,2.261,-0.011,-0.022,3,0.000,0.000,0.009,10,2.260,-0.022,0.316,-0.007,0.58,0.47,-1.927,-0.473,4.000,-35.697,-26.443,41.000
1744538891.65,-1,2.261,-0.011,-0.022,3,0.000,0.000,0.009,10,2.260,-0.022,0.316,-0.007,0.58,0.47,-1.927,-0.473,4.000,-35.697,-26.443,41.000
1744538891.65,-1,2.263,-0.011,-0.022,3,0.000,0.000,0.009,10,2.260,-0.022,0.316,-0.007,0.58,0.47,-1.927,-0.473,4.000,-35.697,-26.443,41.000
1744538891.65,-1,2.264,-0.011,-0.022,3,0.000,0.000,0.004,10,2.264,-0.022,0.319,-0.007,0.58,0.47,-1.927,-0.473,4.000,-35.697,-26.443,41.000
1744538891.65,-1,2.265,-0.011,-0.022,3,0.000,0.000,0.004,10,2.264,-0.022,0.319,-0.007,0.58,0.47,-1.927,-0.473,4.000,-35.697,-26.443,41.000
1744538891.69,-1,2.267,-0.011,-0.022,3,0.000,0.000,-0.026,10,2.267,-0.022,0.322,-0.007,0.58,0.45,-1.927,-0.473,4.000,-35.697,-26.443,41.000
1744538891.69,-1,2.267,-0.011,-0.022,3,0.000,0.000,-0.026,10,2.267,-0.022,0.322,-0.007,0.58,0.45,-1.927,-0.473,4.000,-35.697,-26.443,41.000
1744538891.69,-1,2.269,-0.011,-0.022,3,0.000,0.000,-0.026,10,2.267,-0.022,0.322,-0.007,0.58,0.45,-1.927,-0.473,4.000,-35.697,-26.443,41.000
1744538891.69,-1,2.270,-0.011,-0.022,3,0.000,0.000,0.013,10,2.270,-0.022,0.326,-0.007,0.58,0.45,-1.927,-0.473,4.000,-35.697,-26.443,41.000
1744538891.71,-1,2.271,-0.011,-0.022,3,0.000,0.000,0.013,10,2.270,-0.022,0.326,-0.007,0.58,0.45,-1.927,-0.473,4.000,-35.697,-26.443,41.000
1744538891.71,-1,2.273,-0.012,-0.022,3,0.000,0.000,0.013,10,2.273,-0.022,0.329,-0.007,0.56,0.44,-1.927,-0.473,4.000,-35.697,-26.443,41.000
1744538891.71,-1,2.273,-0.012,-0.022,3,0.000,0.000,0.013,10,2.273,-0.022,0.329,-0.007,0.56,0.44,-1.927,-0.473,4.000,-35.697,-26.443,41.000
1744538891.71,-1,2.275,-0.012,-0.022,3,0.000,0.000,0.013,10,2.273,-0.022,0.329,-0.007,0.56,0.44,-1.927,-0.473,4.000,-35.697,-26.443,41.000
1744538891.72,-1,2.276,-0.012,-0.022,3,0.000,0.000,-0.017,10,2.276,-0.022,0.332,-0.007,0.56,0.44,-1.927,-0.473,4.000,-35.697,-26.443,41.000
# remark: robobot/cmd/ti/alive 2025-04-13 12:07:52.918866
1744538891.74,-1,2.277,-0.012,-0.022,3,0.000,0.000,-0.017,10,2.276,-0.022,0.332,-0.007,0.56,0.44,-1.927,-0.473,4.000,-35.697,-26.443,41.000
1744538891.75,-1,2.280,-0.012,-0.022,3,0.000,0.000,0.000,10,2.279,-0.022,0.335,-0.007,0.55,0.43,-1.927,-0.473,4.000,-35.697,-26.443,41.000
1744538891.75,-1,2.280,-0.012,-0.022,3,0.000,0.000,0.000,10,2.279,-0.022,0.335,-0.007,0.55,0.43,-1.927,-0.473,4.000,-35.697,-26.443,41.000
1744538891.75,-1,2.281,-0.012,-0.022,3,0.000,0.000,0.000,10,2.279,-0.022,0.335,-0.007,0.55,0.43,-1.927,-0.473,4.000,-35.697,-26.443,41.000
1744538891.75,-1,2.282,-0.012,-0.022,3,0.000,0.000,0.009,10,2.282,-0.022,0.338,-0.007,0.55,0.43,-1.927,-0.473,4.000,-35.697,-26.443,41.000
1744538891.77,-1,2.284,-0.012,-0.022,3,0.000,0.000,0.009,10,2.282,-0.022,0.338,-0.007,0.55,0.43,-1.927,-0.473,4.000,-35.697,-26.443,41.000
1744538891.77,-1,2.285,-0.012,-0.022,3,0.000,0.000,-0.004,10,2.285,-0.022,0.341,-0.007,0.53,0.41,-1.927,-0.473,4.000,-35.697,-26.443,41.000
1744538891.77,-1,2.285,-0.012,-0.022,3,0.000,0.000,-0.004,10,2.285,-0.022,0.341,-0.007,0.53,0.41,-1.927,-0.473,4.000,-35.697,-26.443,41.000
1744538891.77,-1,2.288,-0.012,-0.022,3,0.000,0.000,-0.004,10,2.285,-0.022,0.341,-0.007,0.53,0.41,-1.927,-0.473,4.000,-35.697,-26.443,41.000
1744538891.80,-1,2.288,-0.012,-0.022,3,0.000,0.000,0.017,10,2.288,-0.022,0.344,-0.007,0.53,0.41,-1.927,-0.473,4.000,-35.697,-26.443,41.000
1744538891.80,-1,2.289,-0.012,-0.022,3,0.000,0.000,0.017,10,2.288,-0.022,0.344,-0.007,0.53,0.41,-1.927,-0.473,4.000,-35.697,-26.443,41.000
1744538891.80,-1,2.292,-0.012,-0.022,3,0.000,0.000,0.004,10,2.291,-0.022,0.347,-0.007,0.55,0.41,-1.927,-0.473,4.000,-35.697,-26.443,41.000
1744538891.80,-1,2.292,-0.012,-0.022,3,0.000,0.000,0.004,10,2.291,-0.022,0.347,-0.007,0.55,0.41,-1.927,-0.473,4.000,-35.697,-26.443,41.000
1744538891.82,-1,2.293,-0.012,-0.022,3,0.000,0.000,0.004,10,2.291,-0.022,0.347,-0.007,0.55,0.41,-1.927,-0.473,4.000,-35.697,-26.443,41.000
1744538891.82,-1,2.294,-0.012,-0.022,3,0.000,0.000,-0.013,10,2.294,-0.022,0.350,-0.007,0.55,0.41,-1.927,-0.473,4.000,-35.697,-26.443,41.000
1744538891.82,-1,2.296,-0.012,-0.022,3,0.000,0.000,-0.013,10,2.294,-0.022,0.350,-0.007,0.55,0.41,-1.927,-0.473,4.000,-35.697,-26.443,41.000
1744538891.82,-1,2.297,-0.012,-0.022,3,0.000,0.000,0.004,10,2.297,-0.022,0.353,-0.007,0.54,0.40,-1.927,-0.473,4.000,-35.697,-26.443,41.000
1744538891.82,-1,2.297,-0.012,-0.022,3,0.000,0.000,0.004,10,2.297,-0.022,0.353,-0.007,0.54,0.40,-1.927,-0.473,4.000,-35.697,-26.443,41.000
1744538891.85,-1,2.300,-0.012,-0.022,3,0.000,0.000,0.004,10,2.297,-0.022,0.353,-0.007,0.54,0.40,-1.927,-0.473,4.000,-35.697,-26.443,41.000
1744538891.85,-1,2.300,-0.012,-0.022,3,0.000,0.000,0.009,10,2.300,-0.022,0.356,-0.007,0.54,0.40,-1.927,-0.473,4.000,-35.697,-26.443,41.000
1744538891.85,-1,2.301,-0.012,-0.022,3,0.000,0.000,0.009,10,2.300,-0.022,0.356,-0.007,0.54,0.40,-1.927,-0.473,4.000,-35.697,-26.443,41.000
1744538891.85,-1,2.303,-0.012,-0.023,3,0.000,0.000,0.000,10,2.303,-0.023,0.359,-0.008,0.54,0.39,-1.927,-0.473,4.000,-35.697,-26.443,41.000
1744538891.85,-1,2.303,-0.012,-0.023,3,0.000,0.000,0.000,10,2.303,-0.023,0.359,-0.008,0.54,0.39,-1.927,-0.473,4.000,-35.697,-26.443,41.000
1744538891.87,-1,2.306,-0.012,-0.023,3,0.000,0.000,0.000,10,2.303,-0.023,0.359,-0.008,0.54,0.39,-1.927,-0.473,4.000,-35.697,-26.443,41.000
1744538891.87,-1,2.306,-0.012,-0.023,3,0.000,0.000,0.030,10,2.306,-0.023,0.362,-0.008,0.54,0.39,-1.927,-0.473,4.000,-35.697,-26.443,41.000
1744538891.87,-1,2.308,-0.012,-0.022,3,0.000,0.000,0.030,10,2.306,-0.022,0.362,-0.007,0.54,0.39,-1.927,-0.473,4.000,-35.697,-26.443,41.000
1744538891.90,-1,2.310,-0.012,-0.023,3,0.000,0.000,0.004,10,2.309,-0.023,0.365,-0.008,0.54,0.37,-1.927,-0.473,4.000,-35.697,-26.443,41.000
1744538891.90,-1,2.310,-0.012,-0.023,3,0.000,0.000,0.004,10,2.309,-0.023,0.365,-0.008,0.54,0.37,-1.927,-0.473,4.000,-35.697,-26.443,41.000
1744538891.90,-1,2.311,-0.012,-0.023,3,0.000,0.000,0.004,10,2.309,-0.023,0.365,-0.008,0.54,0.37,-1.927,-0.473,4.000,-35.697,-26.443,41.000
1744538891.90,-1,2.312,-0.012,-0.023,3,0.000,0.000,0.000,10,2.312,-0.023,0.368,-0.008,0.54,0.37,-1.927,-0.473,4.000,-35.697,-26.443,41.000
1744538891.90,-1,2.314,-0.012,-0.023,3,0.000,0.000,0.000,10,2.312,-0.023,0.368,-0.008,0.54,0.37,-1.927,-0.473,4.000,-35.697,-26.443,41.000
1744538891.93,-1,2.315,-0.012,-0.023,3,0.000,0.000,0.022,10,2.315,-0.023,0.371,-0.008,0.53,0.36,-1.927,-0.473,4.000,-35.697,-26.443,41.000
1744538891.93,-1,2.315,-0.012,-0.023,3,0.000,0.000,0.022,10,2.315,-0.023,0.371,-0.008,0.53,0.36,-1.927,-0.473,4.000,-35.697,-26.443,41.000
1744538891.93,-1,2.317,-0.012,-0.024,3,0.000,0.000,0.022,10,2.315,-0.024,0.371,-0.009,0.53,0.36,-1.927,-0.473,4.000,-35.697,-26.443,41.000
1744538891.93,-1,2.319,-0.013,-0.023,3,0.000,0.000,0.022,10,2.318,-0.023,0.374,-0.008,0.53,0.36,-1.927,-0.473,4.000,-35.697,-26.443,41.000
1744538891.95,-1,2.319,-0.013,-0.023,3,0.000,0.000,0.022,10,2.318,-0.023,0.374,-0.008,0.53,0.36,-1.927,-0.473,4.000,-35.697,-26.443,41.000
1744538891.95,-1,2.321,-0.013,-0.024,3,0.000,0.000,0.004,10,2.321,-0.024,0.377,-0.009,0.53,0.35,-1.927,-0.473,4.000,-35.697,-26.443,41.000
1744538891.95,-1,2.321,-0.013,-0.024,3,0.000,0.000,0.004,10,2.321,-0.024,0.377,-0.009,0.53,0.35,-1.927,-0.473,4.000,-35.697,-26.443,41.000
1744538891.95,-1,2.323,-0.013,-0.023,3,0.000,0.000,0.004,10,2.321,-0.023,0.377,-0.008,0.53,0.35,-1.927,-0.473,4.000,-35.697,-26.443,41.000
1744538891.97,-1,2.325,-0.013,-0.023,3,0.000,0.000,0.004,10,2.324,-0.023,0.380,-0.008,0.53,0.35,-1.927,-0.473,4.000,-35.697,-26.443,41.000
1744538891.98,-1,2.325,-0.013,-0.024,3,0.000,0.000,0.004,10,2.324,-0.024,0.380,-0.009,0.53,0.35,-1.927,-0.473,4.000,-35.697,-26.443,41.000
1744538891.98,-1,2.327,-0.013,-0.023,3,0.000,0.000,0.000,10,2.327,-0.023,0.383,-0.008,0.55,0.33,-1.927,-0.473,4.000,-35.697,-26.443,41.000
1744538891.98,-1,2.327,-0.013,-0.023,3,0.000,0.000,0.000,10,2.327,-0.023,0.383,-0.008,0.55,0.33,-1.927,-0.473,4.000,-35.697,-26.443,41.000
1744538892.00,-1,2.329,-0.013,-0.023,3,0.000,0.000,0.000,10,2.327,-0.023,0.383,-0.008,0.55,0.33,-1.927,-0.473,4.000,-35.697,-26.443,41.000
1744538892.00,-1,2.331,-0.013,-0.023,3,0.000,0.000,-0.013,10,2.330,-0.023,0.386,-0.008,0.55,0.33,-1.927,-0.473,4.000,-35.697,-26.443,41.000
1744538892.00,-1,2.331,-0.013,-0.023,3,0.000,0.000,-0.013,10,2.330,-0.023,0.386,-0.008,0.55,0.33,-1.927,-0.473,4.000,-35.697,-26.443,41.000
1744538892.00,-1,2.333,-0.013,-0.023,3,0.000,0.000,-0.004,10,2.333,-0.023,0.389,-0.008,0.58,0.32,-1.927,-0.473,4.000,-35.697,-26.443,41.000
1744538892.00,-1,2.333,-0.013,-0.023,3,0.000,0.000,-0.004,10,2.333,-0.023,0.389,-0.008,0.58,0.32,-1.927,-0.473,4.000,-35.697,-26.443,41.000
1744538892.03,-1,2.335,-0.013,-0.023,3,0.000,0.000,-0.004,10,2.333,-0.023,0.389,-0.008,0.58,0.32,-1.927,-0.473,4.000,-35.697,-26.443,41.000
1744538892.03,-1,2.337,-0.013,-0.023,3,0.000,0.000,-0.017,10,2.336,-0.023,0.392,-0.008,0.58,0.32,-1.927,-0.473,4.000,-35.697,-26.443,41.000
1744538892.03,-1,2.337,-0.013,-0.023,3,0.000,0.000,-0.017,10,2.336,-0.023,0.392,-0.008,0.58,0.32,-1.927,-0.473,4.000,-35.697,-26.443,41.000
1744538892.03,-1,2.339,-0.013,-0.022,3,0.000,0.000,-0.035,10,2.339,-0.022,0.395,-0.007,0.59,0.31,-1.927,-0.473,4.000,-35.697,-26.443,41.000
1744538892.03,-1,2.339,-0.013,-0.022,3,0.000,0.000,-0.035,10,2.339,-0.022,0.395,-0.007,0.59,0.31,-1.927,-0.473,4.000,-35.697,-26.443,41.000
1744538892.06,-1,2.341,-0.013,-0.023,3,0.000,0.000,-0.035,10,2.339,-0.023,0.395,-0.008,0.59,0.31,-1.927,-0.473,4.000,-35.697,-26.443,41.000
1744538892.06,-1,2.343,-0.013,-0.023,3,0.000,0.000,0.022,10,2.342,-0.023,0.398,-0.008,0.59,0.31,-1.927,-0.473,4.000,-35.697,-26.443,41.000
1744538892.06,-1,2.343,-0.013,-0.023,3,0.000,0.000,0.022,10,2.342,-0.023,0.398,-0.008,0.59,0.31,-1.927,-0.473,4.000,-35.697,-26.443,41.000
# remark: robobot/cmd/ti/rc 0.0 0.0
1744538892.09,-1,2.345,-0.013,-0.023,3,0.000,0.000,0.013,10,2.345,-0.023,0.401,-0.008,0.61,0.29,-1.927,-0.473,4.000,-35.697,-26.443,41.000
1744538892.09,-1,2.346,-0.013,-0.022,3,0.000,0.000,0.013,10,2.345,-0.022,0.401,-0.007,0.61,0.29,-1.927,-0.473,4.000,-35.697,-26.443,41.000
1744538892.09,-1,2.347,-0.013,-0.023,3,0.000,0.000,0.013,10,2.345,-0.023,0.401,-0.008,0.61,0.29,-1.927,-0.473,4.000,-35.697,-26.443,41.000
1744538892.09,-1,2.349,-0.013,-0.022,3,0.000,0.000,-0.026,10,2.348,-0.022,0.404,-0.007,0.61,0.29,-1.927,-0.473,4.000,-35.697,-26.443,41.000
1744538892.09,-1,2.349,-0.013,-0.022,3,0.000,0.000,-0.026,10,2.348,-0.022,0.404,-0.007,0.61,0.29,-1.927,-0.473,4.000,-35.697,-26.443,41.000
1744538892.11,-1,2.351,-0.013,-0.023,3,0.000,0.000,0.030,10,2.351,-0.023,0.407,-0.008,0.59,0.28,-1.927,-0.473,4.000,-35.697,-26.443,41.000
1744538892.11,-1,2.352,-0.013,-0.023,3,0.000,0.000,0.030,10,2.351,-0.023,0.407,-0.008,0.59,0.28,-1.927,-0.473,4.000,-35.697,-26.443,41.000
1744538892.11,-1,2.353,-0.013,-0.023,3,0.000,0.000,0.030,10,2.351,-0.023,0.407,-0.008,0.59,0.28,-1.927,-0.473,4.000,-35.697,-26.443,41.000
1744538892.11,-1,2.353,-0.013,-0.024,3,0.000,0.000,0.017,10,2.353,-0.024,0.409,-0.009,0.59,0.28,-1.927,-0.473,4.000,-35.697,-26.443,41.000
1744538892.11,-1,2.353,-0.013,-0.024,3,0.000,0.000,0.017,10,2.353,-0.024,0.409,-0.009,0.59,0.28,-1.927,-0.473,4.000,-35.697,-26.443,41.000
1744538892.13,-1,2.353,-0.013,-0.025,3,0.000,0.000,0.013,10,2.355,-0.025,0.411,-0.010,0.57,0.28,-1.927,-0.473,4.000,-35.697,-26.443,41.000
1744538892.13,-1,2.353,-0.013,-0.024,3,0.000,0.000,0.013,10,2.355,-0.024,0.411,-0.009,0.57,0.28,-1.927,-0.473,4.000,-35.697,-26.443,41.000
1744538892.13,-1,2.354,-0.013,-0.024,3,0.000,0.000,0.013,10,2.355,-0.024,0.411,-0.009,0.57,0.28,-1.927,-0.473,4.000,-35.697,-26.443,41.000
1744538892.13,-1,2.355,-0.013,-0.022,3,0.000,0.000,-0.039,10,2.356,-0.022,0.411,-0.007,0.57,0.28,-1.927,-0.473,4.000,-35.697,-26.443,41.000
1744538892.16,-1,2.355,-0.013,-0.022,3,0.000,0.000,-0.039,10,2.356,-0.022,0.411,-0.007,0.57,0.28,-1.927,-0.473,4.000,-35.697,-26.443,41.000
1744538892.16,-1,2.356,-0.013,-0.020,3,0.000,0.000,-0.309,10,2.357,-0.020,0.413,-0.005,0.55,0.27,-1.927,-0.473,4.000,-35.697,-26.443,41.000
1744538892.16,-1,2.357,-0.013,-0.020,3,0.000,0.000,-0.309,10,2.357,-0.020,0.413,-0.005,0.55,0.27,-1.927,-0.473,4.000,-35.697,-26.443,41.000
1744538892.16,-1,2.357,-0.013,-0.018,3,0.000,0.000,-0.309,10,2.357,-0.018,0.413,-0.003,0.55,0.27,-1.927,-0.473,4.000,-35.697,-26.443,41.000
1744538892.17,-1,2.357,-0.013,-0.018,3,0.000,0.000,-0.061,10,2.359,-0.018,0.415,-0.003,0.55,0.27,-1.927,-0.473,4.000,-35.697,-26.443,41.000
1744538892.19,-1,2.357,-0.013,-0.018,3,0.000,0.000,-0.061,10,2.359,-0.018,0.415,-0.003,0.55,0.27,-1.927,-0.473,4.000,-35.697,-26.443,41.000
1744538892.19,-1,2.358,-0.013,-0.020,3,0.000,0.000,-0.052,10,2.360,-0.020,0.416,-0.005,0.53,0.26,-1.927,-0.473,4.000,-35.697,-26.443,41.000
1744538892.19,-1,2.358,-0.013,-0.020,3,0.000,0.000,-0.052,10,2.360,-0.020,0.416,-0.005,0.53,0.26,-1.927,-0.473,4.000,-35.697,-26.443,41.000
1744538892.20,-1,2.358,-0.013,-0.021,3,0.000,0.000,-0.052,10,2.360,-0.021,0.416,-0.006,0.53,0.26,-1.927,-0.473,4.000,-35.697,-26.443,41.000
1744538892.22,-1,2.358,-0.013,-0.020,3,0.000,0.000,0.000,10,2.360,-0.020,0.416,-0.005,0.53,0.26,-1.927,-0.473,4.000,-35.697,-26.443,41.000
1744538892.22,-1,2.358,-0.013,-0.020,3,0.000,0.000,0.000,10,2.360,-0.020,0.416,-0.005,0.53,0.26,-1.927,-0.473,4.000,-35.697,-26.443,41.000
1744538892.22,-1,2.358,-0.013,-0.021,3,0.000,0.000,0.113,10,2.361,-0.021,0.417,-0.006,0.50,0.25,-1.927,-0.473,4.000,-35.697,-26.443,41.000
1744538892.22,-1,2.358,-0.013,-0.021,3,0.000,0.000,0.113,10,2.361,-0.021,0.417,-0.006,0.50,0.25,-1.927,-0.473,4.000,-35.697,-26.443,41.000
1744538892.23,-1,2.358,-0.013,-0.021,3,0.000,0.000,0.113,10,2.361,-0.021,0.417,-0.006,0.50,0.25,-1.927,-0.473,4.000,-35.697,-26.443,41.000
1744538892.23,-1,2.358,-0.013,-0.022,3,0.000,0.000,0.087,10,2.361,-0.022,0.417,-0.007,0.50,0.25,-1.927,-0.473,4.000,-35.697,-26.443,41.000
1744538892.23,-1,2.358,-0.013,-0.022,3,0.000,0.000,0.087,10,2.361,-0.022,0.417,-0.007,0.50,0.25,-1.927,-0.473,4.000,-35.697,-26.443,41.000
1744538892.23,-1,2.357,-0.013,-0.022,3,0.000,0.000,0.109,10,2.361,-0.022,0.417,-0.007,0.48,0.25,-1.927,-0.473,4.000,-35.697,-26.443,41.000
1744538892.23,-1,2.357,-0.013,-0.022,3,0.000,0.000,0.109,10,2.361,-0.022,0.417,-0.007,0.48,0.25,-1.927,-0.473,4.000,-35.697,-26.443,41.000
1744538892.27,-1,2.357,-0.013,-0.022,3,0.000,0.000,0.109,10,2.361,-0.022,0.417,-0.007,0.48,0.25,-1.927,-0.473,4.000,-35.697,-26.443,41.000
1744538892.27,-1,2.357,-0.013,-0.022,3,0.000,0.000,0.087,10,2.361,-0.022,0.417,-0.007,0.48,0.25,-1.927,-0.473,4.000,-35.697,-26.443,41.000
1744538892.27,-1,2.357,-0.013,-0.022,3,0.000,0.000,0.087,10,2.361,-0.022,0.417,-0.007,0.48,0.25,-1.927,-0.473,4.000,-35.697,-26.443,41.000
1744538892.28,-1,2.357,-0.013,-0.022,3,0.000,0.000,0.078,10,2.360,-0.022,0.416,-0.007,0.47,0.25,-1.927,-0.473,4.000,-35.697,-26.443,41.000
1744538892.28,-1,2.357,-0.013,-0.022,3,0.000,0.000,0.078,10,2.360,-0.022,0.416,-0.007,0.47,0.25,-1.927,-0.473,4.000,-35.697,-26.443,41.000
1744538892.30,-1,2.357,-0.013,-0.022,3,0.000,0.000,0.078,10,2.360,-0.022,0.416,-0.007,0.47,0.25,-1.927,-0.473,4.000,-35.697,-26.443,41.000
1744538892.30,-1,2.357,-0.013,-0.022,3,0.000,0.000,0.070,10,2.360,-0.022,0.416,-0.007,0.47,0.25,-1.927,-0.473,4.000,-35.697,-26.443,41.000
# remark: robobot/cmd/ti/alive 2025-04-13 12:07:52.918866
1744538892.30,-1,2.357,-0.013,-0.022,3,0.000,0.000,0.070,10,2.360,-0.022,0.416,-0.007,0.47,0.25,-1.927,-0.473,4.000,-35.697,-26.443,41.000
1744538892.32,-1,2.357,-0.013,-0.021,3,0.000,0.000,0.048,10,2.360,-0.021,0.416,-0.006,0.47,0.26,-1.927,-0.473,4.000,-35.697,-26.443,41.000
1744538892.32,-1,2.357,-0.013,-0.020,3,0.000,0.000,0.048,10,2.360,-0.020,0.416,-0.005,0.47,0.26,-1.927,-0.473,4.000,-35.697,-26.443,41.000
1744538892.32,-1,2.357,-0.013,-0.020,3,0.000,0.000,0.048,10,2.360,-0.020,0.416,-0.005,0.47,0.26,-1.927,-0.473,4.000,-35.697,-26.443,41.000
1744538892.32,-1,2.357,-0.013,-0.017,3,0.000,0.000,0.009,10,2.360,-0.017,0.416,-0.002,0.47,0.26,-1.927,-0.473,4.000,-35.697,-26.443,41.000
1744538892.32,-1,2.357,-0.013,-0.017,3,0.000,0.000,0.009,10,2.360,-0.017,0.416,-0.002,0.47,0.26,-1.927,-0.473,4.000,-35.697,-26.443,41.000
1744538892.33,-1,2.356,-0.013,-0.015,3,0.000,0.000,-0.043,10,2.360,-0.015,0.416,0.000,0.46,0.26,-1.927,-0.473,4.000,-35.697,-26.443,41.000
1744538892.33,-1,2.356,-0.013,-0.015,3,0.000,0.000,-0.043,10,2.360,-0.015,0.416,0.000,0.46,0.26,-1.927,-0.473,4.000,-35.697,-26.443,41.000
1744538892.33,-1,2.356,-0.013,-0.014,3,0.000,0.000,-0.043,10,2.360,-0.014,0.416,0.001,0.46,0.26,-1.927,-0.473,4.000,-35.697,-26.443,41.000
1744538892.35,-1,2.356,-0.013,-0.014,3,0.000,0.000,-0.096,10,2.359,-0.014,0.415,0.001,0.46,0.26,-1.927,-0.473,4.000,-35.697,-26.443,41.000
1744538892.37,-1,2.356,-0.013,-0.014,3,0.000,0.000,-0.096,10,2.359,-0.014,0.415,0.001,0.46,0.26,-1.927,-0.473,4.000,-35.697,-26.443,41.000
1744538892.37,-1,2.356,-0.013,-0.014,3,0.000,0.000,-0.113,10,2.359,-0.014,0.415,0.001,0.46,0.26,-1.927,-0.473,4.000,-35.697,-26.443,41.000
1744538892.37,-1,2.356,-0.013,-0.014,3,0.000,0.000,-0.113,10,2.359,-0.014,0.415,0.001,0.46,0.26,-1.927,-0.473,4.000,-35.697,-26.443,41.000
1744538892.37,-1,2.356,-0.013,-0.014,3,0.000,0.000,-0.113,10,2.359,-0.014,0.415,0.001,0.46,0.26,-1.927,-0.473,4.000,-35.697,-26.443,41.000
1744538892.38,-1,2.356,-0.013,-0.014,3,0.000,0.000,-0.087,10,2.359,-0.014,0.415,0.001,0.46,0.26,-1.927,-0.473,4.000,-35.697,-26.443,41.000
1744538892.40,-1,2.356,-0.013,-0.014,3,0.000,0.000,-0.087,10,2.359,-0.014,0.415,0.001,0.46,0.26,-1.927,-0.473,4.000,-35.697,-26.443,41.000
1744538892.40,-1,2.356,-0.013,-0.014,3,0.000,0.000,-0.057,10,2.359,-0.014,0.415,0.001,0.46,0.26,-1.927,-0.473,4.000,-35.697,-26.443,41.000
1744538892.40,-1,2.356,-0.013,-0.014,3,0.000,0.000,-0.057,10,2.359,-0.014,0.415,0.001,0.46,0.26,-1.927,-0.473,4.000,-35.697,-26.443,41.000
1744538892.40,-1,2.356,-0.013,-0.014,3,0.000,0.000,-0.057,10,2.359,-0.014,0.415,0.001,0.46,0.26,-1.927,-0.473,4.000,-35.697,-26.443,41.000
1744538892.43,-1,2.356,-0.013,-0.014,3,0.000,0.000,-0.039,10,2.359,-0.014,0.414,0.001,0.46,0.26,-1.927,-0.473,4.000,-35.697,-26.443,41.000
1744538892.43,-1,2.356,-0.013,-0.014,3,0.000,0.000,-0.039,10,2.359,-0.014,0.414,0.001,0.46,0.26,-1.927,-0.473,4.000,-35.697,-26.443,41.000
1744538892.43,-1,2.356,-0.013,-0.014,3,0.000,0.000,-0.030,10,2.358,-0.014,0.414,0.001,0.45,0.26,-1.927,-0.473,4.000,-35.697,-26.443,41.000
1744538892.43,-1,2.356,-0.013,-0.015,3,0.000,0.000,-0.030,10,2.358,-0.015,0.414,0.000,0.45,0.26,-1.927,-0.473,4.000,-35.697,-26.443,41.000
1744538892.45,-1,2.356,-0.013,-0.015,3,0.000,0.000,-0.030,10,2.358,-0.015,0.414,0.000,0.45,0.26,-1.927,-0.473,4.000,-35.697,-26.443,41.000
1744538892.45,-1,2.356,-0.013,-0.015,3,0.000,0.000,0.009,10,2.358,-0.015,0.414,0.000,0.45,0.26,-1.927,-0.473,4.000,-35.697,-26.443,41.000
1744538892.45,-1,2.356,-0.013,-0.015,3,0.000,0.000,0.009,10,2.358,-0.015,0.414,0.000,0.45,0.26,-1.927,-0.473,4.000,-35.697,-26.443,41.000
1744538892.45,-1,2.356,-0.013,-0.015,3,0.000,0.000,0.000,10,2.358,-0.015,0.414,0.000,0.45,0.26,-1.927,-0.473,4.000,-35.697,-26.443,41.000
1744538892.47,-1,2.356,-0.013,-0.015,3,0.000,0.000,0.000,10,2.358,-0.015,0.414,0.000,0.45,0.26,-1.927,-0.473,4.000,-35.697,-26.443,41.000
1744538892.47,-1,2.356,-0.013,-0.015,3,0.000,0.000,0.000,10,2.358,-0.015,0.414,0.000,0.45,0.26,-1.927,-0.473,4.000,-35.697,-26.443,41.000
1744538892.47,-1,2.356,-0.013,-0.015,3,0.000,0.000,0.000,10,2.358,-0.015,0.414,0.000,0.45,0.26,-1.927,-0.473,4.000,-35.697,-26.443,41.000
1744538892.47,-1,2.356,-0.013,-0.015,3,0.000,0.000,0.000,10,2.358,-0.015,0.414,0.000,0.45,0.26,-1.927,-0.473,4.000,-35.697,-26.443,41.000
1744538892.49,-1,2.356,-0.013,-0.015,3,0.000,0.000,-0.004,10,2.358,-0.015,0.414,0.000,0.43,0.26,-1.927,-0.473,4.000,-35.697,-26.443,41.000
1744538892.49,-1,2.356,-0.013,-0.015,3,0.000,0.000,-0.004,10,2.358,-0.015,0.414,0.000,0.43,0.26,-1.927,-0.473,4.000,-35.697,-26.443,41.000
1744538892.50,-1,2.356,-0.013,-0.015,3,0.000,0.000,-0.004,10,2.358,-0.015,0.414,0.000,0.43,0.26,-1.927,-0.473,4.000,-35.697,-26.443,41.000
1744538892.50,-1,2.356,-0.013,-0.015,3,0.000,0.000,-0.004,10,2.358,-0.015,0.414,0.000,0.43,0.26,-1.927,-0.473,4.000,-35.697,-26.443,41.000
1744538892.52,-1,2.356,-0.013,-0.015,3,0.000,0.000,-0.004,10,2.358,-0.015,0.414,0.000,0.43,0.26,-1.927,-0.473,4.000,-35.697,-26.443,41.000
1744538892.52,-1,2.356,-0.013,-0.015,3,0.000,0.000,-0.004,10,2.358,-0.015,0.414,0.000,0.44,0.26,-1.927,-0.473,4.000,-35.697,-26.443,41.000
1744538892.52,-1,2.356,-0.013,-0.015,3,0.000,0.000,-0.004,10,2.358,-0.015,0.414,0.000,0.44,0.26,-1.927,-0.473,4.000,-35.697,-26.443,41.000
1744538892.52,-1,2.356,-0.013,-0.015,3,0.000,0.000,-0.004,10,2.358,-0.015,0.414,0.000,0.44,0.26,-1.927,-0.473,4.000,-35.697,-26.443,41.000
1744538892.55,-1,2.356,-0.013,-0.015,3,0.000,0.000,-0.004,10,2.358,-0.015,0.414,0.000,0.44,0.26,-1.927,-0.473,4.000,-35.697,-26.443,41.000
1744538892.55,-1,2.356,-0.013,-0.015,3,0.000,0.000,-0.004,10,2.358,-0.015,0.414,0.000,0.44,0.26,-1.927,-0.473,4.000,-35.697,-26.443,41.000
1744538892.55,-1,2.356,-0.013,-0.015,3,0.000,0.000,-0.009,10,2.358,-0.015,0.414,0.000,0.45,0.26,-1.927,-0.473,4.000,-35.697,-26.443,41.000
1744538892.55,-1,2.356,-0.013,-0.015,3,0.000,0.000,-0.009,10,2.358,-0.015,0.414,0.000,0.45,0.26,-1.927,-0.473,4.000,-35.697,-26.443,41.000
1744538892.55,-1,2.356,-0.013,-0.015,3,0.000,0.000,-0.009,10,2.358,-0.015,0.414,0.000,0.45,0.26,-1.927,-0.473,4.000,-35.697,-26.443,41.000
1744538892.57,-1,2.356,-0.013,-0.015,3,0.000,0.000,-0.004,10,2.358,-0.015,0.414,0.000,0.45,0.26,-1.927,-0.473,4.000,-35.697,-26.443,41.000
1744538892.57,-1,2.356,-0.013,-0.015,3,0.000,0.000,-0.004,10,2.358,-0.015,0.414,0.000,0.45,0.26,-1.927,-0.473,4.000,-35.697,-26.443,41.000
1744538892.57,-1,2.356,-0.013,-0.015,3,0.000,0.000,0.000,10,2.358,-0.015,0.414,0.000,0.44,0.26,-1.927,-0.473,4.000,-35.697,-26.443,41.000
1744538892.57,-1,2.356,-0.013,-0.015,3,0.000,0.000,0.000,10,2.358,-0.015,0.414,0.000,0.44,0.26,-1.927,-0.473,4.000,-35.697,-26.443,41.000
1744538892.60,-1,2.356,-0.013,-0.015,3,0.000,0.000,0.000,10,2.358,-0.015,0.414,0.000,0.44,0.26,-1.927,-0.473,4.000,-35.697,-26.443,41.000
1744538892.60,-1,2.356,-0.013,-0.015,3,0.000,0.000,0.000,10,2.358,-0.015,0.414,0.000,0.44,0.26,-1.927,-0.473,4.000,-35.697,-26.443,41.000
1744538892.60,-1,2.356,-0.013,-0.015,3,0.000,0.000,0.000,10,2.358,-0.015,0.414,0.000,0.44,0.26,-1.927,-0.473,4.000,-35.697,-26.443,41.000
1744538892.62,-1,2.356,-0.013,-0.015,3,0.000,0.000,0.000,10,2.358,-0.015,0.414,0.000,0.45,0.26,-1.927,-0.473,4.000,-35.697,-26.443,41.000
1744538892.62,-1,2.356,-0.013,-0.015,3,0.000,0.000,0.000,10,2.358,-0.015,0.414,0.000,0.45,0.26,-1.927,-0.473,4.000,-35.697,-26.443,41.000
1744538892.62,-1,2.356,-0.013,-0.015,3,0.000,0.000,0.000,10,2.358,-0.015,0.414,0.000,0.45,0.26,-1.927,-0.473,4.000,-35.697,-26.443,41.000
1744538892.62,-1,2.356,-0.013,-0.015,3,0.000,0.000,0.000,10,2.358,-0.015,0.414,0.000,0.45,0.26,-1.927,-0.473,4.000,-35.697,-26.443,41.000
1744538892.62,-1,2.356,-0.013,-0.015,3,0.000,0.000,0.000,10,2.358,-0.015,0.414,0.000,0.45,0.26,-1.927,-0.473,4.000,-35.697,-26.443,41.000
1744538892.64,-1,2.356,-0.013,-0.015,3,0.000,0.000,0.000,10,2.358,-0.015,0.413,0.000,0.45,0.26,-1.927,-0.473,4.000,-35.697,-26.443,41.000
1744538892.64,-1,2.356,-0.013,-0.015,3,0.000,0.000,0.000,10,2.358,-0.015,0.413,0.000,0.45,0.26,-1.927,-0.473,4.000,-35.697,-26.443,41.000
1744538892.66,-1,2.356,-0.013,-0.015,3,0.000,0.000,0.000,10,2.358,-0.015,0.413,0.000,0.45,0.26,-1.927,-0.473,4.000,-35.697,-26.443,41.000
1744538892.66,-1,2.356,-0.013,-0.015,3,0.000,0.000,0.000,10,2.358,-0.015,0.413,0.000,0.45,0.26,-1.927,-0.473,4.000,-35.697,-26.443,41.000
1744538892.66,-1,2.356,-0.013,-0.015,3,0.000,0.000,0.000,10,2.358,-0.015,0.413,0.000,0.45,0.26,-1.927,-0.473,4.000,-35.697,-26.443,41.000
1744538892.66,-1,2.356,-0.013,-0.015,3,0.000,0.000,-0.004,10,2.357,-0.015,0.413,0.000,0.46,0.26,-1.927,-0.473,4.000,-35.697,-26.443,41.000
1744538892.66,-1,2.356,-0.013,-0.015,3,0.000,0.000,-0.004,10,2.357,-0.015,0.413,0.000,0.46,0.26,-1.927,-0.473,4.000,-35.697,-26.443,41.000
1744538892.68,-1,2.356,-0.013,-0.015,3,0.000,0.000,-0.004,10,2.357,-0.015,0.413,0.000,0.46,0.26,-1.927,-0.473,4.000,-35.697,-26.443,41.000
1744538892.68,-1,2.356,-0.013,-0.015,3,0.000,0.000,-0.004,10,2.357,-0.015,0.413,0.000,0.46,0.26,-1.927,-0.473,4.000,-35.697,-26.443,41.000
1744538892.68,-1,2.356,-0.013,-0.015,3,0.000,0.000,-0.004,10,2.357,-0.015,0.413,0.000,0.46,0.26,-1.927,-0.473,4.000,-35.697,-26.443,41.000
1744538892.68,-1,2.356,-0.013,-0.015,3,0.000,0.000,0.000,10,2.357,-0.015,0.413,0.000,0.47,0.26,-1.927,-0.473,4.000,-35.697,-26.443,41.000
1744538892.72,-1,2.356,-0.013,-0.015,3,0.000,0.000,0.000,10,2.357,-0.015,0.413,0.000,0.47,0.26,-1.927,-0.473,4.000,-35.697,-26.443,41.000
1744538892.72,-1,2.356,-0.013,-0.015,3,0.000,0.000,0.000,10,2.357,-0.015,0.413,0.000,0.47,0.26,-1.927,-0.473,4.000,-35.697,-26.443,41.000
1744538892.72,-1,2.356,-0.013,-0.015,3,0.000,0.000,0.004,10,2.357,-0.015,0.413,0.000,0.47,0.26,-1.927,-0.473,4.000,-35.697,-26.443,41.000
1744538892.72,-1,2.356,-0.013,-0.015,3,0.000,0.000,0.004,10,2.357,-0.015,0.413,0.000,0.47,0.26,-1.927,-0.473,4.000,-35.697,-26.443,41.000
1744538892.72,-1,2.356,-0.013,-0.015,3,0.000,0.000,0.004,10,2.357,-0.015,0.413,0.000,0.44,0.26,-1.927,-0.473,4.000,-35.697,-26.443,41.000
1744538892.72,-1,2.356,-0.013,-0.015,3,0.000,0.000,0.004,10,2.357,-0.015,0.413,0.000,0.44,0.26,-1.927,-0.473,4.000,-35.697,-26.443,41.000
1744538892.75,-1,2.356,-0.013,-0.015,3,0.000,0.000,0.004,10,2.357,-0.015,0.413,0.000,0.44,0.26,-1.927,-0.473,4.000,-35.697,-26.443,41.000
1744538892.75,-1,2.356,-0.013,-0.015,3,0.000,0.000,0.000,10,2.357,-0.015,0.413,0.000,0.44,0.26,-1.927,-0.473,4.000,-35.697,-26.443,41.000
1744538892.75,-1,2.356,-0.013,-0.015,3,0.000,0.000,0.000,10,2.357,-0.015,0.413,0.000,0.44,0.26,-1.927,-0.473,4.000,-35.697,-26.443,41.000
1744538892.77,-1,2.356,-0.013,-0.015,3,0.000,0.000,-0.004,10,2.357,-0.015,0.413,0.000,0.44,0.26,-1.927,-0.473,4.000,-35.697,-26.443,41.000
1744538892.77,-1,2.356,-0.013,-0.015,3,0.000,0.000,-0.004,10,2.357,-0.015,0.413,0.000,0.44,0.26,-1.927,-0.473,4.000,-35.697,-26.443,41.000
1744538892.77,-1,2.356,-0.013,-0.015,3,0.000,0.000,-0.004,10,2.357,-0.015,0.413,0.000,0.44,0.26,-1.927,-0.473,4.000,-35.697,-26.443,41.000
1744538892.77,-1,2.356,-0.013,-0.015,3,0.000,0.000,-0.004,10,2.357,-0.015,0.413,0.000,0.44,0.26,-1.927,-0.473,4.000,-35.697,-26.443,41.000
1744538892.77,-1,2.356,-0.013,-0.015,3,0.000,0.000,-0.004,10,2.357,-0.015,0.413,0.000,0.44,0.26,-1.927,-0.473,4.000,-35.697,-26.443,41.000
1744538892.80,-1,2.356,-0.013,-0.015,3,0.000,0.000,-0.004,10,2.357,-0.015,0.413,0.000,0.46,0.26,-1.927,-0.473,4.000,-35.697,-26.443,41.000
1744538892.80,-1,2.356,-0.013,-0.015,3,0.000,0.000,-0.004,10,2.357,-0.015,0.413,0.000,0.46,0.26,-1.927,-0.473,4.000,-35.697,-26.443,41.000
1744538892.80,-1,2.356,-0.013,-0.015,3,0.000,0.000,-0.004,10,2.357,-0.015,0.413,0.000,0.46,0.26,-1.927,-0.473,4.000,-35.697,-26.443,41.000
1744538892.80,-1,2.356,-0.013,-0.015,3,0.000,0.000,-0.004,10,2.357,-0.015,0.413,0.000,0.46,0.26,-1.927,-0.473,4.000,-35.697,-26.443,41.000
1744538892.82,-1,2.356,-0.013,-0.015,3,0.000,0.000,-0.004,10,2.357,-0.015,0.413,0.000,0.46,0.26,-1.927,-0.473,4.000,-35.697,-26.443,41.000
1744538892.82,-1,2.356,-0.013,-0.015,3,0.000,0.000,-0.004,10,2.357,-0.015,0.413,0.000,0.49,0.26,-1.927,-0.473,4.000,-35.697,-26.443,41.000
1744538892.82,-1,2.356,-0.013,-0.015,3,0.000,0.000,-0.004,10,2.357,-0.015,0.413,0.000,0.49,0.26,-1.927,-0.473,4.000,-35.697,-26.443,41.000
1744538892.82,-1,2.356,-0.013,-0.015,3,0.000,0.000,-0.004,10,2.357,-0.015,0.413,0.000,0.49,0.26,-1.927,-0.473,4.000,-35.697,-26.443,41.000
1744538892.85,-1,2.356,-0.013,-0.015,3,0.000,0.000,-0.000,10,2.357,-0.015,0.413,0.000,0.49,0.26,-1.927,-0.473,4.000,-35.697,-26.443,41.000
1744538892.85,-1,2.356,-0.013,-0.015,3,0.000,0.000,-0.000,10,2.357,-0.015,0.413,0.000,0.49,0.26,-1.927,-0.473,4.000,-35.697,-26.443,41.000
1744538892.85,-1,2.356,-0.013,-0.015,3,0.000,0.000,0.004,10,2.357,-0.015,0.413,0.000,0.45,0.26,-1.927,-0.473,4.000,-35.697,-26.443,41.000
1744538892.85,-1,2.356,-0.013,-0.015,3,0.000,0.000,0.004,10,2.357,-0.015,0.413,0.000,0.45,0.26,-1.927,-0.473,4.000,-35.697,-26.443,41.000
# remark: robobot/cmd/ti/alive 2025-04-13 12:07:52.918866
# remark: robobot/cmd/ti/rc 0.0 0.0
# remark: robobot/cmd/T0/leds 16 0 0 0
# remark: robobot/cmd/T0/leds 16 0 100 0
# remark: robobot/cmd/ti/rc 0.0 -0.80
1744538892.87,-1,2.356,-0.013,-0.015,3,0.000,0.000,0.004,10,2.357,-0.015,0.000,0.000,0.45,0.26,-1.927,-0.473,4.000,-35.697,-26.443,41.000
1744538892.87,-1,2.356,-0.013,-0.015,3,0.000,0.000,0.004,10,2.357,-0.015,0.000,0.000,0.45,0.26,-1.927,-0.473,4.000,-35.697,-26.443,41.000
1744538892.87,-1,2.356,-0.013,-0.015,3,0.000,0.000,0.004,10,2.357,-0.015,0.000,0.000,0.45,0.26,-1.927,-0.473,4.000,-35.697,-26.443,41.000
1744538892.87,-1,2.356,-0.013,-0.015,3,0.000,0.000,0.004,10,2.357,-0.015,0.000,0.000,0.46,0.26,-1.927,-0.473,4.000,-35.697,-26.443,41.000
1744538892.87,-1,2.356,-0.013,-0.015,3,0.000,0.000,0.004,10,2.357,-0.015,0.000,0.000,0.46,0.26,-1.927,-0.473,4.000,-35.697,-26.443,41.000
1744538892.89,-1,2.356,-0.013,-0.015,3,0.000,0.000,0.004,10,2.357,-0.015,0.000,0.000,0.46,0.26,-1.927,-0.473,4.000,-35.697,-26.443,41.000
1744538892.89,-1,2.356,-0.013,-0.015,3,0.000,0.000,0.004,10,2.357,-0.015,0.000,0.000,0.46,0.26,-1.927,-0.473,4.000,-35.697,-26.443,41.000
1744538892.89,-1,2.356,-0.013,-0.015,3,0.000,0.000,0.004,10,2.357,-0.015,0.000,0.000,0.46,0.26,-1.927,-0.473,4.000,-35.697,-26.443,41.000
1744538892.92,-1,2.356,-0.013,-0.017,3,0.000,0.000,0.004,10,2.357,-0.017,0.000,-0.002,0.46,0.26,-1.927,-0.473,4.000,-35.697,-26.443,41.000
1744538892.92,-1,2.356,-0.013,-0.017,3,0.000,0.000,0.004,10,2.357,-0.017,0.000,-0.002,0.46,0.26,-1.927,-0.473,4.000,-35.697,-26.443,41.000
1744538892.92,-1,2.356,-0.013,-0.017,3,0.000,0.000,0.004,10,2.357,-0.017,0.000,-0.002,0.46,0.26,-1.927,-0.473,4.000,-35.697,-26.443,41.000
1744538892.92,-1,2.356,-0.013,-0.021,3,0.000,0.000,0.004,10,2.357,-0.021,0.000,-0.006,0.46,0.26,-1.927,-0.473,4.000,-35.697,-26.443,41.000
1744538892.92,-1,2.356,-0.013,-0.021,3,0.000,0.000,0.004,10,2.357,-0.021,0.000,-0.006,0.46,0.26,-1.927,-0.473,4.000,-35.697,-26.443,41.000
1744538892.95,-1,2.356,-0.013,-0.025,3,0.000,0.000,0.130,10,2.357,-0.025,-0.000,-0.010,0.46,0.26,-1.927,-0.473,4.000,-35.697,-26.443,41.000
1744538892.95,-1,2.356,-0.013,-0.025,3,0.000,0.000,0.130,10,2.357,-0.025,-0.000,-0.010,0.46,0.26,-1.927,-0.473,4.000,-35.697,-26.443,41.000
1744538892.95,-1,2.356,-0.013,-0.028,3,0.000,0.000,0.130,10,2.357,-0.028,-0.000,-0.013,0.46,0.26,-1.927,-0.473,4.000,-35.697,-26.443,41.000
1744538892.95,-1,2.356,-0.013,-0.029,3,0.000,0.000,0.265,10,2.357,-0.029,-0.001,-0.014,0.46,0.26,-1.927,-0.473,4.000,-35.697,-26.443,41.000
1744538892.97,-1,2.356,-0.013,-0.029,3,0.000,0.000,0.265,10,2.357,-0.029,-0.001,-0.014,0.46,0.26,-1.927,-0.473,4.000,-35.697,-26.443,41.000
1744538892.97,-1,2.356,-0.013,-0.034,3,0.000,0.000,0.296,10,2.357,-0.034,-0.001,-0.019,0.44,0.26,-1.927,-0.473,4.000,-35.697,-26.443,41.000
1744538892.98,-1,2.356,-0.013,-0.036,3,0.000,0.000,0.296,10,2.357,-0.036,-0.001,-0.021,0.44,0.26,-1.927,-0.473,4.000,-35.697,-26.443,41.000
1744538892.98,-1,2.356,-0.013,-0.038,3,0.000,0.000,0.296,10,2.357,-0.038,-0.001,-0.023,0.44,0.26,-1.927,-0.473,4.000,-35.697,-26.443,41.000
1744538893.00,-1,2.357,-0.013,-0.042,3,0.000,0.000,0.500,10,2.357,-0.042,-0.000,-0.027,0.44,0.26,-1.927,-0.473,4.000,-35.697,-26.443,41.000
1744538893.00,-1,2.357,-0.013,-0.042,3,0.000,0.000,0.500,10,2.357,-0.042,-0.000,-0.027,0.44,0.26,-1.927,-0.473,4.000,-35.697,-26.443,41.000
1744538893.00,-1,2.357,-0.013,-0.046,3,0.000,0.000,0.374,10,2.357,-0.046,-0.000,-0.031,0.48,0.26,-1.927,-0.473,4.000,-35.697,-26.443,41.000
1744538893.00,-1,2.357,-0.013,-0.049,3,0.000,0.000,0.374,10,2.357,-0.049,-0.000,-0.034,0.48,0.26,-1.927,-0.473,4.000,-35.697,-26.443,41.000
1744538893.00,-1,2.357,-0.013,-0.051,3,0.000,0.000,0.374,10,2.357,-0.051,-0.000,-0.036,0.48,0.26,-1.927,-0.473,4.000,-35.697,-26.443,41.000
1744538893.02,-1,2.357,-0.013,-0.056,3,0.000,0.000,0.374,10,2.357,-0.056,-0.000,-0.041,0.48,0.26,-1.927,-0.473,4.000,-35.697,-26.443,41.000
1744538893.02,-1,2.357,-0.013,-0.056,3,0.000,0.000,0.374,10,2.357,-0.056,-0.000,-0.041,0.48,0.26,-1.927,-0.473,4.000,-35.697,-26.443,41.000
1744538893.02,-1,2.357,-0.013,-0.061,3,0.000,0.000,0.504,10,2.357,-0.061,0.000,-0.046,0.50,0.26,-1.927,-0.473,4.000,-35.697,-26.443,41.000
1744538893.02,-1,2.357,-0.013,-0.066,3,0.000,0.000,0.504,10,2.357,-0.066,0.000,-0.051,0.50,0.26,-1.927,-0.473,4.000,-35.697,-26.443,41.000
1744538893.05,-1,2.357,-0.013,-0.068,3,0.000,0.000,0.504,10,2.357,-0.068,0.000,-0.053,0.50,0.26,-1.927,-0.473,4.000,-35.697,-26.443,41.000
1744538893.05,-1,2.357,-0.013,-0.075,3,0.000,0.000,0.661,10,2.357,-0.075,0.000,-0.060,0.50,0.26,-1.927,-0.473,4.000,-35.697,-26.443,41.000
1744538893.05,-1,2.357,-0.013,-0.075,3,0.000,0.000,0.661,10,2.357,-0.075,0.000,-0.060,0.50,0.26,-1.927,-0.473,4.000,-35.697,-26.443,41.000
1744538893.05,-1,2.357,-0.013,-0.083,3,0.000,0.000,0.752,10,2.358,-0.083,0.000,-0.068,0.52,0.26,-1.927,-0.473,4.000,-35.697,-26.443,41.000
1744538893.07,-1,2.357,-0.013,-0.088,3,0.000,0.000,0.752,10,2.358,-0.088,0.000,-0.073,0.52,0.26,-1.927,-0.473,4.000,-35.697,-26.443,41.000
1744538893.07,-1,2.357,-0.013,-0.091,3,0.000,0.000,0.752,10,2.358,-0.091,0.000,-0.076,0.52,0.26,-1.927,-0.473,4.000,-35.697,-26.443,41.000
1744538893.07,-1,2.357,-0.013,-0.101,3,0.000,0.000,0.813,10,2.358,-0.101,0.000,-0.086,0.52,0.26,-1.927,-0.473,4.000,-35.697,-26.443,41.000
1744538893.07,-1,2.357,-0.013,-0.101,3,0.000,0.000,0.813,10,2.358,-0.101,0.000,-0.086,0.52,0.26,-1.927,-0.473,4.000,-35.697,-26.443,41.000
1744538893.10,-1,2.357,-0.013,-0.110,3,0.000,0.000,0.913,10,2.358,-0.110,0.000,-0.095,0.57,0.26,-1.927,-0.473,4.000,-35.697,-26.443,41.000
1744538893.10,-1,2.357,-0.013,-0.117,3,0.000,0.000,0.913,10,2.358,-0.117,0.000,-0.102,0.57,0.26,-1.927,-0.473,4.000,-35.697,-26.443,41.000
1744538893.10,-1,2.357,-0.013,-0.119,3,0.000,0.000,0.913,10,2.358,-0.119,0.000,-0.104,0.57,0.26,-1.927,-0.473,4.000,-35.697,-26.443,41.000
1744538893.10,-1,2.357,-0.013,-0.130,3,0.000,0.000,0.974,10,2.358,-0.130,0.000,-0.115,0.57,0.26,-1.927,-0.473,4.000,-35.697,-26.443,41.000
1744538893.10,-1,2.357,-0.013,-0.130,3,0.000,0.000,0.974,10,2.358,-0.130,0.000,-0.115,0.57,0.26,-1.927,-0.473,4.000,-35.697,-26.443,41.000
1744538893.12,-1,2.357,-0.013,-0.139,3,0.000,0.000,0.978,10,2.358,-0.139,0.001,-0.124,0.60,0.27,-1.927,-0.473,4.000,-35.697,-26.443,41.000
1744538893.12,-1,2.357,-0.013,-0.145,3,0.000,0.000,0.978,10,2.358,-0.145,0.001,-0.130,0.60,0.27,-1.927,-0.473,4.000,-35.697,-26.443,41.000
1744538893.12,-1,2.357,-0.013,-0.149,3,0.000,0.000,0.978,10,2.358,-0.149,0.001,-0.134,0.60,0.27,-1.927,-0.473,4.000,-35.697,-26.443,41.000
1744538893.12,-1,2.357,-0.013,-0.161,3,0.000,0.000,1.026,10,2.358,-0.161,0.001,-0.146,0.60,0.27,-1.927,-0.473,4.000,-35.697,-26.443,41.000
1744538893.15,-1,2.357,-0.013,-0.161,3,0.000,0.000,1.026,10,2.358,-0.161,0.001,-0.146,0.60,0.27,-1.927,-0.473,4.000,-35.697,-26.443,41.000
1744538893.15,-1,2.357,-0.013,-0.170,3,0.000,0.000,1.022,10,2.358,-0.170,0.001,-0.155,0.57,0.27,-1.927,-0.473,4.000,-35.697,-26.443,41.000
1744538893.15,-1,2.357,-0.013,-0.176,3,0.000,0.000,1.022,10,2.358,-0.176,0.001,-0.161,0.57,0.27,-1.927,-0.473,4.000,-35.697,-26.443,41.000
1744538893.15,-1,2.357,-0.013,-0.179,3,0.000,0.000,1.022,10,2.358,-0.179,0.001,-0.164,0.57,0.27,-1.927,-0.473,4.000,-35.697,-26.443,41.000
1744538893.17,-1,2.357,-0.013,-0.191,3,0.000,0.000,0.978,10,2.358,-0.191,0.001,-0.176,0.57,0.27,-1.927,-0.473,4.000,-35.697,-26.443,41.000
1744538893.17,-1,2.357,-0.013,-0.191,3,0.000,0.000,0.978,10,2.358,-0.191,0.001,-0.176,0.57,0.27,-1.927,-0.473,4.000,-35.697,-26.443,41.000
1744538893.17,-1,2.357,-0.013,-0.200,3,0.000,0.000,1.030,10,2.358,-0.200,0.001,-0.185,0.56,0.28,-1.927,-0.473,4.000,-35.697,-26.443,41.000
1744538893.17,-1,2.357,-0.013,-0.205,3,0.000,0.000,1.030,10,2.358,-0.205,0.001,-0.190,0.56,0.28,-1.927,-0.473,4.000,-35.697,-26.443,41.000
1744538893.20,-1,2.357,-0.013,-0.209,3,0.000,0.000,1.030,10,2.358,-0.209,0.001,-0.194,0.56,0.28,-1.927,-0.473,4.000,-35.697,-26.443,41.000
1744538893.20,-1,2.357,-0.013,-0.219,3,0.000,0.000,0.930,10,2.358,-0.219,0.001,-0.204,0.56,0.28,-1.927,-0.473,4.000,-35.697,-26.443,41.000
1744538893.20,-1,2.357,-0.013,-0.219,3,0.000,0.000,0.930,10,2.358,-0.219,0.001,-0.204,0.56,0.28,-1.927,-0.473,4.000,-35.697,-26.443,41.000
1744538893.20,-1,2.357,-0.013,-0.227,3,0.000,0.000,0.904,10,2.358,-0.227,0.001,-0.212,0.55,0.28,-1.927,-0.473,4.000,-35.697,-26.443,41.000
1744538893.20,-1,2.357,-0.013,-0.234,3,0.000,0.000,0.904,10,2.358,-0.234,0.001,-0.219,0.55,0.28,-1.927,-0.473,4.000,-35.697,-26.443,41.000
1744538893.22,-1,2.357,-0.013,-0.236,3,0.000,0.000,0.904,10,2.358,-0.236,0.001,-0.221,0.55,0.28,-1.927,-0.473,4.000,-35.697,-26.443,41.000
1744538893.22,-1,2.357,-0.013,-0.245,3,0.000,0.000,0.926,10,2.358,-0.245,0.001,-0.230,0.55,0.28,-1.927,-0.473,4.000,-35.697,-26.443,41.000
1744538893.22,-1,2.357,-0.013,-0.245,3,0.000,0.000,0.926,10,2.358,-0.245,0.001,-0.230,0.55,0.28,-1.927,-0.473,4.000,-35.697,-26.443,41.000
1744538893.25,-1,2.357,-0.013,-0.254,3,0.000,0.000,0.887,10,2.358,-0.254,0.001,-0.239,0.53,0.28,-1.927,-0.473,4.000,-35.697,-26.443,41.000
1744538893.25,-1,2.357,-0.013,-0.259,3,0.000,0.000,0.887,10,2.358,-0.259,0.001,-0.244,0.53,0.28,-1.927,-0.473,4.000,-35.697,-26.443,41.000
1744538893.25,-1,2.357,-0.013,-0.264,3,0.000,0.000,0.887,10,2.358,-0.264,0.001,-0.249,0.53,0.28,-1.927,-0.473,4.000,-35.697,-26.443,41.000
1744538893.25,-1,2.357,-0.013,-0.272,3,0.000,0.000,0.878,10,2.358,-0.272,0.001,-0.257,0.53,0.28,-1.927,-0.473,4.000,-35.697,-26.443,41.000
1744538893.25,-1,2.357,-0.013,-0.272,3,0.000,0.000,0.878,10,2.358,-0.272,0.001,-0.257,0.53,0.28,-1.927,-0.473,4.000,-35.697,-26.443,41.000
1744538893.28,-1,2.357,-0.013,-0.281,3,0.000,0.000,0.870,10,2.358,-0.281,0.001,-0.266,0.53,0.24,-1.927,-0.473,4.000,-35.697,-26.443,41.000
1744538893.28,-1,2.357,-0.013,-0.286,3,0.000,0.000,0.870,10,2.358,-0.286,0.001,-0.271,0.53,0.24,-1.927,-0.473,4.000,-35.697,-26.443,41.000
1744538893.28,-1,2.357,-0.013,-0.289,3,0.000,0.000,0.870,10,2.358,-0.289,0.001,-0.274,0.53,0.24,-1.927,-0.473,4.000,-35.697,-26.443,41.000
1744538893.28,-1,2.357,-0.013,-0.297,3,0.000,0.000,0.848,10,2.358,-0.297,0.001,-0.282,0.53,0.24,-1.927,-0.473,4.000,-35.697,-26.443,41.000
1744538893.28,-1,2.357,-0.013,-0.297,3,0.000,0.000,0.848,10,2.358,-0.297,0.001,-0.282,0.53,0.24,-1.927,-0.473,4.000,-35.697,-26.443,41.000
1744538893.30,-1,2.357,-0.013,-0.305,3,0.000,0.000,0.852,10,2.358,-0.305,0.001,-0.290,0.52,0.25,-1.927,-0.473,4.000,-35.697,-26.443,41.000
1744538893.30,-1,2.357,-0.013,-0.311,3,0.000,0.000,0.852,10,2.358,-0.311,0.001,-0.296,0.52,0.25,-1.927,-0.473,4.000,-35.697,-26.443,41.000
1744538893.30,-1,2.357,-0.013,-0.316,3,0.000,0.000,0.852,10,2.358,-0.316,0.001,-0.301,0.52,0.25,-1.927,-0.473,4.000,-35.697,-26.443,41.000
1744538893.30,-1,2.357,-0.013,-0.324,3,0.000,0.000,0.891,10,2.358,-0.324,0.001,-0.309,0.52,0.25,-1.927,-0.473,4.000,-35.697,-26.443,41.000
1744538893.33,-1,2.357,-0.013,-0.324,3,0.000,0.000,0.891,10,2.358,-0.324,0.001,-0.309,0.52,0.25,-1.927,-0.473,4.000,-35.697,-26.443,41.000
1744538893.33,-1,2.357,-0.013,-0.332,3,0.000,0.000,0.891,10,2.358,-0.332,0.001,-0.317,0.50,0.27,-1.927,-0.473,4.000,-35.697,-26.443,41.000
1744538893.33,-1,2.357,-0.013,-0.338,3,0.000,0.000,0.891,10,2.358,-0.338,0.001,-0.323,0.50,0.27,-1.927,-0.473,4.000,-35.697,-26.443,41.000
1744538893.33,-1,2.357,-0.013,-0.340,3,0.000,0.000,0.891,10,2.358,-0.340,0.001,-0.325,0.50,0.27,-1.927,-0.473,4.000,-35.697,-26.443,41.000
1744538893.36,-1,2.357,-0.013,-0.349,3,0.000,0.000,0.817,10,2.358,-0.349,0.001,-0.334,0.50,0.27,-1.927,-0.473,4.000,-35.697,-26.443,41.000
1744538893.36,-1,2.357,-0.013,-0.349,3,0.000,0.000,0.817,10,2.358,-0.349,0.001,-0.334,0.50,0.27,-1.927,-0.473,4.000,-35.697,-26.443,41.000
1744538893.36,-1,2.357,-0.013,-0.357,3,0.000,0.000,0.843,10,2.358,-0.357,0.000,-0.342,0.51,0.29,-1.927,-0.473,4.000,-35.697,-26.443,41.000
1744538893.36,-1,2.357,-0.013,-0.362,3,0.000,0.000,0.843,10,2.358,-0.362,0.000,-0.347,0.51,0.29,-1.927,-0.473,4.000,-35.697,-26.443,41.000
1744538893.38,-1,2.357,-0.013,-0.365,3,0.000,0.000,0.843,10,2.358,-0.365,0.000,-0.350,0.51,0.29,-1.927,-0.473,4.000,-35.697,-26.443,41.000
1744538893.38,-1,2.357,-0.013,-0.372,3,0.000,0.000,0.813,10,2.358,-0.372,0.000,-0.357,0.51,0.29,-1.927,-0.473,4.000,-35.697,-26.443,41.000
1744538893.38,-1,2.357,-0.013,-0.372,3,0.000,0.000,0.813,10,2.358,-0.372,0.000,-0.357,0.51,0.29,-1.927,-0.473,4.000,-35.697,-26.443,41.000
1744538893.38,-1,2.357,-0.013,-0.381,3,0.000,0.000,0.770,10,2.358,-0.381,0.000,-0.365,0.48,0.29,-1.927,-0.473,4.000,-35.697,-26.443,41.000
1744538893.38,-1,2.357,-0.013,-0.386,3,0.000,0.000,0.770,10,2.358,-0.386,0.000,-0.371,0.48,0.29,-1.927,-0.473,4.000,-35.697,-26.443,41.000
1744538893.40,-1,2.357,-0.013,-0.389,3,0.000,0.000,0.770,10,2.358,-0.389,0.000,-0.374,0.48,0.29,-1.927,-0.473,4.000,-35.697,-26.443,41.000
1744538893.40,-1,2.357,-0.013,-0.397,3,0.000,0.000,0.817,10,2.358,-0.397,0.000,-0.382,0.48,0.29,-1.927,-0.473,4.000,-35.697,-26.443,41.000
1744538893.40,-1,2.357,-0.013,-0.397,3,0.000,0.000,0.817,10,2.358,-0.397,0.000,-0.382,0.48,0.29,-1.927,-0.473,4.000,-35.697,-26.443,41.000
# remark: robobot/cmd/ti/alive 2025-04-13 12:07:52.918866
1744538893.43,-1,2.357,-0.013,-0.404,3,0.000,0.000,0.787,10,2.358,-0.404,0.000,-0.389,0.47,0.29,-1.927,-0.473,4.000,-35.697,-26.443,41.000
1744538893.43,-1,2.357,-0.013,-0.409,3,0.000,0.000,0.787,10,2.358,-0.409,0.000,-0.394,0.47,0.29,-1.927,-0.473,4.000,-35.697,-26.443,41.000
1744538893.43,-1,2.357,-0.013,-0.412,3,0.000,0.000,0.787,10,2.358,-0.412,0.000,-0.397,0.47,0.29,-1.927,-0.473,4.000,-35.697,-26.443,41.000
1744538893.43,-1,2.357,-0.013,-0.419,3,0.000,0.000,0.774,10,2.358,-0.419,0.000,-0.404,0.47,0.29,-1.927,-0.473,4.000,-35.697,-26.443,41.000
1744538893.43,-1,2.357,-0.013,-0.419,3,0.000,0.000,0.774,10,2.358,-0.419,0.000,-0.404,0.47,0.29,-1.927,-0.473,4.000,-35.697,-26.443,41.000
1744538893.45,-1,2.357,-0.013,-0.427,3,0.000,0.000,0.761,10,2.358,-0.427,0.000,-0.412,0.48,0.29,-1.927,-0.473,4.000,-35.697,-26.443,41.000
1744538893.45,-1,2.357,-0.013,-0.430,3,0.000,0.000,0.761,10,2.358,-0.430,0.000,-0.415,0.48,0.29,-1.927,-0.473,4.000,-35.697,-26.443,41.000
1744538893.45,-1,2.357,-0.013,-0.432,3,0.000,0.000,0.761,10,2.358,-0.432,0.000,-0.417,0.48,0.29,-1.927,-0.473,4.000,-35.697,-26.443,41.000
1744538893.45,-1,2.357,-0.013,-0.441,3,0.000,0.000,0.713,10,2.357,-0.441,0.000,-0.426,0.48,0.29,-1.927,-0.473,4.000,-35.697,-26.443,41.000
1744538893.48,-1,2.357,-0.013,-0.441,3,0.000,0.000,0.713,10,2.357,-0.441,0.000,-0.426,0.48,0.29,-1.927,-0.473,4.000,-35.697,-26.443,41.000
1744538893.48,-1,2.357,-0.013,-0.448,3,0.000,0.000,0.739,10,2.357,-0.448,-0.000,-0.433,0.51,0.30,-1.927,-0.473,4.000,-35.697,-26.443,41.000
1744538893.48,-1,2.357,-0.013,-0.452,3,0.000,0.000,0.739,10,2.357,-0.452,-0.000,-0.437,0.51,0.30,-1.927,-0.473,4.000,-35.697,-26.443,41.000
1744538893.49,-1,2.356,-0.013,-0.456,3,0.000,0.000,0.739,10,2.357,-0.456,-0.000,-0.441,0.51,0.30,-1.927,-0.473,4.000,-35.697,-26.443,41.000
1744538893.49,-1,2.357,-0.013,-0.461,3,0.000,0.000,0.704,10,2.357,-0.461,-0.000,-0.446,0.51,0.30,-1.927,-0.473,4.000,-35.697,-26.443,41.000
1744538893.51,-1,2.357,-0.013,-0.461,3,0.000,0.000,0.704,10,2.357,-0.461,-0.000,-0.446,0.51,0.30,-1.927,-0.473,4.000,-35.697,-26.443,41.000
1744538893.51,-1,2.356,-0.013,-0.468,3,0.000,0.000,0.696,10,2.357,-0.468,-0.000,-0.453,0.54,0.32,-1.927,-0.473,4.000,-35.697,-26.443,41.000
1744538893.51,-1,2.356,-0.013,-0.473,3,0.000,0.000,0.696,10,2.357,-0.473,-0.000,-0.458,0.54,0.32,-1.927,-0.473,4.000,-35.697,-26.443,41.000
1744538893.52,-1,2.356,-0.013,-0.478,3,0.000,0.000,0.696,10,2.357,-0.478,-0.000,-0.463,0.54,0.32,-1.927,-0.473,4.000,-35.697,-26.443,41.000
1744538893.54,-1,2.356,-0.013,-0.485,3,0.000,0.000,0.770,10,2.357,-0.485,-0.000,-0.470,0.54,0.32,-1.927,-0.473,4.000,-35.697,-26.443,41.000
1744538893.54,-1,2.356,-0.013,-0.485,3,0.000,0.000,0.770,10,2.357,-0.485,-0.000,-0.470,0.54,0.32,-1.927,-0.473,4.000,-35.697,-26.443,41.000
1744538893.54,-1,2.356,-0.013,-0.490,3,0.000,0.000,0.735,10,2.357,-0.490,-0.000,-0.475,0.53,0.35,-1.927,-0.473,4.000,-35.697,-26.443,41.000
1744538893.54,-1,2.356,-0.013,-0.495,3,0.000,0.000,0.735,10,2.357,-0.495,-0.000,-0.480,0.53,0.35,-1.927,-0.473,4.000,-35.697,-26.443,41.000
1744538893.54,-1,2.356,-0.013,-0.497,3,0.000,0.000,0.735,10,2.357,-0.497,-0.000,-0.482,0.53,0.35,-1.927,-0.473,4.000,-35.697,-26.443,41.000
1744538893.56,-1,2.357,-0.013,-0.505,3,0.000,0.000,0.683,10,2.357,-0.505,-0.000,-0.490,0.53,0.35,-1.927,-0.473,4.000,-35.697,-26.443,41.000
1744538893.56,-1,2.357,-0.013,-0.505,3,0.000,0.000,0.683,10,2.357,-0.505,-0.000,-0.490,0.53,0.35,-1.927,-0.473,4.000,-35.697,-26.443,41.000
1744538893.56,-1,2.357,-0.013,-0.512,3,0.000,0.000,0.752,10,2.357,-0.512,-0.000,-0.497,0.51,0.38,-1.927,-0.473,4.000,-35.697,-26.443,41.000
1744538893.57,-1,2.356,-0.013,-0.516,3,0.000,0.000,0.752,10,2.357,-0.516,-0.000,-0.501,0.51,0.38,-1.927,-0.473,4.000,-35.697,-26.443,41.000
1744538893.59,-1,2.357,-0.013,-0.519,3,0.000,0.000,0.752,10,2.357,-0.519,-0.000,-0.504,0.51,0.38,-1.927,-0.473,4.000,-35.697,-26.443,41.000
1744538893.59,-1,2.357,-0.013,-0.526,3,0.000,0.000,0.726,10,2.357,-0.526,-0.000,-0.511,0.51,0.38,-1.927,-0.473,4.000,-35.697,-26.443,41.000
1744538893.59,-1,2.357,-0.013,-0.526,3,0.000,0.000,0.726,10,2.357,-0.526,-0.000,-0.511,0.51,0.38,-1.927,-0.473,4.000,-35.697,-26.443,41.000
1744538893.59,-1,2.357,-0.013,-0.535,3,0.000,0.000,0.748,10,2.357,-0.535,-0.000,-0.520,0.48,0.40,-1.927,-0.473,4.000,-35.697,-26.443,41.000
1744538893.62,-1,2.357,-0.013,-0.540,3,0.000,0.000,0.748,10,2.357,-0.540,-0.000,-0.525,0.48,0.40,-1.927,-0.473,4.000,-35.697,-26.443,41.000
1744538893.62,-1,2.357,-0.013,-0.542,3,0.000,0.000,0.748,10,2.357,-0.542,-0.000,-0.527,0.48,0.40,-1.927,-0.473,4.000,-35.697,-26.443,41.000
1744538893.62,-1,2.357,-0.013,-0.550,3,0.000,0.000,0.813,10,2.357,-0.550,-0.000,-0.535,0.48,0.40,-1.927,-0.473,4.000,-35.697,-26.443,41.000
1744538893.62,-1,2.357,-0.013,-0.550,3,0.000,0.000,0.813,10,2.357,-0.550,-0.000,-0.535,0.48,0.40,-1.927,-0.473,4.000,-35.697,-26.443,41.000
1744538893.63,-1,2.357,-0.013,-0.559,3,0.000,0.000,0.791,10,2.357,-0.559,-0.000,-0.544,0.55,0.41,-1.927,-0.473,4.000,-35.697,-26.443,41.000
1744538893.63,-1,2.357,-0.013,-0.563,3,0.000,0.000,0.791,10,2.357,-0.563,-0.000,-0.548,0.55,0.41,-1.927,-0.473,4.000,-35.697,-26.443,41.000
1744538893.63,-1,2.357,-0.013,-0.567,3,0.000,0.000,0.791,10,2.357,-0.567,-0.000,-0.552,0.55,0.41,-1.927,-0.473,4.000,-35.697,-26.443,41.000
1744538893.63,-1,2.357,-0.013,-0.575,3,0.000,0.000,0.817,10,2.357,-0.575,-0.000,-0.560,0.55,0.41,-1.927,-0.473,4.000,-35.697,-26.443,41.000
1744538893.63,-1,2.357,-0.013,-0.575,3,0.000,0.000,0.817,10,2.357,-0.575,-0.000,-0.560,0.55,0.41,-1.927,-0.473,4.000,-35.697,-26.443,41.000
1744538893.67,-1,2.356,-0.013,-0.583,3,0.000,0.000,0.813,10,2.357,-0.583,-0.000,-0.568,0.74,0.43,-1.927,-0.473,4.000,-35.697,-26.443,41.000
1744538893.67,-1,2.356,-0.013,-0.588,3,0.000,0.000,0.813,10,2.357,-0.588,-0.000,-0.573,0.74,0.43,-1.927,-0.473,4.000,-35.697,-26.443,41.000
1744538893.67,-1,2.356,-0.013,-0.590,3,0.000,0.000,0.813,10,2.357,-0.590,-0.000,-0.575,0.74,0.43,-1.927,-0.473,4.000,-35.697,-26.443,41.000
1744538893.67,-1,2.356,-0.013,-0.599,3,0.000,0.000,0.783,10,2.357,-0.599,-0.000,-0.584,0.74,0.43,-1.927,-0.473,4.000,-35.697,-26.443,41.000
1744538893.68,-1,2.356,-0.013,-0.599,3,0.000,0.000,0.783,10,2.357,-0.599,-0.000,-0.584,0.74,0.43,-1.927,-0.473,4.000,-35.697,-26.443,41.000
1744538893.68,-1,2.356,-0.013,-0.606,3,0.000,0.000,0.770,10,2.357,-0.606,-0.000,-0.591,0.79,0.47,-1.927,-0.473,4.000,-35.697,-26.443,41.000
1744538893.68,-1,2.356,-0.013,-0.610,3,0.000,0.000,0.770,10,2.357,-0.610,-0.000,-0.595,0.79,0.47,-1.927,-0.473,4.000,-35.697,-26.443,41.000
1744538893.68,-1,2.356,-0.013,-0.613,3,0.000,0.000,0.770,10,2.357,-0.613,-0.000,-0.598,0.79,0.47,-1.927,-0.473,4.000,-35.697,-26.443,41.000
1744538893.72,-1,2.357,-0.013,-0.621,3,0.000,0.000,0.739,10,2.357,-0.621,-0.000,-0.606,0.79,0.47,-1.927,-0.473,4.000,-35.697,-26.443,41.000
1744538893.72,-1,2.357,-0.013,-0.621,3,0.000,0.000,0.739,10,2.357,-0.621,-0.000,-0.606,0.79,0.47,-1.927,-0.473,4.000,-35.697,-26.443,41.000
1744538893.72,-1,2.356,-0.013,-0.628,3,0.000,0.000,0.783,10,2.357,-0.628,-0.000,-0.613,0.73,0.50,-1.927,-0.473,4.000,-35.697,-26.443,41.000
1744538893.72,-1,2.356,-0.013,-0.633,3,0.000,0.000,0.783,10,2.357,-0.633,-0.000,-0.618,0.73,0.50,-1.927,-0.473,4.000,-35.697,-26.443,41.000
1744538893.72,-1,2.356,-0.013,-0.635,3,0.000,0.000,0.783,10,2.357,-0.635,-0.000,-0.620,0.73,0.50,-1.927,-0.473,4.000,-35.697,-26.443,41.000
1744538893.73,-1,2.356,-0.013,-0.644,3,0.000,0.000,0.743,10,2.357,-0.644,-0.000,-0.629,0.73,0.50,-1.927,-0.473,4.000,-35.697,-26.443,41.000
1744538893.73,-1,2.356,-0.013,-0.644,3,0.000,0.000,0.743,10,2.357,-0.644,-0.000,-0.629,0.73,0.50,-1.927,-0.473,4.000,-35.697,-26.443,41.000
1744538893.73,-1,2.356,-0.013,-0.651,3,0.000,0.000,0.796,10,2.357,-0.651,-0.000,-0.636,0.69,0.55,-1.927,-0.473,4.000,-35.697,-26.443,41.000
1744538893.73,-1,2.357,-0.013,-0.657,3,0.000,0.000,0.796,10,2.357,-0.657,-0.000,-0.642,0.69,0.55,-1.927,-0.473,4.000,-35.697,-26.443,41.000
1744538893.77,-1,2.357,-0.013,-0.660,3,0.000,0.000,0.796,10,2.357,-0.660,-0.000,-0.645,0.69,0.55,-1.927,-0.473,4.000,-35.697,-26.443,41.000
1744538893.77,-1,2.357,-0.013,-0.668,3,0.000,0.000,0.835,10,2.357,-0.668,-0.000,-0.653,0.69,0.55,-1.927,-0.473,4.000,-35.697,-26.443,41.000
1744538893.77,-1,2.357,-0.013,-0.668,3,0.000,0.000,0.835,10,2.357,-0.668,-0.000,-0.653,0.69,0.55,-1.927,-0.473,4.000,-35.697,-26.443,41.000
1744538893.79,-1,2.357,-0.013,-0.676,3,0.000,0.000,0.813,10,2.357,-0.676,0.000,-0.661,0.71,0.62,-1.927,-0.473,4.000,-35.697,-26.443,41.000
1744538893.79,-1,2.357,-0.013,-0.681,3,0.000,0.000,0.813,10,2.357,-0.681,0.000,-0.666,0.71,0.62,-1.927,-0.473,4.000,-35.697,-26.443,41.000
1744538893.80,-1,2.357,-0.013,-0.685,3,0.000,0.000,0.813,10,2.357,-0.685,0.000,-0.670,0.71,0.62,-1.927,-0.473,4.000,-35.697,-26.443,41.000
1744538893.80,-1,2.357,-0.013,-0.694,3,0.000,0.000,0.848,10,2.357,-0.694,0.000,-0.679,0.71,0.62,-1.927,-0.473,4.000,-35.697,-26.443,41.000
1744538893.80,-1,2.357,-0.013,-0.694,3,0.000,0.000,0.848,10,2.357,-0.694,0.000,-0.679,0.71,0.62,-1.927,-0.473,4.000,-35.697,-26.443,41.000
1744538893.82,-1,2.357,-0.013,-0.702,3,0.000,0.000,0.861,10,2.357,-0.702,0.000,-0.687,0.78,0.67,-1.927,-0.473,4.000,-35.697,-26.443,41.000
1744538893.82,-1,2.357,-0.013,-0.706,3,0.000,0.000,0.861,10,2.357,-0.706,0.000,-0.691,0.78,0.67,-1.927,-0.473,4.000,-35.697,-26.443,41.000
1744538893.82,-1,2.357,-0.013,-0.710,3,0.000,0.000,0.861,10,2.357,-0.710,0.000,-0.695,0.78,0.67,-1.927,-0.473,4.000,-35.697,-26.443,41.000
1744538893.82,-1,2.357,-0.013,-0.718,3,0.000,0.000,0.830,10,2.358,-0.718,0.000,-0.703,0.78,0.67,-1.927,-0.473,4.000,-35.697,-26.443,41.000
1744538893.82,-1,2.357,-0.013,-0.718,3,0.000,0.000,0.830,10,2.358,-0.718,0.000,-0.703,0.78,0.67,-1.927,-0.473,4.000,-35.697,-26.443,41.000
1744538893.84,-1,2.357,-0.013,-0.727,3,0.000,0.000,0.865,10,2.358,-0.727,0.000,-0.712,0.85,0.73,-1.927,-0.473,4.000,-35.697,-26.443,41.000
1744538893.84,-1,2.357,-0.013,-0.733,3,0.000,0.000,0.865,10,2.358,-0.733,0.000,-0.718,0.85,0.73,-1.927,-0.473,4.000,-35.697,-26.443,41.000
1744538893.84,-1,2.357,-0.013,-0.736,3,0.000,0.000,0.865,10,2.358,-0.736,0.000,-0.721,0.85,0.73,-1.927,-0.473,4.000,-35.697,-26.443,41.000
1744538893.85,-1,2.357,-0.013,-0.745,3,0.000,0.000,0.887,10,2.358,-0.745,0.000,-0.730,0.85,0.73,-1.927,-0.473,4.000,-35.697,-26.443,41.000
1744538893.87,-1,2.357,-0.013,-0.745,3,0.000,0.000,0.887,10,2.358,-0.745,0.000,-0.730,0.85,0.73,-1.927,-0.473,4.000,-35.697,-26.443,41.000
1744538893.87,-1,2.357,-0.013,-0.753,3,0.000,0.000,0.839,10,2.358,-0.753,0.000,-0.738,0.99,0.87,-1.927,-0.473,4.000,-35.697,-26.443,41.000
1744538893.87,-1,2.357,-0.013,-0.757,3,0.000,0.000,0.839,10,2.358,-0.757,0.000,-0.742,0.99,0.87,-1.927,-0.473,4.000,-35.697,-26.443,41.000
1744538893.87,-1,2.357,-0.013,-0.762,3,0.000,0.000,0.839,10,2.358,-0.762,0.000,-0.747,0.99,0.87,-1.927,-0.473,4.000,-35.697,-26.443,41.000
1744538893.90,-1,2.357,-0.013,-0.769,3,0.000,0.000,0.839,10,2.357,-0.769,0.000,-0.754,0.99,0.87,-1.927,-0.473,4.000,-35.697,-26.443,41.000
1744538893.90,-1,2.357,-0.013,-0.769,3,0.000,0.000,0.839,10,2.357,-0.769,0.000,-0.754,0.99,0.87,-1.927,-0.473,4.000,-35.697,-26.443,41.000
1744538893.90,-1,2.357,-0.013,-0.777,3,0.000,0.000,0.813,10,2.358,-0.777,0.000,-0.762,1.10,1.00,-1.927,-0.473,4.000,-35.697,-26.443,41.000
1744538893.90,-1,2.357,-0.013,-0.782,3,0.000,0.000,0.813,10,2.358,-0.782,0.000,-0.767,1.10,1.00,-1.927,-0.473,4.000,-35.697,-26.443,41.000
1744538893.90,-1,2.357,-0.013,-0.785,3,0.000,0.000,0.813,10,2.358,-0.785,0.000,-0.770,1.10,1.00,-1.927,-0.473,4.000,-35.697,-26.443,41.000
1744538893.92,-1,2.357,-0.013,-0.793,3,0.000,0.000,0.787,10,2.358,-0.793,0.000,-0.778,1.10,1.00,-1.927,-0.473,4.000,-35.697,-26.443,41.000
1744538893.92,-1,2.357,-0.013,-0.793,3,0.000,0.000,0.787,10,2.358,-0.793,0.000,-0.778,1.10,1.00,-1.927,-0.473,4.000,-35.697,-26.443,41.000
1744538893.92,-1,2.357,-0.013,-0.801,3,0.000,0.000,0.817,10,2.357,-0.801,0.000,-0.786,1.50,1.17,-1.927,-0.473,4.000,-35.697,-26.443,41.000
1744538893.92,-1,2.357,-0.013,-0.807,3,0.000,0.000,0.817,10,2.357,-0.807,0.000,-0.792,1.50,1.17,-1.927,-0.473,4.000,-35.697,-26.443,41.000
1744538893.95,-1,2.357,-0.013,-0.809,3,0.000,0.000,0.817,10,2.357,-0.809,0.000,-0.794,1.50,1.17,-1.927,-0.473,4.000,-35.697,-26.443,41.000
1744538893.95,-1,2.357,-0.013,-0.818,3,0.000,0.000,0.839,10,2.357,-0.818,0.000,-0.803,1.50,1.17,-1.927,-0.473,4.000,-35.697,-26.443,41.000
1744538893.95,-1,2.357,-0.013,-0.818,3,0.000,0.000,0.839,10,2.357,-0.818,0.000,-0.803,1.50,1.17,-1.927,-0.473,4.000,-35.697,-26.443,41.000
1744538893.95,-1,2.357,-0.013,-0.827,3,0.000,0.000,0.835,10,2.357,-0.827,0.000,-0.812,1.50,1.50,-1.927,-0.473,4.000,-35.697,-26.443,41.000
1744538893.95,-1,2.357,-0.013,-0.830,3,0.000,0.000,0.835,10,2.357,-0.830,0.000,-0.815,1.50,1.50,-1.927,-0.473,4.000,-35.697,-26.443,41.000
1744538893.97,-1,2.357,-0.013,-0.834,3,0.000,0.000,0.835,10,2.357,-0.834,0.000,-0.819,1.50,1.50,-1.927,-0.473,4.000,-35.697,-26.443,41.000
1744538893.97,-1,2.357,-0.013,-0.841,3,0.000,0.000,0.770,10,2.357,-0.841,0.000,-0.826,1.50,1.50,-1.927,-0.473,4.000,-35.697,-26.443,41.000
1744538893.97,-1,2.357,-0.013,-0.841,3,0.000,0.000,0.770,10,2.357,-0.841,0.000,-0.826,1.50,1.50,-1.927,-0.473,4.000,-35.697,-26.443,41.000
# remark: robobot/cmd/ti/alive 2025-04-13 12:07:52.918866
1744538894.00,-1,2.357,-0.013,-0.849,3,0.000,0.000,0.770,10,2.358,-0.849,0.000,-0.834,1.50,1.50,-1.927,-0.473,4.000,-35.697,-26.443,41.000
1744538894.00,-1,2.357,-0.013,-0.855,3,0.000,0.000,0.770,10,2.358,-0.855,0.000,-0.840,1.50,1.50,-1.927,-0.473,4.000,-35.697,-26.443,41.000
1744538894.00,-1,2.357,-0.013,-0.858,3,0.000,0.000,0.770,10,2.358,-0.858,0.000,-0.843,1.50,1.50,-1.927,-0.473,4.000,-35.697,-26.443,41.000
1744538894.00,-1,2.357,-0.013,-0.867,3,0.000,0.000,0.865,10,2.358,-0.867,0.000,-0.852,1.50,1.50,-1.927,-0.473,4.000,-35.697,-26.443,41.000
1744538894.00,-1,2.357,-0.013,-0.867,3,0.000,0.000,0.865,10,2.358,-0.867,0.000,-0.852,1.50,1.50,-1.927,-0.473,4.000,-35.697,-26.443,41.000
1744538894.02,-1,2.357,-0.013,-0.877,3,0.000,0.000,0.861,10,2.358,-0.877,0.000,-0.862,1.50,1.50,-1.927,-0.473,4.000,-35.697,-26.443,41.000
1744538894.02,-1,2.357,-0.013,-0.880,3,0.000,0.000,0.861,10,2.358,-0.880,0.000,-0.865,1.50,1.50,-1.927,-0.473,4.000,-35.697,-26.443,41.000
1744538894.02,-1,2.357,-0.013,-0.885,3,0.000,0.000,0.861,10,2.358,-0.885,0.000,-0.870,1.50,1.50,-1.927,-0.473,4.000,-35.697,-26.443,41.000
1744538894.03,-1,2.357,-0.013,-0.893,3,0.000,0.000,0.843,10,2.357,-0.893,0.000,-0.878,1.50,1.50,-1.927,-0.473,4.000,-35.697,-26.443,41.000
1744538894.03,-1,2.357,-0.013,-0.893,3,0.000,0.000,0.843,10,2.357,-0.893,0.000,-0.878,1.50,1.50,-1.927,-0.473,4.000,-35.697,-26.443,41.000
1744538894.06,-1,2.357,-0.013,-0.901,3,0.000,0.000,0.796,10,2.358,-0.901,0.000,-0.886,1.50,1.50,-1.927,-0.473,4.000,-35.697,-26.443,41.000
1744538894.06,-1,2.357,-0.013,-0.904,3,0.000,0.000,0.796,10,2.358,-0.904,0.000,-0.889,1.50,1.50,-1.927,-0.473,4.000,-35.697,-26.443,41.000
1744538894.06,-1,2.357,-0.013,-0.909,3,0.000,0.000,0.796,10,2.358,-0.909,0.000,-0.894,1.50,1.50,-1.927,-0.473,4.000,-35.697,-26.443,41.000
1744538894.06,-1,2.357,-0.013,-0.917,3,0.000,0.000,0.787,10,2.358,-0.917,0.000,-0.902,1.50,1.50,-1.927,-0.473,4.000,-35.697,-26.443,41.000
1744538894.08,-1,2.357,-0.013,-0.917,3,0.000,0.000,0.787,10,2.358,-0.917,0.000,-0.902,1.50,1.50,-1.927,-0.473,4.000,-35.697,-26.443,41.000
1744538894.08,-1,2.357,-0.013,-0.925,3,0.000,0.000,0.800,10,2.358,-0.925,0.000,-0.910,1.50,1.50,-1.927,-0.473,4.000,-35.697,-26.443,41.000
1744538894.08,-1,2.357,-0.013,-0.927,3,0.000,0.000,0.800,10,2.358,-0.927,0.000,-0.912,1.50,1.50,-1.927,-0.473,4.000,-35.697,-26.443,41.000
1744538894.08,-1,2.357,-0.013,-0.932,3,0.000,0.000,0.800,10,2.358,-0.932,0.000,-0.917,1.50,1.50,-1.927,-0.473,4.000,-35.697,-26.443,41.000
1744538894.08,-1,2.357,-0.014,-0.940,3,0.000,0.000,0.787,10,2.358,-0.940,0.000,-0.925,1.50,1.50,-1.927,-0.473,4.000,-35.697,-26.443,41.000
1744538894.11,-1,2.357,-0.014,-0.940,3,0.000,0.000,0.787,10,2.358,-0.940,0.000,-0.925,1.50,1.50,-1.927,-0.473,4.000,-35.697,-26.443,41.000
1744538894.11,-1,2.357,-0.013,-0.948,3,0.000,0.000,0.791,10,2.358,-0.948,0.000,-0.933,1.50,1.50,-1.927,-0.473,4.000,-35.697,-26.443,41.000
1744538894.11,-1,2.357,-0.013,-0.952,3,0.000,0.000,0.791,10,2.358,-0.952,0.000,-0.937,1.50,1.50,-1.927,-0.473,4.000,-35.697,-26.443,41.000
1744538894.11,-1,2.357,-0.013,-0.956,3,0.000,0.000,0.791,10,2.358,-0.956,0.000,-0.941,1.50,1.50,-1.927,-0.473,4.000,-35.697,-26.443,41.000
1744538894.12,-1,2.357,-0.013,-0.965,3,0.000,0.000,0.813,10,2.358,-0.965,0.000,-0.950,1.50,1.50,-1.927,-0.473,4.000,-35.697,-26.443,41.000
1744538894.14,-1,2.357,-0.013,-0.965,3,0.000,0.000,0.813,10,2.358,-0.965,0.000,-0.950,1.50,1.50,-1.927,-0.473,4.000,-35.697,-26.443,41.000
1744538894.14,-1,2.357,-0.013,-0.972,3,0.000,0.000,0.800,10,2.357,-0.972,0.000,-0.957,1.50,1.50,-1.927,-0.473,4.000,-35.697,-26.443,41.000
1744538894.14,-1,2.357,-0.013,-0.976,3,0.000,0.000,0.800,10,2.357,-0.976,0.000,-0.961,1.50,1.50,-1.927,-0.473,4.000,-35.697,-26.443,41.000
1744538894.14,-1,2.357,-0.013,-0.981,3,0.000,0.000,0.800,10,2.357,-0.981,0.000,-0.966,1.50,1.50,-1.927,-0.473,4.000,-35.697,-26.443,41.000
1744538894.17,-1,2.357,-0.013,-0.990,3,0.000,0.000,0.857,10,2.358,-0.990,0.000,-0.975,1.50,1.50,-1.927,-0.473,4.000,-35.697,-26.443,41.000
1744538894.17,-1,2.357,-0.013,-0.990,3,0.000,0.000,0.857,10,2.358,-0.990,0.000,-0.975,1.50,1.50,-1.927,-0.473,4.000,-35.697,-26.443,41.000
1744538894.17,-1,2.357,-0.013,-0.997,3,0.000,0.000,0.830,10,2.358,-0.997,0.000,-0.982,1.50,1.50,-1.927,-0.473,4.000,-35.697,-26.443,41.000
1744538894.17,-1,2.357,-0.013,-0.999,3,0.000,0.000,0.830,10,2.358,-0.999,0.000,-0.984,1.50,1.50,-1.927,-0.473,4.000,-35.697,-26.443,41.000
1744538894.17,-1,2.357,-0.013,-1.004,3,0.000,0.000,0.830,10,2.358,-1.004,0.000,-0.989,1.50,1.50,-1.927,-0.473,4.000,-35.697,-26.443,41.000
1744538894.19,-1,2.357,-0.013,-1.011,3,0.000,0.000,0.726,10,2.358,-1.011,0.000,-0.996,1.50,1.50,-1.927,-0.473,4.000,-35.697,-26.443,41.000
1744538894.19,-1,2.357,-0.013,-1.011,3,0.000,0.000,0.726,10,2.358,-1.011,0.000,-0.996,1.50,1.50,-1.927,-0.473,4.000,-35.697,-26.443,41.000
1744538894.19,-1,2.357,-0.014,-1.019,3,0.000,0.000,0.748,10,2.358,-1.019,0.000,-1.004,1.50,1.50,-1.927,-0.473,4.000,-35.697,-26.443,41.000
1744538894.19,-1,2.357,-0.013,-1.022,3,0.000,0.000,0.748,10,2.358,-1.022,0.000,-1.007,1.50,1.50,-1.927,-0.473,4.000,-35.697,-26.443,41.000
1744538894.22,-1,2.357,-0.013,-1.027,3,0.000,0.000,0.748,10,2.358,-1.027,0.000,-1.012,1.50,1.50,-1.927,-0.473,4.000,-35.697,-26.443,41.000
1744538894.22,-1,2.357,-0.013,-1.034,3,0.000,0.000,0.765,10,2.358,-1.034,0.000,-1.019,1.50,1.50,-1.927,-0.473,4.000,-35.697,-26.443,41.000
1744538894.22,-1,2.357,-0.013,-1.034,3,0.000,0.000,0.765,10,2.358,-1.034,0.000,-1.019,1.50,1.50,-1.927,-0.473,4.000,-35.697,-26.443,41.000
1744538894.23,-1,2.357,-0.013,-1.043,3,0.000,0.000,0.778,10,2.357,-1.043,0.000,-1.028,1.50,1.50,-1.927,-0.473,4.000,-35.697,-26.443,41.000
1744538894.23,-1,2.357,-0.013,-1.047,3,0.000,0.000,0.778,10,2.357,-1.047,0.000,-1.032,1.50,1.50,-1.927,-0.473,4.000,-35.697,-26.443,41.000
1744538894.23,-1,2.357,-0.013,-1.051,3,0.000,0.000,0.778,10,2.357,-1.051,0.000,-1.036,1.50,1.50,-1.927,-0.473,4.000,-35.697,-26.443,41.000
1744538894.25,-1,2.357,-0.013,-1.058,3,0.000,0.000,0.796,10,2.357,-1.058,0.000,-1.043,1.50,1.50,-1.927,-0.473,4.000,-35.697,-26.443,41.000
1744538894.25,-1,2.357,-0.013,-1.058,3,0.000,0.000,0.796,10,2.357,-1.058,0.000,-1.043,1.50,1.50,-1.927,-0.473,4.000,-35.697,-26.443,41.000
1744538894.25,-1,2.357,-0.013,-1.066,3,0.000,0.000,0.774,10,2.357,-1.066,0.000,-1.051,1.50,1.50,-1.927,-0.473,4.000,-35.697,-26.443,41.000
1744538894.27,-1,2.357,-0.013,-1.069,3,0.000,0.000,0.774,10,2.357,-1.069,0.000,-1.054,1.50,1.50,-1.927,-0.473,4.000,-35.697,-26.443,41.000
1744538894.27,-1,2.357,-0.013,-1.073,3,0.000,0.000,0.774,10,2.357,-1.073,0.000,-1.058,1.50,1.50,-1.927,-0.473,4.000,-35.697,-26.443,41.000
1744538894.27,-1,2.357,-0.013,-1.080,3,0.000,0.000,0.778,10,2.357,-1.080,-0.000,-1.065,1.50,1.50,-1.927,-0.473,4.000,-35.697,-26.443,41.000
1744538894.27,-1,2.357,-0.013,-1.080,3,0.000,0.000,0.778,10,2.357,-1.080,-0.000,-1.065,1.50,1.50,-1.927,-0.473,4.000,-35.697,-26.443,41.000
1744538894.30,-1,2.357,-0.013,-1.088,3,0.000,0.000,0.735,10,2.357,-1.088,0.000,-1.073,1.50,1.50,-1.927,-0.473,4.000,-35.697,-26.443,41.000
1744538894.30,-1,2.357,-0.013,-1.092,3,0.000,0.000,0.735,10,2.357,-1.092,0.000,-1.077,1.50,1.50,-1.927,-0.473,4.000,-35.697,-26.443,41.000
1744538894.30,-1,2.357,-0.013,-1.095,3,0.000,0.000,0.735,10,2.357,-1.095,0.000,-1.080,1.50,1.50,-1.927,-0.473,4.000,-35.697,-26.443,41.000
1744538894.31,-1,2.357,-0.013,-1.103,3,0.000,0.000,0.739,10,2.357,-1.103,0.000,-1.088,1.50,1.50,-1.927,-0.473,4.000,-35.697,-26.443,41.000
1744538894.31,-1,2.357,-0.013,-1.103,3,0.000,0.000,0.739,10,2.357,-1.103,0.000,-1.088,1.50,1.50,-1.927,-0.473,4.000,-35.697,-26.443,41.000
1744538894.33,-1,2.357,-0.013,-1.111,3,0.000,0.000,0.809,10,2.357,-1.111,-0.000,-1.096,1.50,1.50,-1.927,-0.473,4.000,-35.697,-26.443,41.000
1744538894.33,-1,2.357,-0.013,-1.115,3,0.000,0.000,0.809,10,2.357,-1.115,-0.000,-1.100,1.50,1.50,-1.927,-0.473,4.000,-35.697,-26.443,41.000
1744538894.33,-1,2.357,-0.013,-1.119,3,0.000,0.000,0.809,10,2.357,-1.119,-0.000,-1.104,1.50,1.50,-1.927,-0.473,4.000,-35.697,-26.443,41.000
1744538894.33,-1,2.357,-0.013,-1.126,3,0.000,0.000,0.783,10,2.357,-1.126,-0.000,-1.111,1.50,1.50,-1.927,-0.473,4.000,-35.697,-26.443,41.000
# remark: robobot/cmd/ti/rc 0.0 0.0
1744538894.35,-1,2.357,-0.013,-1.126,3,0.000,0.000,0.783,10,2.357,-1.126,-0.000,-1.111,1.50,1.50,-1.927,-0.473,4.000,-35.697,-26.443,41.000
1744538894.35,-1,2.357,-0.013,-1.135,3,0.000,0.000,0.757,10,2.357,-1.135,-0.000,-1.119,1.50,1.50,-1.927,-0.473,4.000,-35.697,-26.443,41.000
1744538894.35,-1,2.357,-0.013,-1.138,3,0.000,0.000,0.757,10,2.357,-1.138,-0.000,-1.123,1.50,1.50,-1.927,-0.473,4.000,-35.697,-26.443,41.000
1744538894.35,-1,2.357,-0.013,-1.143,3,0.000,0.000,0.757,10,2.357,-1.143,-0.000,-1.128,1.50,1.50,-1.927,-0.473,4.000,-35.697,-26.443,41.000
1744538894.37,-1,2.357,-0.013,-1.151,3,0.000,0.000,0.813,10,2.357,-1.151,-0.000,-1.136,1.50,1.50,-1.927,-0.473,4.000,-35.697,-26.443,41.000
1744538894.37,-1,2.357,-0.013,-1.151,3,0.000,0.000,0.813,10,2.357,-1.151,-0.000,-1.136,1.50,1.50,-1.927,-0.473,4.000,-35.697,-26.443,41.000
1744538894.37,-1,2.357,-0.013,-1.154,3,0.000,0.000,0.743,10,2.357,-1.154,-0.000,-1.139,1.50,1.50,-1.927,-0.473,4.000,-35.697,-26.443,41.000
1744538894.37,-1,2.357,-0.013,-1.155,3,0.000,0.000,0.743,10,2.357,-1.155,-0.000,-1.140,1.50,1.50,-1.927,-0.473,4.000,-35.697,-26.443,41.000
1744538894.37,-1,2.357,-0.013,-1.155,3,0.000,0.000,0.743,10,2.357,-1.155,-0.000,-1.140,1.50,1.50,-1.927,-0.473,4.000,-35.697,-26.443,41.000
1744538894.40,-1,2.357,-0.013,-1.155,3,0.000,0.000,0.543,10,2.357,-1.155,-0.000,-1.140,1.50,1.50,-1.927,-0.473,4.000,-35.697,-26.443,41.000
1744538894.40,-1,2.357,-0.013,-1.155,3,0.000,0.000,0.543,10,2.357,-1.155,-0.000,-1.140,1.50,1.50,-1.927,-0.473,4.000,-35.697,-26.443,41.000
1744538894.41,-1,2.356,-0.013,-1.158,3,0.000,0.000,0.326,10,2.357,-1.158,-0.000,-1.143,1.50,1.50,-1.927,-0.473,4.000,-35.697,-26.443,41.000
1744538894.41,-1,2.356,-0.013,-1.159,3,0.000,0.000,0.326,10,2.357,-1.159,-0.000,-1.144,1.50,1.50,-1.927,-0.473,4.000,-35.697,-26.443,41.000
1744538894.43,-1,2.356,-0.012,-1.161,3,0.000,0.000,0.326,10,2.357,-1.161,-0.000,-1.146,1.50,1.50,-1.927,-0.473,4.000,-35.697,-26.443,41.000
1744538894.43,-1,2.356,-0.013,-1.165,3,0.000,0.000,0.265,10,2.357,-1.165,-0.000,-1.150,1.50,1.50,-1.927,-0.473,4.000,-35.697,-26.443,41.000
1744538894.43,-1,2.356,-0.013,-1.165,3,0.000,0.000,0.265,10,2.357,-1.165,-0.000,-1.150,1.50,1.50,-1.927,-0.473,4.000,-35.697,-26.443,41.000
1744538894.43,-1,2.356,-0.013,-1.168,3,0.000,0.000,0.300,10,2.357,-1.168,-0.000,-1.153,1.50,0.85,-1.927,-0.473,4.000,-35.697,-26.443,41.000
1744538894.45,-1,2.356,-0.013,-1.170,3,0.000,0.000,0.300,10,2.357,-1.170,-0.000,-1.155,1.50,0.85,-1.927,-0.473,4.000,-35.697,-26.443,41.000
1744538894.45,-1,2.356,-0.013,-1.173,3,0.000,0.000,0.300,10,2.357,-1.173,-0.000,-1.158,1.50,0.85,-1.927,-0.473,4.000,-35.697,-26.443,41.000
1744538894.45,-1,2.356,-0.013,-1.174,3,0.000,0.000,0.361,10,2.357,-1.174,-0.000,-1.159,1.50,0.85,-1.927,-0.473,4.000,-35.697,-26.443,41.000
1744538894.45,-1,2.356,-0.013,-1.174,3,0.000,0.000,0.361,10,2.357,-1.174,-0.000,-1.159,1.50,0.85,-1.927,-0.473,4.000,-35.697,-26.443,41.000
1744538894.48,-1,2.356,-0.013,-1.174,3,0.000,0.000,0.343,10,2.357,-1.174,-0.000,-1.159,1.50,0.81,-1.927,-0.473,4.000,-35.697,-26.443,41.000
1744538894.48,-1,2.356,-0.012,-1.175,3,0.000,0.000,0.343,10,2.357,-1.175,-0.000,-1.160,1.50,0.81,-1.927,-0.473,4.000,-35.697,-26.443,41.000
1744538894.48,-1,2.356,-0.012,-1.175,3,0.000,0.000,0.343,10,2.357,-1.175,-0.000,-1.160,1.50,0.81,-1.927,-0.473,4.000,-35.697,-26.443,41.000
1744538894.48,-1,2.356,-0.012,-1.175,3,0.000,0.000,0.265,10,2.357,-1.175,-0.000,-1.160,1.50,0.81,-1.927,-0.473,4.000,-35.697,-26.443,41.000
1744538894.48,-1,2.356,-0.012,-1.175,3,0.000,0.000,0.265,10,2.357,-1.175,-0.000,-1.160,1.50,0.81,-1.927,-0.473,4.000,-35.697,-26.443,41.000
1744538894.50,-1,2.356,-0.012,-1.175,3,0.000,0.000,0.200,10,2.357,-1.175,-0.000,-1.160,1.50,0.85,-1.927,-0.473,4.000,-35.697,-26.443,41.000
1744538894.50,-1,2.356,-0.012,-1.175,3,0.000,0.000,0.200,10,2.357,-1.175,-0.000,-1.160,1.50,0.85,-1.927,-0.473,4.000,-35.697,-26.443,41.000
1744538894.50,-1,2.356,-0.012,-1.175,3,0.000,0.000,0.200,10,2.357,-1.175,-0.000,-1.160,1.50,0.85,-1.927,-0.473,4.000,-35.697,-26.443,41.000
1744538894.53,-1,2.356,-0.012,-1.174,3,0.000,0.000,0.157,10,2.357,-1.174,-0.001,-1.159,1.50,0.85,-1.927,-0.473,4.000,-35.697,-26.443,41.000
1744538894.53,-1,2.356,-0.012,-1.174,3,0.000,0.000,0.157,10,2.357,-1.174,-0.001,-1.159,1.50,0.85,-1.927,-0.473,4.000,-35.697,-26.443,41.000
1744538894.53,-1,2.356,-0.012,-1.174,3,0.000,0.000,0.096,10,2.357,-1.174,-0.001,-1.159,1.50,0.87,-1.927,-0.473,4.000,-35.697,-26.443,41.000
1744538894.53,-1,2.356,-0.012,-1.174,3,0.000,0.000,0.096,10,2.357,-1.174,-0.001,-1.159,1.50,0.87,-1.927,-0.473,4.000,-35.697,-26.443,41.000
1744538894.53,-1,2.356,-0.012,-1.174,3,0.000,0.000,0.096,10,2.357,-1.174,-0.001,-1.159,1.50,0.87,-1.927,-0.473,4.000,-35.697,-26.443,41.000
1744538894.55,-1,2.356,-0.012,-1.174,3,0.000,0.000,0.100,10,2.357,-1.174,-0.001,-1.159,1.50,0.87,-1.927,-0.473,4.000,-35.697,-26.443,41.000
1744538894.55,-1,2.356,-0.012,-1.174,3,0.000,0.000,0.100,10,2.357,-1.174,-0.001,-1.159,1.50,0.87,-1.927,-0.473,4.000,-35.697,-26.443,41.000
1744538894.55,-1,2.356,-0.012,-1.174,3,0.000,0.000,0.078,10,2.357,-1.174,-0.001,-1.159,1.50,0.93,-1.927,-0.473,4.000,-35.697,-26.443,41.000
1744538894.55,-1,2.356,-0.012,-1.174,3,0.000,0.000,0.078,10,2.357,-1.174,-0.001,-1.159,1.50,0.93,-1.927,-0.473,4.000,-35.697,-26.443,41.000
# remark: robobot/cmd/ti/alive 2025-04-13 12:07:52.918866
1744538894.58,-1,2.356,-0.012,-1.174,3,0.000,0.000,0.078,10,2.357,-1.174,-0.001,-1.159,1.50,0.93,-1.927,-0.473,4.000,-35.697,-26.443,41.000
1744538894.58,-1,2.356,-0.012,-1.174,3,0.000,0.000,0.074,10,2.357,-1.174,-0.001,-1.159,1.50,0.93,-1.927,-0.473,4.000,-35.697,-26.443,41.000
1744538894.58,-1,2.356,-0.012,-1.174,3,0.000,0.000,0.074,10,2.357,-1.174,-0.001,-1.159,1.50,0.93,-1.927,-0.473,4.000,-35.697,-26.443,41.000
1744538894.58,-1,2.356,-0.012,-1.174,3,0.000,0.000,0.065,10,2.357,-1.174,-0.001,-1.159,1.50,0.95,-1.927,-0.473,4.000,-35.697,-26.443,41.000
1744538894.58,-1,2.356,-0.012,-1.174,3,0.000,0.000,0.065,10,2.357,-1.174,-0.001,-1.159,1.50,0.95,-1.927,-0.473,4.000,-35.697,-26.443,41.000
1744538894.60,-1,2.356,-0.012,-1.174,3,0.000,0.000,0.065,10,2.357,-1.174,-0.001,-1.159,1.50,0.95,-1.927,-0.473,4.000,-35.697,-26.443,41.000
1744538894.60,-1,2.356,-0.012,-1.174,3,0.000,0.000,0.061,10,2.357,-1.174,-0.001,-1.159,1.50,0.95,-1.927,-0.473,4.000,-35.697,-26.443,41.000
1744538894.60,-1,2.356,-0.012,-1.174,3,0.000,0.000,0.061,10,2.357,-1.174,-0.001,-1.159,1.50,0.95,-1.927,-0.473,4.000,-35.697,-26.443,41.000
1744538894.63,-1,2.356,-0.012,-1.174,3,0.000,0.000,0.057,10,2.357,-1.174,-0.001,-1.159,1.50,0.94,-1.927,-0.473,4.000,-35.697,-26.443,41.000
1744538894.63,-1,2.356,-0.012,-1.174,3,0.000,0.000,0.057,10,2.357,-1.174,-0.001,-1.159,1.50,0.94,-1.927,-0.473,4.000,-35.697,-26.443,41.000
1744538894.63,-1,2.356,-0.012,-1.174,3,0.000,0.000,0.057,10,2.357,-1.174,-0.001,-1.159,1.50,0.94,-1.927,-0.473,4.000,-35.697,-26.443,41.000
1744538894.64,-1,2.356,-0.012,-1.174,3,0.000,0.000,0.052,10,2.357,-1.174,-0.001,-1.159,1.50,0.94,-1.927,-0.473,4.000,-35.697,-26.443,41.000
1744538894.64,-1,2.356,-0.012,-1.174,3,0.000,0.000,0.052,10,2.357,-1.174,-0.001,-1.159,1.50,0.94,-1.927,-0.473,4.000,-35.697,-26.443,41.000
1744538894.65,-1,2.356,-0.012,-1.174,3,0.000,0.000,0.043,10,2.357,-1.174,-0.001,-1.159,1.50,0.96,-1.927,-0.473,4.000,-35.697,-26.443,41.000
1744538894.65,-1,2.356,-0.012,-1.174,3,0.000,0.000,0.043,10,2.357,-1.174,-0.001,-1.159,1.50,0.96,-1.927,-0.473,4.000,-35.697,-26.443,41.000
1744538894.65,-1,2.356,-0.012,-1.174,3,0.000,0.000,0.043,10,2.357,-1.174,-0.001,-1.159,1.50,0.96,-1.927,-0.473,4.000,-35.697,-26.443,41.000
1744538894.65,-1,2.356,-0.012,-1.174,3,0.000,0.000,0.035,10,2.357,-1.174,-0.001,-1.159,1.50,0.96,-1.927,-0.473,4.000,-35.697,-26.443,41.000
1744538894.65,-1,2.356,-0.012,-1.174,3,0.000,0.000,0.035,10,2.357,-1.174,-0.001,-1.159,1.50,0.96,-1.927,-0.473,4.000,-35.697,-26.443,41.000
1744538894.68,-1,2.356,-0.012,-1.174,3,0.000,0.000,0.035,10,2.356,-1.174,-0.001,-1.159,1.50,0.95,-1.927,-0.473,4.000,-35.697,-26.443,41.000
1744538894.68,-1,2.356,-0.012,-1.174,3,0.000,0.000,0.035,10,2.356,-1.174,-0.001,-1.159,1.50,0.95,-1.927,-0.473,4.000,-35.697,-26.443,41.000
1744538894.68,-1,2.356,-0.012,-1.174,3,0.000,0.000,0.035,10,2.356,-1.174,-0.001,-1.159,1.50,0.95,-1.927,-0.473,4.000,-35.697,-26.443,41.000
1744538894.71,-1,2.356,-0.012,-1.174,3,0.000,0.000,0.035,10,2.356,-1.174,-0.001,-1.159,1.50,0.95,-1.927,-0.473,4.000,-35.697,-26.443,41.000
1744538894.71,-1,2.356,-0.012,-1.174,3,0.000,0.000,0.035,10,2.356,-1.174,-0.001,-1.159,1.50,0.95,-1.927,-0.473,4.000,-35.697,-26.443,41.000
1744538894.71,-1,2.356,-0.012,-1.174,3,0.000,0.000,0.030,10,2.356,-1.174,-0.001,-1.159,1.50,0.89,-1.927,-0.473,4.000,-35.697,-26.443,41.000
1744538894.71,-1,2.356,-0.012,-1.174,3,0.000,0.000,0.030,10,2.356,-1.174,-0.001,-1.159,1.50,0.89,-1.927,-0.473,4.000,-35.697,-26.443,41.000
1744538894.71,-1,2.356,-0.012,-1.174,3,0.000,0.000,0.030,10,2.356,-1.174,-0.001,-1.159,1.50,0.89,-1.927,-0.473,4.000,-35.697,-26.443,41.000
1744538894.73,-1,2.356,-0.012,-1.174,3,0.000,0.000,0.030,10,2.356,-1.174,-0.001,-1.159,1.50,0.89,-1.927,-0.473,4.000,-35.697,-26.443,41.000
1744538894.73,-1,2.356,-0.012,-1.174,3,0.000,0.000,0.030,10,2.356,-1.174,-0.001,-1.159,1.50,0.89,-1.927,-0.473,4.000,-35.697,-26.443,41.000
1744538894.73,-1,2.356,-0.012,-1.174,3,0.000,0.000,0.030,10,2.356,-1.174,-0.001,-1.159,1.50,0.92,-1.927,-0.473,4.000,-35.697,-26.443,41.000
1744538894.73,-1,2.356,-0.012,-1.174,3,0.000,0.000,0.030,10,2.356,-1.174,-0.001,-1.159,1.50,0.92,-1.927,-0.473,4.000,-35.697,-26.443,41.000
1744538894.77,-1,2.356,-0.012,-1.174,3,0.000,0.000,0.030,10,2.356,-1.174,-0.001,-1.159,1.50,0.92,-1.927,-0.473,4.000,-35.697,-26.443,41.000
1744538894.77,-1,2.356,-0.012,-1.174,3,0.000,0.000,0.030,10,2.356,-1.174,-0.001,-1.159,1.50,0.92,-1.927,-0.473,4.000,-35.697,-26.443,41.000
1744538894.77,-1,2.356,-0.012,-1.174,3,0.000,0.000,0.030,10,2.356,-1.174,-0.001,-1.159,1.50,0.92,-1.927,-0.473,4.000,-35.697,-26.443,41.000
1744538894.77,-1,2.356,-0.012,-1.174,3,0.000,0.000,0.030,10,2.356,-1.174,-0.001,-1.159,1.50,0.99,-1.927,-0.473,4.000,-35.697,-26.443,41.000
1744538894.77,-1,2.356,-0.012,-1.174,3,0.000,0.000,0.030,10,2.356,-1.174,-0.001,-1.159,1.50,0.99,-1.927,-0.473,4.000,-35.697,-26.443,41.000
1744538894.79,-1,2.356,-0.012,-1.174,3,0.000,0.000,0.030,10,2.356,-1.174,-0.001,-1.159,1.50,0.99,-1.927,-0.473,4.000,-35.697,-26.443,41.000
1744538894.79,-1,2.356,-0.012,-1.174,3,0.000,0.000,0.026,10,2.356,-1.174,-0.001,-1.159,1.50,0.99,-1.927,-0.473,4.000,-35.697,-26.443,41.000
1744538894.79,-1,2.356,-0.012,-1.174,3,0.000,0.000,0.026,10,2.356,-1.174,-0.001,-1.159,1.50,0.99,-1.927,-0.473,4.000,-35.697,-26.443,41.000
1744538894.79,-1,2.356,-0.012,-1.174,3,0.000,0.000,0.026,10,2.356,-1.174,-0.001,-1.159,1.50,1.02,-1.927,-0.473,4.000,-35.697,-26.443,41.000
1744538894.79,-1,2.356,-0.012,-1.174,3,0.000,0.000,0.026,10,2.356,-1.174,-0.001,-1.159,1.50,1.02,-1.927,-0.473,4.000,-35.697,-26.443,41.000
1744538894.82,-1,2.356,-0.012,-1.174,3,0.000,0.000,0.026,10,2.356,-1.174,-0.001,-1.159,1.50,1.02,-1.927,-0.473,4.000,-35.697,-26.443,41.000
1744538894.82,-1,2.356,-0.012,-1.174,3,0.000,0.000,0.026,10,2.356,-1.174,-0.001,-1.159,1.50,1.02,-1.927,-0.473,4.000,-35.697,-26.443,41.000
1744538894.82,-1,2.356,-0.012,-1.174,3,0.000,0.000,0.026,10,2.356,-1.174,-0.001,-1.159,1.50,1.02,-1.927,-0.473,4.000,-35.697,-26.443,41.000
1744538894.84,-1,2.356,-0.012,-1.174,3,0.000,0.000,0.026,10,2.356,-1.174,-0.001,-1.159,1.50,0.91,-1.927,-0.473,4.000,-35.697,-26.443,41.000
1744538894.84,-1,2.356,-0.012,-1.174,3,0.000,0.000,0.026,10,2.356,-1.174,-0.001,-1.159,1.50,0.91,-1.927,-0.473,4.000,-35.697,-26.443,41.000
1744538894.84,-1,2.356,-0.012,-1.174,3,0.000,0.000,0.026,10,2.356,-1.174,-0.001,-1.159,1.50,0.91,-1.927,-0.473,4.000,-35.697,-26.443,41.000
1744538894.84,-1,2.356,-0.012,-1.174,3,0.000,0.000,0.026,10,2.356,-1.174,-0.001,-1.159,1.50,0.91,-1.927,-0.473,4.000,-35.697,-26.443,41.000
1744538894.84,-1,2.356,-0.012,-1.174,3,0.000,0.000,0.026,10,2.356,-1.174,-0.001,-1.159,1.50,0.91,-1.927,-0.473,4.000,-35.697,-26.443,41.000
1744538894.87,-1,2.356,-0.012,-1.174,3,0.000,0.000,0.022,10,2.356,-1.174,-0.001,-1.159,1.50,0.89,-1.927,-0.473,4.000,-35.697,-26.443,41.000
1744538894.87,-1,2.356,-0.012,-1.174,3,0.000,0.000,0.022,10,2.356,-1.174,-0.001,-1.159,1.50,0.89,-1.927,-0.473,4.000,-35.697,-26.443,41.000
1744538894.87,-1,2.356,-0.012,-1.174,3,0.000,0.000,0.022,10,2.356,-1.174,-0.001,-1.159,1.50,0.89,-1.927,-0.473,4.000,-35.697,-26.443,41.000
1744538894.88,-1,2.356,-0.012,-1.174,3,0.000,0.000,0.022,10,2.356,-1.174,-0.001,-1.159,1.50,0.89,-1.927,-0.473,4.000,-35.697,-26.443,41.000
1744538894.88,-1,2.356,-0.012,-1.174,3,0.000,0.000,0.022,10,2.356,-1.174,-0.001,-1.159,1.50,0.89,-1.927,-0.473,4.000,-35.697,-26.443,41.000
1744538894.90,-1,2.356,-0.012,-1.174,3,0.000,0.000,0.022,10,2.356,-1.174,-0.001,-1.159,1.50,0.88,-1.927,-0.473,4.000,-35.697,-26.443,41.000
1744538894.90,-1,2.356,-0.012,-1.174,3,0.000,0.000,0.022,10,2.356,-1.174,-0.001,-1.159,1.50,0.88,-1.927,-0.473,4.000,-35.697,-26.443,41.000
1744538894.90,-1,2.356,-0.012,-1.174,3,0.000,0.000,0.022,10,2.356,-1.174,-0.001,-1.159,1.50,0.88,-1.927,-0.473,4.000,-35.697,-26.443,41.000
1744538894.91,-1,2.356,-0.012,-1.174,3,0.000,0.000,0.017,10,2.356,-1.174,-0.001,-1.159,1.50,0.88,-1.927,-0.473,4.000,-35.697,-26.443,41.000
1744538894.91,-1,2.356,-0.012,-1.174,3,0.000,0.000,0.017,10,2.356,-1.174,-0.001,-1.159,1.50,0.88,-1.927,-0.473,4.000,-35.697,-26.443,41.000
1744538894.92,-1,2.356,-0.012,-1.174,3,0.000,0.000,0.017,10,2.356,-1.174,-0.001,-1.159,1.50,0.82,-1.927,-0.473,4.000,-35.697,-26.443,41.000
1744538894.92,-1,2.356,-0.012,-1.174,3,0.000,0.000,0.017,10,2.356,-1.174,-0.001,-1.159,1.50,0.82,-1.927,-0.473,4.000,-35.697,-26.443,41.000
1744538894.92,-1,2.356,-0.012,-1.174,3,0.000,0.000,0.017,10,2.356,-1.174,-0.001,-1.159,1.50,0.82,-1.927,-0.473,4.000,-35.697,-26.443,41.000
1744538894.93,-1,2.356,-0.012,-1.174,3,0.000,0.000,0.017,10,2.356,-1.174,-0.001,-1.159,1.50,0.82,-1.927,-0.473,4.000,-35.697,-26.443,41.000
1744538894.95,-1,2.356,-0.012,-1.174,3,0.000,0.000,0.017,10,2.356,-1.174,-0.001,-1.159,1.50,0.82,-1.927,-0.473,4.000,-35.697,-26.443,41.000
1744538894.95,-1,2.356,-0.012,-1.174,3,0.000,0.000,0.009,10,2.356,-1.174,-0.001,-1.159,1.50,0.86,-1.927,-0.473,4.000,-35.697,-26.443,41.000
1744538894.95,-1,2.356,-0.012,-1.174,3,0.000,0.000,0.009,10,2.356,-1.174,-0.001,-1.159,1.50,0.86,-1.927,-0.473,4.000,-35.697,-26.443,41.000
1744538894.95,-1,2.356,-0.012,-1.174,3,0.000,0.000,0.009,10,2.356,-1.174,-0.001,-1.159,1.50,0.86,-1.927,-0.473,4.000,-35.697,-26.443,41.000
1744538894.97,-1,2.356,-0.012,-1.174,3,0.000,0.000,0.000,10,2.356,-1.174,-0.001,-1.159,1.50,0.86,-1.927,-0.473,4.000,-35.697,-26.443,41.000
1744538894.97,-1,2.356,-0.012,-1.174,3,0.000,0.000,0.000,10,2.356,-1.174,-0.001,-1.159,1.50,0.86,-1.927,-0.473,4.000,-35.697,-26.443,41.000
1744538894.97,-1,2.356,-0.012,-1.174,3,0.000,0.000,-0.004,10,2.356,-1.174,-0.001,-1.159,1.50,0.92,-1.927,-0.473,4.000,-35.697,-26.443,41.000
1744538894.97,-1,2.356,-0.012,-1.174,3,0.000,0.000,-0.004,10,2.356,-1.174,-0.001,-1.159,1.50,0.92,-1.927,-0.473,4.000,-35.697,-26.443,41.000
1744538895.00,-1,2.356,-0.012,-1.174,3,0.000,0.000,-0.004,10,2.356,-1.174,-0.001,-1.159,1.50,0.92,-1.927,-0.473,4.000,-35.697,-26.443,41.000
1744538895.00,-1,2.356,-0.012,-1.174,3,0.000,0.000,-0.004,10,2.356,-1.174,-0.001,-1.159,1.50,0.92,-1.927,-0.473,4.000,-35.697,-26.443,41.000
1744538895.00,-1,2.356,-0.012,-1.174,3,0.000,0.000,-0.004,10,2.356,-1.174,-0.001,-1.159,1.50,0.92,-1.927,-0.473,4.000,-35.697,-26.443,41.000
1744538895.00,-1,2.356,-0.012,-1.174,3,0.000,0.000,-0.004,10,2.356,-1.174,-0.001,-1.159,1.50,1.00,-1.927,-0.473,4.000,-35.697,-26.443,41.000
1744538895.02,-1,2.356,-0.012,-1.174,3,0.000,0.000,-0.004,10,2.356,-1.174,-0.001,-1.159,1.50,1.00,-1.927,-0.473,4.000,-35.697,-26.443,41.000
1744538895.02,-1,2.356,-0.012,-1.174,3,0.000,0.000,-0.004,10,2.356,-1.174,-0.001,-1.159,1.50,1.00,-1.927,-0.473,4.000,-35.697,-26.443,41.000
1744538895.02,-1,2.356,-0.012,-1.174,3,0.000,0.000,-0.000,10,2.356,-1.174,-0.001,-1.159,1.50,1.00,-1.927,-0.473,4.000,-35.697,-26.443,41.000
1744538895.02,-1,2.356,-0.012,-1.174,3,0.000,0.000,-0.000,10,2.356,-1.174,-0.001,-1.159,1.50,1.00,-1.927,-0.473,4.000,-35.697,-26.443,41.000
1744538895.05,-1,2.356,-0.012,-1.174,3,0.000,0.000,0.000,10,2.356,-1.174,-0.001,-1.159,1.50,0.92,-1.927,-0.473,4.000,-35.697,-26.443,41.000
1744538895.06,-1,2.356,-0.012,-1.174,3,0.000,0.000,0.000,10,2.356,-1.174,-0.001,-1.159,1.50,0.92,-1.927,-0.473,4.000,-35.697,-26.443,41.000
1744538895.06,-1,2.356,-0.012,-1.174,3,0.000,0.000,0.000,10,2.356,-1.174,-0.001,-1.159,1.50,0.92,-1.927,-0.473,4.000,-35.697,-26.443,41.000
1744538895.06,-1,2.356,-0.012,-1.174,3,0.000,0.000,0.000,10,2.356,-1.174,-0.001,-1.159,1.50,0.92,-1.927,-0.473,4.000,-35.697,-26.443,41.000
1744538895.06,-1,2.356,-0.012,-1.174,3,0.000,0.000,0.000,10,2.356,-1.174,-0.001,-1.159,1.50,0.92,-1.927,-0.473,4.000,-35.697,-26.443,41.000
1744538895.08,-1,2.356,-0.012,-1.174,3,0.000,0.000,0.000,10,2.356,-1.174,-0.001,-1.159,1.50,0.97,-1.927,-0.473,4.000,-35.697,-26.443,41.000
1744538895.08,-1,2.356,-0.012,-1.174,3,0.000,0.000,0.000,10,2.356,-1.174,-0.001,-1.159,1.50,0.97,-1.927,-0.473,4.000,-35.697,-26.443,41.000
1744538895.08,-1,2.356,-0.012,-1.174,3,0.000,0.000,0.000,10,2.356,-1.174,-0.001,-1.159,1.50,0.97,-1.927,-0.473,4.000,-35.697,-26.443,41.000
1744538895.08,-1,2.356,-0.012,-1.174,3,0.000,0.000,0.000,10,2.356,-1.174,-0.001,-1.159,1.50,0.97,-1.927,-0.473,4.000,-35.697,-26.443,41.000
1744538895.09,-1,2.356,-0.012,-1.174,3,0.000,0.000,0.000,10,2.356,-1.174,-0.001,-1.159,1.50,0.97,-1.927,-0.473,4.000,-35.697,-26.443,41.000
1744538895.10,-1,2.356,-0.012,-1.174,3,0.000,0.000,0.000,10,2.356,-1.174,-0.001,-1.159,1.50,1.02,-1.927,-0.473,4.000,-35.697,-26.443,41.000
1744538895.10,-1,2.356,-0.012,-1.174,3,0.000,0.000,0.000,10,2.356,-1.174,-0.001,-1.159,1.50,1.02,-1.927,-0.473,4.000,-35.697,-26.443,41.000
1744538895.10,-1,2.356,-0.012,-1.174,3,0.000,0.000,0.000,10,2.356,-1.174,-0.001,-1.159,1.50,1.02,-1.927,-0.473,4.000,-35.697,-26.443,41.000
# remark: robobot/cmd/ti/rc 0.0 0.0
# remark: robobot/cmd/T0/leds 16 0 0 0
# remark: robobot/cmd/T0/leds 16 0 100 0
# remark: robobot/cmd/ti/rc 0.20 0.0
1744538895.13,-1,2.356,-0.012,-1.174,3,0.000,0.000,0.000,10,2.356,-1.174,0.000,0.000,1.50,1.02,-1.927,-0.473,4.000,-35.697,-26.443,41.000
1744538895.13,-1,2.356,-0.012,-1.174,3,0.000,0.000,0.000,10,2.356,-1.174,0.000,0.000,1.50,1.02,-1.927,-0.473,4.000,-35.697,-26.443,41.000
1744538895.13,-1,2.356,-0.012,-1.174,3,0.000,0.000,0.000,10,2.356,-1.174,0.000,0.000,1.50,0.81,-1.927,-0.473,4.000,-35.697,-26.443,41.000
1744538895.13,-1,2.356,-0.012,-1.174,3,0.000,0.000,0.000,10,2.356,-1.174,0.000,0.000,1.50,0.81,-1.927,-0.473,4.000,-35.697,-26.443,41.000
1744538895.13,-1,2.356,-0.012,-1.174,3,0.000,0.000,0.000,10,2.356,-1.174,0.000,0.000,1.50,0.81,-1.927,-0.473,4.000,-35.697,-26.443,41.000
1744538895.15,-1,2.356,-0.012,-1.174,3,0.000,0.000,0.000,10,2.356,-1.174,0.000,0.000,1.50,0.81,-1.927,-0.473,4.000,-35.697,-26.443,41.000
1744538895.15,-1,2.356,-0.012,-1.174,3,0.000,0.000,0.000,10,2.356,-1.174,0.000,0.000,1.50,0.81,-1.927,-0.473,4.000,-35.697,-26.443,41.000
1744538895.15,-1,2.356,-0.012,-1.174,3,0.000,0.000,0.000,10,2.356,-1.174,0.000,0.000,1.50,0.89,-1.927,-0.473,4.000,-35.697,-26.443,41.000
1744538895.15,-1,2.356,-0.012,-1.174,3,0.000,0.000,0.000,10,2.356,-1.174,0.000,0.000,1.50,0.89,-1.927,-0.473,4.000,-35.697,-26.443,41.000
# remark: robobot/cmd/ti/alive 2025-04-13 12:07:52.918866
1744538895.17,-1,2.356,-0.012,-1.174,3,0.000,0.000,0.000,10,2.356,-1.174,0.000,0.000,1.50,0.89,-1.927,-0.473,4.000,-35.697,-26.443,41.000
1744538895.17,-1,2.356,-0.012,-1.174,3,0.000,0.000,0.000,10,2.356,-1.174,0.000,0.000,1.50,0.89,-1.927,-0.473,4.000,-35.697,-26.443,41.000
1744538895.17,-1,2.356,-0.012,-1.174,3,0.000,0.000,0.000,10,2.356,-1.174,0.000,0.000,1.50,0.89,-1.927,-0.473,4.000,-35.697,-26.443,41.000
1744538895.20,-1,2.357,-0.013,-1.175,3,0.000,0.000,0.000,10,2.356,-1.175,0.000,-0.001,1.50,0.99,-1.927,-0.473,4.000,-35.697,-26.443,41.000
1744538895.20,-1,2.357,-0.014,-1.179,3,0.000,0.000,0.000,10,2.356,-1.179,0.000,-0.005,1.50,0.99,-1.927,-0.473,4.000,-35.697,-26.443,41.000
1744538895.20,-1,2.357,-0.015,-1.180,3,0.000,0.000,0.000,10,2.356,-1.180,0.000,-0.006,1.50,0.99,-1.927,-0.473,4.000,-35.697,-26.443,41.000
1744538895.20,-1,2.358,-0.016,-1.182,3,0.000,0.000,0.530,10,2.359,-1.182,0.002,-0.008,1.50,0.99,-1.927,-0.473,4.000,-35.697,-26.443,41.000
1744538895.20,-1,2.358,-0.016,-1.182,3,0.000,0.000,0.530,10,2.359,-1.182,0.002,-0.008,1.50,0.99,-1.927,-0.473,4.000,-35.697,-26.443,41.000
1744538895.23,-1,2.358,-0.018,-1.183,3,0.000,0.000,0.157,10,2.361,-1.183,0.004,-0.009,1.50,1.02,-1.927,-0.473,4.000,-35.697,-26.443,41.000
1744538895.23,-1,2.359,-0.018,-1.182,3,0.000,0.000,0.157,10,2.361,-1.182,0.004,-0.008,1.50,1.02,-1.927,-0.473,4.000,-35.697,-26.443,41.000
1744538895.23,-1,2.359,-0.019,-1.180,3,0.000,0.000,0.157,10,2.361,-1.180,0.004,-0.006,1.50,1.02,-1.927,-0.473,4.000,-35.697,-26.443,41.000
1744538895.23,-1,2.359,-0.019,-1.179,3,0.000,0.000,-0.126,10,2.363,-1.179,0.006,-0.005,1.50,1.02,-1.927,-0.473,4.000,-35.697,-26.443,41.000
1744538895.25,-1,2.359,-0.019,-1.179,3,0.000,0.000,-0.126,10,2.363,-1.179,0.006,-0.005,1.50,1.02,-1.927,-0.473,4.000,-35.697,-26.443,41.000
1744538895.25,-1,2.360,-0.021,-1.179,3,0.000,0.000,-0.104,10,2.364,-1.179,0.008,-0.005,1.50,1.17,-1.927,-0.473,4.000,-35.697,-26.443,41.000
1744538895.25,-1,2.360,-0.022,-1.177,3,0.000,0.000,-0.104,10,2.364,-1.177,0.008,-0.004,1.50,1.17,-1.927,-0.473,4.000,-35.697,-26.443,41.000
1744538895.25,-1,2.360,-0.022,-1.177,3,0.000,0.000,-0.104,10,2.364,-1.177,0.008,-0.004,1.50,1.17,-1.927,-0.473,4.000,-35.697,-26.443,41.000
1744538895.28,-1,2.361,-0.024,-1.176,3,0.000,0.000,-0.122,10,2.367,-1.176,0.010,-0.002,1.50,1.17,-1.927,-0.473,4.000,-35.697,-26.443,41.000
1744538895.28,-1,2.361,-0.024,-1.176,3,0.000,0.000,-0.122,10,2.367,-1.176,0.010,-0.002,1.50,1.17,-1.927,-0.473,4.000,-35.697,-26.443,41.000
1744538895.28,-1,2.362,-0.026,-1.176,3,0.000,0.000,-0.065,10,2.369,-1.176,0.013,-0.002,1.50,1.12,-1.927,-0.473,4.000,-35.697,-26.443,41.000
1744538895.28,-1,2.362,-0.027,-1.176,3,0.000,0.000,-0.065,10,2.369,-1.176,0.013,-0.002,1.50,1.12,-1.927,-0.473,4.000,-35.697,-26.443,41.000
1744538895.28,-1,2.363,-0.027,-1.176,3,0.000,0.000,-0.065,10,2.369,-1.176,0.013,-0.002,1.50,1.12,-1.927,-0.473,4.000,-35.697,-26.443,41.000
1744538895.30,-1,2.363,-0.029,-1.176,3,0.000,0.000,-0.004,10,2.372,-1.176,0.016,-0.002,1.50,1.12,-1.927,-0.473,4.000,-35.697,-26.443,41.000
1744538895.30,-1,2.363,-0.029,-1.176,3,0.000,0.000,-0.004,10,2.372,-1.176,0.016,-0.002,1.50,1.12,-1.927,-0.473,4.000,-35.697,-26.443,41.000
1744538895.31,-1,2.364,-0.031,-1.175,3,0.000,0.000,-0.017,10,2.376,-1.175,0.019,-0.001,1.50,0.81,-1.927,-0.473,4.000,-35.697,-26.443,41.000
1744538895.31,-1,2.365,-0.033,-1.176,3,0.000,0.000,-0.017,10,2.376,-1.176,0.019,-0.002,1.50,0.81,-1.927,-0.473,4.000,-35.697,-26.443,41.000
1744538895.33,-1,2.365,-0.033,-1.176,3,0.000,0.000,-0.017,10,2.376,-1.176,0.019,-0.002,1.50,0.81,-1.927,-0.473,4.000,-35.697,-26.443,41.000
1744538895.33,-1,2.366,-0.036,-1.176,3,0.000,0.000,0.026,10,2.379,-1.176,0.023,-0.002,1.50,0.81,-1.927,-0.473,4.000,-35.697,-26.443,41.000
1744538895.33,-1,2.366,-0.036,-1.176,3,0.000,0.000,0.026,10,2.379,-1.176,0.023,-0.002,1.50,0.81,-1.927,-0.473,4.000,-35.697,-26.443,41.000
1744538895.36,-1,2.367,-0.038,-1.176,3,0.000,0.000,0.022,10,2.383,-1.176,0.026,-0.002,1.50,0.89,-1.927,-0.473,4.000,-35.697,-26.443,41.000
1744538895.36,-1,2.368,-0.039,-1.176,3,0.000,0.000,0.022,10,2.383,-1.176,0.026,-0.002,1.50,0.89,-1.927,-0.473,4.000,-35.697,-26.443,41.000
1744538895.36,-1,2.368,-0.040,-1.177,3,0.000,0.000,0.022,10,2.383,-1.177,0.026,-0.004,1.50,0.89,-1.927,-0.473,4.000,-35.697,-26.443,41.000
1744538895.36,-1,2.369,-0.043,-1.177,3,0.000,0.000,0.030,10,2.387,-1.177,0.030,-0.004,1.50,0.89,-1.927,-0.473,4.000,-35.697,-26.443,41.000
1744538895.36,-1,2.369,-0.043,-1.177,3,0.000,0.000,0.030,10,2.387,-1.177,0.030,-0.004,1.50,0.89,-1.927,-0.473,4.000,-35.697,-26.443,41.000
1744538895.37,-1,2.370,-0.045,-1.177,3,0.000,0.000,0.070,10,2.390,-1.177,0.034,-0.004,1.50,0.92,-1.927,-0.473,4.000,-35.697,-26.443,41.000
1744538895.38,-1,2.370,-0.046,-1.179,3,0.000,0.000,0.070,10,2.390,-1.179,0.034,-0.005,1.50,0.92,-1.927,-0.473,4.000,-35.697,-26.443,41.000
1744538895.39,-1,2.371,-0.047,-1.179,3,0.000,0.000,0.070,10,2.390,-1.179,0.034,-0.005,1.50,0.92,-1.927,-0.473,4.000,-35.697,-26.443,41.000
1744538895.39,-1,2.372,-0.049,-1.179,3,0.000,0.000,0.039,10,2.394,-1.179,0.038,-0.005,1.50,0.92,-1.927,-0.473,4.000,-35.697,-26.443,41.000
1744538895.39,-1,2.372,-0.049,-1.179,3,0.000,0.000,0.039,10,2.394,-1.179,0.038,-0.005,1.50,0.92,-1.927,-0.473,4.000,-35.697,-26.443,41.000
1744538895.41,-1,2.372,-0.051,-1.179,3,0.000,0.000,0.004,10,2.397,-1.179,0.041,-0.005,1.50,0.88,-1.927,-0.473,4.000,-35.697,-26.443,41.000
1744538895.41,-1,2.373,-0.052,-1.179,3,0.000,0.000,0.004,10,2.397,-1.179,0.041,-0.005,1.50,0.88,-1.927,-0.473,4.000,-35.697,-26.443,41.000
1744538895.41,-1,2.373,-0.053,-1.179,3,0.000,0.000,0.004,10,2.397,-1.179,0.041,-0.005,1.50,0.88,-1.927,-0.473,4.000,-35.697,-26.443,41.000
1744538895.41,-1,2.374,-0.056,-1.176,3,0.000,0.000,-0.061,10,2.401,-1.176,0.044,-0.002,1.50,0.88,-1.927,-0.473,4.000,-35.697,-26.443,41.000
1744538895.44,-1,2.374,-0.056,-1.176,3,0.000,0.000,-0.061,10,2.401,-1.176,0.044,-0.002,1.50,0.88,-1.927,-0.473,4.000,-35.697,-26.443,41.000
1744538895.44,-1,2.375,-0.058,-1.176,3,0.000,0.000,-0.087,10,2.404,-1.176,0.048,-0.002,1.50,0.82,-1.927,-0.473,4.000,-35.697,-26.443,41.000
1744538895.44,-1,2.376,-0.059,-1.176,3,0.000,0.000,-0.087,10,2.404,-1.176,0.048,-0.002,1.50,0.82,-1.927,-0.473,4.000,-35.697,-26.443,41.000
1744538895.44,-1,2.376,-0.060,-1.176,3,0.000,0.000,-0.087,10,2.404,-1.176,0.048,-0.002,1.50,0.82,-1.927,-0.473,4.000,-35.697,-26.443,41.000
1744538895.46,-1,2.377,-0.062,-1.177,3,0.000,0.000,0.013,10,2.408,-1.177,0.051,-0.004,1.50,0.82,-1.927,-0.473,4.000,-35.697,-26.443,41.000
1744538895.46,-1,2.377,-0.062,-1.177,3,0.000,0.000,0.013,10,2.408,-1.177,0.051,-0.004,1.50,0.82,-1.927,-0.473,4.000,-35.697,-26.443,41.000
1744538895.46,-1,2.378,-0.064,-1.179,3,0.000,0.000,0.083,10,2.411,-1.179,0.055,-0.005,1.50,0.76,-1.927,-0.473,4.000,-35.697,-26.443,41.000
1744538895.46,-1,2.378,-0.065,-1.179,3,0.000,0.000,0.083,10,2.411,-1.179,0.055,-0.005,1.50,0.76,-1.927,-0.473,4.000,-35.697,-26.443,41.000
1744538895.46,-1,2.379,-0.066,-1.180,3,0.000,0.000,0.083,10,2.411,-1.180,0.055,-0.006,1.50,0.76,-1.927,-0.473,4.000,-35.697,-26.443,41.000
1744538895.48,-1,2.379,-0.068,-1.180,3,0.000,0.000,0.100,10,2.415,-1.180,0.058,-0.006,1.50,0.76,-1.927,-0.473,4.000,-35.697,-26.443,41.000
1744538895.48,-1,2.379,-0.068,-1.180,3,0.000,0.000,0.100,10,2.415,-1.180,0.058,-0.006,1.50,0.76,-1.927,-0.473,4.000,-35.697,-26.443,41.000
1744538895.49,-1,2.380,-0.070,-1.181,3,0.000,0.000,0.117,10,2.418,-1.181,0.062,-0.007,1.50,0.68,-1.927,-0.473,4.000,-35.697,-26.443,41.000
1744538895.49,-1,2.381,-0.072,-1.181,3,0.000,0.000,0.117,10,2.418,-1.181,0.062,-0.007,1.50,0.68,-1.927,-0.473,4.000,-35.697,-26.443,41.000
1744538895.51,-1,2.381,-0.072,-1.182,3,0.000,0.000,0.117,10,2.418,-1.182,0.062,-0.008,1.50,0.68,-1.927,-0.473,4.000,-35.697,-26.443,41.000
1744538895.51,-1,2.382,-0.074,-1.182,3,0.000,0.000,0.048,10,2.421,-1.182,0.065,-0.008,1.50,0.68,-1.927,-0.473,4.000,-35.697,-26.443,41.000
1744538895.51,-1,2.382,-0.074,-1.182,3,0.000,0.000,0.048,10,2.421,-1.182,0.065,-0.008,1.50,0.68,-1.927,-0.473,4.000,-35.697,-26.443,41.000
1744538895.51,-1,2.383,-0.077,-1.183,3,0.000,0.000,0.074,10,2.425,-1.183,0.068,-0.009,1.50,0.78,-1.927,-0.473,4.000,-35.697,-26.443,41.000
1744538895.54,-1,2.383,-0.078,-1.183,3,0.000,0.000,0.074,10,2.425,-1.183,0.068,-0.009,1.50,0.78,-1.927,-0.473,4.000,-35.697,-26.443,41.000
1744538895.54,-1,2.384,-0.079,-1.184,3,0.000,0.000,0.074,10,2.425,-1.184,0.068,-0.010,1.50,0.78,-1.927,-0.473,4.000,-35.697,-26.443,41.000
1744538895.54,-1,2.384,-0.080,-1.185,3,0.000,0.000,0.117,10,2.428,-1.185,0.072,-0.012,1.50,0.78,-1.927,-0.473,4.000,-35.697,-26.443,41.000
1744538895.54,-1,2.384,-0.080,-1.185,3,0.000,0.000,0.117,10,2.428,-1.185,0.072,-0.012,1.50,0.78,-1.927,-0.473,4.000,-35.697,-26.443,41.000
1744538895.55,-1,2.385,-0.082,-1.185,3,0.000,0.000,0.074,10,2.431,-1.185,0.075,-0.012,1.50,0.81,-1.927,-0.473,4.000,-35.697,-26.443,41.000
1744538895.55,-1,2.386,-0.084,-1.187,3,0.000,0.000,0.074,10,2.431,-1.187,0.075,-0.013,1.50,0.81,-1.927,-0.473,4.000,-35.697,-26.443,41.000
1744538895.55,-1,2.386,-0.085,-1.187,3,0.000,0.000,0.074,10,2.431,-1.187,0.075,-0.013,1.50,0.81,-1.927,-0.473,4.000,-35.697,-26.443,41.000
1744538895.55,-1,2.387,-0.086,-1.188,3,0.000,0.000,0.065,10,2.434,-1.188,0.078,-0.014,1.50,0.81,-1.927,-0.473,4.000,-35.697,-26.443,41.000
1744538895.55,-1,2.387,-0.086,-1.188,3,0.000,0.000,0.065,10,2.434,-1.188,0.078,-0.014,1.50,0.81,-1.927,-0.473,4.000,-35.697,-26.443,41.000
1744538895.59,-1,2.388,-0.088,-1.188,3,0.000,0.000,0.026,10,2.437,-1.188,0.081,-0.014,1.50,0.81,-1.927,-0.473,4.000,-35.697,-26.443,41.000
1744538895.59,-1,2.388,-0.089,-1.188,3,0.000,0.000,0.026,10,2.437,-1.188,0.081,-0.014,1.50,0.81,-1.927,-0.473,4.000,-35.697,-26.443,41.000
1744538895.59,-1,2.388,-0.090,-1.187,3,0.000,0.000,0.026,10,2.437,-1.187,0.081,-0.013,1.50,0.81,-1.927,-0.473,4.000,-35.697,-26.443,41.000
1744538895.60,-1,2.389,-0.092,-1.188,3,0.000,0.000,0.035,10,2.440,-1.188,0.084,-0.014,1.50,0.81,-1.927,-0.473,4.000,-35.697,-26.443,41.000
1744538895.60,-1,2.389,-0.092,-1.188,3,0.000,0.000,0.035,10,2.440,-1.188,0.084,-0.014,1.50,0.81,-1.927,-0.473,4.000,-35.697,-26.443,41.000
1744538895.60,-1,2.390,-0.094,-1.189,3,0.000,0.000,0.013,10,2.443,-1.189,0.087,-0.015,1.50,0.86,-1.927,-0.473,4.000,-35.697,-26.443,41.000
1744538895.60,-1,2.390,-0.095,-1.188,3,0.000,0.000,0.013,10,2.443,-1.188,0.087,-0.014,1.50,0.86,-1.927,-0.473,4.000,-35.697,-26.443,41.000
1744538895.60,-1,2.391,-0.096,-1.188,3,0.000,0.000,0.013,10,2.443,-1.188,0.087,-0.014,1.50,0.86,-1.927,-0.473,4.000,-35.697,-26.443,41.000
1744538895.64,-1,2.391,-0.097,-1.188,3,0.000,0.000,0.013,10,2.446,-1.188,0.090,-0.014,1.50,0.86,-1.927,-0.473,4.000,-35.697,-26.443,41.000
1744538895.64,-1,2.391,-0.097,-1.188,3,0.000,0.000,0.013,10,2.446,-1.188,0.090,-0.014,1.50,0.86,-1.927,-0.473,4.000,-35.697,-26.443,41.000
1744538895.64,-1,2.392,-0.099,-1.189,3,0.000,0.000,-0.009,10,2.449,-1.189,0.093,-0.015,1.50,0.84,-1.927,-0.473,4.000,-35.697,-26.443,41.000
1744538895.64,-1,2.393,-0.100,-1.188,3,0.000,0.000,-0.009,10,2.449,-1.188,0.093,-0.014,1.50,0.84,-1.927,-0.473,4.000,-35.697,-26.443,41.000
1744538895.65,-1,2.393,-0.101,-1.188,3,0.000,0.000,-0.009,10,2.449,-1.188,0.093,-0.014,1.50,0.84,-1.927,-0.473,4.000,-35.697,-26.443,41.000
1744538895.65,-1,2.394,-0.103,-1.188,3,0.000,0.000,-0.009,10,2.452,-1.188,0.096,-0.014,1.50,0.84,-1.927,-0.473,4.000,-35.697,-26.443,41.000
1744538895.65,-1,2.394,-0.103,-1.188,3,0.000,0.000,-0.009,10,2.452,-1.188,0.096,-0.014,1.50,0.84,-1.927,-0.473,4.000,-35.697,-26.443,41.000
1744538895.65,-1,2.394,-0.104,-1.187,3,0.000,0.000,-0.061,10,2.455,-1.187,0.099,-0.013,1.50,0.80,-1.927,-0.473,4.000,-35.697,-26.443,41.000
1744538895.65,-1,2.395,-0.105,-1.187,3,0.000,0.000,-0.061,10,2.455,-1.187,0.099,-0.013,1.50,0.80,-1.927,-0.473,4.000,-35.697,-26.443,41.000
1744538895.69,-1,2.395,-0.106,-1.185,3,0.000,0.000,-0.061,10,2.455,-1.185,0.099,-0.012,1.50,0.80,-1.927,-0.473,4.000,-35.697,-26.443,41.000
1744538895.69,-1,2.396,-0.108,-1.185,3,0.000,0.000,-0.043,10,2.458,-1.185,0.101,-0.012,1.50,0.80,-1.927,-0.473,4.000,-35.697,-26.443,41.000
1744538895.69,-1,2.396,-0.108,-1.185,3,0.000,0.000,-0.043,10,2.458,-1.185,0.101,-0.012,1.50,0.80,-1.927,-0.473,4.000,-35.697,-26.443,41.000
1744538895.72,-1,2.396,-0.110,-1.187,3,0.000,0.000,-0.009,10,2.461,-1.187,0.104,-0.013,1.50,0.72,-1.927,-0.473,4.000,-35.697,-26.443,41.000
1744538895.72,-1,2.397,-0.111,-1.187,3,0.000,0.000,-0.009,10,2.461,-1.187,0.104,-0.013,1.50,0.72,-1.927,-0.473,4.000,-35.697,-26.443,41.000
1744538895.72,-1,2.397,-0.112,-1.185,3,0.000,0.000,-0.009,10,2.461,-1.185,0.104,-0.012,1.50,0.72,-1.927,-0.473,4.000,-35.697,-26.443,41.000
1744538895.72,-1,2.398,-0.113,-1.185,3,0.000,0.000,-0.052,10,2.463,-1.185,0.107,-0.012,1.50,0.72,-1.927,-0.473,4.000,-35.697,-26.443,41.000
1744538895.72,-1,2.398,-0.113,-1.185,3,0.000,0.000,-0.052,10,2.463,-1.185,0.107,-0.012,1.50,0.72,-1.927,-0.473,4.000,-35.697,-26.443,41.000
1744538895.72,-1,2.398,-0.115,-1.184,3,0.000,0.000,-0.052,10,2.466,-1.184,0.110,-0.010,1.50,0.79,-1.927,-0.473,4.000,-35.697,-26.443,41.000
1744538895.75,-1,2.399,-0.116,-1.184,3,0.000,0.000,-0.052,10,2.466,-1.184,0.110,-0.010,1.50,0.79,-1.927,-0.473,4.000,-35.697,-26.443,41.000
1744538895.75,-1,2.399,-0.117,-1.184,3,0.000,0.000,-0.052,10,2.466,-1.184,0.110,-0.010,1.50,0.79,-1.927,-0.473,4.000,-35.697,-26.443,41.000
1744538895.75,-1,2.400,-0.119,-1.184,3,0.000,0.000,-0.022,10,2.469,-1.184,0.113,-0.010,1.50,0.79,-1.927,-0.473,4.000,-35.697,-26.443,41.000
1744538895.75,-1,2.400,-0.119,-1.184,3,0.000,0.000,-0.022,10,2.469,-1.184,0.113,-0.010,1.50,0.80,-1.927,-0.473,4.000,-35.697,-26.443,41.000
# remark: robobot/cmd/ti/alive 2025-04-13 12:07:52.918866
1744538895.77,-1,2.401,-0.120,-1.183,3,0.000,0.000,-0.043,10,2.472,-1.183,0.116,-0.009,1.50,0.80,-1.927,-0.473,4.000,-35.697,-26.443,41.000
1744538895.77,-1,2.401,-0.122,-1.184,3,0.000,0.000,-0.043,10,2.472,-1.184,0.116,-0.010,1.50,0.80,-1.927,-0.473,4.000,-35.697,-26.443,41.000
1744538895.77,-1,2.401,-0.122,-1.183,3,0.000,0.000,-0.043,10,2.472,-1.183,0.116,-0.009,1.50,0.80,-1.927,-0.473,4.000,-35.697,-26.443,41.000
1744538895.77,-1,2.402,-0.124,-1.182,3,0.000,0.000,-0.057,10,2.475,-1.182,0.119,-0.008,1.50,0.80,-1.927,-0.473,4.000,-35.697,-26.443,41.000
1744538895.77,-1,2.402,-0.124,-1.182,3,0.000,0.000,-0.057,10,2.475,-1.182,0.119,-0.008,1.50,0.76,-1.927,-0.473,4.000,-35.697,-26.443,41.000
1744538895.80,-1,2.403,-0.126,-1.183,3,0.000,0.000,-0.039,10,2.478,-1.183,0.122,-0.009,1.50,0.76,-1.927,-0.473,4.000,-35.697,-26.443,41.000
1744538895.80,-1,2.403,-0.127,-1.182,3,0.000,0.000,-0.039,10,2.478,-1.182,0.122,-0.008,1.50,0.76,-1.927,-0.473,4.000,-35.697,-26.443,41.000
1744538895.80,-1,2.404,-0.128,-1.182,3,0.000,0.000,-0.039,10,2.478,-1.182,0.122,-0.008,1.50,0.76,-1.927,-0.473,4.000,-35.697,-26.443,41.000
1744538895.82,-1,2.404,-0.130,-1.183,3,0.000,0.000,0.013,10,2.481,-1.183,0.124,-0.009,1.50,0.76,-1.927,-0.473,4.000,-35.697,-26.443,41.000
1744538895.82,-1,2.404,-0.130,-1.183,3,0.000,0.000,0.013,10,2.481,-1.183,0.124,-0.009,1.50,0.76,-1.927,-0.473,4.000,-35.697,-26.443,41.000
1744538895.82,-1,2.405,-0.131,-1.183,3,0.000,0.000,-0.004,10,2.484,-1.183,0.127,-0.009,1.50,0.79,-1.927,-0.473,4.000,-35.697,-26.443,41.000
1744538895.82,-1,2.406,-0.132,-1.182,3,0.000,0.000,-0.004,10,2.484,-1.182,0.127,-0.008,1.50,0.79,-1.927,-0.473,4.000,-35.697,-26.443,41.000
1744538895.82,-1,2.406,-0.133,-1.182,3,0.000,0.000,-0.004,10,2.484,-1.182,0.127,-0.008,1.50,0.79,-1.927,-0.473,4.000,-35.697,-26.443,41.000
1744538895.84,-1,2.407,-0.135,-1.181,3,0.000,0.000,-0.043,10,2.487,-1.181,0.130,-0.007,1.50,0.79,-1.927,-0.473,4.000,-35.697,-26.443,41.000
1744538895.85,-1,2.407,-0.135,-1.181,3,0.000,0.000,-0.043,10,2.487,-1.181,0.130,-0.007,1.50,0.79,-1.927,-0.473,4.000,-35.697,-26.443,41.000
1744538895.85,-1,2.407,-0.137,-1.182,3,0.000,0.000,-0.017,10,2.490,-1.182,0.133,-0.008,1.50,0.82,-1.927,-0.473,4.000,-35.697,-26.443,41.000
1744538895.85,-1,2.408,-0.138,-1.181,3,0.000,0.000,-0.017,10,2.490,-1.181,0.133,-0.007,1.50,0.82,-1.927,-0.473,4.000,-35.697,-26.443,41.000
1744538895.85,-1,2.408,-0.139,-1.181,3,0.000,0.000,-0.017,10,2.490,-1.181,0.133,-0.007,1.50,0.82,-1.927,-0.473,4.000,-35.697,-26.443,41.000
1744538895.87,-1,2.409,-0.140,-1.180,3,0.000,0.000,-0.039,10,2.493,-1.180,0.136,-0.006,1.50,0.82,-1.927,-0.473,4.000,-35.697,-26.443,41.000
1744538895.87,-1,2.409,-0.140,-1.180,3,0.000,0.000,-0.039,10,2.493,-1.180,0.136,-0.006,1.50,0.82,-1.927,-0.473,4.000,-35.697,-26.443,41.000
1744538895.88,-1,2.410,-0.142,-1.181,3,0.000,0.000,-0.052,10,2.496,-1.181,0.139,-0.007,1.50,0.80,-1.927,-0.473,4.000,-35.697,-26.443,41.000
1744538895.88,-1,2.410,-0.143,-1.180,3,0.000,0.000,-0.052,10,2.496,-1.180,0.139,-0.006,1.50,0.80,-1.927,-0.473,4.000,-35.697,-26.443,41.000
1744538895.89,-1,2.410,-0.144,-1.180,3,0.000,0.000,-0.052,10,2.496,-1.180,0.139,-0.006,1.50,0.80,-1.927,-0.473,4.000,-35.697,-26.443,41.000
1744538895.89,-1,2.411,-0.146,-1.180,3,0.000,0.000,-0.030,10,2.499,-1.180,0.142,-0.006,1.50,0.80,-1.927,-0.473,4.000,-35.697,-26.443,41.000
1744538895.90,-1,2.411,-0.146,-1.180,3,0.000,0.000,-0.030,10,2.499,-1.180,0.142,-0.006,1.50,0.80,-1.927,-0.473,4.000,-35.697,-26.443,41.000
1744538895.90,-1,2.412,-0.148,-1.179,3,0.000,0.000,-0.035,10,2.502,-1.179,0.146,-0.005,1.50,0.69,-1.927,-0.473,4.000,-35.697,-26.443,41.000
1744538895.93,-1,2.412,-0.149,-1.180,3,0.000,0.000,-0.035,10,2.502,-1.180,0.146,-0.006,1.50,0.69,-1.927,-0.473,4.000,-35.697,-26.443,41.000
1744538895.93,-1,2.413,-0.150,-1.179,3,0.000,0.000,-0.035,10,2.502,-1.179,0.146,-0.005,1.50,0.69,-1.927,-0.473,4.000,-35.697,-26.443,41.000
1744538895.93,-1,2.413,-0.152,-1.179,3,0.000,0.000,-0.026,10,2.505,-1.179,0.148,-0.005,1.50,0.69,-1.927,-0.473,4.000,-35.697,-26.443,41.000
1744538895.93,-1,2.413,-0.152,-1.179,3,0.000,0.000,-0.026,10,2.505,-1.179,0.148,-0.005,1.50,0.69,-1.927,-0.473,4.000,-35.697,-26.443,41.000
1744538895.95,-1,2.414,-0.154,-1.179,3,0.000,0.000,-0.009,10,2.508,-1.179,0.151,-0.005,1.50,0.67,-1.927,-0.473,4.000,-35.697,-26.443,41.000
1744538895.95,-1,2.415,-0.155,-1.179,3,0.000,0.000,-0.009,10,2.508,-1.179,0.151,-0.005,1.50,0.67,-1.927,-0.473,4.000,-35.697,-26.443,41.000
1744538895.95,-1,2.415,-0.155,-1.179,3,0.000,0.000,-0.009,10,2.508,-1.179,0.151,-0.005,1.50,0.67,-1.927,-0.473,4.000,-35.697,-26.443,41.000
1744538895.95,-1,2.416,-0.157,-1.177,3,0.000,0.000,-0.039,10,2.511,-1.177,0.154,-0.004,1.50,0.67,-1.927,-0.473,4.000,-35.697,-26.443,41.000
1744538895.95,-1,2.416,-0.157,-1.177,3,0.000,0.000,-0.039,10,2.511,-1.177,0.154,-0.004,1.50,0.67,-1.927,-0.473,4.000,-35.697,-26.443,41.000
1744538895.98,-1,2.417,-0.159,-1.177,3,0.000,0.000,-0.035,10,2.514,-1.177,0.158,-0.004,1.50,0.69,-1.927,-0.473,4.000,-35.697,-26.443,41.000
1744538895.98,-1,2.417,-0.160,-1.177,3,0.000,0.000,-0.035,10,2.514,-1.177,0.158,-0.004,1.50,0.69,-1.927,-0.473,4.000,-35.697,-26.443,41.000
1744538895.98,-1,2.417,-0.161,-1.177,3,0.000,0.000,-0.035,10,2.514,-1.177,0.158,-0.004,1.50,0.69,-1.927,-0.473,4.000,-35.697,-26.443,41.000
1744538896.00,-1,2.418,-0.163,-1.177,3,0.000,0.000,0.000,10,2.517,-1.177,0.160,-0.004,1.50,0.69,-1.927,-0.473,4.000,-35.697,-26.443,41.000
1744538896.00,-1,2.418,-0.163,-1.177,3,0.000,0.000,0.000,10,2.517,-1.177,0.160,-0.004,1.50,0.69,-1.927,-0.473,4.000,-35.697,-26.443,41.000
1744538896.00,-1,2.419,-0.165,-1.176,3,0.000,0.000,-0.043,10,2.520,-1.176,0.164,-0.002,1.50,0.70,-1.927,-0.473,4.000,-35.697,-26.443,41.000
1744538896.00,-1,2.419,-0.166,-1.176,3,0.000,0.000,-0.043,10,2.520,-1.176,0.164,-0.002,1.50,0.70,-1.927,-0.473,4.000,-35.697,-26.443,41.000
1744538896.00,-1,2.420,-0.166,-1.176,3,0.000,0.000,-0.043,10,2.520,-1.176,0.164,-0.002,1.50,0.70,-1.927,-0.473,4.000,-35.697,-26.443,41.000
1744538896.03,-1,2.420,-0.168,-1.177,3,0.000,0.000,-0.035,10,2.523,-1.177,0.166,-0.004,1.50,0.70,-1.927,-0.473,4.000,-35.697,-26.443,41.000
1744538896.03,-1,2.420,-0.168,-1.177,3,0.000,0.000,-0.035,10,2.523,-1.177,0.166,-0.004,1.50,0.70,-1.927,-0.473,4.000,-35.697,-26.443,41.000
1744538896.03,-1,2.421,-0.170,-1.176,3,0.000,0.000,0.013,10,2.526,-1.176,0.170,-0.002,1.50,0.74,-1.927,-0.473,4.000,-35.697,-26.443,41.000
1744538896.03,-1,2.422,-0.171,-1.175,3,0.000,0.000,0.013,10,2.526,-1.175,0.170,-0.001,1.50,0.74,-1.927,-0.473,4.000,-35.697,-26.443,41.000
1744538896.03,-1,2.422,-0.172,-1.175,3,0.000,0.000,0.013,10,2.526,-1.175,0.170,-0.001,1.50,0.74,-1.927,-0.473,4.000,-35.697,-26.443,41.000
1744538896.05,-1,2.423,-0.174,-1.175,3,0.000,0.000,-0.052,10,2.529,-1.175,0.172,-0.001,1.50,0.74,-1.927,-0.473,4.000,-35.697,-26.443,41.000
1744538896.05,-1,2.423,-0.174,-1.175,3,0.000,0.000,-0.052,10,2.529,-1.175,0.172,-0.001,1.50,0.74,-1.927,-0.473,4.000,-35.697,-26.443,41.000
1744538896.05,-1,2.423,-0.176,-1.175,3,0.000,0.000,-0.048,10,2.532,-1.175,0.175,-0.001,1.50,0.76,-1.927,-0.473,4.000,-35.697,-26.443,41.000
1744538896.05,-1,2.424,-0.177,-1.175,3,0.000,0.000,-0.048,10,2.532,-1.175,0.175,-0.001,1.50,0.76,-1.927,-0.473,4.000,-35.697,-26.443,41.000
1744538896.08,-1,2.424,-0.177,-1.174,3,0.000,0.000,-0.048,10,2.532,-1.174,0.175,0.000,1.50,0.76,-1.927,-0.473,4.000,-35.697,-26.443,41.000
1744538896.08,-1,2.425,-0.179,-1.174,3,0.000,0.000,-0.026,10,2.535,-1.174,0.178,0.000,1.50,0.76,-1.927,-0.473,4.000,-35.697,-26.443,41.000
1744538896.08,-1,2.425,-0.179,-1.174,3,0.000,0.000,-0.026,10,2.535,-1.174,0.178,0.000,1.50,0.76,-1.927,-0.473,4.000,-35.697,-26.443,41.000
1744538896.09,-1,2.426,-0.181,-1.174,3,0.000,0.000,-0.039,10,2.538,-1.174,0.181,0.000,1.50,0.75,-1.927,-0.473,4.000,-35.697,-26.443,41.000
1744538896.09,-1,2.426,-0.182,-1.174,3,0.000,0.000,-0.039,10,2.538,-1.174,0.181,0.000,1.50,0.75,-1.927,-0.473,4.000,-35.697,-26.443,41.000
1744538896.10,-1,2.427,-0.183,-1.174,3,0.000,0.000,-0.039,10,2.538,-1.174,0.181,0.000,1.50,0.75,-1.927,-0.473,4.000,-35.697,-26.443,41.000
1744538896.10,-1,2.427,-0.185,-1.175,3,0.000,0.000,-0.009,10,2.541,-1.175,0.184,-0.001,1.50,0.75,-1.927,-0.473,4.000,-35.697,-26.443,41.000
1744538896.10,-1,2.427,-0.185,-1.175,3,0.000,0.000,-0.009,10,2.541,-1.175,0.184,-0.001,1.50,0.75,-1.927,-0.473,4.000,-35.697,-26.443,41.000
1744538896.14,-1,2.428,-0.187,-1.174,3,0.000,0.000,0.017,10,2.544,-1.174,0.187,0.000,1.50,0.76,-1.927,-0.473,4.000,-35.697,-26.443,41.000
1744538896.14,-1,2.429,-0.188,-1.175,3,0.000,0.000,0.017,10,2.544,-1.175,0.187,-0.001,1.50,0.76,-1.927,-0.473,4.000,-35.697,-26.443,41.000
1744538896.14,-1,2.429,-0.189,-1.174,3,0.000,0.000,0.017,10,2.544,-1.174,0.187,0.000,1.50,0.76,-1.927,-0.473,4.000,-35.697,-26.443,41.000
1744538896.14,-1,2.430,-0.190,-1.174,3,0.000,0.000,-0.013,10,2.547,-1.174,0.191,0.000,1.50,0.76,-1.927,-0.473,4.000,-35.697,-26.443,41.000
1744538896.14,-1,2.430,-0.190,-1.174,3,0.000,0.000,-0.013,10,2.547,-1.174,0.191,0.000,1.50,0.76,-1.927,-0.473,4.000,-35.697,-26.443,41.000
1744538896.15,-1,2.430,-0.192,-1.174,3,0.000,0.000,-0.030,10,2.550,-1.174,0.194,0.000,1.50,0.80,-1.927,-0.473,4.000,-35.697,-26.443,41.000
1744538896.15,-1,2.431,-0.193,-1.173,3,0.000,0.000,-0.030,10,2.550,-1.173,0.194,0.001,1.50,0.80,-1.927,-0.473,4.000,-35.697,-26.443,41.000
1744538896.15,-1,2.431,-0.194,-1.174,3,0.000,0.000,-0.030,10,2.550,-1.174,0.194,0.000,1.50,0.80,-1.927,-0.473,4.000,-35.697,-26.443,41.000
1744538896.15,-1,2.432,-0.196,-1.174,3,0.000,0.000,0.026,10,2.553,-1.174,0.197,0.000,1.50,0.80,-1.927,-0.473,4.000,-35.697,-26.443,41.000
1744538896.15,-1,2.432,-0.196,-1.174,3,0.000,0.000,0.026,10,2.553,-1.174,0.197,0.000,1.50,0.80,-1.927,-0.473,4.000,-35.697,-26.443,41.000
1744538896.19,-1,2.433,-0.198,-1.174,3,0.000,0.000,0.030,10,2.556,-1.174,0.200,0.000,1.50,0.81,-1.927,-0.473,4.000,-35.697,-26.443,41.000
1744538896.19,-1,2.433,-0.199,-1.174,3,0.000,0.000,0.030,10,2.556,-1.174,0.200,0.000,1.50,0.81,-1.927,-0.473,4.000,-35.697,-26.443,41.000
1744538896.19,-1,2.434,-0.200,-1.174,3,0.000,0.000,0.030,10,2.556,-1.174,0.200,0.000,1.50,0.81,-1.927,-0.473,4.000,-35.697,-26.443,41.000
1744538896.19,-1,2.434,-0.202,-1.174,3,0.000,0.000,-0.013,10,2.559,-1.174,0.203,0.000,1.50,0.81,-1.927,-0.473,4.000,-35.697,-26.443,41.000
1744538896.21,-1,2.434,-0.202,-1.174,3,0.000,0.000,-0.013,10,2.559,-1.174,0.203,0.000,1.50,0.81,-1.927,-0.473,4.000,-35.697,-26.443,41.000
1744538896.21,-1,2.435,-0.204,-1.174,3,0.000,0.000,-0.009,10,2.562,-1.174,0.206,0.000,1.50,0.69,-1.927,-0.473,4.000,-35.697,-26.443,41.000
1744538896.21,-1,2.436,-0.205,-1.174,3,0.000,0.000,-0.009,10,2.562,-1.174,0.206,0.000,1.50,0.69,-1.927,-0.473,4.000,-35.697,-26.443,41.000
1744538896.21,-1,2.436,-0.205,-1.174,3,0.000,0.000,-0.009,10,2.562,-1.174,0.206,0.000,1.50,0.69,-1.927,-0.473,4.000,-35.697,-26.443,41.000
1744538896.24,-1,2.437,-0.207,-1.174,3,0.000,0.000,0.009,10,2.565,-1.174,0.209,0.000,1.50,0.69,-1.927,-0.473,4.000,-35.697,-26.443,41.000
1744538896.24,-1,2.437,-0.207,-1.174,3,0.000,0.000,0.009,10,2.565,-1.174,0.209,0.000,1.50,0.69,-1.927,-0.473,4.000,-35.697,-26.443,41.000
1744538896.24,-1,2.437,-0.209,-1.174,3,0.000,0.000,-0.009,10,2.568,-1.174,0.212,0.000,1.50,0.67,-1.927,-0.473,4.000,-35.697,-26.443,41.000
1744538896.24,-1,2.438,-0.210,-1.174,3,0.000,0.000,-0.009,10,2.568,-1.174,0.212,0.000,1.50,0.67,-1.927,-0.473,4.000,-35.697,-26.443,41.000
1744538896.25,-1,2.438,-0.211,-1.174,3,0.000,0.000,-0.009,10,2.568,-1.174,0.212,0.000,1.50,0.67,-1.927,-0.473,4.000,-35.697,-26.443,41.000
1744538896.27,-1,2.439,-0.213,-1.175,3,0.000,0.000,0.022,10,2.571,-1.175,0.215,-0.001,1.50,0.67,-1.927,-0.473,4.000,-35.697,-26.443,41.000
1744538896.27,-1,2.439,-0.213,-1.175,3,0.000,0.000,0.022,10,2.571,-1.175,0.215,-0.001,1.50,0.67,-1.927,-0.473,4.000,-35.697,-26.443,41.000
1744538896.27,-1,2.440,-0.215,-1.174,3,0.000,0.000,0.009,10,2.574,-1.174,0.218,0.000,1.50,0.68,-1.927,-0.473,4.000,-35.697,-26.443,41.000
1744538896.27,-1,2.440,-0.216,-1.174,3,0.000,0.000,0.009,10,2.574,-1.174,0.218,0.000,1.50,0.68,-1.927,-0.473,4.000,-35.697,-26.443,41.000
# remark: robobot/cmd/ti/alive 2025-04-13 12:07:52.918866
1744538896.29,-1,2.441,-0.216,-1.174,3,0.000,0.000,0.009,10,2.574,-1.174,0.218,0.000,1.50,0.68,-1.927,-0.473,4.000,-35.697,-26.443,41.000
1744538896.29,-1,2.441,-0.218,-1.174,3,0.000,0.000,-0.035,10,2.577,-1.174,0.221,0.000,1.50,0.68,-1.927,-0.473,4.000,-35.697,-26.443,41.000
1744538896.29,-1,2.441,-0.218,-1.174,3,0.000,0.000,-0.035,10,2.577,-1.174,0.221,0.000,1.50,0.68,-1.927,-0.473,4.000,-35.697,-26.443,41.000
1744538896.29,-1,2.442,-0.220,-1.174,3,0.000,0.000,-0.004,10,2.580,-1.174,0.224,0.000,1.50,0.74,-1.927,-0.473,4.000,-35.697,-26.443,41.000
1744538896.32,-1,2.443,-0.221,-1.174,3,0.000,0.000,-0.004,10,2.580,-1.174,0.224,0.000,1.50,0.74,-1.927,-0.473,4.000,-35.697,-26.443,41.000
1744538896.32,-1,2.443,-0.222,-1.174,3,0.000,0.000,-0.004,10,2.580,-1.174,0.224,0.000,1.50,0.74,-1.927,-0.473,4.000,-35.697,-26.443,41.000
1744538896.32,-1,2.444,-0.224,-1.174,3,0.000,0.000,0.000,10,2.583,-1.174,0.227,0.000,1.50,0.74,-1.927,-0.473,4.000,-35.697,-26.443,41.000
1744538896.32,-1,2.444,-0.224,-1.174,3,0.000,0.000,0.000,10,2.583,-1.174,0.227,0.000,1.50,0.74,-1.927,-0.473,4.000,-35.697,-26.443,41.000
1744538896.34,-1,2.444,-0.226,-1.174,3,0.000,0.000,-0.013,10,2.586,-1.174,0.230,0.000,1.50,0.63,-1.927,-0.473,4.000,-35.697,-26.443,41.000
1744538896.34,-1,2.445,-0.227,-1.173,3,0.000,0.000,-0.013,10,2.586,-1.173,0.230,0.001,1.50,0.63,-1.927,-0.473,4.000,-35.697,-26.443,41.000
1744538896.34,-1,2.445,-0.227,-1.174,3,0.000,0.000,-0.013,10,2.586,-1.174,0.230,0.000,1.50,0.63,-1.927,-0.473,4.000,-35.697,-26.443,41.000
1744538896.34,-1,2.446,-0.229,-1.174,3,0.000,0.000,0.009,10,2.589,-1.174,0.233,0.000,1.50,0.63,-1.927,-0.473,4.000,-35.697,-26.443,41.000
1744538896.34,-1,2.446,-0.229,-1.174,3,0.000,0.000,0.009,10,2.589,-1.174,0.233,0.000,1.50,0.63,-1.927,-0.473,4.000,-35.697,-26.443,41.000
# remark: robobot/cmd/ti/rc 0.0 0.0
1744538896.37,-1,2.447,-0.231,-1.174,3,0.000,0.000,-0.017,10,2.592,-1.174,0.236,0.000,1.50,0.61,-1.927,-0.473,4.000,-35.697,-26.443,41.000
1744538896.37,-1,2.447,-0.232,-1.173,3,0.000,0.000,-0.017,10,2.592,-1.173,0.236,0.001,1.50,0.61,-1.927,-0.473,4.000,-35.697,-26.443,41.000
1744538896.37,-1,2.447,-0.233,-1.173,3,0.000,0.000,-0.017,10,2.592,-1.173,0.236,0.001,1.50,0.61,-1.927,-0.473,4.000,-35.697,-26.443,41.000
1744538896.37,-1,2.448,-0.235,-1.173,3,0.000,0.000,-0.026,10,2.595,-1.173,0.239,0.001,1.50,0.61,-1.927,-0.473,4.000,-35.697,-26.443,41.000
1744538896.38,-1,2.448,-0.235,-1.173,3,0.000,0.000,-0.026,10,2.595,-1.173,0.239,0.001,1.50,0.61,-1.927,-0.473,4.000,-35.697,-26.443,41.000
1744538896.38,-1,2.449,-0.236,-1.174,3,0.000,0.000,0.009,10,2.598,-1.174,0.241,0.000,1.50,0.65,-1.927,-0.473,4.000,-35.697,-26.443,41.000
1744538896.38,-1,2.449,-0.236,-1.173,3,0.000,0.000,0.009,10,2.598,-1.173,0.241,0.001,1.50,0.65,-1.927,-0.473,4.000,-35.697,-26.443,41.000
1744538896.38,-1,2.449,-0.236,-1.174,3,0.000,0.000,0.009,10,2.598,-1.174,0.241,0.000,1.50,0.65,-1.927,-0.473,4.000,-35.697,-26.443,41.000
1744538896.42,-1,2.449,-0.237,-1.171,3,0.000,0.000,0.035,10,2.599,-1.171,0.243,0.002,1.50,0.65,-1.927,-0.473,4.000,-35.697,-26.443,41.000
1744538896.42,-1,2.449,-0.237,-1.171,3,0.000,0.000,0.035,10,2.599,-1.171,0.243,0.002,1.50,0.65,-1.927,-0.473,4.000,-35.697,-26.443,41.000
1744538896.42,-1,2.449,-0.238,-1.169,3,0.000,0.000,-0.204,10,2.600,-1.169,0.244,0.005,1.50,0.70,-1.927,-0.473,4.000,-35.697,-26.443,41.000
1744538896.42,-1,2.450,-0.239,-1.168,3,0.000,0.000,-0.204,10,2.600,-1.168,0.244,0.006,1.50,0.70,-1.927,-0.473,4.000,-35.697,-26.443,41.000
1744538896.43,-1,2.450,-0.239,-1.169,3,0.000,0.000,-0.204,10,2.600,-1.169,0.244,0.005,1.50,0.70,-1.927,-0.473,4.000,-35.697,-26.443,41.000
1744538896.44,-1,2.450,-0.240,-1.171,3,0.000,0.000,-0.061,10,2.602,-1.171,0.246,0.002,1.50,0.70,-1.927,-0.473,4.000,-35.697,-26.443,41.000
1744538896.44,-1,2.450,-0.240,-1.171,3,0.000,0.000,-0.061,10,2.602,-1.171,0.246,0.002,1.50,0.70,-1.927,-0.473,4.000,-35.697,-26.443,41.000
1744538896.44,-1,2.451,-0.240,-1.173,3,0.000,0.000,0.187,10,2.604,-1.173,0.247,0.001,1.50,0.64,-1.927,-0.473,4.000,-35.697,-26.443,41.000
1744538896.44,-1,2.451,-0.240,-1.173,3,0.000,0.000,0.187,10,2.604,-1.173,0.247,0.001,1.50,0.64,-1.927,-0.473,4.000,-35.697,-26.443,41.000
1744538896.45,-1,2.451,-0.240,-1.173,3,0.000,0.000,0.187,10,2.604,-1.173,0.247,0.001,1.50,0.64,-1.927,-0.473,4.000,-35.697,-26.443,41.000
1744538896.47,-1,2.451,-0.240,-1.174,3,0.000,0.000,0.048,10,2.604,-1.174,0.248,0.000,1.50,0.64,-1.927,-0.473,4.000,-35.697,-26.443,41.000
1744538896.47,-1,2.451,-0.240,-1.174,3,0.000,0.000,0.048,10,2.604,-1.174,0.248,0.000,1.50,0.64,-1.927,-0.473,4.000,-35.697,-26.443,41.000
1744538896.47,-1,2.451,-0.240,-1.174,3,0.000,0.000,0.004,10,2.605,-1.174,0.249,0.000,1.50,0.57,-1.927,-0.473,4.000,-35.697,-26.443,41.000
1744538896.47,-1,2.451,-0.240,-1.174,3,0.000,0.000,0.004,10,2.605,-1.174,0.249,0.000,1.50,0.57,-1.927,-0.473,4.000,-35.697,-26.443,41.000
1744538896.50,-1,2.451,-0.240,-1.175,3,0.000,0.000,0.004,10,2.605,-1.175,0.249,-0.001,1.50,0.57,-1.927,-0.473,4.000,-35.697,-26.443,41.000
1744538896.50,-1,2.451,-0.240,-1.175,3,0.000,0.000,0.052,10,2.605,-1.175,0.249,-0.001,1.50,0.57,-1.927,-0.473,4.000,-35.697,-26.443,41.000
1744538896.50,-1,2.451,-0.240,-1.175,3,0.000,0.000,0.052,10,2.605,-1.175,0.249,-0.001,1.50,0.57,-1.927,-0.473,4.000,-35.697,-26.443,41.000
1744538896.50,-1,2.450,-0.240,-1.175,3,0.000,0.000,0.039,10,2.605,-1.175,0.249,-0.001,1.50,0.64,-1.927,-0.473,4.000,-35.697,-26.443,41.000
1744538896.53,-1,2.450,-0.240,-1.175,3,0.000,0.000,0.039,10,2.605,-1.175,0.249,-0.001,1.50,0.64,-1.927,-0.473,4.000,-35.697,-26.443,41.000
1744538896.53,-1,2.450,-0.240,-1.173,3,0.000,0.000,0.039,10,2.605,-1.173,0.249,0.001,1.50,0.64,-1.927,-0.473,4.000,-35.697,-26.443,41.000
1744538896.53,-1,2.450,-0.239,-1.171,3,0.000,0.000,-0.013,10,2.605,-1.171,0.249,0.002,1.50,0.64,-1.927,-0.473,4.000,-35.697,-26.443,41.000
1744538896.53,-1,2.450,-0.239,-1.171,3,0.000,0.000,-0.013,10,2.605,-1.171,0.249,0.002,1.50,0.64,-1.927,-0.473,4.000,-35.697,-26.443,41.000
1744538896.54,-1,2.450,-0.239,-1.171,3,0.000,0.000,-0.074,10,2.605,-1.171,0.248,0.002,1.50,0.69,-1.927,-0.473,4.000,-35.697,-26.443,41.000
1744538896.55,-1,2.450,-0.239,-1.171,3,0.000,0.000,-0.074,10,2.605,-1.171,0.248,0.002,1.50,0.69,-1.927,-0.473,4.000,-35.697,-26.443,41.000
1744538896.55,-1,2.450,-0.239,-1.171,3,0.000,0.000,-0.074,10,2.605,-1.171,0.248,0.002,1.50,0.69,-1.927,-0.473,4.000,-35.697,-26.443,41.000
1744538896.55,-1,2.450,-0.239,-1.171,3,0.000,0.000,-0.061,10,2.605,-1.171,0.248,0.002,1.50,0.69,-1.927,-0.473,4.000,-35.697,-26.443,41.000
1744538896.55,-1,2.450,-0.239,-1.171,3,0.000,0.000,-0.061,10,2.605,-1.171,0.248,0.002,1.50,0.69,-1.927,-0.473,4.000,-35.697,-26.443,41.000
1744538896.58,-1,2.450,-0.239,-1.171,3,0.000,0.000,-0.061,10,2.604,-1.171,0.248,0.002,1.50,0.70,-1.927,-0.473,4.000,-35.697,-26.443,41.000
1744538896.58,-1,2.450,-0.239,-1.171,3,0.000,0.000,-0.061,10,2.604,-1.171,0.248,0.002,1.50,0.70,-1.927,-0.473,4.000,-35.697,-26.443,41.000
1744538896.58,-1,2.450,-0.239,-1.171,3,0.000,0.000,-0.061,10,2.604,-1.171,0.248,0.002,1.50,0.70,-1.927,-0.473,4.000,-35.697,-26.443,41.000
1744538896.60,-1,2.450,-0.239,-1.171,3,0.000,0.000,-0.030,10,2.604,-1.171,0.248,0.002,1.50,0.70,-1.927,-0.473,4.000,-35.697,-26.443,41.000
1744538896.60,-1,2.450,-0.239,-1.171,3,0.000,0.000,-0.030,10,2.604,-1.171,0.248,0.002,1.50,0.70,-1.927,-0.473,4.000,-35.697,-26.443,41.000
1744538896.60,-1,2.450,-0.239,-1.171,3,0.000,0.000,-0.026,10,2.604,-1.171,0.248,0.002,1.50,0.71,-1.927,-0.473,4.000,-35.697,-26.443,41.000
1744538896.60,-1,2.450,-0.239,-1.171,3,0.000,0.000,-0.026,10,2.604,-1.171,0.248,0.002,1.50,0.71,-1.927,-0.473,4.000,-35.697,-26.443,41.000
1744538896.60,-1,2.450,-0.239,-1.171,3,0.000,0.000,-0.026,10,2.604,-1.171,0.248,0.002,1.50,0.71,-1.927,-0.473,4.000,-35.697,-26.443,41.000
1744538896.62,-1,2.450,-0.239,-1.171,3,0.000,0.000,-0.013,10,2.604,-1.171,0.247,0.002,1.50,0.71,-1.927,-0.473,4.000,-35.697,-26.443,41.000
1744538896.62,-1,2.450,-0.239,-1.171,3,0.000,0.000,-0.013,10,2.604,-1.171,0.247,0.002,1.50,0.71,-1.927,-0.473,4.000,-35.697,-26.443,41.000
1744538896.62,-1,2.450,-0.239,-1.171,3,0.000,0.000,-0.009,10,2.604,-1.171,0.247,0.002,1.50,0.74,-1.927,-0.473,4.000,-35.697,-26.443,41.000
1744538896.62,-1,2.450,-0.239,-1.171,3,0.000,0.000,-0.009,10,2.604,-1.171,0.247,0.002,1.50,0.74,-1.927,-0.473,4.000,-35.697,-26.443,41.000
1744538896.63,-1,2.450,-0.239,-1.171,3,0.000,0.000,-0.009,10,2.604,-1.171,0.247,0.002,1.50,0.74,-1.927,-0.473,4.000,-35.697,-26.443,41.000
1744538896.65,-1,2.450,-0.239,-1.171,3,0.000,0.000,-0.009,10,2.604,-1.171,0.247,0.002,1.50,0.74,-1.927,-0.473,4.000,-35.697,-26.443,41.000
1744538896.65,-1,2.450,-0.239,-1.171,3,0.000,0.000,-0.009,10,2.604,-1.171,0.247,0.002,1.50,0.74,-1.927,-0.473,4.000,-35.697,-26.443,41.000
1744538896.66,-1,2.450,-0.239,-1.171,3,0.000,0.000,-0.009,10,2.603,-1.171,0.247,0.002,1.50,0.76,-1.927,-0.473,4.000,-35.697,-26.443,41.000
1744538896.66,-1,2.450,-0.239,-1.171,3,0.000,0.000,-0.009,10,2.603,-1.171,0.247,0.002,1.50,0.76,-1.927,-0.473,4.000,-35.697,-26.443,41.000
1744538896.67,-1,2.450,-0.239,-1.171,3,0.000,0.000,-0.009,10,2.603,-1.171,0.247,0.002,1.50,0.76,-1.927,-0.473,4.000,-35.697,-26.443,41.000
1744538896.67,-1,2.450,-0.239,-1.171,3,0.000,0.000,-0.004,10,2.603,-1.171,0.247,0.002,1.50,0.76,-1.927,-0.473,4.000,-35.697,-26.443,41.000
1744538896.67,-1,2.450,-0.239,-1.171,3,0.000,0.000,-0.004,10,2.603,-1.171,0.247,0.002,1.50,0.76,-1.927,-0.473,4.000,-35.697,-26.443,41.000
1744538896.68,-1,2.450,-0.239,-1.171,3,0.000,0.000,-0.004,10,2.603,-1.171,0.247,0.002,1.50,0.80,-1.927,-0.473,4.000,-35.697,-26.443,41.000
1744538896.71,-1,2.450,-0.239,-1.171,3,0.000,0.000,-0.004,10,2.603,-1.171,0.247,0.002,1.50,0.80,-1.927,-0.473,4.000,-35.697,-26.443,41.000
1744538896.71,-1,2.450,-0.239,-1.171,3,0.000,0.000,-0.004,10,2.603,-1.171,0.247,0.002,1.50,0.80,-1.927,-0.473,4.000,-35.697,-26.443,41.000
1744538896.71,-1,2.450,-0.239,-1.171,3,0.000,0.000,-0.004,10,2.603,-1.171,0.247,0.002,1.50,0.80,-1.927,-0.473,4.000,-35.697,-26.443,41.000
1744538896.71,-1,2.450,-0.239,-1.171,3,0.000,0.000,-0.004,10,2.603,-1.171,0.247,0.002,1.50,0.80,-1.927,-0.473,4.000,-35.697,-26.443,41.000
1744538896.72,-1,2.450,-0.239,-1.171,3,0.000,0.000,-0.004,10,2.603,-1.171,0.247,0.002,1.50,0.66,-1.927,-0.473,4.000,-35.697,-26.443,41.000
1744538896.72,-1,2.450,-0.239,-1.171,3,0.000,0.000,-0.004,10,2.603,-1.171,0.247,0.002,1.50,0.66,-1.927,-0.473,4.000,-35.697,-26.443,41.000
1744538896.72,-1,2.450,-0.240,-1.173,3,0.000,0.000,-0.004,10,2.603,-1.173,0.247,0.001,1.50,0.66,-1.927,-0.473,4.000,-35.697,-26.443,41.000
1744538896.72,-1,2.450,-0.240,-1.173,3,0.000,0.000,0.004,10,2.603,-1.173,0.247,0.001,1.50,0.66,-1.927,-0.473,4.000,-35.697,-26.443,41.000
1744538896.72,-1,2.450,-0.240,-1.173,3,0.000,0.000,0.004,10,2.603,-1.173,0.247,0.001,1.50,0.66,-1.927,-0.473,4.000,-35.697,-26.443,41.000
1744538896.76,-1,2.450,-0.240,-1.173,3,0.000,0.000,0.004,10,2.603,-1.173,0.247,0.001,1.50,0.65,-1.927,-0.473,4.000,-35.697,-26.443,41.000
1744538896.76,-1,2.450,-0.240,-1.173,3,0.000,0.000,0.004,10,2.603,-1.173,0.247,0.001,1.50,0.65,-1.927,-0.473,4.000,-35.697,-26.443,41.000
1744538896.76,-1,2.450,-0.240,-1.173,3,0.000,0.000,0.004,10,2.603,-1.173,0.247,0.001,1.50,0.65,-1.927,-0.473,4.000,-35.697,-26.443,41.000
1744538896.77,-1,2.450,-0.240,-1.173,3,0.000,0.000,0.004,10,2.603,-1.173,0.247,0.001,1.50,0.65,-1.927,-0.473,4.000,-35.697,-26.443,41.000
1744538896.77,-1,2.450,-0.240,-1.173,3,0.000,0.000,0.004,10,2.603,-1.173,0.247,0.001,1.50,0.65,-1.927,-0.473,4.000,-35.697,-26.443,41.000
1744538896.77,-1,2.450,-0.240,-1.173,3,0.000,0.000,0.004,10,2.603,-1.173,0.247,0.001,1.50,0.69,-1.927,-0.473,4.000,-35.697,-26.443,41.000
1744538896.77,-1,2.450,-0.240,-1.173,3,0.000,0.000,0.004,10,2.603,-1.173,0.247,0.001,1.50,0.69,-1.927,-0.473,4.000,-35.697,-26.443,41.000
1744538896.79,-1,2.450,-0.240,-1.173,3,0.000,0.000,0.004,10,2.603,-1.173,0.247,0.001,1.50,0.69,-1.927,-0.473,4.000,-35.697,-26.443,41.000
1744538896.80,-1,2.450,-0.240,-1.173,3,0.000,0.000,0.004,10,2.603,-1.173,0.247,0.001,1.50,0.69,-1.927,-0.473,4.000,-35.697,-26.443,41.000
1744538896.80,-1,2.450,-0.240,-1.173,3,0.000,0.000,0.004,10,2.603,-1.173,0.247,0.001,1.50,0.69,-1.927,-0.473,4.000,-35.697,-26.443,41.000
1744538896.81,-1,2.450,-0.240,-1.173,3,0.000,0.000,0.004,10,2.603,-1.173,0.246,0.001,1.50,0.71,-1.927,-0.473,4.000,-35.697,-26.443,41.000
1744538896.81,-1,2.450,-0.240,-1.173,3,0.000,0.000,0.004,10,2.603,-1.173,0.246,0.001,1.50,0.71,-1.927,-0.473,4.000,-35.697,-26.443,41.000
1744538896.83,-1,2.450,-0.240,-1.173,3,0.000,0.000,0.004,10,2.603,-1.173,0.246,0.001,1.50,0.71,-1.927,-0.473,4.000,-35.697,-26.443,41.000
1744538896.83,-1,2.450,-0.240,-1.173,3,0.000,0.000,0.004,10,2.603,-1.173,0.246,0.001,1.50,0.71,-1.927,-0.473,4.000,-35.697,-26.443,41.000
1744538896.83,-1,2.450,-0.240,-1.173,3,0.000,0.000,0.004,10,2.603,-1.173,0.246,0.001,1.50,0.71,-1.927,-0.473,4.000,-35.697,-26.443,41.000
1744538896.83,-1,2.450,-0.240,-1.173,3,0.000,0.000,0.004,10,2.603,-1.173,0.246,0.001,1.50,0.67,-1.927,-0.473,4.000,-35.697,-26.443,41.000
1744538896.85,-1,2.450,-0.240,-1.173,3,0.000,0.000,0.004,10,2.603,-1.173,0.246,0.001,1.50,0.67,-1.927,-0.473,4.000,-35.697,-26.443,41.000
1744538896.85,-1,2.450,-0.240,-1.173,3,0.000,0.000,0.004,10,2.603,-1.173,0.246,0.001,1.50,0.67,-1.927,-0.473,4.000,-35.697,-26.443,41.000
1744538896.85,-1,2.450,-0.240,-1.173,3,0.000,0.000,0.004,10,2.603,-1.173,0.246,0.001,1.50,0.67,-1.927,-0.473,4.000,-35.697,-26.443,41.000
1744538896.85,-1,2.450,-0.240,-1.173,3,0.000,0.000,0.004,10,2.603,-1.173,0.246,0.001,1.50,0.67,-1.927,-0.473,4.000,-35.697,-26.443,41.000
# remark: robobot/cmd/ti/alive 2025-04-13 12:07:52.918866
1744538896.88,-1,2.450,-0.240,-1.173,3,0.000,0.000,0.004,10,2.603,-1.173,0.246,0.001,1.50,0.61,-1.927,-0.473,4.000,-35.697,-26.443,41.000
1744538896.88,-1,2.450,-0.240,-1.173,3,0.000,0.000,0.004,10,2.603,-1.173,0.246,0.001,1.50,0.61,-1.927,-0.473,4.000,-35.697,-26.443,41.000
1744538896.88,-1,2.450,-0.240,-1.173,3,0.000,0.000,0.004,10,2.603,-1.173,0.246,0.001,1.50,0.61,-1.927,-0.473,4.000,-35.697,-26.443,41.000
1744538896.89,-1,2.450,-0.240,-1.173,3,0.000,0.000,0.004,10,2.603,-1.173,0.246,0.001,1.50,0.61,-1.927,-0.473,4.000,-35.697,-26.443,41.000
1744538896.89,-1,2.450,-0.240,-1.173,3,0.000,0.000,0.004,10,2.603,-1.173,0.246,0.001,1.50,0.61,-1.927,-0.473,4.000,-35.697,-26.443,41.000
1744538896.91,-1,2.450,-0.240,-1.173,3,0.000,0.000,0.004,10,2.603,-1.173,0.246,0.001,1.50,0.68,-1.927,-0.473,4.000,-35.697,-26.443,41.000
1744538896.91,-1,2.450,-0.240,-1.173,3,0.000,0.000,0.004,10,2.603,-1.173,0.246,0.001,1.50,0.68,-1.927,-0.473,4.000,-35.697,-26.443,41.000
1744538896.91,-1,2.450,-0.240,-1.173,3,0.000,0.000,0.004,10,2.603,-1.173,0.246,0.001,1.50,0.68,-1.927,-0.473,4.000,-35.697,-26.443,41.000
1744538896.92,-1,2.450,-0.240,-1.173,3,0.000,0.000,0.004,10,2.603,-1.173,0.246,0.001,1.50,0.68,-1.927,-0.473,4.000,-35.697,-26.443,41.000
1744538896.92,-1,2.450,-0.240,-1.173,3,0.000,0.000,0.004,10,2.603,-1.173,0.246,0.001,1.50,0.68,-1.927,-0.473,4.000,-35.697,-26.443,41.000
1744538896.92,-1,2.450,-0.240,-1.173,3,0.000,0.000,0.000,10,2.603,-1.173,0.246,0.001,1.50,0.61,-1.927,-0.473,4.000,-35.697,-26.443,41.000
1744538896.92,-1,2.450,-0.240,-1.173,3,0.000,0.000,0.000,10,2.603,-1.173,0.246,0.001,1.50,0.61,-1.927,-0.473,4.000,-35.697,-26.443,41.000
1744538896.92,-1,2.450,-0.240,-1.173,3,0.000,0.000,0.000,10,2.603,-1.173,0.246,0.001,1.50,0.61,-1.927,-0.473,4.000,-35.697,-26.443,41.000
1744538896.95,-1,2.450,-0.240,-1.173,3,0.000,0.000,0.000,10,2.603,-1.173,0.246,0.001,1.50,0.61,-1.927,-0.473,4.000,-35.697,-26.443,41.000
1744538896.95,-1,2.450,-0.240,-1.173,3,0.000,0.000,0.000,10,2.603,-1.173,0.246,0.001,1.50,0.61,-1.927,-0.473,4.000,-35.697,-26.443,41.000
1744538896.95,-1,2.450,-0.240,-1.173,3,0.000,0.000,0.000,10,2.602,-1.173,0.246,0.001,1.50,0.56,-1.927,-0.473,4.000,-35.697,-26.443,41.000
1744538896.95,-1,2.450,-0.240,-1.173,3,0.000,0.000,0.000,10,2.602,-1.173,0.246,0.001,1.50,0.56,-1.927,-0.473,4.000,-35.697,-26.443,41.000
1744538896.98,-1,2.450,-0.240,-1.173,3,0.000,0.000,0.000,10,2.602,-1.173,0.246,0.001,1.50,0.56,-1.927,-0.473,4.000,-35.697,-26.443,41.000
1744538896.98,-1,2.450,-0.240,-1.173,3,0.000,0.000,0.000,10,2.602,-1.173,0.246,0.001,1.50,0.56,-1.927,-0.473,4.000,-35.697,-26.443,41.000
1744538896.98,-1,2.450,-0.240,-1.173,3,0.000,0.000,0.000,10,2.602,-1.173,0.246,0.001,1.50,0.56,-1.927,-0.473,4.000,-35.697,-26.443,41.000
1744538897.01,-1,2.450,-0.240,-1.173,3,0.000,0.000,0.000,10,2.602,-1.173,0.246,0.001,1.50,0.61,-1.927,-0.473,4.000,-35.697,-26.443,41.000
1744538897.01,-1,2.450,-0.240,-1.173,3,0.000,0.000,0.000,10,2.602,-1.173,0.246,0.001,1.50,0.61,-1.927,-0.473,4.000,-35.697,-26.443,41.000
1744538897.01,-1,2.450,-0.240,-1.173,3,0.000,0.000,0.000,10,2.602,-1.173,0.246,0.001,1.50,0.61,-1.927,-0.473,4.000,-35.697,-26.443,41.000
1744538897.01,-1,2.450,-0.240,-1.173,3,0.000,0.000,-0.004,10,2.602,-1.173,0.246,0.001,1.50,0.61,-1.927,-0.473,4.000,-35.697,-26.443,41.000
1744538897.01,-1,2.450,-0.240,-1.173,3,0.000,0.000,-0.004,10,2.602,-1.173,0.246,0.001,1.50,0.61,-1.927,-0.473,4.000,-35.697,-26.443,41.000
1744538897.02,-1,2.450,-0.240,-1.173,3,0.000,0.000,-0.004,10,2.602,-1.173,0.246,0.001,1.50,0.67,-1.927,-0.473,4.000,-35.697,-26.443,41.000
1744538897.02,-1,2.450,-0.240,-1.173,3,0.000,0.000,-0.004,10,2.602,-1.173,0.246,0.001,1.50,0.67,-1.927,-0.473,4.000,-35.697,-26.443,41.000
1744538897.02,-1,2.450,-0.240,-1.173,3,0.000,0.000,-0.004,10,2.602,-1.173,0.246,0.001,1.50,0.67,-1.927,-0.473,4.000,-35.697,-26.443,41.000
1744538897.04,-1,2.450,-0.240,-1.173,3,0.000,0.000,0.004,10,2.602,-1.173,0.246,0.001,1.50,0.67,-1.927,-0.473,4.000,-35.697,-26.443,41.000
1744538897.04,-1,2.450,-0.240,-1.173,3,0.000,0.000,0.004,10,2.602,-1.173,0.246,0.001,1.50,0.67,-1.927,-0.473,4.000,-35.697,-26.443,41.000
1744538897.06,-1,2.450,-0.240,-1.173,3,0.000,0.000,0.004,10,2.602,-1.173,0.246,0.001,1.50,0.72,-1.927,-0.473,4.000,-35.697,-26.443,41.000
1744538897.06,-1,2.450,-0.240,-1.173,3,0.000,0.000,0.004,10,2.602,-1.173,0.246,0.001,1.50,0.72,-1.927,-0.473,4.000,-35.697,-26.443,41.000
1744538897.06,-1,2.450,-0.240,-1.173,3,0.000,0.000,0.004,10,2.602,-1.173,0.246,0.001,1.50,0.72,-1.927,-0.473,4.000,-35.697,-26.443,41.000
1744538897.07,-1,2.450,-0.240,-1.173,3,0.000,0.000,0.004,10,2.602,-1.173,0.246,0.001,1.50,0.72,-1.927,-0.473,4.000,-35.697,-26.443,41.000
1744538897.07,-1,2.450,-0.240,-1.173,3,0.000,0.000,0.004,10,2.602,-1.173,0.246,0.001,1.50,0.72,-1.927,-0.473,4.000,-35.697,-26.443,41.000
1744538897.09,-1,2.450,-0.240,-1.173,3,0.000,0.000,0.004,10,2.602,-1.173,0.246,0.001,1.50,0.75,-1.927,-0.473,4.000,-35.697,-26.443,41.000
1744538897.09,-1,2.450,-0.240,-1.173,3,0.000,0.000,0.004,10,2.602,-1.173,0.246,0.001,1.50,0.75,-1.927,-0.473,4.000,-35.697,-26.443,41.000
# remark: robobot/cmd/ti/rc 0.0 0.0
# remark: robobot/cmd/T0/leds 16 0 0 0
# remark: robobot/cmd/T0/leds 16 0 100 0
# remark: robobot/cmd/ti/rc 0.0 -0.80
1744538897.09,-1,2.450,-0.240,-1.173,3,0.000,0.000,0.004,10,2.602,-1.173,0.000,0.000,1.50,0.75,-1.927,-0.473,4.000,-35.697,-26.443,41.000
1744538897.11,-1,2.450,-0.240,-1.173,3,0.000,0.000,0.004,10,2.602,-1.173,0.000,0.000,1.50,0.75,-1.927,-0.473,4.000,-35.697,-26.443,41.000
1744538897.11,-1,2.450,-0.240,-1.173,3,0.000,0.000,0.004,10,2.602,-1.173,0.000,0.000,1.50,0.75,-1.927,-0.473,4.000,-35.697,-26.443,41.000
1744538897.11,-1,2.450,-0.240,-1.173,3,0.000,0.000,0.004,10,2.602,-1.173,0.000,0.000,1.50,0.62,-1.927,-0.473,4.000,-35.697,-26.443,41.000
1744538897.11,-1,2.450,-0.240,-1.173,3,0.000,0.000,0.004,10,2.602,-1.173,0.000,0.000,1.50,0.62,-1.927,-0.473,4.000,-35.697,-26.443,41.000
1744538897.11,-1,2.450,-0.240,-1.173,3,0.000,0.000,0.004,10,2.602,-1.173,0.000,0.000,1.50,0.62,-1.927,-0.473,4.000,-35.697,-26.443,41.000
1744538897.12,-1,2.450,-0.240,-1.176,3,0.000,0.000,0.004,10,2.602,-1.176,0.000,-0.003,1.50,0.62,-1.927,-0.473,4.000,-35.697,-26.443,41.000
1744538897.12,-1,2.450,-0.240,-1.176,3,0.000,0.000,0.004,10,2.602,-1.176,0.000,-0.003,1.50,0.62,-1.927,-0.473,4.000,-35.697,-26.443,41.000
1744538897.14,-1,2.450,-0.240,-1.180,3,0.000,0.000,0.004,10,2.602,-1.180,0.000,-0.007,1.50,0.60,-1.927,-0.473,4.000,-35.697,-26.443,41.000
1744538897.14,-1,2.450,-0.240,-1.181,3,0.000,0.000,0.004,10,2.602,-1.181,0.000,-0.008,1.50,0.60,-1.927,-0.473,4.000,-35.697,-26.443,41.000
1744538897.15,-1,2.450,-0.240,-1.183,3,0.000,0.000,0.004,10,2.602,-1.183,0.000,-0.010,1.50,0.60,-1.927,-0.473,4.000,-35.697,-26.443,41.000
1744538897.15,-1,2.450,-0.240,-1.187,3,0.000,0.000,0.161,10,2.603,-1.187,0.000,-0.014,1.50,0.60,-1.927,-0.473,4.000,-35.697,-26.443,41.000
1744538897.15,-1,2.450,-0.240,-1.187,3,0.000,0.000,0.161,10,2.603,-1.187,0.000,-0.014,1.50,0.60,-1.927,-0.473,4.000,-35.697,-26.443,41.000
1744538897.15,-1,2.450,-0.240,-1.189,3,0.000,0.000,0.317,10,2.603,-1.189,0.001,-0.016,1.50,0.62,-1.927,-0.473,4.000,-35.697,-26.443,41.000
1744538897.19,-1,2.450,-0.240,-1.190,3,0.000,0.000,0.317,10,2.603,-1.190,0.001,-0.017,1.50,0.62,-1.927,-0.473,4.000,-35.697,-26.443,41.000
1744538897.19,-1,2.450,-0.240,-1.192,3,0.000,0.000,0.317,10,2.603,-1.192,0.001,-0.020,1.50,0.62,-1.927,-0.473,4.000,-35.697,-26.443,41.000
1744538897.19,-1,2.450,-0.240,-1.197,3,0.000,0.000,0.326,10,2.603,-1.197,0.001,-0.024,1.50,0.62,-1.927,-0.473,4.000,-35.697,-26.443,41.000
1744538897.19,-1,2.450,-0.240,-1.197,3,0.000,0.000,0.326,10,2.603,-1.197,0.001,-0.024,1.50,0.62,-1.927,-0.473,4.000,-35.697,-26.443,41.000
1744538897.19,-1,2.450,-0.240,-1.203,3,0.000,0.000,0.370,10,2.603,-1.203,0.001,-0.030,1.50,0.56,-1.927,-0.473,4.000,-35.697,-26.443,41.000
1744538897.22,-1,2.450,-0.240,-1.204,3,0.000,0.000,0.370,10,2.603,-1.204,0.001,-0.031,1.50,0.56,-1.927,-0.473,4.000,-35.697,-26.443,41.000
1744538897.22,-1,2.450,-0.240,-1.206,3,0.000,0.000,0.370,10,2.603,-1.206,0.001,-0.033,1.50,0.56,-1.927,-0.473,4.000,-35.697,-26.443,41.000
1744538897.22,-1,2.450,-0.240,-1.212,3,0.000,0.000,0.483,10,2.603,-1.212,0.001,-0.039,1.50,0.56,-1.927,-0.473,4.000,-35.697,-26.443,41.000
1744538897.22,-1,2.450,-0.240,-1.212,3,0.000,0.000,0.483,10,2.603,-1.212,0.001,-0.039,1.50,0.56,-1.927,-0.473,4.000,-35.697,-26.443,41.000
1744538897.24,-1,2.450,-0.240,-1.220,3,0.000,0.000,0.565,10,2.603,-1.220,0.000,-0.047,1.50,0.62,-1.927,-0.473,4.000,-35.697,-26.443,41.000
1744538897.24,-1,2.450,-0.240,-1.224,3,0.000,0.000,0.565,10,2.603,-1.224,0.000,-0.051,1.50,0.62,-1.927,-0.473,4.000,-35.697,-26.443,41.000
1744538897.24,-1,2.450,-0.240,-1.226,3,0.000,0.000,0.565,10,2.603,-1.226,0.000,-0.053,1.50,0.62,-1.927,-0.473,4.000,-35.697,-26.443,41.000
1744538897.24,-1,2.450,-0.239,-1.234,3,0.000,0.000,0.683,10,2.603,-1.234,0.000,-0.061,1.50,0.62,-1.927,-0.473,4.000,-35.697,-26.443,41.000
1744538897.24,-1,2.450,-0.239,-1.234,3,0.000,0.000,0.683,10,2.603,-1.234,0.000,-0.061,1.50,0.62,-1.927,-0.473,4.000,-35.697,-26.443,41.000
1744538897.27,-1,2.450,-0.239,-1.242,3,0.000,0.000,0.778,10,2.603,-1.242,0.000,-0.069,1.50,0.69,-1.927,-0.473,4.000,-35.697,-26.443,41.000
1744538897.27,-1,2.450,-0.239,-1.244,3,0.000,0.000,0.778,10,2.603,-1.244,0.000,-0.072,1.50,0.69,-1.927,-0.473,4.000,-35.697,-26.443,41.000
1744538897.27,-1,2.450,-0.239,-1.249,3,0.000,0.000,0.778,10,2.603,-1.249,0.000,-0.076,1.50,0.69,-1.927,-0.473,4.000,-35.697,-26.443,41.000
1744538897.29,-1,2.450,-0.239,-1.258,3,0.000,0.000,0.796,10,2.603,-1.258,0.000,-0.086,1.50,0.69,-1.927,-0.473,4.000,-35.697,-26.443,41.000
1744538897.29,-1,2.450,-0.239,-1.258,3,0.000,0.000,0.796,10,2.603,-1.258,0.000,-0.086,1.50,0.69,-1.927,-0.473,4.000,-35.697,-26.443,41.000
1744538897.29,-1,2.450,-0.239,-1.266,3,0.000,0.000,0.813,10,2.603,-1.266,0.000,-0.094,1.50,0.77,-1.927,-0.473,4.000,-35.697,-26.443,41.000
1744538897.29,-1,2.450,-0.239,-1.270,3,0.000,0.000,0.813,10,2.603,-1.270,0.000,-0.097,1.50,0.77,-1.927,-0.473,4.000,-35.697,-26.443,41.000
1744538897.29,-1,2.450,-0.239,-1.276,3,0.000,0.000,0.813,10,2.603,-1.276,0.000,-0.103,1.50,0.77,-1.927,-0.473,4.000,-35.697,-26.443,41.000
1744538897.32,-1,2.450,-0.239,-1.284,3,0.000,0.000,0.870,10,2.603,-1.284,0.000,-0.111,1.50,0.77,-1.927,-0.473,4.000,-35.697,-26.443,41.000
1744538897.32,-1,2.450,-0.239,-1.284,3,0.000,0.000,0.870,10,2.603,-1.284,0.000,-0.111,1.50,0.77,-1.927,-0.473,4.000,-35.697,-26.443,41.000
1744538897.32,-1,2.450,-0.239,-1.293,3,0.000,0.000,0.883,10,2.602,-1.293,0.000,-0.120,1.50,0.77,-1.927,-0.473,4.000,-35.697,-26.443,41.000
1744538897.32,-1,2.450,-0.239,-1.296,3,0.000,0.000,0.883,10,2.602,-1.296,0.000,-0.124,1.50,0.77,-1.927,-0.473,4.000,-35.697,-26.443,41.000
1744538897.32,-1,2.450,-0.239,-1.302,3,0.000,0.000,0.883,10,2.602,-1.302,0.000,-0.129,1.50,0.77,-1.927,-0.473,4.000,-35.697,-26.443,41.000
1744538897.34,-1,2.450,-0.239,-1.312,3,0.000,0.000,0.917,10,2.602,-1.312,-0.000,-0.139,1.50,0.77,-1.927,-0.473,4.000,-35.697,-26.443,41.000
1744538897.34,-1,2.450,-0.239,-1.312,3,0.000,0.000,0.917,10,2.602,-1.312,-0.000,-0.139,1.50,0.77,-1.927,-0.473,4.000,-35.697,-26.443,41.000
1744538897.34,-1,2.450,-0.239,-1.320,3,0.000,0.000,0.922,10,2.602,-1.320,-0.000,-0.147,1.50,0.77,-1.927,-0.473,4.000,-35.697,-26.443,41.000
1744538897.34,-1,2.450,-0.239,-1.324,3,0.000,0.000,0.922,10,2.602,-1.324,-0.000,-0.151,1.50,0.77,-1.927,-0.473,4.000,-35.697,-26.443,41.000
1744538897.37,-1,2.450,-0.239,-1.330,3,0.000,0.000,0.922,10,2.602,-1.330,-0.000,-0.157,1.50,0.77,-1.927,-0.473,4.000,-35.697,-26.443,41.000
1744538897.37,-1,2.450,-0.239,-1.339,3,0.000,0.000,0.922,10,2.602,-1.339,-0.000,-0.166,1.50,0.77,-1.927,-0.473,4.000,-35.697,-26.443,41.000
1744538897.37,-1,2.450,-0.239,-1.339,3,0.000,0.000,0.922,10,2.602,-1.339,-0.000,-0.166,1.50,0.77,-1.927,-0.473,4.000,-35.697,-26.443,41.000
1744538897.37,-1,2.450,-0.239,-1.347,3,0.000,0.000,0.943,10,2.602,-1.347,0.000,-0.175,1.50,0.80,-1.927,-0.473,4.000,-35.697,-26.443,41.000
1744538897.40,-1,2.450,-0.239,-1.352,3,0.000,0.000,0.943,10,2.602,-1.352,0.000,-0.179,1.50,0.80,-1.927,-0.473,4.000,-35.697,-26.443,41.000
1744538897.40,-1,2.450,-0.239,-1.357,3,0.000,0.000,0.943,10,2.602,-1.357,0.000,-0.184,1.50,0.80,-1.927,-0.473,4.000,-35.697,-26.443,41.000
1744538897.40,-1,2.450,-0.239,-1.367,3,0.000,0.000,0.917,10,2.603,-1.367,0.000,-0.194,1.50,0.80,-1.927,-0.473,4.000,-35.697,-26.443,41.000
1744538897.40,-1,2.450,-0.239,-1.367,3,0.000,0.000,0.917,10,2.603,-1.367,0.000,-0.194,1.50,0.80,-1.927,-0.473,4.000,-35.697,-26.443,41.000
1744538897.42,-1,2.450,-0.239,-1.376,3,0.000,0.000,0.948,10,2.603,-1.376,0.000,-0.204,1.50,0.85,-1.927,-0.473,4.000,-35.697,-26.443,41.000
1744538897.42,-1,2.450,-0.239,-1.380,3,0.000,0.000,0.948,10,2.603,-1.380,0.000,-0.207,1.50,0.85,-1.927,-0.473,4.000,-35.697,-26.443,41.000
1744538897.42,-1,2.450,-0.239,-1.384,3,0.000,0.000,0.948,10,2.603,-1.384,0.000,-0.212,1.50,0.85,-1.927,-0.473,4.000,-35.697,-26.443,41.000
1744538897.42,-1,2.450,-0.239,-1.394,3,0.000,0.000,0.900,10,2.602,-1.394,0.000,-0.221,1.50,0.85,-1.927,-0.473,4.000,-35.697,-26.443,41.000
1744538897.42,-1,2.450,-0.239,-1.394,3,0.000,0.000,0.900,10,2.602,-1.394,0.000,-0.221,1.50,0.85,-1.927,-0.473,4.000,-35.697,-26.443,41.000
# remark: robobot/cmd/ti/alive 2025-04-13 12:07:52.918866
1744538897.45,-1,2.450,-0.239,-1.403,3,0.000,0.000,0.874,10,2.603,-1.403,0.000,-0.230,1.50,0.86,-1.927,-0.473,4.000,-35.697,-26.443,41.000
1744538897.45,-1,2.450,-0.239,-1.406,3,0.000,0.000,0.874,10,2.603,-1.406,0.000,-0.234,1.50,0.86,-1.927,-0.473,4.000,-35.697,-26.443,41.000
1744538897.45,-1,2.450,-0.239,-1.411,3,0.000,0.000,0.874,10,2.603,-1.411,0.000,-0.238,1.50,0.86,-1.927,-0.473,4.000,-35.697,-26.443,41.000
1744538897.47,-1,2.450,-0.239,-1.419,3,0.000,0.000,0.878,10,2.603,-1.419,0.000,-0.246,1.50,0.86,-1.927,-0.473,4.000,-35.697,-26.443,41.000
1744538897.47,-1,2.450,-0.239,-1.419,3,0.000,0.000,0.878,10,2.603,-1.419,0.000,-0.246,1.50,0.86,-1.927,-0.473,4.000,-35.697,-26.443,41.000
1744538897.47,-1,2.450,-0.239,-1.427,3,0.000,0.000,0.804,10,2.602,-1.427,0.000,-0.254,1.50,0.82,-1.927,-0.473,4.000,-35.697,-26.443,41.000
1744538897.47,-1,2.450,-0.239,-1.431,3,0.000,0.000,0.804,10,2.602,-1.431,0.000,-0.258,1.50,0.82,-1.927,-0.473,4.000,-35.697,-26.443,41.000
1744538897.47,-1,2.450,-0.239,-1.435,3,0.000,0.000,0.804,10,2.602,-1.435,0.000,-0.262,1.50,0.82,-1.927,-0.473,4.000,-35.697,-26.443,41.000
1744538897.49,-1,2.450,-0.239,-1.444,3,0.000,0.000,0.809,10,2.603,-1.444,0.000,-0.272,1.50,0.82,-1.927,-0.473,4.000,-35.697,-26.443,41.000
1744538897.49,-1,2.450,-0.239,-1.444,3,0.000,0.000,0.809,10,2.603,-1.444,0.000,-0.272,1.50,0.82,-1.927,-0.473,4.000,-35.697,-26.443,41.000
1744538897.50,-1,2.450,-0.239,-1.451,3,0.000,0.000,0.800,10,2.603,-1.451,0.000,-0.279,1.50,0.91,-1.927,-0.473,4.000,-35.697,-26.443,41.000
1744538897.50,-1,2.450,-0.239,-1.456,3,0.000,0.000,0.800,10,2.603,-1.456,0.000,-0.283,1.50,0.91,-1.927,-0.473,4.000,-35.697,-26.443,41.000
1744538897.50,-1,2.450,-0.239,-1.458,3,0.000,0.000,0.800,10,2.603,-1.458,0.000,-0.286,1.50,0.91,-1.927,-0.473,4.000,-35.697,-26.443,41.000
1744538897.52,-1,2.450,-0.240,-1.466,3,0.000,0.000,0.787,10,2.603,-1.466,0.000,-0.294,1.50,0.91,-1.927,-0.473,4.000,-35.697,-26.443,41.000
1744538897.52,-1,2.450,-0.240,-1.466,3,0.000,0.000,0.787,10,2.603,-1.466,0.000,-0.294,1.50,0.91,-1.927,-0.473,4.000,-35.697,-26.443,41.000
1744538897.53,-1,2.450,-0.240,-1.473,3,0.000,0.000,0.765,10,2.603,-1.473,0.000,-0.301,1.50,0.91,-1.927,-0.473,4.000,-35.697,-26.443,41.000
1744538897.53,-1,2.450,-0.240,-1.479,3,0.000,0.000,0.765,10,2.603,-1.479,0.000,-0.306,1.50,0.91,-1.927,-0.473,4.000,-35.697,-26.443,41.000
1744538897.54,-1,2.450,-0.240,-1.482,3,0.000,0.000,0.765,10,2.603,-1.482,0.000,-0.309,1.50,0.91,-1.927,-0.473,4.000,-35.697,-26.443,41.000
1744538897.54,-1,2.450,-0.240,-1.491,3,0.000,0.000,0.765,10,2.603,-1.491,0.001,-0.318,1.50,0.91,-1.927,-0.473,4.000,-35.697,-26.443,41.000
1744538897.54,-1,2.450,-0.240,-1.491,3,0.000,0.000,0.765,10,2.603,-1.491,0.001,-0.318,1.50,0.91,-1.927,-0.473,4.000,-35.697,-26.443,41.000
1744538897.57,-1,2.450,-0.240,-1.498,3,0.000,0.000,0.817,10,2.603,-1.498,0.001,-0.325,1.50,0.87,-1.927,-0.473,4.000,-35.697,-26.443,41.000
1744538897.57,-1,2.450,-0.240,-1.502,3,0.000,0.000,0.817,10,2.603,-1.502,0.001,-0.330,1.50,0.87,-1.927,-0.473,4.000,-35.697,-26.443,41.000
1744538897.57,-1,2.450,-0.240,-1.505,3,0.000,0.000,0.817,10,2.603,-1.505,0.001,-0.332,1.50,0.87,-1.927,-0.473,4.000,-35.697,-26.443,41.000
1744538897.57,-1,2.450,-0.240,-1.513,3,0.000,0.000,0.778,10,2.603,-1.513,0.001,-0.340,1.50,0.87,-1.927,-0.473,4.000,-35.697,-26.443,41.000
1744538897.57,-1,2.450,-0.240,-1.513,3,0.000,0.000,0.778,10,2.603,-1.513,0.001,-0.340,1.50,0.87,-1.927,-0.473,4.000,-35.697,-26.443,41.000
1744538897.60,-1,2.450,-0.240,-1.522,3,0.000,0.000,0.796,10,2.603,-1.522,0.001,-0.349,1.50,0.78,-1.927,-0.473,4.000,-35.697,-26.443,41.000
1744538897.60,-1,2.450,-0.240,-1.527,3,0.000,0.000,0.796,10,2.603,-1.527,0.001,-0.354,1.50,0.78,-1.927,-0.473,4.000,-35.697,-26.443,41.000
1744538897.60,-1,2.450,-0.240,-1.530,3,0.000,0.000,0.796,10,2.603,-1.530,0.001,-0.357,1.50,0.78,-1.927,-0.473,4.000,-35.697,-26.443,41.000
1744538897.62,-1,2.450,-0.240,-1.538,3,0.000,0.000,0.865,10,2.603,-1.538,0.001,-0.365,1.50,0.78,-1.927,-0.473,4.000,-35.697,-26.443,41.000
1744538897.62,-1,2.450,-0.240,-1.538,3,0.000,0.000,0.865,10,2.603,-1.538,0.001,-0.365,1.50,0.78,-1.927,-0.473,4.000,-35.697,-26.443,41.000
1744538897.62,-1,2.450,-0.240,-1.546,3,0.000,0.000,0.787,10,2.603,-1.546,0.001,-0.373,1.50,0.75,-1.927,-0.473,4.000,-35.697,-26.443,41.000
1744538897.62,-1,2.450,-0.240,-1.551,3,0.000,0.000,0.787,10,2.603,-1.551,0.001,-0.378,1.50,0.75,-1.927,-0.473,4.000,-35.697,-26.443,41.000
1744538897.62,-1,2.450,-0.240,-1.554,3,0.000,0.000,0.787,10,2.603,-1.554,0.001,-0.382,1.50,0.75,-1.927,-0.473,4.000,-35.697,-26.443,41.000
1744538897.65,-1,2.450,-0.240,-1.562,3,0.000,0.000,0.813,10,2.603,-1.562,0.001,-0.390,1.50,0.75,-1.927,-0.473,4.000,-35.697,-26.443,41.000
1744538897.65,-1,2.450,-0.240,-1.562,3,0.000,0.000,0.813,10,2.603,-1.562,0.001,-0.390,1.50,0.75,-1.927,-0.473,4.000,-35.697,-26.443,41.000
1744538897.65,-1,2.450,-0.240,-1.572,3,0.000,0.000,0.874,10,2.603,-1.572,0.001,-0.399,1.50,0.72,-1.927,-0.473,4.000,-35.697,-26.443,41.000
1744538897.65,-1,2.450,-0.240,-1.576,3,0.000,0.000,0.874,10,2.603,-1.576,0.001,-0.404,1.50,0.72,-1.927,-0.473,4.000,-35.697,-26.443,41.000
1744538897.67,-1,2.450,-0.240,-1.579,3,0.000,0.000,0.874,10,2.603,-1.579,0.001,-0.406,1.50,0.72,-1.927,-0.473,4.000,-35.697,-26.443,41.000
1744538897.67,-1,2.450,-0.240,-1.588,3,0.000,0.000,0.796,10,2.603,-1.588,0.001,-0.415,1.50,0.72,-1.927,-0.473,4.000,-35.697,-26.443,41.000
1744538897.67,-1,2.450,-0.240,-1.588,3,0.000,0.000,0.796,10,2.603,-1.588,0.001,-0.415,1.50,0.72,-1.927,-0.473,4.000,-35.697,-26.443,41.000
1744538897.67,-1,2.450,-0.240,-1.596,3,0.000,0.000,0.839,10,2.603,-1.596,0.000,-0.423,1.14,0.68,-1.927,-0.473,4.000,-35.697,-26.443,41.000
1744538897.67,-1,2.450,-0.240,-1.601,3,0.000,0.000,0.839,10,2.603,-1.601,0.000,-0.428,1.14,0.68,-1.927,-0.473,4.000,-35.697,-26.443,41.000
1744538897.71,-1,2.450,-0.240,-1.603,3,0.000,0.000,0.839,10,2.603,-1.603,0.000,-0.430,1.14,0.68,-1.927,-0.473,4.000,-35.697,-26.443,41.000
1744538897.71,-1,2.450,-0.240,-1.612,3,0.000,0.000,0.813,10,2.603,-1.612,0.000,-0.439,1.14,0.68,-1.927,-0.473,4.000,-35.697,-26.443,41.000
1744538897.71,-1,2.450,-0.240,-1.612,3,0.000,0.000,0.813,10,2.603,-1.612,0.000,-0.439,1.14,0.68,-1.927,-0.473,4.000,-35.697,-26.443,41.000
1744538897.71,-1,2.450,-0.240,-1.619,3,0.000,0.000,0.796,10,2.603,-1.619,0.000,-0.446,0.92,0.57,-1.927,-0.473,4.000,-35.697,-26.443,41.000
1744538897.71,-1,2.450,-0.239,-1.625,3,0.000,0.000,0.796,10,2.603,-1.625,0.000,-0.452,0.92,0.57,-1.927,-0.473,4.000,-35.697,-26.443,41.000
1744538897.72,-1,2.450,-0.240,-1.628,3,0.000,0.000,0.796,10,2.603,-1.628,0.000,-0.456,0.92,0.57,-1.927,-0.473,4.000,-35.697,-26.443,41.000
1744538897.72,-1,2.450,-0.240,-1.635,3,0.000,0.000,0.822,10,2.603,-1.635,0.000,-0.463,0.92,0.57,-1.927,-0.473,4.000,-35.697,-26.443,41.000
1744538897.72,-1,2.450,-0.240,-1.635,3,0.000,0.000,0.822,10,2.603,-1.635,0.000,-0.463,0.92,0.57,-1.927,-0.473,4.000,-35.697,-26.443,41.000
1744538897.72,-1,2.450,-0.240,-1.642,3,0.000,0.000,0.743,10,2.603,-1.642,0.000,-0.470,0.73,0.52,-1.927,-0.473,4.000,-35.697,-26.443,41.000
# remark: robobot/cmd/ti/rc 0.0 0.0
1744538897.76,-1,2.450,-0.240,-1.647,3,0.000,0.000,0.743,10,2.603,-1.647,0.000,-0.474,0.73,0.52,-1.927,-0.473,4.000,-35.697,-26.443,41.000
1744538897.76,-1,2.450,-0.240,-1.651,3,0.000,0.000,0.743,10,2.603,-1.651,0.000,-0.479,0.73,0.52,-1.927,-0.473,4.000,-35.697,-26.443,41.000
1744538897.76,-1,2.450,-0.239,-1.660,3,0.000,0.000,0.791,10,2.603,-1.660,0.000,-0.487,0.73,0.52,-1.927,-0.473,4.000,-35.697,-26.443,41.000
1744538897.76,-1,2.450,-0.239,-1.660,3,0.000,0.000,0.791,10,2.603,-1.660,0.000,-0.487,0.73,0.52,-1.927,-0.473,4.000,-35.697,-26.443,41.000
1744538897.77,-1,2.450,-0.239,-1.667,3,0.000,0.000,0.826,10,2.603,-1.667,0.000,-0.494,0.60,0.49,-1.927,-0.473,4.000,-35.697,-26.443,41.000
1744538897.77,-1,2.450,-0.239,-1.669,3,0.000,0.000,0.826,10,2.603,-1.669,0.000,-0.496,0.60,0.49,-1.927,-0.473,4.000,-35.697,-26.443,41.000
1744538897.77,-1,2.450,-0.239,-1.669,3,0.000,0.000,0.826,10,2.603,-1.669,0.000,-0.496,0.60,0.49,-1.927,-0.473,4.000,-35.697,-26.443,41.000
1744538897.79,-1,2.450,-0.239,-1.671,3,0.000,0.000,0.630,10,2.603,-1.671,0.000,-0.498,0.60,0.49,-1.927,-0.473,4.000,-35.697,-26.443,41.000
1744538897.79,-1,2.450,-0.239,-1.671,3,0.000,0.000,0.630,10,2.603,-1.671,0.000,-0.498,0.60,0.49,-1.927,-0.473,4.000,-35.697,-26.443,41.000
1744538897.81,-1,2.450,-0.239,-1.672,3,0.000,0.000,0.409,10,2.603,-1.672,0.000,-0.500,0.69,0.60,-1.927,-0.473,4.000,-35.697,-26.443,41.000
1744538897.81,-1,2.450,-0.239,-1.673,3,0.000,0.000,0.409,10,2.603,-1.673,0.000,-0.501,0.69,0.60,-1.927,-0.473,4.000,-35.697,-26.443,41.000
1744538897.81,-1,2.450,-0.239,-1.675,3,0.000,0.000,0.409,10,2.603,-1.675,0.000,-0.502,0.69,0.60,-1.927,-0.473,4.000,-35.697,-26.443,41.000
1744538897.81,-1,2.450,-0.240,-1.679,3,0.000,0.000,0.291,10,2.603,-1.679,0.000,-0.506,0.69,0.60,-1.927,-0.473,4.000,-35.697,-26.443,41.000
1744538897.84,-1,2.450,-0.240,-1.679,3,0.000,0.000,0.291,10,2.603,-1.679,0.000,-0.506,0.69,0.60,-1.927,-0.473,4.000,-35.697,-26.443,41.000
1744538897.84,-1,2.450,-0.240,-1.684,3,0.000,0.000,0.348,10,2.603,-1.684,0.000,-0.511,0.72,0.71,-1.927,-0.473,4.000,-35.697,-26.443,41.000
1744538897.84,-1,2.450,-0.239,-1.686,3,0.000,0.000,0.348,10,2.603,-1.686,0.000,-0.513,0.72,0.71,-1.927,-0.473,4.000,-35.697,-26.443,41.000
1744538897.84,-1,2.450,-0.239,-1.688,3,0.000,0.000,0.348,10,2.603,-1.688,0.000,-0.516,0.72,0.71,-1.927,-0.473,4.000,-35.697,-26.443,41.000
1744538897.86,-1,2.450,-0.239,-1.691,3,0.000,0.000,0.435,10,2.603,-1.691,0.000,-0.518,0.72,0.71,-1.927,-0.473,4.000,-35.697,-26.443,41.000
1744538897.86,-1,2.450,-0.239,-1.691,3,0.000,0.000,0.435,10,2.603,-1.691,0.000,-0.518,0.72,0.71,-1.927,-0.473,4.000,-35.697,-26.443,41.000
1744538897.87,-1,2.450,-0.240,-1.693,3,0.000,0.000,0.413,10,2.603,-1.693,0.000,-0.520,0.75,0.83,-1.927,-0.473,4.000,-35.697,-26.443,41.000
1744538897.87,-1,2.450,-0.240,-1.694,3,0.000,0.000,0.413,10,2.603,-1.694,0.000,-0.522,0.75,0.83,-1.927,-0.473,4.000,-35.697,-26.443,41.000
1744538897.87,-1,2.450,-0.240,-1.694,3,0.000,0.000,0.413,10,2.603,-1.694,0.000,-0.522,0.75,0.83,-1.927,-0.473,4.000,-35.697,-26.443,41.000
1744538897.89,-1,2.450,-0.240,-1.694,3,0.000,0.000,0.339,10,2.603,-1.694,0.000,-0.522,0.75,0.83,-1.927,-0.473,4.000,-35.697,-26.443,41.000
1744538897.89,-1,2.450,-0.240,-1.694,3,0.000,0.000,0.339,10,2.603,-1.694,0.000,-0.522,0.75,0.83,-1.927,-0.473,4.000,-35.697,-26.443,41.000
1744538897.89,-1,2.450,-0.240,-1.694,3,0.000,0.000,0.257,10,2.603,-1.694,0.000,-0.522,0.76,0.92,-1.927,-0.473,4.000,-35.697,-26.443,41.000
1744538897.89,-1,2.450,-0.240,-1.694,3,0.000,0.000,0.257,10,2.603,-1.694,0.000,-0.522,0.76,0.92,-1.927,-0.473,4.000,-35.697,-26.443,41.000
1744538897.91,-1,2.450,-0.240,-1.694,3,0.000,0.000,0.257,10,2.603,-1.694,0.000,-0.522,0.76,0.92,-1.927,-0.473,4.000,-35.697,-26.443,41.000
1744538897.91,-1,2.450,-0.240,-1.693,3,0.000,0.000,0.191,10,2.603,-1.693,0.000,-0.520,0.76,0.92,-1.927,-0.473,4.000,-35.697,-26.443,41.000
1744538897.91,-1,2.450,-0.240,-1.693,3,0.000,0.000,0.191,10,2.603,-1.693,0.000,-0.520,0.76,0.92,-1.927,-0.473,4.000,-35.697,-26.443,41.000
1744538897.91,-1,2.450,-0.240,-1.692,3,0.000,0.000,0.052,10,2.603,-1.692,0.000,-0.519,0.69,0.96,-1.927,-0.473,4.000,-35.697,-26.443,41.000
1744538897.94,-1,2.450,-0.240,-1.692,3,0.000,0.000,0.052,10,2.603,-1.692,0.000,-0.519,0.69,0.96,-1.927,-0.473,4.000,-35.697,-26.443,41.000
1744538897.94,-1,2.450,-0.240,-1.692,3,0.000,0.000,0.052,10,2.603,-1.692,0.000,-0.519,0.69,0.96,-1.927,-0.473,4.000,-35.697,-26.443,41.000
1744538897.94,-1,2.450,-0.240,-1.692,3,0.000,0.000,0.065,10,2.603,-1.692,0.000,-0.519,0.69,0.96,-1.927,-0.473,4.000,-35.697,-26.443,41.000
1744538897.94,-1,2.450,-0.240,-1.692,3,0.000,0.000,0.065,10,2.603,-1.692,0.000,-0.519,0.69,0.96,-1.927,-0.473,4.000,-35.697,-26.443,41.000
1744538897.96,-1,2.450,-0.240,-1.692,3,0.000,0.000,0.065,10,2.603,-1.692,0.000,-0.519,0.74,0.94,-1.927,-0.473,4.000,-35.697,-26.443,41.000
1744538897.96,-1,2.450,-0.240,-1.692,3,0.000,0.000,0.065,10,2.603,-1.692,0.000,-0.519,0.74,0.94,-1.927,-0.473,4.000,-35.697,-26.443,41.000
1744538897.96,-1,2.450,-0.240,-1.692,3,0.000,0.000,0.065,10,2.603,-1.692,0.000,-0.519,0.74,0.94,-1.927,-0.473,4.000,-35.697,-26.443,41.000
1744538897.97,-1,2.450,-0.240,-1.692,3,0.000,0.000,0.065,10,2.603,-1.692,0.000,-0.519,0.74,0.94,-1.927,-0.473,4.000,-35.697,-26.443,41.000
1744538897.97,-1,2.450,-0.240,-1.692,3,0.000,0.000,0.065,10,2.603,-1.692,0.000,-0.519,0.74,0.94,-1.927,-0.473,4.000,-35.697,-26.443,41.000
1744538897.99,-1,2.450,-0.240,-1.692,3,0.000,0.000,0.061,10,2.603,-1.692,0.000,-0.519,0.80,0.94,-1.927,-0.473,4.000,-35.697,-26.443,41.000
1744538897.99,-1,2.450,-0.240,-1.692,3,0.000,0.000,0.061,10,2.603,-1.692,0.000,-0.519,0.80,0.94,-1.927,-0.473,4.000,-35.697,-26.443,41.000
1744538897.99,-1,2.450,-0.240,-1.692,3,0.000,0.000,0.061,10,2.603,-1.692,0.000,-0.519,0.80,0.94,-1.927,-0.473,4.000,-35.697,-26.443,41.000
1744538897.99,-1,2.450,-0.240,-1.692,3,0.000,0.000,0.052,10,2.603,-1.692,0.000,-0.519,0.80,0.94,-1.927,-0.473,4.000,-35.697,-26.443,41.000
1744538898.00,-1,2.450,-0.240,-1.692,3,0.000,0.000,0.052,10,2.603,-1.692,0.000,-0.519,0.80,0.94,-1.927,-0.473,4.000,-35.697,-26.443,41.000
# remark: robobot/cmd/ti/alive 2025-04-13 12:07:52.918866
1744538898.02,-1,2.450,-0.240,-1.692,3,0.000,0.000,0.048,10,2.603,-1.692,0.000,-0.519,0.76,0.96,-1.927,-0.473,4.000,-35.697,-26.443,41.000
1744538898.02,-1,2.450,-0.240,-1.692,3,0.000,0.000,0.048,10,2.603,-1.692,0.000,-0.519,0.76,0.96,-1.927,-0.473,4.000,-35.697,-26.443,41.000
1744538898.02,-1,2.450,-0.240,-1.692,3,0.000,0.000,0.048,10,2.603,-1.692,0.000,-0.519,0.76,0.96,-1.927,-0.473,4.000,-35.697,-26.443,41.000
1744538898.04,-1,2.450,-0.240,-1.692,3,0.000,0.000,0.039,10,2.603,-1.692,0.000,-0.519,0.76,0.96,-1.927,-0.473,4.000,-35.697,-26.443,41.000
1744538898.04,-1,2.450,-0.240,-1.692,3,0.000,0.000,0.039,10,2.603,-1.692,0.000,-0.519,0.76,0.96,-1.927,-0.473,4.000,-35.697,-26.443,41.000
1744538898.04,-1,2.450,-0.240,-1.692,3,0.000,0.000,0.039,10,2.603,-1.692,0.000,-0.519,0.63,0.95,-1.927,-0.473,4.000,-35.697,-26.443,41.000
1744538898.04,-1,2.450,-0.240,-1.692,3,0.000,0.000,0.039,10,2.603,-1.692,0.000,-0.519,0.63,0.95,-1.927,-0.473,4.000,-35.697,-26.443,41.000
1744538898.05,-1,2.450,-0.240,-1.692,3,0.000,0.000,0.039,10,2.603,-1.692,0.000,-0.519,0.63,0.95,-1.927,-0.473,4.000,-35.697,-26.443,41.000
1744538898.05,-1,2.450,-0.240,-1.692,3,0.000,0.000,0.039,10,2.603,-1.692,0.000,-0.519,0.63,0.95,-1.927,-0.473,4.000,-35.697,-26.443,41.000
1744538898.05,-1,2.450,-0.240,-1.692,3,0.000,0.000,0.039,10,2.603,-1.692,0.000,-0.519,0.63,0.95,-1.927,-0.473,4.000,-35.697,-26.443,41.000
1744538898.05,-1,2.450,-0.240,-1.692,3,0.000,0.000,0.039,10,2.603,-1.692,0.000,-0.519,0.66,0.95,-1.927,-0.473,4.000,-35.697,-26.443,41.000
1744538898.07,-1,2.450,-0.240,-1.692,3,0.000,0.000,0.039,10,2.603,-1.692,0.000,-0.519,0.66,0.95,-1.927,-0.473,4.000,-35.697,-26.443,41.000
1744538898.09,-1,2.450,-0.240,-1.692,3,0.000,0.000,0.039,10,2.603,-1.692,0.000,-0.519,0.66,0.95,-1.927,-0.473,4.000,-35.697,-26.443,41.000
1744538898.09,-1,2.450,-0.240,-1.692,3,0.000,0.000,0.039,10,2.603,-1.692,0.000,-0.519,0.66,0.95,-1.927,-0.473,4.000,-35.697,-26.443,41.000
1744538898.09,-1,2.450,-0.240,-1.692,3,0.000,0.000,0.039,10,2.603,-1.692,0.000,-0.519,0.66,0.95,-1.927,-0.473,4.000,-35.697,-26.443,41.000
1744538898.10,-1,2.450,-0.240,-1.692,3,0.000,0.000,0.026,10,2.603,-1.692,0.000,-0.519,0.72,0.95,-1.927,-0.473,4.000,-35.697,-26.443,41.000
1744538898.12,-1,2.450,-0.240,-1.692,3,0.000,0.000,0.026,10,2.603,-1.692,0.000,-0.519,0.72,0.95,-1.927,-0.473,4.000,-35.697,-26.443,41.000
1744538898.12,-1,2.450,-0.240,-1.692,3,0.000,0.000,0.026,10,2.603,-1.692,0.000,-0.519,0.72,0.95,-1.927,-0.473,4.000,-35.697,-26.443,41.000
1744538898.12,-1,2.450,-0.240,-1.692,3,0.000,0.000,0.022,10,2.603,-1.692,0.000,-0.519,0.72,0.95,-1.927,-0.473,4.000,-35.697,-26.443,41.000
1744538898.12,-1,2.450,-0.240,-1.692,3,0.000,0.000,0.022,10,2.603,-1.692,0.000,-0.519,0.72,0.95,-1.927,-0.473,4.000,-35.697,-26.443,41.000
1744538898.13,-1,2.450,-0.240,-1.692,3,0.000,0.000,0.022,10,2.603,-1.692,0.000,-0.519,0.73,0.98,-1.927,-0.473,4.000,-35.697,-26.443,41.000
1744538898.14,-1,2.450,-0.240,-1.692,3,0.000,0.000,0.022,10,2.603,-1.692,0.000,-0.519,0.73,0.98,-1.927,-0.473,4.000,-35.697,-26.443,41.000
1744538898.14,-1,2.450,-0.240,-1.692,3,0.000,0.000,0.022,10,2.603,-1.692,0.000,-0.519,0.73,0.98,-1.927,-0.473,4.000,-35.697,-26.443,41.000
1744538898.14,-1,2.450,-0.240,-1.692,3,0.000,0.000,0.017,10,2.603,-1.692,0.000,-0.519,0.73,0.98,-1.927,-0.473,4.000,-35.697,-26.443,41.000
1744538898.14,-1,2.450,-0.240,-1.692,3,0.000,0.000,0.017,10,2.603,-1.692,0.000,-0.519,0.73,0.98,-1.927,-0.473,4.000,-35.697,-26.443,41.000
1744538898.17,-1,2.450,-0.240,-1.692,3,0.000,0.000,0.017,10,2.603,-1.692,0.000,-0.519,0.69,1.02,-1.927,-0.473,4.000,-35.697,-26.443,41.000
1744538898.17,-1,2.450,-0.240,-1.692,3,0.000,0.000,0.017,10,2.603,-1.692,0.000,-0.519,0.69,1.02,-1.927,-0.473,4.000,-35.697,-26.443,41.000
1744538898.17,-1,2.450,-0.240,-1.692,3,0.000,0.000,0.017,10,2.603,-1.692,0.000,-0.519,0.69,1.02,-1.927,-0.473,4.000,-35.697,-26.443,41.000
1744538898.17,-1,2.450,-0.240,-1.692,3,0.000,0.000,0.017,10,2.603,-1.692,0.000,-0.519,0.69,1.02,-1.927,-0.473,4.000,-35.697,-26.443,41.000
1744538898.17,-1,2.450,-0.240,-1.692,3,0.000,0.000,0.017,10,2.603,-1.692,0.000,-0.519,0.69,1.02,-1.927,-0.473,4.000,-35.697,-26.443,41.000
1744538898.20,-1,2.450,-0.240,-1.692,3,0.000,0.000,0.017,10,2.603,-1.692,0.000,-0.519,0.79,0.97,-1.927,-0.473,4.000,-35.697,-26.443,41.000
1744538898.20,-1,2.450,-0.240,-1.692,3,0.000,0.000,0.017,10,2.603,-1.692,0.000,-0.519,0.79,0.97,-1.927,-0.473,4.000,-35.697,-26.443,41.000
1744538898.20,-1,2.450,-0.240,-1.692,3,0.000,0.000,0.017,10,2.603,-1.692,0.000,-0.519,0.79,0.97,-1.927,-0.473,4.000,-35.697,-26.443,41.000
1744538898.22,-1,2.450,-0.240,-1.692,3,0.000,0.000,0.017,10,2.603,-1.692,0.000,-0.519,0.79,0.97,-1.927,-0.473,4.000,-35.697,-26.443,41.000
1744538898.22,-1,2.450,-0.240,-1.692,3,0.000,0.000,0.017,10,2.603,-1.692,0.000,-0.519,0.79,0.97,-1.927,-0.473,4.000,-35.697,-26.443,41.000
1744538898.22,-1,2.450,-0.240,-1.692,3,0.000,0.000,0.017,10,2.603,-1.692,0.000,-0.519,0.82,1.00,-1.927,-0.473,4.000,-35.697,-26.443,41.000
1744538898.22,-1,2.450,-0.240,-1.692,3,0.000,0.000,0.017,10,2.603,-1.692,0.000,-0.519,0.82,1.00,-1.927,-0.473,4.000,-35.697,-26.443,41.000
1744538898.22,-1,2.450,-0.240,-1.692,3,0.000,0.000,0.017,10,2.603,-1.692,0.000,-0.519,0.82,1.00,-1.927,-0.473,4.000,-35.697,-26.443,41.000
1744538898.24,-1,2.450,-0.240,-1.692,3,0.000,0.000,0.017,10,2.603,-1.692,0.000,-0.519,0.82,1.00,-1.927,-0.473,4.000,-35.697,-26.443,41.000
1744538898.25,-1,2.450,-0.240,-1.692,3,0.000,0.000,0.017,10,2.603,-1.692,0.000,-0.519,0.82,1.00,-1.927,-0.473,4.000,-35.697,-26.443,41.000
1744538898.25,-1,2.450,-0.240,-1.692,3,0.000,0.000,0.017,10,2.603,-1.692,0.000,-0.519,0.75,1.01,-1.927,-0.473,4.000,-35.697,-26.443,41.000
1744538898.25,-1,2.450,-0.240,-1.692,3,0.000,0.000,0.017,10,2.603,-1.692,0.000,-0.519,0.75,1.01,-1.927,-0.473,4.000,-35.697,-26.443,41.000
1744538898.25,-1,2.450,-0.240,-1.692,3,0.000,0.000,0.017,10,2.603,-1.692,0.000,-0.519,0.75,1.01,-1.927,-0.473,4.000,-35.697,-26.443,41.000
1744538898.27,-1,2.450,-0.240,-1.692,3,0.000,0.000,0.013,10,2.603,-1.692,0.000,-0.519,0.75,1.01,-1.927,-0.473,4.000,-35.697,-26.443,41.000
1744538898.28,-1,2.450,-0.240,-1.692,3,0.000,0.000,0.013,10,2.603,-1.692,0.000,-0.519,0.75,1.01,-1.927,-0.473,4.000,-35.697,-26.443,41.000
1744538898.28,-1,2.450,-0.240,-1.692,3,0.000,0.000,0.013,10,2.603,-1.692,0.000,-0.519,0.72,0.98,-1.927,-0.473,4.000,-35.697,-26.443,41.000
1744538898.28,-1,2.450,-0.240,-1.692,3,0.000,0.000,0.013,10,2.603,-1.692,0.000,-0.519,0.72,0.98,-1.927,-0.473,4.000,-35.697,-26.443,41.000
1744538898.30,-1,2.450,-0.240,-1.692,3,0.000,0.000,0.013,10,2.603,-1.692,0.000,-0.519,0.72,0.98,-1.927,-0.473,4.000,-35.697,-26.443,41.000
1744538898.30,-1,2.450,-0.240,-1.692,3,0.000,0.000,0.000,10,2.603,-1.692,0.000,-0.519,0.72,0.98,-1.927,-0.473,4.000,-35.697,-26.443,41.000
1744538898.30,-1,2.450,-0.240,-1.692,3,0.000,0.000,0.000,10,2.603,-1.692,0.000,-0.519,0.72,0.98,-1.927,-0.473,4.000,-35.697,-26.443,41.000
1744538898.33,-1,2.450,-0.240,-1.692,3,0.000,0.000,0.000,10,2.603,-1.692,0.000,-0.519,0.76,0.97,-1.927,-0.473,4.000,-35.697,-26.443,41.000
1744538898.33,-1,2.450,-0.240,-1.692,3,0.000,0.000,0.000,10,2.603,-1.692,0.000,-0.519,0.76,0.97,-1.927,-0.473,4.000,-35.697,-26.443,41.000
1744538898.33,-1,2.450,-0.240,-1.692,3,0.000,0.000,0.000,10,2.603,-1.692,0.000,-0.519,0.76,0.97,-1.927,-0.473,4.000,-35.697,-26.443,41.000
1744538898.33,-1,2.450,-0.240,-1.692,3,0.000,0.000,0.000,10,2.603,-1.692,0.000,-0.519,0.76,0.97,-1.927,-0.473,4.000,-35.697,-26.443,41.000
1744538898.33,-1,2.450,-0.240,-1.692,3,0.000,0.000,0.000,10,2.603,-1.692,0.000,-0.519,0.76,0.97,-1.927,-0.473,4.000,-35.697,-26.443,41.000
1744538898.35,-1,2.450,-0.240,-1.692,3,0.000,0.000,-0.004,10,2.603,-1.692,0.000,-0.519,0.74,0.95,-1.927,-0.473,4.000,-35.697,-26.443,41.000
1744538898.35,-1,2.450,-0.240,-1.692,3,0.000,0.000,-0.004,10,2.603,-1.692,0.000,-0.519,0.74,0.95,-1.927,-0.473,4.000,-35.697,-26.443,41.000
1744538898.35,-1,2.450,-0.240,-1.692,3,0.000,0.000,-0.004,10,2.603,-1.692,0.000,-0.519,0.74,0.95,-1.927,-0.473,4.000,-35.697,-26.443,41.000
1744538898.35,-1,2.450,-0.240,-1.692,3,0.000,0.000,-0.009,10,2.603,-1.692,0.000,-0.519,0.74,0.95,-1.927,-0.473,4.000,-35.697,-26.443,41.000
1744538898.35,-1,2.450,-0.240,-1.692,3,0.000,0.000,-0.009,10,2.603,-1.692,0.000,-0.519,0.74,0.95,-1.927,-0.473,4.000,-35.697,-26.443,41.000
1744538898.38,-1,2.450,-0.240,-1.692,3,0.000,0.000,-0.009,10,2.603,-1.692,0.000,-0.519,0.76,0.94,-1.927,-0.473,4.000,-35.697,-26.443,41.000
1744538898.38,-1,2.450,-0.240,-1.692,3,0.000,0.000,-0.009,10,2.603,-1.692,0.000,-0.519,0.76,0.94,-1.927,-0.473,4.000,-35.697,-26.443,41.000
1744538898.38,-1,2.450,-0.240,-1.692,3,0.000,0.000,-0.009,10,2.603,-1.692,0.000,-0.519,0.76,0.94,-1.927,-0.473,4.000,-35.697,-26.443,41.000
1744538898.40,-1,2.450,-0.240,-1.692,3,0.000,0.000,-0.009,10,2.603,-1.692,0.000,-0.519,0.76,0.94,-1.927,-0.473,4.000,-35.697,-26.443,41.000
1744538898.40,-1,2.450,-0.240,-1.692,3,0.000,0.000,-0.009,10,2.603,-1.692,0.000,-0.519,0.76,0.94,-1.927,-0.473,4.000,-35.697,-26.443,41.000
1744538898.40,-1,2.450,-0.240,-1.692,3,0.000,0.000,-0.009,10,2.603,-1.692,0.000,-0.519,0.82,0.99,-1.927,-0.473,4.000,-35.697,-26.443,41.000
1744538898.40,-1,2.450,-0.240,-1.692,3,0.000,0.000,-0.009,10,2.603,-1.692,0.000,-0.519,0.82,0.99,-1.927,-0.473,4.000,-35.697,-26.443,41.000
1744538898.40,-1,2.450,-0.240,-1.692,3,0.000,0.000,-0.009,10,2.603,-1.692,0.000,-0.519,0.82,0.99,-1.927,-0.473,4.000,-35.697,-26.443,41.000
1744538898.43,-1,2.450,-0.240,-1.692,3,0.000,0.000,-0.004,10,2.603,-1.692,0.000,-0.519,0.82,0.99,-1.927,-0.473,4.000,-35.697,-26.443,41.000
1744538898.43,-1,2.450,-0.240,-1.692,3,0.000,0.000,-0.004,10,2.603,-1.692,0.000,-0.519,0.89,1.02,-1.927,-0.473,4.000,-35.697,-26.443,41.000
1744538898.43,-1,2.450,-0.240,-1.692,3,0.000,0.000,0.000,10,2.603,-1.692,0.000,-0.519,0.89,1.02,-1.927,-0.473,4.000,-35.697,-26.443,41.000
1744538898.43,-1,2.450,-0.240,-1.692,3,0.000,0.000,0.000,10,2.603,-1.692,0.000,-0.519,0.89,1.02,-1.927,-0.473,4.000,-35.697,-26.443,41.000
1744538898.45,-1,2.450,-0.240,-1.692,3,0.000,0.000,0.000,10,2.603,-1.692,0.000,-0.519,0.89,1.02,-1.927,-0.473,4.000,-35.697,-26.443,41.000
1744538898.45,-1,2.450,-0.240,-1.692,3,0.000,0.000,0.000,10,2.603,-1.692,0.000,-0.519,0.89,1.02,-1.927,-0.473,4.000,-35.697,-26.443,41.000
1744538898.46,-1,2.450,-0.240,-1.692,3,0.000,0.000,0.000,10,2.603,-1.692,0.000,-0.519,0.80,0.96,-1.927,-0.473,4.000,-35.697,-26.443,41.000
1744538898.46,-1,2.450,-0.240,-1.692,3,0.000,0.000,0.000,10,2.603,-1.692,0.000,-0.519,0.80,0.96,-1.927,-0.473,4.000,-35.697,-26.443,41.000
1744538898.47,-1,2.450,-0.240,-1.692,3,0.000,0.000,0.000,10,2.603,-1.692,0.000,-0.519,0.80,0.96,-1.927,-0.473,4.000,-35.697,-26.443,41.000
1744538898.48,-1,2.450,-0.240,-1.692,3,0.000,0.000,0.000,10,2.603,-1.692,0.000,-0.519,0.80,0.96,-1.927,-0.473,4.000,-35.697,-26.443,41.000
1744538898.48,-1,2.450,-0.240,-1.692,3,0.000,0.000,0.000,10,2.603,-1.692,0.000,-0.519,0.80,0.96,-1.927,-0.473,4.000,-35.697,-26.443,41.000
1744538898.48,-1,2.450,-0.240,-1.692,3,0.000,0.000,0.000,10,2.603,-1.692,0.000,-0.519,0.75,1.01,-1.927,-0.473,4.000,-35.697,-26.443,41.000
1744538898.50,-1,2.450,-0.240,-1.692,3,0.000,0.000,0.000,10,2.603,-1.692,0.000,-0.519,0.75,1.01,-1.927,-0.473,4.000,-35.697,-26.443,41.000
1744538898.50,-1,2.450,-0.240,-1.692,3,0.000,0.000,0.000,10,2.603,-1.692,0.000,-0.519,0.75,1.01,-1.927,-0.473,4.000,-35.697,-26.443,41.000
1744538898.50,-1,2.450,-0.240,-1.692,3,0.000,0.000,0.000,10,2.603,-1.692,0.000,-0.519,0.75,1.01,-1.927,-0.473,4.000,-35.697,-26.443,41.000
1744538898.51,-1,2.450,-0.240,-1.692,3,0.000,0.000,0.000,10,2.603,-1.692,0.000,-0.519,0.75,1.01,-1.927,-0.473,4.000,-35.697,-26.443,41.000
1744538898.51,-1,2.450,-0.240,-1.692,3,0.000,0.000,0.000,10,2.603,-1.692,0.000,-0.519,0.73,1.02,-1.927,-0.473,4.000,-35.697,-26.443,41.000
1744538898.53,-1,2.450,-0.240,-1.692,3,0.000,0.000,0.000,10,2.603,-1.692,0.000,-0.519,0.73,1.02,-1.927,-0.473,4.000,-35.697,-26.443,41.000
1744538898.53,-1,2.450,-0.240,-1.692,3,0.000,0.000,0.000,10,2.603,-1.692,0.000,-0.519,0.73,1.02,-1.927,-0.473,4.000,-35.697,-26.443,41.000
1744538898.53,-1,2.450,-0.240,-1.692,3,0.000,0.000,0.000,10,2.603,-1.692,0.000,-0.519,0.73,1.02,-1.927,-0.473,4.000,-35.697,-26.443,41.000
# remark: robobot/cmd/ti/rc 0.0 0.0
# remark: robobot/cmd/T0/leds 16 0 0 0
# remark: robobot/cmd/T0/leds 16 0 100 0
# remark: robobot/cmd/ti/rc 0.45 0.0
1744538898.55,-1,2.450,-0.240,-1.692,3,0.000,0.000,0.000,10,2.603,-1.692,0.000,0.000,0.73,1.02,-1.927,-0.473,4.000,-35.697,-26.443,41.000
1744538898.55,-1,2.450,-0.240,-1.692,3,0.000,0.000,0.000,10,2.603,-1.692,0.000,0.000,0.73,0.95,-1.927,-0.473,4.000,-35.697,-26.443,41.000
1744538898.55,-1,2.450,-0.240,-1.692,3,0.000,0.000,0.000,10,2.603,-1.692,0.000,0.000,0.73,0.95,-1.927,-0.473,4.000,-35.697,-26.443,41.000
1744538898.55,-1,2.450,-0.240,-1.692,3,0.000,0.000,0.000,10,2.603,-1.692,0.000,0.000,0.73,0.95,-1.927,-0.473,4.000,-35.697,-26.443,41.000
1744538898.56,-1,2.450,-0.240,-1.691,3,0.000,0.000,0.000,10,2.603,-1.691,0.000,0.001,0.73,0.95,-1.927,-0.473,4.000,-35.697,-26.443,41.000
1744538898.57,-1,2.450,-0.242,-1.695,3,0.000,0.000,0.091,10,2.603,-1.695,0.000,-0.004,0.73,0.95,-1.927,-0.473,4.000,-35.697,-26.443,41.000
1744538898.57,-1,2.450,-0.242,-1.695,3,0.000,0.000,0.091,10,2.603,-1.695,0.000,-0.004,0.77,0.96,-1.927,-0.473,4.000,-35.697,-26.443,41.000
1744538898.57,-1,2.450,-0.245,-1.698,3,0.000,0.000,0.335,10,2.607,-1.698,0.004,-0.006,0.77,0.96,-1.927,-0.473,4.000,-35.697,-26.443,41.000
# remark: robobot/cmd/ti/rc 0.1 0.0
1744538898.59,-1,2.449,-0.247,-1.698,3,0.000,0.000,0.335,10,2.607,-1.698,0.004,-0.006,0.77,0.96,-1.927,-0.473,4.000,-35.697,-26.443,41.000
1744538898.59,-1,2.449,-0.248,-1.699,3,0.000,0.000,0.335,10,2.607,-1.699,0.004,-0.007,0.77,0.96,-1.927,-0.473,4.000,-35.697,-26.443,41.000
1744538898.59,-1,2.449,-0.251,-1.698,3,0.000,0.000,0.091,10,2.612,-1.698,0.009,-0.006,0.77,0.96,-1.927,-0.473,4.000,-35.697,-26.443,41.000
1744538898.59,-1,2.449,-0.251,-1.698,3,0.000,0.000,0.091,10,2.612,-1.698,0.009,-0.006,0.86,0.95,-1.927,-0.473,4.000,-35.697,-26.443,41.000
# remark: robobot/cmd/ti/alive 2025-04-13 12:07:52.918866
1744538898.62,-1,2.448,-0.254,-1.697,3,0.000,0.000,-0.148,10,2.616,-1.697,0.013,-0.005,0.86,0.95,-1.927,-0.473,4.000,-35.697,-26.443,41.000
1744538898.62,-1,2.448,-0.255,-1.695,3,0.000,0.000,-0.148,10,2.616,-1.695,0.013,-0.004,0.86,0.95,-1.927,-0.473,4.000,-35.697,-26.443,41.000
1744538898.62,-1,2.448,-0.256,-1.694,3,0.000,0.000,-0.148,10,2.616,-1.694,0.013,-0.002,0.86,0.95,-1.927,-0.473,4.000,-35.697,-26.443,41.000
1744538898.62,-1,2.448,-0.257,-1.693,3,0.000,0.000,-0.130,10,2.619,-1.693,0.016,-0.001,0.86,0.95,-1.927,-0.473,4.000,-35.697,-26.443,41.000
1744538898.63,-1,2.448,-0.257,-1.693,3,0.000,0.000,-0.130,10,2.619,-1.693,0.016,-0.001,0.86,0.93,-1.927,-0.473,4.000,-35.697,-26.443,41.000
1744538898.64,-1,2.448,-0.258,-1.694,3,0.000,0.000,-0.017,10,2.621,-1.694,0.018,-0.002,0.86,0.93,-1.927,-0.473,4.000,-35.697,-26.443,41.000
1744538898.64,-1,2.448,-0.259,-1.694,3,0.000,0.000,-0.017,10,2.621,-1.694,0.018,-0.002,0.86,0.93,-1.927,-0.473,4.000,-35.697,-26.443,41.000
1744538898.64,-1,2.448,-0.260,-1.694,3,0.000,0.000,-0.017,10,2.621,-1.694,0.018,-0.002,0.86,0.93,-1.927,-0.473,4.000,-35.697,-26.443,41.000
1744538898.67,-1,2.447,-0.262,-1.694,3,0.000,0.000,0.061,10,2.623,-1.694,0.020,-0.002,0.86,0.93,-1.927,-0.473,4.000,-35.697,-26.443,41.000
1744538898.67,-1,2.447,-0.262,-1.694,3,0.000,0.000,0.061,10,2.623,-1.694,0.020,-0.002,0.83,1.01,-1.927,-0.473,4.000,-35.697,-26.443,41.000
1744538898.67,-1,2.447,-0.264,-1.693,3,0.000,0.000,-0.057,10,2.626,-1.693,0.023,-0.001,0.83,1.01,-1.927,-0.473,4.000,-35.697,-26.443,41.000
1744538898.67,-1,2.447,-0.265,-1.692,3,0.000,0.000,-0.057,10,2.626,-1.692,0.023,0.000,0.83,1.01,-1.927,-0.473,4.000,-35.697,-26.443,41.000
1744538898.67,-1,2.447,-0.266,-1.691,3,0.000,0.000,-0.057,10,2.626,-1.691,0.023,0.001,0.83,1.01,-1.927,-0.473,4.000,-35.697,-26.443,41.000
1744538898.68,-1,2.447,-0.267,-1.691,3,0.000,0.000,-0.161,10,2.629,-1.691,0.026,0.001,0.83,1.01,-1.927,-0.473,4.000,-35.697,-26.443,41.000
1744538898.68,-1,2.447,-0.267,-1.691,3,0.000,0.000,-0.161,10,2.629,-1.691,0.026,0.001,0.83,1.01,-1.927,-0.473,4.000,-35.697,-26.443,41.000
1744538898.68,-1,2.447,-0.268,-1.693,3,0.000,0.000,0.035,10,2.631,-1.693,0.028,-0.001,0.83,1.01,-1.927,-0.473,4.000,-35.697,-26.443,41.000
1744538898.70,-1,2.447,-0.269,-1.694,3,0.000,0.000,0.035,10,2.631,-1.694,0.028,-0.002,0.83,1.01,-1.927,-0.473,4.000,-35.697,-26.443,41.000
1744538898.72,-1,2.446,-0.270,-1.694,3,0.000,0.000,0.035,10,2.631,-1.694,0.028,-0.002,0.83,1.01,-1.927,-0.473,4.000,-35.697,-26.443,41.000
1744538898.72,-1,2.446,-0.271,-1.694,3,0.000,0.000,0.117,10,2.633,-1.694,0.030,-0.002,0.83,1.01,-1.927,-0.473,4.000,-35.697,-26.443,41.000
1744538898.72,-1,2.446,-0.271,-1.694,3,0.000,0.000,0.117,10,2.633,-1.694,0.030,-0.002,0.76,0.95,-1.927,-0.473,4.000,-35.697,-26.443,41.000
1744538898.72,-1,2.446,-0.272,-1.694,3,0.000,0.000,0.039,10,2.635,-1.694,0.032,-0.002,0.76,0.95,-1.927,-0.473,4.000,-35.697,-26.443,41.000
1744538898.75,-1,2.446,-0.273,-1.694,3,0.000,0.000,0.039,10,2.635,-1.694,0.032,-0.002,0.76,0.95,-1.927,-0.473,4.000,-35.697,-26.443,41.000
1744538898.75,-1,2.446,-0.274,-1.694,3,0.000,0.000,0.039,10,2.635,-1.694,0.032,-0.002,0.76,0.95,-1.927,-0.473,4.000,-35.697,-26.443,41.000
1744538898.75,-1,2.446,-0.276,-1.695,3,0.000,0.000,0.000,10,2.637,-1.695,0.035,-0.004,0.76,0.95,-1.927,-0.473,4.000,-35.697,-26.443,41.000
1744538898.75,-1,2.446,-0.276,-1.695,3,0.000,0.000,0.000,10,2.637,-1.695,0.035,-0.004,0.71,0.89,-1.927,-0.473,4.000,-35.697,-26.443,41.000
1744538898.75,-1,2.446,-0.277,-1.697,3,0.000,0.000,0.078,10,2.639,-1.697,0.037,-0.005,0.71,0.89,-1.927,-0.473,4.000,-35.697,-26.443,41.000
1744538898.78,-1,2.445,-0.277,-1.697,3,0.000,0.000,0.078,10,2.639,-1.697,0.037,-0.005,0.71,0.89,-1.927,-0.473,4.000,-35.697,-26.443,41.000
1744538898.78,-1,2.445,-0.278,-1.698,3,0.000,0.000,0.078,10,2.639,-1.698,0.037,-0.006,0.71,0.89,-1.927,-0.473,4.000,-35.697,-26.443,41.000
1744538898.78,-1,2.445,-0.280,-1.699,3,0.000,0.000,0.130,10,2.641,-1.699,0.039,-0.007,0.71,0.89,-1.927,-0.473,4.000,-35.697,-26.443,41.000
1744538898.78,-1,2.445,-0.280,-1.699,3,0.000,0.000,0.130,10,2.641,-1.699,0.039,-0.007,0.71,0.88,-1.927,-0.473,4.000,-35.697,-26.443,41.000
1744538898.78,-1,2.445,-0.281,-1.699,3,0.000,0.000,0.074,10,2.643,-1.699,0.041,-0.007,0.71,0.88,-1.927,-0.473,4.000,-35.697,-26.443,41.000
1744538898.81,-1,2.445,-0.281,-1.700,3,0.000,0.000,0.074,10,2.643,-1.700,0.041,-0.008,0.71,0.88,-1.927,-0.473,4.000,-35.697,-26.443,41.000
1744538898.81,-1,2.445,-0.282,-1.701,3,0.000,0.000,0.074,10,2.643,-1.701,0.041,-0.009,0.71,0.88,-1.927,-0.473,4.000,-35.697,-26.443,41.000
1744538898.81,-1,2.445,-0.283,-1.701,3,0.000,0.000,0.109,10,2.645,-1.701,0.043,-0.009,0.71,0.88,-1.927,-0.473,4.000,-35.697,-26.443,41.000
1744538898.81,-1,2.445,-0.283,-1.701,3,0.000,0.000,0.109,10,2.645,-1.701,0.043,-0.009,0.75,0.87,-1.927,-0.473,4.000,-35.697,-26.443,41.000
1744538898.81,-1,2.445,-0.284,-1.702,3,0.000,0.000,0.122,10,2.647,-1.702,0.044,-0.010,0.75,0.87,-1.927,-0.473,4.000,-35.697,-26.443,41.000
1744538898.83,-1,2.445,-0.285,-1.704,3,0.000,0.000,0.122,10,2.647,-1.704,0.044,-0.012,0.75,0.87,-1.927,-0.473,4.000,-35.697,-26.443,41.000
1744538898.83,-1,2.444,-0.286,-1.705,3,0.000,0.000,0.122,10,2.647,-1.705,0.044,-0.013,0.75,0.87,-1.927,-0.473,4.000,-35.697,-26.443,41.000
1744538898.83,-1,2.444,-0.287,-1.706,3,0.000,0.000,0.087,10,2.649,-1.706,0.046,-0.014,0.75,0.87,-1.927,-0.473,4.000,-35.697,-26.443,41.000
1744538898.83,-1,2.444,-0.287,-1.706,3,0.000,0.000,0.087,10,2.649,-1.706,0.046,-0.014,0.74,0.88,-1.927,-0.473,4.000,-35.697,-26.443,41.000
1744538898.86,-1,2.444,-0.288,-1.706,3,0.000,0.000,0.104,10,2.650,-1.706,0.048,-0.014,0.74,0.88,-1.927,-0.473,4.000,-35.697,-26.443,41.000
1744538898.86,-1,2.444,-0.288,-1.706,3,0.000,0.000,0.104,10,2.650,-1.706,0.048,-0.014,0.74,0.88,-1.927,-0.473,4.000,-35.697,-26.443,41.000
1744538898.86,-1,2.444,-0.289,-1.706,3,0.000,0.000,0.104,10,2.650,-1.706,0.048,-0.014,0.74,0.88,-1.927,-0.473,4.000,-35.697,-26.443,41.000
1744538898.86,-1,2.444,-0.290,-1.707,3,0.000,0.000,0.065,10,2.652,-1.707,0.049,-0.015,0.74,0.88,-1.927,-0.473,4.000,-35.697,-26.443,41.000
1744538898.86,-1,2.444,-0.290,-1.707,3,0.000,0.000,0.065,10,2.652,-1.707,0.049,-0.015,0.73,0.88,-1.927,-0.473,4.000,-35.697,-26.443,41.000
1744538898.89,-1,2.444,-0.291,-1.708,3,0.000,0.000,0.039,10,2.654,-1.708,0.051,-0.016,0.73,0.88,-1.927,-0.473,4.000,-35.697,-26.443,41.000
1744538898.89,-1,2.444,-0.291,-1.707,3,0.000,0.000,0.039,10,2.654,-1.707,0.051,-0.015,0.73,0.88,-1.927,-0.473,4.000,-35.697,-26.443,41.000
1744538898.89,-1,2.444,-0.292,-1.706,3,0.000,0.000,0.039,10,2.654,-1.706,0.051,-0.014,0.73,0.88,-1.927,-0.473,4.000,-35.697,-26.443,41.000
1744538898.90,-1,2.443,-0.293,-1.706,3,0.000,0.000,0.004,10,2.655,-1.706,0.053,-0.014,0.73,0.88,-1.927,-0.473,4.000,-35.697,-26.443,41.000
1744538898.90,-1,2.443,-0.293,-1.706,3,0.000,0.000,0.004,10,2.655,-1.706,0.053,-0.014,0.73,0.89,-1.927,-0.473,4.000,-35.697,-26.443,41.000
1744538898.91,-1,2.443,-0.294,-1.706,3,0.000,0.000,-0.057,10,2.657,-1.706,0.054,-0.014,0.73,0.89,-1.927,-0.473,4.000,-35.697,-26.443,41.000
1744538898.91,-1,2.443,-0.294,-1.706,3,0.000,0.000,-0.057,10,2.657,-1.706,0.054,-0.014,0.73,0.89,-1.927,-0.473,4.000,-35.697,-26.443,41.000
1744538898.92,-1,2.443,-0.295,-1.706,3,0.000,0.000,-0.057,10,2.657,-1.706,0.054,-0.014,0.73,0.89,-1.927,-0.473,4.000,-35.697,-26.443,41.000
1744538898.92,-1,2.443,-0.296,-1.706,3,0.000,0.000,-0.017,10,2.658,-1.706,0.056,-0.014,0.73,0.89,-1.927,-0.473,4.000,-35.697,-26.443,41.000
1744538898.92,-1,2.443,-0.296,-1.706,3,0.000,0.000,-0.017,10,2.658,-1.706,0.056,-0.014,0.72,0.88,-1.927,-0.473,4.000,-35.697,-26.443,41.000
1744538898.94,-1,2.443,-0.296,-1.706,3,0.000,0.000,-0.004,10,2.660,-1.706,0.057,-0.014,0.72,0.88,-1.927,-0.473,4.000,-35.697,-26.443,41.000
1744538898.94,-1,2.443,-0.297,-1.706,3,0.000,0.000,-0.004,10,2.660,-1.706,0.057,-0.014,0.72,0.88,-1.927,-0.473,4.000,-35.697,-26.443,41.000
1744538898.94,-1,2.443,-0.297,-1.706,3,0.000,0.000,-0.004,10,2.660,-1.706,0.057,-0.014,0.72,0.88,-1.927,-0.473,4.000,-35.697,-26.443,41.000
1744538898.97,-1,2.443,-0.298,-1.707,3,0.000,0.000,0.035,10,2.661,-1.707,0.058,-0.015,0.72,0.88,-1.927,-0.473,4.000,-35.697,-26.443,41.000
1744538898.97,-1,2.443,-0.298,-1.707,3,0.000,0.000,0.035,10,2.661,-1.707,0.058,-0.015,0.65,0.88,-1.927,-0.473,4.000,-35.697,-26.443,41.000
1744538898.97,-1,2.443,-0.299,-1.707,3,0.000,0.000,0.035,10,2.662,-1.707,0.059,-0.015,0.65,0.88,-1.927,-0.473,4.000,-35.697,-26.443,41.000
1744538898.97,-1,2.443,-0.299,-1.707,3,0.000,0.000,0.035,10,2.662,-1.707,0.059,-0.015,0.65,0.88,-1.927,-0.473,4.000,-35.697,-26.443,41.000
1744538898.97,-1,2.443,-0.300,-1.707,3,0.000,0.000,0.035,10,2.662,-1.707,0.059,-0.015,0.65,0.88,-1.927,-0.473,4.000,-35.697,-26.443,41.000
1744538898.99,-1,2.442,-0.300,-1.706,3,0.000,0.000,0.004,10,2.663,-1.706,0.061,-0.014,0.65,0.88,-1.927,-0.473,4.000,-35.697,-26.443,41.000
1744538898.99,-1,2.442,-0.300,-1.706,3,0.000,0.000,0.004,10,2.663,-1.706,0.061,-0.014,0.65,0.89,-1.927,-0.473,4.000,-35.697,-26.443,41.000
1744538899.00,-1,2.442,-0.301,-1.707,3,0.000,0.000,-0.013,10,2.664,-1.707,0.062,-0.015,0.65,0.89,-1.927,-0.473,4.000,-35.697,-26.443,41.000
1744538899.00,-1,2.442,-0.302,-1.707,3,0.000,0.000,-0.013,10,2.664,-1.707,0.062,-0.015,0.65,0.89,-1.927,-0.473,4.000,-35.697,-26.443,41.000
1744538899.02,-1,2.442,-0.302,-1.706,3,0.000,0.000,-0.013,10,2.664,-1.706,0.062,-0.014,0.65,0.89,-1.927,-0.473,4.000,-35.697,-26.443,41.000
1744538899.02,-1,2.442,-0.303,-1.706,3,0.000,0.000,-0.026,10,2.666,-1.706,0.063,-0.014,0.65,0.89,-1.927,-0.473,4.000,-35.697,-26.443,41.000
1744538899.02,-1,2.442,-0.303,-1.706,3,0.000,0.000,-0.026,10,2.666,-1.706,0.063,-0.014,0.72,0.87,-1.927,-0.473,4.000,-35.697,-26.443,41.000
1744538899.02,-1,2.442,-0.304,-1.706,3,0.000,0.000,-0.039,10,2.667,-1.706,0.064,-0.014,0.72,0.87,-1.927,-0.473,4.000,-35.697,-26.443,41.000
1744538899.04,-1,2.442,-0.304,-1.706,3,0.000,0.000,-0.039,10,2.667,-1.706,0.064,-0.014,0.72,0.87,-1.927,-0.473,4.000,-35.697,-26.443,41.000
1744538899.05,-1,2.442,-0.305,-1.705,3,0.000,0.000,-0.039,10,2.667,-1.705,0.064,-0.013,0.72,0.87,-1.927,-0.473,4.000,-35.697,-26.443,41.000
1744538899.05,-1,2.442,-0.306,-1.705,3,0.000,0.000,-0.043,10,2.668,-1.705,0.066,-0.013,0.72,0.87,-1.927,-0.473,4.000,-35.697,-26.443,41.000
1744538899.05,-1,2.442,-0.306,-1.705,3,0.000,0.000,-0.043,10,2.668,-1.705,0.066,-0.013,0.77,0.87,-1.927,-0.473,4.000,-35.697,-26.443,41.000
1744538899.07,-1,2.442,-0.306,-1.704,3,0.000,0.000,-0.052,10,2.670,-1.704,0.067,-0.012,0.77,0.87,-1.927,-0.473,4.000,-35.697,-26.443,41.000
1744538899.07,-1,2.442,-0.307,-1.705,3,0.000,0.000,-0.052,10,2.670,-1.705,0.067,-0.013,0.77,0.87,-1.927,-0.473,4.000,-35.697,-26.443,41.000
1744538899.08,-1,2.441,-0.307,-1.705,3,0.000,0.000,-0.052,10,2.670,-1.705,0.067,-0.013,0.77,0.87,-1.927,-0.473,4.000,-35.697,-26.443,41.000
1744538899.08,-1,2.441,-0.308,-1.705,3,0.000,0.000,-0.026,10,2.671,-1.705,0.068,-0.013,0.77,0.87,-1.927,-0.473,4.000,-35.697,-26.443,41.000
1744538899.08,-1,2.441,-0.308,-1.705,3,0.000,0.000,-0.026,10,2.671,-1.705,0.068,-0.013,0.69,0.89,-1.927,-0.473,4.000,-35.697,-26.443,41.000
1744538899.08,-1,2.441,-0.309,-1.704,3,0.000,0.000,-0.009,10,2.673,-1.704,0.070,-0.012,0.69,0.89,-1.927,-0.473,4.000,-35.697,-26.443,41.000
1744538899.10,-1,2.441,-0.310,-1.704,3,0.000,0.000,-0.009,10,2.673,-1.704,0.070,-0.012,0.69,0.89,-1.927,-0.473,4.000,-35.697,-26.443,41.000
1744538899.10,-1,2.441,-0.310,-1.704,3,0.000,0.000,-0.009,10,2.673,-1.704,0.070,-0.012,0.69,0.89,-1.927,-0.473,4.000,-35.697,-26.443,41.000
1744538899.10,-1,2.441,-0.311,-1.702,3,0.000,0.000,-0.013,10,2.674,-1.702,0.071,-0.010,0.69,0.89,-1.927,-0.473,4.000,-35.697,-26.443,41.000
1744538899.10,-1,2.441,-0.311,-1.702,3,0.000,0.000,-0.013,10,2.674,-1.702,0.071,-0.010,0.71,0.88,-1.927,-0.473,4.000,-35.697,-26.443,41.000
1744538899.13,-1,2.441,-0.312,-1.701,3,0.000,0.000,-0.087,10,2.676,-1.701,0.073,-0.009,0.71,0.88,-1.927,-0.473,4.000,-35.697,-26.443,41.000
1744538899.13,-1,2.441,-0.313,-1.702,3,0.000,0.000,-0.087,10,2.676,-1.702,0.073,-0.010,0.71,0.88,-1.927,-0.473,4.000,-35.697,-26.443,41.000
1744538899.13,-1,2.441,-0.313,-1.701,3,0.000,0.000,-0.087,10,2.676,-1.701,0.073,-0.009,0.71,0.88,-1.927,-0.473,4.000,-35.697,-26.443,41.000
1744538899.13,-1,2.441,-0.314,-1.701,3,0.000,0.000,-0.078,10,2.677,-1.701,0.074,-0.009,0.71,0.88,-1.927,-0.473,4.000,-35.697,-26.443,41.000
1744538899.13,-1,2.441,-0.314,-1.701,3,0.000,0.000,-0.078,10,2.677,-1.701,0.074,-0.009,0.71,0.82,-1.927,-0.473,4.000,-35.697,-26.443,41.000
1744538899.16,-1,2.440,-0.315,-1.700,3,0.000,0.000,-0.052,10,2.679,-1.700,0.076,-0.008,0.71,0.82,-1.927,-0.473,4.000,-35.697,-26.443,41.000
1744538899.16,-1,2.440,-0.315,-1.699,3,0.000,0.000,-0.052,10,2.679,-1.699,0.076,-0.007,0.71,0.82,-1.927,-0.473,4.000,-35.697,-26.443,41.000
1744538899.16,-1,2.440,-0.316,-1.699,3,0.000,0.000,-0.052,10,2.679,-1.699,0.076,-0.007,0.71,0.82,-1.927,-0.473,4.000,-35.697,-26.443,41.000
1744538899.16,-1,2.440,-0.317,-1.700,3,0.000,0.000,-0.083,10,2.680,-1.700,0.077,-0.008,0.71,0.82,-1.927,-0.473,4.000,-35.697,-26.443,41.000
1744538899.16,-1,2.440,-0.317,-1.700,3,0.000,0.000,-0.083,10,2.680,-1.700,0.077,-0.008,0.74,0.81,-1.927,-0.473,4.000,-35.697,-26.443,41.000
1744538899.18,-1,2.440,-0.318,-1.700,3,0.000,0.000,0.004,10,2.681,-1.700,0.079,-0.008,0.74,0.81,-1.927,-0.473,4.000,-35.697,-26.443,41.000
1744538899.18,-1,2.440,-0.319,-1.699,3,0.000,0.000,0.004,10,2.681,-1.699,0.079,-0.007,0.74,0.81,-1.927,-0.473,4.000,-35.697,-26.443,41.000
1744538899.18,-1,2.440,-0.319,-1.698,3,0.000,0.000,0.004,10,2.681,-1.698,0.079,-0.006,0.74,0.81,-1.927,-0.473,4.000,-35.697,-26.443,41.000
1744538899.21,-1,2.440,-0.320,-1.698,3,0.000,0.000,-0.035,10,2.683,-1.698,0.080,-0.006,0.74,0.81,-1.927,-0.473,4.000,-35.697,-26.443,41.000
1744538899.21,-1,2.440,-0.320,-1.698,3,0.000,0.000,-0.035,10,2.683,-1.698,0.080,-0.006,0.85,0.82,-1.927,-0.473,4.000,-35.697,-26.443,41.000
1744538899.21,-1,2.440,-0.321,-1.698,3,0.000,0.000,-0.061,10,2.685,-1.698,0.082,-0.006,0.85,0.82,-1.927,-0.473,4.000,-35.697,-26.443,41.000
1744538899.21,-1,2.440,-0.322,-1.697,3,0.000,0.000,-0.061,10,2.685,-1.697,0.082,-0.005,0.85,0.82,-1.927,-0.473,4.000,-35.697,-26.443,41.000
1744538899.21,-1,2.440,-0.322,-1.697,3,0.000,0.000,-0.061,10,2.685,-1.697,0.082,-0.005,0.85,0.82,-1.927,-0.473,4.000,-35.697,-26.443,41.000
# remark: robobot/cmd/ti/alive 2025-04-13 12:07:52.918866
1744538899.24,-1,2.439,-0.323,-1.697,3,0.000,0.000,-0.030,10,2.686,-1.697,0.084,-0.005,0.85,0.82,-1.927,-0.473,4.000,-35.697,-26.443,41.000
1744538899.24,-1,2.439,-0.323,-1.697,3,0.000,0.000,-0.030,10,2.686,-1.697,0.084,-0.005,0.64,0.81,-1.927,-0.473,4.000,-35.697,-26.443,41.000
1744538899.24,-1,2.439,-0.324,-1.697,3,0.000,0.000,-0.057,10,2.688,-1.697,0.085,-0.005,0.64,0.81,-1.927,-0.473,4.000,-35.697,-26.443,41.000
1744538899.24,-1,2.439,-0.325,-1.695,3,0.000,0.000,-0.057,10,2.688,-1.695,0.085,-0.004,0.64,0.81,-1.927,-0.473,4.000,-35.697,-26.443,41.000
1744538899.24,-1,2.439,-0.326,-1.695,3,0.000,0.000,-0.057,10,2.688,-1.695,0.085,-0.004,0.64,0.81,-1.927,-0.473,4.000,-35.697,-26.443,41.000
1744538899.27,-1,2.439,-0.327,-1.695,3,0.000,0.000,-0.061,10,2.689,-1.695,0.087,-0.004,0.64,0.81,-1.927,-0.473,4.000,-35.697,-26.443,41.000
1744538899.27,-1,2.439,-0.327,-1.695,3,0.000,0.000,-0.061,10,2.689,-1.695,0.087,-0.004,0.69,0.78,-1.927,-0.473,4.000,-35.697,-26.443,41.000
1744538899.28,-1,2.439,-0.328,-1.695,3,0.000,0.000,-0.048,10,2.691,-1.695,0.088,-0.004,0.69,0.78,-1.927,-0.473,4.000,-35.697,-26.443,41.000
1744538899.28,-1,2.439,-0.328,-1.694,3,0.000,0.000,-0.048,10,2.691,-1.694,0.088,-0.002,0.69,0.78,-1.927,-0.473,4.000,-35.697,-26.443,41.000
1744538899.28,-1,2.439,-0.329,-1.695,3,0.000,0.000,-0.048,10,2.691,-1.695,0.088,-0.004,0.69,0.78,-1.927,-0.473,4.000,-35.697,-26.443,41.000
1744538899.29,-1,2.439,-0.330,-1.695,3,0.000,0.000,0.009,10,2.693,-1.695,0.090,-0.004,0.69,0.78,-1.927,-0.473,4.000,-35.697,-26.443,41.000
1744538899.29,-1,2.439,-0.330,-1.695,3,0.000,0.000,0.009,10,2.693,-1.695,0.090,-0.004,0.71,0.79,-1.927,-0.473,4.000,-35.697,-26.443,41.000
1744538899.30,-1,2.438,-0.331,-1.694,3,0.000,0.000,-0.013,10,2.694,-1.694,0.092,-0.002,0.71,0.79,-1.927,-0.473,4.000,-35.697,-26.443,41.000
1744538899.30,-1,2.438,-0.331,-1.694,3,0.000,0.000,-0.013,10,2.694,-1.694,0.092,-0.002,0.71,0.79,-1.927,-0.473,4.000,-35.697,-26.443,41.000
1744538899.32,-1,2.438,-0.332,-1.693,3,0.000,0.000,-0.013,10,2.694,-1.693,0.092,-0.001,0.71,0.79,-1.927,-0.473,4.000,-35.697,-26.443,41.000
1744538899.32,-1,2.438,-0.333,-1.691,3,0.000,0.000,-0.113,10,2.696,-1.691,0.093,0.001,0.71,0.79,-1.927,-0.473,4.000,-35.697,-26.443,41.000
1744538899.32,-1,2.438,-0.333,-1.691,3,0.000,0.000,-0.113,10,2.696,-1.691,0.093,0.001,0.68,0.80,-1.927,-0.473,4.000,-35.697,-26.443,41.000
1744538899.32,-1,2.438,-0.334,-1.690,3,0.000,0.000,-0.148,10,2.697,-1.690,0.095,0.002,0.68,0.80,-1.927,-0.473,4.000,-35.697,-26.443,41.000
1744538899.35,-1,2.438,-0.335,-1.691,3,0.000,0.000,-0.148,10,2.697,-1.691,0.095,0.001,0.68,0.80,-1.927,-0.473,4.000,-35.697,-26.443,41.000
1744538899.35,-1,2.438,-0.335,-1.691,3,0.000,0.000,-0.148,10,2.697,-1.691,0.095,0.001,0.68,0.80,-1.927,-0.473,4.000,-35.697,-26.443,41.000
1744538899.35,-1,2.438,-0.337,-1.690,3,0.000,0.000,-0.052,10,2.699,-1.690,0.097,0.002,0.68,0.80,-1.927,-0.473,4.000,-35.697,-26.443,41.000
1744538899.35,-1,2.438,-0.337,-1.690,3,0.000,0.000,-0.052,10,2.699,-1.690,0.097,0.002,0.61,0.78,-1.927,-0.473,4.000,-35.697,-26.443,41.000
1744538899.37,-1,2.438,-0.338,-1.690,3,0.000,0.000,-0.030,10,2.701,-1.690,0.098,0.002,0.61,0.78,-1.927,-0.473,4.000,-35.697,-26.443,41.000
1744538899.37,-1,2.438,-0.338,-1.688,3,0.000,0.000,-0.030,10,2.701,-1.688,0.098,0.003,0.61,0.78,-1.927,-0.473,4.000,-35.697,-26.443,41.000
1744538899.37,-1,2.438,-0.339,-1.690,3,0.000,0.000,-0.030,10,2.701,-1.690,0.098,0.002,0.61,0.78,-1.927,-0.473,4.000,-35.697,-26.443,41.000
1744538899.37,-1,2.437,-0.339,-1.690,3,0.000,0.000,-0.022,10,2.703,-1.690,0.100,0.002,0.61,0.78,-1.927,-0.473,4.000,-35.697,-26.443,41.000
1744538899.37,-1,2.437,-0.339,-1.690,3,0.000,0.000,-0.022,10,2.703,-1.690,0.100,0.002,0.68,0.78,-1.927,-0.473,4.000,-35.697,-26.443,41.000
1744538899.38,-1,2.437,-0.341,-1.690,3,0.000,0.000,0.013,10,2.704,-1.690,0.101,0.002,0.68,0.78,-1.927,-0.473,4.000,-35.697,-26.443,41.000
1744538899.38,-1,2.437,-0.341,-1.691,3,0.000,0.000,0.013,10,2.704,-1.691,0.101,0.001,0.68,0.78,-1.927,-0.473,4.000,-35.697,-26.443,41.000
1744538899.40,-1,2.437,-0.342,-1.690,3,0.000,0.000,0.013,10,2.704,-1.690,0.101,0.002,0.68,0.78,-1.927,-0.473,4.000,-35.697,-26.443,41.000
1744538899.42,-1,2.437,-0.343,-1.691,3,0.000,0.000,0.022,10,2.706,-1.691,0.103,0.001,0.68,0.78,-1.927,-0.473,4.000,-35.697,-26.443,41.000
1744538899.42,-1,2.437,-0.343,-1.691,3,0.000,0.000,0.022,10,2.706,-1.691,0.103,0.001,0.70,0.76,-1.927,-0.473,4.000,-35.697,-26.443,41.000
1744538899.42,-1,2.437,-0.343,-1.691,3,0.000,0.000,0.039,10,2.707,-1.691,0.104,0.001,0.70,0.76,-1.927,-0.473,4.000,-35.697,-26.443,41.000
1744538899.42,-1,2.437,-0.344,-1.691,3,0.000,0.000,0.039,10,2.707,-1.691,0.104,0.001,0.70,0.76,-1.927,-0.473,4.000,-35.697,-26.443,41.000
1744538899.43,-1,2.437,-0.344,-1.691,3,0.000,0.000,0.039,10,2.707,-1.691,0.104,0.001,0.70,0.76,-1.927,-0.473,4.000,-35.697,-26.443,41.000
1744538899.45,-1,2.437,-0.345,-1.691,3,0.000,0.000,-0.013,10,2.708,-1.691,0.106,0.001,0.70,0.76,-1.927,-0.473,4.000,-35.697,-26.443,41.000
1744538899.45,-1,2.437,-0.345,-1.691,3,0.000,0.000,-0.013,10,2.708,-1.691,0.106,0.001,0.70,0.72,-1.927,-0.473,4.000,-35.697,-26.443,41.000
1744538899.45,-1,2.437,-0.346,-1.691,3,0.000,0.000,-0.004,10,2.710,-1.691,0.107,0.001,0.70,0.72,-1.927,-0.473,4.000,-35.697,-26.443,41.000
1744538899.45,-1,2.437,-0.347,-1.691,3,0.000,0.000,-0.004,10,2.710,-1.691,0.107,0.001,0.70,0.72,-1.927,-0.473,4.000,-35.697,-26.443,41.000
1744538899.45,-1,2.436,-0.347,-1.692,3,0.000,0.000,-0.004,10,2.710,-1.692,0.107,0.000,0.70,0.72,-1.927,-0.473,4.000,-35.697,-26.443,41.000
1744538899.46,-1,2.436,-0.348,-1.692,3,0.000,0.000,0.074,10,2.711,-1.692,0.109,0.000,0.70,0.72,-1.927,-0.473,4.000,-35.697,-26.443,41.000
1744538899.46,-1,2.436,-0.348,-1.692,3,0.000,0.000,0.074,10,2.711,-1.692,0.109,0.000,0.76,0.71,-1.927,-0.473,4.000,-35.697,-26.443,41.000
1744538899.46,-1,2.436,-0.349,-1.692,3,0.000,0.000,0.043,10,2.713,-1.692,0.110,0.000,0.76,0.71,-1.927,-0.473,4.000,-35.697,-26.443,41.000
1744538899.50,-1,2.436,-0.350,-1.692,3,0.000,0.000,0.043,10,2.713,-1.692,0.110,0.000,0.76,0.71,-1.927,-0.473,4.000,-35.697,-26.443,41.000
1744538899.50,-1,2.436,-0.350,-1.693,3,0.000,0.000,0.043,10,2.713,-1.693,0.110,-0.001,0.76,0.71,-1.927,-0.473,4.000,-35.697,-26.443,41.000
1744538899.50,-1,2.436,-0.351,-1.692,3,0.000,0.000,0.017,10,2.714,-1.692,0.111,0.000,0.76,0.71,-1.927,-0.473,4.000,-35.697,-26.443,41.000
1744538899.50,-1,2.436,-0.351,-1.692,3,0.000,0.000,0.017,10,2.714,-1.692,0.111,0.000,0.69,0.71,-1.927,-0.473,4.000,-35.697,-26.443,41.000
1744538899.52,-1,2.436,-0.352,-1.691,3,0.000,0.000,-0.022,10,2.715,-1.691,0.113,0.001,0.69,0.71,-1.927,-0.473,4.000,-35.697,-26.443,41.000
1744538899.52,-1,2.436,-0.352,-1.691,3,0.000,0.000,-0.022,10,2.715,-1.691,0.113,0.001,0.69,0.71,-1.927,-0.473,4.000,-35.697,-26.443,41.000
1744538899.52,-1,2.436,-0.353,-1.691,3,0.000,0.000,-0.022,10,2.715,-1.691,0.113,0.001,0.69,0.71,-1.927,-0.473,4.000,-35.697,-26.443,41.000
1744538899.52,-1,2.436,-0.354,-1.691,3,0.000,0.000,-0.074,10,2.717,-1.691,0.114,0.001,0.69,0.71,-1.927,-0.473,4.000,-35.697,-26.443,41.000
1744538899.52,-1,2.436,-0.354,-1.691,3,0.000,0.000,-0.074,10,2.717,-1.691,0.114,0.001,0.58,0.71,-1.927,-0.473,4.000,-35.697,-26.443,41.000
1744538899.55,-1,2.436,-0.355,-1.690,3,0.000,0.000,-0.043,10,2.718,-1.690,0.116,0.002,0.58,0.71,-1.927,-0.473,4.000,-35.697,-26.443,41.000
1744538899.55,-1,2.436,-0.355,-1.690,3,0.000,0.000,-0.043,10,2.718,-1.690,0.116,0.002,0.58,0.71,-1.927,-0.473,4.000,-35.697,-26.443,41.000
1744538899.55,-1,2.435,-0.355,-1.690,3,0.000,0.000,-0.043,10,2.718,-1.690,0.116,0.002,0.58,0.71,-1.927,-0.473,4.000,-35.697,-26.443,41.000
1744538899.56,-1,2.435,-0.356,-1.688,3,0.000,0.000,-0.057,10,2.720,-1.688,0.117,0.003,0.58,0.71,-1.927,-0.473,4.000,-35.697,-26.443,41.000
1744538899.56,-1,2.435,-0.356,-1.688,3,0.000,0.000,-0.057,10,2.720,-1.688,0.117,0.003,0.56,0.72,-1.927,-0.473,4.000,-35.697,-26.443,41.000
1744538899.56,-1,2.435,-0.357,-1.688,3,0.000,0.000,-0.057,10,2.721,-1.688,0.118,0.003,0.56,0.72,-1.927,-0.473,4.000,-35.697,-26.443,41.000
1744538899.56,-1,2.435,-0.358,-1.688,3,0.000,0.000,-0.057,10,2.721,-1.688,0.118,0.003,0.56,0.72,-1.927,-0.473,4.000,-35.697,-26.443,41.000
1744538899.58,-1,2.435,-0.358,-1.688,3,0.000,0.000,-0.057,10,2.721,-1.688,0.118,0.003,0.56,0.72,-1.927,-0.473,4.000,-35.697,-26.443,41.000
1744538899.59,-1,2.435,-0.359,-1.687,3,0.000,0.000,-0.017,10,2.722,-1.687,0.119,0.005,0.56,0.72,-1.927,-0.473,4.000,-35.697,-26.443,41.000
1744538899.59,-1,2.435,-0.359,-1.687,3,0.000,0.000,-0.017,10,2.722,-1.687,0.119,0.005,0.60,0.72,-1.927,-0.473,4.000,-35.697,-26.443,41.000
1744538899.59,-1,2.435,-0.360,-1.686,3,0.000,0.000,-0.048,10,2.724,-1.686,0.121,0.006,0.60,0.72,-1.927,-0.473,4.000,-35.697,-26.443,41.000
1744538899.59,-1,2.435,-0.360,-1.686,3,0.000,0.000,-0.048,10,2.724,-1.686,0.121,0.006,0.60,0.72,-1.927,-0.473,4.000,-35.697,-26.443,41.000
1744538899.62,-1,2.435,-0.360,-1.686,3,0.000,0.000,-0.048,10,2.724,-1.686,0.121,0.006,0.60,0.72,-1.927,-0.473,4.000,-35.697,-26.443,41.000
1744538899.62,-1,2.435,-0.361,-1.686,3,0.000,0.000,-0.065,10,2.725,-1.686,0.122,0.006,0.76,0.71,-1.927,-0.473,4.000,-35.697,-26.443,41.000
1744538899.62,-1,2.435,-0.362,-1.686,3,0.000,0.000,-0.065,10,2.725,-1.686,0.122,0.006,0.76,0.71,-1.927,-0.473,4.000,-35.697,-26.443,41.000
1744538899.62,-1,2.435,-0.362,-1.686,3,0.000,0.000,-0.030,10,2.726,-1.686,0.124,0.006,0.76,0.71,-1.927,-0.473,4.000,-35.697,-26.443,41.000
1744538899.65,-1,2.435,-0.363,-1.686,3,0.000,0.000,-0.030,10,2.726,-1.686,0.124,0.006,0.76,0.71,-1.927,-0.473,4.000,-35.697,-26.443,41.000
1744538899.65,-1,2.435,-0.363,-1.686,3,0.000,0.000,-0.030,10,2.726,-1.686,0.124,0.006,0.76,0.71,-1.927,-0.473,4.000,-35.697,-26.443,41.000
1744538899.65,-1,2.434,-0.364,-1.686,3,0.000,0.000,0.026,10,2.728,-1.686,0.125,0.006,0.66,0.72,-1.927,-0.473,4.000,-35.697,-26.443,41.000
1744538899.65,-1,2.434,-0.364,-1.687,3,0.000,0.000,0.026,10,2.728,-1.687,0.125,0.005,0.66,0.72,-1.927,-0.473,4.000,-35.697,-26.443,41.000
1744538899.67,-1,2.434,-0.365,-1.686,3,0.000,0.000,-0.009,10,2.729,-1.686,0.127,0.006,0.66,0.72,-1.927,-0.473,4.000,-35.697,-26.443,41.000
1744538899.67,-1,2.434,-0.366,-1.686,3,0.000,0.000,-0.009,10,2.729,-1.686,0.127,0.006,0.66,0.72,-1.927,-0.473,4.000,-35.697,-26.443,41.000
1744538899.67,-1,2.434,-0.366,-1.686,3,0.000,0.000,-0.009,10,2.729,-1.686,0.127,0.006,0.66,0.72,-1.927,-0.473,4.000,-35.697,-26.443,41.000
1744538899.67,-1,2.434,-0.367,-1.686,3,0.000,0.000,-0.017,10,2.731,-1.686,0.128,0.006,0.66,0.71,-1.927,-0.473,4.000,-35.697,-26.443,41.000
1744538899.67,-1,2.434,-0.367,-1.685,3,0.000,0.000,-0.017,10,2.731,-1.685,0.128,0.007,0.66,0.71,-1.927,-0.473,4.000,-35.697,-26.443,41.000
1744538899.69,-1,2.434,-0.368,-1.686,3,0.000,0.000,-0.009,10,2.732,-1.686,0.129,0.006,0.66,0.71,-1.927,-0.473,4.000,-35.697,-26.443,41.000
1744538899.69,-1,2.434,-0.369,-1.686,3,0.000,0.000,-0.009,10,2.732,-1.686,0.129,0.006,0.66,0.71,-1.927,-0.473,4.000,-35.697,-26.443,41.000
1744538899.69,-1,2.434,-0.369,-1.686,3,0.000,0.000,-0.009,10,2.732,-1.686,0.129,0.006,0.66,0.71,-1.927,-0.473,4.000,-35.697,-26.443,41.000
1744538899.70,-1,2.434,-0.370,-1.685,3,0.000,0.000,-0.009,10,2.734,-1.685,0.131,0.007,0.71,0.70,-1.927,-0.473,4.000,-35.697,-26.443,41.000
1744538899.70,-1,2.434,-0.370,-1.685,3,0.000,0.000,-0.009,10,2.734,-1.685,0.131,0.007,0.71,0.70,-1.927,-0.473,4.000,-35.697,-26.443,41.000
1744538899.72,-1,2.434,-0.371,-1.685,3,0.000,0.000,-0.043,10,2.735,-1.685,0.133,0.007,0.71,0.70,-1.927,-0.473,4.000,-35.697,-26.443,41.000
1744538899.72,-1,2.434,-0.372,-1.685,3,0.000,0.000,-0.043,10,2.735,-1.685,0.133,0.007,0.71,0.70,-1.927,-0.473,4.000,-35.697,-26.443,41.000
1744538899.72,-1,2.434,-0.372,-1.685,3,0.000,0.000,-0.043,10,2.735,-1.685,0.133,0.007,0.71,0.70,-1.927,-0.473,4.000,-35.697,-26.443,41.000
1744538899.75,-1,2.433,-0.373,-1.685,3,0.000,0.000,0.013,10,2.737,-1.685,0.134,0.007,0.63,0.68,-1.927,-0.473,4.000,-35.697,-26.443,41.000
1744538899.75,-1,2.433,-0.373,-1.685,3,0.000,0.000,0.013,10,2.737,-1.685,0.134,0.007,0.63,0.68,-1.927,-0.473,4.000,-35.697,-26.443,41.000
1744538899.75,-1,2.433,-0.374,-1.685,3,0.000,0.000,0.013,10,2.738,-1.685,0.136,0.007,0.63,0.68,-1.927,-0.473,4.000,-35.697,-26.443,41.000
1744538899.75,-1,2.433,-0.375,-1.685,3,0.000,0.000,0.013,10,2.738,-1.685,0.136,0.007,0.63,0.68,-1.927,-0.473,4.000,-35.697,-26.443,41.000
1744538899.75,-1,2.433,-0.375,-1.685,3,0.000,0.000,0.013,10,2.738,-1.685,0.136,0.007,0.63,0.68,-1.927,-0.473,4.000,-35.697,-26.443,41.000
1744538899.78,-1,2.433,-0.376,-1.687,3,0.000,0.000,0.043,10,2.740,-1.687,0.137,0.005,0.66,0.68,-1.927,-0.473,4.000,-35.697,-26.443,41.000
1744538899.78,-1,2.433,-0.376,-1.686,3,0.000,0.000,0.043,10,2.740,-1.686,0.137,0.006,0.66,0.68,-1.927,-0.473,4.000,-35.697,-26.443,41.000
1744538899.78,-1,2.433,-0.377,-1.687,3,0.000,0.000,0.043,10,2.741,-1.687,0.139,0.005,0.66,0.68,-1.927,-0.473,4.000,-35.697,-26.443,41.000
1744538899.78,-1,2.433,-0.378,-1.686,3,0.000,0.000,0.043,10,2.741,-1.686,0.139,0.006,0.66,0.68,-1.927,-0.473,4.000,-35.697,-26.443,41.000
1744538899.78,-1,2.433,-0.378,-1.686,3,0.000,0.000,0.043,10,2.741,-1.686,0.139,0.006,0.66,0.68,-1.927,-0.473,4.000,-35.697,-26.443,41.000
1744538899.81,-1,2.433,-0.379,-1.686,3,0.000,0.000,0.009,10,2.743,-1.686,0.140,0.006,0.64,0.67,-1.927,-0.473,4.000,-35.697,-26.443,41.000
1744538899.81,-1,2.433,-0.380,-1.686,3,0.000,0.000,0.009,10,2.743,-1.686,0.140,0.006,0.64,0.67,-1.927,-0.473,4.000,-35.697,-26.443,41.000
1744538899.81,-1,2.433,-0.380,-1.686,3,0.000,0.000,-0.009,10,2.744,-1.686,0.142,0.006,0.64,0.67,-1.927,-0.473,4.000,-35.697,-26.443,41.000
1744538899.81,-1,2.433,-0.381,-1.686,3,0.000,0.000,-0.009,10,2.744,-1.686,0.142,0.006,0.64,0.67,-1.927,-0.473,4.000,-35.697,-26.443,41.000
1744538899.81,-1,2.433,-0.381,-1.686,3,0.000,0.000,-0.009,10,2.744,-1.686,0.142,0.006,0.64,0.67,-1.927,-0.473,4.000,-35.697,-26.443,41.000
1744538899.85,-1,2.432,-0.382,-1.687,3,0.000,0.000,0.009,10,2.746,-1.687,0.143,0.005,0.62,0.67,-1.927,-0.473,4.000,-35.697,-26.443,41.000
1744538899.85,-1,2.432,-0.383,-1.687,3,0.000,0.000,0.009,10,2.746,-1.687,0.143,0.005,0.62,0.67,-1.927,-0.473,4.000,-35.697,-26.443,41.000
1744538899.85,-1,2.432,-0.383,-1.687,3,0.000,0.000,0.048,10,2.748,-1.687,0.145,0.005,0.62,0.67,-1.927,-0.473,4.000,-35.697,-26.443,41.000
1744538899.85,-1,2.432,-0.384,-1.688,3,0.000,0.000,0.048,10,2.748,-1.688,0.145,0.003,0.62,0.67,-1.927,-0.473,4.000,-35.697,-26.443,41.000
1744538899.85,-1,2.432,-0.384,-1.688,3,0.000,0.000,0.048,10,2.748,-1.688,0.145,0.003,0.62,0.67,-1.927,-0.473,4.000,-35.697,-26.443,41.000
1744538899.86,-1,2.432,-0.385,-1.687,3,0.000,0.000,0.048,10,2.749,-1.687,0.146,0.005,0.64,0.65,-1.927,-0.473,4.000,-35.697,-26.443,41.000
1744538899.86,-1,2.432,-0.386,-1.688,3,0.000,0.000,0.048,10,2.749,-1.688,0.146,0.003,0.64,0.65,-1.927,-0.473,4.000,-35.697,-26.443,41.000
1744538899.86,-1,2.432,-0.386,-1.688,3,0.000,0.000,0.022,10,2.751,-1.688,0.148,0.003,0.64,0.65,-1.927,-0.473,4.000,-35.697,-26.443,41.000
1744538899.88,-1,2.432,-0.387,-1.688,3,0.000,0.000,0.022,10,2.751,-1.688,0.148,0.003,0.64,0.65,-1.927,-0.473,4.000,-35.697,-26.443,41.000
1744538899.88,-1,2.432,-0.387,-1.688,3,0.000,0.000,0.022,10,2.751,-1.688,0.148,0.003,0.64,0.65,-1.927,-0.473,4.000,-35.697,-26.443,41.000
# remark: robobot/cmd/ti/alive 2025-04-13 12:07:52.918866
1744538899.89,-1,2.432,-0.388,-1.687,3,0.000,0.000,-0.043,10,2.752,-1.687,0.150,0.005,0.62,0.63,-1.927,-0.473,4.000,-35.697,-26.443,41.000
1744538899.89,-1,2.432,-0.389,-1.687,3,0.000,0.000,-0.043,10,2.752,-1.687,0.150,0.005,0.62,0.63,-1.927,-0.473,4.000,-35.697,-26.443,41.000
1744538899.89,-1,2.432,-0.389,-1.687,3,0.000,0.000,-0.030,10,2.754,-1.687,0.151,0.005,0.62,0.63,-1.927,-0.473,4.000,-35.697,-26.443,41.000
1744538899.89,-1,2.431,-0.390,-1.687,3,0.000,0.000,-0.030,10,2.754,-1.687,0.151,0.005,0.62,0.63,-1.927,-0.473,4.000,-35.697,-26.443,41.000
1744538899.89,-1,2.431,-0.390,-1.687,3,0.000,0.000,-0.030,10,2.754,-1.687,0.151,0.005,0.62,0.63,-1.927,-0.473,4.000,-35.697,-26.443,41.000
1744538899.91,-1,2.431,-0.392,-1.687,3,0.000,0.000,0.009,10,2.756,-1.687,0.153,0.005,0.63,0.63,-1.927,-0.473,4.000,-35.697,-26.443,41.000
1744538899.92,-1,2.431,-0.392,-1.687,3,0.000,0.000,0.009,10,2.756,-1.687,0.153,0.005,0.63,0.63,-1.927,-0.473,4.000,-35.697,-26.443,41.000
1744538899.92,-1,2.431,-0.393,-1.687,3,0.000,0.000,-0.009,10,2.757,-1.687,0.154,0.005,0.63,0.63,-1.927,-0.473,4.000,-35.697,-26.443,41.000
1744538899.95,-1,2.431,-0.394,-1.687,3,0.000,0.000,-0.009,10,2.757,-1.687,0.154,0.005,0.63,0.63,-1.927,-0.473,4.000,-35.697,-26.443,41.000
1744538899.95,-1,2.431,-0.394,-1.687,3,0.000,0.000,-0.009,10,2.757,-1.687,0.154,0.005,0.63,0.63,-1.927,-0.473,4.000,-35.697,-26.443,41.000
1744538899.95,-1,2.431,-0.395,-1.687,3,0.000,0.000,0.000,10,2.759,-1.687,0.156,0.005,0.67,0.63,-1.927,-0.473,4.000,-35.697,-26.443,41.000
1744538899.95,-1,2.431,-0.395,-1.687,3,0.000,0.000,0.000,10,2.759,-1.687,0.156,0.005,0.67,0.63,-1.927,-0.473,4.000,-35.697,-26.443,41.000
1744538899.95,-1,2.431,-0.396,-1.688,3,0.000,0.000,0.013,10,2.760,-1.688,0.157,0.003,0.67,0.63,-1.927,-0.473,4.000,-35.697,-26.443,41.000
1744538899.97,-1,2.431,-0.397,-1.687,3,0.000,0.000,0.013,10,2.760,-1.687,0.157,0.005,0.67,0.63,-1.927,-0.473,4.000,-35.697,-26.443,41.000
1744538899.97,-1,2.431,-0.397,-1.687,3,0.000,0.000,0.013,10,2.760,-1.687,0.157,0.005,0.67,0.63,-1.927,-0.473,4.000,-35.697,-26.443,41.000
1744538899.97,-1,2.431,-0.397,-1.686,3,0.000,0.000,0.009,10,2.762,-1.686,0.159,0.006,0.71,0.64,-1.927,-0.473,4.000,-35.697,-26.443,41.000
1744538899.97,-1,2.431,-0.398,-1.687,3,0.000,0.000,0.009,10,2.762,-1.687,0.159,0.005,0.71,0.64,-1.927,-0.473,4.000,-35.697,-26.443,41.000
1744538900.00,-1,2.430,-0.398,-1.687,3,0.000,0.000,-0.030,10,2.763,-1.687,0.160,0.005,0.71,0.64,-1.927,-0.473,4.000,-35.697,-26.443,41.000
1744538900.00,-1,2.430,-0.399,-1.687,3,0.000,0.000,-0.030,10,2.763,-1.687,0.160,0.005,0.71,0.64,-1.927,-0.473,4.000,-35.697,-26.443,41.000
1744538900.00,-1,2.430,-0.399,-1.687,3,0.000,0.000,-0.030,10,2.763,-1.687,0.160,0.005,0.71,0.64,-1.927,-0.473,4.000,-35.697,-26.443,41.000
1744538900.00,-1,2.430,-0.400,-1.688,3,0.000,0.000,-0.004,10,2.765,-1.688,0.162,0.003,0.66,0.63,-1.927,-0.473,4.000,-35.697,-26.443,41.000
1744538900.00,-1,2.430,-0.401,-1.687,3,0.000,0.000,-0.004,10,2.765,-1.687,0.162,0.005,0.66,0.63,-1.927,-0.473,4.000,-35.697,-26.443,41.000
1744538900.02,-1,2.430,-0.401,-1.687,3,0.000,0.000,0.009,10,2.766,-1.687,0.163,0.005,0.66,0.63,-1.927,-0.473,4.000,-35.697,-26.443,41.000
1744538900.02,-1,2.430,-0.402,-1.687,3,0.000,0.000,0.009,10,2.766,-1.687,0.163,0.005,0.66,0.63,-1.927,-0.473,4.000,-35.697,-26.443,41.000
1744538900.02,-1,2.430,-0.402,-1.687,3,0.000,0.000,0.009,10,2.766,-1.687,0.163,0.005,0.66,0.63,-1.927,-0.473,4.000,-35.697,-26.443,41.000
1744538900.05,-1,2.430,-0.403,-1.687,3,0.000,0.000,0.013,10,2.767,-1.687,0.165,0.005,0.64,0.61,-1.927,-0.473,4.000,-35.697,-26.443,41.000
1744538900.05,-1,2.430,-0.403,-1.687,3,0.000,0.000,0.013,10,2.767,-1.687,0.165,0.005,0.64,0.61,-1.927,-0.473,4.000,-35.697,-26.443,41.000
1744538900.05,-1,2.430,-0.404,-1.688,3,0.000,0.000,-0.004,10,2.769,-1.688,0.166,0.003,0.64,0.61,-1.927,-0.473,4.000,-35.697,-26.443,41.000
1744538900.05,-1,2.430,-0.405,-1.687,3,0.000,0.000,-0.004,10,2.769,-1.687,0.166,0.005,0.64,0.61,-1.927,-0.473,4.000,-35.697,-26.443,41.000
1744538900.05,-1,2.430,-0.405,-1.687,3,0.000,0.000,-0.004,10,2.769,-1.687,0.166,0.005,0.64,0.61,-1.927,-0.473,4.000,-35.697,-26.443,41.000
1744538900.07,-1,2.430,-0.406,-1.686,3,0.000,0.000,-0.052,10,2.770,-1.686,0.168,0.006,0.71,0.60,-1.927,-0.473,4.000,-35.697,-26.443,41.000
1744538900.07,-1,2.430,-0.406,-1.686,3,0.000,0.000,-0.052,10,2.770,-1.686,0.168,0.006,0.71,0.60,-1.927,-0.473,4.000,-35.697,-26.443,41.000
1744538900.07,-1,2.429,-0.407,-1.686,3,0.000,0.000,-0.048,10,2.772,-1.686,0.169,0.006,0.71,0.60,-1.927,-0.473,4.000,-35.697,-26.443,41.000
1744538900.07,-1,2.429,-0.408,-1.686,3,0.000,0.000,-0.048,10,2.772,-1.686,0.169,0.006,0.71,0.60,-1.927,-0.473,4.000,-35.697,-26.443,41.000
1744538900.08,-1,2.429,-0.408,-1.686,3,0.000,0.000,-0.048,10,2.772,-1.686,0.169,0.006,0.71,0.60,-1.927,-0.473,4.000,-35.697,-26.443,41.000
1744538900.10,-1,2.429,-0.409,-1.687,3,0.000,0.000,0.022,10,2.773,-1.687,0.171,0.005,0.79,0.59,-1.927,-0.473,4.000,-35.697,-26.443,41.000
1744538900.10,-1,2.429,-0.409,-1.687,3,0.000,0.000,0.022,10,2.773,-1.687,0.171,0.005,0.79,0.59,-1.927,-0.473,4.000,-35.697,-26.443,41.000
1744538900.10,-1,2.429,-0.410,-1.686,3,0.000,0.000,0.009,10,2.775,-1.686,0.172,0.006,0.79,0.59,-1.927,-0.473,4.000,-35.697,-26.443,41.000
1744538900.12,-1,2.429,-0.411,-1.687,3,0.000,0.000,0.009,10,2.775,-1.687,0.172,0.005,0.79,0.59,-1.927,-0.473,4.000,-35.697,-26.443,41.000
1744538900.12,-1,2.429,-0.411,-1.687,3,0.000,0.000,0.009,10,2.775,-1.687,0.172,0.005,0.79,0.59,-1.927,-0.473,4.000,-35.697,-26.443,41.000
1744538900.12,-1,2.429,-0.412,-1.687,3,0.000,0.000,0.035,10,2.776,-1.687,0.173,0.005,0.79,0.59,-1.927,-0.473,4.000,-35.697,-26.443,41.000
1744538900.12,-1,2.429,-0.412,-1.687,3,0.000,0.000,0.035,10,2.776,-1.687,0.173,0.005,0.79,0.59,-1.927,-0.473,4.000,-35.697,-26.443,41.000
1744538900.15,-1,2.429,-0.413,-1.688,3,0.000,0.000,0.030,10,2.778,-1.688,0.175,0.003,0.79,0.59,-1.927,-0.473,4.000,-35.697,-26.443,41.000
1744538900.15,-1,2.429,-0.414,-1.687,3,0.000,0.000,0.030,10,2.778,-1.687,0.175,0.005,0.79,0.59,-1.927,-0.473,4.000,-35.697,-26.443,41.000
1744538900.15,-1,2.429,-0.414,-1.687,3,0.000,0.000,0.030,10,2.778,-1.687,0.175,0.005,0.79,0.59,-1.927,-0.473,4.000,-35.697,-26.443,41.000
1744538900.15,-1,2.429,-0.415,-1.688,3,0.000,0.000,0.000,10,2.779,-1.688,0.176,0.003,0.82,0.60,-1.927,-0.473,4.000,-35.697,-26.443,41.000
1744538900.15,-1,2.429,-0.415,-1.690,3,0.000,0.000,0.000,10,2.779,-1.690,0.176,0.002,0.82,0.60,-1.927,-0.473,4.000,-35.697,-26.443,41.000
1744538900.18,-1,2.428,-0.415,-1.692,3,0.000,0.000,0.104,10,2.780,-1.692,0.178,0.000,0.82,0.60,-1.927,-0.473,4.000,-35.697,-26.443,41.000
1744538900.18,-1,2.428,-0.416,-1.695,3,0.000,0.000,0.104,10,2.780,-1.695,0.178,-0.004,0.82,0.60,-1.927,-0.473,4.000,-35.697,-26.443,41.000
1744538900.18,-1,2.428,-0.416,-1.695,3,0.000,0.000,0.104,10,2.780,-1.695,0.178,-0.004,0.82,0.60,-1.927,-0.473,4.000,-35.697,-26.443,41.000
1744538900.18,-1,2.428,-0.416,-1.699,3,0.000,0.000,0.191,10,2.782,-1.699,0.179,-0.007,0.80,0.60,-1.927,-0.473,4.000,-35.697,-26.443,41.000
1744538900.18,-1,2.428,-0.416,-1.701,3,0.000,0.000,0.191,10,2.782,-1.701,0.179,-0.009,0.80,0.60,-1.927,-0.473,4.000,-35.697,-26.443,41.000
1744538900.20,-1,2.428,-0.417,-1.704,3,0.000,0.000,0.261,10,2.782,-1.704,0.180,-0.012,0.80,0.60,-1.927,-0.473,4.000,-35.697,-26.443,41.000
1744538900.20,-1,2.428,-0.417,-1.707,3,0.000,0.000,0.261,10,2.782,-1.707,0.180,-0.015,0.80,0.60,-1.927,-0.473,4.000,-35.697,-26.443,41.000
1744538900.20,-1,2.428,-0.417,-1.707,3,0.000,0.000,0.261,10,2.782,-1.707,0.180,-0.015,0.80,0.60,-1.927,-0.473,4.000,-35.697,-26.443,41.000
1744538900.23,-1,2.428,-0.418,-1.709,3,0.000,0.000,0.287,10,2.783,-1.709,0.181,-0.017,0.78,0.60,-1.927,-0.473,4.000,-35.697,-26.443,41.000
1744538900.23,-1,2.428,-0.418,-1.710,3,0.000,0.000,0.287,10,2.783,-1.710,0.181,-0.018,0.78,0.60,-1.927,-0.473,4.000,-35.697,-26.443,41.000
1744538900.23,-1,2.428,-0.418,-1.712,3,0.000,0.000,0.274,10,2.784,-1.712,0.181,-0.020,0.78,0.60,-1.927,-0.473,4.000,-35.697,-26.443,41.000
1744538900.23,-1,2.428,-0.419,-1.715,3,0.000,0.000,0.274,10,2.784,-1.715,0.181,-0.023,0.78,0.60,-1.927,-0.473,4.000,-35.697,-26.443,41.000
1744538900.23,-1,2.428,-0.419,-1.715,3,0.000,0.000,0.274,10,2.784,-1.715,0.181,-0.023,0.78,0.60,-1.927,-0.473,4.000,-35.697,-26.443,41.000
1744538900.26,-1,2.428,-0.419,-1.718,3,0.000,0.000,0.343,10,2.785,-1.718,0.182,-0.027,0.77,0.59,-1.927,-0.473,4.000,-35.697,-26.443,41.000
1744538900.26,-1,2.428,-0.419,-1.720,3,0.000,0.000,0.343,10,2.785,-1.720,0.182,-0.028,0.77,0.59,-1.927,-0.473,4.000,-35.697,-26.443,41.000
1744538900.26,-1,2.428,-0.420,-1.721,3,0.000,0.000,0.322,10,2.785,-1.721,0.183,-0.029,0.77,0.59,-1.927,-0.473,4.000,-35.697,-26.443,41.000
1744538900.26,-1,2.428,-0.420,-1.723,3,0.000,0.000,0.322,10,2.785,-1.723,0.183,-0.031,0.77,0.59,-1.927,-0.473,4.000,-35.697,-26.443,41.000
1744538900.27,-1,2.428,-0.420,-1.723,3,0.000,0.000,0.322,10,2.785,-1.723,0.183,-0.031,0.77,0.59,-1.927,-0.473,4.000,-35.697,-26.443,41.000
1744538900.27,-1,2.428,-0.421,-1.727,3,0.000,0.000,0.287,10,2.786,-1.727,0.184,-0.035,0.60,0.60,-1.927,-0.473,4.000,-35.697,-26.443,41.000
1744538900.27,-1,2.428,-0.421,-1.727,3,0.000,0.000,0.287,10,2.786,-1.727,0.184,-0.035,0.60,0.60,-1.927,-0.473,4.000,-35.697,-26.443,41.000
1744538900.27,-1,2.428,-0.421,-1.728,3,0.000,0.000,0.322,10,2.787,-1.728,0.185,-0.036,0.60,0.60,-1.927,-0.473,4.000,-35.697,-26.443,41.000
1744538900.31,-1,2.427,-0.422,-1.729,3,0.000,0.000,0.322,10,2.787,-1.729,0.185,-0.037,0.60,0.60,-1.927,-0.473,4.000,-35.697,-26.443,41.000
1744538900.31,-1,2.427,-0.422,-1.729,3,0.000,0.000,0.322,10,2.787,-1.729,0.185,-0.037,0.60,0.60,-1.927,-0.473,4.000,-35.697,-26.443,41.000
1744538900.31,-1,2.427,-0.423,-1.728,3,0.000,0.000,0.130,10,2.788,-1.728,0.186,-0.036,0.73,0.59,-1.927,-0.473,4.000,-35.697,-26.443,41.000
1744538900.31,-1,2.427,-0.424,-1.728,3,0.000,0.000,0.130,10,2.788,-1.728,0.186,-0.036,0.73,0.59,-1.927,-0.473,4.000,-35.697,-26.443,41.000
1744538900.32,-1,2.427,-0.424,-1.726,3,0.000,0.000,-0.143,10,2.790,-1.726,0.187,-0.034,0.73,0.59,-1.927,-0.473,4.000,-35.697,-26.443,41.000
1744538900.32,-1,2.427,-0.425,-1.726,3,0.000,0.000,-0.143,10,2.790,-1.726,0.187,-0.034,0.73,0.59,-1.927,-0.473,4.000,-35.697,-26.443,41.000
1744538900.32,-1,2.427,-0.425,-1.726,3,0.000,0.000,-0.143,10,2.790,-1.726,0.187,-0.034,0.73,0.59,-1.927,-0.473,4.000,-35.697,-26.443,41.000
1744538900.32,-1,2.427,-0.426,-1.729,3,0.000,0.000,-0.070,10,2.791,-1.729,0.189,-0.037,0.76,0.59,-1.927,-0.473,4.000,-35.697,-26.443,41.000
1744538900.32,-1,2.427,-0.426,-1.730,3,0.000,0.000,-0.070,10,2.791,-1.730,0.189,-0.038,0.76,0.59,-1.927,-0.473,4.000,-35.697,-26.443,41.000
1744538900.35,-1,2.427,-0.427,-1.730,3,0.000,0.000,0.170,10,2.793,-1.730,0.190,-0.038,0.76,0.59,-1.927,-0.473,4.000,-35.697,-26.443,41.000
1744538900.35,-1,2.427,-0.428,-1.731,3,0.000,0.000,0.170,10,2.793,-1.731,0.190,-0.039,0.76,0.59,-1.927,-0.473,4.000,-35.697,-26.443,41.000
1744538900.35,-1,2.427,-0.428,-1.731,3,0.000,0.000,0.170,10,2.793,-1.731,0.190,-0.039,0.76,0.59,-1.927,-0.473,4.000,-35.697,-26.443,41.000
1744538900.39,-1,2.426,-0.428,-1.734,3,0.000,0.000,0.174,10,2.794,-1.734,0.191,-0.042,0.65,0.60,-1.927,-0.473,4.000,-35.697,-26.443,41.000
1744538900.39,-1,2.426,-0.429,-1.735,3,0.000,0.000,0.174,10,2.794,-1.735,0.191,-0.043,0.65,0.60,-1.927,-0.473,4.000,-35.697,-26.443,41.000
1744538900.39,-1,2.426,-0.429,-1.735,3,0.000,0.000,0.161,10,2.795,-1.735,0.192,-0.043,0.65,0.60,-1.927,-0.473,4.000,-35.697,-26.443,41.000
1744538900.39,-1,2.426,-0.430,-1.735,3,0.000,0.000,0.161,10,2.795,-1.735,0.192,-0.043,0.65,0.60,-1.927,-0.473,4.000,-35.697,-26.443,41.000
1744538900.39,-1,2.426,-0.430,-1.735,3,0.000,0.000,0.161,10,2.795,-1.735,0.192,-0.043,0.65,0.60,-1.927,-0.473,4.000,-35.697,-26.443,41.000
1744538900.40,-1,2.426,-0.431,-1.735,3,0.000,0.000,0.026,10,2.796,-1.735,0.194,-0.043,0.64,0.59,-1.927,-0.473,4.000,-35.697,-26.443,41.000
1744538900.40,-1,2.426,-0.432,-1.734,3,0.000,0.000,0.026,10,2.796,-1.734,0.194,-0.042,0.64,0.59,-1.927,-0.473,4.000,-35.697,-26.443,41.000
1744538900.40,-1,2.426,-0.432,-1.734,3,0.000,0.000,-0.039,10,2.798,-1.734,0.195,-0.042,0.64,0.59,-1.927,-0.473,4.000,-35.697,-26.443,41.000
1744538900.40,-1,2.426,-0.433,-1.734,3,0.000,0.000,-0.039,10,2.798,-1.734,0.195,-0.042,0.64,0.59,-1.927,-0.473,4.000,-35.697,-26.443,41.000
1744538900.42,-1,2.426,-0.433,-1.734,3,0.000,0.000,-0.039,10,2.798,-1.734,0.195,-0.042,0.64,0.59,-1.927,-0.473,4.000,-35.697,-26.443,41.000
1744538900.44,-1,2.426,-0.434,-1.734,3,0.000,0.000,-0.039,10,2.799,-1.734,0.197,-0.042,0.79,0.62,-1.927,-0.473,4.000,-35.697,-26.443,41.000
1744538900.44,-1,2.425,-0.435,-1.735,3,0.000,0.000,-0.039,10,2.799,-1.735,0.197,-0.043,0.79,0.62,-1.927,-0.473,4.000,-35.697,-26.443,41.000
1744538900.44,-1,2.425,-0.435,-1.734,3,0.000,0.000,0.017,10,2.801,-1.734,0.198,-0.042,0.79,0.62,-1.927,-0.473,4.000,-35.697,-26.443,41.000
1744538900.44,-1,2.425,-0.436,-1.735,3,0.000,0.000,0.017,10,2.801,-1.735,0.198,-0.043,0.79,0.62,-1.927,-0.473,4.000,-35.697,-26.443,41.000
1744538900.45,-1,2.425,-0.436,-1.735,3,0.000,0.000,0.017,10,2.801,-1.735,0.198,-0.043,0.79,0.62,-1.927,-0.473,4.000,-35.697,-26.443,41.000
1744538900.45,-1,2.425,-0.438,-1.735,3,0.000,0.000,0.013,10,2.803,-1.735,0.200,-0.043,0.85,0.65,-1.927,-0.473,4.000,-35.697,-26.443,41.000
1744538900.45,-1,2.425,-0.438,-1.736,3,0.000,0.000,0.013,10,2.803,-1.736,0.200,-0.044,0.85,0.65,-1.927,-0.473,4.000,-35.697,-26.443,41.000
1744538900.47,-1,2.425,-0.439,-1.736,3,0.000,0.000,0.078,10,2.804,-1.736,0.202,-0.044,0.85,0.65,-1.927,-0.473,4.000,-35.697,-26.443,41.000
1744538900.48,-1,2.425,-0.440,-1.736,3,0.000,0.000,0.078,10,2.804,-1.736,0.202,-0.044,0.85,0.65,-1.927,-0.473,4.000,-35.697,-26.443,41.000
1744538900.48,-1,2.425,-0.440,-1.736,3,0.000,0.000,0.078,10,2.804,-1.736,0.202,-0.044,0.85,0.65,-1.927,-0.473,4.000,-35.697,-26.443,41.000
1744538900.48,-1,2.424,-0.441,-1.736,3,0.000,0.000,0.043,10,2.806,-1.736,0.204,-0.044,0.85,0.66,-1.927,-0.473,4.000,-35.697,-26.443,41.000
1744538900.48,-1,2.424,-0.441,-1.737,3,0.000,0.000,0.043,10,2.806,-1.737,0.204,-0.045,0.85,0.66,-1.927,-0.473,4.000,-35.697,-26.443,41.000
# remark: robobot/cmd/ti/alive 2025-04-13 12:07:52.918866
1744538900.51,-1,2.424,-0.442,-1.736,3,0.000,0.000,0.035,10,2.808,-1.736,0.205,-0.044,0.85,0.66,-1.927,-0.473,4.000,-35.697,-26.443,41.000
1744538900.51,-1,2.424,-0.443,-1.737,3,0.000,0.000,0.035,10,2.808,-1.737,0.205,-0.045,0.85,0.66,-1.927,-0.473,4.000,-35.697,-26.443,41.000
1744538900.51,-1,2.424,-0.443,-1.737,3,0.000,0.000,0.035,10,2.808,-1.737,0.205,-0.045,0.85,0.66,-1.927,-0.473,4.000,-35.697,-26.443,41.000
1744538900.51,-1,2.424,-0.444,-1.736,3,0.000,0.000,-0.009,10,2.810,-1.736,0.207,-0.044,0.99,0.66,-1.927,-0.473,4.000,-35.697,-26.443,41.000
1744538900.51,-1,2.424,-0.445,-1.736,3,0.000,0.000,-0.009,10,2.810,-1.736,0.207,-0.044,0.99,0.66,-1.927,-0.473,4.000,-35.697,-26.443,41.000
1744538900.53,-1,2.424,-0.446,-1.735,3,0.000,0.000,-0.030,10,2.812,-1.735,0.209,-0.043,0.99,0.66,-1.927,-0.473,4.000,-35.697,-26.443,41.000
1744538900.53,-1,2.423,-0.447,-1.736,3,0.000,0.000,-0.030,10,2.812,-1.736,0.209,-0.044,0.99,0.66,-1.927,-0.473,4.000,-35.697,-26.443,41.000
1744538900.53,-1,2.423,-0.447,-1.736,3,0.000,0.000,-0.030,10,2.812,-1.736,0.209,-0.044,0.99,0.66,-1.927,-0.473,4.000,-35.697,-26.443,41.000
1744538900.55,-1,2.423,-0.448,-1.734,3,0.000,0.000,-0.083,10,2.814,-1.734,0.211,-0.042,1.10,0.62,-1.927,-0.473,4.000,-35.697,-26.443,41.000
1744538900.55,-1,2.423,-0.448,-1.732,3,0.000,0.000,-0.083,10,2.814,-1.732,0.211,-0.040,1.10,0.62,-1.927,-0.473,4.000,-35.697,-26.443,41.000
1744538900.56,-1,2.423,-0.449,-1.731,3,0.000,0.000,-0.143,10,2.815,-1.731,0.212,-0.039,1.10,0.62,-1.927,-0.473,4.000,-35.697,-26.443,41.000
1744538900.56,-1,2.423,-0.450,-1.729,3,0.000,0.000,-0.143,10,2.815,-1.729,0.212,-0.037,1.10,0.62,-1.927,-0.473,4.000,-35.697,-26.443,41.000
1744538900.56,-1,2.423,-0.450,-1.729,3,0.000,0.000,-0.143,10,2.815,-1.729,0.212,-0.037,1.10,0.62,-1.927,-0.473,4.000,-35.697,-26.443,41.000
1744538900.56,-1,2.423,-0.450,-1.724,3,0.000,0.000,-0.226,10,2.817,-1.724,0.214,-0.032,1.31,0.61,-1.927,-0.473,4.000,-35.697,-26.443,41.000
1744538900.56,-1,2.423,-0.451,-1.723,3,0.000,0.000,-0.226,10,2.817,-1.723,0.214,-0.031,1.31,0.61,-1.927,-0.473,4.000,-35.697,-26.443,41.000
# remark: robobot/cmd/ti/rc 0.0 0.0
1744538900.59,-1,2.423,-0.451,-1.721,3,0.000,0.000,-0.287,10,2.818,-1.721,0.215,-0.029,1.31,0.61,-1.927,-0.473,4.000,-35.697,-26.443,41.000
1744538900.59,-1,2.423,-0.452,-1.717,3,0.000,0.000,-0.287,10,2.818,-1.717,0.215,-0.026,1.31,0.61,-1.927,-0.473,4.000,-35.697,-26.443,41.000
1744538900.59,-1,2.423,-0.452,-1.717,3,0.000,0.000,-0.287,10,2.818,-1.717,0.215,-0.026,1.31,0.61,-1.927,-0.473,4.000,-35.697,-26.443,41.000
1744538900.62,-1,2.423,-0.452,-1.713,3,0.000,0.000,-0.309,10,2.819,-1.713,0.216,-0.021,1.41,0.66,-1.927,-0.473,4.000,-35.697,-26.443,41.000
1744538900.62,-1,2.423,-0.452,-1.712,3,0.000,0.000,-0.309,10,2.819,-1.712,0.216,-0.020,1.41,0.66,-1.927,-0.473,4.000,-35.697,-26.443,41.000
1744538900.62,-1,2.423,-0.453,-1.709,3,0.000,0.000,-0.296,10,2.820,-1.709,0.217,-0.017,1.41,0.66,-1.927,-0.473,4.000,-35.697,-26.443,41.000
1744538900.62,-1,2.422,-0.453,-1.706,3,0.000,0.000,-0.296,10,2.820,-1.706,0.217,-0.014,1.41,0.66,-1.927,-0.473,4.000,-35.697,-26.443,41.000
1744538900.62,-1,2.422,-0.453,-1.706,3,0.000,0.000,-0.296,10,2.820,-1.706,0.217,-0.014,1.41,0.66,-1.927,-0.473,4.000,-35.697,-26.443,41.000
1744538900.65,-1,2.422,-0.454,-1.701,3,0.000,0.000,-0.278,10,2.821,-1.701,0.218,-0.009,1.41,0.86,-1.927,-0.473,4.000,-35.697,-26.443,41.000
1744538900.65,-1,2.422,-0.454,-1.699,3,0.000,0.000,-0.278,10,2.821,-1.699,0.218,-0.007,1.41,0.86,-1.927,-0.473,4.000,-35.697,-26.443,41.000
1744538900.65,-1,2.422,-0.454,-1.698,3,0.000,0.000,-0.309,10,2.821,-1.698,0.219,-0.006,1.41,0.86,-1.927,-0.473,4.000,-35.697,-26.443,41.000
1744538900.65,-1,2.422,-0.454,-1.694,3,0.000,0.000,-0.309,10,2.821,-1.694,0.219,-0.002,1.41,0.86,-1.927,-0.473,4.000,-35.697,-26.443,41.000
1744538900.67,-1,2.422,-0.454,-1.694,3,0.000,0.000,-0.309,10,2.821,-1.694,0.219,-0.002,1.41,0.86,-1.927,-0.473,4.000,-35.697,-26.443,41.000
1744538900.67,-1,2.422,-0.455,-1.691,3,0.000,0.000,-0.296,10,2.822,-1.691,0.219,0.001,1.29,1.19,-1.927,-0.473,4.000,-35.697,-26.443,41.000
1744538900.67,-1,2.422,-0.455,-1.690,3,0.000,0.000,-0.296,10,2.822,-1.690,0.219,0.002,1.29,1.19,-1.927,-0.473,4.000,-35.697,-26.443,41.000
1744538900.68,-1,2.422,-0.455,-1.688,3,0.000,0.000,-0.265,10,2.823,-1.688,0.220,0.003,1.29,1.19,-1.927,-0.473,4.000,-35.697,-26.443,41.000
1744538900.70,-1,2.422,-0.455,-1.686,3,0.000,0.000,-0.265,10,2.823,-1.686,0.220,0.006,1.29,1.19,-1.927,-0.473,4.000,-35.697,-26.443,41.000
1744538900.70,-1,2.422,-0.455,-1.686,3,0.000,0.000,-0.265,10,2.823,-1.686,0.220,0.006,1.29,1.19,-1.927,-0.473,4.000,-35.697,-26.443,41.000
1744538900.70,-1,2.422,-0.456,-1.685,3,0.000,0.000,-0.226,10,2.823,-1.685,0.221,0.007,1.38,1.50,-1.927,-0.473,4.000,-35.697,-26.443,41.000
1744538900.70,-1,2.422,-0.456,-1.684,3,0.000,0.000,-0.226,10,2.823,-1.684,0.221,0.008,1.38,1.50,-1.927,-0.473,4.000,-35.697,-26.443,41.000
1744538900.71,-1,2.422,-0.456,-1.684,3,0.000,0.000,-0.157,10,2.824,-1.684,0.221,0.008,1.38,1.50,-1.927,-0.473,4.000,-35.697,-26.443,41.000
1744538900.72,-1,2.422,-0.456,-1.681,3,0.000,0.000,-0.157,10,2.824,-1.681,0.221,0.010,1.38,1.50,-1.927,-0.473,4.000,-35.697,-26.443,41.000
1744538900.72,-1,2.422,-0.456,-1.681,3,0.000,0.000,-0.157,10,2.824,-1.681,0.221,0.010,1.38,1.50,-1.927,-0.473,4.000,-35.697,-26.443,41.000
1744538900.72,-1,2.422,-0.456,-1.680,3,0.000,0.000,-0.135,10,2.824,-1.680,0.221,0.012,1.34,1.50,-1.927,-0.473,4.000,-35.697,-26.443,41.000
1744538900.72,-1,2.422,-0.456,-1.680,3,0.000,0.000,-0.135,10,2.824,-1.680,0.221,0.012,1.34,1.50,-1.927,-0.473,4.000,-35.697,-26.443,41.000
1744538900.76,-1,2.422,-0.456,-1.680,3,0.000,0.000,-0.130,10,2.824,-1.680,0.222,0.012,1.34,1.50,-1.927,-0.473,4.000,-35.697,-26.443,41.000
1744538900.76,-1,2.422,-0.456,-1.680,3,0.000,0.000,-0.130,10,2.824,-1.680,0.222,0.012,1.34,1.50,-1.927,-0.473,4.000,-35.697,-26.443,41.000
1744538900.76,-1,2.422,-0.456,-1.680,3,0.000,0.000,-0.130,10,2.824,-1.680,0.222,0.012,1.34,1.50,-1.927,-0.473,4.000,-35.697,-26.443,41.000
1744538900.76,-1,2.422,-0.456,-1.680,3,0.000,0.000,-0.104,10,2.825,-1.680,0.222,0.012,1.19,1.50,-1.927,-0.473,4.000,-35.697,-26.443,41.000
1744538900.76,-1,2.422,-0.456,-1.680,3,0.000,0.000,-0.104,10,2.825,-1.680,0.222,0.012,1.19,1.50,-1.927,-0.473,4.000,-35.697,-26.443,41.000
1744538900.78,-1,2.422,-0.456,-1.680,3,0.000,0.000,-0.070,10,2.825,-1.680,0.222,0.012,1.19,1.50,-1.927,-0.473,4.000,-35.697,-26.443,41.000
1744538900.78,-1,2.422,-0.456,-1.680,3,0.000,0.000,-0.070,10,2.825,-1.680,0.222,0.012,1.19,1.50,-1.927,-0.473,4.000,-35.697,-26.443,41.000
1744538900.78,-1,2.422,-0.456,-1.680,3,0.000,0.000,-0.070,10,2.825,-1.680,0.222,0.012,1.19,1.50,-1.927,-0.473,4.000,-35.697,-26.443,41.000
1744538900.78,-1,2.422,-0.456,-1.680,3,0.000,0.000,-0.052,10,2.825,-1.680,0.222,0.012,1.15,1.50,-1.927,-0.473,4.000,-35.697,-26.443,41.000
1744538900.78,-1,2.422,-0.456,-1.680,3,0.000,0.000,-0.052,10,2.825,-1.680,0.222,0.012,1.15,1.50,-1.927,-0.473,4.000,-35.697,-26.443,41.000
1744538900.81,-1,2.422,-0.456,-1.680,3,0.000,0.000,-0.039,10,2.825,-1.680,0.223,0.012,1.15,1.50,-1.927,-0.473,4.000,-35.697,-26.443,41.000
1744538900.81,-1,2.422,-0.456,-1.680,3,0.000,0.000,-0.039,10,2.825,-1.680,0.223,0.012,1.15,1.50,-1.927,-0.473,4.000,-35.697,-26.443,41.000
1744538900.81,-1,2.422,-0.456,-1.680,3,0.000,0.000,-0.039,10,2.825,-1.680,0.223,0.012,1.15,1.50,-1.927,-0.473,4.000,-35.697,-26.443,41.000
1744538900.83,-1,2.422,-0.456,-1.680,3,0.000,0.000,-0.026,10,2.825,-1.680,0.223,0.012,1.21,1.50,-1.927,-0.473,4.000,-35.697,-26.443,41.000
1744538900.83,-1,2.422,-0.456,-1.680,3,0.000,0.000,-0.026,10,2.825,-1.680,0.223,0.012,1.21,1.50,-1.927,-0.473,4.000,-35.697,-26.443,41.000
1744538900.84,-1,2.422,-0.456,-1.680,3,0.000,0.000,-0.026,10,2.825,-1.680,0.223,0.012,1.21,1.50,-1.927,-0.473,4.000,-35.697,-26.443,41.000
1744538900.84,-1,2.422,-0.456,-1.680,3,0.000,0.000,-0.026,10,2.825,-1.680,0.223,0.012,1.21,1.50,-1.927,-0.473,4.000,-35.697,-26.443,41.000
1744538900.84,-1,2.422,-0.456,-1.680,3,0.000,0.000,-0.026,10,2.825,-1.680,0.223,0.012,1.21,1.50,-1.927,-0.473,4.000,-35.697,-26.443,41.000
1744538900.85,-1,2.422,-0.456,-1.680,3,0.000,0.000,-0.022,10,2.826,-1.680,0.223,0.012,1.23,1.50,-1.927,-0.473,4.000,-35.697,-26.443,41.000
1744538900.85,-1,2.422,-0.456,-1.680,3,0.000,0.000,-0.022,10,2.826,-1.680,0.223,0.012,1.23,1.50,-1.927,-0.473,4.000,-35.697,-26.443,41.000
1744538900.85,-1,2.422,-0.456,-1.680,3,0.000,0.000,-0.017,10,2.826,-1.680,0.223,0.012,1.23,1.50,-1.927,-0.473,4.000,-35.697,-26.443,41.000
1744538900.85,-1,2.422,-0.456,-1.680,3,0.000,0.000,-0.017,10,2.826,-1.680,0.223,0.012,1.23,1.50,-1.927,-0.473,4.000,-35.697,-26.443,41.000
1744538900.85,-1,2.422,-0.456,-1.680,3,0.000,0.000,-0.017,10,2.826,-1.680,0.223,0.012,1.23,1.50,-1.927,-0.473,4.000,-35.697,-26.443,41.000
1744538900.89,-1,2.422,-0.456,-1.680,3,0.000,0.000,-0.013,10,2.826,-1.680,0.223,0.012,1.20,1.50,-1.927,-0.473,4.000,-35.697,-26.443,41.000
1744538900.89,-1,2.422,-0.456,-1.680,3,0.000,0.000,-0.013,10,2.826,-1.680,0.223,0.012,1.20,1.50,-1.927,-0.473,4.000,-35.697,-26.443,41.000
1744538900.89,-1,2.422,-0.456,-1.680,3,0.000,0.000,-0.009,10,2.826,-1.680,0.223,0.012,1.20,1.50,-1.927,-0.473,4.000,-35.697,-26.443,41.000
1744538900.89,-1,2.422,-0.456,-1.680,3,0.000,0.000,-0.009,10,2.826,-1.680,0.223,0.012,1.20,1.50,-1.927,-0.473,4.000,-35.697,-26.443,41.000
1744538900.92,-1,2.422,-0.456,-1.680,3,0.000,0.000,-0.009,10,2.826,-1.680,0.223,0.012,1.20,1.50,-1.927,-0.473,4.000,-35.697,-26.443,41.000
1744538900.92,-1,2.422,-0.456,-1.680,3,0.000,0.000,-0.013,10,2.826,-1.680,0.223,0.012,1.36,1.50,-1.927,-0.473,4.000,-35.697,-26.443,41.000
1744538900.92,-1,2.422,-0.456,-1.680,3,0.000,0.000,-0.013,10,2.826,-1.680,0.223,0.012,1.36,1.50,-1.927,-0.473,4.000,-35.697,-26.443,41.000
1744538900.92,-1,2.422,-0.456,-1.680,3,0.000,0.000,-0.009,10,2.826,-1.680,0.223,0.012,1.36,1.50,-1.927,-0.473,4.000,-35.697,-26.443,41.000
1744538900.92,-1,2.422,-0.456,-1.680,3,0.000,0.000,-0.009,10,2.826,-1.680,0.223,0.012,1.36,1.50,-1.927,-0.473,4.000,-35.697,-26.443,41.000
1744538900.94,-1,2.422,-0.456,-1.680,3,0.000,0.000,-0.009,10,2.826,-1.680,0.223,0.012,1.36,1.50,-1.927,-0.473,4.000,-35.697,-26.443,41.000
1744538900.94,-1,2.422,-0.456,-1.680,3,0.000,0.000,-0.009,10,2.826,-1.680,0.223,0.012,1.20,1.50,-1.927,-0.473,4.000,-35.697,-26.443,41.000
1744538900.94,-1,2.422,-0.456,-1.680,3,0.000,0.000,-0.009,10,2.826,-1.680,0.223,0.012,1.20,1.50,-1.927,-0.473,4.000,-35.697,-26.443,41.000
1744538900.95,-1,2.422,-0.456,-1.680,3,0.000,0.000,-0.009,10,2.826,-1.680,0.223,0.012,1.20,1.50,-1.927,-0.473,4.000,-35.697,-26.443,41.000
1744538900.97,-1,2.422,-0.456,-1.680,3,0.000,0.000,-0.009,10,2.826,-1.680,0.223,0.012,1.20,1.50,-1.927,-0.473,4.000,-35.697,-26.443,41.000
1744538900.97,-1,2.422,-0.456,-1.680,3,0.000,0.000,-0.009,10,2.826,-1.680,0.223,0.012,1.20,1.50,-1.927,-0.473,4.000,-35.697,-26.443,41.000
1744538900.97,-1,2.422,-0.456,-1.680,3,0.000,0.000,-0.004,10,2.826,-1.680,0.223,0.012,1.16,1.50,-1.927,-0.473,4.000,-35.697,-26.443,41.000
1744538900.97,-1,2.422,-0.456,-1.680,3,0.000,0.000,-0.004,10,2.826,-1.680,0.223,0.012,1.16,1.50,-1.927,-0.473,4.000,-35.697,-26.443,41.000
1744538900.97,-1,2.422,-0.456,-1.680,3,0.000,0.000,-0.004,10,2.826,-1.680,0.223,0.012,1.16,1.50,-1.927,-0.473,4.000,-35.697,-26.443,41.000
1744538900.99,-1,2.422,-0.456,-1.680,3,0.000,0.000,-0.004,10,2.826,-1.680,0.223,0.012,1.16,1.50,-1.927,-0.473,4.000,-35.697,-26.443,41.000
1744538900.99,-1,2.422,-0.456,-1.680,3,0.000,0.000,-0.004,10,2.826,-1.680,0.223,0.012,1.16,1.50,-1.927,-0.473,4.000,-35.697,-26.443,41.000
1744538900.99,-1,2.422,-0.456,-1.680,3,0.000,0.000,-0.004,10,2.826,-1.680,0.223,0.012,1.22,1.50,-1.927,-0.473,4.000,-35.697,-26.443,41.000
1744538900.99,-1,2.422,-0.456,-1.680,3,0.000,0.000,-0.004,10,2.826,-1.680,0.223,0.012,1.22,1.50,-1.927,-0.473,4.000,-35.697,-26.443,41.000
1744538901.01,-1,2.422,-0.456,-1.680,3,0.000,0.000,-0.004,10,2.826,-1.680,0.224,0.012,1.22,1.50,-1.927,-0.473,4.000,-35.697,-26.443,41.000
1744538901.02,-1,2.422,-0.456,-1.680,3,0.000,0.000,-0.004,10,2.826,-1.680,0.224,0.012,1.22,1.50,-1.927,-0.473,4.000,-35.697,-26.443,41.000
1744538901.02,-1,2.422,-0.456,-1.680,3,0.000,0.000,-0.004,10,2.826,-1.680,0.224,0.012,1.22,1.50,-1.927,-0.473,4.000,-35.697,-26.443,41.000
1744538901.02,-1,2.422,-0.456,-1.680,3,0.000,0.000,-0.004,10,2.826,-1.680,0.224,0.012,1.28,1.50,-1.927,-0.473,4.000,-35.697,-26.443,41.000
1744538901.02,-1,2.422,-0.456,-1.680,3,0.000,0.000,-0.004,10,2.826,-1.680,0.224,0.012,1.28,1.50,-1.927,-0.473,4.000,-35.697,-26.443,41.000
1744538901.05,-1,2.422,-0.456,-1.680,3,0.000,0.000,-0.004,10,2.826,-1.680,0.224,0.012,1.28,1.50,-1.927,-0.473,4.000,-35.697,-26.443,41.000
1744538901.05,-1,2.422,-0.456,-1.680,3,0.000,0.000,-0.004,10,2.826,-1.680,0.224,0.012,1.28,1.50,-1.927,-0.473,4.000,-35.697,-26.443,41.000
1744538901.05,-1,2.422,-0.456,-1.680,3,0.000,0.000,-0.004,10,2.826,-1.680,0.224,0.012,1.28,1.50,-1.927,-0.473,4.000,-35.697,-26.443,41.000
1744538901.05,-1,2.422,-0.456,-1.680,3,0.000,0.000,-0.004,10,2.826,-1.680,0.224,0.012,1.50,1.50,-1.927,-0.473,4.000,-35.697,-26.443,41.000
1744538901.05,-1,2.422,-0.456,-1.680,3,0.000,0.000,-0.004,10,2.826,-1.680,0.224,0.012,1.50,1.50,-1.927,-0.473,4.000,-35.697,-26.443,41.000
1744538901.08,-1,2.422,-0.456,-1.680,3,0.000,0.000,-0.004,10,2.826,-1.680,0.224,0.012,1.50,1.50,-1.927,-0.473,4.000,-35.697,-26.443,41.000
1744538901.08,-1,2.422,-0.456,-1.680,3,0.000,0.000,-0.004,10,2.826,-1.680,0.224,0.012,1.50,1.50,-1.927,-0.473,4.000,-35.697,-26.443,41.000
1744538901.08,-1,2.422,-0.456,-1.680,3,0.000,0.000,-0.004,10,2.826,-1.680,0.224,0.012,1.50,1.50,-1.927,-0.473,4.000,-35.697,-26.443,41.000
1744538901.08,-1,2.422,-0.456,-1.680,3,0.000,0.000,-0.009,10,2.826,-1.680,0.224,0.012,1.41,1.50,-1.927,-0.473,4.000,-35.697,-26.443,41.000
1744538901.08,-1,2.422,-0.456,-1.680,3,0.000,0.000,-0.009,10,2.826,-1.680,0.224,0.012,1.41,1.50,-1.927,-0.473,4.000,-35.697,-26.443,41.000
# remark: robobot/cmd/ti/alive 2025-04-13 12:07:52.918866
1744538901.11,-1,2.422,-0.456,-1.680,3,0.000,0.000,-0.013,10,2.826,-1.680,0.224,0.012,1.41,1.50,-1.927,-0.473,4.000,-35.697,-26.443,41.000
1744538901.11,-1,2.422,-0.456,-1.680,3,0.000,0.000,-0.013,10,2.826,-1.680,0.224,0.012,1.41,1.50,-1.927,-0.473,4.000,-35.697,-26.443,41.000
1744538901.11,-1,2.422,-0.456,-1.680,3,0.000,0.000,-0.013,10,2.826,-1.680,0.224,0.012,1.41,1.50,-1.927,-0.473,4.000,-35.697,-26.443,41.000
1744538901.14,-1,2.422,-0.456,-1.680,3,0.000,0.000,-0.013,10,2.826,-1.680,0.224,0.012,0.42,1.50,-1.927,-0.473,4.000,-35.697,-26.443,41.000
1744538901.14,-1,2.422,-0.456,-1.680,3,0.000,0.000,-0.013,10,2.826,-1.680,0.224,0.012,0.42,1.50,-1.927,-0.473,4.000,-35.697,-26.443,41.000
1744538901.14,-1,2.422,-0.456,-1.681,3,0.000,0.000,-0.004,10,2.826,-1.681,0.224,0.010,0.42,1.50,-1.927,-0.473,4.000,-35.697,-26.443,41.000
1744538901.14,-1,2.422,-0.456,-1.680,3,0.000,0.000,-0.004,10,2.826,-1.680,0.224,0.012,0.42,1.50,-1.927,-0.473,4.000,-35.697,-26.443,41.000
1744538901.14,-1,2.422,-0.456,-1.680,3,0.000,0.000,-0.004,10,2.826,-1.680,0.224,0.012,0.42,1.50,-1.927,-0.473,4.000,-35.697,-26.443,41.000
1744538901.15,-1,2.422,-0.456,-1.680,3,0.000,0.000,-0.004,10,2.826,-1.680,0.224,0.012,0.20,1.50,-1.927,-0.473,4.000,-35.697,-26.443,41.000
1744538901.15,-1,2.422,-0.456,-1.680,3,0.000,0.000,-0.004,10,2.826,-1.680,0.224,0.012,0.20,1.50,-1.927,-0.473,4.000,-35.697,-26.443,41.000
1744538901.15,-1,2.422,-0.456,-1.680,3,0.000,0.000,-0.004,10,2.826,-1.680,0.224,0.012,0.20,1.50,-1.927,-0.473,4.000,-35.697,-26.443,41.000
1744538901.15,-1,2.422,-0.456,-1.680,3,0.000,0.000,-0.004,10,2.826,-1.680,0.224,0.012,0.20,1.50,-1.927,-0.473,4.000,-35.697,-26.443,41.000
1744538901.18,-1,2.422,-0.456,-1.680,3,0.000,0.000,-0.004,10,2.826,-1.680,0.224,0.012,0.20,1.50,-1.927,-0.473,4.000,-35.697,-26.443,41.000
1744538901.19,-1,2.422,-0.456,-1.680,3,0.000,0.000,0.000,10,2.826,-1.680,0.224,0.012,1.50,1.50,-1.927,-0.473,4.000,-35.697,-26.443,41.000
1744538901.19,-1,2.422,-0.456,-1.680,3,0.000,0.000,0.000,10,2.826,-1.680,0.224,0.012,1.50,1.50,-1.927,-0.473,4.000,-35.697,-26.443,41.000
1744538901.19,-1,2.422,-0.456,-1.680,3,0.000,0.000,0.000,10,2.826,-1.680,0.224,0.012,1.50,1.50,-1.927,-0.473,4.000,-35.697,-26.443,41.000
1744538901.21,-1,2.422,-0.456,-1.680,3,0.000,0.000,0.000,10,2.826,-1.680,0.224,0.012,1.50,1.50,-1.927,-0.473,4.000,-35.697,-26.443,41.000
1744538901.21,-1,2.422,-0.456,-1.680,3,0.000,0.000,0.000,10,2.826,-1.680,0.224,0.012,1.50,1.50,-1.927,-0.473,4.000,-35.697,-26.443,41.000
1744538901.21,-1,2.422,-0.456,-1.680,3,0.000,0.000,0.000,10,2.826,-1.680,0.224,0.012,1.50,1.50,-1.927,-0.473,4.000,-35.697,-26.443,41.000
1744538901.21,-1,2.422,-0.456,-1.680,3,0.000,0.000,0.000,10,2.826,-1.680,0.224,0.012,1.50,1.50,-1.927,-0.473,4.000,-35.697,-26.443,41.000
# remark: robobot/cmd/ti/rc 0.0 0.0
# remark: robobot/cmd/T0/leds 16 0 0 0
1744538901.23,-1,2.422,-0.456,-1.680,3,0.000,0.000,0.004,10,2.826,-1.680,0.224,0.012,1.50,1.50,-1.927,-0.473,4.000,-35.697,-26.443,41.000
1744538901.24,-1,2.422,-0.456,-1.680,3,0.000,0.000,0.004,10,2.826,-1.680,0.224,0.012,1.50,1.50,-1.927,-0.473,4.000,-35.697,-26.443,41.000
1744538901.24,-1,2.422,-0.456,-1.680,3,0.000,0.000,0.004,10,2.826,-1.680,0.224,0.012,1.50,1.50,-1.927,-0.473,4.000,-35.697,-26.443,41.000
1744538901.24,-1,2.422,-0.456,-1.680,3,0.000,0.000,0.004,10,2.826,-1.680,0.224,0.012,1.50,1.50,-1.927,-0.473,4.000,-35.697,-26.443,41.000
1744538901.24,-1,2.422,-0.456,-1.680,3,0.000,0.000,0.004,10,2.826,-1.680,0.224,0.012,1.50,1.50,-1.927,-0.473,4.000,-35.697,-26.443,41.000
1744538901.26,-1,2.422,-0.456,-1.680,3,0.000,0.000,0.004,10,2.826,-1.680,0.224,0.012,1.50,1.50,-1.927,-0.473,4.000,-35.697,-26.443,41.000
1744538901.26,-1,2.422,-0.456,-1.680,3,0.000,0.000,0.004,10,2.826,-1.680,0.224,0.012,1.50,1.50,-1.927,-0.473,4.000,-35.697,-26.443,41.000
1744538901.26,-1,2.422,-0.456,-1.680,3,0.000,0.000,0.004,10,2.826,-1.680,0.224,0.012,1.50,1.50,-1.927,-0.473,4.000,-35.697,-26.443,41.000
1744538901.29,-1,2.422,-0.456,-1.680,3,0.000,0.000,0.004,10,2.826,-1.680,0.224,0.012,1.50,1.50,-1.927,-0.473,4.000,-35.697,-26.443,41.000
1744538901.29,-1,2.422,-0.456,-1.680,3,0.000,0.000,0.004,10,2.826,-1.680,0.224,0.012,1.50,1.50,-1.927,-0.473,4.000,-35.697,-26.443,41.000
1744538901.29,-1,2.422,-0.456,-1.680,3,0.000,0.000,0.004,10,2.826,-1.680,0.224,0.012,1.50,1.50,-1.927,-0.473,4.000,-35.697,-26.443,41.000
1744538901.29,-1,2.422,-0.456,-1.680,3,0.000,0.000,0.004,10,2.826,-1.680,0.224,0.012,1.50,1.50,-1.927,-0.473,4.000,-35.697,-26.443,41.000
1744538901.29,-1,2.422,-0.456,-1.680,3,0.000,0.000,0.004,10,2.826,-1.680,0.224,0.012,1.50,1.50,-1.927,-0.473,4.000,-35.697,-26.443,41.000
1744538901.32,-1,2.422,-0.456,-1.680,3,0.000,0.000,0.004,10,2.826,-1.680,0.224,0.012,1.36,1.50,-1.927,-0.473,4.000,-35.697,-26.443,41.000
1744538901.32,-1,2.422,-0.456,-1.680,3,0.000,0.000,0.004,10,2.826,-1.680,0.224,0.012,1.36,1.50,-1.927,-0.473,4.000,-35.697,-26.443,41.000
1744538901.32,-1,2.422,-0.456,-1.680,3,0.000,0.000,0.004,10,2.826,-1.680,0.224,0.012,1.36,1.50,-1.927,-0.473,4.000,-35.697,-26.443,41.000
1744538901.32,-1,2.422,-0.456,-1.680,3,0.000,0.000,0.004,10,2.826,-1.680,0.224,0.012,1.36,1.50,-1.927,-0.473,4.000,-35.697,-26.443,41.000
1744538901.32,-1,2.422,-0.456,-1.680,3,0.000,0.000,0.004,10,2.826,-1.680,0.224,0.012,1.36,1.50,-1.927,-0.473,4.000,-35.697,-26.443,41.000
1744538901.34,-1,2.422,-0.456,-1.680,3,0.000,0.000,0.004,10,2.826,-1.680,0.224,0.012,1.43,1.50,-1.927,-0.473,4.000,-35.697,-26.443,41.000
1744538901.34,-1,2.422,-0.456,-1.680,3,0.000,0.000,0.004,10,2.826,-1.680,0.224,0.012,1.43,1.50,-1.927,-0.473,4.000,-35.697,-26.443,41.000
1744538901.34,-1,2.422,-0.456,-1.680,3,0.000,0.000,0.004,10,2.826,-1.680,0.224,0.012,1.43,1.50,-1.927,-0.473,4.000,-35.697,-26.443,41.000
1744538901.34,-1,2.422,-0.456,-1.680,3,0.000,0.000,0.004,10,2.826,-1.680,0.224,0.012,1.43,1.50,-1.927,-0.473,4.000,-35.697,-26.443,41.000
1744538901.34,-1,2.422,-0.456,-1.680,3,0.000,0.000,0.004,10,2.826,-1.680,0.224,0.012,1.43,1.50,-1.927,-0.473,4.000,-35.697,-26.443,41.000
1744538901.37,-1,2.422,-0.456,-1.680,3,0.000,0.000,0.004,10,2.826,-1.680,0.224,0.012,1.22,1.50,-1.927,-0.473,4.000,-35.697,-26.443,41.000
1744538901.37,-1,2.422,-0.456,-1.680,3,0.000,0.000,0.004,10,2.826,-1.680,0.224,0.012,1.22,1.50,-1.927,-0.473,4.000,-35.697,-26.443,41.000
1744538901.37,-1,2.422,-0.456,-1.680,3,0.000,0.000,0.004,10,2.826,-1.680,0.224,0.012,1.22,1.50,-1.927,-0.473,4.000,-35.697,-26.443,41.000
1744538901.37,-1,2.422,-0.456,-1.680,3,0.000,0.000,0.004,10,2.826,-1.680,0.224,0.012,1.22,1.50,-1.927,-0.473,4.000,-35.697,-26.443,41.000
1744538901.39,-1,2.422,-0.456,-1.680,3,0.000,0.000,0.004,10,2.826,-1.680,0.224,0.012,1.22,1.50,-1.927,-0.473,4.000,-35.697,-26.443,41.000
1744538901.39,-1,2.422,-0.456,-1.680,3,0.000,0.000,0.004,10,2.826,-1.680,0.224,0.012,1.22,1.50,-1.927,-0.473,4.000,-35.697,-26.443,41.000
1744538901.39,-1,2.422,-0.456,-1.680,3,0.000,0.000,0.004,10,2.826,-1.680,0.224,0.012,1.22,1.50,-1.927,-0.473,4.000,-35.697,-26.443,41.000
1744538901.39,-1,2.422,-0.456,-1.680,3,0.000,0.000,0.004,10,2.826,-1.680,0.224,0.012,1.22,1.50,-1.927,-0.473,4.000,-35.697,-26.443,41.000
1744538901.42,-1,2.422,-0.456,-1.680,3,0.000,0.000,0.004,10,2.826,-1.680,0.224,0.012,1.22,1.50,-1.927,-0.473,4.000,-35.697,-26.443,41.000
1744538901.42,-1,2.422,-0.456,-1.680,3,0.000,0.000,0.004,10,2.826,-1.680,0.224,0.012,1.22,1.50,-1.927,-0.473,4.000,-35.697,-26.443,41.000
1744538901.42,-1,2.422,-0.456,-1.680,3,0.000,0.000,0.004,10,2.826,-1.680,0.224,0.012,1.50,1.50,-1.927,-0.473,4.000,-35.697,-26.443,41.000
1744538901.42,-1,2.422,-0.456,-1.680,3,0.000,0.000,0.004,10,2.826,-1.680,0.224,0.012,1.50,1.50,-1.927,-0.473,4.000,-35.697,-26.443,41.000
1744538901.42,-1,2.422,-0.456,-1.680,3,0.000,0.000,0.004,10,2.826,-1.680,0.224,0.012,1.50,1.50,-1.927,-0.473,4.000,-35.697,-26.443,41.000
1744538901.43,-1,2.422,-0.456,-1.680,3,0.000,0.000,0.004,10,2.826,-1.680,0.224,0.012,1.50,1.50,-1.927,-0.473,4.000,-35.697,-26.443,41.000
1744538901.43,-1,2.422,-0.456,-1.680,3,0.000,0.000,0.004,10,2.826,-1.680,0.224,0.012,1.50,1.50,-1.927,-0.473,4.000,-35.697,-26.443,41.000
1744538901.43,-1,2.422,-0.456,-1.680,3,0.000,0.000,0.004,10,2.826,-1.680,0.224,0.012,1.39,1.50,-1.927,-0.473,4.000,-35.697,-26.443,41.000
1744538901.43,-1,2.422,-0.456,-1.680,3,0.000,0.000,0.004,10,2.826,-1.680,0.224,0.012,1.39,1.50,-1.927,-0.473,4.000,-35.697,-26.443,41.000
1744538901.47,-1,2.422,-0.456,-1.680,3,0.000,0.000,0.004,10,2.826,-1.680,0.224,0.012,1.39,1.50,-1.927,-0.473,4.000,-35.697,-26.443,41.000
1744538901.47,-1,2.422,-0.456,-1.680,3,0.000,0.000,0.004,10,2.826,-1.680,0.224,0.012,1.39,1.50,-1.927,-0.473,4.000,-35.697,-26.443,41.000
1744538901.47,-1,2.422,-0.456,-1.680,3,0.000,0.000,0.004,10,2.826,-1.680,0.224,0.012,1.39,1.50,-1.927,-0.473,4.000,-35.697,-26.443,41.000
1744538901.48,-1,2.422,-0.456,-1.680,3,0.000,0.000,0.004,10,2.826,-1.680,0.224,0.012,1.32,1.50,-1.927,-0.473,4.000,-35.697,-26.443,41.000
1744538901.48,-1,2.422,-0.456,-1.680,3,0.000,0.000,0.004,10,2.826,-1.680,0.224,0.012,1.32,1.50,-1.927,-0.473,4.000,-35.697,-26.443,41.000
1744538901.50,-1,2.422,-0.456,-1.680,3,0.000,0.000,0.004,10,2.826,-1.680,0.224,0.012,1.32,1.50,-1.927,-0.473,4.000,-35.697,-26.443,41.000
1744538901.50,-1,2.422,-0.456,-1.680,3,0.000,0.000,0.004,10,2.826,-1.680,0.224,0.012,1.32,1.50,-1.927,-0.473,4.000,-35.697,-26.443,41.000
1744538901.50,-1,2.422,-0.456,-1.680,3,0.000,0.000,0.004,10,2.826,-1.680,0.224,0.012,1.32,1.50,-1.927,-0.473,4.000,-35.697,-26.443,41.000
1744538901.51,-1,2.422,-0.456,-1.680,3,0.000,0.000,0.004,10,2.826,-1.680,0.224,0.012,1.45,1.50,-1.927,-0.473,4.000,-35.697,-26.443,41.000
1744538901.51,-1,2.422,-0.456,-1.680,3,0.000,0.000,0.004,10,2.826,-1.680,0.224,0.012,1.45,1.50,-1.927,-0.473,4.000,-35.697,-26.443,41.000
1744538901.51,-1,2.422,-0.456,-1.680,3,0.000,0.000,0.004,10,2.826,-1.680,0.224,0.012,1.45,1.50,-1.927,-0.473,4.000,-35.697,-26.443,41.000
1744538901.51,-1,2.422,-0.456,-1.680,3,0.000,0.000,0.004,10,2.826,-1.680,0.224,0.012,1.45,1.50,-1.927,-0.473,4.000,-35.697,-26.443,41.000
1744538901.51,-1,2.422,-0.456,-1.680,3,0.000,0.000,0.004,10,2.826,-1.680,0.224,0.012,1.45,1.50,-1.927,-0.473,4.000,-35.697,-26.443,41.000
1744538901.55,-1,2.422,-0.456,-1.680,4,0.000,0.000,0.004,10,2.826,-1.680,0.224,0.012,1.50,1.50,-1.927,-0.473,4.000,-35.697,-26.443,41.000
1744538901.55,-1,2.422,-0.456,-1.680,4,0.000,0.000,0.004,10,2.826,-1.680,0.224,0.012,1.50,1.50,-1.927,-0.473,4.000,-35.697,-26.443,41.000
1744538901.55,-1,2.422,-0.456,-1.680,4,0.000,0.000,0.004,10,2.826,-1.680,0.224,0.012,1.50,1.50,-1.927,-0.473,4.000,-35.697,-26.443,41.000
1744538901.55,-1,2.422,-0.456,-1.680,4,0.000,0.000,0.004,10,2.826,-1.680,0.224,0.012,1.50,1.50,-1.927,-0.473,4.000,-35.697,-26.443,41.000
1744538901.56,-1,2.422,-0.456,-1.680,4,0.000,0.000,0.004,10,2.826,-1.680,0.224,0.012,1.50,1.50,-1.927,-0.473,4.000,-35.697,-26.443,41.000
1744538901.56,-1,2.422,-0.456,-1.680,4,0.000,0.000,0.004,10,2.826,-1.680,0.224,0.012,1.36,1.50,-1.927,-0.473,4.000,-35.697,-26.443,41.000
1744538901.56,-1,2.422,-0.456,-1.680,4,0.000,0.000,0.004,10,2.826,-1.680,0.224,0.012,1.36,1.50,-1.927,-0.473,4.000,-35.697,-26.443,41.000
1744538901.56,-1,2.422,-0.456,-1.680,4,0.000,0.000,0.004,10,2.826,-1.680,0.224,0.012,1.36,1.50,-1.927,-0.473,4.000,-35.697,-26.443,41.000
1744538901.60,-1,2.422,-0.456,-1.680,4,0.000,0.000,0.004,10,2.826,-1.680,0.224,0.012,1.36,1.50,-1.927,-0.473,4.000,-35.697,-26.443,41.000
1744538901.60,-1,2.422,-0.456,-1.680,4,0.000,0.000,0.004,10,2.826,-1.680,0.224,0.012,1.36,1.50,-1.927,-0.473,4.000,-35.697,-26.443,41.000
1744538901.60,-1,2.422,-0.456,-1.680,4,0.000,0.000,0.004,10,2.826,-1.680,0.224,0.012,1.43,1.50,-1.927,-0.473,4.000,-35.697,-26.443,41.000
1744538901.60,-1,2.422,-0.456,-1.680,4,0.000,0.000,0.004,10,2.826,-1.680,0.224,0.012,1.43,1.50,-1.927,-0.473,4.000,-35.697,-26.443,41.000
1744538901.60,-1,2.422,-0.456,-1.680,4,0.000,0.000,0.004,10,2.826,-1.680,0.224,0.012,1.43,1.50,-1.927,-0.473,4.000,-35.697,-26.443,41.000
1744538901.63,-1,2.422,-0.456,-1.680,4,0.000,0.000,0.004,10,2.826,-1.680,0.224,0.012,1.43,1.50,-1.927,-0.473,4.000,-35.697,-26.443,41.000
1744538901.63,-1,2.422,-0.456,-1.680,4,0.000,0.000,0.004,10,2.826,-1.680,0.224,0.012,1.43,1.50,-1.927,-0.473,4.000,-35.697,-26.443,41.000
1744538901.63,-1,2.422,-0.456,-1.680,4,0.000,0.000,0.004,10,2.826,-1.680,0.224,0.012,1.46,1.50,-1.927,-0.473,4.000,-35.697,-26.443,41.000
1744538901.63,-1,2.422,-0.456,-1.680,4,0.000,0.000,0.004,10,2.826,-1.680,0.224,0.012,1.46,1.50,-1.927,-0.473,4.000,-35.697,-26.443,41.000
# remark: % State change from 705 to 710
1744538901.65,-1,2.422,-0.456,-1.680,4,0.000,0.000,0.004,10,2.826,-1.680,0.224,0.012,1.46,1.50,-1.927,-0.473,4.000,-35.697,-26.443,41.000
1744538901.65,-1,2.422,-0.456,-1.680,4,0.000,0.000,0.004,10,2.826,-1.680,0.224,0.012,1.46,1.50,-1.927,-0.473,4.000,-35.697,-26.443,41.000
1744538901.65,-1,2.422,-0.456,-1.680,4,0.000,0.000,0.004,10,2.826,-1.680,0.224,0.012,1.46,1.50,-1.927,-0.473,4.000,-35.697,-26.443,41.000
1744538901.66,-1,2.422,-0.456,-1.680,4,0.000,0.000,0.004,10,2.826,-1.680,0.224,0.012,1.42,1.50,-1.927,-0.473,4.000,-35.697,-26.443,41.000
1744538901.66,-1,2.422,-0.456,-1.680,4,0.000,0.000,0.004,10,2.826,-1.680,0.224,0.012,1.42,1.50,-1.927,-0.473,4.000,-35.697,-26.443,41.000
1744538901.67,-1,2.422,-0.456,-1.680,4,0.000,0.000,0.000,10,2.826,-1.680,0.224,0.012,1.42,1.50,-1.927,-0.473,4.000,-35.697,-26.443,41.000
1744538901.67,-1,2.422,-0.456,-1.680,4,0.000,0.000,0.000,10,2.826,-1.680,0.224,0.012,1.42,1.50,-1.927,-0.473,4.000,-35.697,-26.443,41.000
1744538901.67,-1,2.422,-0.456,-1.680,4,0.000,0.000,0.000,10,2.826,-1.680,0.224,0.012,1.42,1.50,-1.927,-0.473,4.000,-35.697,-26.443,41.000
1744538901.71,-1,2.422,-0.456,-1.680,4,0.000,0.000,0.000,10,2.826,-1.680,0.224,0.012,1.29,1.50,-1.927,-0.473,4.000,-35.697,-26.443,41.000
1744538901.71,-1,2.422,-0.456,-1.680,4,0.000,0.000,0.000,10,2.826,-1.680,0.224,0.012,1.29,1.50,-1.927,-0.473,4.000,-35.697,-26.443,41.000
1744538901.71,-1,2.422,-0.456,-1.680,4,0.000,0.000,0.000,10,2.826,-1.680,0.224,0.012,1.29,1.50,-1.927,-0.473,4.000,-35.697,-26.443,41.000
1744538901.71,-1,2.422,-0.456,-1.680,4,0.000,0.000,0.000,10,2.826,-1.680,0.224,0.012,1.29,1.50,-1.927,-0.473,4.000,-35.697,-26.443,41.000
1744538901.71,-1,2.422,-0.456,-1.680,4,0.000,0.000,0.000,10,2.826,-1.680,0.224,0.012,1.29,1.50,-1.927,-0.473,4.000,-35.697,-26.443,41.000
# remark: robobot/cmd/ti/alive 2025-04-13 12:07:52.918866
1744538901.72,-1,2.422,-0.456,-1.680,4,0.000,0.000,0.000,10,2.826,-1.680,0.224,0.012,1.50,1.50,-1.927,-0.473,4.000,-35.697,-26.443,41.000
1744538901.72,-1,2.422,-0.456,-1.680,4,0.000,0.000,0.000,10,2.826,-1.680,0.224,0.012,1.50,1.50,-1.927,-0.473,4.000,-35.697,-26.443,41.000
1744538901.72,-1,2.422,-0.456,-1.680,4,0.000,0.000,0.000,10,2.826,-1.680,0.224,0.012,1.50,1.50,-1.927,-0.473,4.000,-35.697,-26.443,41.000
1744538901.72,-1,2.422,-0.456,-1.680,4,0.000,0.000,0.000,10,2.826,-1.680,0.224,0.012,1.50,1.50,-1.927,-0.473,4.000,-35.697,-26.443,41.000
1744538901.74,-1,2.422,-0.456,-1.680,4,0.000,0.000,0.000,10,2.826,-1.680,0.224,0.012,1.50,1.50,-1.927,-0.473,4.000,-35.697,-26.443,41.000
# remark: robobot/cmd/T0/leds 16 0 100 0
# remark: robobot/cmd/ti/rc 0.0 0.40
1744538901.75,-1,2.422,-0.456,-1.680,4,0.000,0.000,0.000,10,2.826,-1.680,0.000,0.000,1.50,1.50,-1.927,-0.473,4.000,-35.697,-26.443,41.000
1744538901.75,-1,2.422,-0.456,-1.680,4,0.000,0.000,0.000,10,2.826,-1.680,0.000,0.000,1.50,1.50,-1.927,-0.473,4.000,-35.697,-26.443,41.000
1744538901.75,-1,2.422,-0.456,-1.680,4,0.000,0.000,0.000,10,2.826,-1.680,0.000,0.000,1.50,1.50,-1.927,-0.473,4.000,-35.697,-26.443,41.000
1744538901.78,-1,2.422,-0.456,-1.680,4,0.000,0.000,0.000,10,2.826,-1.680,0.000,0.000,1.50,1.50,-1.927,-0.473,4.000,-35.697,-26.443,41.000
1744538901.78,-1,2.422,-0.456,-1.680,4,0.000,0.000,0.000,10,2.826,-1.680,0.000,0.000,1.50,1.50,-1.927,-0.473,4.000,-35.697,-26.443,41.000
1744538901.78,-1,2.422,-0.456,-1.680,4,0.000,0.000,0.000,10,2.826,-1.680,0.000,0.000,1.37,1.50,-1.927,-0.473,4.000,-35.697,-26.443,41.000
1744538901.78,-1,2.422,-0.456,-1.680,4,0.000,0.000,0.000,10,2.826,-1.680,0.000,0.000,1.37,1.50,-1.927,-0.473,4.000,-35.697,-26.443,41.000
1744538901.81,-1,2.422,-0.456,-1.680,4,0.000,0.000,0.000,10,2.826,-1.680,0.000,0.000,1.37,1.50,-1.927,-0.473,4.000,-35.697,-26.443,41.000
1744538901.81,-1,2.422,-0.455,-1.679,4,0.000,0.000,0.000,10,2.826,-1.679,0.000,0.001,1.37,1.50,-1.927,-0.473,4.000,-35.697,-26.443,41.000
1744538901.81,-1,2.422,-0.455,-1.679,4,0.000,0.000,0.000,10,2.826,-1.679,0.000,0.001,1.37,1.50,-1.927,-0.473,4.000,-35.697,-26.443,41.000
1744538901.81,-1,2.422,-0.455,-1.678,4,0.000,0.000,0.000,10,2.826,-1.678,0.000,0.002,1.40,1.50,-1.927,-0.473,4.000,-35.697,-26.443,41.000
1744538901.81,-1,2.422,-0.455,-1.678,4,0.000,0.000,0.000,10,2.826,-1.678,0.000,0.002,1.40,1.50,-1.927,-0.473,4.000,-35.697,-26.443,41.000
1744538901.83,-1,2.422,-0.455,-1.676,4,0.000,0.000,0.000,10,2.826,-1.676,0.000,0.005,1.40,1.50,-1.927,-0.473,4.000,-35.697,-26.443,41.000
1744538901.83,-1,2.422,-0.455,-1.673,4,0.000,0.000,0.000,10,2.826,-1.673,0.000,0.007,1.40,1.50,-1.927,-0.473,4.000,-35.697,-26.443,41.000
1744538901.83,-1,2.422,-0.455,-1.673,4,0.000,0.000,0.000,10,2.826,-1.673,0.000,0.007,1.40,1.50,-1.927,-0.473,4.000,-35.697,-26.443,41.000
1744538901.86,-1,2.422,-0.455,-1.672,4,0.000,0.000,-0.135,10,2.826,-1.672,-0.000,0.008,1.30,1.50,-1.927,-0.473,4.000,-35.697,-26.443,41.000
1744538901.86,-1,2.422,-0.454,-1.671,4,0.000,0.000,-0.135,10,2.826,-1.671,-0.000,0.009,1.30,1.50,-1.927,-0.473,4.000,-35.697,-26.443,41.000
1744538901.86,-1,2.422,-0.454,-1.671,4,0.000,0.000,-0.178,10,2.826,-1.671,-0.001,0.009,1.30,1.50,-1.927,-0.473,4.000,-35.697,-26.443,41.000
1744538901.86,-1,2.422,-0.454,-1.669,4,0.000,0.000,-0.178,10,2.826,-1.669,-0.001,0.012,1.30,1.50,-1.927,-0.473,4.000,-35.697,-26.443,41.000
1744538901.86,-1,2.422,-0.454,-1.669,4,0.000,0.000,-0.178,10,2.826,-1.669,-0.001,0.012,1.30,1.50,-1.927,-0.473,4.000,-35.697,-26.443,41.000
1744538901.88,-1,2.422,-0.454,-1.667,4,0.000,0.000,-0.165,10,2.825,-1.667,-0.001,0.014,1.44,1.50,-1.927,-0.473,4.000,-35.697,-26.443,41.000
1744538901.88,-1,2.422,-0.454,-1.665,4,0.000,0.000,-0.165,10,2.825,-1.665,-0.001,0.015,1.44,1.50,-1.927,-0.473,4.000,-35.697,-26.443,41.000
1744538901.88,-1,2.422,-0.454,-1.665,4,0.000,0.000,-0.157,10,2.825,-1.665,-0.001,0.015,1.44,1.50,-1.927,-0.473,4.000,-35.697,-26.443,41.000
1744538901.88,-1,2.422,-0.454,-1.665,4,0.000,0.000,-0.157,10,2.825,-1.665,-0.001,0.015,1.44,1.50,-1.927,-0.473,4.000,-35.697,-26.443,41.000
1744538901.89,-1,2.422,-0.454,-1.665,4,0.000,0.000,-0.157,10,2.825,-1.665,-0.001,0.015,1.44,1.50,-1.927,-0.473,4.000,-35.697,-26.443,41.000
1744538901.91,-1,2.422,-0.454,-1.664,4,0.000,0.000,-0.148,10,2.825,-1.664,-0.001,0.016,1.50,1.50,-1.927,-0.473,4.000,-35.697,-26.443,41.000
1744538901.91,-1,2.422,-0.454,-1.664,4,0.000,0.000,-0.148,10,2.825,-1.664,-0.001,0.016,1.50,1.50,-1.927,-0.473,4.000,-35.697,-26.443,41.000
1744538901.91,-1,2.422,-0.454,-1.663,4,0.000,0.000,-0.117,10,2.825,-1.663,-0.002,0.017,1.50,1.50,-1.927,-0.473,4.000,-35.697,-26.443,41.000
1744538901.91,-1,2.422,-0.454,-1.663,4,0.000,0.000,-0.117,10,2.825,-1.663,-0.002,0.017,1.50,1.50,-1.927,-0.473,4.000,-35.697,-26.443,41.000
1744538901.92,-1,2.422,-0.454,-1.663,4,0.000,0.000,-0.117,10,2.825,-1.663,-0.002,0.017,1.50,1.50,-1.927,-0.473,4.000,-35.697,-26.443,41.000
1744538901.92,-1,2.422,-0.454,-1.661,4,0.000,0.000,-0.087,10,2.825,-1.661,-0.002,0.020,1.50,1.50,-1.927,-0.473,4.000,-35.697,-26.443,41.000
1744538901.92,-1,2.422,-0.454,-1.660,4,0.000,0.000,-0.087,10,2.825,-1.660,-0.002,0.021,1.50,1.50,-1.927,-0.473,4.000,-35.697,-26.443,41.000
1744538901.92,-1,2.422,-0.454,-1.660,4,0.000,0.000,-0.087,10,2.824,-1.660,-0.002,0.021,1.50,1.50,-1.927,-0.473,4.000,-35.697,-26.443,41.000
1744538901.96,-1,2.422,-0.454,-1.656,4,0.000,0.000,-0.087,10,2.824,-1.656,-0.002,0.024,1.50,1.50,-1.927,-0.473,4.000,-35.697,-26.443,41.000
1744538901.96,-1,2.422,-0.454,-1.656,4,0.000,0.000,-0.087,10,2.824,-1.656,-0.002,0.024,1.50,1.50,-1.927,-0.473,4.000,-35.697,-26.443,41.000
1744538901.96,-1,2.422,-0.454,-1.651,4,0.000,0.000,-0.130,10,2.824,-1.651,-0.002,0.029,1.44,1.50,-1.927,-0.473,4.000,-35.697,-26.443,41.000
1744538901.96,-1,2.422,-0.454,-1.650,4,0.000,0.000,-0.130,10,2.824,-1.650,-0.002,0.030,1.44,1.50,-1.927,-0.473,4.000,-35.697,-26.443,41.000
1744538901.98,-1,2.422,-0.454,-1.648,4,0.000,0.000,-0.265,10,2.824,-1.648,-0.002,0.032,1.44,1.50,-1.927,-0.473,4.000,-35.697,-26.443,41.000
1744538901.98,-1,2.422,-0.454,-1.646,4,0.000,0.000,-0.265,10,2.824,-1.646,-0.002,0.035,1.44,1.50,-1.927,-0.473,4.000,-35.697,-26.443,41.000
1744538901.99,-1,2.422,-0.454,-1.646,4,0.000,0.000,-0.265,10,2.824,-1.646,-0.002,0.035,1.44,1.50,-1.927,-0.473,4.000,-35.697,-26.443,41.000
1744538901.99,-1,2.422,-0.455,-1.640,4,0.000,0.000,-0.335,10,2.825,-1.640,-0.002,0.040,1.34,1.50,-1.927,-0.473,4.000,-35.697,-26.443,41.000
1744538901.99,-1,2.422,-0.455,-1.640,4,0.000,0.000,-0.335,10,2.825,-1.640,-0.002,0.040,1.34,1.50,-1.927,-0.473,4.000,-35.697,-26.443,41.000
1744538902.01,-1,2.422,-0.455,-1.639,4,0.000,0.000,-0.448,10,2.825,-1.639,-0.001,0.042,1.34,1.50,-1.927,-0.473,4.000,-35.697,-26.443,41.000
1744538902.01,-1,2.422,-0.455,-1.633,4,0.000,0.000,-0.448,10,2.825,-1.633,-0.001,0.047,1.34,1.50,-1.927,-0.473,4.000,-35.697,-26.443,41.000
1744538902.01,-1,2.422,-0.455,-1.633,4,0.000,0.000,-0.448,10,2.825,-1.633,-0.001,0.047,1.34,1.50,-1.927,-0.473,4.000,-35.697,-26.443,41.000
1744538902.04,-1,2.422,-0.455,-1.627,4,0.000,0.000,-0.400,10,2.825,-1.627,-0.001,0.053,1.25,1.50,-1.927,-0.473,4.000,-35.697,-26.443,41.000
1744538902.04,-1,2.422,-0.455,-1.626,4,0.000,0.000,-0.400,10,2.825,-1.626,-0.001,0.054,1.25,1.50,-1.927,-0.473,4.000,-35.697,-26.443,41.000
1744538902.04,-1,2.422,-0.455,-1.624,4,0.000,0.000,-0.457,10,2.826,-1.624,-0.001,0.057,1.25,1.50,-1.927,-0.473,4.000,-35.697,-26.443,41.000
1744538902.04,-1,2.422,-0.456,-1.619,4,0.000,0.000,-0.457,10,2.826,-1.619,-0.001,0.061,1.25,1.50,-1.927,-0.473,4.000,-35.697,-26.443,41.000
1744538902.04,-1,2.422,-0.456,-1.619,4,0.000,0.000,-0.457,10,2.826,-1.619,-0.001,0.061,1.25,1.50,-1.927,-0.473,4.000,-35.697,-26.443,41.000
1744538902.07,-1,2.422,-0.456,-1.613,4,0.000,0.000,-0.470,10,2.826,-1.613,-0.000,0.067,1.14,1.21,-1.927,-0.473,4.000,-35.697,-26.443,41.000
1744538902.07,-1,2.422,-0.456,-1.612,4,0.000,0.000,-0.470,10,2.826,-1.612,-0.000,0.068,1.14,1.21,-1.927,-0.473,4.000,-35.697,-26.443,41.000
1744538902.07,-1,2.422,-0.456,-1.607,4,0.000,0.000,-0.491,10,2.826,-1.607,-0.000,0.073,1.14,1.21,-1.927,-0.473,4.000,-35.697,-26.443,41.000
1744538902.07,-1,2.422,-0.456,-1.602,4,0.000,0.000,-0.491,10,2.826,-1.602,-0.000,0.079,1.14,1.21,-1.927,-0.473,4.000,-35.697,-26.443,41.000
1744538902.07,-1,2.422,-0.456,-1.602,4,0.000,0.000,-0.491,10,2.826,-1.602,-0.000,0.079,1.14,1.21,-1.927,-0.473,4.000,-35.697,-26.443,41.000
1744538902.09,-1,2.422,-0.456,-1.597,4,0.000,0.000,-0.578,10,2.826,-1.597,-0.000,0.083,0.99,0.70,-1.927,-0.473,4.000,-35.697,-26.443,41.000
1744538902.09,-1,2.422,-0.456,-1.597,4,0.000,0.000,-0.578,10,2.826,-1.597,-0.000,0.083,0.99,0.70,-1.927,-0.473,4.000,-35.697,-26.443,41.000
1744538902.09,-1,2.422,-0.456,-1.593,4,0.000,0.000,-0.522,10,2.826,-1.593,0.000,0.088,0.99,0.70,-1.927,-0.473,4.000,-35.697,-26.443,41.000
1744538902.09,-1,2.422,-0.456,-1.587,4,0.000,0.000,-0.522,10,2.826,-1.587,0.000,0.094,0.99,0.70,-1.927,-0.473,4.000,-35.697,-26.443,41.000
1744538902.09,-1,2.422,-0.456,-1.587,4,0.000,0.000,-0.522,10,2.826,-1.587,0.000,0.094,0.99,0.70,-1.927,-0.473,4.000,-35.697,-26.443,41.000
1744538902.12,-1,2.422,-0.456,-1.581,4,0.000,0.000,-0.522,10,2.826,-1.581,0.000,0.099,0.74,0.60,-1.927,-0.473,4.000,-35.697,-26.443,41.000
1744538902.12,-1,2.422,-0.456,-1.579,4,0.000,0.000,-0.522,10,2.826,-1.579,0.000,0.102,0.74,0.60,-1.927,-0.473,4.000,-35.697,-26.443,41.000
1744538902.12,-1,2.422,-0.456,-1.575,4,0.000,0.000,-0.583,10,2.826,-1.575,0.000,0.105,0.74,0.60,-1.927,-0.473,4.000,-35.697,-26.443,41.000
1744538902.12,-1,2.422,-0.456,-1.569,4,0.000,0.000,-0.583,10,2.826,-1.569,0.000,0.111,0.74,0.60,-1.927,-0.473,4.000,-35.697,-26.443,41.000
1744538902.13,-1,2.422,-0.456,-1.569,4,0.000,0.000,-0.583,10,2.826,-1.569,0.000,0.111,0.74,0.60,-1.927,-0.473,4.000,-35.697,-26.443,41.000
1744538902.14,-1,2.422,-0.456,-1.566,4,0.000,0.000,-0.591,10,2.826,-1.566,0.000,0.114,1.50,0.56,-1.927,-0.473,4.000,-35.697,-26.443,41.000
1744538902.14,-1,2.422,-0.456,-1.564,4,0.000,0.000,-0.591,10,2.826,-1.564,0.000,0.117,1.50,0.56,-1.927,-0.473,4.000,-35.697,-26.443,41.000
1744538902.14,-1,2.422,-0.456,-1.561,4,0.000,0.000,-0.509,10,2.826,-1.561,0.000,0.119,1.50,0.56,-1.927,-0.473,4.000,-35.697,-26.443,41.000
1744538902.16,-1,2.422,-0.456,-1.556,4,0.000,0.000,-0.509,10,2.826,-1.556,0.000,0.125,1.50,0.56,-1.927,-0.473,4.000,-35.697,-26.443,41.000
1744538902.17,-1,2.422,-0.456,-1.556,4,0.000,0.000,-0.509,10,2.826,-1.556,0.000,0.125,1.50,0.56,-1.927,-0.473,4.000,-35.697,-26.443,41.000
1744538902.17,-1,2.422,-0.456,-1.550,4,0.000,0.000,-0.513,10,2.826,-1.550,-0.000,0.131,1.50,0.52,-1.927,-0.473,4.000,-35.697,-26.443,41.000
1744538902.17,-1,2.422,-0.456,-1.547,4,0.000,0.000,-0.513,10,2.826,-1.547,-0.000,0.133,1.50,0.52,-1.927,-0.473,4.000,-35.697,-26.443,41.000
1744538902.17,-1,2.422,-0.456,-1.545,4,0.000,0.000,-0.552,10,2.826,-1.545,-0.000,0.135,1.50,0.52,-1.927,-0.473,4.000,-35.697,-26.443,41.000
1744538902.19,-1,2.422,-0.456,-1.539,4,0.000,0.000,-0.552,10,2.826,-1.539,-0.000,0.141,1.50,0.52,-1.927,-0.473,4.000,-35.697,-26.443,41.000
1744538902.19,-1,2.422,-0.456,-1.539,4,0.000,0.000,-0.552,10,2.826,-1.539,-0.000,0.141,1.50,0.52,-1.927,-0.473,4.000,-35.697,-26.443,41.000
1744538902.19,-1,2.422,-0.456,-1.536,4,0.000,0.000,-0.552,10,2.826,-1.536,-0.000,0.145,1.50,0.38,-1.927,-0.473,4.000,-35.697,-26.443,41.000
1744538902.19,-1,2.422,-0.456,-1.535,4,0.000,0.000,-0.552,10,2.826,-1.535,-0.000,0.146,1.50,0.38,-1.927,-0.473,4.000,-35.697,-26.443,41.000
1744538902.21,-1,2.422,-0.456,-1.534,4,0.000,0.000,-0.487,10,2.826,-1.534,-0.000,0.147,1.50,0.38,-1.927,-0.473,4.000,-35.697,-26.443,41.000
1744538902.24,-1,2.422,-0.456,-1.530,4,0.000,0.000,-0.487,10,2.826,-1.530,-0.000,0.150,1.50,0.38,-1.927,-0.473,4.000,-35.697,-26.443,41.000
1744538902.24,-1,2.422,-0.456,-1.530,4,0.000,0.000,-0.487,10,2.826,-1.530,-0.000,0.150,1.50,0.38,-1.927,-0.473,4.000,-35.697,-26.443,41.000
1744538902.24,-1,2.422,-0.456,-1.524,4,0.000,0.000,-0.352,10,2.826,-1.524,-0.000,0.156,1.50,0.32,-1.927,-0.473,4.000,-35.697,-26.443,41.000
1744538902.24,-1,2.422,-0.456,-1.522,4,0.000,0.000,-0.352,10,2.826,-1.522,-0.000,0.158,1.50,0.32,-1.927,-0.473,4.000,-35.697,-26.443,41.000
1744538902.24,-1,2.422,-0.456,-1.521,4,0.000,0.000,-0.413,10,2.826,-1.521,-0.000,0.160,1.50,0.32,-1.927,-0.473,4.000,-35.697,-26.443,41.000
1744538902.24,-1,2.422,-0.456,-1.515,4,0.000,0.000,-0.413,10,2.826,-1.515,-0.000,0.165,1.50,0.32,-1.927,-0.473,4.000,-35.697,-26.443,41.000
1744538902.24,-1,2.422,-0.456,-1.515,4,0.000,0.000,-0.413,10,2.826,-1.515,-0.000,0.165,1.50,0.32,-1.927,-0.473,4.000,-35.697,-26.443,41.000
1744538902.26,-1,2.422,-0.456,-1.510,4,0.000,0.000,-0.474,10,2.826,-1.510,-0.000,0.170,1.50,0.28,-1.927,-0.473,4.000,-35.697,-26.443,41.000
1744538902.26,-1,2.422,-0.456,-1.508,4,0.000,0.000,-0.474,10,2.826,-1.508,-0.000,0.172,1.50,0.28,-1.927,-0.473,4.000,-35.697,-26.443,41.000
1744538902.27,-1,2.422,-0.456,-1.507,4,0.000,0.000,-0.470,10,2.826,-1.507,-0.000,0.173,1.50,0.28,-1.927,-0.473,4.000,-35.697,-26.443,41.000
# remark: robobot/cmd/ti/alive 2025-04-13 12:07:52.918866
1744538902.27,-1,2.422,-0.456,-1.505,4,0.000,0.000,-0.470,10,2.826,-1.505,-0.000,0.176,1.50,0.28,-1.927,-0.473,4.000,-35.697,-26.443,41.000
1744538902.29,-1,2.422,-0.456,-1.505,4,0.000,0.000,-0.470,10,2.826,-1.505,-0.000,0.176,1.50,0.28,-1.927,-0.473,4.000,-35.697,-26.443,41.000
1744538902.29,-1,2.422,-0.456,-1.505,4,0.000,0.000,-0.422,10,2.826,-1.505,-0.000,0.176,1.50,0.24,-1.927,-0.473,4.000,-35.697,-26.443,41.000
1744538902.29,-1,2.422,-0.456,-1.505,4,0.000,0.000,-0.422,10,2.826,-1.505,-0.000,0.176,1.50,0.24,-1.927,-0.473,4.000,-35.697,-26.443,41.000
1744538902.30,-1,2.422,-0.456,-1.503,4,0.000,0.000,-0.309,10,2.826,-1.503,-0.000,0.177,1.50,0.24,-1.927,-0.473,4.000,-35.697,-26.443,41.000
1744538902.31,-1,2.422,-0.455,-1.501,4,0.000,0.000,-0.309,10,2.826,-1.501,-0.000,0.179,1.50,0.24,-1.927,-0.473,4.000,-35.697,-26.443,41.000
1744538902.32,-1,2.422,-0.455,-1.501,4,0.000,0.000,-0.309,10,2.826,-1.501,-0.000,0.179,1.50,0.24,-1.927,-0.473,4.000,-35.697,-26.443,41.000
1744538902.32,-1,2.422,-0.455,-1.499,4,0.000,0.000,-0.222,10,2.826,-1.499,-0.000,0.182,1.50,0.24,-1.927,-0.473,4.000,-35.697,-26.443,41.000
1744538902.32,-1,2.422,-0.455,-1.496,4,0.000,0.000,-0.222,10,2.826,-1.496,-0.000,0.184,1.50,0.24,-1.927,-0.473,4.000,-35.697,-26.443,41.000
1744538902.35,-1,2.422,-0.455,-1.493,4,0.000,0.000,-0.335,10,2.826,-1.493,-0.001,0.187,1.50,0.24,-1.927,-0.473,4.000,-35.697,-26.443,41.000
1744538902.35,-1,2.422,-0.455,-1.488,4,0.000,0.000,-0.335,10,2.826,-1.488,-0.001,0.192,1.50,0.24,-1.927,-0.473,4.000,-35.697,-26.443,41.000
1744538902.35,-1,2.422,-0.455,-1.488,4,0.000,0.000,-0.335,10,2.826,-1.488,-0.001,0.192,1.50,0.24,-1.927,-0.473,4.000,-35.697,-26.443,41.000
1744538902.35,-1,2.422,-0.455,-1.483,4,0.000,0.000,-0.417,10,2.825,-1.483,-0.001,0.198,1.50,0.24,-1.927,-0.473,4.000,-35.697,-26.443,41.000
1744538902.35,-1,2.422,-0.455,-1.482,4,0.000,0.000,-0.417,10,2.825,-1.482,-0.001,0.199,1.50,0.24,-1.927,-0.473,4.000,-35.697,-26.443,41.000
1744538902.36,-1,2.422,-0.456,-1.479,4,0.000,0.000,-0.596,10,2.826,-1.479,-0.001,0.201,1.50,0.24,-1.927,-0.473,4.000,-35.697,-26.443,41.000
1744538902.37,-1,2.422,-0.456,-1.474,4,0.000,0.000,-0.596,10,2.826,-1.474,-0.001,0.206,1.50,0.24,-1.927,-0.473,4.000,-35.697,-26.443,41.000
1744538902.37,-1,2.422,-0.456,-1.474,4,0.000,0.000,-0.596,10,2.826,-1.474,-0.001,0.206,1.50,0.24,-1.927,-0.473,4.000,-35.697,-26.443,41.000
1744538902.40,-1,2.422,-0.456,-1.474,4,0.000,0.000,-0.570,10,2.826,-1.474,-0.000,0.206,1.50,0.24,-1.927,-0.473,4.000,-35.697,-26.443,41.000
1744538902.40,-1,2.422,-0.456,-1.474,4,0.000,0.000,-0.570,10,2.826,-1.474,-0.000,0.206,1.50,0.24,-1.927,-0.473,4.000,-35.697,-26.443,41.000
1744538902.40,-1,2.422,-0.456,-1.474,4,0.000,0.000,-0.361,10,2.826,-1.474,-0.000,0.206,1.50,0.24,-1.927,-0.473,4.000,-35.697,-26.443,41.000
1744538902.40,-1,2.422,-0.456,-1.474,4,0.000,0.000,-0.361,10,2.826,-1.474,-0.000,0.206,1.50,0.24,-1.927,-0.473,4.000,-35.697,-26.443,41.000
1744538902.40,-1,2.422,-0.456,-1.474,4,0.000,0.000,-0.361,10,2.826,-1.474,-0.000,0.206,1.50,0.24,-1.927,-0.473,4.000,-35.697,-26.443,41.000
1744538902.42,-1,2.422,-0.456,-1.472,4,0.000,0.000,-0.213,10,2.826,-1.472,0.000,0.208,1.50,0.26,-1.927,-0.473,4.000,-35.697,-26.443,41.000
1744538902.42,-1,2.422,-0.456,-1.472,4,0.000,0.000,-0.213,10,2.826,-1.472,0.000,0.208,1.50,0.26,-1.927,-0.473,4.000,-35.697,-26.443,41.000
1744538902.42,-1,2.422,-0.456,-1.470,4,0.000,0.000,-0.161,10,2.826,-1.470,0.000,0.210,1.50,0.26,-1.927,-0.473,4.000,-35.697,-26.443,41.000
1744538902.42,-1,2.422,-0.456,-1.462,4,0.000,0.000,-0.161,10,2.826,-1.462,0.000,0.219,1.50,0.26,-1.927,-0.473,4.000,-35.697,-26.443,41.000
1744538902.42,-1,2.422,-0.456,-1.462,4,0.000,0.000,-0.161,10,2.826,-1.462,0.000,0.219,1.50,0.26,-1.927,-0.473,4.000,-35.697,-26.443,41.000
1744538902.45,-1,2.422,-0.456,-1.455,4,0.000,0.000,-0.370,10,2.826,-1.455,0.000,0.225,1.50,0.28,-1.927,-0.473,4.000,-35.697,-26.443,41.000
1744538902.45,-1,2.422,-0.456,-1.452,4,0.000,0.000,-0.370,10,2.826,-1.452,0.000,0.228,1.50,0.28,-1.927,-0.473,4.000,-35.697,-26.443,41.000
1744538902.45,-1,2.422,-0.456,-1.449,4,0.000,0.000,-0.678,10,2.826,-1.449,0.000,0.231,1.50,0.28,-1.927,-0.473,4.000,-35.697,-26.443,41.000
1744538902.47,-1,2.422,-0.456,-1.444,4,0.000,0.000,-0.678,10,2.826,-1.444,0.000,0.236,1.50,0.28,-1.927,-0.473,4.000,-35.697,-26.443,41.000
1744538902.47,-1,2.422,-0.456,-1.444,4,0.000,0.000,-0.678,10,2.826,-1.444,0.000,0.236,1.50,0.28,-1.927,-0.473,4.000,-35.697,-26.443,41.000
1744538902.47,-1,2.422,-0.456,-1.443,4,0.000,0.000,-0.635,10,2.826,-1.443,0.000,0.237,1.50,0.33,-1.927,-0.473,4.000,-35.697,-26.443,41.000
1744538902.47,-1,2.422,-0.456,-1.442,4,0.000,0.000,-0.635,10,2.826,-1.442,0.000,0.238,1.50,0.33,-1.927,-0.473,4.000,-35.697,-26.443,41.000
1744538902.48,-1,2.422,-0.456,-1.442,4,0.000,0.000,-0.435,10,2.826,-1.442,0.000,0.238,1.50,0.33,-1.927,-0.473,4.000,-35.697,-26.443,41.000
1744538902.49,-1,2.422,-0.456,-1.442,4,0.000,0.000,-0.435,10,2.826,-1.442,0.000,0.238,1.50,0.33,-1.927,-0.473,4.000,-35.697,-26.443,41.000
1744538902.49,-1,2.422,-0.456,-1.442,4,0.000,0.000,-0.435,10,2.826,-1.442,0.000,0.238,1.50,0.33,-1.927,-0.473,4.000,-35.697,-26.443,41.000
1744538902.49,-1,2.422,-0.456,-1.440,4,0.000,0.000,-0.278,10,2.826,-1.440,0.000,0.241,1.50,0.41,-1.927,-0.473,4.000,-35.697,-26.443,41.000
1744538902.49,-1,2.422,-0.456,-1.440,4,0.000,0.000,-0.278,10,2.826,-1.440,0.000,0.241,1.50,0.41,-1.927,-0.473,4.000,-35.697,-26.443,41.000
1744538902.53,-1,2.422,-0.456,-1.439,4,0.000,0.000,-0.204,10,2.826,-1.439,0.000,0.242,1.50,0.41,-1.927,-0.473,4.000,-35.697,-26.443,41.000
1744538902.53,-1,2.422,-0.456,-1.434,4,0.000,0.000,-0.204,10,2.826,-1.434,0.000,0.246,1.50,0.41,-1.927,-0.473,4.000,-35.697,-26.443,41.000
1744538902.53,-1,2.422,-0.456,-1.434,4,0.000,0.000,-0.204,10,2.826,-1.434,0.000,0.246,1.50,0.41,-1.927,-0.473,4.000,-35.697,-26.443,41.000
1744538902.53,-1,2.422,-0.456,-1.429,4,0.000,0.000,-0.196,10,2.827,-1.429,0.000,0.251,1.50,0.49,-1.927,-0.473,4.000,-35.697,-26.443,41.000
1744538902.53,-1,2.422,-0.456,-1.426,4,0.000,0.000,-0.196,10,2.827,-1.426,0.000,0.254,1.50,0.49,-1.927,-0.473,4.000,-35.697,-26.443,41.000
1744538902.54,-1,2.422,-0.456,-1.424,4,0.000,0.000,-0.426,10,2.826,-1.424,0.000,0.257,1.50,0.49,-1.927,-0.473,4.000,-35.697,-26.443,41.000
1744538902.54,-1,2.422,-0.456,-1.417,4,0.000,0.000,-0.426,10,2.826,-1.417,0.000,0.264,1.50,0.49,-1.927,-0.473,4.000,-35.697,-26.443,41.000
1744538902.54,-1,2.422,-0.456,-1.417,4,0.000,0.000,-0.426,10,2.826,-1.417,0.000,0.264,1.50,0.49,-1.927,-0.473,4.000,-35.697,-26.443,41.000
1744538902.56,-1,2.422,-0.456,-1.413,4,0.000,0.000,-0.600,10,2.826,-1.413,0.000,0.267,1.50,0.57,-1.927,-0.473,4.000,-35.697,-26.443,41.000
1744538902.56,-1,2.422,-0.457,-1.412,4,0.000,0.000,-0.600,10,2.826,-1.412,0.000,0.268,1.50,0.57,-1.927,-0.473,4.000,-35.697,-26.443,41.000
1744538902.58,-1,2.422,-0.456,-1.411,4,0.000,0.000,-0.526,10,2.826,-1.411,0.000,0.269,1.50,0.57,-1.927,-0.473,4.000,-35.697,-26.443,41.000
1744538902.58,-1,2.422,-0.457,-1.409,4,0.000,0.000,-0.526,10,2.826,-1.409,0.000,0.272,1.50,0.57,-1.927,-0.473,4.000,-35.697,-26.443,41.000
1744538902.58,-1,2.422,-0.457,-1.409,4,0.000,0.000,-0.526,10,2.826,-1.409,0.000,0.272,1.50,0.57,-1.927,-0.473,4.000,-35.697,-26.443,41.000
1744538902.61,-1,2.422,-0.457,-1.406,4,0.000,0.000,-0.370,10,2.826,-1.406,0.000,0.274,1.50,0.73,-1.927,-0.473,4.000,-35.697,-26.443,41.000
1744538902.61,-1,2.422,-0.457,-1.406,4,0.000,0.000,-0.370,10,2.826,-1.406,0.000,0.274,1.50,0.73,-1.927,-0.473,4.000,-35.697,-26.443,41.000
1744538902.61,-1,2.422,-0.457,-1.405,4,0.000,0.000,-0.296,10,2.827,-1.405,0.000,0.275,1.50,0.73,-1.927,-0.473,4.000,-35.697,-26.443,41.000
1744538902.61,-1,2.422,-0.457,-1.403,4,0.000,0.000,-0.296,10,2.827,-1.403,0.000,0.278,1.50,0.73,-1.927,-0.473,4.000,-35.697,-26.443,41.000
1744538902.61,-1,2.422,-0.457,-1.403,4,0.000,0.000,-0.296,10,2.827,-1.403,0.000,0.278,1.50,0.73,-1.927,-0.473,4.000,-35.697,-26.443,41.000
1744538902.63,-1,2.422,-0.456,-1.402,4,0.000,0.000,-0.239,10,2.827,-1.402,0.000,0.279,1.50,0.89,-1.927,-0.473,4.000,-35.697,-26.443,41.000
1744538902.63,-1,2.422,-0.456,-1.401,4,0.000,0.000,-0.239,10,2.827,-1.401,0.000,0.280,1.50,0.89,-1.927,-0.473,4.000,-35.697,-26.443,41.000
1744538902.63,-1,2.422,-0.456,-1.398,4,0.000,0.000,-0.239,10,2.827,-1.398,0.000,0.282,1.50,0.89,-1.927,-0.473,4.000,-35.697,-26.443,41.000
1744538902.64,-1,2.422,-0.456,-1.396,4,0.000,0.000,-0.239,10,2.827,-1.396,0.000,0.284,1.50,0.89,-1.927,-0.473,4.000,-35.697,-26.443,41.000
1744538902.64,-1,2.422,-0.456,-1.396,4,0.000,0.000,-0.239,10,2.827,-1.396,0.000,0.284,1.50,0.89,-1.927,-0.473,4.000,-35.697,-26.443,41.000
1744538902.67,-1,2.422,-0.456,-1.394,4,0.000,0.000,-0.287,10,2.826,-1.394,0.000,0.287,1.50,0.99,-1.927,-0.473,4.000,-35.697,-26.443,41.000
1744538902.67,-1,2.422,-0.456,-1.391,4,0.000,0.000,-0.287,10,2.826,-1.391,0.000,0.289,1.50,0.99,-1.927,-0.473,4.000,-35.697,-26.443,41.000
1744538902.68,-1,2.422,-0.456,-1.389,4,0.000,0.000,-0.304,10,2.826,-1.389,0.000,0.291,1.50,0.99,-1.927,-0.473,4.000,-35.697,-26.443,41.000
1744538902.68,-1,2.422,-0.457,-1.384,4,0.000,0.000,-0.304,10,2.826,-1.384,0.000,0.296,1.50,0.99,-1.927,-0.473,4.000,-35.697,-26.443,41.000
1744538902.68,-1,2.422,-0.457,-1.384,4,0.000,0.000,-0.304,10,2.826,-1.384,0.000,0.296,1.50,0.99,-1.927,-0.473,4.000,-35.697,-26.443,41.000
1744538902.68,-1,2.422,-0.456,-1.381,4,0.000,0.000,-0.417,10,2.826,-1.381,0.000,0.300,1.50,1.50,-1.927,-0.473,4.000,-35.697,-26.443,41.000
1744538902.69,-1,2.422,-0.456,-1.381,4,0.000,0.000,-0.417,10,2.826,-1.381,0.000,0.300,1.50,1.50,-1.927,-0.473,4.000,-35.697,-26.443,41.000
1744538902.69,-1,2.422,-0.456,-1.379,4,0.000,0.000,-0.404,10,2.827,-1.379,0.000,0.302,1.50,1.50,-1.927,-0.473,4.000,-35.697,-26.443,41.000
1744538902.69,-1,2.422,-0.456,-1.376,4,0.000,0.000,-0.404,10,2.827,-1.376,0.000,0.304,1.50,1.50,-1.927,-0.473,4.000,-35.697,-26.443,41.000
1744538902.69,-1,2.422,-0.456,-1.376,4,0.000,0.000,-0.404,10,2.827,-1.376,0.000,0.304,1.50,1.50,-1.927,-0.473,4.000,-35.697,-26.443,41.000
1744538902.73,-1,2.422,-0.456,-1.373,4,0.000,0.000,-0.317,10,2.827,-1.373,0.000,0.308,1.50,1.50,-1.927,-0.473,4.000,-35.697,-26.443,41.000
1744538902.73,-1,2.422,-0.456,-1.370,4,0.000,0.000,-0.317,10,2.827,-1.370,0.000,0.310,1.50,1.50,-1.927,-0.473,4.000,-35.697,-26.443,41.000
1744538902.73,-1,2.422,-0.456,-1.369,4,0.000,0.000,-0.300,10,2.827,-1.369,0.000,0.311,1.50,1.50,-1.927,-0.473,4.000,-35.697,-26.443,41.000
1744538902.73,-1,2.422,-0.456,-1.366,4,0.000,0.000,-0.300,10,2.827,-1.366,0.000,0.315,1.50,1.50,-1.927,-0.473,4.000,-35.697,-26.443,41.000
1744538902.73,-1,2.422,-0.456,-1.366,4,0.000,0.000,-0.300,10,2.827,-1.366,0.000,0.315,1.50,1.50,-1.927,-0.473,4.000,-35.697,-26.443,41.000
1744538902.75,-1,2.422,-0.456,-1.363,4,0.000,0.000,-0.343,10,2.826,-1.363,0.000,0.317,1.50,1.50,-1.927,-0.473,4.000,-35.697,-26.443,41.000
1744538902.75,-1,2.422,-0.456,-1.360,4,0.000,0.000,-0.343,10,2.826,-1.360,0.000,0.320,1.50,1.50,-1.927,-0.473,4.000,-35.697,-26.443,41.000
1744538902.75,-1,2.422,-0.456,-1.360,4,0.000,0.000,-0.343,10,2.826,-1.360,0.000,0.320,1.50,1.50,-1.927,-0.473,4.000,-35.697,-26.443,41.000
1744538902.76,-1,2.422,-0.456,-1.354,4,0.000,0.000,-0.343,10,2.826,-1.354,0.000,0.326,1.50,1.50,-1.927,-0.473,4.000,-35.697,-26.443,41.000
1744538902.76,-1,2.422,-0.456,-1.354,4,0.000,0.000,-0.343,10,2.826,-1.354,0.000,0.326,1.50,1.50,-1.927,-0.473,4.000,-35.697,-26.443,41.000
1744538902.77,-1,2.422,-0.456,-1.351,4,0.000,0.000,-0.361,10,2.826,-1.351,0.000,0.330,1.50,1.50,-1.927,-0.473,4.000,-35.697,-26.443,41.000
1744538902.77,-1,2.422,-0.456,-1.349,4,0.000,0.000,-0.361,10,2.826,-1.349,0.000,0.332,1.50,1.50,-1.927,-0.473,4.000,-35.697,-26.443,41.000
1744538902.77,-1,2.422,-0.456,-1.349,4,0.000,0.000,-0.417,10,2.826,-1.349,-0.000,0.332,1.50,1.50,-1.927,-0.473,4.000,-35.697,-26.443,41.000
1744538902.81,-1,2.422,-0.456,-1.345,4,0.000,0.000,-0.417,10,2.826,-1.345,-0.000,0.335,1.50,1.50,-1.927,-0.473,4.000,-35.697,-26.443,41.000
1744538902.81,-1,2.422,-0.456,-1.345,4,0.000,0.000,-0.417,10,2.826,-1.345,-0.000,0.335,1.50,1.50,-1.927,-0.473,4.000,-35.697,-26.443,41.000
1744538902.81,-1,2.422,-0.456,-1.340,4,0.000,0.000,-0.352,10,2.826,-1.340,-0.000,0.340,1.50,1.50,-1.927,-0.473,4.000,-35.697,-26.443,41.000
1744538902.81,-1,2.422,-0.456,-1.338,4,0.000,0.000,-0.352,10,2.826,-1.338,-0.000,0.342,1.50,1.50,-1.927,-0.473,4.000,-35.697,-26.443,41.000
1744538902.81,-1,2.422,-0.456,-1.335,4,0.000,0.000,-0.383,10,2.826,-1.335,-0.000,0.346,1.50,1.50,-1.927,-0.473,4.000,-35.697,-26.443,41.000
1744538902.82,-1,2.422,-0.456,-1.331,4,0.000,0.000,-0.383,10,2.826,-1.331,-0.000,0.349,1.50,1.50,-1.927,-0.473,4.000,-35.697,-26.443,41.000
1744538902.82,-1,2.422,-0.456,-1.331,4,0.000,0.000,-0.383,10,2.826,-1.331,-0.000,0.349,1.50,1.50,-1.927,-0.473,4.000,-35.697,-26.443,41.000
1744538902.82,-1,2.422,-0.456,-1.329,4,0.000,0.000,-0.474,10,2.826,-1.329,-0.000,0.352,1.50,1.50,-1.927,-0.473,4.000,-35.697,-26.443,41.000
1744538902.82,-1,2.422,-0.456,-1.325,4,0.000,0.000,-0.474,10,2.826,-1.325,-0.000,0.355,1.50,1.50,-1.927,-0.473,4.000,-35.697,-26.443,41.000
1744538902.82,-1,2.422,-0.456,-1.323,4,0.000,0.000,-0.400,10,2.826,-1.323,-0.000,0.357,1.50,1.50,-1.927,-0.473,4.000,-35.697,-26.443,41.000
# remark: robobot/cmd/ti/alive 2025-04-13 12:07:52.918866
1744538902.86,-1,2.422,-0.456,-1.318,4,0.000,0.000,-0.400,10,2.826,-1.318,-0.000,0.362,1.50,1.50,-1.927,-0.473,4.000,-35.697,-26.443,41.000
1744538902.86,-1,2.422,-0.456,-1.318,4,0.000,0.000,-0.400,10,2.826,-1.318,-0.000,0.362,1.50,1.50,-1.927,-0.473,4.000,-35.697,-26.443,41.000
1744538902.86,-1,2.422,-0.456,-1.316,4,0.000,0.000,-0.474,10,2.826,-1.316,-0.000,0.364,1.50,1.50,-1.927,-0.473,4.000,-35.697,-26.443,41.000
1744538902.86,-1,2.422,-0.456,-1.315,4,0.000,0.000,-0.474,10,2.826,-1.315,-0.000,0.365,1.50,1.50,-1.927,-0.473,4.000,-35.697,-26.443,41.000
1744538902.86,-1,2.422,-0.456,-1.313,4,0.000,0.000,-0.413,10,2.826,-1.313,-0.000,0.368,1.50,1.50,-1.927,-0.473,4.000,-35.697,-26.443,41.000
1744538902.89,-1,2.422,-0.456,-1.309,4,0.000,0.000,-0.413,10,2.826,-1.309,-0.000,0.371,1.50,1.50,-1.927,-0.473,4.000,-35.697,-26.443,41.000
1744538902.89,-1,2.422,-0.456,-1.309,4,0.000,0.000,-0.413,10,2.826,-1.309,-0.000,0.371,1.50,1.50,-1.927,-0.473,4.000,-35.697,-26.443,41.000
1744538902.89,-1,2.422,-0.456,-1.303,4,0.000,0.000,-0.370,10,2.826,-1.303,-0.000,0.377,1.50,1.50,-1.927,-0.473,4.000,-35.697,-26.443,41.000
1744538902.89,-1,2.422,-0.456,-1.300,4,0.000,0.000,-0.370,10,2.826,-1.300,-0.000,0.380,1.50,1.50,-1.927,-0.473,4.000,-35.697,-26.443,41.000
1744538902.92,-1,2.422,-0.456,-1.299,4,0.000,0.000,-0.483,10,2.826,-1.299,-0.000,0.382,1.50,1.50,-1.927,-0.473,4.000,-35.697,-26.443,41.000
1744538902.92,-1,2.422,-0.456,-1.294,4,0.000,0.000,-0.483,10,2.826,-1.294,-0.000,0.386,1.50,1.50,-1.927,-0.473,4.000,-35.697,-26.443,41.000
1744538902.92,-1,2.422,-0.456,-1.294,4,0.000,0.000,-0.483,10,2.826,-1.294,-0.000,0.386,1.50,1.50,-1.927,-0.473,4.000,-35.697,-26.443,41.000
1744538902.92,-1,2.422,-0.456,-1.291,4,0.000,0.000,-0.500,10,2.826,-1.291,-0.000,0.390,1.50,1.50,-1.927,-0.473,4.000,-35.697,-26.443,41.000
1744538902.92,-1,2.422,-0.456,-1.287,4,0.000,0.000,-0.500,10,2.826,-1.287,-0.000,0.393,1.50,1.50,-1.927,-0.473,4.000,-35.697,-26.443,41.000
1744538902.94,-1,2.422,-0.456,-1.287,4,0.000,0.000,-0.448,10,2.826,-1.287,-0.000,0.393,1.50,1.50,-1.927,-0.473,4.000,-35.697,-26.443,41.000
1744538902.94,-1,2.422,-0.456,-1.285,4,0.000,0.000,-0.448,10,2.826,-1.285,-0.000,0.396,1.50,1.50,-1.927,-0.473,4.000,-35.697,-26.443,41.000
1744538902.94,-1,2.422,-0.456,-1.285,4,0.000,0.000,-0.448,10,2.826,-1.285,-0.000,0.396,1.50,1.50,-1.927,-0.473,4.000,-35.697,-26.443,41.000
1744538902.96,-1,2.422,-0.456,-1.281,4,0.000,0.000,-0.374,10,2.826,-1.281,-0.000,0.399,1.50,1.50,-1.927,-0.473,4.000,-35.697,-26.443,41.000
1744538902.96,-1,2.422,-0.456,-1.279,4,0.000,0.000,-0.374,10,2.826,-1.279,-0.000,0.401,1.50,1.50,-1.927,-0.473,4.000,-35.697,-26.443,41.000
1744538902.96,-1,2.422,-0.456,-1.278,4,0.000,0.000,-0.304,10,2.826,-1.278,-0.000,0.402,1.50,1.50,-1.927,-0.473,4.000,-35.697,-26.443,41.000
1744538902.98,-1,2.422,-0.456,-1.271,4,0.000,0.000,-0.304,10,2.826,-1.271,-0.000,0.409,1.50,1.50,-1.927,-0.473,4.000,-35.697,-26.443,41.000
1744538902.98,-1,2.422,-0.456,-1.271,4,0.000,0.000,-0.304,10,2.826,-1.271,-0.000,0.409,1.50,1.50,-1.927,-0.473,4.000,-35.697,-26.443,41.000
1744538902.98,-1,2.422,-0.456,-1.268,4,0.000,0.000,-0.439,10,2.826,-1.268,-0.000,0.413,1.50,1.50,-1.927,-0.473,4.000,-35.697,-26.443,41.000
1744538902.98,-1,2.422,-0.456,-1.265,4,0.000,0.000,-0.439,10,2.826,-1.265,-0.000,0.415,1.50,1.50,-1.927,-0.473,4.000,-35.697,-26.443,41.000
1744538902.99,-1,2.422,-0.456,-1.263,4,0.000,0.000,-0.539,10,2.826,-1.263,-0.000,0.417,1.50,1.50,-1.927,-0.473,4.000,-35.697,-26.443,41.000
1744538902.99,-1,2.422,-0.456,-1.258,4,0.000,0.000,-0.539,10,2.826,-1.258,-0.000,0.422,1.50,1.50,-1.927,-0.473,4.000,-35.697,-26.443,41.000
1744538902.99,-1,2.422,-0.456,-1.258,4,0.000,0.000,-0.539,10,2.826,-1.258,-0.000,0.422,1.50,1.50,-1.927,-0.473,4.000,-35.697,-26.443,41.000
1744538903.03,-1,2.422,-0.456,-1.256,4,0.000,0.000,-0.426,10,2.826,-1.256,-0.000,0.424,1.50,1.50,-1.927,-0.473,4.000,-35.697,-26.443,41.000
1744538903.03,-1,2.422,-0.456,-1.255,4,0.000,0.000,-0.426,10,2.826,-1.255,-0.000,0.426,1.50,1.50,-1.927,-0.473,4.000,-35.697,-26.443,41.000
1744538903.03,-1,2.422,-0.456,-1.254,4,0.000,0.000,-0.374,10,2.826,-1.254,-0.000,0.427,1.50,1.50,-1.927,-0.473,4.000,-35.697,-26.443,41.000
1744538903.03,-1,2.422,-0.456,-1.252,4,0.000,0.000,-0.374,10,2.826,-1.252,-0.000,0.428,1.50,1.50,-1.927,-0.473,4.000,-35.697,-26.443,41.000
1744538903.03,-1,2.422,-0.456,-1.252,4,0.000,0.000,-0.374,10,2.826,-1.252,-0.000,0.428,1.50,1.50,-1.927,-0.473,4.000,-35.697,-26.443,41.000
1744538903.04,-1,2.422,-0.456,-1.249,4,0.000,0.000,-0.317,10,2.826,-1.249,-0.000,0.431,0.95,1.50,-1.927,-0.473,4.000,-35.697,-26.443,41.000
1744538903.04,-1,2.422,-0.456,-1.244,4,0.000,0.000,-0.317,10,2.826,-1.244,-0.000,0.436,0.95,1.50,-1.927,-0.473,4.000,-35.697,-26.443,41.000
1744538903.04,-1,2.422,-0.455,-1.242,4,0.000,0.000,-0.357,10,2.826,-1.242,-0.000,0.438,0.95,1.50,-1.927,-0.473,4.000,-35.697,-26.443,41.000
1744538903.04,-1,2.422,-0.456,-1.236,4,0.000,0.000,-0.357,10,2.826,-1.236,-0.000,0.444,0.95,1.50,-1.927,-0.473,4.000,-35.697,-26.443,41.000
1744538903.06,-1,2.422,-0.456,-1.236,4,0.000,0.000,-0.357,10,2.826,-1.236,-0.000,0.444,0.95,1.50,-1.927,-0.473,4.000,-35.697,-26.443,41.000
1744538903.08,-1,2.422,-0.455,-1.233,4,0.000,0.000,-0.574,10,2.826,-1.233,-0.001,0.448,0.42,1.50,-1.927,-0.473,4.000,-35.697,-26.443,41.000
1744538903.08,-1,2.422,-0.456,-1.232,4,0.000,0.000,-0.574,10,2.826,-1.232,-0.001,0.449,0.42,1.50,-1.927,-0.473,4.000,-35.697,-26.443,41.000
1744538903.08,-1,2.422,-0.456,-1.229,4,0.000,0.000,-0.478,10,2.826,-1.229,-0.001,0.451,0.42,1.50,-1.927,-0.473,4.000,-35.697,-26.443,41.000
1744538903.09,-1,2.422,-0.456,-1.226,4,0.000,0.000,-0.478,10,2.826,-1.226,-0.001,0.454,0.42,1.50,-1.927,-0.473,4.000,-35.697,-26.443,41.000
1744538903.09,-1,2.422,-0.456,-1.226,4,0.000,0.000,-0.478,10,2.826,-1.226,-0.001,0.454,0.42,1.50,-1.927,-0.473,4.000,-35.697,-26.443,41.000
1744538903.09,-1,2.422,-0.456,-1.224,4,0.000,0.000,-0.365,10,2.826,-1.224,-0.001,0.457,0.30,1.50,-1.927,-0.473,4.000,-35.697,-26.443,41.000
1744538903.09,-1,2.422,-0.456,-1.224,4,0.000,0.000,-0.365,10,2.826,-1.224,-0.001,0.457,0.30,1.50,-1.927,-0.473,4.000,-35.697,-26.443,41.000
1744538903.11,-1,2.422,-0.456,-1.224,4,0.000,0.000,-0.339,10,2.826,-1.224,-0.000,0.457,0.30,1.50,-1.927,-0.473,4.000,-35.697,-26.443,41.000
1744538903.13,-1,2.422,-0.456,-1.221,4,0.000,0.000,-0.339,10,2.826,-1.221,-0.000,0.459,0.30,1.50,-1.927,-0.473,4.000,-35.697,-26.443,41.000
1744538903.13,-1,2.422,-0.456,-1.221,4,0.000,0.000,-0.339,10,2.826,-1.221,-0.000,0.459,0.30,1.50,-1.927,-0.473,4.000,-35.697,-26.443,41.000
1744538903.13,-1,2.422,-0.456,-1.219,4,0.000,0.000,-0.274,10,2.826,-1.219,-0.000,0.461,0.23,1.50,-1.927,-0.473,4.000,-35.697,-26.443,41.000
1744538903.13,-1,2.422,-0.456,-1.218,4,0.000,0.000,-0.274,10,2.826,-1.218,-0.000,0.463,0.23,1.50,-1.927,-0.473,4.000,-35.697,-26.443,41.000
1744538903.16,-1,2.422,-0.456,-1.216,4,0.000,0.000,-0.226,10,2.826,-1.216,-0.000,0.465,0.23,1.50,-1.927,-0.473,4.000,-35.697,-26.443,41.000
1744538903.16,-1,2.422,-0.456,-1.207,4,0.000,0.000,-0.226,10,2.826,-1.207,-0.000,0.473,0.23,1.50,-1.927,-0.473,4.000,-35.697,-26.443,41.000
1744538903.16,-1,2.422,-0.456,-1.207,4,0.000,0.000,-0.226,10,2.826,-1.207,-0.000,0.473,0.23,1.50,-1.927,-0.473,4.000,-35.697,-26.443,41.000
1744538903.16,-1,2.422,-0.456,-1.200,4,0.000,0.000,-0.561,10,2.826,-1.200,-0.001,0.480,0.19,1.50,-1.927,-0.473,4.000,-35.697,-26.443,41.000
1744538903.16,-1,2.422,-0.456,-1.198,4,0.000,0.000,-0.561,10,2.826,-1.198,-0.001,0.482,0.19,1.50,-1.927,-0.473,4.000,-35.697,-26.443,41.000
1744538903.18,-1,2.422,-0.456,-1.197,4,0.000,0.000,-0.657,10,2.826,-1.197,-0.001,0.483,0.19,1.50,-1.927,-0.473,4.000,-35.697,-26.443,41.000
1744538903.18,-1,2.422,-0.456,-1.195,4,0.000,0.000,-0.657,10,2.826,-1.195,-0.001,0.486,0.19,1.50,-1.927,-0.473,4.000,-35.697,-26.443,41.000
1744538903.18,-1,2.422,-0.456,-1.195,4,0.000,0.000,-0.657,10,2.826,-1.195,-0.001,0.486,0.19,1.50,-1.927,-0.473,4.000,-35.697,-26.443,41.000
1744538903.21,-1,2.422,-0.456,-1.194,4,0.000,0.000,-0.461,10,2.826,-1.194,-0.001,0.487,0.17,1.50,-1.927,-0.473,4.000,-35.697,-26.443,41.000
1744538903.21,-1,2.422,-0.456,-1.192,4,0.000,0.000,-0.461,10,2.826,-1.192,-0.001,0.488,0.17,1.50,-1.927,-0.473,4.000,-35.697,-26.443,41.000
1744538903.21,-1,2.422,-0.456,-1.192,4,0.000,0.000,-0.339,10,2.826,-1.192,-0.001,0.488,0.17,1.50,-1.927,-0.473,4.000,-35.697,-26.443,41.000
1744538903.21,-1,2.422,-0.456,-1.191,4,0.000,0.000,-0.339,10,2.826,-1.191,-0.001,0.489,0.17,1.50,-1.927,-0.473,4.000,-35.697,-26.443,41.000
1744538903.21,-1,2.422,-0.456,-1.191,4,0.000,0.000,-0.339,10,2.826,-1.191,-0.001,0.489,0.17,1.50,-1.927,-0.473,4.000,-35.697,-26.443,41.000
1744538903.23,-1,2.422,-0.456,-1.188,4,0.000,0.000,-0.261,10,2.826,-1.188,-0.001,0.493,0.16,1.50,-1.927,-0.473,4.000,-35.697,-26.443,41.000
1744538903.23,-1,2.422,-0.456,-1.185,4,0.000,0.000,-0.261,10,2.826,-1.185,-0.001,0.495,0.16,1.50,-1.927,-0.473,4.000,-35.697,-26.443,41.000
1744538903.23,-1,2.422,-0.456,-1.184,4,0.000,0.000,-0.239,10,2.826,-1.184,-0.000,0.496,0.16,1.50,-1.927,-0.473,4.000,-35.697,-26.443,41.000
1744538903.23,-1,2.422,-0.456,-1.180,4,0.000,0.000,-0.239,10,2.826,-1.180,-0.000,0.501,0.16,1.50,-1.927,-0.473,4.000,-35.697,-26.443,41.000
1744538903.23,-1,2.422,-0.456,-1.180,4,0.000,0.000,-0.239,10,2.826,-1.180,-0.000,0.501,0.16,1.50,-1.927,-0.473,4.000,-35.697,-26.443,41.000
1744538903.26,-1,2.422,-0.456,-1.174,4,0.000,0.000,-0.335,10,2.826,-1.174,-0.000,0.507,0.13,1.50,-1.927,-0.473,4.000,-35.697,-26.443,41.000
1744538903.26,-1,2.422,-0.456,-1.170,4,0.000,0.000,-0.335,10,2.826,-1.170,-0.000,0.510,0.13,1.50,-1.927,-0.473,4.000,-35.697,-26.443,41.000
1744538903.26,-1,2.422,-0.456,-1.168,4,0.000,0.000,-0.548,10,2.826,-1.168,-0.000,0.512,0.13,1.50,-1.927,-0.473,4.000,-35.697,-26.443,41.000
1744538903.28,-1,2.422,-0.456,-1.163,4,0.000,0.000,-0.548,10,2.826,-1.163,-0.000,0.517,0.13,1.50,-1.927,-0.473,4.000,-35.697,-26.443,41.000
1744538903.28,-1,2.422,-0.456,-1.163,4,0.000,0.000,-0.548,10,2.826,-1.163,-0.000,0.517,0.13,1.50,-1.927,-0.473,4.000,-35.697,-26.443,41.000
1744538903.28,-1,2.422,-0.456,-1.162,4,0.000,0.000,-0.522,10,2.826,-1.162,-0.001,0.518,0.11,1.50,-1.927,-0.473,4.000,-35.697,-26.443,41.000
1744538903.28,-1,2.422,-0.456,-1.161,4,0.000,0.000,-0.522,10,2.826,-1.161,-0.001,0.519,0.11,1.50,-1.927,-0.473,4.000,-35.697,-26.443,41.000
1744538903.29,-1,2.422,-0.456,-1.161,4,0.000,0.000,-0.404,10,2.825,-1.161,-0.001,0.519,0.11,1.50,-1.927,-0.473,4.000,-35.697,-26.443,41.000
1744538903.31,-1,2.422,-0.456,-1.159,4,0.000,0.000,-0.404,10,2.825,-1.159,-0.001,0.522,0.11,1.50,-1.927,-0.473,4.000,-35.697,-26.443,41.000
1744538903.31,-1,2.422,-0.456,-1.159,4,0.000,0.000,-0.404,10,2.825,-1.159,-0.001,0.522,0.11,1.50,-1.927,-0.473,4.000,-35.697,-26.443,41.000
1744538903.31,-1,2.422,-0.456,-1.157,4,0.000,0.000,-0.287,10,2.826,-1.157,-0.001,0.524,0.10,1.50,-1.927,-0.473,4.000,-35.697,-26.443,41.000
1744538903.31,-1,2.422,-0.457,-1.153,4,0.000,0.000,-0.287,10,2.826,-1.153,-0.001,0.527,0.10,1.50,-1.927,-0.473,4.000,-35.697,-26.443,41.000
1744538903.34,-1,2.423,-0.457,-1.152,4,0.000,0.000,-0.283,10,2.826,-1.152,-0.001,0.529,0.10,1.50,-1.927,-0.473,4.000,-35.697,-26.443,41.000
1744538903.34,-1,2.422,-0.456,-1.149,4,0.000,0.000,-0.283,10,2.826,-1.149,-0.001,0.531,0.10,1.50,-1.927,-0.473,4.000,-35.697,-26.443,41.000
1744538903.34,-1,2.422,-0.456,-1.149,4,0.000,0.000,-0.283,10,2.826,-1.149,-0.001,0.531,0.10,1.50,-1.927,-0.473,4.000,-35.697,-26.443,41.000
1744538903.34,-1,2.422,-0.456,-1.146,4,0.000,0.000,-0.296,10,2.826,-1.146,-0.000,0.534,0.09,1.50,-1.927,-0.473,4.000,-35.697,-26.443,41.000
1744538903.35,-1,2.422,-0.456,-1.143,4,0.000,0.000,-0.296,10,2.826,-1.143,-0.000,0.538,0.09,1.50,-1.927,-0.473,4.000,-35.697,-26.443,41.000
1744538903.35,-1,2.422,-0.456,-1.139,4,0.000,0.000,-0.452,10,2.826,-1.139,-0.001,0.541,0.09,1.50,-1.927,-0.473,4.000,-35.697,-26.443,41.000
1744538903.37,-1,2.422,-0.456,-1.133,4,0.000,0.000,-0.452,10,2.826,-1.133,-0.001,0.547,0.09,1.50,-1.927,-0.473,4.000,-35.697,-26.443,41.000
1744538903.37,-1,2.422,-0.456,-1.133,4,0.000,0.000,-0.452,10,2.826,-1.133,-0.001,0.547,0.09,1.50,-1.927,-0.473,4.000,-35.697,-26.443,41.000
1744538903.38,-1,2.422,-0.456,-1.130,4,0.000,0.000,-0.561,10,2.825,-1.130,-0.001,0.550,0.08,1.50,-1.927,-0.473,4.000,-35.697,-26.443,41.000
1744538903.38,-1,2.422,-0.456,-1.129,4,0.000,0.000,-0.561,10,2.825,-1.129,-0.001,0.552,0.08,1.50,-1.927,-0.473,4.000,-35.697,-26.443,41.000
1744538903.38,-1,2.422,-0.456,-1.128,4,0.000,0.000,-0.504,10,2.825,-1.128,-0.001,0.553,0.08,1.50,-1.927,-0.473,4.000,-35.697,-26.443,41.000
1744538903.39,-1,2.422,-0.456,-1.126,4,0.000,0.000,-0.504,10,2.825,-1.126,-0.001,0.554,0.08,1.50,-1.927,-0.473,4.000,-35.697,-26.443,41.000
1744538903.39,-1,2.422,-0.456,-1.126,4,0.000,0.000,-0.504,10,2.825,-1.126,-0.001,0.554,0.08,1.50,-1.927,-0.473,4.000,-35.697,-26.443,41.000
1744538903.39,-1,2.422,-0.456,-1.124,4,0.000,0.000,-0.343,10,2.825,-1.124,-0.001,0.556,0.08,1.50,-1.927,-0.473,4.000,-35.697,-26.443,41.000
1744538903.40,-1,2.422,-0.457,-1.123,4,0.000,0.000,-0.343,10,2.825,-1.123,-0.001,0.557,0.08,1.50,-1.927,-0.473,4.000,-35.697,-26.443,41.000
# remark: robobot/cmd/ti/alive 2025-04-13 12:07:52.918866
1744538903.43,-1,2.423,-0.457,-1.122,4,0.000,0.000,-0.309,10,2.825,-1.122,-0.001,0.559,0.08,1.50,-1.927,-0.473,4.000,-35.697,-26.443,41.000
1744538903.43,-1,2.423,-0.457,-1.119,4,0.000,0.000,-0.309,10,2.825,-1.119,-0.001,0.561,0.08,1.50,-1.927,-0.473,4.000,-35.697,-26.443,41.000
1744538903.43,-1,2.423,-0.457,-1.119,4,0.000,0.000,-0.309,10,2.825,-1.119,-0.001,0.561,0.08,1.50,-1.927,-0.473,4.000,-35.697,-26.443,41.000
1744538903.43,-1,2.423,-0.457,-1.116,4,0.000,0.000,-0.304,10,2.826,-1.116,-0.001,0.564,0.08,1.50,-1.927,-0.473,4.000,-35.697,-26.443,41.000
1744538903.43,-1,2.423,-0.457,-1.113,4,0.000,0.000,-0.304,10,2.826,-1.113,-0.001,0.568,0.08,1.50,-1.927,-0.473,4.000,-35.697,-26.443,41.000
1744538903.46,-1,2.423,-0.457,-1.110,4,0.000,0.000,-0.283,10,2.826,-1.110,-0.000,0.570,0.08,1.50,-1.927,-0.473,4.000,-35.697,-26.443,41.000
1744538903.46,-1,2.422,-0.457,-1.104,4,0.000,0.000,-0.283,10,2.826,-1.104,-0.000,0.576,0.08,1.50,-1.927,-0.473,4.000,-35.697,-26.443,41.000
1744538903.46,-1,2.422,-0.457,-1.104,4,0.000,0.000,-0.283,10,2.826,-1.104,-0.000,0.576,0.08,1.50,-1.927,-0.473,4.000,-35.697,-26.443,41.000
1744538903.46,-1,2.422,-0.456,-1.100,4,0.000,0.000,-0.526,10,2.826,-1.100,-0.001,0.581,0.10,1.50,-1.927,-0.473,4.000,-35.697,-26.443,41.000
1744538903.46,-1,2.422,-0.456,-1.097,4,0.000,0.000,-0.526,10,2.826,-1.097,-0.001,0.583,0.10,1.50,-1.927,-0.473,4.000,-35.697,-26.443,41.000
1744538903.48,-1,2.422,-0.456,-1.096,4,0.000,0.000,-0.526,10,2.825,-1.096,-0.001,0.584,0.10,1.50,-1.927,-0.473,4.000,-35.697,-26.443,41.000
1744538903.48,-1,2.422,-0.456,-1.094,4,0.000,0.000,-0.526,10,2.825,-1.094,-0.001,0.586,0.10,1.50,-1.927,-0.473,4.000,-35.697,-26.443,41.000
1744538903.48,-1,2.422,-0.456,-1.094,4,0.000,0.000,-0.526,10,2.825,-1.094,-0.001,0.586,0.10,1.50,-1.927,-0.473,4.000,-35.697,-26.443,41.000
1744538903.51,-1,2.423,-0.457,-1.091,4,0.000,0.000,-0.443,10,2.825,-1.091,-0.001,0.590,0.12,1.50,-1.927,-0.473,4.000,-35.697,-26.443,41.000
1744538903.51,-1,2.423,-0.457,-1.089,4,0.000,0.000,-0.443,10,2.825,-1.089,-0.001,0.591,0.12,1.50,-1.927,-0.473,4.000,-35.697,-26.443,41.000
1744538903.51,-1,2.423,-0.457,-1.089,4,0.000,0.000,-0.409,10,2.825,-1.089,-0.001,0.591,0.12,1.50,-1.927,-0.473,4.000,-35.697,-26.443,41.000
1744538903.51,-1,2.423,-0.457,-1.087,4,0.000,0.000,-0.409,10,2.825,-1.087,-0.001,0.593,0.12,1.50,-1.927,-0.473,4.000,-35.697,-26.443,41.000
1744538903.51,-1,2.423,-0.457,-1.087,4,0.000,0.000,-0.409,10,2.825,-1.087,-0.001,0.593,0.12,1.50,-1.927,-0.473,4.000,-35.697,-26.443,41.000
1744538903.53,-1,2.423,-0.457,-1.084,4,0.000,0.000,-0.304,10,2.826,-1.084,-0.001,0.597,0.24,1.50,-1.927,-0.473,4.000,-35.697,-26.443,41.000
1744538903.53,-1,2.423,-0.457,-1.081,4,0.000,0.000,-0.304,10,2.826,-1.081,-0.001,0.599,0.24,1.50,-1.927,-0.473,4.000,-35.697,-26.443,41.000
1744538903.53,-1,2.423,-0.457,-1.080,4,0.000,0.000,-0.265,10,2.826,-1.080,-0.000,0.600,0.24,1.50,-1.927,-0.473,4.000,-35.697,-26.443,41.000
1744538903.53,-1,2.423,-0.457,-1.075,4,0.000,0.000,-0.265,10,2.826,-1.075,-0.000,0.605,0.24,1.50,-1.927,-0.473,4.000,-35.697,-26.443,41.000
1744538903.54,-1,2.423,-0.457,-1.075,4,0.000,0.000,-0.265,10,2.826,-1.075,-0.000,0.605,0.24,1.50,-1.927,-0.473,4.000,-35.697,-26.443,41.000
1744538903.56,-1,2.422,-0.457,-1.070,4,0.000,0.000,-0.426,10,2.826,-1.070,-0.000,0.611,0.57,1.50,-1.927,-0.473,4.000,-35.697,-26.443,41.000
1744538903.56,-1,2.422,-0.456,-1.069,4,0.000,0.000,-0.426,10,2.826,-1.069,-0.000,0.612,0.57,1.50,-1.927,-0.473,4.000,-35.697,-26.443,41.000
1744538903.56,-1,2.422,-0.456,-1.065,4,0.000,0.000,-0.548,10,2.825,-1.065,-0.001,0.615,0.57,1.50,-1.927,-0.473,4.000,-35.697,-26.443,41.000
1744538903.57,-1,2.422,-0.456,-1.063,4,0.000,0.000,-0.548,10,2.825,-1.063,-0.001,0.618,0.57,1.50,-1.927,-0.473,4.000,-35.697,-26.443,41.000
1744538903.57,-1,2.422,-0.456,-1.063,4,0.000,0.000,-0.548,10,2.825,-1.063,-0.001,0.618,0.57,1.50,-1.927,-0.473,4.000,-35.697,-26.443,41.000
1744538903.57,-1,2.423,-0.457,-1.059,4,0.000,0.000,-0.443,10,2.825,-1.059,-0.001,0.621,1.50,1.50,-1.927,-0.473,4.000,-35.697,-26.443,41.000
1744538903.57,-1,2.423,-0.457,-1.057,4,0.000,0.000,-0.443,10,2.825,-1.057,-0.001,0.623,1.50,1.50,-1.927,-0.473,4.000,-35.697,-26.443,41.000
1744538903.57,-1,2.423,-0.457,-1.056,4,0.000,0.000,-0.470,10,2.825,-1.056,-0.001,0.624,1.50,1.50,-1.927,-0.473,4.000,-35.697,-26.443,41.000
1744538903.61,-1,2.423,-0.457,-1.055,4,0.000,0.000,-0.470,10,2.825,-1.055,-0.001,0.626,1.50,1.50,-1.927,-0.473,4.000,-35.697,-26.443,41.000
1744538903.61,-1,2.423,-0.457,-1.055,4,0.000,0.000,-0.470,10,2.825,-1.055,-0.001,0.626,1.50,1.50,-1.927,-0.473,4.000,-35.697,-26.443,41.000
1744538903.61,-1,2.423,-0.457,-1.054,4,0.000,0.000,-0.404,10,2.825,-1.054,-0.001,0.627,1.50,1.50,-1.927,-0.473,4.000,-35.697,-26.443,41.000
1744538903.61,-1,2.423,-0.457,-1.051,4,0.000,0.000,-0.404,10,2.825,-1.051,-0.001,0.629,1.50,1.50,-1.927,-0.473,4.000,-35.697,-26.443,41.000
1744538903.64,-1,2.423,-0.457,-1.049,4,0.000,0.000,-0.278,10,2.826,-1.049,-0.001,0.631,1.50,1.50,-1.927,-0.473,4.000,-35.697,-26.443,41.000
1744538903.64,-1,2.423,-0.457,-1.045,4,0.000,0.000,-0.278,10,2.826,-1.045,-0.001,0.635,1.50,1.50,-1.927,-0.473,4.000,-35.697,-26.443,41.000
1744538903.64,-1,2.423,-0.457,-1.045,4,0.000,0.000,-0.278,10,2.826,-1.045,-0.001,0.635,1.50,1.50,-1.927,-0.473,4.000,-35.697,-26.443,41.000
1744538903.64,-1,2.423,-0.457,-1.041,4,0.000,0.000,-0.261,10,2.826,-1.041,-0.001,0.640,1.50,1.50,-1.927,-0.473,4.000,-35.697,-26.443,41.000
1744538903.64,-1,2.423,-0.457,-1.040,4,0.000,0.000,-0.261,10,2.826,-1.040,-0.001,0.641,1.50,1.50,-1.927,-0.473,4.000,-35.697,-26.443,41.000
1744538903.66,-1,2.423,-0.457,-1.036,4,0.000,0.000,-0.474,10,2.825,-1.036,-0.001,0.644,1.50,1.50,-1.927,-0.473,4.000,-35.697,-26.443,41.000
1744538903.66,-1,2.423,-0.457,-1.032,4,0.000,0.000,-0.474,10,2.825,-1.032,-0.001,0.649,1.50,1.50,-1.927,-0.473,4.000,-35.697,-26.443,41.000
1744538903.66,-1,2.423,-0.457,-1.032,4,0.000,0.000,-0.474,10,2.825,-1.032,-0.001,0.649,1.50,1.50,-1.927,-0.473,4.000,-35.697,-26.443,41.000
1744538903.67,-1,2.423,-0.457,-1.028,4,0.000,0.000,-0.496,10,2.825,-1.028,-0.001,0.652,1.50,1.50,-1.927,-0.473,4.000,-35.697,-26.443,41.000
1744538903.68,-1,2.423,-0.457,-1.028,4,0.000,0.000,-0.496,10,2.825,-1.028,-0.001,0.652,1.50,1.50,-1.927,-0.473,4.000,-35.697,-26.443,41.000
1744538903.69,-1,2.423,-0.457,-1.028,4,0.000,0.000,-0.452,10,2.825,-1.028,-0.001,0.652,1.50,1.50,-1.927,-0.473,4.000,-35.697,-26.443,41.000
1744538903.69,-1,2.423,-0.457,-1.026,4,0.000,0.000,-0.452,10,2.825,-1.026,-0.001,0.655,1.50,1.50,-1.927,-0.473,4.000,-35.697,-26.443,41.000
1744538903.69,-1,2.423,-0.457,-1.026,4,0.000,0.000,-0.452,10,2.825,-1.026,-0.001,0.655,1.50,1.50,-1.927,-0.473,4.000,-35.697,-26.443,41.000
1744538903.71,-1,2.423,-0.457,-1.024,4,0.000,0.000,-0.317,10,2.825,-1.024,-0.001,0.657,1.50,1.50,-1.927,-0.473,4.000,-35.697,-26.443,41.000
1744538903.71,-1,2.423,-0.457,-1.022,4,0.000,0.000,-0.317,10,2.825,-1.022,-0.001,0.658,1.50,1.50,-1.927,-0.473,4.000,-35.697,-26.443,41.000
1744538903.72,-1,2.423,-0.457,-1.021,4,0.000,0.000,-0.274,10,2.825,-1.021,-0.001,0.659,1.50,1.50,-1.927,-0.473,4.000,-35.697,-26.443,41.000
1744538903.72,-1,2.423,-0.457,-1.019,4,0.000,0.000,-0.274,10,2.825,-1.019,-0.001,0.662,1.50,1.50,-1.927,-0.473,4.000,-35.697,-26.443,41.000
1744538903.72,-1,2.423,-0.457,-1.019,4,0.000,0.000,-0.274,10,2.825,-1.019,-0.001,0.662,1.50,1.50,-1.927,-0.473,4.000,-35.697,-26.443,41.000
1744538903.74,-1,2.423,-0.457,-1.015,4,0.000,0.000,-0.261,10,2.825,-1.015,-0.001,0.665,1.50,1.50,-1.927,-0.473,4.000,-35.697,-26.443,41.000
1744538903.74,-1,2.423,-0.457,-1.015,4,0.000,0.000,-0.261,10,2.825,-1.015,-0.001,0.665,1.50,1.50,-1.927,-0.473,4.000,-35.697,-26.443,41.000
1744538903.74,-1,2.423,-0.457,-1.012,4,0.000,0.000,-0.248,10,2.826,-1.012,-0.001,0.668,1.50,1.50,-1.927,-0.473,4.000,-35.697,-26.443,41.000
1744538903.74,-1,2.423,-0.457,-1.005,4,0.000,0.000,-0.248,10,2.826,-1.005,-0.001,0.675,1.50,1.50,-1.927,-0.473,4.000,-35.697,-26.443,41.000
1744538903.74,-1,2.423,-0.457,-1.005,4,0.000,0.000,-0.248,10,2.826,-1.005,-0.001,0.675,1.50,1.50,-1.927,-0.473,4.000,-35.697,-26.443,41.000
1744538903.76,-1,2.423,-0.457,-1.000,4,0.000,0.000,-0.470,10,2.825,-1.000,-0.001,0.680,1.50,1.50,-1.927,-0.473,4.000,-35.697,-26.443,41.000
1744538903.76,-1,2.423,-0.457,-0.997,4,0.000,0.000,-0.470,10,2.825,-0.997,-0.001,0.683,1.50,1.50,-1.927,-0.473,4.000,-35.697,-26.443,41.000
1744538903.77,-1,2.423,-0.457,-0.997,4,0.000,0.000,-0.570,10,2.825,-0.997,-0.001,0.683,1.50,1.50,-1.927,-0.473,4.000,-35.697,-26.443,41.000
1744538903.77,-1,2.423,-0.457,-0.995,4,0.000,0.000,-0.570,10,2.825,-0.995,-0.001,0.686,1.50,1.50,-1.927,-0.473,4.000,-35.697,-26.443,41.000
1744538903.79,-1,2.423,-0.457,-0.995,4,0.000,0.000,-0.570,10,2.825,-0.995,-0.001,0.686,1.50,1.50,-1.927,-0.473,4.000,-35.697,-26.443,41.000
1744538903.80,-1,2.423,-0.457,-0.992,4,0.000,0.000,-0.448,10,2.825,-0.992,-0.001,0.688,1.50,1.50,-1.927,-0.473,4.000,-35.697,-26.443,41.000
1744538903.80,-1,2.423,-0.457,-0.991,4,0.000,0.000,-0.448,10,2.825,-0.991,-0.001,0.689,1.50,1.50,-1.927,-0.473,4.000,-35.697,-26.443,41.000
1744538903.80,-1,2.423,-0.457,-0.989,4,0.000,0.000,-0.352,10,2.825,-0.989,-0.001,0.692,1.50,1.50,-1.927,-0.473,4.000,-35.697,-26.443,41.000
1744538903.81,-1,2.423,-0.457,-0.989,4,0.000,0.000,-0.352,10,2.825,-0.989,-0.001,0.692,1.50,1.50,-1.927,-0.473,4.000,-35.697,-26.443,41.000
1744538903.81,-1,2.423,-0.457,-0.989,4,0.000,0.000,-0.352,10,2.825,-0.989,-0.001,0.692,1.50,1.50,-1.927,-0.473,4.000,-35.697,-26.443,41.000
1744538903.81,-1,2.423,-0.457,-0.987,4,0.000,0.000,-0.313,10,2.825,-0.987,-0.001,0.694,1.50,1.50,-1.927,-0.473,4.000,-35.697,-26.443,41.000
1744538903.81,-1,2.423,-0.458,-0.985,4,0.000,0.000,-0.313,10,2.825,-0.985,-0.001,0.695,1.50,1.50,-1.927,-0.473,4.000,-35.697,-26.443,41.000
1744538903.85,-1,2.423,-0.458,-0.983,4,0.000,0.000,-0.265,10,2.825,-0.983,-0.001,0.697,1.50,1.50,-1.927,-0.473,4.000,-35.697,-26.443,41.000
1744538903.85,-1,2.423,-0.457,-0.977,4,0.000,0.000,-0.265,10,2.825,-0.977,-0.001,0.703,1.50,1.50,-1.927,-0.473,4.000,-35.697,-26.443,41.000
1744538903.85,-1,2.423,-0.457,-0.977,4,0.000,0.000,-0.265,10,2.825,-0.977,-0.001,0.703,1.50,1.50,-1.927,-0.473,4.000,-35.697,-26.443,41.000
1744538903.85,-1,2.423,-0.457,-0.971,4,0.000,0.000,-0.304,10,2.825,-0.971,-0.001,0.709,1.50,1.50,-1.927,-0.473,4.000,-35.697,-26.443,41.000
1744538903.85,-1,2.423,-0.457,-0.970,4,0.000,0.000,-0.304,10,2.825,-0.970,-0.001,0.710,1.50,1.50,-1.927,-0.473,4.000,-35.697,-26.443,41.000
1744538903.87,-1,2.423,-0.457,-0.967,4,0.000,0.000,-0.530,10,2.825,-0.967,-0.001,0.714,1.50,1.50,-1.927,-0.473,4.000,-35.697,-26.443,41.000
1744538903.87,-1,2.423,-0.457,-0.963,4,0.000,0.000,-0.530,10,2.825,-0.963,-0.001,0.717,1.50,1.50,-1.927,-0.473,4.000,-35.697,-26.443,41.000
1744538903.88,-1,2.423,-0.457,-0.963,4,0.000,0.000,-0.530,10,2.825,-0.963,-0.001,0.717,1.50,1.50,-1.927,-0.473,4.000,-35.697,-26.443,41.000
1744538903.88,-1,2.423,-0.457,-0.959,4,0.000,0.000,-0.509,10,2.825,-0.959,-0.001,0.722,1.50,1.50,-1.927,-0.473,4.000,-35.697,-26.443,41.000
1744538903.89,-1,2.423,-0.457,-0.958,4,0.000,0.000,-0.509,10,2.825,-0.958,-0.001,0.723,1.50,1.50,-1.927,-0.473,4.000,-35.697,-26.443,41.000
1744538903.89,-1,2.423,-0.457,-0.956,4,0.000,0.000,-0.461,10,2.825,-0.956,-0.001,0.724,1.50,1.50,-1.927,-0.473,4.000,-35.697,-26.443,41.000
1744538903.89,-1,2.423,-0.457,-0.956,4,0.000,0.000,-0.461,10,2.825,-0.956,-0.001,0.724,1.50,1.50,-1.927,-0.473,4.000,-35.697,-26.443,41.000
1744538903.89,-1,2.423,-0.457,-0.956,4,0.000,0.000,-0.461,10,2.825,-0.956,-0.001,0.724,1.50,1.50,-1.927,-0.473,4.000,-35.697,-26.443,41.000
1744538903.92,-1,2.423,-0.458,-0.954,4,0.000,0.000,-0.404,10,2.825,-0.954,-0.001,0.726,1.50,1.50,-1.927,-0.473,4.000,-35.697,-26.443,41.000
1744538903.92,-1,2.423,-0.458,-0.954,4,0.000,0.000,-0.404,10,2.825,-0.954,-0.001,0.726,1.50,1.50,-1.927,-0.473,4.000,-35.697,-26.443,41.000
1744538903.92,-1,2.423,-0.458,-0.953,4,0.000,0.000,-0.278,10,2.825,-0.953,-0.001,0.727,1.50,1.50,-1.927,-0.473,4.000,-35.697,-26.443,41.000
1744538903.92,-1,2.423,-0.458,-0.948,4,0.000,0.000,-0.278,10,2.825,-0.948,-0.001,0.732,1.50,1.50,-1.927,-0.473,4.000,-35.697,-26.443,41.000
1744538903.92,-1,2.423,-0.458,-0.948,4,0.000,0.000,-0.278,10,2.825,-0.948,-0.001,0.732,1.50,1.50,-1.927,-0.473,4.000,-35.697,-26.443,41.000
1744538903.96,-1,2.423,-0.458,-0.945,4,0.000,0.000,-0.270,10,2.825,-0.945,-0.001,0.736,1.50,1.50,-1.927,-0.473,4.000,-35.697,-26.443,41.000
1744538903.96,-1,2.423,-0.458,-0.943,4,0.000,0.000,-0.270,10,2.825,-0.943,-0.001,0.738,1.50,1.50,-1.927,-0.473,4.000,-35.697,-26.443,41.000
1744538903.96,-1,2.423,-0.458,-0.940,4,0.000,0.000,-0.365,10,2.825,-0.940,-0.001,0.740,1.50,1.50,-1.927,-0.473,4.000,-35.697,-26.443,41.000
1744538903.96,-1,2.423,-0.458,-0.933,4,0.000,0.000,-0.365,10,2.825,-0.933,-0.001,0.747,1.50,1.50,-1.927,-0.473,4.000,-35.697,-26.443,41.000
1744538903.96,-1,2.423,-0.458,-0.933,4,0.000,0.000,-0.365,10,2.825,-0.933,-0.001,0.747,1.50,1.50,-1.927,-0.473,4.000,-35.697,-26.443,41.000
1744538903.98,-1,2.423,-0.458,-0.927,4,0.000,0.000,-0.535,10,2.825,-0.927,-0.001,0.753,1.50,1.50,-1.927,-0.473,4.000,-35.697,-26.443,41.000
1744538903.98,-1,2.423,-0.457,-0.926,4,0.000,0.000,-0.535,10,2.825,-0.926,-0.001,0.754,1.50,1.50,-1.927,-0.473,4.000,-35.697,-26.443,41.000
1744538903.98,-1,2.423,-0.458,-0.925,4,0.000,0.000,-0.539,10,2.825,-0.925,-0.001,0.755,1.50,1.50,-1.927,-0.473,4.000,-35.697,-26.443,41.000
1744538903.98,-1,2.423,-0.458,-0.924,4,0.000,0.000,-0.539,10,2.825,-0.924,-0.001,0.756,1.50,1.50,-1.927,-0.473,4.000,-35.697,-26.443,41.000
1744538903.98,-1,2.423,-0.458,-0.924,4,0.000,0.000,-0.539,10,2.825,-0.924,-0.001,0.756,1.50,1.50,-1.927,-0.473,4.000,-35.697,-26.443,41.000
# remark: robobot/cmd/ti/alive 2025-04-13 12:07:52.918866
1744538903.99,-1,2.423,-0.458,-0.923,4,0.000,0.000,-0.422,10,2.825,-0.923,-0.001,0.757,1.50,1.50,-1.927,-0.473,4.000,-35.697,-26.443,41.000
1744538903.99,-1,2.423,-0.458,-0.922,4,0.000,0.000,-0.422,10,2.825,-0.922,-0.001,0.759,1.50,1.50,-1.927,-0.473,4.000,-35.697,-26.443,41.000
# remark: robobot/cmd/ti/rc 0.0 0.0
1744538904.01,-1,2.424,-0.458,-0.919,4,0.000,0.000,-0.296,10,2.825,-0.919,-0.001,0.761,1.50,1.50,-1.927,-0.473,4.000,-35.697,-26.443,41.000
1744538904.03,-1,2.424,-0.458,-0.917,4,0.000,0.000,-0.296,10,2.825,-0.917,-0.001,0.763,1.50,1.50,-1.927,-0.473,4.000,-35.697,-26.443,41.000
1744538904.03,-1,2.424,-0.458,-0.917,4,0.000,0.000,-0.296,10,2.825,-0.917,-0.001,0.763,1.50,1.50,-1.927,-0.473,4.000,-35.697,-26.443,41.000
1744538904.03,-1,2.424,-0.458,-0.914,4,0.000,0.000,-0.317,10,2.825,-0.914,-0.001,0.767,1.50,1.50,-1.927,-0.473,4.000,-35.697,-26.443,41.000
1744538904.03,-1,2.424,-0.458,-0.914,4,0.000,0.000,-0.317,10,2.825,-0.914,-0.001,0.767,1.50,1.50,-1.927,-0.473,4.000,-35.697,-26.443,41.000
1744538904.04,-1,2.424,-0.458,-0.914,4,0.000,0.000,-0.283,10,2.826,-0.914,-0.001,0.767,1.50,1.50,-1.927,-0.473,4.000,-35.697,-26.443,41.000
1744538904.06,-1,2.423,-0.458,-0.911,4,0.000,0.000,-0.283,10,2.826,-0.911,-0.001,0.769,1.50,1.50,-1.927,-0.473,4.000,-35.697,-26.443,41.000
1744538904.06,-1,2.423,-0.458,-0.911,4,0.000,0.000,-0.283,10,2.826,-0.911,-0.001,0.769,1.50,1.50,-1.927,-0.473,4.000,-35.697,-26.443,41.000
1744538904.06,-1,2.423,-0.458,-0.909,4,0.000,0.000,-0.222,10,2.826,-0.909,-0.001,0.771,1.50,1.50,-1.927,-0.473,4.000,-35.697,-26.443,41.000
1744538904.06,-1,2.423,-0.458,-0.909,4,0.000,0.000,-0.222,10,2.826,-0.909,-0.001,0.771,1.50,1.50,-1.927,-0.473,4.000,-35.697,-26.443,41.000
1744538904.08,-1,2.423,-0.458,-0.908,4,0.000,0.000,-0.239,10,2.826,-0.908,-0.001,0.773,1.50,1.50,-1.927,-0.473,4.000,-35.697,-26.443,41.000
1744538904.08,-1,2.423,-0.458,-0.908,4,0.000,0.000,-0.239,10,2.826,-0.908,-0.001,0.773,1.50,1.50,-1.927,-0.473,4.000,-35.697,-26.443,41.000
1744538904.08,-1,2.423,-0.458,-0.908,4,0.000,0.000,-0.239,10,2.826,-0.908,-0.001,0.773,1.50,1.50,-1.927,-0.473,4.000,-35.697,-26.443,41.000
1744538904.09,-1,2.423,-0.458,-0.908,4,0.000,0.000,-0.217,10,2.826,-0.908,-0.001,0.773,1.50,1.50,-1.927,-0.473,4.000,-35.697,-26.443,41.000
1744538904.09,-1,2.423,-0.458,-0.908,4,0.000,0.000,-0.217,10,2.826,-0.908,-0.001,0.773,1.50,1.50,-1.927,-0.473,4.000,-35.697,-26.443,41.000
1744538904.09,-1,2.423,-0.458,-0.908,4,0.000,0.000,-0.200,10,2.825,-0.908,-0.001,0.773,1.50,1.50,-1.927,-0.473,4.000,-35.697,-26.443,41.000
1744538904.09,-1,2.423,-0.458,-0.908,4,0.000,0.000,-0.200,10,2.825,-0.908,-0.001,0.773,1.50,1.50,-1.927,-0.473,4.000,-35.697,-26.443,41.000
1744538904.11,-1,2.423,-0.458,-0.908,4,0.000,0.000,-0.200,10,2.825,-0.908,-0.001,0.773,1.50,1.50,-1.927,-0.473,4.000,-35.697,-26.443,41.000
1744538904.12,-1,2.423,-0.458,-0.908,4,0.000,0.000,-0.152,10,2.825,-0.908,-0.001,0.773,1.50,1.50,-1.927,-0.473,4.000,-35.697,-26.443,41.000
1744538904.12,-1,2.423,-0.458,-0.908,4,0.000,0.000,-0.152,10,2.825,-0.908,-0.001,0.773,1.50,1.50,-1.927,-0.473,4.000,-35.697,-26.443,41.000
1744538904.12,-1,2.423,-0.458,-0.908,4,0.000,0.000,-0.122,10,2.825,-0.908,-0.001,0.773,1.50,1.50,-1.927,-0.473,4.000,-35.697,-26.443,41.000
1744538904.15,-1,2.423,-0.458,-0.908,4,0.000,0.000,-0.122,10,2.825,-0.908,-0.001,0.773,1.50,1.50,-1.927,-0.473,4.000,-35.697,-26.443,41.000
1744538904.15,-1,2.423,-0.458,-0.908,4,0.000,0.000,-0.122,10,2.825,-0.908,-0.001,0.773,1.50,1.50,-1.927,-0.473,4.000,-35.697,-26.443,41.000
1744538904.15,-1,2.423,-0.458,-0.908,4,0.000,0.000,-0.100,10,2.825,-0.908,-0.001,0.773,1.50,1.50,-1.927,-0.473,4.000,-35.697,-26.443,41.000
1744538904.15,-1,2.423,-0.458,-0.908,4,0.000,0.000,-0.100,10,2.825,-0.908,-0.001,0.773,1.50,1.50,-1.927,-0.473,4.000,-35.697,-26.443,41.000
1744538904.16,-1,2.423,-0.458,-0.908,4,0.000,0.000,-0.083,10,2.825,-0.908,-0.001,0.773,1.50,1.50,-1.927,-0.473,4.000,-35.697,-26.443,41.000
1744538904.18,-1,2.423,-0.458,-0.908,4,0.000,0.000,-0.083,10,2.825,-0.908,-0.001,0.773,1.50,1.50,-1.927,-0.473,4.000,-35.697,-26.443,41.000
1744538904.18,-1,2.423,-0.458,-0.908,4,0.000,0.000,-0.083,10,2.825,-0.908,-0.001,0.773,1.50,1.50,-1.927,-0.473,4.000,-35.697,-26.443,41.000
1744538904.18,-1,2.423,-0.458,-0.908,4,0.000,0.000,-0.074,10,2.825,-0.908,-0.001,0.773,1.50,1.50,-1.927,-0.473,4.000,-35.697,-26.443,41.000
1744538904.18,-1,2.423,-0.458,-0.908,4,0.000,0.000,-0.074,10,2.825,-0.908,-0.001,0.773,1.50,1.50,-1.927,-0.473,4.000,-35.697,-26.443,41.000
1744538904.21,-1,2.423,-0.458,-0.908,4,0.000,0.000,-0.070,10,2.825,-0.908,-0.001,0.773,1.50,1.50,-1.927,-0.473,4.000,-35.697,-26.443,41.000
1744538904.21,-1,2.423,-0.458,-0.908,4,0.000,0.000,-0.070,10,2.825,-0.908,-0.001,0.773,1.50,1.50,-1.927,-0.473,4.000,-35.697,-26.443,41.000
1744538904.21,-1,2.423,-0.458,-0.908,4,0.000,0.000,-0.070,10,2.825,-0.908,-0.001,0.773,1.50,1.50,-1.927,-0.473,4.000,-35.697,-26.443,41.000
1744538904.21,-1,2.423,-0.458,-0.908,4,0.000,0.000,-0.061,10,2.825,-0.908,-0.001,0.773,1.50,1.50,-1.927,-0.473,4.000,-35.697,-26.443,41.000
1744538904.21,-1,2.423,-0.458,-0.908,4,0.000,0.000,-0.061,10,2.825,-0.908,-0.001,0.773,1.50,1.50,-1.927,-0.473,4.000,-35.697,-26.443,41.000
1744538904.22,-1,2.423,-0.458,-0.908,4,0.000,0.000,-0.057,10,2.825,-0.908,-0.001,0.773,1.50,1.50,-1.927,-0.473,4.000,-35.697,-26.443,41.000
1744538904.24,-1,2.423,-0.458,-0.908,4,0.000,0.000,-0.057,10,2.825,-0.908,-0.001,0.773,1.50,1.50,-1.927,-0.473,4.000,-35.697,-26.443,41.000
1744538904.24,-1,2.423,-0.458,-0.908,4,0.000,0.000,-0.057,10,2.825,-0.908,-0.001,0.773,1.50,1.50,-1.927,-0.473,4.000,-35.697,-26.443,41.000
1744538904.24,-1,2.423,-0.458,-0.908,4,0.000,0.000,-0.048,10,2.825,-0.908,-0.001,0.773,1.50,1.50,-1.927,-0.473,4.000,-35.697,-26.443,41.000
1744538904.24,-1,2.423,-0.458,-0.908,4,0.000,0.000,-0.048,10,2.825,-0.908,-0.001,0.773,1.50,1.50,-1.927,-0.473,4.000,-35.697,-26.443,41.000
1744538904.26,-1,2.423,-0.458,-0.908,4,0.000,0.000,-0.048,10,2.825,-0.908,-0.001,0.773,1.50,1.50,-1.927,-0.473,4.000,-35.697,-26.443,41.000
1744538904.26,-1,2.423,-0.458,-0.908,4,0.000,0.000,-0.048,10,2.825,-0.908,-0.001,0.773,1.50,1.50,-1.927,-0.473,4.000,-35.697,-26.443,41.000
1744538904.26,-1,2.423,-0.458,-0.908,4,0.000,0.000,-0.048,10,2.825,-0.908,-0.001,0.773,1.50,1.50,-1.927,-0.473,4.000,-35.697,-26.443,41.000
1744538904.27,-1,2.423,-0.458,-0.908,4,0.000,0.000,-0.043,10,2.825,-0.908,-0.001,0.773,1.50,1.50,-1.927,-0.473,4.000,-35.697,-26.443,41.000
1744538904.28,-1,2.423,-0.458,-0.908,4,0.000,0.000,-0.043,10,2.825,-0.908,-0.001,0.773,1.50,1.50,-1.927,-0.473,4.000,-35.697,-26.443,41.000
1744538904.29,-1,2.423,-0.458,-0.908,4,0.000,0.000,-0.039,10,2.825,-0.908,-0.001,0.773,1.50,1.50,-1.927,-0.473,4.000,-35.697,-26.443,41.000
1744538904.29,-1,2.423,-0.458,-0.908,4,0.000,0.000,-0.039,10,2.825,-0.908,-0.001,0.773,1.50,1.50,-1.927,-0.473,4.000,-35.697,-26.443,41.000
1744538904.29,-1,2.423,-0.458,-0.908,4,0.000,0.000,-0.039,10,2.825,-0.908,-0.001,0.773,1.50,1.50,-1.927,-0.473,4.000,-35.697,-26.443,41.000
1744538904.31,-1,2.423,-0.458,-0.908,4,0.000,0.000,-0.039,10,2.825,-0.908,-0.001,0.773,1.50,1.50,-1.927,-0.473,4.000,-35.697,-26.443,41.000
1744538904.31,-1,2.423,-0.458,-0.908,4,0.000,0.000,-0.039,10,2.825,-0.908,-0.001,0.773,1.50,1.50,-1.927,-0.473,4.000,-35.697,-26.443,41.000
1744538904.31,-1,2.423,-0.458,-0.908,4,0.000,0.000,-0.035,10,2.825,-0.908,-0.001,0.773,1.50,1.50,-1.927,-0.473,4.000,-35.697,-26.443,41.000
1744538904.31,-1,2.423,-0.458,-0.908,4,0.000,0.000,-0.035,10,2.825,-0.908,-0.001,0.773,1.50,1.50,-1.927,-0.473,4.000,-35.697,-26.443,41.000
1744538904.31,-1,2.423,-0.458,-0.908,4,0.000,0.000,-0.035,10,2.825,-0.908,-0.001,0.773,1.50,1.50,-1.927,-0.473,4.000,-35.697,-26.443,41.000
1744538904.33,-1,2.423,-0.458,-0.908,4,0.000,0.000,-0.035,10,2.825,-0.908,-0.001,0.773,1.50,1.50,-1.927,-0.473,4.000,-35.697,-26.443,41.000
1744538904.33,-1,2.423,-0.458,-0.908,4,0.000,0.000,-0.035,10,2.825,-0.908,-0.001,0.773,1.50,1.50,-1.927,-0.473,4.000,-35.697,-26.443,41.000
1744538904.34,-1,2.423,-0.458,-0.908,4,0.000,0.000,-0.030,10,2.825,-0.908,-0.001,0.773,1.50,1.50,-1.927,-0.473,4.000,-35.697,-26.443,41.000
1744538904.36,-1,2.423,-0.458,-0.908,4,0.000,0.000,-0.030,10,2.825,-0.908,-0.001,0.773,1.50,1.50,-1.927,-0.473,4.000,-35.697,-26.443,41.000
1744538904.36,-1,2.423,-0.458,-0.908,4,0.000,0.000,-0.030,10,2.825,-0.908,-0.001,0.773,1.50,1.50,-1.927,-0.473,4.000,-35.697,-26.443,41.000
1744538904.36,-1,2.423,-0.458,-0.908,4,0.000,0.000,-0.030,10,2.825,-0.908,-0.001,0.773,1.50,1.50,-1.927,-0.473,4.000,-35.697,-26.443,41.000
1744538904.36,-1,2.423,-0.458,-0.908,4,0.000,0.000,-0.030,10,2.825,-0.908,-0.001,0.773,1.50,1.50,-1.927,-0.473,4.000,-35.697,-26.443,41.000
1744538904.36,-1,2.423,-0.458,-0.908,4,0.000,0.000,-0.030,10,2.825,-0.908,-0.001,0.773,1.50,1.50,-1.927,-0.473,4.000,-35.697,-26.443,41.000
1744538904.38,-1,2.423,-0.458,-0.908,4,0.000,0.000,-0.030,10,2.825,-0.908,-0.001,0.773,1.50,1.50,-1.927,-0.473,4.000,-35.697,-26.443,41.000
1744538904.38,-1,2.423,-0.458,-0.908,4,0.000,0.000,-0.030,10,2.825,-0.908,-0.001,0.773,1.50,1.50,-1.927,-0.473,4.000,-35.697,-26.443,41.000
1744538904.39,-1,2.423,-0.458,-0.908,4,0.000,0.000,-0.026,10,2.825,-0.908,-0.001,0.773,1.50,1.50,-1.927,-0.473,4.000,-35.697,-26.443,41.000
1744538904.39,-1,2.423,-0.458,-0.908,4,0.000,0.000,-0.026,10,2.825,-0.908,-0.001,0.773,1.50,1.50,-1.927,-0.473,4.000,-35.697,-26.443,41.000
1744538904.41,-1,2.423,-0.458,-0.908,4,0.000,0.000,-0.026,10,2.825,-0.908,-0.001,0.773,1.50,1.50,-1.927,-0.473,4.000,-35.697,-26.443,41.000
1744538904.41,-1,2.423,-0.458,-0.908,4,0.000,0.000,-0.026,10,2.825,-0.908,-0.001,0.773,1.50,1.50,-1.927,-0.473,4.000,-35.697,-26.443,41.000
1744538904.41,-1,2.423,-0.458,-0.908,4,0.000,0.000,-0.026,10,2.825,-0.908,-0.001,0.773,1.50,1.50,-1.927,-0.473,4.000,-35.697,-26.443,41.000
1744538904.42,-1,2.423,-0.458,-0.908,4,0.000,0.000,-0.026,10,2.825,-0.908,-0.001,0.773,1.50,1.50,-1.927,-0.473,4.000,-35.697,-26.443,41.000
1744538904.44,-1,2.423,-0.458,-0.908,4,0.000,0.000,-0.026,10,2.825,-0.908,-0.001,0.773,1.50,1.50,-1.927,-0.473,4.000,-35.697,-26.443,41.000
1744538904.44,-1,2.423,-0.458,-0.908,4,0.000,0.000,-0.026,10,2.825,-0.908,-0.001,0.773,1.50,1.50,-1.927,-0.473,4.000,-35.697,-26.443,41.000
1744538904.44,-1,2.423,-0.458,-0.908,4,0.000,0.000,-0.026,10,2.825,-0.908,-0.001,0.773,1.50,1.50,-1.927,-0.473,4.000,-35.697,-26.443,41.000
1744538904.44,-1,2.423,-0.458,-0.908,4,0.000,0.000,-0.026,10,2.825,-0.908,-0.001,0.773,1.50,1.50,-1.927,-0.473,4.000,-35.697,-26.443,41.000
1744538904.46,-1,2.423,-0.458,-0.908,4,0.000,0.000,-0.026,10,2.825,-0.908,-0.001,0.773,1.50,1.50,-1.927,-0.473,4.000,-35.697,-26.443,41.000
1744538904.46,-1,2.423,-0.458,-0.908,4,0.000,0.000,-0.026,10,2.825,-0.908,-0.001,0.773,1.50,1.50,-1.927,-0.473,4.000,-35.697,-26.443,41.000
1744538904.46,-1,2.423,-0.458,-0.908,4,0.000,0.000,-0.022,10,2.825,-0.908,-0.001,0.773,1.50,1.50,-1.927,-0.473,4.000,-35.697,-26.443,41.000
1744538904.46,-1,2.423,-0.458,-0.908,4,0.000,0.000,-0.022,10,2.825,-0.908,-0.001,0.773,1.50,1.50,-1.927,-0.473,4.000,-35.697,-26.443,41.000
1744538904.46,-1,2.423,-0.458,-0.908,4,0.000,0.000,-0.022,10,2.825,-0.908,-0.001,0.773,1.50,1.50,-1.927,-0.473,4.000,-35.697,-26.443,41.000
1744538904.49,-1,2.423,-0.458,-0.908,4,0.000,0.000,-0.022,10,2.825,-0.908,-0.001,0.773,1.50,1.50,-1.927,-0.473,4.000,-35.697,-26.443,41.000
1744538904.49,-1,2.423,-0.458,-0.908,4,0.000,0.000,-0.022,10,2.825,-0.908,-0.001,0.773,1.50,1.50,-1.927,-0.473,4.000,-35.697,-26.443,41.000
1744538904.49,-1,2.423,-0.458,-0.908,4,0.000,0.000,-0.022,10,2.825,-0.908,-0.001,0.773,1.50,1.50,-1.927,-0.473,4.000,-35.697,-26.443,41.000
1744538904.49,-1,2.423,-0.458,-0.908,4,0.000,0.000,-0.022,10,2.825,-0.908,-0.001,0.773,1.50,1.50,-1.927,-0.473,4.000,-35.697,-26.443,41.000
1744538904.49,-1,2.423,-0.458,-0.908,4,0.000,0.000,-0.022,10,2.825,-0.908,-0.001,0.773,1.50,1.50,-1.927,-0.473,4.000,-35.697,-26.443,41.000
1744538904.51,-1,2.423,-0.458,-0.908,4,0.000,0.000,-0.017,10,2.825,-0.908,-0.001,0.773,1.50,1.50,-1.927,-0.473,4.000,-35.697,-26.443,41.000
1744538904.51,-1,2.423,-0.458,-0.908,4,0.000,0.000,-0.017,10,2.825,-0.908,-0.001,0.773,1.50,1.50,-1.927,-0.473,4.000,-35.697,-26.443,41.000
1744538904.51,-1,2.423,-0.458,-0.908,4,0.000,0.000,-0.013,10,2.825,-0.908,-0.001,0.773,1.50,1.50,-1.927,-0.473,4.000,-35.697,-26.443,41.000
1744538904.54,-1,2.423,-0.458,-0.908,4,0.000,0.000,-0.013,10,2.825,-0.908,-0.001,0.773,1.50,1.50,-1.927,-0.473,4.000,-35.697,-26.443,41.000
1744538904.54,-1,2.423,-0.458,-0.908,4,0.000,0.000,-0.013,10,2.825,-0.908,-0.001,0.773,1.50,1.50,-1.927,-0.473,4.000,-35.697,-26.443,41.000
1744538904.54,-1,2.423,-0.458,-0.908,4,0.000,0.000,-0.009,10,2.825,-0.908,-0.001,0.773,1.50,1.50,-1.927,-0.473,4.000,-35.697,-26.443,41.000
1744538904.54,-1,2.423,-0.458,-0.908,4,0.000,0.000,-0.009,10,2.825,-0.908,-0.001,0.773,1.50,1.50,-1.927,-0.473,4.000,-35.697,-26.443,41.000
1744538904.54,-1,2.423,-0.458,-0.908,4,0.000,0.000,-0.009,10,2.825,-0.908,-0.001,0.773,1.50,1.50,-1.927,-0.473,4.000,-35.697,-26.443,41.000
1744538904.56,-1,2.423,-0.458,-0.908,4,0.000,0.000,-0.009,10,2.825,-0.908,-0.001,0.773,1.50,1.50,-1.927,-0.473,4.000,-35.697,-26.443,41.000
1744538904.56,-1,2.423,-0.458,-0.908,4,0.000,0.000,-0.009,10,2.825,-0.908,-0.001,0.773,1.50,1.50,-1.927,-0.473,4.000,-35.697,-26.443,41.000
1744538904.56,-1,2.423,-0.458,-0.908,4,0.000,0.000,-0.004,10,2.825,-0.908,-0.001,0.773,1.50,1.50,-1.927,-0.473,4.000,-35.697,-26.443,41.000
1744538904.56,-1,2.423,-0.458,-0.908,4,0.000,0.000,-0.004,10,2.825,-0.908,-0.001,0.773,1.50,1.50,-1.927,-0.473,4.000,-35.697,-26.443,41.000
# remark: robobot/cmd/ti/alive 2025-04-13 12:07:52.918866
1744538904.59,-1,2.423,-0.458,-0.908,4,0.000,0.000,0.000,10,2.825,-0.908,-0.001,0.773,1.50,1.50,-1.927,-0.473,4.000,-35.697,-26.443,41.000
1744538904.59,-1,2.423,-0.458,-0.908,4,0.000,0.000,0.000,10,2.825,-0.908,-0.001,0.773,1.50,1.50,-1.927,-0.473,4.000,-35.697,-26.443,41.000
1744538904.59,-1,2.423,-0.458,-0.908,4,0.000,0.000,0.000,10,2.825,-0.908,-0.001,0.773,1.50,1.50,-1.927,-0.473,4.000,-35.697,-26.443,41.000
1744538904.59,-1,2.423,-0.458,-0.908,4,0.000,0.000,0.000,10,2.825,-0.908,-0.001,0.773,1.50,1.50,-1.927,-0.473,4.000,-35.697,-26.443,41.000
1744538904.61,-1,2.423,-0.458,-0.908,4,0.000,0.000,0.000,10,2.825,-0.908,-0.001,0.773,1.50,1.50,-1.927,-0.473,4.000,-35.697,-26.443,41.000
1744538904.61,-1,2.423,-0.458,-0.908,4,0.000,0.000,0.000,10,2.825,-0.908,-0.001,0.773,1.50,1.50,-1.927,-0.473,4.000,-35.697,-26.443,41.000
1744538904.61,-1,2.423,-0.458,-0.908,4,0.000,0.000,0.000,10,2.825,-0.908,-0.001,0.773,1.50,1.50,-1.927,-0.473,4.000,-35.697,-26.443,41.000
1744538904.61,-1,2.423,-0.458,-0.908,4,0.000,0.000,0.000,10,2.825,-0.908,-0.001,0.773,1.50,1.50,-1.927,-0.473,4.000,-35.697,-26.443,41.000
1744538904.64,-1,2.423,-0.458,-0.908,4,0.000,0.000,0.000,10,2.825,-0.908,-0.001,0.773,1.50,1.50,-1.927,-0.473,4.000,-35.697,-26.443,41.000
1744538904.64,-1,2.423,-0.458,-0.908,4,0.000,0.000,0.000,10,2.825,-0.908,-0.001,0.773,1.50,1.50,-1.927,-0.473,4.000,-35.697,-26.443,41.000
1744538904.64,-1,2.423,-0.458,-0.908,4,0.000,0.000,0.000,10,2.825,-0.908,-0.001,0.773,1.50,1.50,-1.927,-0.473,4.000,-35.697,-26.443,41.000
1744538904.64,-1,2.423,-0.458,-0.908,4,0.000,0.000,0.000,10,2.825,-0.908,-0.001,0.773,1.50,1.50,-1.927,-0.473,4.000,-35.697,-26.443,41.000
1744538904.64,-1,2.423,-0.458,-0.908,4,0.000,0.000,0.000,10,2.825,-0.908,-0.001,0.773,1.50,1.50,-1.927,-0.473,4.000,-35.697,-26.443,41.000
1744538904.66,-1,2.423,-0.458,-0.908,4,0.000,0.000,0.000,10,2.825,-0.908,-0.001,0.773,1.50,1.50,-1.927,-0.473,4.000,-35.697,-26.443,41.000
1744538904.66,-1,2.423,-0.458,-0.908,4,0.000,0.000,0.000,10,2.825,-0.908,-0.001,0.773,1.50,1.50,-1.927,-0.473,4.000,-35.697,-26.443,41.000
1744538904.66,-1,2.423,-0.458,-0.908,4,0.000,0.000,0.000,10,2.825,-0.908,-0.001,0.773,1.50,1.50,-1.927,-0.473,4.000,-35.697,-26.443,41.000
# remark: robobot/cmd/ti/rc 0.0 0.0
# remark: robobot/cmd/T0/leds 16 0 0 0
# remark: robobot/cmd/T0/leds 16 0 100 0
# remark: robobot/cmd/ti/rc 0.1 0.0
1744538904.67,-1,2.423,-0.458,-0.908,4,0.000,0.000,0.000,10,2.825,-0.908,0.000,0.000,1.50,1.50,-1.927,-0.473,4.000,-35.697,-26.443,41.000
1744538904.70,-1,2.423,-0.458,-0.908,4,0.000,0.000,0.000,10,2.825,-0.908,0.000,0.000,1.50,1.50,-1.927,-0.473,4.000,-35.697,-26.443,41.000
1744538904.70,-1,2.423,-0.458,-0.908,4,0.000,0.000,0.000,10,2.825,-0.908,0.000,0.000,0.35,1.50,-1.927,-0.473,4.000,-35.697,-26.443,41.000
1744538904.70,-1,2.423,-0.458,-0.908,4,0.000,0.000,0.000,10,2.825,-0.908,0.000,0.000,0.35,1.50,-1.927,-0.473,4.000,-35.697,-26.443,41.000
1744538904.70,-1,2.423,-0.458,-0.909,4,0.000,0.000,0.000,10,2.825,-0.909,0.000,-0.001,0.35,1.50,-1.927,-0.473,4.000,-35.697,-26.443,41.000
1744538904.72,-1,2.424,-0.458,-0.910,4,0.000,0.000,0.000,10,2.825,-0.910,0.000,-0.002,0.35,1.50,-1.927,-0.473,4.000,-35.697,-26.443,41.000
1744538904.72,-1,2.424,-0.458,-0.910,4,0.000,0.000,0.000,10,2.825,-0.910,0.000,-0.002,0.35,1.50,-1.927,-0.473,4.000,-35.697,-26.443,41.000
1744538904.72,-1,2.424,-0.458,-0.911,4,0.000,0.000,0.000,10,2.825,-0.911,0.000,-0.003,0.98,1.50,-1.927,-0.473,4.000,-35.697,-26.443,41.000
1744538904.72,-1,2.424,-0.458,-0.911,4,0.000,0.000,0.000,10,2.825,-0.911,0.000,-0.003,0.98,1.50,-1.927,-0.473,4.000,-35.697,-26.443,41.000
1744538904.75,-1,2.424,-0.458,-0.910,4,0.000,0.000,0.035,10,2.825,-0.910,0.000,-0.002,0.98,1.50,-1.927,-0.473,4.000,-35.697,-26.443,41.000
1744538904.75,-1,2.424,-0.459,-0.911,4,0.000,0.000,0.035,10,2.825,-0.911,0.000,-0.003,0.98,1.50,-1.927,-0.473,4.000,-35.697,-26.443,41.000
1744538904.75,-1,2.424,-0.459,-0.911,4,0.000,0.000,0.035,10,2.825,-0.911,0.000,-0.003,0.98,1.50,-1.927,-0.473,4.000,-35.697,-26.443,41.000
1744538904.75,-1,2.424,-0.459,-0.912,4,0.000,0.000,0.096,10,2.825,-0.912,0.000,-0.005,1.50,1.50,-1.927,-0.473,4.000,-35.697,-26.443,41.000
1744538904.75,-1,2.425,-0.460,-0.912,4,0.000,0.000,0.096,10,2.825,-0.912,0.000,-0.005,1.50,1.50,-1.927,-0.473,4.000,-35.697,-26.443,41.000
1744538904.76,-1,2.425,-0.460,-0.911,4,0.000,0.000,0.113,10,2.826,-0.911,0.001,-0.003,1.50,1.50,-1.927,-0.473,4.000,-35.697,-26.443,41.000
1744538904.76,-1,2.425,-0.460,-0.911,4,0.000,0.000,0.113,10,2.826,-0.911,0.001,-0.003,1.50,1.50,-1.927,-0.473,4.000,-35.697,-26.443,41.000
1744538904.76,-1,2.425,-0.460,-0.911,4,0.000,0.000,0.113,10,2.826,-0.911,0.001,-0.003,1.50,1.50,-1.927,-0.473,4.000,-35.697,-26.443,41.000
1744538904.80,-1,2.426,-0.461,-0.911,4,0.000,0.000,0.009,10,2.827,-0.911,0.002,-0.003,1.50,1.50,-1.927,-0.473,4.000,-35.697,-26.443,41.000
1744538904.80,-1,2.426,-0.461,-0.910,4,0.000,0.000,0.009,10,2.827,-0.910,0.002,-0.002,1.50,1.50,-1.927,-0.473,4.000,-35.697,-26.443,41.000
1744538904.80,-1,2.426,-0.461,-0.910,4,0.000,0.000,-0.052,10,2.828,-0.910,0.003,-0.002,1.50,1.50,-1.927,-0.473,4.000,-35.697,-26.443,41.000
1744538904.80,-1,2.426,-0.462,-0.910,4,0.000,0.000,-0.052,10,2.828,-0.910,0.003,-0.002,1.50,1.50,-1.927,-0.473,4.000,-35.697,-26.443,41.000
1744538904.80,-1,2.426,-0.462,-0.910,4,0.000,0.000,-0.052,10,2.828,-0.910,0.003,-0.002,1.50,1.50,-1.927,-0.473,4.000,-35.697,-26.443,41.000
1744538904.82,-1,2.427,-0.462,-0.910,4,0.000,0.000,-0.061,10,2.829,-0.910,0.004,-0.002,1.50,1.50,-1.927,-0.473,4.000,-35.697,-26.443,41.000
1744538904.82,-1,2.427,-0.463,-0.909,4,0.000,0.000,-0.061,10,2.829,-0.909,0.004,-0.001,1.50,1.50,-1.927,-0.473,4.000,-35.697,-26.443,41.000
1744538904.82,-1,2.428,-0.463,-0.909,4,0.000,0.000,-0.030,10,2.830,-0.909,0.005,-0.001,1.50,1.50,-1.927,-0.473,4.000,-35.697,-26.443,41.000
1744538904.82,-1,2.428,-0.464,-0.909,4,0.000,0.000,-0.030,10,2.830,-0.909,0.005,-0.001,1.50,1.50,-1.927,-0.473,4.000,-35.697,-26.443,41.000
1744538904.82,-1,2.428,-0.464,-0.909,4,0.000,0.000,-0.030,10,2.830,-0.909,0.005,-0.001,1.50,1.50,-1.927,-0.473,4.000,-35.697,-26.443,41.000
1744538904.85,-1,2.429,-0.465,-0.909,4,0.000,0.000,-0.048,10,2.832,-0.909,0.007,-0.001,1.50,1.50,-1.927,-0.473,4.000,-35.697,-26.443,41.000
1744538904.85,-1,2.429,-0.465,-0.908,4,0.000,0.000,-0.048,10,2.832,-0.908,0.007,0.000,1.50,1.50,-1.927,-0.473,4.000,-35.697,-26.443,41.000
1744538904.85,-1,2.429,-0.466,-0.909,4,0.000,0.000,-0.039,10,2.833,-0.909,0.008,-0.001,1.50,1.50,-1.927,-0.473,4.000,-35.697,-26.443,41.000
1744538904.86,-1,2.430,-0.467,-0.909,4,0.000,0.000,-0.039,10,2.833,-0.909,0.008,-0.001,1.50,1.50,-1.927,-0.473,4.000,-35.697,-26.443,41.000
1744538904.86,-1,2.430,-0.467,-0.909,4,0.000,0.000,-0.039,10,2.833,-0.909,0.008,-0.001,1.50,1.50,-1.927,-0.473,4.000,-35.697,-26.443,41.000
1744538904.86,-1,2.431,-0.468,-0.908,4,0.000,0.000,-0.022,10,2.835,-0.908,0.010,0.000,1.50,1.50,-1.927,-0.473,4.000,-35.697,-26.443,41.000
1744538904.86,-1,2.431,-0.468,-0.907,4,0.000,0.000,-0.022,10,2.835,-0.907,0.010,0.001,1.50,1.50,-1.927,-0.473,4.000,-35.697,-26.443,41.000
1744538904.87,-1,2.432,-0.468,-0.907,4,0.000,0.000,-0.057,10,2.837,-0.907,0.012,0.001,1.50,1.50,-1.927,-0.473,4.000,-35.697,-26.443,41.000
1744538904.91,-1,2.432,-0.469,-0.907,4,0.000,0.000,-0.057,10,2.837,-0.907,0.012,0.001,1.50,1.50,-1.927,-0.473,4.000,-35.697,-26.443,41.000
1744538904.91,-1,2.432,-0.469,-0.907,4,0.000,0.000,-0.057,10,2.837,-0.907,0.012,0.001,1.50,1.50,-1.927,-0.473,4.000,-35.697,-26.443,41.000
1744538904.91,-1,2.433,-0.470,-0.905,4,0.000,0.000,-0.057,10,2.839,-0.905,0.013,0.002,1.50,1.50,-1.927,-0.473,4.000,-35.697,-26.443,41.000
1744538904.91,-1,2.433,-0.471,-0.905,4,0.000,0.000,-0.057,10,2.839,-0.905,0.013,0.002,1.50,1.50,-1.927,-0.473,4.000,-35.697,-26.443,41.000
1744538904.91,-1,2.434,-0.471,-0.905,4,0.000,0.000,-0.052,10,2.840,-0.905,0.015,0.002,1.50,1.50,-1.927,-0.473,4.000,-35.697,-26.443,41.000
1744538904.92,-1,2.435,-0.472,-0.904,4,0.000,0.000,-0.052,10,2.840,-0.904,0.015,0.003,1.50,1.50,-1.927,-0.473,4.000,-35.697,-26.443,41.000
1744538904.92,-1,2.435,-0.472,-0.904,4,0.000,0.000,-0.052,10,2.840,-0.904,0.015,0.003,1.50,1.50,-1.927,-0.473,4.000,-35.697,-26.443,41.000
1744538904.92,-1,2.435,-0.473,-0.903,4,0.000,0.000,-0.057,10,2.842,-0.903,0.017,0.005,0.49,1.50,-1.927,-0.473,4.000,-35.697,-26.443,41.000
1744538904.92,-1,2.436,-0.474,-0.904,4,0.000,0.000,-0.057,10,2.842,-0.904,0.017,0.003,0.49,1.50,-1.927,-0.473,4.000,-35.697,-26.443,41.000
1744538904.94,-1,2.436,-0.474,-0.903,4,0.000,0.000,-0.100,10,2.844,-0.903,0.019,0.005,0.49,1.50,-1.927,-0.473,4.000,-35.697,-26.443,41.000
1744538904.96,-1,2.437,-0.475,-0.903,4,0.000,0.000,-0.100,10,2.844,-0.903,0.019,0.005,0.49,1.50,-1.927,-0.473,4.000,-35.697,-26.443,41.000
1744538904.96,-1,2.437,-0.475,-0.903,4,0.000,0.000,-0.100,10,2.844,-0.903,0.019,0.005,0.49,1.50,-1.927,-0.473,4.000,-35.697,-26.443,41.000
1744538904.96,-1,2.437,-0.476,-0.903,4,0.000,0.000,-0.030,10,2.846,-0.903,0.021,0.005,1.50,1.50,-1.927,-0.473,4.000,-35.697,-26.443,41.000
1744538904.96,-1,2.438,-0.476,-0.902,4,0.000,0.000,-0.030,10,2.846,-0.902,0.021,0.006,1.50,1.50,-1.927,-0.473,4.000,-35.697,-26.443,41.000
1744538904.96,-1,2.438,-0.477,-0.903,4,0.000,0.000,-0.013,10,2.847,-0.903,0.022,0.005,1.50,1.50,-1.927,-0.473,4.000,-35.697,-26.443,41.000
1744538904.99,-1,2.439,-0.478,-0.903,4,0.000,0.000,-0.013,10,2.847,-0.903,0.022,0.005,1.50,1.50,-1.927,-0.473,4.000,-35.697,-26.443,41.000
1744538904.99,-1,2.439,-0.478,-0.903,4,0.000,0.000,-0.013,10,2.847,-0.903,0.022,0.005,1.50,1.50,-1.927,-0.473,4.000,-35.697,-26.443,41.000
1744538904.99,-1,2.439,-0.478,-0.903,4,0.000,0.000,0.030,10,2.849,-0.903,0.024,0.005,1.50,1.50,-1.927,-0.473,4.000,-35.697,-26.443,41.000
1744538904.99,-1,2.440,-0.479,-0.903,4,0.000,0.000,0.030,10,2.849,-0.903,0.024,0.005,1.50,1.50,-1.927,-0.473,4.000,-35.697,-26.443,41.000
1744538905.01,-1,2.440,-0.479,-0.903,4,0.000,0.000,0.009,10,2.851,-0.903,0.025,0.005,1.50,1.50,-1.927,-0.473,4.000,-35.697,-26.443,41.000
1744538905.01,-1,2.441,-0.480,-0.903,4,0.000,0.000,0.009,10,2.851,-0.903,0.025,0.005,1.50,1.50,-1.927,-0.473,4.000,-35.697,-26.443,41.000
1744538905.01,-1,2.441,-0.480,-0.903,4,0.000,0.000,0.009,10,2.851,-0.903,0.025,0.005,1.50,1.50,-1.927,-0.473,4.000,-35.697,-26.443,41.000
1744538905.01,-1,2.442,-0.481,-0.903,4,0.000,0.000,0.017,10,2.852,-0.903,0.027,0.005,1.50,1.50,-1.927,-0.473,4.000,-35.697,-26.443,41.000
1744538905.02,-1,2.442,-0.482,-0.904,4,0.000,0.000,0.017,10,2.852,-0.904,0.027,0.003,1.50,1.50,-1.927,-0.473,4.000,-35.697,-26.443,41.000
1744538905.04,-1,2.442,-0.482,-0.905,4,0.000,0.000,0.065,10,2.854,-0.905,0.029,0.002,1.50,1.50,-1.927,-0.473,4.000,-35.697,-26.443,41.000
1744538905.04,-1,2.443,-0.483,-0.910,4,0.000,0.000,0.065,10,2.854,-0.910,0.029,-0.002,1.50,1.50,-1.927,-0.473,4.000,-35.697,-26.443,41.000
1744538905.04,-1,2.443,-0.483,-0.910,4,0.000,0.000,0.065,10,2.854,-0.910,0.029,-0.002,1.50,1.50,-1.927,-0.473,4.000,-35.697,-26.443,41.000
1744538905.04,-1,2.443,-0.483,-0.912,4,0.000,0.000,0.217,10,2.856,-0.912,0.030,-0.005,1.50,1.50,-1.927,-0.473,4.000,-35.697,-26.443,41.000
1744538905.04,-1,2.443,-0.484,-0.914,4,0.000,0.000,0.217,10,2.856,-0.914,0.030,-0.006,1.50,1.50,-1.927,-0.473,4.000,-35.697,-26.443,41.000
1744538905.07,-1,2.444,-0.484,-0.914,4,0.000,0.000,0.243,10,2.857,-0.914,0.032,-0.006,1.50,1.50,-1.927,-0.473,4.000,-35.697,-26.443,41.000
1744538905.07,-1,2.444,-0.484,-0.916,4,0.000,0.000,0.243,10,2.857,-0.916,0.032,-0.008,1.50,1.50,-1.927,-0.473,4.000,-35.697,-26.443,41.000
1744538905.07,-1,2.444,-0.484,-0.916,4,0.000,0.000,0.243,10,2.857,-0.916,0.032,-0.008,1.50,1.50,-1.927,-0.473,4.000,-35.697,-26.443,41.000
1744538905.08,-1,2.445,-0.485,-0.917,4,0.000,0.000,0.191,10,2.858,-0.917,0.033,-0.009,1.50,1.50,-1.927,-0.473,4.000,-35.697,-26.443,41.000
1744538905.08,-1,2.445,-0.485,-0.918,4,0.000,0.000,0.191,10,2.858,-0.918,0.033,-0.010,1.50,1.50,-1.927,-0.473,4.000,-35.697,-26.443,41.000
1744538905.09,-1,2.445,-0.486,-0.919,4,0.000,0.000,0.174,10,2.859,-0.919,0.034,-0.012,1.50,1.50,-1.927,-0.473,4.000,-35.697,-26.443,41.000
1744538905.09,-1,2.445,-0.486,-0.919,4,0.000,0.000,0.174,10,2.859,-0.919,0.034,-0.012,1.50,1.50,-1.927,-0.473,4.000,-35.697,-26.443,41.000
1744538905.09,-1,2.445,-0.486,-0.919,4,0.000,0.000,0.174,10,2.859,-0.919,0.034,-0.012,1.50,1.50,-1.927,-0.473,4.000,-35.697,-26.443,41.000
# remark: robobot/cmd/ti/alive 2025-04-13 12:07:52.918866
1744538905.13,-1,2.446,-0.487,-0.920,4,0.000,0.000,0.100,10,2.860,-0.920,0.035,-0.013,1.50,1.50,-1.927,-0.473,4.000,-35.697,-26.443,41.000
1744538905.13,-1,2.446,-0.487,-0.923,4,0.000,0.000,0.100,10,2.860,-0.923,0.035,-0.015,1.50,1.50,-1.927,-0.473,4.000,-35.697,-26.443,41.000
1744538905.13,-1,2.447,-0.488,-0.923,4,0.000,0.000,0.113,10,2.862,-0.923,0.036,-0.015,1.50,1.50,-1.927,-0.473,4.000,-35.697,-26.443,41.000
1744538905.13,-1,2.447,-0.488,-0.924,4,0.000,0.000,0.113,10,2.862,-0.924,0.036,-0.016,1.50,1.50,-1.927,-0.473,4.000,-35.697,-26.443,41.000
1744538905.13,-1,2.447,-0.488,-0.924,4,0.000,0.000,0.113,10,2.862,-0.924,0.036,-0.016,1.50,1.50,-1.927,-0.473,4.000,-35.697,-26.443,41.000
1744538905.14,-1,2.447,-0.489,-0.925,4,0.000,0.000,0.157,10,2.863,-0.925,0.038,-0.017,1.50,1.50,-1.927,-0.473,4.000,-35.697,-26.443,41.000
1744538905.14,-1,2.448,-0.489,-0.926,4,0.000,0.000,0.157,10,2.863,-0.926,0.038,-0.018,1.50,1.50,-1.927,-0.473,4.000,-35.697,-26.443,41.000
1744538905.16,-1,2.448,-0.489,-0.927,4,0.000,0.000,0.122,10,2.864,-0.927,0.039,-0.020,1.50,1.50,-1.927,-0.473,4.000,-35.697,-26.443,41.000
1744538905.16,-1,2.448,-0.490,-0.929,4,0.000,0.000,0.122,10,2.864,-0.929,0.039,-0.021,1.50,1.50,-1.927,-0.473,4.000,-35.697,-26.443,41.000
1744538905.16,-1,2.448,-0.490,-0.929,4,0.000,0.000,0.122,10,2.864,-0.929,0.039,-0.021,1.50,1.50,-1.927,-0.473,4.000,-35.697,-26.443,41.000
1744538905.18,-1,2.449,-0.491,-0.931,4,0.000,0.000,0.204,10,2.865,-0.931,0.040,-0.023,1.50,1.50,-1.927,-0.473,4.000,-35.697,-26.443,41.000
1744538905.18,-1,2.449,-0.491,-0.932,4,0.000,0.000,0.204,10,2.865,-0.932,0.040,-0.024,1.50,1.50,-1.927,-0.473,4.000,-35.697,-26.443,41.000
1744538905.18,-1,2.449,-0.491,-0.932,4,0.000,0.000,0.170,10,2.866,-0.932,0.041,-0.024,1.50,1.50,-1.927,-0.473,4.000,-35.697,-26.443,41.000
1744538905.18,-1,2.450,-0.492,-0.934,4,0.000,0.000,0.170,10,2.866,-0.934,0.041,-0.027,1.50,1.50,-1.927,-0.473,4.000,-35.697,-26.443,41.000
1744538905.19,-1,2.450,-0.492,-0.934,4,0.000,0.000,0.170,10,2.866,-0.934,0.041,-0.027,1.50,1.50,-1.927,-0.473,4.000,-35.697,-26.443,41.000
1744538905.19,-1,2.450,-0.492,-0.934,4,0.000,0.000,0.152,10,2.867,-0.934,0.042,-0.027,0.53,1.50,-1.927,-0.473,4.000,-35.697,-26.443,41.000
1744538905.19,-1,2.451,-0.493,-0.936,4,0.000,0.000,0.152,10,2.867,-0.936,0.042,-0.028,0.53,1.50,-1.927,-0.473,4.000,-35.697,-26.443,41.000
1744538905.21,-1,2.451,-0.493,-0.936,4,0.000,0.000,0.165,10,2.869,-0.936,0.043,-0.028,0.53,1.50,-1.927,-0.473,4.000,-35.697,-26.443,41.000
1744538905.23,-1,2.451,-0.494,-0.938,4,0.000,0.000,0.165,10,2.869,-0.938,0.043,-0.030,0.53,1.50,-1.927,-0.473,4.000,-35.697,-26.443,41.000
1744538905.23,-1,2.451,-0.494,-0.938,4,0.000,0.000,0.165,10,2.869,-0.938,0.043,-0.030,0.53,1.50,-1.927,-0.473,4.000,-35.697,-26.443,41.000
1744538905.23,-1,2.452,-0.495,-0.939,4,0.000,0.000,0.113,10,2.870,-0.939,0.045,-0.031,1.50,1.50,-1.927,-0.473,4.000,-35.697,-26.443,41.000
1744538905.23,-1,2.452,-0.495,-0.940,4,0.000,0.000,0.113,10,2.870,-0.940,0.045,-0.032,1.50,1.50,-1.927,-0.473,4.000,-35.697,-26.443,41.000
1744538905.24,-1,2.452,-0.495,-0.941,4,0.000,0.000,0.148,10,2.871,-0.941,0.046,-0.034,1.50,1.50,-1.927,-0.473,4.000,-35.697,-26.443,41.000
1744538905.24,-1,2.453,-0.496,-0.943,4,0.000,0.000,0.148,10,2.871,-0.943,0.046,-0.035,1.50,1.50,-1.927,-0.473,4.000,-35.697,-26.443,41.000
1744538905.24,-1,2.453,-0.496,-0.943,4,0.000,0.000,0.148,10,2.871,-0.943,0.046,-0.035,1.50,1.50,-1.927,-0.473,4.000,-35.697,-26.443,41.000
1744538905.24,-1,2.453,-0.497,-0.945,4,0.000,0.000,0.204,10,2.872,-0.945,0.047,-0.037,1.50,1.50,-1.927,-0.473,4.000,-35.697,-26.443,41.000
1744538905.28,-1,2.454,-0.497,-0.947,4,0.000,0.000,0.204,10,2.872,-0.947,0.047,-0.039,1.50,1.50,-1.927,-0.473,4.000,-35.697,-26.443,41.000
1744538905.28,-1,2.454,-0.497,-0.948,4,0.000,0.000,0.222,10,2.874,-0.948,0.049,-0.040,1.50,1.50,-1.927,-0.473,4.000,-35.697,-26.443,41.000
1744538905.28,-1,2.454,-0.498,-0.948,4,0.000,0.000,0.222,10,2.874,-0.948,0.049,-0.040,1.50,1.50,-1.927,-0.473,4.000,-35.697,-26.443,41.000
1744538905.28,-1,2.454,-0.498,-0.948,4,0.000,0.000,0.222,10,2.874,-0.948,0.049,-0.040,1.50,1.50,-1.927,-0.473,4.000,-35.697,-26.443,41.000
1744538905.30,-1,2.455,-0.499,-0.951,4,0.000,0.000,0.135,10,2.875,-0.951,0.050,-0.043,1.50,1.50,-1.927,-0.473,4.000,-35.697,-26.443,41.000
1744538905.30,-1,2.455,-0.499,-0.951,4,0.000,0.000,0.135,10,2.875,-0.951,0.050,-0.043,1.50,1.50,-1.927,-0.473,4.000,-35.697,-26.443,41.000
1744538905.30,-1,2.455,-0.499,-0.952,4,0.000,0.000,0.161,10,2.876,-0.952,0.051,-0.044,1.50,1.50,-1.927,-0.473,4.000,-35.697,-26.443,41.000
1744538905.30,-1,2.456,-0.500,-0.954,4,0.000,0.000,0.161,10,2.876,-0.954,0.051,-0.046,1.50,1.50,-1.927,-0.473,4.000,-35.697,-26.443,41.000
1744538905.31,-1,2.456,-0.500,-0.954,4,0.000,0.000,0.161,10,2.876,-0.954,0.051,-0.046,1.50,1.50,-1.927,-0.473,4.000,-35.697,-26.443,41.000
1744538905.32,-1,2.456,-0.501,-0.958,4,0.000,0.000,0.204,10,2.878,-0.958,0.053,-0.050,1.50,1.50,-1.927,-0.473,4.000,-35.697,-26.443,41.000
1744538905.32,-1,2.457,-0.501,-0.958,4,0.000,0.000,0.204,10,2.878,-0.958,0.053,-0.050,1.50,1.50,-1.927,-0.473,4.000,-35.697,-26.443,41.000
1744538905.32,-1,2.457,-0.502,-0.958,4,0.000,0.000,0.191,10,2.879,-0.958,0.054,-0.050,1.50,1.50,-1.927,-0.473,4.000,-35.697,-26.443,41.000
1744538905.32,-1,2.457,-0.502,-0.960,4,0.000,0.000,0.191,10,2.879,-0.960,0.054,-0.052,1.50,1.50,-1.927,-0.473,4.000,-35.697,-26.443,41.000
1744538905.32,-1,2.457,-0.502,-0.960,4,0.000,0.000,0.191,10,2.879,-0.960,0.054,-0.052,1.50,1.50,-1.927,-0.473,4.000,-35.697,-26.443,41.000
1744538905.35,-1,2.458,-0.503,-0.961,4,0.000,0.000,0.148,10,2.881,-0.961,0.055,-0.053,1.50,1.50,-1.927,-0.473,4.000,-35.697,-26.443,41.000
1744538905.35,-1,2.458,-0.504,-0.961,4,0.000,0.000,0.148,10,2.881,-0.961,0.055,-0.053,1.50,1.50,-1.927,-0.473,4.000,-35.697,-26.443,41.000
1744538905.36,-1,2.458,-0.504,-0.962,4,0.000,0.000,0.122,10,2.882,-0.962,0.057,-0.054,1.50,1.50,-1.927,-0.473,4.000,-35.697,-26.443,41.000
1744538905.38,-1,2.459,-0.505,-0.965,4,0.000,0.000,0.122,10,2.882,-0.965,0.057,-0.057,1.50,1.50,-1.927,-0.473,4.000,-35.697,-26.443,41.000
1744538905.38,-1,2.459,-0.505,-0.965,4,0.000,0.000,0.122,10,2.882,-0.965,0.057,-0.057,1.50,1.50,-1.927,-0.473,4.000,-35.697,-26.443,41.000
1744538905.38,-1,2.459,-0.505,-0.966,4,0.000,0.000,0.130,10,2.883,-0.966,0.058,-0.058,1.50,1.50,-1.927,-0.473,4.000,-35.697,-26.443,41.000
1744538905.38,-1,2.460,-0.506,-0.966,4,0.000,0.000,0.130,10,2.883,-0.966,0.058,-0.058,1.50,1.50,-1.927,-0.473,4.000,-35.697,-26.443,41.000
1744538905.39,-1,2.460,-0.506,-0.967,4,0.000,0.000,0.165,10,2.884,-0.967,0.059,-0.059,1.50,1.50,-1.927,-0.473,4.000,-35.697,-26.443,41.000
1744538905.41,-1,2.460,-0.507,-0.968,4,0.000,0.000,0.165,10,2.884,-0.968,0.059,-0.060,1.50,1.50,-1.927,-0.473,4.000,-35.697,-26.443,41.000
1744538905.41,-1,2.460,-0.507,-0.968,4,0.000,0.000,0.165,10,2.884,-0.968,0.059,-0.060,1.50,1.50,-1.927,-0.473,4.000,-35.697,-26.443,41.000
1744538905.41,-1,2.461,-0.508,-0.969,4,0.000,0.000,0.191,10,2.886,-0.969,0.061,-0.061,1.50,1.50,-1.927,-0.473,4.000,-35.697,-26.443,41.000
1744538905.41,-1,2.461,-0.508,-0.969,4,0.000,0.000,0.191,10,2.886,-0.969,0.061,-0.061,1.50,1.50,-1.927,-0.473,4.000,-35.697,-26.443,41.000
1744538905.43,-1,2.461,-0.508,-0.970,4,0.000,0.000,0.091,10,2.887,-0.970,0.062,-0.062,1.50,1.50,-1.927,-0.473,4.000,-35.697,-26.443,41.000
1744538905.43,-1,2.462,-0.509,-0.971,4,0.000,0.000,0.091,10,2.887,-0.971,0.062,-0.064,1.50,1.50,-1.927,-0.473,4.000,-35.697,-26.443,41.000
1744538905.43,-1,2.462,-0.509,-0.971,4,0.000,0.000,0.091,10,2.887,-0.971,0.062,-0.064,1.50,1.50,-1.927,-0.473,4.000,-35.697,-26.443,41.000
1744538905.43,-1,2.462,-0.510,-0.971,4,0.000,0.000,0.078,10,2.889,-0.971,0.064,-0.064,1.50,1.50,-1.927,-0.473,4.000,-35.697,-26.443,41.000
1744538905.46,-1,2.463,-0.510,-0.974,4,0.000,0.000,0.078,10,2.889,-0.974,0.064,-0.066,1.50,1.50,-1.927,-0.473,4.000,-35.697,-26.443,41.000
1744538905.46,-1,2.463,-0.510,-0.974,4,0.000,0.000,0.113,10,2.890,-0.974,0.065,-0.066,1.50,1.50,-1.927,-0.473,4.000,-35.697,-26.443,41.000
1744538905.46,-1,2.463,-0.511,-0.975,4,0.000,0.000,0.113,10,2.890,-0.975,0.065,-0.067,1.50,1.50,-1.927,-0.473,4.000,-35.697,-26.443,41.000
1744538905.46,-1,2.463,-0.511,-0.975,4,0.000,0.000,0.113,10,2.890,-0.975,0.065,-0.067,1.50,1.50,-1.927,-0.473,4.000,-35.697,-26.443,41.000
1744538905.47,-1,2.464,-0.512,-0.977,4,0.000,0.000,0.135,10,2.891,-0.977,0.066,-0.069,1.50,1.50,-1.927,-0.473,4.000,-35.697,-26.443,41.000
1744538905.48,-1,2.464,-0.512,-0.978,4,0.000,0.000,0.135,10,2.891,-0.978,0.066,-0.071,1.50,1.50,-1.927,-0.473,4.000,-35.697,-26.443,41.000
1744538905.48,-1,2.465,-0.513,-0.980,4,0.000,0.000,0.213,10,2.893,-0.980,0.068,-0.072,1.50,1.50,-1.927,-0.473,4.000,-35.697,-26.443,41.000
1744538905.48,-1,2.465,-0.514,-0.982,4,0.000,0.000,0.213,10,2.893,-0.982,0.068,-0.074,1.50,1.50,-1.927,-0.473,4.000,-35.697,-26.443,41.000
1744538905.48,-1,2.465,-0.514,-0.982,4,0.000,0.000,0.213,10,2.893,-0.982,0.068,-0.074,1.50,1.50,-1.927,-0.473,4.000,-35.697,-26.443,41.000
1744538905.51,-1,2.466,-0.514,-0.983,4,0.000,0.000,0.191,10,2.894,-0.983,0.069,-0.075,1.50,1.50,-1.927,-0.473,4.000,-35.697,-26.443,41.000
1744538905.51,-1,2.466,-0.515,-0.983,4,0.000,0.000,0.191,10,2.894,-0.983,0.069,-0.075,1.50,1.50,-1.927,-0.473,4.000,-35.697,-26.443,41.000
1744538905.51,-1,2.466,-0.515,-0.984,4,0.000,0.000,0.126,10,2.895,-0.984,0.070,-0.076,1.50,1.50,-1.927,-0.473,4.000,-35.697,-26.443,41.000
1744538905.51,-1,2.467,-0.516,-0.984,4,0.000,0.000,0.126,10,2.895,-0.984,0.070,-0.076,1.50,1.50,-1.927,-0.473,4.000,-35.697,-26.443,41.000
1744538905.51,-1,2.467,-0.516,-0.984,4,0.000,0.000,0.126,10,2.895,-0.984,0.070,-0.076,1.50,1.50,-1.927,-0.473,4.000,-35.697,-26.443,41.000
1744538905.52,-1,2.467,-0.517,-0.984,4,0.000,0.000,0.052,10,2.897,-0.984,0.072,-0.076,1.50,1.50,-1.927,-0.473,4.000,-35.697,-26.443,41.000
1744538905.52,-1,2.467,-0.517,-0.984,4,0.000,0.000,0.052,10,2.897,-0.984,0.072,-0.076,1.50,1.50,-1.927,-0.473,4.000,-35.697,-26.443,41.000
1744538905.52,-1,2.468,-0.518,-0.985,4,0.000,0.000,0.043,10,2.898,-0.985,0.073,-0.077,1.50,1.50,-1.927,-0.473,4.000,-35.697,-26.443,41.000
# remark: robobot/cmd/ti/rc 0.0 0.0
1744538905.56,-1,2.468,-0.518,-0.984,4,0.000,0.000,0.043,10,2.898,-0.984,0.073,-0.076,1.50,1.50,-1.927,-0.473,4.000,-35.697,-26.443,41.000
1744538905.56,-1,2.468,-0.518,-0.984,4,0.000,0.000,0.043,10,2.898,-0.984,0.073,-0.076,1.50,1.50,-1.927,-0.473,4.000,-35.697,-26.443,41.000
1744538905.56,-1,2.469,-0.519,-0.985,4,0.000,0.000,0.030,10,2.900,-0.985,0.075,-0.077,1.50,1.50,-1.927,-0.473,4.000,-35.697,-26.443,41.000
1744538905.56,-1,2.469,-0.520,-0.985,4,0.000,0.000,0.030,10,2.900,-0.985,0.075,-0.077,1.50,1.50,-1.927,-0.473,4.000,-35.697,-26.443,41.000
1744538905.56,-1,2.469,-0.520,-0.985,4,0.000,0.000,0.035,10,2.901,-0.985,0.076,-0.077,1.50,1.50,-1.927,-0.473,4.000,-35.697,-26.443,41.000
1744538905.59,-1,2.470,-0.521,-0.985,4,0.000,0.000,0.035,10,2.901,-0.985,0.076,-0.077,1.50,1.50,-1.927,-0.473,4.000,-35.697,-26.443,41.000
1744538905.59,-1,2.470,-0.521,-0.985,4,0.000,0.000,0.035,10,2.901,-0.985,0.076,-0.077,1.50,1.50,-1.927,-0.473,4.000,-35.697,-26.443,41.000
# remark: robobot/cmd/ti/rc 0 0
1744538905.59,-1,2.470,-0.522,-0.985,4,0.000,0.000,0.030,10,2.903,-0.985,0.078,-0.077,1.50,1.50,-1.927,-0.473,4.000,-35.697,-26.443,41.000
1744538905.59,-1,2.471,-0.522,-0.985,4,0.000,0.000,0.030,10,2.903,-0.985,0.078,-0.077,1.50,1.50,-1.927,-0.473,4.000,-35.697,-26.443,41.000
1744538905.61,-1,2.471,-0.522,-0.985,4,0.000,0.000,0.004,10,2.904,-0.985,0.079,-0.077,1.50,1.50,-1.927,-0.473,4.000,-35.697,-26.443,41.000
1744538905.61,-1,2.471,-0.522,-0.983,4,0.000,0.000,0.004,10,2.904,-0.983,0.079,-0.075,1.50,1.50,-1.927,-0.473,4.000,-35.697,-26.443,41.000
1744538905.61,-1,2.471,-0.522,-0.983,4,0.000,0.000,0.004,10,2.904,-0.983,0.079,-0.075,1.50,1.50,-1.927,-0.473,4.000,-35.697,-26.443,41.000
1744538905.61,-1,2.471,-0.523,-0.984,4,0.000,0.000,-0.013,10,2.905,-0.984,0.080,-0.076,1.24,1.50,-1.927,-0.473,4.000,-35.697,-26.443,41.000
1744538905.61,-1,2.471,-0.523,-0.985,4,0.000,0.000,-0.013,10,2.905,-0.985,0.080,-0.077,1.24,1.50,-1.927,-0.473,4.000,-35.697,-26.443,41.000
# remark: robobot/cmd/T0/stop  
# remark: robobot/cmd/T0/leds 14 0 0 0
# remark: robobot/cmd/T0/leds 15 0 0 0
# remark: robobot/cmd/T0/leds 16 0 0 0
1744538905.64,-1,2.471,-0.523,-0.989,4,0.000,0.000,0.000,10,2.906,-0.989,0.081,-0.081,1.24,1.50,-1.927,-0.473,4.000,-35.697,-26.443,41.000
1744538905.65,-1,2.471,-0.523,-0.995,4,0.000,0.000,0.000,10,2.906,-0.995,0.081,-0.087,1.24,1.50,-1.927,-0.473,4.000,-35.697,-26.443,41.000
1744538905.65,-1,2.471,-0.523,-0.995,4,0.000,0.000,0.000,10,2.906,-0.995,0.081,-0.087,1.24,1.50,-1.927,-0.473,4.000,-35.697,-26.443,41.000
# remark: robobot/cmd/ti/log 0
# remark: robobot/cmd/T0/lip 0
