% logfile for Python side
% 1 time (sec)
% 2 Mission state
% 3,4,5 (x,y,h) (m,m,rad)
% 6 Camera frame count
% 7-9 Line sensor: line position, e*kp, control y (rad/s), validCnt
% 10,11 trip A (distance and heading change)
% 12,13 trip B (distance and heading change)
% 1743782710.38415 robobot/cmd/ti/log 1
% 1743782710.38415 robobot/cmd/ti/alive 2025-04-04 18:05:09.620261
1743782710.406635 0 1.303 0.015 -0.084 0 0.00 0.000 0.000 10 0.000 -0.084 0.0000 -0.0844
1743782710.406635 0 1.303 0.015 -0.084 0 0.00 0.000 0.000 10 0.000 -0.084 0.0000 -0.0844
1743782710.4082327 0 1.303 0.015 -0.084 0 0.00 0.000 0.000 10 0.000 -0.084 0.0000 -0.0844
1743782710.4333656 0 1.303 0.015 -0.084 0 0.00 0.000 0.000 10 0.000 -0.084 0.0000 -0.0844
1743782710.434737 0 1.303 0.015 -0.084 0 0.00 0.000 0.000 10 0.000 -0.084 0.0000 -0.0844
1743782710.434737 0 1.303 0.015 -0.084 0 0.00 0.000 0.000 10 0.000 -0.084 0.0000 -0.0844
1743782710.434737 0 1.303 0.015 -0.084 0 0.00 0.000 0.000 10 0.000 -0.084 0.0000 -0.0844
1743782710.4371302 0 1.303 0.015 -0.084 0 0.00 0.000 0.000 10 0.000 -0.084 0.0000 -0.0844
1743782710.4594707 0 1.303 0.015 -0.084 0 0.00 0.000 0.000 10 0.000 -0.084 0.0000 -0.0844
1743782710.4594707 0 1.303 0.015 -0.084 0 0.00 0.000 0.000 10 0.000 -0.084 0.0000 -0.0844
1743782710.4594707 0 1.303 0.015 -0.084 0 0.00 0.000 0.000 10 0.000 -0.084 0.0000 -0.0844
1743782710.4594707 0 1.303 0.015 -0.084 0 0.00 0.000 0.000 10 0.000 -0.084 0.0000 -0.0844
1743782710.4669192 0 1.303 0.015 -0.084 0 0.00 0.000 0.000 10 0.000 -0.084 0.0000 -0.0844
1743782710.48987 0 1.303 0.015 -0.084 0 0.00 0.000 0.000 10 0.000 -0.084 0.0000 -0.0844
1743782710.48987 0 1.303 0.015 -0.084 0 0.00 0.000 0.000 10 0.000 -0.084 0.0000 -0.0844
1743782710.48987 0 1.303 0.015 -0.084 0 0.00 0.000 0.000 10 0.000 -0.084 0.0000 -0.0844
1743782710.48987 0 1.303 0.015 -0.084 0 0.00 0.000 0.000 10 0.000 -0.084 0.0000 -0.0844
1743782710.4980893 0 1.303 0.015 -0.084 0 0.00 0.000 0.000 10 0.000 -0.084 0.0000 -0.0844
1743782710.5234804 0 1.303 0.015 -0.084 0 0.00 0.000 0.000 10 0.000 -0.084 0.0000 -0.0844
1743782710.5234804 0 1.303 0.015 -0.084 0 0.00 0.000 0.000 10 0.000 -0.084 0.0000 -0.0844
1743782710.525551 0 1.303 0.015 -0.084 0 0.00 0.000 0.000 10 0.000 -0.084 0.0000 -0.0844
1743782710.525551 0 1.303 0.015 -0.084 0 0.00 0.000 0.000 10 0.000 -0.084 0.0000 -0.0844
1743782710.5275662 0 1.303 0.015 -0.084 0 0.00 0.000 0.000 10 0.000 -0.084 0.0000 -0.0844
% 1743782710.5454664 robobot/cmd/T0/enc0  
% 1743782710.5454664 robobot/cmd/T0/confw 0.074 0.074 19 92 0.23
% 1743782710.5454664 robobot/cmd/T0/confi  
1743782710.5510523 0 1.303 0.015 -0.084 0 0.00 0.000 0.000 10 0.000 -0.084 0.0000 -0.0844
1743782710.5510523 0 1.303 0.015 -0.084 0 0.00 0.000 0.000 10 0.000 -0.084 0.0000 -0.0844
1743782710.5510523 0 1.303 0.015 -0.084 0 0.00 0.000 0.000 10 0.000 -0.084 0.0000 -0.0844
1743782710.5510523 0 1.303 0.015 -0.084 0 0.00 0.000 0.000 10 0.000 -0.084 0.0000 -0.0844
1743782710.5510523 0 1.303 0.015 -0.084 0 0.00 0.000 0.000 10 0.000 -0.084 0.0000 -0.0844
1743782710.5841398 0 0.000 0.000 0.000 0 0.00 0.000 0.000 10 0.000 0.000 0.0000 0.0000
1743782710.5841398 0 0.000 0.000 0.000 0 0.00 0.000 0.000 10 0.000 0.000 0.0000 0.0000
1743782710.5841398 0 0.000 0.000 0.000 0 0.00 0.000 0.000 10 0.000 0.000 0.0000 0.0000
1743782710.588184 0 0.000 0.000 0.000 0 0.00 0.000 0.000 10 0.000 0.000 0.0000 0.0000
1743782710.588184 0 0.000 0.000 0.000 0 0.00 0.000 0.000 10 0.000 0.000 0.0000 0.0000
1743782710.6012 0 0.000 0.000 0.000 0 0.00 0.000 0.000 10 0.000 0.000 0.0000 0.0000
1743782710.6012 0 0.000 0.000 0.000 0 0.00 0.000 0.000 10 0.000 0.000 0.0000 0.0000
1743782710.6012 0 0.000 0.000 0.000 0 0.00 0.000 0.000 10 0.000 0.000 0.0000 0.0000
1743782710.6012 0 0.000 0.000 0.000 0 0.00 0.000 0.000 10 0.000 0.000 0.0000 0.0000
1743782710.617676 0 0.000 0.000 0.000 0 0.00 0.000 0.000 10 0.000 0.000 0.0000 0.0000
1743782710.6396594 0 0.000 0.000 0.000 0 0.00 0.000 0.000 10 0.000 0.000 0.0000 0.0000
1743782710.6396594 0 0.000 0.000 0.000 0 0.00 0.000 0.000 10 0.000 0.000 0.0000 0.0000
1743782710.6396594 0 0.000 0.000 0.000 0 0.00 0.000 0.000 10 0.000 0.000 0.0000 0.0000
1743782710.6396594 0 0.000 0.000 0.000 0 0.00 0.000 0.000 10 0.000 0.000 0.0000 0.0000
1743782710.6455724 0 0.000 0.000 0.000 0 0.00 0.000 0.000 10 0.000 0.000 0.0000 0.0000
1743782710.6723914 0 0.000 0.000 0.000 0 0.00 0.000 0.000 10 0.000 0.000 0.0000 0.0000
1743782710.6723914 0 0.000 0.000 0.000 0 0.00 0.000 0.000 10 0.000 0.000 0.0000 0.0000
1743782710.6723914 0 0.000 0.000 0.000 0 0.00 0.000 0.000 10 0.000 0.000 0.0000 0.0000
1743782710.6723914 0 0.000 0.000 0.000 0 0.00 0.000 0.000 10 0.000 0.000 0.0000 0.0000
1743782710.6820352 0 0.000 0.000 0.000 0 0.00 0.000 0.000 10 0.000 0.000 0.0000 0.0000
1743782710.7059786 0 0.000 0.000 0.000 0 0.00 0.000 0.000 10 0.000 0.000 0.0000 0.0000
1743782710.7059786 0 0.000 0.000 0.000 0 0.00 0.000 0.000 10 0.000 0.000 0.0000 0.0000
1743782710.7059786 0 0.000 0.000 0.000 0 0.00 0.000 0.000 10 0.000 0.000 0.0000 0.0000
1743782710.7059786 0 0.000 0.000 0.000 0 0.00 0.000 0.000 10 0.000 0.000 0.0000 0.0000
1743782710.7094402 0 0.000 0.000 0.000 0 0.00 0.000 0.000 10 0.000 0.000 0.0000 0.0000
1743782710.7210405 0 0.000 0.000 0.000 0 0.00 0.000 0.000 10 0.000 0.000 0.0000 0.0000
1743782710.7210405 0 0.000 0.000 0.000 0 0.00 0.000 0.000 10 0.000 0.000 0.0000 0.0000
1743782710.7210405 0 0.000 0.000 0.000 0 0.00 0.000 0.000 10 0.000 0.000 0.0000 0.0000
1743782710.7210405 0 0.000 0.000 0.000 0 0.00 0.000 0.000 10 0.000 0.000 0.0000 0.0000
1743782710.7369523 0 0.000 0.000 0.000 0 0.00 0.000 0.000 10 0.000 0.000 0.0000 0.0000
1743782710.7530596 0 0.000 0.000 0.000 0 0.00 0.000 0.000 10 0.000 0.000 0.0000 0.0000
1743782710.7530596 0 0.000 0.000 0.000 0 0.00 0.000 0.000 10 0.000 0.000 0.0000 0.0000
1743782710.7530596 0 0.000 0.000 0.000 0 0.00 0.000 0.000 10 0.000 0.000 0.0000 0.0000
1743782710.7530596 0 0.000 0.000 0.000 0 0.00 0.000 0.000 10 0.000 0.000 0.0000 0.0000
1743782710.768926 0 0.000 0.000 0.000 0 0.00 0.000 0.000 10 0.000 0.000 0.0000 0.0000
% 1743782710.768926 robobot/cmd/T0/lip 1
% 1743782710.768926 robobot/cmd/T0/sub livn 10
1743782710.7932603 0 0.000 0.000 0.000 1 0.00 0.000 0.000 10 0.000 0.000 0.0000 0.0000
1743782710.7932603 0 0.000 0.000 0.000 1 0.00 0.000 0.000 10 0.000 0.000 0.0000 0.0000
1743782710.7932603 0 0.000 0.000 0.000 1 0.00 0.000 0.000 10 0.000 0.000 0.0000 0.0000
1743782710.7932603 0 0.000 0.000 0.000 1 0.00 0.000 0.000 10 0.000 0.000 0.0000 0.0000
1743782710.7932603 0 0.000 0.000 0.000 1 0.00 0.000 0.000 10 0.000 0.000 0.0000 0.0000
% 1743782710.8019247 robobot/cmd/T0/liwi  
1743782710.8203452 0 0.000 0.000 0.000 1 0.00 0.000 0.000 10 0.000 0.000 0.0000 0.0000
1743782710.8229556 0 0.000 0.000 0.000 1 0.00 0.000 0.000 10 0.000 0.000 0.0000 0.0000
% 1743782710.8229556 robobot/cmd/T0/liwi  
1743782710.8229556 0 0.000 0.000 0.000 1 0.00 0.000 0.000 10 0.000 0.000 0.0000 0.0000
1743782710.8266504 0 0.000 0.000 0.000 1 0.00 0.000 0.000 10 0.000 0.000 0.0000 0.0000
1743782710.8266504 0 0.000 0.000 0.000 1 0.00 0.000 0.000 10 0.000 0.000 0.0000 0.0000
% 1743782710.844363 robobot/cmd/T0/leds 16 30 30 0
% 1743782710.844363 robobot/cmd/ti/rc 0.0 0.0
% 1743782710.844363 robobot/cmd/T0/leds 16 0 0 30
% 1743782710.844363 robobot/cmd/ti/rc 0.0 0.0
% 1743782710.844363 robobot/cmd/ti/rc 0.0 0.0
% 1743782710.844363 % State change from -1 to 150
1743782710.8517637 0 0.000 0.000 0.000 1 0.00 0.000 0.000 10 0.000 0.000 0.0000 0.0000
1743782710.8517637 0 0.000 0.000 0.000 1 0.00 0.000 0.000 10 0.000 0.000 0.0000 0.0000
1743782710.8517637 0 0.000 0.000 0.000 1 0.00 0.000 0.000 10 0.000 0.000 0.0000 0.0000
1743782710.8517637 0 0.000 0.000 0.000 1 0.00 0.000 0.000 10 0.000 0.000 0.0000 0.0000
1743782710.8573472 0 0.000 0.000 0.000 1 0.00 0.000 0.000 10 0.000 0.000 0.0000 0.0000
1743782710.885021 0 0.000 0.000 0.000 1 0.00 0.000 0.000 10 0.000 0.000 0.0000 0.0000
1743782710.885021 0 0.000 0.000 0.000 1 0.00 0.000 0.000 10 0.000 0.000 0.0000 0.0000
1743782710.885021 0 0.000 0.000 0.000 1 0.00 0.000 0.000 10 0.000 0.000 0.0000 0.0000
1743782710.885021 0 0.000 0.000 0.000 1 0.00 0.000 0.000 10 0.000 0.000 0.0000 0.0000
1743782710.8882327 0 0.000 0.000 0.000 1 0.00 0.000 0.000 10 0.000 0.000 0.0000 0.0000
% 1743782710.8919592 robobot/cmd/ti/alive 2025-04-04 18:05:09.620261
1743782710.9102204 0 0.000 0.000 0.000 1 0.00 0.000 0.000 10 0.000 0.000 0.0000 0.0000
1743782710.912235 0 0.000 0.000 0.000 1 0.00 0.000 0.000 10 0.000 0.000 0.0000 0.0000
1743782710.912235 0 0.000 0.000 0.000 1 0.00 0.000 0.000 10 0.000 0.000 0.0000 0.0000
1743782710.912235 0 0.000 0.000 0.000 1 0.00 0.000 0.000 10 0.000 0.000 0.0000 0.0000
1743782710.9178102 0 0.000 0.000 0.000 1 0.00 0.000 0.000 10 0.000 0.000 0.0000 0.0000
1743782710.9409552 0 0.000 0.000 0.000 1 0.00 0.000 0.000 10 0.000 0.000 0.0000 0.0000
1743782710.9430726 0 0.000 0.000 0.000 1 0.00 0.000 0.000 10 0.000 0.000 0.0000 0.0000
1743782710.9430726 0 0.000 0.000 0.000 1 0.00 0.000 0.000 10 0.000 0.000 0.0000 0.0000
1743782710.9430726 0 0.000 0.000 0.000 1 0.00 0.000 0.000 10 0.000 0.000 0.0000 0.0000
1743782710.947688 0 0.000 0.000 0.000 1 0.00 0.000 0.000 10 0.000 0.000 0.0000 0.0000
% 1743782710.9485276 % State change from 150 to 151
% 1743782710.9712906 robobot/cmd/ti/rc 0.200 -4.000 1743782710.9712906
1743782710.9712906 0 0.000 0.000 0.000 1 1.35 -48.319 -4.000 11 0.000 0.000 0.0000 0.0000
1743782710.9712906 0 0.000 0.000 0.000 1 1.35 -48.319 -4.000 11 0.000 0.000 0.0000 0.0000
% 1743782710.977043 robobot/cmd/ti/rc 0.200 -0.692 1743782710.977043
1743782710.977043 0 0.000 0.000 0.000 1 1.35 -0.692 -0.692 12 0.000 0.000 0.0000 0.0000
1743782710.977043 0 0.000 0.000 0.000 1 1.35 -0.692 -0.692 12 0.000 0.000 0.0000 0.0000
% 1743782710.977043 robobot/cmd/ti/rc 0.200 -0.766 1743782710.977043
1743782710.977043 0 0.000 0.000 0.000 1 1.35 -0.766 -0.766 13 0.000 0.000 0.0000 0.0000
% 1743782711.003671 robobot/cmd/ti/rc 0.200 -0.651 1743782711.002051
1743782711.003671 0 0.000 0.000 0.000 1 1.35 -0.651 -0.651 14 0.000 0.000 0.0000 0.0000
1743782711.003671 0 0.000 0.000 0.000 1 1.35 -0.651 -0.651 14 0.000 0.000 0.0000 0.0000
% 1743782711.0052693 robobot/cmd/ti/rc 0.200 -0.772 1743782711.0052693
1743782711.0052693 0 0.000 0.000 0.000 1 1.35 -0.772 -0.772 15 0.000 0.000 0.0000 0.0000
1743782711.006498 0 0.001 -0.000 -0.002 1 1.35 -0.772 -0.772 15 0.000 -0.002 0.0000 -0.0023
% 1743782711.009783 robobot/cmd/ti/rc 0.200 -0.702 1743782711.0081158
1743782711.009783 0 0.001 -0.000 -0.002 1 1.35 -0.702 -0.702 16 0.000 -0.002 0.0000 -0.0023
% 1743782711.0332773 robobot/cmd/ti/rc 0.200 -0.689 1743782711.0332773
1743782711.0332773 0 0.001 -0.000 -0.006 1 1.35 -0.689 -0.689 17 0.001 -0.006 0.0008 -0.0058
1743782711.0332773 0 0.002 -0.000 -0.007 1 1.35 -0.689 -0.689 17 0.001 -0.007 0.0008 -0.0069
% 1743782711.0332773 robobot/cmd/ti/rc 0.200 -0.588 1743782711.0332773
1743782711.0332773 0 0.002 -0.000 -0.007 1 1.35 -0.588 -0.588 18 0.002 -0.007 0.0019 -0.0069
1743782711.0332773 0 0.003 -0.000 -0.009 1 1.35 -0.588 -0.588 18 0.002 -0.009 0.0019 -0.0093
% 1743782711.0388048 robobot/cmd/ti/rc 0.200 -0.676 1743782711.0388048
1743782711.0388048 0 0.003 -0.000 -0.009 1 1.35 -0.676 -0.676 19 0.002 -0.009 0.0019 -0.0093
% 1743782711.0618427 robobot/cmd/ti/rc 0.200 -0.606 1743782711.0618427
1743782711.0618427 0 0.004 -0.000 -0.014 1 1.34 -0.606 -0.606 20 0.003 -0.014 0.0031 -0.0139
1743782711.0618427 0 0.004 -0.000 -0.018 1 1.34 -0.606 -0.606 20 0.003 -0.018 0.0031 -0.0185
% 1743782711.0618427 robobot/cmd/ti/rc 0.200 -0.591 1743782711.0618427
1743782711.0618427 0 0.005 -0.000 -0.021 1 1.34 -0.591 -0.591 20 0.005 -0.021 0.0046 -0.0208
1743782711.0618427 0 0.006 -0.000 -0.025 1 1.34 -0.591 -0.591 20 0.005 -0.025 0.0046 -0.0254
% 1743782711.0674622 robobot/cmd/ti/rc 0.200 -0.678 1743782711.0618427
1743782711.0674622 0 0.006 -0.000 -0.025 1 1.34 -0.678 -0.678 20 0.005 -0.025 0.0046 -0.0254
% 1743782711.0833588 robobot/cmd/ti/rc 0.200 -0.610 1743782711.0833588
1743782711.0833588 0 0.007 -0.000 -0.028 1 1.34 -0.610 -0.610 20 0.006 -0.028 0.0061 -0.0278
1743782711.0938368 0 0.008 -0.000 -0.032 1 1.34 -0.610 -0.610 20 0.006 -0.032 0.0061 -0.0324
% 1743782711.0943902 robobot/cmd/ti/rc 0.200 -0.681 1743782711.0943902
1743782711.0943902 0 0.009 -0.000 -0.035 1 1.34 -0.681 -0.681 20 0.008 -0.035 0.0080 -0.0347
1743782711.0943902 0 0.010 -0.000 -0.039 1 1.34 -0.681 -0.681 20 0.008 -0.039 0.0080 -0.0393
% 1743782711.0943902 robobot/cmd/ti/rc 0.200 -0.509 1743782711.0943902
1743782711.0943902 0 0.010 -0.000 -0.039 1 1.33 -0.509 -0.509 20 0.008 -0.039 0.0080 -0.0393
% 1743782711.1155298 robobot/cmd/ti/rc 0.200 -0.681 1743782711.1155298
1743782711.1155298 0 0.012 -0.000 -0.045 1 1.33 -0.681 -0.681 20 0.010 -0.045 0.0103 -0.0451
1743782711.1155298 0 0.013 -0.000 -0.049 1 1.33 -0.681 -0.681 20 0.010 -0.049 0.0103 -0.0486
% 1743782711.1155298 robobot/cmd/ti/rc 0.200 -0.597 1743782711.1155298
1743782711.1155298 0 0.014 -0.000 -0.050 1 1.33 -0.597 -0.597 20 0.013 -0.050 0.0131 -0.0497
1743782711.1155298 0 0.016 -0.000 -0.057 1 1.33 -0.597 -0.597 20 0.013 -0.057 0.0131 -0.0567
% 1743782711.1155298 robobot/cmd/ti/rc 0.200 -0.597 1743782711.1155298
1743782711.1155298 0 0.016 -0.000 -0.057 1 1.33 -0.597 -0.597 20 0.013 -0.057 0.0131 -0.0567
% 1743782711.1505415 robobot/cmd/ti/rc 0.200 -0.494 1743782711.1505415
1743782711.1505415 0 0.018 -0.001 -0.062 1 1.32 -0.494 -0.494 20 0.016 -0.062 0.0157 -0.0625
1743782711.1505415 0 0.019 -0.001 -0.066 1 1.32 -0.494 -0.494 20 0.016 -0.066 0.0157 -0.0659
% 1743782711.1505415 robobot/cmd/ti/rc 0.200 -0.597 1743782711.1505415
1743782711.1505415 0 0.020 -0.001 -0.067 1 1.32 -0.597 -0.597 20 0.019 -0.067 0.0188 -0.0671
1743782711.1505415 0 0.022 -0.001 -0.074 1 1.32 -0.597 -0.597 20 0.019 -0.074 0.0188 -0.0740
% 1743782711.1505415 robobot/cmd/ti/rc 0.200 -0.578 1743782711.1505415
1743782711.1505415 0 0.022 -0.001 -0.074 1 1.31 -0.578 -0.578 20 0.019 -0.074 0.0188 -0.0740
% 1743782711.17967 robobot/cmd/ti/rc 0.200 -0.493 1743782711.17967
1743782711.17967 0 0.024 -0.001 -0.080 1 1.31 -0.493 -0.493 20 0.022 -0.080 0.0221 -0.0798
1743782711.17967 0 0.026 -0.001 -0.083 1 1.31 -0.493 -0.493 20 0.022 -0.083 0.0221 -0.0833
% 1743782711.17967 robobot/cmd/ti/rc 0.200 -0.596 1743782711.17967
1743782711.17967 0 0.026 -0.001 -0.086 1 1.31 -0.596 -0.596 20 0.025 -0.086 0.0255 -0.0856
1743782711.17967 0 0.029 -0.001 -0.091 1 1.31 -0.596 -0.596 20 0.025 -0.091 0.0255 -0.0914
% 1743782711.17967 robobot/cmd/ti/rc 0.200 -0.556 1743782711.17967
1743782711.17967 0 0.029 -0.001 -0.091 1 1.30 -0.556 -0.556 20 0.025 -0.091 0.0255 -0.0914
% 1743782711.211649 robobot/cmd/ti/rc 0.200 -0.492 1743782711.211649
1743782711.211649 0 0.031 -0.002 -0.097 1 1.30 -0.492 -0.492 20 0.029 -0.097 0.0290 -0.0971
1743782711.211649 0 0.032 -0.002 -0.101 1 1.30 -0.492 -0.492 20 0.029 -0.101 0.0290 -0.1006
% 1743782711.211649 robobot/cmd/ti/rc 0.200 -0.552 1743782711.211649
1743782711.211649 0 0.033 -0.002 -0.104 1 1.29 -0.552 -0.552 20 0.032 -0.104 0.0321 -0.1041
1743782711.211649 0 0.035 -0.002 -0.110 1 1.29 -0.552 -0.552 20 0.032 -0.110 0.0321 -0.1099
% 1743782711.211649 robobot/cmd/ti/rc 0.200 -0.467 1743782711.211649
1743782711.211649 0 0.035 -0.002 -0.110 1 1.29 -0.467 -0.467 20 0.032 -0.110 0.0321 -0.1099
% 1743782711.2437465 robobot/cmd/ti/rc 0.200 -0.546 1743782711.2437465
1743782711.2437465 0 0.037 -0.002 -0.117 1 1.28 -0.546 -0.546 20 0.036 -0.117 0.0355 -0.1168
1743782711.2437465 0 0.039 -0.003 -0.120 1 1.28 -0.546 -0.546 20 0.036 -0.120 0.0355 -0.1203
% 1743782711.2437465 robobot/cmd/ti/rc 0.200 -0.521 1743782711.2437465
1743782711.2437465 0 0.040 -0.003 -0.121 1 1.28 -0.521 -0.521 20 0.039 -0.121 0.0389 -0.1214
1743782711.2462623 0 0.042 -0.003 -0.125 1 1.28 -0.521 -0.521 20 0.039 -0.125 0.0389 -0.1249
% 1743782711.2462623 robobot/cmd/ti/rc 0.200 -0.459 1743782711.2462623
1743782711.2462623 0 0.042 -0.003 -0.125 1 1.27 -0.459 -0.459 20 0.039 -0.125 0.0389 -0.1249
% 1743782711.2780602 robobot/cmd/ti/rc 0.200 -0.430 1743782711.2780602
1743782711.2780602 0 0.044 -0.003 -0.131 1 1.26 -0.430 -0.430 20 0.042 -0.131 0.0422 -0.1307
1743782711.2780602 0 0.046 -0.003 -0.133 1 1.26 -0.430 -0.430 20 0.042 -0.133 0.0422 -0.1330
% 1743782711.2780602 robobot/cmd/ti/rc 0.200 -0.425 1743782711.2780602
1743782711.2780602 0 0.047 -0.004 -0.137 1 1.25 -0.425 -0.425 20 0.046 -0.137 0.0458 -0.1365
1743782711.2780602 0 0.049 -0.004 -0.140 1 1.25 -0.425 -0.425 20 0.046 -0.140 0.0458 -0.1399
% 1743782711.2780602 robobot/cmd/ti/rc 0.200 -0.420 1743782711.2780602
1743782711.2780602 0 0.049 -0.004 -0.140 1 1.25 -0.420 -0.420 20 0.046 -0.140 0.0458 -0.1399
% 1743782711.2780602 robobot/cmd/ti/rc 0.200 -0.415 1743782711.2780602
1743782711.2780602 0 0.051 -0.004 -0.146 1 1.24 -0.415 -0.415 20 0.049 -0.146 0.0494 -0.1457
1743782711.3074625 0 0.052 -0.004 -0.148 1 1.24 -0.415 -0.415 20 0.049 -0.148 0.0494 -0.1480
% 1743782711.3074625 robobot/cmd/ti/rc 0.200 -0.409 1743782711.3074625
1743782711.3074625 0 0.053 -0.004 -0.149 1 1.23 -0.409 -0.409 20 0.053 -0.149 0.0528 -0.1492
1743782711.3074625 0 0.055 -0.005 -0.154 1 1.23 -0.409 -0.409 20 0.053 -0.154 0.0528 -0.1538
% 1743782711.3074625 robobot/cmd/ti/rc 0.200 -0.324 1743782711.3074625
1743782711.3074625 0 0.055 -0.005 -0.154 1 1.22 -0.324 -0.324 20 0.053 -0.154 0.0528 -0.1538
% 1743782711.3234646 robobot/cmd/ti/rc 0.200 -0.398 1743782711.3234646
1743782711.3234646 0 0.057 -0.005 -0.157 1 1.21 -0.398 -0.398 20 0.056 -0.157 0.0558 -0.1573
1743782711.3234646 0 0.059 -0.005 -0.161 1 1.21 -0.398 -0.398 20 0.056 -0.161 0.0558 -0.1608
% 1743782711.3234646 robobot/cmd/ti/rc 0.200 -0.280 1743782711.3234646
1743782711.3234646 0 0.060 -0.005 -0.162 1 1.20 -0.280 -0.280 20 0.059 -0.162 0.0590 -0.1619
1743782711.3392227 0 0.062 -0.006 -0.167 1 1.20 -0.280 -0.280 20 0.059 -0.167 0.0590 -0.1665
% 1743782711.3416636 robobot/cmd/ti/rc 0.200 -0.271 1743782711.3416636
1743782711.3416636 0 0.062 -0.006 -0.167 1 1.19 -0.271 -0.271 20 0.059 -0.167 0.0590 -0.1665
% 1743782711.3551464 robobot/cmd/ti/rc 0.200 -0.375 1743782711.3551464
1743782711.3551464 0 0.064 -0.006 -0.171 1 1.18 -0.375 -0.375 20 0.062 -0.171 0.0623 -0.1712
1743782711.3551464 0 0.065 -0.006 -0.175 1 1.18 -0.375 -0.375 20 0.062 -0.175 0.0623 -0.1746
% 1743782711.3551464 robobot/cmd/ti/rc 0.200 -0.292 1743782711.3551464
1743782711.3551464 0 0.066 -0.006 -0.176 1 1.17 -0.292 -0.292 20 0.065 -0.176 0.0653 -0.1758
1743782711.3551464 0 0.068 -0.007 -0.179 1 1.17 -0.292 -0.292 20 0.065 -0.179 0.0653 -0.1793
% 1743782711.371063 robobot/cmd/ti/rc 0.200 -0.248 1743782711.371063
1743782711.371063 0 0.068 -0.007 -0.179 1 1.16 -0.248 -0.248 20 0.065 -0.179 0.0653 -0.1793
% 1743782711.3894348 robobot/cmd/ti/rc 0.200 -0.354 1743782711.3894348
1743782711.3894348 0 0.070 -0.007 -0.184 1 1.15 -0.354 -0.354 20 0.068 -0.184 0.0683 -0.1839
1743782711.3894348 0 0.071 -0.007 -0.186 1 1.15 -0.354 -0.354 20 0.068 -0.186 0.0683 -0.1862
% 1743782711.3894348 robobot/cmd/ti/rc 0.200 -0.231 1743782711.3894348
1743782711.3894348 0 0.072 -0.008 -0.187 1 1.14 -0.231 -0.231 20 0.071 -0.187 0.0712 -0.1874
1743782711.3894348 0 0.074 -0.008 -0.191 1 1.14 -0.231 -0.231 20 0.071 -0.191 0.0712 -0.1908
% 1743782711.3894348 robobot/cmd/ti/rc 0.200 -0.294 1743782711.3894348
1743782711.3894348 0 0.074 -0.008 -0.191 1 1.13 -0.294 -0.294 20 0.071 -0.191 0.0712 -0.1908
% 1743782711.397792 robobot/cmd/ti/alive 2025-04-04 18:05:09.620261
% 1743782711.4188967 robobot/cmd/ti/rc 0.200 -0.256 1743782711.4188967
1743782711.4188967 0 0.076 -0.008 -0.194 1 1.12 -0.256 -0.256 20 0.074 -0.194 0.0743 -0.1943
1743782711.4188967 0 0.077 -0.009 -0.197 1 1.12 -0.256 -0.256 20 0.074 -0.197 0.0743 -0.1966
% 1743782711.4188967 robobot/cmd/ti/rc 0.200 4.000 1743782711.4188967
1743782711.4188967 0 0.077 -0.009 -0.197 1 0.50 21.442 4.000 20 0.077 -0.197 0.0772 -0.1966
1743782711.4188967 0 0.079 -0.009 -0.201 1 0.50 21.442 4.000 20 0.077 -0.201 0.0772 -0.2012
% 1743782711.4188967 robobot/cmd/ti/rc 0.200 -0.339 1743782711.4188967
1743782711.4188967 0 0.079 -0.009 -0.201 1 0.50 -0.339 -0.339 20 0.077 -0.201 0.0772 -0.2012
% 1743782711.452925 robobot/cmd/ti/rc 0.200 -0.340 1743782711.452925
1743782711.452925 0 0.081 -0.009 -0.205 1 0.50 -0.340 -0.340 20 0.080 -0.205 0.0799 -0.2047
1743782711.452925 0 0.082 -0.010 -0.207 1 0.50 -0.340 -0.340 20 0.080 -0.207 0.0799 -0.2070
% 1743782711.452925 robobot/cmd/ti/rc 0.200 -0.340 1743782711.452925
1743782711.452925 0 0.083 -0.010 -0.208 1 0.50 -0.340 -0.340 20 0.083 -0.208 0.0829 -0.2082
1743782711.458265 0 0.085 -0.010 -0.212 1 0.50 -0.340 -0.340 20 0.083 -0.212 0.0829 -0.2116
% 1743782711.458265 robobot/cmd/ti/rc 0.200 -0.341 1743782711.458265
1743782711.458265 0 0.085 -0.010 -0.212 1 0.50 -0.341 -0.341 20 0.083 -0.212 0.0829 -0.2116
% 1743782711.4823163 robobot/cmd/ti/rc 0.200 -0.342 1743782711.4823163
1743782711.4823163 0 0.087 -0.011 -0.215 1 0.50 -0.342 -0.342 20 0.086 -0.215 0.0860 -0.2151
1743782711.4823163 0 0.088 -0.011 -0.216 1 0.50 -0.342 -0.342 20 0.086 -0.216 0.0860 -0.2163
% 1743782711.4823163 robobot/cmd/ti/rc 0.200 -0.343 1743782711.4823163
1743782711.4823163 0 0.089 -0.011 -0.219 1 0.50 -0.343 -0.343 20 0.089 -0.219 0.0891 -0.2186
1743782711.4876955 0 0.091 -0.012 -0.222 1 0.50 -0.343 -0.343 20 0.089 -0.222 0.0891 -0.2220
% 1743782711.4876955 robobot/cmd/ti/rc 0.200 -0.343 1743782711.4876955
1743782711.4876955 0 0.091 -0.012 -0.222 1 0.50 -0.343 -0.343 20 0.089 -0.222 0.0891 -0.2220
% 1743782711.514192 robobot/cmd/ti/rc 0.200 0.662 1743782711.514192
1743782711.514192 0 0.092 -0.012 -0.224 1 0.47 0.662 0.662 20 0.092 -0.224 0.0917 -0.2244
1743782711.514192 0 0.094 -0.012 -0.228 1 0.47 0.662 0.662 20 0.092 -0.228 0.0917 -0.2278
% 1743782711.514192 robobot/cmd/ti/rc 0.200 1.474 1743782711.514192
1743782711.514192 0 0.094 -0.012 -0.229 1 0.42 1.474 1.474 20 0.095 -0.229 0.0946 -0.2290
1743782711.514192 0 0.096 -0.013 -0.233 1 0.42 1.474 1.474 20 0.095 -0.233 0.0946 -0.2325
% 1743782711.514192 robobot/cmd/ti/rc 0.200 1.327 1743782711.514192
1743782711.514192 0 0.096 -0.013 -0.233 1 0.38 1.327 1.327 20 0.095 -0.233 0.0946 -0.2325
% 1743782711.5304492 robobot/cmd/ti/rc 0.200 1.604 1743782711.5304492
1743782711.5304492 0 0.098 -0.013 -0.236 1 0.32 1.604 1.604 20 0.098 -0.236 0.0978 -0.2359
1743782711.5304492 0 0.100 -0.014 -0.238 1 0.32 1.604 1.604 20 0.098 -0.238 0.0978 -0.2382
% 1743782711.5304492 robobot/cmd/ti/rc 0.200 1.402 1743782711.5304492
1743782711.5304492 0 0.100 -0.014 -0.239 1 0.28 1.402 1.402 20 0.101 -0.239 0.1009 -0.2394
1743782711.5304492 0 0.102 -0.014 -0.242 1 0.28 1.402 1.402 20 0.101 -0.242 0.1009 -0.2417
% 1743782711.5462537 robobot/cmd/ti/rc 0.200 1.397 1743782711.5462537
1743782711.5462537 0 0.102 -0.014 -0.242 1 0.23 1.397 1.397 20 0.101 -0.242 0.1009 -0.2417
% 1743782711.5752716 robobot/cmd/ti/rc 0.200 1.529 1743782711.5752716
1743782711.5752716 0 0.105 -0.015 -0.236 1 0.18 1.529 1.529 20 0.104 -0.236 0.1039 -0.2359
1743782711.5752716 0 0.105 -0.015 -0.230 1 0.18 1.529 1.529 20 0.104 -0.230 0.1039 -0.2301
% 1743782711.5779848 robobot/cmd/ti/rc 0.200 1.434 1743782711.5779848
1743782711.5779848 0 0.106 -0.015 -0.227 1 0.14 1.434 1.434 20 0.107 -0.227 0.1071 -0.2267
1743782711.5779848 0 0.108 -0.016 -0.224 1 0.14 1.434 1.434 20 0.107 -0.224 0.1071 -0.2244
% 1743782711.5779848 robobot/cmd/ti/rc 0.200 1.361 1743782711.5779848
1743782711.5779848 0 0.108 -0.016 -0.224 1 0.09 1.361 1.361 20 0.107 -0.224 0.1071 -0.2244
% 1743782711.6002555 robobot/cmd/ti/rc 0.200 1.396 1743782711.6002555
1743782711.6002555 0 0.110 -0.016 -0.222 1 0.05 1.396 1.396 20 0.109 -0.222 0.1094 -0.2220
1743782711.6002555 0 0.111 -0.016 -0.220 1 0.05 1.396 1.396 20 0.109 -0.220 0.1094 -0.2197
% 1743782711.6002555 robobot/cmd/ti/rc 0.200 1.348 1743782711.6002555
1743782711.6002555 0 0.112 -0.017 -0.216 1 0.01 1.348 1.348 20 0.113 -0.216 0.1128 -0.2163
1743782711.6002555 0 0.114 -0.017 -0.207 1 0.01 1.348 1.348 20 0.113 -0.207 0.1128 -0.2070
% 1743782711.609756 robobot/cmd/ti/rc 0.200 1.142 1743782711.609756
1743782711.609756 0 0.114 -0.017 -0.207 1 -0.03 1.142 1.142 20 0.113 -0.207 0.1128 -0.2070
% 1743782711.6256227 robobot/cmd/ti/rc 0.200 1.097 1743782711.6256227
1743782711.6256227 0 0.116 -0.017 -0.198 1 -0.06 1.097 1.097 20 0.116 -0.198 0.1163 -0.1978
1743782711.6256227 0 0.117 -0.018 -0.192 1 -0.06 1.097 1.097 20 0.116 -0.192 0.1163 -0.1920
% 1743782711.6256227 robobot/cmd/ti/rc 0.200 1.237 1743782711.6256227
1743782711.6256227 0 0.117 -0.018 -0.189 1 -0.10 1.237 1.237 20 0.119 -0.189 0.1190 -0.1885
1743782711.6256227 0 0.119 -0.018 -0.176 1 -0.10 1.237 1.237 20 0.119 -0.176 0.1190 -0.1758
% 1743782711.6256227 robobot/cmd/ti/rc 0.200 1.120 1743782711.6256227
1743782711.6256227 0 0.119 -0.018 -0.176 1 -0.13 1.120 1.120 20 0.119 -0.176 0.1190 -0.1758
% 1743782711.6575716 robobot/cmd/ti/rc 0.200 1.056 1743782711.6575716
1743782711.6575716 0 0.121 -0.018 -0.163 1 -0.16 1.056 1.056 20 0.122 -0.163 0.1218 -0.1631
1743782711.6575716 0 0.122 -0.019 -0.154 1 -0.16 1.056 1.056 20 0.122 -0.154 0.1218 -0.1538
% 1743782711.6575716 robobot/cmd/ti/rc 0.200 0.917 1743782711.6575716
1743782711.6575716 0 0.123 -0.019 -0.149 1 -0.18 0.917 0.917 20 0.125 -0.149 0.1249 -0.1492
1743782711.6575716 0 0.125 -0.019 -0.134 1 -0.18 0.917 0.917 20 0.125 -0.134 0.1249 -0.1342
% 1743782711.6692164 robobot/cmd/ti/rc 0.200 0.950 1743782711.6692164
1743782711.6692164 0 0.125 -0.019 -0.134 1 -0.21 0.950 0.950 20 0.125 -0.134 0.1249 -0.1342
% 1743782711.6892033 robobot/cmd/ti/rc 0.200 0.983 1743782711.6892033
1743782711.6892033 0 0.126 -0.019 -0.119 1 -0.24 0.983 0.983 20 0.128 -0.119 0.1277 -0.1191
1743782711.6892033 0 0.127 -0.019 -0.110 1 -0.24 0.983 0.983 20 0.128 -0.110 0.1277 -0.1099
% 1743782711.6892033 robobot/cmd/ti/rc 0.200 0.974 1743782711.6892033
1743782711.6892033 0 0.128 -0.019 -0.103 1 -0.27 0.974 0.974 20 0.131 -0.103 0.1307 -0.1029
1743782711.6892033 0 0.130 -0.019 -0.087 1 -0.27 0.974 0.974 20 0.131 -0.087 0.1307 -0.0867
% 1743782711.6892033 robobot/cmd/ti/rc 0.200 0.687 1743782711.6892033
1743782711.6892033 0 0.130 -0.019 -0.087 1 -0.28 0.687 0.687 20 0.131 -0.087 0.1307 -0.0867
% 1743782711.7210999 robobot/cmd/ti/rc 0.200 0.747 1743782711.7210999
1743782711.7210999 0 0.132 -0.020 -0.073 1 -0.30 0.747 0.747 20 0.133 -0.073 0.1332 -0.0729
1743782711.7210999 0 0.133 -0.020 -0.067 1 -0.30 0.747 0.747 20 0.133 -0.067 0.1332 -0.0671
% 1743782711.7210999 robobot/cmd/ti/rc 0.200 0.578 1743782711.7210999
1743782711.7210999 0 0.134 -0.020 -0.059 1 -0.32 0.578 0.578 20 0.136 -0.059 0.1359 -0.0590
1743782711.7210999 0 0.136 -0.020 -0.047 1 -0.32 0.578 0.578 20 0.136 -0.047 0.1359 -0.0474
% 1743782711.7210999 robobot/cmd/ti/rc 0.200 0.560 1743782711.7210999
1743782711.7210999 0 0.136 -0.020 -0.047 1 -0.33 0.560 0.560 20 0.136 -0.047 0.1359 -0.0474
% 1743782711.754175 robobot/cmd/ti/rc 0.200 0.549 1743782711.754175
1743782711.754175 0 0.138 -0.020 -0.037 1 -0.34 0.549 0.549 20 0.139 -0.037 0.1388 -0.0370
1743782711.754175 0 0.139 -0.020 -0.034 1 -0.34 0.549 0.549 20 0.139 -0.034 0.1388 -0.0335
% 1743782711.754175 robobot/cmd/ti/rc 0.200 0.406 1743782711.754175
1743782711.754175 0 0.140 -0.020 -0.027 1 -0.35 0.406 0.406 20 0.142 -0.027 0.1420 -0.0266
1743782711.754175 0 0.141 -0.020 -0.015 1 -0.35 0.406 0.406 20 0.142 -0.015 0.1420 -0.0150
% 1743782711.754175 robobot/cmd/ti/rc 0.200 0.251 1743782711.754175
1743782711.754175 0 0.141 -0.020 -0.015 1 -0.36 0.251 0.251 20 0.142 -0.015 0.1420 -0.0150
% 1743782711.7856095 robobot/cmd/ti/rc 0.200 0.255 1743782711.7856095
1743782711.7856095 0 0.143 -0.020 -0.005 1 -0.36 0.255 0.255 20 0.145 -0.005 0.1446 -0.0046
1743782711.7856095 0 0.144 -0.020 -0.002 1 -0.36 0.255 0.255 20 0.145 -0.002 0.1446 -0.0023
% 1743782711.7856095 robobot/cmd/ti/rc 0.200 0.260 1743782711.7856095
1743782711.7856095 0 0.145 -0.020 0.002 1 -0.37 0.260 0.260 20 0.147 0.002 0.1472 0.0023
1743782711.7856095 0 0.147 -0.020 0.012 1 -0.37 0.260 0.260 20 0.147 0.012 0.1472 0.0116
% 1743782711.7899983 robobot/cmd/ti/rc 0.200 0.042 1743782711.7899983
1743782711.7899983 0 0.147 -0.020 0.012 1 -0.37 0.042 0.042 20 0.147 0.012 0.1472 0.0116
% 1743782711.8175883 robobot/cmd/ti/rc 0.200 0.241 1743782711.8024096
1743782711.8175883 0 0.150 -0.020 0.021 1 -0.37 0.241 0.241 20 0.150 0.021 0.1502 0.0208
1743782711.8175883 0 0.150 -0.020 0.023 1 -0.37 0.241 0.241 20 0.150 0.023 0.1502 0.0231
% 1743782711.8175883 robobot/cmd/ti/rc 0.200 -0.104 1743782711.8175883
1743782711.8175883 0 0.152 -0.020 0.027 1 -0.37 -0.104 -0.104 20 0.153 0.027 0.1534 0.0266
1743782711.8175883 0 0.154 -0.020 0.034 1 -0.37 -0.104 -0.104 20 0.153 0.034 0.1534 0.0335
% 1743782711.8175883 robobot/cmd/ti/rc 0.200 0.067 1743782711.8175883
1743782711.8175883 0 0.154 -0.020 0.034 1 -0.36 0.067 0.067 20 0.153 0.034 0.1534 0.0335
% 1743782711.836319 robobot/cmd/ti/rc 0.200 -0.107 1743782711.836319
1743782711.836319 0 0.156 -0.020 0.039 1 -0.36 -0.107 -0.107 20 0.157 0.039 0.1566 0.0393
1743782711.836319 0 0.157 -0.020 0.042 1 -0.36 -0.107 -0.107 20 0.157 0.042 0.1566 0.0416
% 1743782711.836319 robobot/cmd/ti/rc 0.200 -0.139 1743782711.836319
1743782711.836319 0 0.158 -0.020 0.044 1 -0.35 -0.139 -0.139 20 0.160 0.044 0.1599 0.0439
1743782711.836319 0 0.160 -0.020 0.047 1 -0.35 -0.139 -0.139 20 0.160 0.047 0.1599 0.0474
% 1743782711.8495522 robobot/cmd/ti/rc 0.200 -0.145 1743782711.8495522
1743782711.8495522 0 0.160 -0.020 0.047 1 -0.35 -0.145 -0.145 20 0.160 0.047 0.1599 0.0474
% 1743782711.8700683 robobot/cmd/ti/rc 0.200 -0.321 1743782711.8700683
1743782711.8700683 0 0.162 -0.020 0.050 1 -0.33 -0.321 -0.321 20 0.163 0.050 0.1633 0.0497
1743782711.8700683 0 0.163 -0.019 0.051 1 -0.33 -0.321 -0.321 20 0.163 0.051 0.1633 0.0509
% 1743782711.8700683 robobot/cmd/ti/rc 0.200 -0.326 1743782711.8700683
1743782711.8700683 0 0.165 -0.019 0.052 1 -0.32 -0.326 -0.326 20 0.166 0.052 0.1663 0.0520
1743782711.8700683 0 0.167 -0.019 0.053 1 -0.32 -0.326 -0.326 20 0.166 0.053 0.1663 0.0532
% 1743782711.8700683 robobot/cmd/ti/rc 0.200 -0.332 1743782711.8700683
1743782711.8700683 0 0.167 -0.019 0.053 1 -0.31 -0.332 -0.332 20 0.166 0.053 0.1663 0.0532
% 1743782711.903502 robobot/cmd/ti/alive 2025-04-04 18:05:09.620261
% 1743782711.903502 robobot/cmd/ti/rc 0.200 -0.337 1743782711.903502
1743782711.903502 0 0.169 -0.019 0.053 1 -0.30 -0.337 -0.337 20 0.170 0.053 0.1697 0.0532
1743782711.903502 0 0.170 -0.019 0.053 1 -0.30 -0.337 -0.337 20 0.170 0.053 0.1697 0.0532
% 1743782711.903502 robobot/cmd/ti/rc 0.200 -0.342 1743782711.903502
1743782711.903502 0 0.171 -0.019 0.053 1 -0.29 -0.342 -0.342 20 0.173 0.053 0.1730 0.0532
1743782711.903502 0 0.173 -0.019 0.052 1 -0.29 -0.342 -0.342 20 0.173 0.052 0.1730 0.0520
% 1743782711.903502 robobot/cmd/ti/rc 0.200 -0.393 1743782711.903502
1743782711.903502 0 0.173 -0.019 0.052 1 -0.28 -0.393 -0.393 20 0.173 0.052 0.1730 0.0520
% 1743782711.9300997 robobot/cmd/ti/rc 0.200 -0.463 1743782711.9300997
1743782711.9300997 0 0.175 -0.019 0.051 1 -0.26 -0.463 -0.463 20 0.176 0.051 0.1761 0.0509
1743782711.9300997 0 0.176 -0.019 0.050 1 -0.26 -0.463 -0.463 20 0.176 0.050 0.1761 0.0497
% 1743782711.9300997 robobot/cmd/ti/rc 0.200 -0.358 1743782711.9300997
1743782711.9300997 0 0.177 -0.019 0.049 1 -0.25 -0.358 -0.358 20 0.179 0.049 0.1793 0.0486
1743782711.9300997 0 0.180 -0.019 0.046 1 -0.25 -0.358 -0.358 20 0.179 0.046 0.1793 0.0463
% 1743782711.9300997 robobot/cmd/ti/rc 0.200 -0.363 1743782711.9300997
1743782711.9300997 0 0.180 -0.019 0.046 1 -0.24 -0.363 -0.363 20 0.179 0.046 0.1793 0.0463
% 1743782711.9641764 robobot/cmd/ti/rc 0.200 -0.369 1743782711.9641764
1743782711.9641764 0 0.182 -0.019 0.044 1 -0.23 -0.369 -0.369 20 0.183 0.044 0.1826 0.0439
1743782711.9641764 0 0.183 -0.019 0.042 1 -0.23 -0.369 -0.369 20 0.183 0.042 0.1826 0.0416
% 1743782711.9671755 robobot/cmd/ti/rc 0.200 -0.374 1743782711.9666717
1743782711.9671755 0 0.184 -0.018 0.041 1 -0.22 -0.374 -0.374 20 0.186 0.041 0.1856 0.0405
1743782711.9679704 0 0.186 -0.018 0.037 1 -0.22 -0.374 -0.374 20 0.186 0.037 0.1856 0.0370
% 1743782711.9679704 robobot/cmd/ti/rc 0.100 -0.581 1743782711.9679704
1743782711.9679704 0 0.186 -0.018 0.037 1 -0.20 -0.581 -0.581 20 0.186 0.037 0.1856 0.0370
% 1743782711.9951413 robobot/cmd/ti/rc 0.100 -0.387 1743782711.9951413
1743782711.9951413 0 0.188 -0.018 0.034 1 -0.19 -0.387 -0.387 20 0.189 0.034 0.1886 0.0335
1743782711.9951413 0 0.189 -0.018 0.031 1 -0.19 -0.387 -0.387 20 0.189 0.031 0.1886 0.0312
% 1743782711.9951413 robobot/cmd/ti/rc 0.100 -0.393 1743782711.9951413
1743782711.9951413 0 0.190 -0.018 0.029 1 -0.18 -0.393 -0.393 20 0.192 0.029 0.1918 0.0289
1743782711.9951413 0 0.192 -0.018 0.023 1 -0.18 -0.393 -0.393 20 0.192 0.023 0.1918 0.0231
% 1743782711.9951413 robobot/cmd/ti/rc 0.100 -0.398 1743782711.9951413
1743782711.9951413 0 0.192 -0.018 0.023 1 -0.16 -0.398 -0.398 20 0.192 0.023 0.1918 0.0231
% 1743782712.0273414 robobot/cmd/ti/rc 0.100 -0.334 1743782712.0273414
1743782712.0273414 0 0.193 -0.018 0.017 1 -0.16 -0.334 -0.334 20 0.195 0.017 0.1948 0.0173
1743782712.0273414 0 0.194 -0.018 0.015 1 -0.16 -0.334 -0.334 20 0.195 0.015 0.1948 0.0150
% 1743782712.0273414 robobot/cmd/ti/rc 0.100 -4.000 1743782712.0273414
1743782712.0273414 0 0.195 -0.018 0.012 1 0.33 -17.307 -4.000 20 0.197 0.012 0.1968 0.0116
1743782712.0273414 0 0.196 -0.018 0.006 1 0.33 -17.307 -4.000 20 0.197 0.006 0.1968 0.0058
% 1743782712.0273414 robobot/cmd/ti/rc 0.100 -1.774 1743782712.0273414
1743782712.0273414 0 0.196 -0.018 0.006 1 0.37 -1.774 -1.774 20 0.197 0.006 0.1968 0.0058
% 1743782712.0566463 robobot/cmd/ti/rc 0.100 0.731 1743782712.0566463
1743782712.0566463 0 0.197 -0.018 -0.002 1 0.34 0.731 0.731 20 0.199 -0.002 0.1989 -0.0023
1743782712.0566463 0 0.198 -0.018 -0.006 1 0.34 0.731 0.731 20 0.199 -0.006 0.1989 -0.0058
% 1743782712.0566463 robobot/cmd/ti/rc 0.100 0.092 1743782712.0566463
1743782712.0566463 0 0.198 -0.018 -0.010 1 0.34 0.092 0.092 20 0.201 -0.010 0.2010 -0.0104
1743782712.0566463 0 0.200 -0.018 -0.021 1 0.34 0.092 0.092 20 0.201 -0.021 0.2010 -0.0208
% 1743782712.0594008 robobot/cmd/ti/rc 0.100 0.354 1743782712.0594008
1743782712.0594008 0 0.200 -0.018 -0.021 1 0.32 0.354 0.354 20 0.201 -0.021 0.2010 -0.0208
% 1743782712.0756083 robobot/cmd/ti/rc 0.100 -0.138 1743782712.0756083
1743782712.0756083 0 0.201 -0.018 -0.034 1 0.32 -0.138 -0.138 20 0.203 -0.034 0.2032 -0.0335
1743782712.0756083 0 0.202 -0.018 -0.041 1 0.32 -0.138 -0.138 20 0.203 -0.041 0.2032 -0.0405
% 1743782712.0756083 robobot/cmd/ti/rc 0.100 0.102 1743782712.0756083
1743782712.0756083 0 0.202 -0.018 -0.047 1 0.31 0.102 0.102 20 0.205 -0.047 0.2054 -0.0474
1743782712.0756083 0 0.203 -0.018 -0.052 1 0.31 0.102 0.102 20 0.205 -0.052 0.2054 -0.0520
% 1743782712.0756083 robobot/cmd/ti/rc 0.100 0.122 1743782712.0756083
1743782712.0756083 0 0.203 -0.018 -0.052 1 0.30 0.122 0.122 20 0.205 -0.052 0.2054 -0.0520
% 1743782712.1065679 robobot/cmd/ti/rc 0.100 0.576 1743782712.1065679
1743782712.1065679 0 0.204 -0.018 -0.053 1 0.27 0.576 0.576 20 0.207 -0.053 0.2071 -0.0532
1743782712.1065679 0 0.204 -0.018 -0.053 1 0.27 0.576 0.576 20 0.207 -0.053 0.2071 -0.0532
% 1743782712.1065679 robobot/cmd/ti/rc 0.100 0.738 1743782712.1065679
1743782712.1065679 0 0.204 -0.018 -0.058 1 0.25 0.738 0.738 20 0.208 -0.058 0.2079 -0.0578
1743782712.1065679 0 0.205 -0.018 -0.066 1 0.25 0.738 0.738 20 0.208 -0.066 0.2079 -0.0659
% 1743782712.1065679 robobot/cmd/ti/rc 0.100 0.540 1743782712.1065679
1743782712.1065679 0 0.205 -0.018 -0.066 1 0.22 0.540 0.540 20 0.208 -0.066 0.2079 -0.0659
% 1743782712.1388063 robobot/cmd/ti/rc 0.100 0.722 1743782712.1388063
1743782712.1388063 0 0.206 -0.019 -0.074 1 0.20 0.722 0.722 20 0.209 -0.074 0.2094 -0.0740
1743782712.1388063 0 0.207 -0.019 -0.077 1 0.20 0.722 0.722 20 0.209 -0.077 0.2094 -0.0775
% 1743782712.1388063 robobot/cmd/ti/rc 0.100 0.486 1743782712.1388063
1743782712.1388063 0 0.207 -0.019 -0.081 1 0.18 0.486 0.486 20 0.211 -0.081 0.2109 -0.0810
1743782712.1388063 0 0.208 -0.019 -0.081 1 0.18 0.486 0.486 20 0.211 -0.081 0.2109 -0.0810
% 1743782712.1388063 robobot/cmd/ti/rc 0.100 0.637 1743782712.1388063
1743782712.1388063 0 0.208 -0.019 -0.081 1 0.16 0.637 0.637 20 0.211 -0.081 0.2109 -0.0810
% 1743782712.1712527 robobot/cmd/ti/rc 0.100 0.574 1743782712.1712527
1743782712.1712527 0 0.208 -0.019 -0.080 1 0.14 0.574 0.574 20 0.212 -0.080 0.2121 -0.0798
1743782712.1712527 0 0.209 -0.019 -0.080 1 0.14 0.574 0.574 20 0.212 -0.080 0.2121 -0.0798
% 1743782712.1712527 robobot/cmd/ti/rc 0.100 0.653 1743782712.1712527
1743782712.1712527 0 0.209 -0.019 -0.080 1 0.11 0.653 0.653 20 0.213 -0.080 0.2129 -0.0798
1743782712.1712527 0 0.210 -0.019 -0.077 1 0.11 0.653 0.653 20 0.213 -0.077 0.2129 -0.0775
% 1743782712.1712527 robobot/cmd/ti/rc 0.100 0.341 1743782712.1712527
1743782712.1712527 0 0.210 -0.019 -0.077 1 0.10 0.341 0.341 20 0.213 -0.077 0.2129 -0.0775
% 1743782712.2030268 robobot/cmd/ti/rc 0.100 0.269 1743782712.2030268
1743782712.2030268 0 0.211 -0.019 -0.074 1 0.09 0.269 0.269 20 0.214 -0.074 0.2138 -0.0740
1743782712.2030268 0 0.211 -0.019 -0.072 1 0.09 0.269 0.269 20 0.214 -0.072 0.2138 -0.0717
% 1743782712.2030268 robobot/cmd/ti/rc 0.100 0.361 1743782712.2030268
1743782712.2030268 0 0.211 -0.019 -0.070 1 0.07 0.361 0.361 20 0.215 -0.070 0.2153 -0.0705
1743782712.2030268 0 0.212 -0.019 -0.066 1 0.07 0.361 0.361 20 0.215 -0.066 0.2153 -0.0659
% 1743782712.2030268 robobot/cmd/ti/rc 0.100 -0.008 1743782712.2030268
1743782712.2030268 0 0.212 -0.019 -0.066 1 0.07 -0.008 -0.008 20 0.215 -0.066 0.2153 -0.0659
% 1743782712.2349203 robobot/cmd/ti/rc 0.100 2.420 1743782712.2349203
1743782712.2349203 0 0.213 -0.019 -0.060 1 0.00 2.420 2.420 19 0.216 -0.060 0.2165 -0.0601
1743782712.2369394 0 0.213 -0.019 -0.058 1 0.00 2.420 2.420 19 0.216 -0.058 0.2165 -0.0578
% 1743782712.2369394 robobot/cmd/ti/rc 0.100 -0.088 1743782712.2369394
1743782712.2369394 0 0.213 -0.019 -0.056 1 0.00 -0.088 -0.088 18 0.218 -0.056 0.2176 -0.0555
1743782712.2369394 0 0.214 -0.019 -0.051 1 0.00 -0.088 -0.088 18 0.218 -0.051 0.2176 -0.0509
% 1743782712.2369394 robobot/cmd/ti/rc 0.100 -0.088 1743782712.2369394
1743782712.2369394 0 0.214 -0.019 -0.051 1 0.00 -0.088 -0.088 17 0.218 -0.051 0.2176 -0.0509
% 1743782712.2588072 robobot/cmd/ti/rc 0.100 -0.088 1743782712.2588072
1743782712.2588072 0 0.215 -0.019 -0.049 1 0.00 -0.088 -0.088 16 0.219 -0.049 0.2187 -0.0486
1743782712.2588072 0 0.215 -0.019 -0.049 1 0.00 -0.088 -0.088 16 0.219 -0.049 0.2187 -0.0486
% 1743782712.2588072 robobot/cmd/ti/rc 0.100 -0.088 1743782712.2588072
1743782712.2588072 0 0.216 -0.019 -0.047 1 0.00 -0.088 -0.088 15 0.220 -0.047 0.2197 -0.0474
1743782712.2668939 0 0.217 -0.019 -0.047 1 0.00 -0.088 -0.088 15 0.220 -0.047 0.2197 -0.0474
% 1743782712.2668939 robobot/cmd/ti/rc 0.100 -0.088 1743782712.2668939
1743782712.2668939 0 0.217 -0.019 -0.047 1 0.00 -0.088 -0.088 14 0.220 -0.047 0.2197 -0.0474
% 1743782712.2828512 robobot/cmd/ti/rc 0.100 -0.088 1743782712.2828512
1743782712.2828512 0 0.218 -0.019 -0.046 1 0.00 -0.088 -0.088 13 0.221 -0.046 0.2212 -0.0463
1743782712.2828512 0 0.218 -0.019 -0.045 1 0.00 -0.088 -0.088 13 0.221 -0.045 0.2212 -0.0451
% 1743782712.2828512 robobot/cmd/ti/rc 0.100 -0.088 1743782712.2828512
1743782712.2828512 0 0.218 -0.019 -0.044 1 0.00 -0.088 -0.088 12 0.223 -0.044 0.2226 -0.0439
1743782712.2828512 0 0.219 -0.019 -0.042 1 0.00 -0.088 -0.088 12 0.223 -0.042 0.2226 -0.0416
% 1743782712.2996814 robobot/cmd/ti/rc 0.100 -0.088 1743782712.2996814
1743782712.2996814 0 0.219 -0.019 -0.042 1 0.00 -0.088 -0.088 11 0.223 -0.042 0.2226 -0.0416
% 1743782712.3146756 robobot/cmd/ti/rc 0.100 -0.088 1743782712.3146756
1743782712.3146756 0 0.220 -0.019 -0.043 1 0.00 -0.088 -0.088 10 0.224 -0.043 0.2237 -0.0428
1743782712.3307514 0 0.220 -0.019 -0.042 1 0.00 -0.088 -0.088 10 0.224 -0.042 0.2237 -0.0416
% 1743782712.3307514 robobot/cmd/ti/rc 0.100 -0.088 1743782712.3307514
1743782712.3307514 0 0.221 -0.019 -0.043 1 0.00 -0.088 -0.088 9 0.225 -0.043 0.2248 -0.0428
1743782712.3307514 0 0.222 -0.019 -0.044 1 0.00 -0.088 -0.088 9 0.225 -0.044 0.2248 -0.0439
% 1743782712.3307514 robobot/cmd/ti/rc 0.100 -0.088 1743782712.3307514
1743782712.3307514 0 0.222 -0.019 -0.044 1 0.00 -0.088 -0.088 8 0.225 -0.044 0.2248 -0.0439
% 1743782712.3307514 robobot/cmd/ti/rc 0.100 -0.088 1743782712.3307514
1743782712.3307514 0 0.222 -0.019 -0.044 1 0.00 -0.088 -0.088 7 0.226 -0.044 0.2264 -0.0439
1743782712.3467078 0 0.223 -0.019 -0.045 1 0.00 -0.088 -0.088 7 0.226 -0.045 0.2264 -0.0451
% 1743782712.3467078 robobot/cmd/ti/rc 0.100 -0.088 1743782712.3467078
1743782712.3564286 0 0.223 -0.019 -0.046 1 0.00 -0.088 -0.088 6 0.228 -0.046 0.2277 -0.0463
1743782712.3564286 0 0.225 -0.020 -0.046 1 0.00 -0.088 -0.088 6 0.228 -0.046 0.2277 -0.0463
% 1743782712.3564286 robobot/cmd/ti/rc 0.100 -0.088 1743782712.3564286
1743782712.3564286 0 0.225 -0.020 -0.046 1 0.00 -0.088 -0.088 5 0.228 -0.046 0.2277 -0.0463
% 1743782712.3871975 robobot/cmd/ti/rc 0.100 -0.088 1743782712.3871975
1743782712.3871975 0 0.225 -0.020 -0.047 1 0.00 -0.088 -0.088 4 0.229 -0.047 0.2292 -0.0474
1743782712.388764 0 0.226 -0.020 -0.047 1 0.00 -0.088 -0.088 4 0.229 -0.047 0.2292 -0.0474
% 1743782712.388764 robobot/cmd/ti/rc 0.100 -0.088 1743782712.388764
1743782712.388764 0 0.227 -0.020 -0.049 1 0.00 -0.088 -0.088 3 0.231 -0.049 0.2309 -0.0486
1743782712.3903306 0 0.228 -0.020 -0.049 1 0.00 -0.088 -0.088 3 0.231 -0.049 0.2309 -0.0486
% 1743782712.392078 robobot/cmd/ti/rc 0.100 -0.088 1743782712.392078
1743782712.393647 0 0.228 -0.020 -0.049 1 0.00 -0.088 -0.088 2 0.231 -0.049 0.2309 -0.0486
% 1743782712.4102724 robobot/cmd/ti/alive 2025-04-04 18:05:09.620261
% 1743782712.4112866 robobot/cmd/ti/rc 0.100 -0.088 1743782712.4112866
1743782712.4112866 0 0.229 -0.020 -0.049 1 0.00 -0.088 -0.088 1 0.233 -0.049 0.2325 -0.0486
1743782712.4112866 0 0.230 -0.020 -0.049 1 0.00 -0.088 -0.088 1 0.233 -0.049 0.2325 -0.0486
% 1743782712.4112866 robobot/cmd/ti/rc 0.100 -0.088 1743782712.4112866
1743782712.4112866 0 0.230 -0.020 -0.049 1 0.00 -0.088 -0.088 0 0.234 -0.049 0.2342 -0.0486
% 1743782712.4112866 robobot/cmd/ti/rc 0.100 -0.088 1743782712.4112866
1743782712.4112866 0 0.231 -0.020 -0.047 1 0.00 -0.088 -0.088 0 0.234 -0.047 0.2342 -0.0474
1743782712.4112866 0 0.231 -0.020 -0.049 1 0.00 -0.088 -0.088 0 0.234 -0.049 0.2342 -0.0486
% 1743782712.4483356 robobot/cmd/ti/rc 0.100 -0.088 1743782712.4483356
1743782712.4483356 0 0.232 -0.020 -0.049 1 0.00 -0.088 -0.088 0 0.236 -0.049 0.2360 -0.0486
1743782712.4500067 0 0.233 -0.020 -0.050 1 0.00 -0.088 -0.088 0 0.236 -0.050 0.2360 -0.0497
% 1743782712.4500067 robobot/cmd/ti/rc 0.100 -0.088 1743782712.4500067
1743782712.4500067 0 0.233 -0.020 -0.050 1 0.00 -0.088 -0.088 0 0.238 -0.050 0.2378 -0.0497
% 1743782712.4527018 robobot/cmd/ti/rc 0.100 -0.088 1743782712.4527018
1743782712.4527018 0 0.234 -0.020 -0.050 1 0.00 -0.088 -0.088 0 0.238 -0.050 0.2378 -0.0497
1743782712.4527018 0 0.235 -0.020 -0.051 1 0.00 -0.088 -0.088 0 0.238 -0.051 0.2378 -0.0509
% 1743782712.4750743 robobot/cmd/ti/rc 0.100 -0.088 1743782712.4750743
1743782712.4750743 0 0.235 -0.020 -0.051 1 0.00 -0.088 -0.088 0 0.239 -0.051 0.2394 -0.0509
1743782712.4750743 0 0.236 -0.020 -0.050 1 0.00 -0.088 -0.088 0 0.239 -0.050 0.2394 -0.0497
% 1743782712.4750743 robobot/cmd/ti/rc 0.100 -0.088 1743782712.4750743
1743782712.4750743 0 0.236 -0.020 -0.050 1 0.00 -0.088 -0.088 0 0.241 -0.050 0.2410 -0.0497
% 1743782712.527269 robobot/cmd/ti/rc 0.100 -0.088 1743782712.527269
1743782712.527269 0 0.237 -0.020 -0.052 1 0.00 -0.088 -0.088 0 0.241 -0.052 0.2410 -0.0520
1743782712.527269 0 0.238 -0.020 -0.051 1 0.00 -0.088 -0.088 0 0.241 -0.051 0.2410 -0.0509
% 1743782712.527269 robobot/cmd/ti/rc 0.100 -0.088 1743782712.527269
1743782712.527269 0 0.238 -0.020 -0.052 1 0.00 -0.088 -0.088 0 0.243 -0.052 0.2427 -0.0520
1743782712.527269 0 0.240 -0.020 -0.053 1 0.00 -0.088 -0.088 0 0.243 -0.053 0.2427 -0.0532
% 1743782712.527269 robobot/cmd/ti/rc 0.100 -0.088 1743782712.527269
1743782712.527269 0 0.240 -0.020 -0.053 1 0.00 -0.088 -0.088 0 0.244 -0.053 0.2444 -0.0532
% 1743782712.5403364 robobot/cmd/ti/rc 0.100 -0.088 1743782712.5403364
1743782712.5403364 0 0.241 -0.020 -0.053 1 0.00 -0.088 -0.088 0 0.244 -0.053 0.2444 -0.0532
1743782712.5403364 0 0.241 -0.020 -0.054 1 0.00 -0.088 -0.088 0 0.244 -0.054 0.2444 -0.0544
% 1743782712.5403364 robobot/cmd/ti/rc 0.100 -0.088 1743782712.5403364
1743782712.5403364 0 0.242 -0.020 -0.056 1 0.00 -0.088 -0.088 0 0.246 -0.056 0.2460 -0.0555
1743782712.5403364 0 0.243 -0.020 -0.056 1 0.00 -0.088 -0.088 0 0.246 -0.056 0.2460 -0.0555
% 1743782712.5403364 robobot/cmd/ti/rc 0.100 -0.088 1743782712.5403364
1743782712.5403364 0 0.243 -0.020 -0.056 1 0.00 -0.088 -0.088 0 0.248 -0.056 0.2476 -0.0555
% 1743782712.5403364 robobot/cmd/ti/rc 0.100 -0.088 1743782712.5403364
1743782712.5403364 0 0.244 -0.021 -0.056 1 0.00 -0.088 -0.088 0 0.248 -0.056 0.2476 -0.0555
1743782712.5403364 0 0.244 -0.021 -0.057 1 0.00 -0.088 -0.088 0 0.248 -0.057 0.2476 -0.0567
% 1743782712.5403364 robobot/cmd/ti/rc 0.100 -0.088 1743782712.5403364
1743782712.5403364 0 0.245 -0.021 -0.058 1 0.00 -0.088 -0.088 0 0.249 -0.058 0.2492 -0.0578
1743782712.5718572 0 0.246 -0.021 -0.058 1 0.00 -0.088 -0.088 0 0.249 -0.058 0.2492 -0.0578
% 1743782712.5718572 robobot/cmd/ti/rc 0.100 -0.088 1743782712.5718572
1743782712.5718572 0 0.246 -0.021 -0.058 1 0.00 -0.088 -0.088 0 0.251 -0.058 0.2509 -0.0578
% 1743782712.5718572 robobot/cmd/ti/rc 0.100 -0.088 1743782712.5718572
1743782712.5718572 0 0.247 -0.021 -0.059 1 0.00 -0.088 -0.088 0 0.251 -0.059 0.2509 -0.0590
1743782712.5718572 0 0.248 -0.021 -0.059 1 0.00 -0.088 -0.088 0 0.251 -0.059 0.2509 -0.0590
% 1743782712.5718572 robobot/cmd/ti/rc 0.100 -0.088 1743782712.5718572
1743782712.5718572 0 0.248 -0.021 -0.060 1 0.00 -0.088 -0.088 0 0.252 -0.060 0.2524 -0.0601
1743782712.588014 0 0.249 -0.021 -0.060 1 0.00 -0.088 -0.088 0 0.252 -0.060 0.2524 -0.0601
% 1743782712.588014 robobot/cmd/ti/rc 0.100 -0.088 1743782712.588014
1743782712.588014 0 0.249 -0.021 -0.060 1 0.00 -0.088 -0.088 0 0.254 -0.060 0.2541 -0.0601
% 1743782712.588014 robobot/cmd/ti/rc 0.100 -0.088 1743782712.588014
1743782712.588014 0 0.250 -0.021 -0.062 1 0.00 -0.088 -0.088 0 0.254 -0.062 0.2541 -0.0624
1743782712.588014 0 0.251 -0.021 -0.062 1 0.00 -0.088 -0.088 0 0.254 -0.062 0.2541 -0.0624
% 1743782712.6041443 robobot/cmd/ti/rc 0.100 -0.088 1743782712.6041443
1743782712.6041443 0 0.251 -0.021 -0.062 1 0.00 -0.088 -0.088 0 0.256 -0.062 0.2556 -0.0624
1743782712.6199598 0 0.252 -0.021 -0.064 1 0.00 -0.088 -0.088 0 0.256 -0.064 0.2556 -0.0636
% 1743782712.6199598 robobot/cmd/ti/rc 0.100 -0.088 1743782712.6199598
1743782712.6199598 0 0.252 -0.021 -0.064 1 0.00 -0.088 -0.088 0 0.257 -0.064 0.2569 -0.0636
% 1743782712.6199598 robobot/cmd/ti/rc 0.100 4.000 1743782712.6199598
1743782712.6199598 0 0.253 -0.021 -0.064 1 -0.43 15.315 4.000 1 0.257 -0.064 0.2569 -0.0636
1743782712.6199598 0 0.253 -0.021 -0.065 1 -0.43 15.315 4.000 1 0.257 -0.065 0.2569 -0.0648
% 1743782712.6199598 robobot/cmd/ti/rc 0.100 1.837 1743782712.6199598
1743782712.6199598 0 0.254 -0.021 -0.065 1 -0.48 1.837 1.837 2 0.258 -0.065 0.2584 -0.0648
1743782712.6519465 0 0.255 -0.021 -0.065 1 -0.48 1.837 1.837 2 0.258 -0.065 0.2584 -0.0648
% 1743782712.6519465 robobot/cmd/ti/rc 0.100 -0.044 1743782712.6519465
1743782712.6519465 0 0.255 -0.021 -0.065 1 -0.48 -0.044 -0.044 3 0.260 -0.065 0.2600 -0.0648
% 1743782712.6519465 robobot/cmd/ti/rc 0.100 0.184 1743782712.6519465
1743782712.6519465 0 0.256 -0.021 -0.060 1 -0.48 0.184 0.184 4 0.260 -0.060 0.2600 -0.0601
1743782712.6601346 0 0.257 -0.021 -0.052 1 -0.48 0.184 0.184 4 0.260 -0.052 0.2600 -0.0520
% 1743782712.6841857 robobot/cmd/ti/rc 0.100 0.149 1743782712.6841857
1743782712.6841857 0 0.257 -0.021 -0.039 1 -0.48 0.149 0.149 5 0.261 -0.039 0.2609 -0.0393
1743782712.6841857 0 0.258 -0.021 -0.029 1 -0.48 0.149 0.149 5 0.261 -0.029 0.2609 -0.0289
% 1743782712.6841857 robobot/cmd/ti/rc 0.100 -0.697 1743782712.6841857
1743782712.6841857 0 0.258 -0.021 -0.029 1 -0.45 -0.697 -0.697 6 0.262 -0.029 0.2622 -0.0289
% 1743782712.6841857 robobot/cmd/ti/rc 0.100 -0.524 1743782712.6841857
1743782712.6841857 0 0.259 -0.021 -0.024 1 -0.43 -0.524 -0.524 7 0.262 -0.024 0.2622 -0.0243
1743782712.6841857 0 0.260 -0.021 -0.024 1 -0.43 -0.524 -0.524 7 0.262 -0.024 0.2622 -0.0243
% 1743782712.7136672 robobot/cmd/ti/rc 0.100 -0.964 1743782712.7136672
1743782712.7136672 0 0.261 -0.021 -0.025 1 -0.40 -0.964 -0.964 8 0.264 -0.025 0.2636 -0.0254
1743782712.7136672 0 0.262 -0.021 -0.022 1 -0.40 -0.964 -0.964 8 0.264 -0.022 0.2636 -0.0220
% 1743782712.7136672 robobot/cmd/ti/rc 0.100 -1.124 1743782712.7136672
1743782712.7136672 0 0.262 -0.021 -0.022 1 -0.37 -1.124 -1.124 9 0.265 -0.022 0.2655 -0.0220
% 1743782712.716514 robobot/cmd/ti/rc 0.100 -0.605 1743782712.716514
1743782712.716514 0 0.263 -0.021 -0.017 1 -0.35 -0.605 -0.605 10 0.265 -0.017 0.2655 -0.0173
1743782712.716514 0 0.263 -0.021 -0.016 1 -0.35 -0.605 -0.605 10 0.265 -0.016 0.2655 -0.0162
% 1743782712.73263 robobot/cmd/ti/rc 0.100 -0.521 1743782712.73263
1743782712.73263 0 0.264 -0.021 -0.014 1 -0.33 -0.521 -0.521 11 0.267 -0.014 0.2673 -0.0139
1743782712.73263 0 0.265 -0.021 -0.013 1 -0.33 -0.521 -0.521 11 0.267 -0.013 0.2673 -0.0127
% 1743782712.73263 robobot/cmd/ti/rc 0.100 -0.386 1743782712.73263
1743782712.73263 0 0.265 -0.021 -0.013 1 -0.32 -0.386 -0.386 12 0.269 -0.013 0.2686 -0.0127
% 1743782712.7487268 robobot/cmd/ti/rc 0.100 0.039 1743782712.7487268
1743782712.7487268 0 0.266 -0.021 -0.013 1 -0.32 0.039 0.039 13 0.269 -0.013 0.2686 -0.0127
1743782712.7487268 0 0.266 -0.021 -0.014 1 -0.32 0.039 0.039 13 0.269 -0.014 0.2686 -0.0139
% 1743782712.776448 robobot/cmd/ti/rc 0.100 -0.058 1743782712.776448
1743782712.776448 0 0.267 -0.022 -0.016 1 -0.31 -0.058 -0.058 14 0.270 -0.016 0.2702 -0.0162
1743782712.776448 0 0.268 -0.022 -0.015 1 -0.31 -0.058 -0.058 14 0.270 -0.015 0.2702 -0.0150
% 1743782712.779119 robobot/cmd/ti/rc 0.100 0.077 1743782712.776448
1743782712.779119 0 0.268 -0.022 -0.015 1 -0.31 0.077 0.077 15 0.272 -0.015 0.2720 -0.0150
% 1743782712.7825124 robobot/cmd/ti/rc 0.100 0.118 1743782712.7825124
1743782712.7825124 0 0.269 -0.022 -0.015 1 -0.31 0.118 0.118 16 0.272 -0.015 0.2720 -0.0150
1743782712.7825124 0 0.270 -0.022 -0.015 1 -0.31 0.118 0.118 16 0.272 -0.015 0.2720 -0.0150
% 1743782712.796109 robobot/cmd/ti/rc 0.100 0.079 1743782712.796109
1743782712.796109 0 0.270 -0.022 -0.015 1 -0.31 0.079 0.079 17 0.273 -0.015 0.2735 -0.0150
1743782712.796109 0 0.271 -0.022 -0.014 1 -0.31 0.079 0.079 17 0.273 -0.014 0.2735 -0.0139
% 1743782712.796109 robobot/cmd/ti/rc 0.100 -0.053 1743782712.796109
1743782712.796109 0 0.271 -0.022 -0.014 1 -0.31 -0.053 -0.053 18 0.275 -0.014 0.2749 -0.0139
% 1743782712.8119442 robobot/cmd/ti/rc 0.100 -0.093 1743782712.8119442
1743782712.8119442 0 0.272 -0.022 -0.014 1 -0.30 -0.093 -0.093 19 0.275 -0.014 0.2749 -0.0139
1743782712.8119442 0 0.272 -0.022 -0.013 1 -0.30 -0.093 -0.093 19 0.275 -0.013 0.2749 -0.0127
% 1743782712.8279374 robobot/cmd/ti/rc 0.100 -0.259 1743782712.8279374
1743782712.8279374 0 0.273 -0.022 -0.013 1 -0.30 -0.259 -0.259 20 0.277 -0.013 0.2765 -0.0127
1743782712.8279374 0 0.274 -0.022 -0.012 1 -0.30 -0.259 -0.259 20 0.277 -0.012 0.2765 -0.0116
% 1743782712.837949 robobot/cmd/ti/rc 0.100 -0.181 1743782712.837949
1743782712.837949 0 0.274 -0.022 -0.012 1 -0.29 -0.181 -0.181 20 0.278 -0.012 0.2780 -0.0116
% 1743782712.837949 robobot/cmd/ti/rc 0.100 -0.303 1743782712.837949
1743782712.837949 0 0.275 -0.022 -0.010 1 -0.28 -0.303 -0.303 20 0.278 -0.010 0.2780 -0.0104
1743782712.837949 0 0.275 -0.022 -0.012 1 -0.28 -0.303 -0.303 20 0.278 -0.012 0.2780 -0.0116
% 1743782712.8614507 robobot/cmd/ti/rc 0.100 -0.256 1743782712.8614507
1743782712.8614507 0 0.276 -0.022 -0.012 1 -0.27 -0.256 -0.256 20 0.279 -0.012 0.2793 -0.0116
1743782712.8657587 0 0.277 -0.022 -0.012 1 -0.27 -0.256 -0.256 20 0.279 -0.012 0.2793 -0.0116
% 1743782712.8657587 robobot/cmd/ti/rc 0.100 -0.098 1743782712.8657587
1743782712.8657587 0 0.277 -0.022 -0.012 1 -0.26 -0.098 -0.098 20 0.281 -0.012 0.2808 -0.0116
% 1743782712.8657587 robobot/cmd/ti/rc 0.100 -0.098 1743782712.8657587
1743782712.8657587 0 0.278 -0.022 -0.013 1 -0.26 -0.098 -0.098 20 0.281 -0.013 0.2808 -0.0127
1743782712.8657587 0 0.278 -0.022 -0.013 1 -0.26 -0.098 -0.098 20 0.281 -0.013 0.2808 -0.0127
% 1743782712.8917112 robobot/cmd/ti/rc 0.100 0.056 1743782712.8917112
1743782712.8917112 0 0.279 -0.022 -0.012 1 -0.26 0.056 0.056 20 0.282 -0.012 0.2823 -0.0116
1743782712.8917112 0 0.280 -0.022 -0.014 1 -0.26 0.056 0.056 20 0.282 -0.014 0.2823 -0.0139
% 1743782712.8917112 robobot/cmd/ti/rc 0.100 0.056 1743782712.8917112
1743782712.8917112 0 0.280 -0.022 -0.014 1 -0.26 0.056 0.056 20 0.284 -0.014 0.2837 -0.0139
% 1743782712.8917112 robobot/cmd/ti/rc 0.100 0.105 1743782712.8917112
1743782712.8917112 0 0.281 -0.022 -0.014 1 -0.26 0.105 0.105 20 0.284 -0.014 0.2837 -0.0139
1743782712.8917112 0 0.281 -0.022 -0.014 1 -0.26 0.105 0.105 20 0.284 -0.014 0.2837 -0.0139
% 1743782712.9162424 robobot/cmd/ti/alive 2025-04-04 18:05:09.620261
% 1743782712.9237282 robobot/cmd/ti/rc 0.100 0.260 1743782712.9237282
1743782712.9237282 0 0.282 -0.022 -0.014 1 -0.27 0.260 0.260 20 0.285 -0.014 0.2852 -0.0139
1743782712.9237282 0 0.283 -0.022 -0.016 1 -0.27 0.260 0.260 20 0.285 -0.016 0.2852 -0.0162
% 1743782712.9237282 robobot/cmd/ti/rc 0.100 0.108 1743782712.9237282
1743782712.9237282 0 0.283 -0.022 -0.016 1 -0.27 0.108 0.108 20 0.287 -0.016 0.2868 -0.0162
% 1743782712.9237282 robobot/cmd/ti/rc 0.100 0.062 1743782712.9237282
1743782712.9237282 0 0.284 -0.022 -0.015 1 -0.27 0.062 0.062 20 0.287 -0.015 0.2868 -0.0150
1743782712.9237282 0 0.284 -0.022 -0.015 1 -0.27 0.062 0.062 20 0.287 -0.015 0.2868 -0.0150
% 1743782712.9398625 robobot/cmd/ti/rc 0.100 0.062 1743782712.9398625
1743782712.9398625 0 0.285 -0.022 -0.016 1 -0.27 0.062 0.062 20 0.288 -0.016 0.2882 -0.0162
1743782712.955736 0 0.286 -0.022 -0.016 1 -0.27 0.062 0.062 20 0.288 -0.016 0.2882 -0.0162
% 1743782712.955736 robobot/cmd/ti/rc 0.100 0.063 1743782712.955736
1743782712.955736 0 0.286 -0.022 -0.016 1 -0.27 0.063 0.063 20 0.290 -0.016 0.2897 -0.0162
% 1743782712.955736 robobot/cmd/ti/rc 0.100 -0.090 1743782712.955736
1743782712.955736 0 0.287 -0.022 -0.016 1 -0.26 -0.090 -0.090 20 0.290 -0.016 0.2897 -0.0162
1743782712.955736 0 0.287 -0.022 -0.017 1 -0.26 -0.090 -0.090 20 0.290 -0.017 0.2897 -0.0173
% 1743782712.9841518 robobot/cmd/ti/rc 0.100 0.061 1743782712.9841518
1743782712.9841518 0 0.288 -0.022 -0.017 1 -0.26 0.061 0.061 20 0.291 -0.017 0.2913 -0.0173
1743782712.9841518 0 0.289 -0.022 -0.017 1 -0.26 0.061 0.061 20 0.291 -0.017 0.2913 -0.0173
% 1743782712.9841518 robobot/cmd/ti/rc 0.100 -0.090 1743782712.9841518
1743782712.9841518 0 0.289 -0.022 -0.017 1 -0.26 -0.090 -0.090 20 0.293 -0.017 0.2928 -0.0173
% 1743782712.9878047 robobot/cmd/ti/rc 0.100 0.060 1743782712.9878047
1743782712.9878047 0 0.290 -0.022 -0.018 1 -0.26 0.060 0.060 20 0.293 -0.018 0.2928 -0.0185
1743782712.9878047 0 0.290 -0.022 -0.018 1 -0.26 0.060 0.060 20 0.293 -0.018 0.2928 -0.0185
% 1743782713.0039978 robobot/cmd/ti/rc 0.100 0.060 1743782713.0039978
1743782713.0039978 0 0.291 -0.022 -0.018 1 -0.26 0.060 0.060 20 0.294 -0.018 0.2943 -0.0185
1743782713.0039978 0 0.292 -0.022 -0.020 1 -0.26 0.060 0.060 20 0.294 -0.020 0.2943 -0.0197
% 1743782713.0177724 robobot/cmd/ti/rc 0.100 -0.041 1743782713.0177724
1743782713.0177724 0 0.292 -0.022 -0.020 1 -0.26 -0.041 -0.041 20 0.296 -0.020 0.2958 -0.0197
% 1743782713.0208488 robobot/cmd/ti/rc 0.100 0.107 1743782713.0208488
1743782713.0208488 0 0.293 -0.022 -0.020 1 -0.26 0.107 0.107 20 0.296 -0.020 0.2958 -0.0197
1743782713.0217352 0 0.293 -0.022 -0.018 1 -0.26 0.107 0.107 20 0.296 -0.018 0.2958 -0.0185
% 1743782713.047497 robobot/cmd/ti/rc 0.100 0.210 1743782713.047497
1743782713.047497 0 0.294 -0.022 -0.020 1 -0.26 0.210 0.210 20 0.297 -0.020 0.2973 -0.0197
1743782713.047497 0 0.295 -0.022 -0.018 1 -0.26 0.210 0.210 20 0.297 -0.018 0.2973 -0.0185
% 1743782713.049877 robobot/cmd/ti/rc 0.100 0.063 1743782713.049877
1743782713.049877 0 0.295 -0.022 -0.018 1 -0.26 0.063 0.063 20 0.299 -0.018 0.2988 -0.0185
% 1743782713.049877 robobot/cmd/ti/rc 0.100 0.064 1743782713.049877
1743782713.049877 0 0.296 -0.022 -0.017 1 -0.26 0.064 0.064 20 0.299 -0.017 0.2988 -0.0173
1743782713.049877 0 0.296 -0.022 -0.017 1 -0.26 0.064 0.064 20 0.299 -0.017 0.2988 -0.0173
% 1743782713.0734143 robobot/cmd/ti/rc 0.100 -0.085 1743782713.0734143
1743782713.0734143 0 0.297 -0.022 -0.017 1 -0.26 -0.085 -0.085 20 0.300 -0.017 0.3003 -0.0173
1743782713.0734143 0 0.298 -0.022 -0.016 1 -0.26 -0.085 -0.085 20 0.300 -0.016 0.3003 -0.0162
% 1743782713.0734143 robobot/cmd/ti/rc 0.100 0.109 1743782713.0734143
1743782713.0734143 0 0.298 -0.022 -0.016 1 -0.26 0.109 0.109 20 0.302 -0.016 0.3018 -0.0162
% 1743782713.0812433 robobot/cmd/ti/rc 0.100 0.063 1743782713.0812433
1743782713.0812433 0 0.299 -0.022 -0.016 1 -0.26 0.063 0.063 20 0.302 -0.016 0.3018 -0.0162
1743782713.0812433 0 0.299 -0.022 -0.016 1 -0.26 0.063 0.063 20 0.302 -0.016 0.3018 -0.0162
% 1743782713.0956872 robobot/cmd/ti/rc 0.100 -0.083 1743782713.0956872
1743782713.0956872 0 0.299 -0.022 -0.016 1 -0.26 -0.083 -0.083 20 0.303 -0.016 0.3033 -0.0162
1743782713.0956872 0 0.301 -0.022 -0.016 1 -0.26 -0.083 -0.083 20 0.303 -0.016 0.3033 -0.0162
% 1743782713.0956872 robobot/cmd/ti/rc 0.100 0.062 1743782713.0956872
1743782713.0956872 0 0.301 -0.022 -0.016 1 -0.26 0.062 0.062 20 0.305 -0.016 0.3047 -0.0162
% 1743782713.1063554 robobot/cmd/ti/rc 0.100 0.063 1743782713.1063554
1743782713.1063554 0 0.302 -0.022 -0.016 1 -0.26 0.063 0.063 20 0.305 -0.016 0.3047 -0.0162
1743782713.1063554 0 0.302 -0.022 -0.016 1 -0.26 0.063 0.063 20 0.305 -0.016 0.3047 -0.0162
% 1743782713.1276248 robobot/cmd/ti/rc 0.100 -0.035 1743782713.1276248
1743782713.1276248 0 0.303 -0.022 -0.016 1 -0.25 -0.035 -0.035 20 0.306 -0.016 0.3062 -0.0162
1743782713.1276248 0 0.303 -0.022 -0.016 1 -0.25 -0.035 -0.035 20 0.306 -0.016 0.3062 -0.0162
% 1743782713.1276248 robobot/cmd/ti/rc 0.100 0.062 1743782713.1276248
1743782713.1276248 0 0.303 -0.022 -0.016 1 -0.25 0.062 0.062 20 0.308 -0.016 0.3077 -0.0162
% 1743782713.1435404 robobot/cmd/ti/rc 0.100 0.062 1743782713.1435404
1743782713.1435404 0 0.305 -0.022 -0.016 1 -0.25 0.062 0.062 20 0.308 -0.016 0.3077 -0.0162
1743782713.1435404 0 0.305 -0.022 -0.015 1 -0.25 0.062 0.062 20 0.308 -0.015 0.3077 -0.0150
% 1743782713.1630595 robobot/cmd/ti/rc 0.100 0.063 1743782713.1630595
1743782713.1630595 0 0.305 -0.022 -0.014 1 -0.25 0.063 0.063 20 0.309 -0.014 0.3092 -0.0139
1743782713.1630595 0 0.306 -0.022 -0.014 1 -0.25 0.063 0.063 20 0.309 -0.014 0.3092 -0.0139
% 1743782713.1630595 robobot/cmd/ti/rc 0.100 0.110 1743782713.1630595
1743782713.1630595 0 0.306 -0.022 -0.014 1 -0.25 0.110 0.110 20 0.311 -0.014 0.3107 -0.0139
% 1743782713.175803 robobot/cmd/ti/rc 0.100 -0.126 1743782713.175803
1743782713.175803 0 0.307 -0.022 -0.013 1 -0.25 -0.126 -0.126 20 0.311 -0.013 0.3107 -0.0127
1743782713.175803 0 0.308 -0.022 -0.014 1 -0.25 -0.126 -0.126 20 0.311 -0.014 0.3107 -0.0139
% 1743782713.1920009 robobot/cmd/ti/rc 0.100 0.109 1743782713.1920009
1743782713.1920009 0 0.308 -0.022 -0.013 1 -0.25 0.109 0.109 20 0.312 -0.013 0.3122 -0.0127
1743782713.1920009 0 0.309 -0.022 -0.012 1 -0.25 0.109 0.109 20 0.312 -0.012 0.3122 -0.0116
% 1743782713.2009428 robobot/cmd/ti/rc 0.100 0.015 1743782713.2009428
1743782713.2009428 0 0.309 -0.022 -0.012 1 -0.25 0.015 0.015 20 0.314 -0.012 0.3136 -0.0116
% 1743782713.2009428 robobot/cmd/ti/rc 0.100 -0.079 1743782713.2009428
1743782713.2009428 0 0.310 -0.022 -0.013 1 -0.24 -0.079 -0.079 20 0.314 -0.013 0.3136 -0.0127
1743782713.2009428 0 0.311 -0.022 -0.012 1 -0.24 -0.079 -0.079 20 0.314 -0.012 0.3136 -0.0116
% 1743782713.2239032 robobot/cmd/ti/rc 0.100 0.061 1743782713.2239032
1743782713.2239032 0 0.311 -0.022 -0.012 1 -0.24 0.061 0.061 20 0.315 -0.012 0.3151 -0.0116
1743782713.2239032 0 0.312 -0.022 -0.013 1 -0.24 0.061 0.061 20 0.315 -0.013 0.3151 -0.0127
% 1743782713.2239032 robobot/cmd/ti/rc 0.100 0.061 1743782713.2239032
1743782713.2239032 0 0.312 -0.022 -0.013 1 -0.24 0.061 0.061 20 0.317 -0.013 0.3166 -0.0127
% 1743782713.2239032 robobot/cmd/ti/rc 0.100 -1.526 1743782713.2239032
1743782713.2239032 0 0.313 -0.022 -0.013 1 -0.20 -1.526 -1.526 20 0.317 -0.013 0.3166 -0.0127
1743782713.2239032 0 0.314 -0.022 -0.013 1 -0.20 -1.526 -1.526 20 0.317 -0.013 0.3166 -0.0127
% 1743782713.2456381 robobot/cmd/ti/rc 0.100 -0.657 1743782713.2456381
1743782713.2456381 0 0.314 -0.022 -0.013 1 -0.18 -0.657 -0.657 20 0.318 -0.013 0.3180 -0.0127
1743782713.2556777 0 0.315 -0.022 -0.013 1 -0.18 -0.657 -0.657 20 0.318 -0.013 0.3180 -0.0127
% 1743782713.2556777 robobot/cmd/ti/rc 0.100 0.396 1743782713.2556777
1743782713.2556777 0 0.315 -0.022 -0.013 1 -0.19 0.396 0.396 20 0.320 -0.013 0.3196 -0.0127
% 1743782713.258213 robobot/cmd/ti/rc 0.100 -0.178 1743782713.258213
1743782713.258213 0 0.316 -0.022 -0.013 1 -0.18 -0.178 -0.178 20 0.320 -0.013 0.3196 -0.0127
1743782713.2634776 0 0.317 -0.022 -0.016 1 -0.18 -0.178 -0.178 20 0.320 -0.016 0.3196 -0.0162
% 1743782713.2742944 robobot/cmd/ti/rc 0.100 -0.317 1743782713.2742944
1743782713.2742944 0 0.317 -0.022 -0.018 1 -0.17 -0.317 -0.317 20 0.321 -0.018 0.3212 -0.0185
1743782713.2742944 0 0.318 -0.022 -0.024 1 -0.17 -0.317 -0.317 20 0.321 -0.024 0.3212 -0.0243
% 1743782713.2742944 robobot/cmd/ti/rc 0.100 0.323 1743782713.2742944
1743782713.2742944 0 0.318 -0.022 -0.024 1 -0.18 0.323 0.323 20 0.323 -0.024 0.3228 -0.0243
% 1743782713.2876554 robobot/cmd/ti/rc 0.100 0.703 1743782713.2876554
1743782713.2876554 0 0.319 -0.022 -0.030 1 -0.20 0.703 0.703 20 0.323 -0.030 0.3228 -0.0301
1743782713.2876554 0 0.319 -0.022 -0.035 1 -0.20 0.703 0.703 20 0.323 -0.035 0.3228 -0.0347
% 1743782713.3035579 robobot/cmd/ti/rc 0.100 1.071 1743782713.3035579
1743782713.3035579 0 0.320 -0.022 -0.037 1 -0.23 1.071 1.071 20 0.324 -0.037 0.3242 -0.0370
1743782713.3035579 0 0.321 -0.022 -0.044 1 -0.23 1.071 1.071 20 0.324 -0.044 0.3242 -0.0439
% 1743782713.3035579 robobot/cmd/ti/rc 0.100 1.225 1743782713.3035579
1743782713.3035579 0 0.321 -0.022 -0.044 1 -0.26 1.225 1.225 20 0.326 -0.044 0.3257 -0.0439
% 1743782713.3212585 robobot/cmd/ti/rc 0.100 0.967 1743782713.3212585
1743782713.3212585 0 0.322 -0.022 -0.050 1 -0.29 0.967 0.967 20 0.326 -0.050 0.3257 -0.0497
1743782713.3212585 0 0.323 -0.022 -0.051 1 -0.29 0.967 0.967 20 0.326 -0.051 0.3257 -0.0509
% 1743782713.3353672 robobot/cmd/ti/rc 0.100 0.767 1743782713.3353672
1743782713.3353672 0 0.323 -0.022 -0.050 1 -0.31 0.767 0.767 20 0.327 -0.050 0.3272 -0.0497
1743782713.3353672 0 0.324 -0.023 -0.050 1 -0.31 0.767 0.767 20 0.327 -0.050 0.3272 -0.0497
% 1743782713.3469107 robobot/cmd/ti/rc 0.100 0.456 1743782713.3469107
1743782713.3469107 0 0.324 -0.023 -0.050 1 -0.32 0.456 0.456 20 0.329 -0.050 0.3291 -0.0497
% 1743782713.3469107 robobot/cmd/ti/rc 0.100 0.461 1743782713.3469107
1743782713.3469107 0 0.324 -0.023 -0.047 1 -0.33 0.461 0.461 20 0.329 -0.047 0.3291 -0.0474
1743782713.3469107 0 0.324 -0.023 -0.044 1 -0.33 0.461 0.461 20 0.329 -0.044 0.3291 -0.0439
% 1743782713.3779728 robobot/cmd/ti/rc 0.100 0.169 1743782713.3779728
1743782713.3779728 0 0.325 -0.023 -0.042 1 -0.33 0.169 0.169 20 0.330 -0.042 0.3301 -0.0416
1743782713.3779728 0 0.326 -0.023 -0.039 1 -0.33 0.169 0.169 20 0.330 -0.039 0.3301 -0.0393
% 1743782713.3779728 robobot/cmd/ti/rc 0.100 0.109 1743782713.3779728
1743782713.3779728 0 0.326 -0.023 -0.039 1 -0.33 0.109 0.109 20 0.331 -0.039 0.3314 -0.0393
% 1743782713.3833733 robobot/cmd/ti/rc 0.100 -0.037 1743782713.3833733
1743782713.3833733 0 0.327 -0.023 -0.037 1 -0.33 -0.037 -0.037 20 0.331 -0.037 0.3314 -0.0370
1743782713.3833733 0 0.328 -0.023 -0.037 1 -0.33 -0.037 -0.037 20 0.331 -0.037 0.3314 -0.0370
% 1743782713.3833733 robobot/cmd/ti/rc 0.100 0.225 1743782713.3833733
1743782713.3833733 0 0.328 -0.023 -0.036 1 -0.33 0.225 0.225 20 0.333 -0.036 0.3332 -0.0359
1743782713.4032612 0 0.329 -0.023 -0.034 1 -0.33 0.225 0.225 20 0.333 -0.034 0.3332 -0.0335
% 1743782713.4032612 robobot/cmd/ti/rc 0.100 0.111 1743782713.4032612
1743782713.4032612 0 0.329 -0.023 -0.034 1 -0.33 0.111 0.111 20 0.335 -0.034 0.3348 -0.0335
% 1743782713.4032612 robobot/cmd/ti/rc 0.100 0.025 1743782713.4032612
1743782713.4032612 0 0.330 -0.023 -0.029 1 -0.33 0.025 0.025 20 0.335 -0.029 0.3348 -0.0289
1743782713.4032612 0 0.330 -0.023 -0.027 1 -0.33 0.025 0.025 20 0.335 -0.027 0.3348 -0.0266
% 1743782713.4223092 robobot/cmd/ti/alive 2025-04-04 18:05:09.620261
% 1743782713.431316 robobot/cmd/ti/rc 0.100 0.110 1743782713.431316
1743782713.431316 0 0.331 -0.023 -0.024 1 -0.33 0.110 0.110 20 0.336 -0.024 0.3362 -0.0243
1743782713.431316 0 0.332 -0.023 -0.021 1 -0.33 0.110 0.110 20 0.336 -0.021 0.3362 -0.0208
% 1743782713.431316 robobot/cmd/ti/rc 0.100 0.141 1743782713.431316
1743782713.431316 0 0.332 -0.023 -0.021 1 -0.33 0.141 0.141 20 0.338 -0.021 0.3376 -0.0208
% 1743782713.431316 robobot/cmd/ti/rc 0.100 0.257 1743782713.431316
1743782713.431316 0 0.333 -0.023 -0.018 1 -0.33 0.257 0.257 20 0.338 -0.018 0.3376 -0.0185
1743782713.431316 0 0.334 -0.023 -0.017 1 -0.33 0.257 0.257 20 0.338 -0.017 0.3376 -0.0173
% 1743782713.4645357 robobot/cmd/ti/rc 0.100 -0.001 1743782713.4635189
1743782713.4645357 0 0.334 -0.023 -0.016 1 -0.33 -0.001 -0.001 20 0.339 -0.016 0.3392 -0.0162
1743782713.4645357 0 0.335 -0.023 -0.014 1 -0.33 -0.001 -0.001 20 0.339 -0.014 0.3392 -0.0139
% 1743782713.4645357 robobot/cmd/ti/rc 0.100 -0.030 1743782713.4645357
1743782713.4645357 0 0.335 -0.023 -0.014 1 -0.32 -0.030 -0.030 20 0.341 -0.014 0.3408 -0.0139
% 1743782713.4685168 robobot/cmd/ti/rc 0.100 -0.031 1743782713.4685168
1743782713.4685168 0 0.336 -0.023 -0.013 1 -0.32 -0.031 -0.031 20 0.341 -0.013 0.3408 -0.0127
1743782713.4685168 0 0.337 -0.023 -0.010 1 -0.32 -0.031 -0.031 20 0.341 -0.010 0.3408 -0.0104
% 1743782713.4793763 robobot/cmd/ti/rc 0.100 -0.031 1743782713.4793763
1743782713.4793763 0 0.337 -0.023 -0.008 1 -0.32 -0.031 -0.031 20 0.342 -0.008 0.3422 -0.0081
1743782713.4793763 0 0.338 -0.023 -0.005 1 -0.32 -0.031 -0.031 20 0.342 -0.005 0.3422 -0.0046
% 1743782713.495359 robobot/cmd/ti/rc 0.100 -0.031 1743782713.4793763
1743782713.495359 0 0.338 -0.023 -0.005 1 -0.31 -0.031 -0.031 20 0.344 -0.005 0.3437 -0.0046
% 1743782713.495359 robobot/cmd/ti/rc 0.100 -0.064 1743782713.495359
1743782713.495359 0 0.339 -0.023 -0.002 1 -0.31 -0.064 -0.064 20 0.344 -0.002 0.3437 -0.0023
1743782713.495359 0 0.339 -0.023 0.000 1 -0.31 -0.064 -0.064 20 0.344 0.000 0.3437 0.0000
% 1743782713.5268662 robobot/cmd/ti/rc 0.100 -0.032 1743782713.5268662
1743782713.5268662 0 0.339 -0.023 0.000 1 -0.30 -0.032 -0.032 20 0.345 0.000 0.3449 0.0000
1743782713.5268662 0 0.340 -0.023 0.002 1 -0.30 -0.032 -0.032 20 0.345 0.002 0.3449 0.0023
% 1743782713.5268662 robobot/cmd/ti/rc 0.100 0.104 1743782713.5268662
1743782713.5268662 0 0.340 -0.023 0.002 1 -0.30 0.104 0.104 20 0.346 0.002 0.3462 0.0023
% 1743782713.5268662 robobot/cmd/ti/rc 0.100 -0.032 1743782713.5268662
1743782713.5268662 0 0.342 -0.023 0.001 1 -0.30 -0.032 -0.032 20 0.346 0.001 0.3462 0.0012
1743782713.5268662 0 0.342 -0.023 0.001 1 -0.30 -0.032 -0.032 20 0.346 0.001 0.3462 0.0012
% 1743782713.5547597 robobot/cmd/ti/rc 0.100 0.069 1743782713.5547597
1743782713.5547597 0 0.343 -0.023 0.001 1 -0.30 0.069 0.069 20 0.348 0.001 0.3478 0.0012
1743782713.5547597 0 0.344 -0.023 0.000 1 -0.30 0.069 0.069 20 0.348 0.000 0.3478 0.0000
% 1743782713.5547597 robobot/cmd/ti/rc 0.100 0.103 1743782713.5547597
1743782713.5547597 0 0.344 -0.023 0.000 1 -0.30 0.103 0.103 20 0.350 0.000 0.3496 0.0000
% 1743782713.5547597 robobot/cmd/ti/rc 0.100 -0.032 1743782713.5547597
1743782713.5547597 0 0.345 -0.023 0.000 1 -0.30 -0.032 -0.032 20 0.350 0.000 0.3496 0.0000
1743782713.5547597 0 0.345 -0.023 0.000 1 -0.30 -0.032 -0.032 20 0.350 0.000 0.3496 0.0000
% 1743782713.5849698 robobot/cmd/ti/rc 0.100 -0.032 1743782713.5849698
1743782713.5849698 0 0.346 -0.023 0.001 1 -0.29 -0.032 -0.032 20 0.351 0.001 0.3511 0.0012
1743782713.5849698 0 0.347 -0.023 0.002 1 -0.29 -0.032 -0.032 20 0.351 0.002 0.3511 0.0023
% 1743782713.5849698 robobot/cmd/ti/rc 0.100 -0.032 1743782713.5849698
1743782713.5849698 0 0.347 -0.023 0.002 1 -0.29 -0.032 -0.032 20 0.353 0.002 0.3528 0.0023
% 1743782713.5849698 robobot/cmd/ti/rc 0.100 -0.069 1743782713.5849698
1743782713.5849698 0 0.348 -0.023 0.005 1 -0.28 -0.069 -0.069 20 0.353 0.005 0.3528 0.0046
1743782713.5849698 0 0.349 -0.023 0.004 1 -0.28 -0.069 -0.069 20 0.353 0.004 0.3528 0.0035
% 1743782713.6114767 robobot/cmd/ti/rc 0.100 0.097 1743782713.6114767
1743782713.6114767 0 0.349 -0.023 0.005 1 -0.28 0.097 0.097 20 0.354 0.005 0.3543 0.0046
1743782713.6114767 0 0.350 -0.023 0.006 1 -0.28 0.097 0.097 20 0.354 0.006 0.3543 0.0058
% 1743782713.6114767 robobot/cmd/ti/rc 0.100 -0.163 1743782713.6114767
1743782713.6114767 0 0.350 -0.023 0.006 1 -0.28 -0.163 -0.163 20 0.356 0.006 0.3558 0.0058
% 1743782713.6114767 robobot/cmd/ti/rc 0.100 0.056 1743782713.6114767
1743782713.6114767 0 0.351 -0.023 0.005 1 -0.27 0.056 0.056 20 0.356 0.005 0.3558 0.0046
1743782713.6114767 0 0.351 -0.023 0.004 1 -0.27 0.056 0.056 20 0.356 0.004 0.3558 0.0035
% 1743782713.6431384 robobot/cmd/ti/rc 0.100 -0.035 1743782713.6431384
1743782713.6431384 0 0.352 -0.023 0.005 1 -0.27 -0.035 -0.035 20 0.357 0.005 0.3573 0.0046
1743782713.6431384 0 0.353 -0.023 0.004 1 -0.27 -0.035 -0.035 20 0.357 0.004 0.3573 0.0035
% 1743782713.6431384 robobot/cmd/ti/rc 0.100 0.092 1743782713.6431384
1743782713.6431384 0 0.353 -0.023 0.004 1 -0.27 0.092 0.092 20 0.359 0.004 0.3588 0.0035
% 1743782713.6431384 robobot/cmd/ti/rc 0.100 -0.035 1743782713.6431384
1743782713.6431384 0 0.354 -0.023 0.004 1 -0.27 -0.035 -0.035 20 0.359 0.004 0.3588 0.0035
1743782713.6431384 0 0.354 -0.023 0.004 1 -0.27 -0.035 -0.035 20 0.359 0.004 0.3588 0.0035
% 1743782713.675702 robobot/cmd/ti/rc 0.100 -0.074 1743782713.675702
1743782713.675702 0 0.355 -0.023 0.005 1 -0.26 -0.074 -0.074 20 0.360 0.005 0.3602 0.0046
1743782713.675702 0 0.356 -0.023 0.005 1 -0.26 -0.074 -0.074 20 0.360 0.005 0.3602 0.0046
% 1743782713.675702 robobot/cmd/ti/rc 0.100 -0.036 1743782713.675702
1743782713.675702 0 0.356 -0.023 0.005 1 -0.26 -0.036 -0.036 20 0.362 0.005 0.3618 0.0046
% 1743782713.675702 robobot/cmd/ti/rc 0.100 -0.036 1743782713.675702
1743782713.675702 0 0.357 -0.023 0.007 1 -0.26 -0.036 -0.036 20 0.362 0.007 0.3618 0.0069
1743782713.675702 0 0.358 -0.023 0.007 1 -0.26 -0.036 -0.036 20 0.362 0.007 0.3618 0.0069
% 1743782713.6942859 robobot/cmd/ti/rc 0.100 -0.077 1743782713.6942859
1743782713.6942859 0 0.358 -0.023 0.007 1 -0.25 -0.077 -0.077 20 0.363 0.007 0.3634 0.0069
1743782713.6942859 0 0.359 -0.023 0.008 1 -0.25 -0.077 -0.077 20 0.363 0.008 0.3634 0.0081
% 1743782713.6942859 robobot/cmd/ti/rc 0.100 -0.038 1743782713.6942859
1743782713.6942859 0 0.359 -0.023 0.008 1 -0.25 -0.038 -0.038 20 0.365 0.008 0.3649 0.0081
% 1743782713.7067952 robobot/cmd/ti/rc 0.100 -0.080 1743782713.7067952
1743782713.7067952 0 0.360 -0.023 0.007 1 -0.24 -0.080 -0.080 20 0.365 0.007 0.3649 0.0069
1743782713.7067952 0 0.361 -0.023 0.006 1 -0.24 -0.080 -0.080 20 0.365 0.006 0.3649 0.0058
% 1743782713.7362309 robobot/cmd/ti/rc 0.100 -0.039 1743782713.7362309
1743782713.7362309 0 0.361 -0.023 0.006 1 -0.24 -0.039 -0.039 20 0.366 0.006 0.3663 0.0058
1743782713.7362309 0 0.362 -0.023 0.008 1 -0.24 -0.039 -0.039 20 0.366 0.008 0.3663 0.0081
% 1743782713.7378817 robobot/cmd/ti/rc 0.100 -0.082 1743782713.7378817
1743782713.7378817 0 0.362 -0.023 0.008 1 -0.24 -0.082 -0.082 20 0.368 0.008 0.3679 0.0081
% 1743782713.7413237 robobot/cmd/ti/rc 0.100 -0.040 1743782713.7413237
1743782713.7413237 0 0.363 -0.023 0.008 1 -0.23 -0.040 -0.040 20 0.368 0.008 0.3679 0.0081
1743782713.7413237 0 0.364 -0.023 0.008 1 -0.23 -0.040 -0.040 20 0.368 0.008 0.3679 0.0081
% 1743782713.7657013 robobot/cmd/ti/rc 0.100 -0.085 1743782713.759738
1743782713.7657013 0 0.364 -0.023 0.008 1 -0.23 -0.085 -0.085 20 0.369 0.008 0.3694 0.0081
1743782713.7657013 0 0.365 -0.023 0.007 1 -0.23 -0.085 -0.085 20 0.369 0.007 0.3694 0.0069
% 1743782713.7657013 robobot/cmd/ti/rc 0.100 -0.042 1743782713.7657013
1743782713.7657013 0 0.365 -0.023 0.007 1 -0.22 -0.042 -0.042 20 0.371 0.007 0.3710 0.0069
% 1743782713.7716672 robobot/cmd/ti/rc 0.100 -0.042 1743782713.7716672
1743782713.7716672 0 0.366 -0.023 0.008 1 -0.22 -0.042 -0.042 20 0.371 0.008 0.3710 0.0081
1743782713.7716672 0 0.366 -0.023 0.009 1 -0.22 -0.042 -0.042 20 0.371 0.009 0.3710 0.0093
% 1743782713.787887 robobot/cmd/ti/rc 0.100 -0.088 1743782713.787887
1743782713.787887 0 0.367 -0.023 0.008 1 -0.22 -0.088 -0.088 20 0.372 0.008 0.3724 0.0081
1743782713.787887 0 0.368 -0.023 0.009 1 -0.22 -0.088 -0.088 20 0.372 0.009 0.3724 0.0093
% 1743782713.787887 robobot/cmd/ti/rc 0.100 -0.044 1743782713.787887
1743782713.787887 0 0.368 -0.023 0.009 1 -0.21 -0.044 -0.044 20 0.374 0.009 0.3739 0.0093
% 1743782713.8005757 robobot/cmd/ti/rc 0.100 -0.044 1743782713.8005757
1743782713.8005757 0 0.369 -0.023 0.009 1 -0.21 -0.044 -0.044 20 0.374 0.009 0.3739 0.0093
1743782713.8005757 0 0.369 -0.023 0.009 1 -0.21 -0.044 -0.044 20 0.374 0.009 0.3739 0.0093
% 1743782713.8199437 robobot/cmd/ti/rc 0.100 -0.155 1743782713.8199437
1743782713.8199437 0 0.370 -0.023 0.010 1 -0.20 -0.155 -0.155 20 0.375 0.010 0.3754 0.0104
1743782713.8199437 0 0.371 -0.023 0.010 1 -0.20 -0.155 -0.155 20 0.375 0.010 0.3754 0.0104
% 1743782713.8273797 robobot/cmd/ti/rc 0.100 -0.092 1743782713.8273797
1743782713.8273797 0 0.371 -0.023 0.010 1 -0.20 -0.092 -0.092 20 0.377 0.010 0.3769 0.0104
% 1743782713.8273797 robobot/cmd/ti/rc 0.100 -4.000 1743782713.8273797
1743782713.8273797 0 0.372 -0.023 0.010 1 -0.01 -6.644 -4.000 20 0.377 0.010 0.3769 0.0104
1743782713.8273797 0 0.372 -0.023 0.010 1 -0.01 -6.644 -4.000 20 0.377 0.010 0.3769 0.0104
% 1743782713.8520234 robobot/cmd/ti/rc 0.100 -0.595 1743782713.8520234
1743782713.8520234 0 0.373 -0.023 0.010 1 0.01 -0.595 -0.595 20 0.378 0.010 0.3782 0.0104
1743782713.8520234 0 0.374 -0.023 0.012 1 0.01 -0.595 -0.595 20 0.378 0.012 0.3782 0.0116
% 1743782713.8520234 robobot/cmd/ti/rc 0.100 -0.177 1743782713.8520234
1743782713.8520234 0 0.374 -0.023 0.012 1 0.01 -0.177 -0.177 20 0.380 0.012 0.3797 0.0116
% 1743782713.8520234 robobot/cmd/ti/rc 0.100 -0.245 1743782713.8520234
1743782713.8520234 0 0.375 -0.023 0.004 1 0.02 -0.245 -0.245 20 0.380 0.003 0.3797 0.0035
1743782713.8520234 0 0.375 -0.023 -0.002 1 0.02 -0.245 -0.245 20 0.380 -0.002 0.3797 -0.0023
% 1743782713.886901 robobot/cmd/ti/rc 0.100 -0.044 1743782713.886901
1743782713.886901 0 0.376 -0.023 -0.014 1 0.02 -0.044 -0.044 20 0.381 -0.014 0.3812 -0.0139
1743782713.886901 0 0.378 -0.023 -0.034 1 0.02 -0.044 -0.044 20 0.381 -0.034 0.3812 -0.0335
% 1743782713.8886888 robobot/cmd/ti/rc 0.100 0.629 1743782713.8886888
1743782713.8886888 0 0.378 -0.023 -0.034 1 -0.00 0.629 0.629 20 0.383 -0.034 0.3835 -0.0335
% 1743782713.8926492 robobot/cmd/ti/rc 0.100 0.882 1743782713.8926492
1743782713.8926492 0 0.379 -0.023 -0.050 1 -0.03 0.882 0.882 20 0.383 -0.050 0.3835 -0.0497
1743782713.8926492 0 0.380 -0.023 -0.053 1 -0.03 0.882 0.882 20 0.383 -0.053 0.3835 -0.0532
% 1743782713.9003732 robobot/cmd/ti/rc 0.100 1.260 1743782713.9003732
1743782713.9003732 0 0.380 -0.023 -0.058 1 -0.07 1.260 1.260 20 0.386 -0.058 0.3856 -0.0578
1743782713.9003732 0 0.381 -0.023 -0.062 1 -0.07 1.260 1.260 20 0.386 -0.062 0.3856 -0.0624
% 1743782713.9165504 robobot/cmd/ti/rc 0.100 1.411 1743782713.9165504
1743782713.9165504 0 0.381 -0.023 -0.062 1 -0.11 1.411 1.411 20 0.387 -0.062 0.3867 -0.0624
% 1743782713.9181998 robobot/cmd/ti/rc 0.100 1.514 1743782713.9181998
1743782713.9181998 0 0.382 -0.023 -0.069 1 -0.15 1.514 1.514 20 0.387 -0.069 0.3867 -0.0694
1743782713.9181998 0 0.382 -0.023 -0.072 1 -0.15 1.514 1.514 20 0.387 -0.072 0.3867 -0.0717
% 1743782713.9287498 robobot/cmd/ti/alive 2025-04-04 18:05:09.620261
% 1743782713.9324026 robobot/cmd/ti/rc 0.100 1.347 1743782713.9324026
1743782713.9324026 0 0.383 -0.023 -0.075 1 -0.18 1.347 1.347 20 0.388 -0.075 0.3878 -0.0752
1743782713.9324026 0 0.384 -0.023 -0.080 1 -0.18 1.347 1.347 20 0.388 -0.080 0.3878 -0.0798
% 1743782713.944713 robobot/cmd/ti/rc 0.100 1.066 1743782713.944713
1743782713.944713 0 0.384 -0.023 -0.080 1 -0.21 1.066 1.066 20 0.389 -0.080 0.3892 -0.0798
% 1743782713.9485898 robobot/cmd/ti/rc 0.100 0.630 1743782713.9485898
1743782713.9485898 0 0.385 -0.023 -0.081 1 -0.23 0.630 0.630 20 0.389 -0.081 0.3892 -0.0810
1743782713.9485898 0 0.385 -0.023 -0.077 1 -0.23 0.630 0.630 20 0.389 -0.077 0.3892 -0.0775
% 1743782713.9674084 robobot/cmd/ti/rc 0.100 0.380 1743782713.9674084
1743782713.9674084 0 0.386 -0.023 -0.074 1 -0.24 0.380 0.380 20 0.391 -0.074 0.3907 -0.0740
1743782713.9674084 0 0.387 -0.023 -0.069 1 -0.24 0.380 0.380 20 0.391 -0.069 0.3907 -0.0694
% 1743782713.9674084 robobot/cmd/ti/rc 0.100 0.156 1743782713.9674084
1743782713.9674084 0 0.387 -0.023 -0.069 1 -0.24 0.156 0.156 20 0.392 -0.069 0.3923 -0.0694
% 1743782713.975651 robobot/cmd/ti/rc 0.100 0.046 1743782713.975651
1743782713.975651 0 0.388 -0.023 -0.065 1 -0.24 0.046 0.046 20 0.392 -0.065 0.3923 -0.0648
1743782713.975651 0 0.388 -0.023 -0.064 1 -0.24 0.046 0.046 20 0.392 -0.064 0.3923 -0.0636
% 1743782713.9968393 robobot/cmd/ti/rc 0.100 -0.108 1743782713.9968393
1743782713.9968393 0 0.389 -0.023 -0.061 1 -0.23 -0.108 -0.108 20 0.394 -0.061 0.3939 -0.0613
1743782713.9968393 0 0.390 -0.024 -0.057 1 -0.23 -0.108 -0.108 20 0.394 -0.057 0.3939 -0.0567
% 1743782713.9968393 robobot/cmd/ti/rc 0.100 0.042 1743782713.9968393
1743782713.9968393 0 0.390 -0.024 -0.057 1 -0.23 0.042 0.042 20 0.395 -0.057 0.3952 -0.0567
% 1743782713.9968393 robobot/cmd/ti/rc 0.100 0.195 1743782713.9968393
1743782713.9968393 0 0.391 -0.024 -0.053 1 -0.23 0.195 0.195 20 0.395 -0.053 0.3952 -0.0532
1743782714.013036 0 0.391 -0.024 -0.052 1 -0.23 0.195 0.195 20 0.395 -0.052 0.3952 -0.0520
% 1743782714.02881 robobot/cmd/ti/rc 0.100 0.084 1743782714.013036
1743782714.02881 0 0.391 -0.024 -0.049 1 -0.23 0.084 0.084 20 0.397 -0.049 0.3967 -0.0486
1743782714.02881 0 0.392 -0.024 -0.046 1 -0.23 0.084 0.084 20 0.397 -0.046 0.3967 -0.0463
% 1743782714.0304062 robobot/cmd/ti/rc 0.100 0.239 1743782714.02881
1743782714.0304062 0 0.392 -0.024 -0.046 1 -0.24 0.239 0.239 20 0.398 -0.046 0.3978 -0.0463
% 1743782714.0448377 robobot/cmd/ti/rc 0.100 0.357 1743782714.0448377
1743782714.0448377 0 0.393 -0.024 -0.044 1 -0.25 0.357 0.357 20 0.398 -0.044 0.3978 -0.0439
1743782714.0448377 0 0.393 -0.024 -0.043 1 -0.25 0.357 0.357 20 0.398 -0.043 0.3978 -0.0428
% 1743782714.0448377 robobot/cmd/ti/rc 0.100 0.364 1743782714.0448377
1743782714.0448377 0 0.394 -0.024 -0.042 1 -0.25 0.364 0.364 20 0.399 -0.042 0.3989 -0.0416
1743782714.0448377 0 0.395 -0.024 -0.041 1 -0.25 0.364 0.364 20 0.399 -0.041 0.3989 -0.0405
% 1743782714.0448377 robobot/cmd/ti/rc 0.100 0.370 1743782714.0448377
1743782714.0448377 0 0.395 -0.024 -0.041 1 -0.26 0.370 0.370 20 0.400 -0.041 0.4005 -0.0405
% 1743782714.0811238 robobot/cmd/ti/rc 0.100 0.100 1743782714.0811238
1743782714.0811238 0 0.396 -0.024 -0.039 1 -0.26 0.100 0.100 20 0.400 -0.039 0.4005 -0.0393
1743782714.0834193 0 0.396 -0.024 -0.036 1 -0.26 0.100 0.100 20 0.400 -0.036 0.4005 -0.0359
% 1743782714.0834193 robobot/cmd/ti/rc 0.100 0.100 1743782714.0834193
1743782714.0834193 0 0.397 -0.024 -0.034 1 -0.26 0.100 0.100 20 0.402 -0.034 0.4021 -0.0335
1743782714.0834193 0 0.397 -0.024 -0.029 1 -0.26 0.100 0.100 20 0.402 -0.029 0.4021 -0.0289
% 1743782714.08631 robobot/cmd/ti/rc 0.100 0.063 1743782714.08631
1743782714.08631 0 0.397 -0.024 -0.029 1 -0.26 0.063 0.063 20 0.404 -0.029 0.4036 -0.0289
% 1743782714.1122997 robobot/cmd/ti/rc 0.100 -0.018 1743782714.1122997
1743782714.1122997 0 0.398 -0.024 -0.024 1 -0.26 -0.018 -0.018 20 0.404 -0.024 0.4036 -0.0243
1743782714.1122997 0 0.399 -0.024 -0.024 1 -0.26 -0.018 -0.018 20 0.404 -0.024 0.4036 -0.0243
% 1743782714.1144915 robobot/cmd/ti/rc 0.100 -0.174 1743782714.1144915
1743782714.1144915 0 0.399 -0.024 -0.022 1 -0.25 -0.174 -0.174 20 0.405 -0.022 0.4047 -0.0220
1743782714.1162179 0 0.400 -0.024 -0.020 1 -0.25 -0.174 -0.174 20 0.405 -0.020 0.4047 -0.0197
% 1743782714.1162179 robobot/cmd/ti/rc 0.100 -0.100 1743782714.1162179
1743782714.1162179 0 0.400 -0.024 -0.020 1 -0.24 -0.100 -0.100 20 0.406 -0.020 0.4060 -0.0197
% 1743782714.1424267 robobot/cmd/ti/rc 0.100 -0.178 1743782714.1424267
1743782714.1424267 0 0.401 -0.024 -0.020 1 -0.24 -0.178 -0.178 20 0.406 -0.020 0.4060 -0.0197
1743782714.1424267 0 0.402 -0.024 -0.020 1 -0.24 -0.178 -0.178 20 0.406 -0.020 0.4060 -0.0197
% 1743782714.1447337 robobot/cmd/ti/rc 0.100 -0.066 1743782714.1447337
1743782714.1447337 0 0.402 -0.024 -0.021 1 -0.23 -0.066 -0.066 20 0.407 -0.021 0.4075 -0.0208
1743782714.1447337 0 0.403 -0.024 -0.021 1 -0.23 -0.066 -0.066 20 0.407 -0.021 0.4075 -0.0208
% 1743782714.1447337 robobot/cmd/ti/rc 0.100 -0.181 1743782714.1447337
1743782714.1447337 0 0.403 -0.024 -0.021 1 -0.22 -0.181 -0.181 20 0.409 -0.021 0.4092 -0.0208
% 1743782714.1744392 robobot/cmd/ti/rc 0.100 0.085 1743782714.1685865
1743782714.1744392 0 0.405 -0.024 -0.021 1 -0.22 0.085 0.085 20 0.409 -0.021 0.4092 -0.0208
1743782714.1744392 0 0.405 -0.024 -0.022 1 -0.22 0.085 0.085 20 0.409 -0.022 0.4092 -0.0220
% 1743782714.1744392 robobot/cmd/ti/rc 0.100 0.042 1743782714.1744392
1743782714.1744392 0 0.406 -0.024 -0.021 1 -0.22 0.042 0.042 20 0.411 -0.021 0.4108 -0.0208
1743782714.17595 0 0.407 -0.024 -0.022 1 -0.22 0.042 0.042 20 0.411 -0.022 0.4108 -0.0220
% 1743782714.17595 robobot/cmd/ti/rc 0.100 0.085 1743782714.17595
1743782714.17595 0 0.407 -0.024 -0.022 1 -0.22 0.085 0.085 20 0.413 -0.022 0.4126 -0.0220
% 1743782714.190396 robobot/cmd/ti/rc 0.100 0.085 1743782714.190396
1743782714.190396 0 0.408 -0.024 -0.022 1 -0.22 0.085 0.085 20 0.413 -0.022 0.4126 -0.0220
1743782714.190396 0 0.408 -0.024 -0.022 1 -0.22 0.085 0.085 20 0.413 -0.022 0.4126 -0.0220
% 1743782714.190396 robobot/cmd/ti/rc 0.100 -0.027 1743782714.190396
1743782714.190396 0 0.409 -0.024 -0.022 1 -0.22 -0.027 -0.027 20 0.414 -0.022 0.4143 -0.0220
1743782714.190396 0 0.410 -0.024 -0.021 1 -0.22 -0.027 -0.027 20 0.414 -0.021 0.4143 -0.0208
% 1743782714.2062078 robobot/cmd/ti/rc 0.100 -0.027 1743782714.2062078
1743782714.2062078 0 0.410 -0.024 -0.021 1 -0.22 -0.027 -0.027 20 0.416 -0.021 0.4158 -0.0208
% 1743782714.2323036 robobot/cmd/ti/rc 0.100 -0.071 1743782714.2323036
1743782714.2323036 0 0.411 -0.024 -0.021 1 -0.21 -0.071 -0.071 20 0.416 -0.021 0.4158 -0.0208
1743782714.2323036 0 0.411 -0.024 -0.020 1 -0.21 -0.071 -0.071 20 0.416 -0.020 0.4158 -0.0197
% 1743782714.2323036 robobot/cmd/ti/rc 0.100 -0.029 1743782714.2323036
1743782714.2323036 0 0.412 -0.024 -0.018 1 -0.21 -0.029 -0.029 20 0.417 -0.018 0.4172 -0.0185
1743782714.2323036 0 0.413 -0.024 -0.017 1 -0.21 -0.029 -0.029 20 0.417 -0.017 0.4172 -0.0173
% 1743782714.2323036 robobot/cmd/ti/rc 0.100 -0.182 1743782714.2323036
1743782714.2323036 0 0.413 -0.024 -0.017 1 -0.20 -0.182 -0.182 20 0.419 -0.017 0.4188 -0.0173
% 1743782714.2544334 robobot/cmd/ti/rc 0.100 -0.077 1743782714.2544334
1743782714.2544334 0 0.414 -0.024 -0.016 1 -0.20 -0.077 -0.077 20 0.419 -0.016 0.4188 -0.0162
1743782714.2544334 0 0.414 -0.024 -0.015 1 -0.20 -0.077 -0.077 20 0.419 -0.015 0.4188 -0.0150
% 1743782714.2544334 robobot/cmd/ti/rc 0.100 -0.032 1743782714.2544334
1743782714.2544334 0 0.415 -0.024 -0.016 1 -0.20 -0.032 -0.032 20 0.420 -0.016 0.4203 -0.0162
1743782714.2544334 0 0.416 -0.024 -0.017 1 -0.20 -0.032 -0.032 20 0.420 -0.017 0.4203 -0.0173
% 1743782714.2544334 robobot/cmd/ti/rc 0.100 -0.184 1743782714.2544334
1743782714.2544334 0 0.416 -0.024 -0.017 1 -0.19 -0.184 -0.184 20 0.422 -0.017 0.4219 -0.0173
% 1743782714.2882833 robobot/cmd/ti/rc 0.100 0.022 1743782714.2882833
1743782714.2882833 0 0.417 -0.024 -0.020 1 -0.19 0.022 0.022 20 0.422 -0.020 0.4219 -0.0197
1743782714.2882833 0 0.418 -0.024 -0.021 1 -0.19 0.022 0.022 20 0.422 -0.021 0.4219 -0.0208
% 1743782714.2882833 robobot/cmd/ti/rc 0.100 -0.035 1743782714.2882833
1743782714.2882833 0 0.418 -0.024 -0.023 1 -0.18 -0.035 -0.035 20 0.424 -0.023 0.4235 -0.0231
1743782714.2882833 0 0.419 -0.024 -0.022 1 -0.18 -0.035 -0.035 20 0.424 -0.022 0.4235 -0.0220
% 1743782714.2882833 robobot/cmd/ti/rc 0.100 -0.035 1743782714.2882833
1743782714.2882833 0 0.419 -0.024 -0.022 1 -0.18 -0.035 -0.035 20 0.425 -0.022 0.4252 -0.0220
% 1743782714.318135 robobot/cmd/ti/rc 0.100 -0.084 1743782714.318135
1743782714.318135 0 0.420 -0.024 -0.023 1 -0.18 -0.084 -0.084 20 0.425 -0.023 0.4252 -0.0231
1743782714.318135 0 0.421 -0.024 -0.022 1 -0.18 -0.084 -0.084 20 0.425 -0.022 0.4252 -0.0220
% 1743782714.318135 robobot/cmd/ti/rc 0.100 0.065 1743782714.318135
1743782714.318135 0 0.421 -0.024 -0.022 1 -0.18 0.065 0.065 20 0.427 -0.022 0.4267 -0.0220
1743782714.318135 0 0.422 -0.024 -0.022 1 -0.18 0.065 0.065 20 0.427 -0.022 0.4267 -0.0220
% 1743782714.318135 robobot/cmd/ti/rc 0.100 -0.085 1743782714.318135
1743782714.318135 0 0.422 -0.024 -0.022 1 -0.17 -0.085 -0.085 20 0.428 -0.022 0.4281 -0.0220
% 1743782714.3495696 robobot/cmd/ti/rc 0.100 -0.087 1743782714.3495696
1743782714.3495696 0 0.423 -0.024 -0.020 1 -0.17 -0.087 -0.087 20 0.428 -0.020 0.4281 -0.0197
1743782714.3495696 0 0.423 -0.024 -0.020 1 -0.17 -0.087 -0.087 20 0.428 -0.020 0.4281 -0.0197
% 1743782714.3495696 robobot/cmd/ti/rc 0.100 -0.039 1743782714.3495696
1743782714.3495696 0 0.424 -0.024 -0.018 1 -0.17 -0.039 -0.039 20 0.429 -0.018 0.4295 -0.0185
1743782714.3495696 0 0.425 -0.024 -0.020 1 -0.17 -0.039 -0.039 20 0.429 -0.020 0.4295 -0.0197
% 1743782714.3653607 robobot/cmd/ti/rc 0.100 -0.090 1743782714.3653607
1743782714.3653607 0 0.425 -0.024 -0.020 1 -0.16 -0.090 -0.090 20 0.431 -0.020 0.4310 -0.0197
% 1743782714.3843894 robobot/cmd/ti/rc 0.100 -0.092 1743782714.3843894
1743782714.3843894 0 0.426 -0.024 -0.020 1 -0.16 -0.092 -0.092 20 0.431 -0.020 0.4310 -0.0197
1743782714.3843894 0 0.426 -0.024 -0.018 1 -0.16 -0.092 -0.092 20 0.431 -0.018 0.4310 -0.0185
% 1743782714.3843894 robobot/cmd/ti/rc 0.100 0.005 1743782714.3843894
1743782714.3843894 0 0.426 -0.024 -0.020 1 -0.16 0.005 0.005 20 0.432 -0.020 0.4323 -0.0197
1743782714.3843894 0 0.428 -0.024 -0.020 1 -0.16 0.005 0.005 20 0.432 -0.020 0.4323 -0.0197
% 1743782714.3843894 robobot/cmd/ti/rc 0.100 -0.095 1743782714.3843894
1743782714.3843894 0 0.428 -0.024 -0.020 1 -0.15 -0.095 -0.095 20 0.434 -0.020 0.4336 -0.0197
% 1743782714.4174564 robobot/cmd/ti/rc 0.100 -0.096 1743782714.4174564
1743782714.4174564 0 0.428 -0.024 -0.021 1 -0.15 -0.096 -0.096 20 0.434 -0.021 0.4336 -0.0208
1743782714.4174564 0 0.429 -0.024 -0.021 1 -0.15 -0.096 -0.096 20 0.434 -0.021 0.4336 -0.0208
% 1743782714.4174564 robobot/cmd/ti/rc 0.100 0.053 1743782714.4174564
1743782714.4174564 0 0.429 -0.024 -0.021 1 -0.15 0.053 0.053 20 0.435 -0.021 0.4350 -0.0208
1743782714.4174564 0 0.430 -0.025 -0.020 1 -0.15 0.053 0.053 20 0.435 -0.020 0.4350 -0.0197
% 1743782714.4236841 robobot/cmd/ti/rc 0.100 -0.098 1743782714.4236841
1743782714.4236841 0 0.430 -0.025 -0.020 1 -0.14 -0.098 -0.098 20 0.436 -0.020 0.4363 -0.0197
% 1743782714.4349225 robobot/cmd/ti/alive 2025-04-04 18:05:09.620261
% 1743782714.4448898 robobot/cmd/ti/rc 0.100 -4.000 1743782714.4448898
1743782714.4448898 0 0.431 -0.025 -0.018 1 0.03 -6.013 -4.000 20 0.436 -0.018 0.4363 -0.0185
1743782714.4448898 0 0.432 -0.025 -0.020 1 0.03 -6.013 -4.000 20 0.436 -0.020 0.4363 -0.0197
% 1743782714.4467974 robobot/cmd/ti/rc 0.100 -0.769 1743782714.4467974
1743782714.4467974 0 0.432 -0.025 -0.020 1 0.05 -0.769 -0.769 20 0.438 -0.020 0.4378 -0.0197
1743782714.4467974 0 0.433 -0.025 -0.020 1 0.05 -0.769 -0.769 20 0.438 -0.020 0.4378 -0.0197
% 1743782714.4467974 robobot/cmd/ti/rc 0.100 0.176 1743782714.4467974
1743782714.4467974 0 0.433 -0.025 -0.020 1 0.04 0.176 0.176 20 0.439 -0.020 0.4392 -0.0197
% 1743782714.4703157 robobot/cmd/ti/rc 0.100 0.056 1743782714.4703157
1743782714.4703157 0 0.434 -0.025 -0.018 1 0.04 0.056 0.056 20 0.439 -0.018 0.4392 -0.0185
1743782714.4703157 0 0.435 -0.025 -0.020 1 0.04 0.056 0.056 20 0.439 -0.020 0.4392 -0.0197
% 1743782714.4703157 robobot/cmd/ti/rc 0.100 -0.171 1743782714.4703157
1743782714.4703157 0 0.435 -0.025 -0.020 1 0.04 -0.171 -0.171 20 0.441 -0.020 0.4407 -0.0197
1743782714.4703157 0 0.436 -0.025 -0.023 1 0.04 -0.171 -0.171 20 0.441 -0.023 0.4407 -0.0231
% 1743782714.4703157 robobot/cmd/ti/rc 0.100 -0.029 1743782714.4703157
1743782714.4703157 0 0.436 -0.025 -0.023 1 0.04 -0.029 -0.029 20 0.442 -0.023 0.4422 -0.0231
% 1743782714.4931226 robobot/cmd/ti/rc 0.100 0.015 1743782714.4931226
1743782714.4931226 0 0.437 -0.025 -0.024 1 0.04 0.015 0.015 20 0.442 -0.024 0.4422 -0.0243
1743782714.4931226 0 0.438 -0.025 -0.024 1 0.04 0.015 0.015 20 0.442 -0.024 0.4422 -0.0243
% 1743782714.4931226 robobot/cmd/ti/rc 0.100 0.196 1743782714.4931226
1743782714.4931226 0 0.438 -0.025 -0.024 1 0.03 0.196 0.196 20 0.444 -0.024 0.4440 -0.0243
1743782714.5250733 0 0.439 -0.025 -0.025 1 0.03 0.196 0.196 20 0.444 -0.025 0.4440 -0.0254
% 1743782714.5250733 robobot/cmd/ti/rc 0.100 -0.028 1743782714.5250733
1743782714.5250733 0 0.439 -0.025 -0.025 1 0.03 -0.028 -0.028 20 0.446 -0.025 0.4455 -0.0254
% 1743782714.5250733 robobot/cmd/ti/rc 0.100 -0.038 1743782714.5250733
1743782714.5250733 0 0.440 -0.025 -0.028 1 0.03 -0.038 -0.038 20 0.446 -0.028 0.4455 -0.0278
1743782714.5250733 0 0.441 -0.025 -0.028 1 0.03 -0.038 -0.038 20 0.446 -0.028 0.4455 -0.0278
% 1743782714.5408778 robobot/cmd/ti/rc 0.100 -0.038 1743782714.5408778
1743782714.5408778 0 0.441 -0.025 -0.027 1 0.03 -0.038 -0.038 20 0.447 -0.027 0.4470 -0.0266
1743782714.5408778 0 0.442 -0.025 -0.028 1 0.03 -0.038 -0.038 20 0.447 -0.028 0.4470 -0.0278
% 1743782714.5408778 robobot/cmd/ti/rc 0.100 -0.109 1743782714.5408778
1743782714.5408778 0 0.442 -0.025 -0.028 1 0.04 -0.109 -0.109 20 0.449 -0.028 0.4486 -0.0278
% 1743782714.5571666 robobot/cmd/ti/rc 0.100 -0.110 1743782714.5571666
1743782714.5571666 0 0.443 -0.025 -0.028 1 0.04 -0.110 -0.110 20 0.449 -0.028 0.4486 -0.0278
1743782714.5571666 0 0.444 -0.025 -0.027 1 0.04 -0.110 -0.110 20 0.449 -0.027 0.4486 -0.0266
% 1743782714.5571666 robobot/cmd/ti/rc 0.100 -0.110 1743782714.5571666
1743782714.5571666 0 0.444 -0.025 -0.028 1 0.04 -0.110 -0.110 20 0.450 -0.028 0.4501 -0.0278
1743782714.5571666 0 0.445 -0.025 -0.028 1 0.04 -0.110 -0.110 20 0.450 -0.028 0.4501 -0.0278
% 1743782714.5571666 robobot/cmd/ti/rc 0.100 -0.018 1743782714.5571666
1743782714.5571666 0 0.445 -0.025 -0.028 1 0.04 -0.018 -0.018 20 0.452 -0.028 0.4516 -0.0278
% 1743782714.5894694 robobot/cmd/ti/rc 0.100 -0.041 1743782714.5894694
1743782714.5894694 0 0.446 -0.025 -0.029 1 0.04 -0.041 -0.041 20 0.452 -0.029 0.4516 -0.0289
1743782714.5894694 0 0.447 -0.025 -0.030 1 0.04 -0.041 -0.041 20 0.452 -0.030 0.4516 -0.0301
% 1743782714.5894694 robobot/cmd/ti/rc 0.100 0.027 1743782714.5894694
1743782714.5894694 0 0.447 -0.025 -0.029 1 0.04 0.027 0.027 20 0.453 -0.029 0.4530 -0.0289
1743782714.5894694 0 0.448 -0.025 -0.030 1 0.04 0.027 0.027 20 0.453 -0.030 0.4530 -0.0301
% 1743782714.5894694 robobot/cmd/ti/rc 0.100 -0.041 1743782714.5894694
1743782714.5894694 0 0.448 -0.025 -0.030 1 0.04 -0.041 -0.041 20 0.455 -0.030 0.4545 -0.0301
% 1743782714.6246402 robobot/cmd/ti/rc 0.100 -0.041 1743782714.6246402
1743782714.6246402 0 0.449 -0.025 -0.030 1 0.04 -0.041 -0.041 20 0.455 -0.030 0.4545 -0.0301
1743782714.6246402 0 0.450 -0.025 -0.031 1 0.04 -0.041 -0.041 20 0.455 -0.031 0.4545 -0.0312
% 1743782714.6262946 robobot/cmd/ti/rc 0.100 -0.041 1743782714.6246402
1743782714.6262946 0 0.450 -0.025 -0.031 1 0.04 -0.041 -0.041 20 0.456 -0.031 0.4560 -0.0312
1743782714.6262946 0 0.451 -0.025 -0.031 1 0.04 -0.041 -0.041 20 0.456 -0.031 0.4560 -0.0312
% 1743782714.6290777 robobot/cmd/ti/rc 0.100 -0.041 1743782714.6290777
1743782714.6290777 0 0.451 -0.025 -0.031 1 0.04 -0.041 -0.041 20 0.458 -0.031 0.4575 -0.0312
% 1743782714.648256 robobot/cmd/ti/rc 0.100 -0.121 1743782714.648256
1743782714.648256 0 0.452 -0.025 -0.031 1 0.04 -0.121 -0.121 20 0.458 -0.031 0.4575 -0.0312
1743782714.648256 0 0.453 -0.025 -0.031 1 0.04 -0.121 -0.121 20 0.458 -0.031 0.4575 -0.0312
% 1743782714.648256 robobot/cmd/ti/rc 0.100 -0.123 1743782714.648256
1743782714.648256 0 0.453 -0.025 -0.032 1 0.04 -0.123 -0.123 20 0.459 -0.032 0.4590 -0.0324
1743782714.648256 0 0.454 -0.025 -0.032 1 0.04 -0.123 -0.123 20 0.459 -0.032 0.4590 -0.0324
% 1743782714.648256 robobot/cmd/ti/rc 0.100 -0.056 1743782714.648256
1743782714.648256 0 0.454 -0.025 -0.032 1 0.04 -0.056 -0.056 20 0.461 -0.032 0.4605 -0.0324
% 1743782714.679764 robobot/cmd/ti/rc 0.100 -0.113 1743782714.679764
1743782714.679764 0 0.455 -0.025 -0.032 1 0.04 -0.113 -0.113 20 0.461 -0.032 0.4605 -0.0324
1743782714.679764 0 0.456 -0.025 -0.032 1 0.04 -0.113 -0.113 20 0.461 -0.032 0.4605 -0.0324
% 1743782714.679764 robobot/cmd/ti/rc 0.100 -0.058 1743782714.679764
1743782714.679764 0 0.456 -0.025 -0.034 1 0.05 -0.058 -0.058 20 0.462 -0.034 0.4620 -0.0335
1743782714.6881685 0 0.457 -0.025 -0.034 1 0.05 -0.058 -0.058 20 0.462 -0.034 0.4620 -0.0335
% 1743782714.6881685 robobot/cmd/ti/rc 0.100 -0.128 1743782714.6881685
1743782714.6881685 0 0.457 -0.025 -0.034 1 0.05 -0.128 -0.128 20 0.464 -0.034 0.4636 -0.0335
% 1743782714.7116034 robobot/cmd/ti/rc 0.100 -0.130 1743782714.7116034
1743782714.7116034 0 0.458 -0.025 -0.035 1 0.05 -0.130 -0.130 20 0.464 -0.035 0.4636 -0.0347
1743782714.7116034 0 0.459 -0.025 -0.035 1 0.05 -0.130 -0.130 20 0.464 -0.035 0.4636 -0.0347
% 1743782714.7116034 robobot/cmd/ti/rc 0.100 -0.047 1743782714.7116034
1743782714.7116034 0 0.459 -0.025 -0.036 1 0.05 -0.047 -0.047 20 0.465 -0.036 0.4651 -0.0359
1743782714.7116034 0 0.460 -0.025 -0.036 1 0.05 -0.047 -0.047 20 0.465 -0.036 0.4651 -0.0359
% 1743782714.7116034 robobot/cmd/ti/rc 0.100 0.022 1743782714.7116034
1743782714.7116034 0 0.460 -0.025 -0.036 1 0.05 0.022 0.022 20 0.467 -0.036 0.4666 -0.0359
% 1743782714.7429605 robobot/cmd/ti/rc 0.100 -0.046 1743782714.7429605
1743782714.7429605 0 0.461 -0.025 -0.036 1 0.05 -0.046 -0.046 20 0.467 -0.036 0.4666 -0.0359
1743782714.7429605 0 0.462 -0.025 -0.036 1 0.05 -0.046 -0.046 20 0.467 -0.036 0.4666 -0.0359
% 1743782714.7429605 robobot/cmd/ti/rc 0.100 -0.046 1743782714.7429605
1743782714.7429605 0 0.462 -0.025 -0.036 1 0.05 -0.046 -0.046 20 0.468 -0.036 0.4682 -0.0359
1743782714.7429605 0 0.463 -0.025 -0.037 1 0.05 -0.046 -0.046 20 0.468 -0.037 0.4682 -0.0370
% 1743782714.7429605 robobot/cmd/ti/rc 0.100 -0.047 1743782714.7429605
1743782714.7429605 0 0.463 -0.025 -0.037 1 0.05 -0.047 -0.047 20 0.470 -0.037 0.4696 -0.0370
% 1743782714.7720163 robobot/cmd/ti/rc 0.100 -0.132 1743782714.7720163
1743782714.7720163 0 0.464 -0.025 -0.037 1 0.05 -0.132 -0.132 20 0.470 -0.037 0.4696 -0.0370
1743782714.7720163 0 0.465 -0.026 -0.037 1 0.05 -0.132 -0.132 20 0.470 -0.037 0.4696 -0.0370
% 1743782714.7749507 robobot/cmd/ti/rc 0.100 -0.048 1743782714.7749507
1743782714.7749507 0 0.465 -0.026 -0.037 1 0.05 -0.048 -0.048 20 0.471 -0.037 0.4711 -0.0370
1743782714.7749507 0 0.466 -0.026 -0.038 1 0.05 -0.048 -0.048 20 0.471 -0.038 0.4711 -0.0382
% 1743782714.781901 robobot/cmd/ti/rc 0.100 -0.117 1743782714.781901
1743782714.781901 0 0.466 -0.026 -0.038 1 0.05 -0.117 -0.117 20 0.473 -0.038 0.4727 -0.0382
% 1743782714.8046753 robobot/cmd/ti/rc 0.100 -0.049 1743782714.8046753
1743782714.8046753 0 0.467 -0.026 -0.038 1 0.05 -0.049 -0.049 20 0.473 -0.038 0.4727 -0.0382
1743782714.8056133 0 0.468 -0.026 -0.038 1 0.05 -0.049 -0.049 20 0.473 -0.038 0.4727 -0.0382
% 1743782714.806119 robobot/cmd/ti/rc 0.100 -0.049 1743782714.806119
1743782714.806119 0 0.468 -0.026 -0.039 1 0.05 -0.049 -0.049 20 0.474 -0.039 0.4743 -0.0393
1743782714.8091986 0 0.469 -0.026 -0.041 1 0.05 -0.049 -0.049 20 0.474 -0.041 0.4743 -0.0405
% 1743782714.8091986 robobot/cmd/ti/rc 0.100 -0.049 1743782714.8091986
1743782714.8091986 0 0.469 -0.026 -0.041 1 0.05 -0.049 -0.049 20 0.476 -0.041 0.4757 -0.0405
% 1743782714.8346725 robobot/cmd/ti/rc 0.100 -0.049 1743782714.8346725
1743782714.8346725 0 0.470 -0.026 -0.041 1 0.05 -0.049 -0.049 20 0.476 -0.041 0.4757 -0.0405
1743782714.8346725 0 0.471 -0.026 -0.041 1 0.05 -0.049 -0.049 20 0.476 -0.041 0.4757 -0.0405
% 1743782714.8346725 robobot/cmd/ti/rc 0.100 0.036 1743782714.8346725
1743782714.8346725 0 0.471 -0.026 -0.041 1 0.05 0.036 0.036 20 0.477 -0.041 0.4773 -0.0405
1743782714.8346725 0 0.472 -0.026 -0.041 1 0.05 0.036 0.036 20 0.477 -0.041 0.4773 -0.0405
% 1743782714.839321 robobot/cmd/ti/rc 0.100 -0.048 1743782714.839321
1743782714.839321 0 0.472 -0.026 -0.041 1 0.05 -0.048 -0.048 20 0.479 -0.041 0.4787 -0.0405
% 1743782714.8529506 robobot/cmd/ti/rc 0.100 -0.117 1743782714.8529506
1743782714.8529506 0 0.473 -0.026 -0.041 1 0.05 -0.117 -0.117 20 0.479 -0.041 0.4787 -0.0405
1743782714.8529506 0 0.474 -0.026 -0.042 1 0.05 -0.117 -0.117 20 0.479 -0.042 0.4787 -0.0416
% 1743782714.8529506 robobot/cmd/ti/rc 0.100 -0.049 1743782714.8529506
1743782714.8529506 0 0.474 -0.026 -0.042 1 0.05 -0.049 -0.049 20 0.480 -0.042 0.4802 -0.0416
1743782714.8529506 0 0.475 -0.026 -0.042 1 0.05 -0.049 -0.049 20 0.480 -0.042 0.4802 -0.0416
% 1743782714.8529506 robobot/cmd/ti/rc 0.100 -0.049 1743782714.8529506
1743782714.8529506 0 0.475 -0.026 -0.042 1 0.05 -0.049 -0.049 20 0.482 -0.042 0.4816 -0.0416
% 1743782714.8898191 robobot/cmd/ti/rc 0.100 -0.118 1743782714.8898191
1743782714.8898191 0 0.476 -0.026 -0.042 1 0.05 -0.118 -0.118 20 0.482 -0.042 0.4816 -0.0416
1743782714.8898191 0 0.477 -0.026 -0.043 1 0.05 -0.118 -0.118 20 0.482 -0.043 0.4816 -0.0428
% 1743782714.8898191 robobot/cmd/ti/rc 0.100 -0.051 1743782714.8898191
1743782714.8898191 0 0.477 -0.026 -0.043 1 0.05 -0.051 -0.051 20 0.483 -0.043 0.4831 -0.0428
1743782714.8898191 0 0.478 -0.026 -0.044 1 0.05 -0.051 -0.051 20 0.483 -0.044 0.4831 -0.0439
% 1743782714.8898191 robobot/cmd/ti/rc 0.100 0.033 1743782714.8898191
1743782714.8898191 0 0.478 -0.026 -0.044 1 0.05 0.033 0.033 20 0.485 -0.044 0.4846 -0.0439
% 1743782714.9157407 robobot/cmd/ti/rc 0.100 -0.050 1743782714.9157407
1743782714.9157407 0 0.479 -0.026 -0.043 1 0.05 -0.050 -0.050 20 0.485 -0.043 0.4846 -0.0428
1743782714.9157407 0 0.480 -0.026 -0.044 1 0.05 -0.050 -0.050 20 0.485 -0.044 0.4846 -0.0439
% 1743782714.9241138 robobot/cmd/ti/rc 0.100 0.034 1743782714.9157407
1743782714.9241138 0 0.480 -0.026 -0.045 1 0.05 0.034 0.034 20 0.486 -0.045 0.4861 -0.0451
1743782714.9241138 0 0.481 -0.026 -0.045 1 0.05 0.034 0.034 20 0.486 -0.045 0.4861 -0.0451
% 1743782714.9241138 robobot/cmd/ti/rc 0.100 -0.048 1743782714.9241138
1743782714.9241138 0 0.481 -0.026 -0.045 1 0.05 -0.048 -0.048 20 0.488 -0.045 0.4876 -0.0451
% 1743782714.9404707 robobot/cmd/ti/alive 2025-04-04 18:05:09.620261
% 1743782714.948401 robobot/cmd/ti/rc 0.100 0.034 1743782714.948401
1743782714.948401 0 0.482 -0.026 -0.044 1 0.05 0.034 0.034 20 0.488 -0.044 0.4876 -0.0439
1743782714.948401 0 0.483 -0.026 -0.044 1 0.05 0.034 0.034 20 0.488 -0.044 0.4876 -0.0439
% 1743782714.9492576 robobot/cmd/ti/rc 0.100 -0.047 1743782714.9492576
1743782714.9492576 0 0.483 -0.026 -0.045 1 0.05 -0.047 -0.047 20 0.489 -0.045 0.4892 -0.0451
1743782714.9526546 0 0.484 -0.026 -0.045 1 0.05 -0.047 -0.047 20 0.489 -0.045 0.4892 -0.0451
% 1743782714.9726343 robobot/cmd/ti/rc 0.100 -0.048 1743782714.9726343
1743782714.9726343 0 0.484 -0.026 -0.045 1 0.05 -0.048 -0.048 20 0.491 -0.045 0.4906 -0.0451
% 1743782714.9726343 robobot/cmd/ti/rc 0.100 0.103 1743782714.9726343
1743782714.9726343 0 0.485 -0.026 -0.045 1 0.04 0.103 0.103 20 0.491 -0.045 0.4906 -0.0451
1743782714.9726343 0 0.486 -0.026 -0.045 1 0.04 0.103 0.103 20 0.491 -0.045 0.4906 -0.0451
% 1743782714.9797425 robobot/cmd/ti/rc 0.100 -0.046 1743782714.9797425
1743782714.9797425 0 0.486 -0.026 -0.046 1 0.04 -0.046 -0.046 20 0.492 -0.046 0.4921 -0.0463
1743782714.9956493 0 0.487 -0.026 -0.047 1 0.04 -0.046 -0.046 20 0.492 -0.047 0.4921 -0.0474
% 1743782714.9956493 robobot/cmd/ti/rc 0.100 -0.046 1743782714.9956493
1743782714.9956493 0 0.487 -0.026 -0.047 1 0.04 -0.046 -0.046 20 0.494 -0.047 0.4936 -0.0474
% 1743782714.9956493 robobot/cmd/ti/rc 0.100 -0.046 1743782714.9956493
1743782714.9956493 0 0.488 -0.027 -0.047 1 0.04 -0.046 -0.046 20 0.494 -0.047 0.4936 -0.0474
1743782714.9956493 0 0.489 -0.027 -0.047 1 0.04 -0.046 -0.046 20 0.494 -0.047 0.4936 -0.0474
% 1743782715.0114725 robobot/cmd/ti/rc 0.100 -0.046 1743782715.0114725
1743782715.0114725 0 0.489 -0.027 -0.047 1 0.04 -0.046 -0.046 20 0.495 -0.047 0.4951 -0.0474
1743782715.0114725 0 0.490 -0.027 -0.047 1 0.04 -0.046 -0.046 20 0.495 -0.047 0.4951 -0.0474
% 1743782715.0114725 robobot/cmd/ti/rc 0.100 -0.046 1743782715.0114725
1743782715.0114725 0 0.490 -0.027 -0.047 1 0.04 -0.046 -0.046 20 0.497 -0.047 0.4967 -0.0474
% 1743782715.0276074 robobot/cmd/ti/rc 0.100 -1.891 1743782715.0276074
1743782715.0276074 0 0.491 -0.027 -0.047 1 0.09 -1.891 -1.891 20 0.497 -0.047 0.4967 -0.0474
1743782715.0276074 0 0.492 -0.027 -0.049 1 0.09 -1.891 -1.891 20 0.497 -0.049 0.4967 -0.0486
% 1743782715.0540926 robobot/cmd/ti/rc 0.100 0.719 1743782715.0540926
1743782715.0540926 0 0.492 -0.027 -0.049 1 0.07 0.719 0.719 20 0.498 -0.049 0.4981 -0.0486
1743782715.0540926 0 0.493 -0.027 -0.049 1 0.07 0.719 0.719 20 0.498 -0.049 0.4981 -0.0486
% 1743782715.0540926 robobot/cmd/ti/rc 0.100 0.543 1743782715.0540926
1743782715.0540926 0 0.493 -0.027 -0.049 1 0.06 0.543 0.543 20 0.500 -0.049 0.4997 -0.0486
% 1743782715.0597506 robobot/cmd/ti/rc 0.100 -0.053 1743782715.0597506
1743782715.0597506 0 0.494 -0.027 -0.051 1 0.06 -0.053 -0.053 20 0.500 -0.051 0.4997 -0.0509
1743782715.0597506 0 0.495 -0.027 -0.057 1 0.06 -0.053 -0.053 20 0.500 -0.057 0.4997 -0.0567
% 1743782715.1410096 robobot/cmd/ti/rc 0.100 0.104 1743782715.1406512
1743782715.1410096 0 0.495 -0.027 -0.059 1 0.05 0.104 0.104 20 0.501 -0.059 0.5013 -0.0590
1743782715.1410096 0 0.496 -0.027 -0.066 1 0.05 0.104 0.104 20 0.501 -0.066 0.5013 -0.0659
% 1743782715.1426613 robobot/cmd/ti/rc 0.100 0.334 1743782715.1410096
1743782715.1426613 0 0.496 -0.027 -0.066 1 0.04 0.334 0.334 20 0.503 -0.066 0.5031 -0.0659
% 1743782715.1426613 robobot/cmd/ti/rc 0.100 0.576 1743782715.1426613
1743782715.1426613 0 0.497 -0.027 -0.074 1 0.02 0.576 0.576 20 0.503 -0.074 0.5031 -0.0740
1743782715.1426613 0 0.497 -0.027 -0.077 1 0.02 0.576 0.576 20 0.503 -0.077 0.5031 -0.0775
% 1743782715.1426613 robobot/cmd/ti/rc 0.100 0.997 1743782715.1426613
1743782715.1426613 0 0.498 -0.027 -0.081 1 -0.01 0.997 0.997 20 0.505 -0.081 0.5047 -0.0810
1743782715.1426613 0 0.499 -0.027 -0.089 1 -0.01 0.997 0.997 20 0.505 -0.089 0.5047 -0.0890
% 1743782715.1426613 robobot/cmd/ti/rc 0.100 0.964 1743782715.1426613
1743782715.1426613 0 0.499 -0.027 -0.089 1 -0.03 0.964 0.964 20 0.506 -0.089 0.5062 -0.0890
% 1743782715.1426613 robobot/cmd/ti/rc 0.100 0.902 1743782715.1426613
1743782715.1426613 0 0.500 -0.027 -0.096 1 -0.06 0.902 0.902 20 0.506 -0.096 0.5062 -0.0960
1743782715.1426613 0 0.500 -0.027 -0.100 1 -0.06 0.902 0.902 20 0.506 -0.100 0.5062 -0.0995
% 1743782715.1426613 robobot/cmd/ti/rc 0.100 0.568 1743782715.1426613
1743782715.1426613 0 0.500 -0.027 -0.103 1 -0.08 0.568 0.568 20 0.508 -0.103 0.5076 -0.1029
1743782715.1426613 0 0.501 -0.027 -0.108 1 -0.08 0.568 0.568 20 0.508 -0.108 0.5076 -0.1076
% 1743782715.1426613 robobot/cmd/ti/rc 0.100 0.369 1743782715.1426613
1743782715.1426613 0 0.501 -0.027 -0.108 1 -0.09 0.369 0.369 20 0.509 -0.108 0.5088 -0.1076
% 1743782715.1498654 robobot/cmd/ti/rc 0.100 0.714 1743782715.1498654
1743782715.1498654 0 0.502 -0.027 -0.112 1 -0.11 0.714 0.714 20 0.509 -0.112 0.5088 -0.1122
1743782715.1514513 0 0.503 -0.028 -0.112 1 -0.11 0.714 0.714 20 0.509 -0.112 0.5088 -0.1122
% 1743782715.1735284 robobot/cmd/ti/rc 0.100 0.400 1743782715.1735284
1743782715.1735284 0 0.503 -0.028 -0.113 1 -0.12 0.400 0.400 20 0.510 -0.113 0.5100 -0.1133
1743782715.1735284 0 0.505 -0.028 -0.116 1 -0.12 0.400 0.400 20 0.510 -0.116 0.5100 -0.1156
% 1743782715.1735284 robobot/cmd/ti/rc 0.100 0.707 1743782715.1735284
1743782715.1735284 0 0.505 -0.028 -0.116 1 -0.14 0.707 0.707 20 0.512 -0.116 0.5117 -0.1156
% 1743782715.1840565 robobot/cmd/ti/rc 0.100 0.658 1743782715.1840565
1743782715.1840565 0 0.506 -0.028 -0.119 1 -0.15 0.658 0.658 20 0.512 -0.119 0.5117 -0.1191
1743782715.1840565 0 0.506 -0.028 -0.120 1 -0.15 0.658 0.658 20 0.512 -0.120 0.5117 -0.1203
% 1743782715.197794 robobot/cmd/ti/rc 0.100 0.842 1743782715.197794
1743782715.197794 0 0.507 -0.028 -0.121 1 -0.17 0.842 0.842 20 0.514 -0.121 0.5135 -0.1214
1743782715.197794 0 0.508 -0.028 -0.120 1 -0.17 0.842 0.842 20 0.514 -0.120 0.5135 -0.1203
% 1743782715.197794 robobot/cmd/ti/rc 0.100 0.626 1743782715.197794
1743782715.197794 0 0.508 -0.028 -0.120 1 -0.19 0.626 0.626 20 0.515 -0.120 0.5150 -0.1203
% 1743782715.197794 robobot/cmd/ti/rc 0.100 0.868 1743782715.197794
1743782715.197794 0 0.508 -0.028 -0.116 1 -0.21 0.868 0.868 20 0.515 -0.116 0.5150 -0.1156
1743782715.197794 0 0.509 -0.028 -0.115 1 -0.21 0.868 0.868 20 0.515 -0.115 0.5150 -0.1145
% 1743782715.2317297 robobot/cmd/ti/rc 0.100 0.717 1743782715.2317297
1743782715.2399871 0 0.509 -0.028 -0.112 1 -0.23 0.717 0.717 20 0.516 -0.112 0.5163 -0.1122
1743782715.2399871 0 0.510 -0.028 -0.110 1 -0.23 0.717 0.717 20 0.516 -0.110 0.5163 -0.1099
% 1743782715.2399871 robobot/cmd/ti/rc 0.100 0.605 1743782715.2399871
1743782715.2399871 0 0.510 -0.028 -0.110 1 -0.25 0.605 0.605 20 0.518 -0.110 0.5177 -0.1099
% 1743782715.2438748 robobot/cmd/ti/rc 0.100 0.442 1743782715.2418635
1743782715.2438748 0 0.511 -0.028 -0.105 1 -0.25 0.442 0.442 20 0.518 -0.105 0.5177 -0.1052
1743782715.2438748 0 0.512 -0.029 -0.102 1 -0.25 0.442 0.442 20 0.518 -0.102 0.5177 -0.1018
% 1743782715.261372 robobot/cmd/ti/rc 0.100 0.407 1743782715.261372
1743782715.261372 0 0.512 -0.029 -0.098 1 -0.26 0.407 0.407 20 0.519 -0.098 0.5195 -0.0983
1743782715.261372 0 0.513 -0.029 -0.092 1 -0.26 0.407 0.407 20 0.519 -0.092 0.5195 -0.0925
% 1743782715.261372 robobot/cmd/ti/rc 0.100 0.414 1743782715.261372
1743782715.261372 0 0.513 -0.029 -0.092 1 -0.27 0.414 0.414 20 0.521 -0.092 0.5210 -0.0925
% 1743782715.261372 robobot/cmd/ti/rc 0.100 0.287 1743782715.261372
1743782715.261372 0 0.513 -0.029 -0.086 1 -0.28 0.287 0.287 20 0.521 -0.086 0.5210 -0.0856
1743782715.261372 0 0.514 -0.029 -0.082 1 -0.28 0.287 0.287 20 0.521 -0.082 0.5210 -0.0821
% 1743782715.2990756 robobot/cmd/ti/rc 0.100 0.252 1743782715.2961066
1743782715.2990756 0 0.514 -0.029 -0.077 1 -0.28 0.252 0.252 20 0.522 -0.077 0.5224 -0.0775
1743782715.2990756 0 0.515 -0.029 -0.070 1 -0.28 0.252 0.252 20 0.522 -0.070 0.5224 -0.0705
% 1743782715.2996871 robobot/cmd/ti/rc 0.100 0.430 1743782715.2990756
1743782715.2996871 0 0.515 -0.029 -0.070 1 -0.29 0.430 0.430 20 0.524 -0.070 0.5238 -0.0705
% 1743782715.3036995 robobot/cmd/ti/rc 0.100 0.125 1743782715.3036995
1743782715.3036995 0 0.516 -0.029 -0.065 1 -0.29 0.125 0.125 20 0.524 -0.065 0.5238 -0.0648
1743782715.3036995 0 0.516 -0.029 -0.061 1 -0.29 0.125 0.125 20 0.524 -0.061 0.5238 -0.0613
% 1743782715.324119 robobot/cmd/ti/rc 0.100 0.300 1743782715.324119
1743782715.324119 0 0.517 -0.029 -0.058 1 -0.29 0.300 0.300 20 0.525 -0.058 0.5250 -0.0578
1743782715.324119 0 0.518 -0.029 -0.052 1 -0.29 0.300 0.300 20 0.525 -0.052 0.5250 -0.0520
% 1743782715.3255436 robobot/cmd/ti/rc 0.100 0.092 1743782715.3255436
1743782715.3255436 0 0.518 -0.029 -0.052 1 -0.29 0.092 0.092 20 0.526 -0.052 0.5263 -0.0520
% 1743782715.335525 robobot/cmd/ti/rc 0.100 0.128 1743782715.328435
1743782715.335525 0 0.518 -0.029 -0.046 1 -0.29 0.128 0.128 20 0.526 -0.046 0.5263 -0.0463
1743782715.335525 0 0.519 -0.029 -0.045 1 -0.29 0.128 0.128 20 0.526 -0.045 0.5263 -0.0451
% 1743782715.3556497 robobot/cmd/ti/rc 0.100 0.129 1743782715.3556497
1743782715.3556497 0 0.519 -0.029 -0.042 1 -0.29 0.129 0.129 20 0.527 -0.042 0.5275 -0.0416
1743782715.3556497 0 0.520 -0.029 -0.039 1 -0.29 0.129 0.129 20 0.527 -0.039 0.5275 -0.0393
% 1743782715.3556497 robobot/cmd/ti/rc 0.100 0.093 1743782715.3556497
1743782715.3556497 0 0.520 -0.029 -0.039 1 -0.29 0.093 0.093 20 0.529 -0.039 0.5287 -0.0393
% 1743782715.3616896 robobot/cmd/ti/rc 0.100 -0.009 1743782715.3596795
1743782715.3616896 0 0.521 -0.029 -0.037 1 -0.29 -0.009 -0.009 20 0.529 -0.037 0.5287 -0.0370
1743782715.3616896 0 0.522 -0.029 -0.036 1 -0.29 -0.009 -0.009 20 0.529 -0.036 0.5287 -0.0359
% 1743782715.3836172 robobot/cmd/ti/rc 0.100 -0.047 1743782715.3836172
1743782715.3836172 0 0.522 -0.029 -0.035 1 -0.28 -0.047 -0.047 20 0.530 -0.035 0.5304 -0.0347
1743782715.3836172 0 0.523 -0.029 -0.031 1 -0.28 -0.047 -0.047 20 0.530 -0.031 0.5304 -0.0312
% 1743782715.3836172 robobot/cmd/ti/rc 0.100 -0.049 1743782715.3836172
1743782715.3836172 0 0.523 -0.029 -0.031 1 -0.28 -0.049 -0.049 20 0.532 -0.031 0.5319 -0.0312
% 1743782715.3873982 robobot/cmd/ti/rc 0.100 -0.051 1743782715.3873982
1743782715.3873982 0 0.524 -0.029 -0.030 1 -0.27 -0.051 -0.051 20 0.532 -0.030 0.5319 -0.0301
1743782715.408268 0 0.525 -0.029 -0.029 1 -0.27 -0.051 -0.051 20 0.532 -0.029 0.5319 -0.0289
% 1743782715.411721 robobot/cmd/ti/rc 0.100 -0.013 1743782715.408268
1743782715.411721 0 0.525 -0.029 -0.029 1 -0.27 -0.013 -0.013 20 0.533 -0.029 0.5333 -0.0289
1743782715.411721 0 0.527 -0.029 -0.029 1 -0.27 -0.013 -0.013 20 0.533 -0.029 0.5333 -0.0289
% 1743782715.411721 robobot/cmd/ti/rc 0.100 -0.054 1743782715.411721
1743782715.411721 0 0.527 -0.029 -0.029 1 -0.26 -0.054 -0.054 20 0.535 -0.029 0.5348 -0.0289
% 1743782715.414492 robobot/cmd/ti/rc 0.100 0.118 1743782715.414492
1743782715.414492 0 0.528 -0.029 -0.028 1 -0.26 0.118 0.118 20 0.535 -0.028 0.5348 -0.0278
1743782715.4363806 0 0.528 -0.029 -0.027 1 -0.26 0.118 0.118 20 0.535 -0.027 0.5348 -0.0266
% 1743782715.4363806 robobot/cmd/ti/rc 0.100 -0.056 1743782715.4363806
1743782715.4363806 0 0.529 -0.029 -0.027 1 -0.26 -0.056 -0.056 20 0.537 -0.027 0.5367 -0.0266
1743782715.4383872 0 0.530 -0.029 -0.024 1 -0.26 -0.056 -0.056 20 0.537 -0.024 0.5367 -0.0243
% 1743782715.4383872 robobot/cmd/ti/rc 0.100 -0.058 1743782715.4383872
1743782715.4383872 0 0.530 -0.029 -0.024 1 -0.25 -0.058 -0.058 20 0.538 -0.024 0.5382 -0.0243
% 1743782715.4453387 robobot/cmd/ti/alive 2025-04-04 18:05:09.620261
% 1743782715.466705 robobot/cmd/ti/rc 0.100 0.071 1743782715.466705
1743782715.466705 0 0.531 -0.029 -0.024 1 -0.25 0.071 0.071 20 0.538 -0.024 0.5382 -0.0243
1743782715.466705 0 0.531 -0.029 -0.023 1 -0.25 0.071 0.071 20 0.538 -0.023 0.5382 -0.0231
% 1743782715.466705 robobot/cmd/ti/rc 0.100 -0.017 1743782715.466705
1743782715.466705 0 0.532 -0.029 -0.022 1 -0.25 -0.017 -0.017 20 0.540 -0.022 0.5398 -0.0220
1743782715.4730213 0 0.533 -0.029 -0.022 1 -0.25 -0.017 -0.017 20 0.540 -0.022 0.5398 -0.0220
% 1743782715.4730213 robobot/cmd/ti/rc 0.100 -0.062 1743782715.4730213
1743782715.4730213 0 0.533 -0.029 -0.022 1 -0.25 -0.062 -0.062 20 0.541 -0.022 0.5413 -0.0220
% 1743782715.492533 robobot/cmd/ti/rc 0.100 -0.064 1743782715.492533
1743782715.492533 0 0.534 -0.029 -0.021 1 -0.24 -0.064 -0.064 20 0.541 -0.021 0.5413 -0.0208
1743782715.492533 0 0.534 -0.030 -0.020 1 -0.24 -0.064 -0.064 20 0.541 -0.020 0.5413 -0.0197
% 1743782715.492533 robobot/cmd/ti/rc 0.100 -0.066 1743782715.492533
1743782715.492533 0 0.535 -0.030 -0.020 1 -0.24 -0.066 -0.066 20 0.543 -0.020 0.5430 -0.0197
1743782715.4982593 0 0.536 -0.030 -0.020 1 -0.24 -0.066 -0.066 20 0.543 -0.020 0.5430 -0.0197
% 1743782715.4982593 robobot/cmd/ti/rc 0.100 -0.068 1743782715.4982593
1743782715.4982593 0 0.536 -0.030 -0.020 1 -0.23 -0.068 -0.068 20 0.544 -0.020 0.5443 -0.0197
% 1743782715.52032 robobot/cmd/ti/rc 0.100 -0.070 1743782715.52032
1743782715.52032 0 0.537 -0.030 -0.017 1 -0.23 -0.070 -0.070 20 0.544 -0.017 0.5443 -0.0173
1743782715.52032 0 0.537 -0.030 -0.017 1 -0.23 -0.070 -0.070 20 0.544 -0.017 0.5443 -0.0173
% 1743782715.52032 robobot/cmd/ti/rc 0.100 0.054 1743782715.52032
1743782715.52032 0 0.538 -0.030 -0.016 1 -0.22 0.054 0.054 20 0.546 -0.016 0.5460 -0.0162
1743782715.529946 0 0.539 -0.030 -0.015 1 -0.22 0.054 0.054 20 0.546 -0.015 0.5460 -0.0150
% 1743782715.529946 robobot/cmd/ti/rc 0.100 -0.024 1743782715.529946
1743782715.529946 0 0.539 -0.030 -0.015 1 -0.22 -0.024 -0.024 20 0.548 -0.015 0.5476 -0.0150
% 1743782715.5465245 robobot/cmd/ti/rc 0.100 -0.074 1743782715.5465245
1743782715.5465245 0 0.540 -0.030 -0.014 1 -0.22 -0.074 -0.074 20 0.548 -0.014 0.5476 -0.0139
1743782715.5465245 0 0.541 -0.030 -0.013 1 -0.22 -0.074 -0.074 20 0.548 -0.013 0.5476 -0.0127
% 1743782715.5465245 robobot/cmd/ti/rc 0.100 -0.076 1743782715.5465245
1743782715.5465245 0 0.541 -0.030 -0.013 1 -0.21 -0.076 -0.076 20 0.549 -0.013 0.5493 -0.0127
1743782715.5622303 0 0.542 -0.030 -0.012 1 -0.21 -0.076 -0.076 20 0.549 -0.012 0.5493 -0.0116
% 1743782715.5622303 robobot/cmd/ti/rc 0.100 -0.149 1743782715.5622303
1743782715.5622303 0 0.542 -0.030 -0.012 1 -0.20 -0.149 -0.149 20 0.551 -0.012 0.5508 -0.0116
% 1743782715.5809524 robobot/cmd/ti/rc 0.100 -0.080 1743782715.5809524
1743782715.5809524 0 0.543 -0.030 -0.010 1 -0.20 -0.080 -0.080 20 0.551 -0.010 0.5508 -0.0104
1743782715.5809524 0 0.544 -0.030 -0.010 1 -0.20 -0.080 -0.080 20 0.551 -0.010 0.5508 -0.0104
% 1743782715.5809524 robobot/cmd/ti/rc 0.100 -0.082 1743782715.5809524
1743782715.5809524 0 0.544 -0.030 -0.010 1 -0.19 -0.082 -0.082 20 0.552 -0.010 0.5524 -0.0104
1743782715.5809524 0 0.545 -0.030 -0.010 1 -0.19 -0.082 -0.082 20 0.552 -0.010 0.5524 -0.0104
% 1743782715.5809524 robobot/cmd/ti/rc 0.100 -0.084 1743782715.5809524
1743782715.5809524 0 0.545 -0.030 -0.010 1 -0.19 -0.084 -0.084 20 0.554 -0.010 0.5540 -0.0104
% 1743782715.6146877 robobot/cmd/ti/rc 0.100 -0.204 1743782715.6146877
1743782715.6162794 0 0.547 -0.030 -0.010 1 -0.18 -0.204 -0.204 20 0.554 -0.010 0.5540 -0.0104
1743782715.6162794 0 0.547 -0.030 -0.012 1 -0.18 -0.204 -0.204 20 0.554 -0.012 0.5540 -0.0116
% 1743782715.6173933 robobot/cmd/ti/rc 0.100 -0.089 1743782715.6173933
1743782715.6173933 0 0.548 -0.030 -0.010 1 -0.18 -0.089 -0.089 20 0.556 -0.010 0.5556 -0.0104
1743782715.6173933 0 0.549 -0.030 -0.012 1 -0.18 -0.089 -0.089 20 0.556 -0.012 0.5556 -0.0116
% 1743782715.6224525 robobot/cmd/ti/rc 0.100 -0.035 1743782715.6224525
1743782715.6224525 0 0.549 -0.030 -0.012 1 -0.17 -0.035 -0.035 20 0.557 -0.012 0.5571 -0.0116
% 1743782715.6462934 robobot/cmd/ti/rc 0.100 -0.092 1743782715.6462934
1743782715.6462934 0 0.550 -0.030 -0.012 1 -0.17 -0.092 -0.092 20 0.557 -0.012 0.5571 -0.0116
1743782715.6462934 0 0.550 -0.030 -0.012 1 -0.17 -0.092 -0.092 20 0.557 -0.012 0.5571 -0.0116
% 1743782715.647834 robobot/cmd/ti/rc 0.100 -4.000 1743782715.647834
1743782715.647834 0 0.550 -0.030 -0.012 1 0.11 -9.630 -4.000 20 0.559 -0.012 0.5586 -0.0116
1743782715.647834 0 0.551 -0.030 -0.012 1 0.11 -9.630 -4.000 20 0.559 -0.012 0.5586 -0.0116
% 1743782715.6500273 robobot/cmd/ti/rc 0.100 -0.048 1743782715.6500273
1743782715.6500273 0 0.551 -0.030 -0.012 1 0.10 -0.048 -0.048 20 0.560 -0.012 0.5601 -0.0116
% 1743782715.68105 robobot/cmd/ti/rc 0.0 0.0
% 1743782715.68105 robobot/cmd/ti/rc 0.0 0.0
1743782715.68105 0 0.552 -0.030 -0.013 1 0.10 -0.048 -0.048 20 0.560 -0.013 0.5601 -0.0127
% 1743782715.68105 robobot/cmd/ti/rc 0.0 0.0
1743782715.68105 0 0.553 -0.030 -0.012 1 0.10 -0.048 -0.048 20 0.560 -0.012 0.5601 -0.0116
% 1743782715.6832976 robobot/cmd/ti/rc 0.0 0.0
1743782715.6832976 0 0.553 -0.030 -0.013 1 0.10 -0.048 -0.048 20 0.561 -0.013 0.5615 -0.0127
% 1743782715.6832976 robobot/cmd/ti/rc 0.0 0.0
% 1743782715.6844978 robobot/cmd/ti/rc 0.0 0.0
1743782715.6844978 0 0.554 -0.030 -0.027 1 0.10 -0.048 -0.048 20 0.561 -0.027 0.5615 -0.0266
% 1743782715.6844978 robobot/cmd/ti/rc 0.0 0.0
1743782715.6844978 0 0.554 -0.030 -0.027 1 0.10 -0.048 -0.048 20 0.563 -0.027 0.5629 -0.0266
% 1743782715.6844978 robobot/cmd/ti/rc 0.0 0.0
% 1743782715.6844978 robobot/cmd/ti/rc 0.0 0.0
% 1743782715.6844978 robobot/cmd/ti/rc 0.0 0.0
1743782715.6844978 0 0.556 -0.030 -0.039 1 0.10 -0.048 -0.048 20 0.563 -0.039 0.5629 -0.0393
% 1743782715.7084093 robobot/cmd/ti/rc 0.0 0.0
1743782715.7084093 0 0.557 -0.030 -0.043 1 0.10 -0.048 -0.048 20 0.563 -0.043 0.5629 -0.0428
% 1743782715.7084093 robobot/cmd/ti/rc 0.0 0.0
1743782715.7084093 0 0.557 -0.030 -0.044 1 0.10 -0.048 -0.048 20 0.565 -0.044 0.5648 -0.0439
% 1743782715.7084093 robobot/cmd/ti/rc 0.0 0.0
% 1743782715.7084093 robobot/cmd/ti/rc 0.0 0.0
1743782715.7084093 0 0.558 -0.030 -0.049 1 0.10 -0.048 -0.048 20 0.565 -0.049 0.5648 -0.0486
% 1743782715.7084093 robobot/cmd/ti/rc 0.0 0.0
1743782715.7084093 0 0.558 -0.030 -0.049 1 0.10 -0.048 -0.048 20 0.566 -0.049 0.5663 -0.0486
% 1743782715.7084093 robobot/cmd/ti/rc 0.0 0.0
% 1743782715.7084093 robobot/cmd/ti/rc 0.0 0.0
% 1743782715.7252042 robobot/cmd/ti/rc 0.0 0.0
1743782715.7252042 0 0.558 -0.030 -0.054 1 0.10 -0.048 -0.048 20 0.566 -0.054 0.5663 -0.0544
% 1743782715.7252042 robobot/cmd/ti/rc 0.0 0.0
1743782715.7252042 0 0.559 -0.030 -0.058 1 0.10 -0.048 -0.048 20 0.566 -0.058 0.5663 -0.0578
% 1743782715.7252042 robobot/cmd/ti/rc 0.0 0.0
% 1743782715.7252042 robobot/cmd/ti/rc 0.0 0.0
1743782715.7252042 0 0.559 -0.030 -0.060 1 0.10 -0.048 -0.048 20 0.567 -0.060 0.5672 -0.0601
% 1743782715.7252042 robobot/cmd/ti/rc 0.0 0.0
1743782715.7401578 0 0.559 -0.030 -0.065 1 0.10 -0.048 -0.048 20 0.567 -0.065 0.5672 -0.0648
% 1743782715.7401578 robobot/cmd/ti/rc 0.0 0.0
1743782715.7401578 0 0.559 -0.030 -0.065 1 0.10 -0.048 -0.048 20 0.568 -0.065 0.5683 -0.0648
% 1743782715.7401578 robobot/cmd/ti/rc 0.0 0.0
% 1743782715.7721593 robobot/cmd/ti/rc 0.0 0.0
% 1743782715.7721593 robobot/cmd/ti/rc 0.0 0.0
1743782715.7721593 0 0.560 -0.030 -0.069 1 0.10 -0.048 -0.048 20 0.568 -0.069 0.5683 -0.0694
% 1743782715.775585 robobot/cmd/ti/rc 0.0 0.0
% 1743782715.775585 robobot/cmd/ti/rc 0.0 0.0
1743782715.775585 0 0.561 -0.030 -0.073 1 0.10 -0.048 -0.048 20 0.568 -0.073 0.5683 -0.0729
% 1743782715.775585 robobot/cmd/ti/rc 0.0 0.0
1743782715.775585 0 0.561 -0.030 -0.075 1 0.10 -0.048 -0.048 20 0.569 -0.075 0.5693 -0.0752
% 1743782715.775585 robobot/cmd/ti/rc 0.0 0.0
1743782715.775585 0 0.561 -0.030 -0.080 1 0.10 -0.048 -0.048 20 0.569 -0.080 0.5693 -0.0798
% 1743782715.775585 robobot/cmd/ti/rc 0.0 0.0
1743782715.775585 0 0.561 -0.030 -0.080 1 0.10 -0.048 -0.048 20 0.570 -0.080 0.5703 -0.0798
% 1743782715.775585 robobot/cmd/ti/rc 0.0 0.0
% 1743782715.775585 robobot/cmd/ti/rc 0.0 0.0
% 1743782715.775585 robobot/cmd/ti/rc 0.0 0.0
% 1743782715.7812004 robobot/cmd/ti/rc 0.0 0.0
1743782715.7812004 0 0.562 -0.030 -0.086 1 0.10 -0.048 -0.048 20 0.570 -0.086 0.5703 -0.0856
% 1743782715.7812004 robobot/cmd/ti/rc 0.0 0.0
1743782715.7812004 0 0.562 -0.030 -0.088 1 0.10 -0.048 -0.048 20 0.570 -0.088 0.5703 -0.0879
% 1743782715.8058848 robobot/cmd/ti/rc 0.0 0.0
1743782715.8058848 0 0.563 -0.030 -0.090 1 0.10 -0.048 -0.048 20 0.571 -0.090 0.5713 -0.0902
% 1743782715.8058848 robobot/cmd/ti/rc 0.0 0.0
1743782715.8058848 0 0.563 -0.030 -0.094 1 0.10 -0.048 -0.048 20 0.571 -0.094 0.5713 -0.0937
% 1743782715.8058848 robobot/cmd/ti/rc 0.0 0.0
1743782715.8058848 0 0.563 -0.030 -0.094 1 0.10 -0.048 -0.048 20 0.572 -0.094 0.5721 -0.0937
% 1743782715.8058848 robobot/cmd/ti/rc 0.0 0.0
% 1743782715.8058848 robobot/cmd/ti/rc 0.0 0.0
% 1743782715.8058848 robobot/cmd/ti/rc 0.0 0.0
% 1743782715.8058848 robobot/cmd/ti/rc 0.0 0.0
1743782715.8058848 0 0.563 -0.030 -0.096 1 0.10 -0.048 -0.048 20 0.572 -0.096 0.5721 -0.0960
% 1743782715.8058848 robobot/cmd/ti/rc 0.0 0.0
1743782715.8058848 0 0.564 -0.030 -0.098 1 0.10 -0.048 -0.048 20 0.572 -0.098 0.5721 -0.0983
% 1743782715.8353248 robobot/cmd/ti/rc 0.0 0.0
1743782715.8353248 0 0.564 -0.030 -0.100 1 0.10 -0.048 -0.048 20 0.573 -0.100 0.5727 -0.0995
% 1743782715.8353248 robobot/cmd/ti/rc 0.0 0.0
% 1743782715.8353248 robobot/cmd/ti/rc 0.0 0.0
1743782715.8353248 0 0.564 -0.030 -0.102 1 0.10 -0.048 -0.048 20 0.573 -0.102 0.5727 -0.1018
% 1743782715.8366232 robobot/cmd/ti/rc 0.0 0.0
1743782715.8366232 0 0.564 -0.030 -0.102 1 0.10 -0.048 -0.048 20 0.573 -0.102 0.5732 -0.1018
% 1743782715.8366232 robobot/cmd/ti/rc 0.0 0.0
% 1743782715.8366232 robobot/cmd/ti/rc 0.0 0.0
% 1743782715.840212 robobot/cmd/ti/rc 0.0 0.0
1743782715.840212 0 0.564 -0.030 -0.101 1 0.10 -0.048 -0.048 20 0.573 -0.101 0.5732 -0.1006
% 1743782715.840212 robobot/cmd/ti/rc 0.0 0.0
1743782715.8596117 0 0.564 -0.030 -0.102 1 0.10 -0.048 -0.048 20 0.573 -0.102 0.5732 -0.1018
% 1743782715.8596117 robobot/cmd/ti/rc 0.0 0.0
1743782715.8596117 0 0.565 -0.030 -0.103 1 0.10 -0.048 -0.048 20 0.574 -0.103 0.5738 -0.1029
% 1743782715.8596117 robobot/cmd/ti/rc 0.0 0.0
% 1743782715.8596117 robobot/cmd/ti/rc 0.0 0.0
1743782715.8596117 0 0.565 -0.030 -0.103 1 0.10 -0.048 -0.048 20 0.574 -0.103 0.5738 -0.1029
% 1743782715.8596117 robobot/cmd/ti/rc 0.0 0.0
1743782715.8596117 0 0.565 -0.030 -0.103 1 0.10 -0.048 -0.048 20 0.574 -0.103 0.5741 -0.1029
% 1743782715.8596117 robobot/cmd/ti/rc 0.0 0.0
% 1743782715.8596117 robobot/cmd/ti/rc 0.0 0.0
% 1743782715.870229 robobot/cmd/ti/rc 0.0 0.0
1743782715.870229 0 0.565 -0.030 -0.103 1 0.10 -0.048 -0.048 20 0.574 -0.103 0.5741 -0.1029
% 1743782715.870229 robobot/cmd/ti/rc 0.0 0.0
1743782715.891156 0 0.565 -0.030 -0.103 1 0.10 -0.048 -0.048 20 0.574 -0.103 0.5741 -0.1029
% 1743782715.891156 robobot/cmd/ti/rc 0.0 0.0
% 1743782715.891156 robobot/cmd/ti/rc 0.0 0.0
1743782715.891156 0 0.565 -0.030 -0.103 1 0.10 -0.048 -0.048 20 0.574 -0.103 0.5745 -0.1029
% 1743782715.891156 robobot/cmd/ti/rc 0.0 0.0
1743782715.8941178 0 0.565 -0.030 -0.103 1 0.10 -0.048 -0.048 20 0.574 -0.103 0.5745 -0.1029
% 1743782715.8941178 robobot/cmd/ti/rc 0.0 0.0
1743782715.8941178 0 0.565 -0.030 -0.103 1 0.10 -0.048 -0.048 20 0.575 -0.103 0.5748 -0.1029
% 1743782715.8941178 robobot/cmd/ti/rc 0.0 0.0
% 1743782715.8941178 robobot/cmd/ti/rc 0.100 4.000 1743782715.8941178
1743782715.8941178 0 0.565 -0.030 -0.103 1 -0.20 10.839 4.000 20 0.575 -0.103 0.5748 -0.1029
1743782715.9073553 0 0.565 -0.030 -0.103 1 -0.20 10.839 4.000 20 0.575 -0.103 0.5748 -0.1029
% 1743782715.9073553 robobot/cmd/ti/rc 0.100 0.307 1743782715.9073553
1743782715.9073553 0 0.565 -0.030 -0.103 1 -0.21 0.307 0.307 20 0.575 -0.103 0.5750 -0.1029
1743782715.9073553 0 0.565 -0.030 -0.103 1 -0.21 0.307 0.307 20 0.575 -0.103 0.5750 -0.1029
% 1743782715.9073553 robobot/cmd/ti/rc 0.100 0.426 1743782715.9073553
1743782715.9073553 0 0.565 -0.030 -0.103 1 -0.22 0.426 0.426 20 0.575 -0.103 0.5752 -0.1029
% 1743782715.9397657 robobot/cmd/ti/rc 0.0 0.0
% 1743782715.9397657 robobot/cmd/ti/rc 0.0 0.0
% 1743782715.9397657 robobot/cmd/ti/rc 0.0 0.0
1743782715.9397657 0 0.565 -0.031 -0.100 1 -0.22 0.426 0.426 20 0.575 -0.100 0.5752 -0.0995
% 1743782715.9397657 robobot/cmd/ti/rc 0.0 0.0
1743782715.9397657 0 0.565 -0.031 -0.088 1 -0.22 0.426 0.426 20 0.575 -0.088 0.5752 -0.0879
% 1743782715.951433 robobot/cmd/ti/alive 2025-04-04 18:05:09.620261
% 1743782715.951433 robobot/cmd/ti/rc 0.0 0.0
1743782715.951433 0 0.566 -0.031 -0.080 1 -0.22 0.426 0.426 20 0.576 -0.080 0.5756 -0.0798
% 1743782715.951433 robobot/cmd/ti/rc 0.0 0.0
1743782715.951433 0 0.567 -0.031 -0.073 1 -0.22 0.426 0.426 20 0.576 -0.073 0.5756 -0.0729
% 1743782715.951433 robobot/cmd/ti/rc 0.0 0.0
1743782715.951433 0 0.567 -0.031 -0.073 1 -0.22 0.426 0.426 20 0.577 -0.073 0.5767 -0.0729
% 1743782715.951433 robobot/cmd/ti/rc 0.0 0.0
% 1743782715.9558797 robobot/cmd/ti/rc 0.0 0.0
% 1743782715.976104 robobot/cmd/ti/rc 0.0 0.0
% 1743782715.976104 robobot/cmd/ti/rc 0.0 0.0
1743782715.976104 0 0.567 -0.031 -0.070 1 -0.22 0.426 0.426 20 0.577 -0.070 0.5767 -0.0705
% 1743782715.976104 robobot/cmd/ti/rc 0.0 0.0
1743782715.976104 0 0.567 -0.031 -0.070 1 -0.22 0.426 0.426 20 0.577 -0.070 0.5767 -0.0705
% 1743782715.976104 robobot/cmd/ti/rc 0.0 0.0
% 1743782715.976104 robobot/cmd/ti/rc 0.0 0.0
1743782715.976104 0 0.567 -0.031 -0.072 1 -0.22 0.426 0.426 20 0.577 -0.072 0.5774 -0.0717
% 1743782715.976104 robobot/cmd/ti/rc 0.0 0.0
% 1743782715.976104 robobot/cmd/ti/rc 0.0 0.0
1743782715.9815755 0 0.567 -0.031 -0.069 1 -0.22 0.426 0.426 20 0.577 -0.069 0.5774 -0.0694
% 1743782715.9815755 robobot/cmd/ti/rc 0.0 0.0
1743782715.9815755 0 0.567 -0.031 -0.069 1 -0.22 0.426 0.426 20 0.578 -0.069 0.5779 -0.0694
% 1743782715.9815755 robobot/cmd/ti/rc 0.0 0.0
% 1743782716.003466 robobot/cmd/ti/rc 0.100 0.461 1743782716.003466
1743782716.003466 0 0.567 -0.031 -0.068 1 -0.23 0.461 0.461 20 0.578 -0.068 0.5779 -0.0682
1743782716.003466 0 0.567 -0.031 -0.067 1 -0.23 0.461 0.461 20 0.578 -0.067 0.5779 -0.0671
% 1743782716.003466 robobot/cmd/ti/rc 0.100 0.108 1743782716.003466
1743782716.003466 0 0.567 -0.031 -0.067 1 -0.23 0.108 0.108 20 0.578 -0.067 0.5778 -0.0671
1743782716.003466 0 0.567 -0.031 -0.068 1 -0.23 0.108 0.108 20 0.578 -0.068 0.5778 -0.0682
% 1743782716.003466 robobot/cmd/ti/rc 0.100 0.108 1743782716.003466
1743782716.003466 0 0.567 -0.031 -0.068 1 -0.23 0.108 0.108 20 0.578 -0.068 0.5779 -0.0682
% 1743782716.0352824 robobot/cmd/ti/rc 0.0 0.0
% 1743782716.0352824 robobot/cmd/ti/rc 0.0 0.0
1743782716.0352824 0 0.567 -0.031 -0.068 1 -0.23 0.108 0.108 20 0.578 -0.068 0.5779 -0.0682
% 1743782716.0352824 robobot/cmd/ti/rc 0.0 0.0
1743782716.0352824 0 0.567 -0.031 -0.068 1 -0.23 0.108 0.108 20 0.578 -0.068 0.5779 -0.0682
% 1743782716.0352824 robobot/cmd/ti/rc 0.0 0.0
% 1743782716.0373008 robobot/cmd/ti/rc 0.0 0.0
1743782716.0373008 0 0.567 -0.031 -0.069 1 -0.23 0.108 0.108 20 0.578 -0.069 0.5780 -0.0694
% 1743782716.0373008 robobot/cmd/ti/rc 0.0 0.0
1743782716.0373008 0 0.567 -0.031 -0.070 1 -0.23 0.108 0.108 20 0.578 -0.070 0.5780 -0.0705
% 1743782716.0413384 robobot/cmd/ti/rc 0.0 0.0
1743782716.0413384 0 0.567 -0.031 -0.070 1 -0.23 0.108 0.108 20 0.578 -0.070 0.5782 -0.0705
% 1743782716.0413384 robobot/cmd/ti/rc 0.0 0.0
% 1743782716.0632505 robobot/cmd/ti/rc 0.0 0.0
% 1743782716.065269 robobot/cmd/ti/rc 0.0 0.0
1743782716.065269 0 0.567 -0.031 -0.069 1 -0.23 0.108 0.108 20 0.578 -0.069 0.5782 -0.0694
% 1743782716.065269 robobot/cmd/ti/rc 0.0 0.0
% 1743782716.065269 robobot/cmd/ti/rc 0.0 0.0
1743782716.065269 0 0.567 -0.031 -0.068 1 -0.23 0.108 0.108 20 0.578 -0.068 0.5782 -0.0682
% 1743782716.065269 robobot/cmd/ti/rc 0.0 0.0
1743782716.065269 0 0.568 -0.031 -0.069 1 -0.23 0.108 0.108 20 0.578 -0.069 0.5784 -0.0694
% 1743782716.0670376 robobot/cmd/ti/rc 0.0 0.0
1743782716.0670376 0 0.568 -0.031 -0.066 1 -0.23 0.108 0.108 20 0.578 -0.066 0.5784 -0.0659
% 1743782716.0670376 robobot/cmd/ti/rc 0.0 0.0
1743782716.0670376 0 0.568 -0.031 -0.066 1 -0.23 0.108 0.108 20 0.578 -0.066 0.5785 -0.0659
% 1743782716.0670376 robobot/cmd/ti/rc 0.0 0.0
% 1743782716.0928843 robobot/cmd/ti/rc 0.100 0.398 1743782716.0928843
1743782716.0928843 0 0.568 -0.031 -0.064 1 -0.24 0.398 0.398 20 0.578 -0.064 0.5785 -0.0636
1743782716.0949016 0 0.568 -0.031 -0.064 1 -0.24 0.398 0.398 20 0.578 -0.064 0.5785 -0.0636
% 1743782716.0949016 robobot/cmd/ti/rc 0.100 0.113 1743782716.0949016
1743782716.0949016 0 0.568 -0.031 -0.064 1 -0.24 0.113 0.113 20 0.579 -0.064 0.5788 -0.0636
1743782716.0969393 0 0.568 -0.031 -0.064 1 -0.24 0.113 0.113 20 0.579 -0.064 0.5788 -0.0636
% 1743782716.0987 robobot/cmd/ti/rc 0.100 -0.010 1743782716.0987
1743782716.0987 0 0.568 -0.031 -0.064 1 -0.23 -0.010 -0.010 20 0.579 -0.064 0.5790 -0.0636
% 1743782716.1165385 robobot/cmd/ti/rc 0.0 0.0
% 1743782716.1165385 robobot/cmd/ti/rc 0.0 0.0
1743782716.1165385 0 0.568 -0.031 -0.064 1 -0.23 -0.010 -0.010 20 0.579 -0.064 0.5790 -0.0636
% 1743782716.130471 robobot/cmd/ti/rc 0.0 0.0
1743782716.130471 0 0.568 -0.031 -0.064 1 -0.23 -0.010 -0.010 20 0.579 -0.064 0.5790 -0.0636
% 1743782716.130471 robobot/cmd/ti/rc 0.0 0.0
1743782716.130471 0 0.568 -0.031 -0.064 1 -0.23 -0.010 -0.010 20 0.579 -0.064 0.5793 -0.0636
% 1743782716.130471 robobot/cmd/ti/rc 0.0 0.0
% 1743782716.13249 robobot/cmd/ti/rc 0.0 0.0
1743782716.13249 0 0.568 -0.031 -0.065 1 -0.23 -0.010 -0.010 20 0.579 -0.065 0.5793 -0.0648
% 1743782716.13249 robobot/cmd/ti/rc 0.0 0.0
1743782716.13249 0 0.568 -0.031 -0.065 1 -0.23 -0.010 -0.010 20 0.579 -0.065 0.5795 -0.0648
% 1743782716.13249 robobot/cmd/ti/rc 0.0 0.0
% 1743782716.1345797 robobot/cmd/ti/rc 0.0 0.0
% 1743782716.15332 robobot/cmd/ti/rc 0.0 0.0
1743782716.15332 0 0.568 -0.031 -0.067 1 -0.23 -0.010 -0.010 20 0.579 -0.067 0.5795 -0.0671
% 1743782716.15332 robobot/cmd/ti/rc 0.0 0.0
1743782716.15332 0 0.569 -0.031 -0.068 1 -0.23 -0.010 -0.010 20 0.579 -0.068 0.5795 -0.0682
% 1743782716.1553392 robobot/cmd/ti/rc 0.0 0.0
1743782716.1553392 0 0.569 -0.031 -0.070 1 -0.23 -0.010 -0.010 20 0.580 -0.070 0.5797 -0.0705
% 1743782716.1553392 robobot/cmd/ti/rc 0.0 0.0
% 1743782716.1553392 robobot/cmd/ti/rc 0.0 0.0
1743782716.1553392 0 0.569 -0.031 -0.072 1 -0.23 -0.010 -0.010 20 0.580 -0.072 0.5797 -0.0717
% 1743782716.1610422 robobot/cmd/ti/rc 0.0 0.0
1743782716.1610422 0 0.569 -0.031 -0.072 1 -0.23 -0.010 -0.010 20 0.580 -0.072 0.5804 -0.0717
% 1743782716.1620612 robobot/cmd/ti/rc 0.0 0.0
% 1743782716.1845882 robobot/cmd/ti/rc 0.0 0.0
% 1743782716.1845882 robobot/cmd/ti/rc 0.0 0.0
1743782716.1845882 0 0.569 -0.031 -0.070 1 -0.23 -0.010 -0.010 20 0.580 -0.070 0.5804 -0.0705
% 1743782716.1845882 robobot/cmd/ti/rc 0.0 0.0
1743782716.1845882 0 0.569 -0.031 -0.069 1 -0.23 -0.010 -0.010 20 0.580 -0.069 0.5804 -0.0694
% 1743782716.1845882 robobot/cmd/ti/rc 0.0 0.0
% 1743782716.1861877 robobot/cmd/ti/rc 0.0 0.0
1743782716.1861877 0 0.569 -0.031 -0.068 1 -0.23 -0.010 -0.010 20 0.581 -0.068 0.5806 -0.0682
% 1743782716.1861877 robobot/cmd/ti/rc 0.0 0.0
1743782716.1861877 0 0.569 -0.031 -0.068 1 -0.23 -0.010 -0.010 20 0.581 -0.068 0.5806 -0.0682
% 1743782716.1896875 robobot/cmd/ti/rc 0.0 0.0
1743782716.1896875 0 0.569 -0.031 -0.068 1 -0.23 -0.010 -0.010 20 0.581 -0.068 0.5805 -0.0682
% 1743782716.1896875 robobot/cmd/ti/rc 0.0 0.0
% 1743782716.2142205 robobot/cmd/ti/rc 0.0 0.0
% 1743782716.2157853 robobot/cmd/ti/rc 0.0 0.0
1743782716.2157853 0 0.569 -0.031 -0.068 1 -0.23 -0.010 -0.010 20 0.581 -0.068 0.5805 -0.0682
% 1743782716.2163248 robobot/cmd/ti/rc 0.0 0.0
% 1743782716.2168472 robobot/cmd/ti/rc 0.0 0.0
1743782716.2168472 0 0.569 -0.031 -0.069 1 -0.23 -0.010 -0.010 20 0.581 -0.069 0.5805 -0.0694
% 1743782716.2168472 robobot/cmd/ti/rc 0.0 0.0
1743782716.2168472 0 0.569 -0.031 -0.069 1 -0.23 -0.010 -0.010 20 0.580 -0.069 0.5805 -0.0694
% 1743782716.2184372 robobot/cmd/ti/rc 0.0 0.0
1743782716.2184372 0 0.569 -0.031 -0.069 1 -0.23 -0.010 -0.010 20 0.580 -0.069 0.5805 -0.0694
% 1743782716.2184372 robobot/cmd/ti/rc 0.0 0.0
1743782716.2184372 0 0.569 -0.031 -0.069 1 -0.23 -0.010 -0.010 20 0.581 -0.069 0.5806 -0.0694
% 1743782716.22 robobot/cmd/ti/rc 0.0 0.0
% 1743782716.2428818 robobot/cmd/ti/rc 0.0 0.0
% 1743782716.2428818 robobot/cmd/ti/rc 0.0 0.0
% 1743782716.2428818 robobot/cmd/ti/rc 0.0 0.0
1743782716.2428818 0 0.569 -0.031 -0.069 1 -0.23 -0.010 -0.010 20 0.581 -0.069 0.5806 -0.0694
% 1743782716.2428818 robobot/cmd/ti/rc 0.0 0.0
1743782716.2428818 0 0.569 -0.031 -0.069 1 -0.23 -0.010 -0.010 20 0.581 -0.069 0.5806 -0.0694
% 1743782716.2428818 robobot/cmd/ti/rc 0.0 0.0
1743782716.2428818 0 0.569 -0.031 -0.069 1 -0.23 -0.010 -0.010 20 0.581 -0.069 0.5806 -0.0694
% 1743782716.2428818 robobot/cmd/ti/rc 0.0 0.0
1743782716.2428818 0 0.569 -0.031 -0.069 1 -0.23 -0.010 -0.010 20 0.581 -0.069 0.5806 -0.0694
% 1743782716.2428818 robobot/cmd/ti/rc 0.0 0.0
1743782716.2428818 0 0.569 -0.031 -0.069 1 -0.23 -0.010 -0.010 20 0.581 -0.069 0.5807 -0.0694
% 1743782716.2428818 robobot/cmd/ti/rc 0.0 0.0
% 1743782716.2428818 robobot/cmd/ti/rc 0.0 0.0
% 1743782716.27487 robobot/cmd/ti/rc 0.100 2.208 1743782716.27487
1743782716.27487 0 0.569 -0.031 -0.069 1 -0.29 2.208 2.208 20 0.581 -0.069 0.5807 -0.0694
1743782716.27487 0 0.569 -0.031 -0.069 1 -0.29 2.208 2.208 20 0.581 -0.069 0.5807 -0.0694
% 1743782716.27487 robobot/cmd/ti/rc 0.100 -0.231 1743782716.27487
1743782716.277387 0 0.569 -0.031 -0.069 1 -0.28 -0.231 -0.231 20 0.581 -0.069 0.5807 -0.0694
1743782716.277387 0 0.569 -0.031 -0.069 1 -0.28 -0.231 -0.231 20 0.581 -0.069 0.5807 -0.0694
% 1743782716.2794468 robobot/cmd/ti/rc 0.100 -0.147 1743782716.2794468
1743782716.2794468 0 0.569 -0.031 -0.069 1 -0.27 -0.147 -0.147 20 0.581 -0.069 0.5808 -0.0694
% 1743782716.3068032 robobot/cmd/ti/rc 0.0 0.0
% 1743782716.3068032 robobot/cmd/ti/rc 0.0 0.0
1743782716.3068032 0 0.569 -0.031 -0.069 1 -0.27 -0.147 -0.147 20 0.581 -0.069 0.5808 -0.0694
% 1743782716.3068032 robobot/cmd/ti/rc 0.0 0.0
1743782716.3068032 0 0.569 -0.031 -0.069 1 -0.27 -0.147 -0.147 20 0.581 -0.069 0.5808 -0.0694
% 1743782716.3068032 robobot/cmd/ti/rc 0.0 0.0
1743782716.3068032 0 0.569 -0.031 -0.069 1 -0.27 -0.147 -0.147 20 0.581 -0.069 0.5809 -0.0694
% 1743782716.3068032 robobot/cmd/ti/rc 0.0 0.0
% 1743782716.3068032 robobot/cmd/ti/rc 0.0 0.0
1743782716.3068032 0 0.569 -0.031 -0.070 1 -0.27 -0.147 -0.147 20 0.581 -0.070 0.5809 -0.0705
% 1743782716.3068032 robobot/cmd/ti/rc 0.0 0.0
1743782716.3068032 0 0.569 -0.031 -0.070 1 -0.27 -0.147 -0.147 20 0.581 -0.070 0.5809 -0.0705
% 1743782716.3068032 robobot/cmd/ti/rc 0.0 0.0
% 1743782716.3068032 robobot/cmd/ti/rc 0.0 0.0
% 1743782716.3221614 robobot/cmd/ti/rc 0.0 0.0
1743782716.3221614 0 0.569 -0.031 -0.073 1 -0.27 -0.147 -0.147 20 0.581 -0.073 0.5809 -0.0729
% 1743782716.3221614 robobot/cmd/ti/rc 0.0 0.0
1743782716.3221614 0 0.570 -0.031 -0.073 1 -0.27 -0.147 -0.147 20 0.581 -0.073 0.5809 -0.0729
% 1743782716.3221614 robobot/cmd/ti/rc 0.0 0.0
% 1743782716.3221614 robobot/cmd/ti/rc 0.0 0.0
1743782716.3221614 0 0.570 -0.031 -0.073 1 -0.27 -0.147 -0.147 20 0.581 -0.073 0.5810 -0.0729
% 1743782716.3221614 robobot/cmd/ti/rc 0.0 0.0
1743782716.3382695 0 0.570 -0.031 -0.073 1 -0.27 -0.147 -0.147 20 0.581 -0.073 0.5810 -0.0729
% 1743782716.3382695 robobot/cmd/ti/rc 0.0 0.0
1743782716.3382695 0 0.570 -0.031 -0.073 1 -0.27 -0.147 -0.147 20 0.581 -0.073 0.5811 -0.0729
% 1743782716.3382695 robobot/cmd/ti/rc 0.0 0.0
% 1743782716.3553936 robobot/cmd/ti/rc 0.0 0.0
% 1743782716.3553936 robobot/cmd/ti/rc 0.0 0.0
1743782716.3553936 0 0.569 -0.031 -0.072 1 -0.27 -0.147 -0.147 20 0.581 -0.072 0.5811 -0.0717
% 1743782716.3553936 robobot/cmd/ti/rc 0.0 0.0
% 1743782716.3553936 robobot/cmd/ti/rc 0.0 0.0
1743782716.3553936 0 0.569 -0.031 -0.072 1 -0.27 -0.147 -0.147 20 0.581 -0.072 0.5811 -0.0717
% 1743782716.3553936 robobot/cmd/ti/rc 0.0 0.0
1743782716.3553936 0 0.569 -0.031 -0.072 1 -0.27 -0.147 -0.147 20 0.581 -0.072 0.5812 -0.0717
% 1743782716.3553936 robobot/cmd/ti/rc 0.0 0.0
1743782716.3553936 0 0.569 -0.031 -0.072 1 -0.27 -0.147 -0.147 20 0.581 -0.072 0.5812 -0.0717
% 1743782716.3741078 robobot/cmd/ti/rc 0.0 0.0
1743782716.3741078 0 0.569 -0.031 -0.072 1 -0.27 -0.147 -0.147 20 0.581 -0.072 0.5813 -0.0717
% 1743782716.3741078 robobot/cmd/ti/rc 0.0 0.0
% 1743782716.3862011 robobot/cmd/ti/rc 0.0 0.0
% 1743782716.3862011 robobot/cmd/ti/rc 0.0 0.0
% 1743782716.3862011 robobot/cmd/ti/rc 0.0 0.0
1743782716.3862011 0 0.569 -0.031 -0.072 1 -0.27 -0.147 -0.147 20 0.581 -0.072 0.5813 -0.0717
% 1743782716.3862011 robobot/cmd/ti/rc 0.0 0.0
1743782716.3862011 0 0.569 -0.031 -0.072 1 -0.27 -0.147 -0.147 20 0.581 -0.072 0.5813 -0.0717
% 1743782716.3862011 robobot/cmd/ti/rc 0.0 0.0
1743782716.3862011 0 0.569 -0.031 -0.072 1 -0.27 -0.147 -0.147 20 0.581 -0.072 0.5814 -0.0717
% 1743782716.3862011 robobot/cmd/ti/rc 0.0 0.0
1743782716.3862011 0 0.569 -0.031 -0.072 1 -0.27 -0.147 -0.147 20 0.581 -0.072 0.5814 -0.0717
% 1743782716.3862011 robobot/cmd/ti/rc 0.0 0.0
1743782716.3862011 0 0.569 -0.031 -0.072 1 -0.27 -0.147 -0.147 20 0.582 -0.072 0.5815 -0.0717
% 1743782716.3862011 robobot/cmd/ti/rc 0.0 0.0
% 1743782716.3862011 robobot/cmd/ti/rc 0.0 0.0
% 1743782716.4193938 robobot/cmd/ti/rc 0.0 0.0
% 1743782716.4193938 robobot/cmd/ti/rc 0.0 0.0
1743782716.4193938 0 0.569 -0.031 -0.072 1 -0.27 -0.147 -0.147 20 0.582 -0.072 0.5815 -0.0717
% 1743782716.4193938 robobot/cmd/ti/rc 0.0 0.0
1743782716.4193938 0 0.569 -0.031 -0.072 1 -0.27 -0.147 -0.147 20 0.582 -0.072 0.5815 -0.0717
% 1743782716.4193938 robobot/cmd/ti/rc 0.0 0.0
1743782716.4193938 0 0.569 -0.031 -0.072 1 -0.27 -0.147 -0.147 20 0.582 -0.072 0.5816 -0.0717
% 1743782716.4193938 robobot/cmd/ti/rc 0.0 0.0
% 1743782716.4193938 robobot/cmd/ti/rc 0.0 0.0
1743782716.4193938 0 0.569 -0.031 -0.072 1 -0.27 -0.147 -0.147 20 0.582 -0.072 0.5816 -0.0717
% 1743782716.4193938 robobot/cmd/ti/rc 0.0 0.0
1743782716.4193938 0 0.569 -0.031 -0.072 1 -0.27 -0.147 -0.147 20 0.582 -0.072 0.5817 -0.0717
% 1743782716.4193938 robobot/cmd/ti/rc 0.0 0.0
% 1743782716.45429 robobot/cmd/ti/rc 0.0 0.0
% 1743782716.45429 robobot/cmd/ti/rc 0.0 0.0
1743782716.45429 0 0.569 -0.031 -0.072 1 -0.27 -0.147 -0.147 20 0.582 -0.072 0.5817 -0.0717
% 1743782716.45429 robobot/cmd/ti/rc 0.0 0.0
1743782716.45429 0 0.569 -0.031 -0.072 1 -0.27 -0.147 -0.147 20 0.582 -0.072 0.5817 -0.0717
% 1743782716.45429 robobot/cmd/ti/rc 0.0 0.0
1743782716.45429 0 0.569 -0.031 -0.072 1 -0.27 -0.147 -0.147 20 0.582 -0.072 0.5818 -0.0717
% 1743782716.45429 robobot/cmd/ti/rc 0.0 0.0
% 1743782716.45429 robobot/cmd/ti/rc 0.0 0.0
% 1743782716.45638 robobot/cmd/ti/alive 2025-04-04 18:05:09.620261
1743782716.4584503 0 0.569 -0.031 -0.072 1 -0.27 -0.147 -0.147 20 0.582 -0.072 0.5818 -0.0717
% 1743782716.4599955 robobot/cmd/ti/rc 0.0 0.0
1743782716.4599955 0 0.569 -0.031 -0.072 1 -0.27 -0.147 -0.147 20 0.582 -0.072 0.5819 -0.0717
% 1743782716.4599955 robobot/cmd/ti/rc 0.0 0.0
% 1743782716.4801216 robobot/cmd/ti/rc 0.0 0.0
% 1743782716.486315 robobot/cmd/ti/rc 0.0 0.0
% 1743782716.486315 robobot/cmd/ti/rc 0.0 0.0
1743782716.486315 0 0.569 -0.031 -0.072 1 -0.27 -0.147 -0.147 20 0.582 -0.072 0.5819 -0.0717
% 1743782716.486315 robobot/cmd/ti/rc 0.0 0.0
1743782716.486315 0 0.569 -0.031 -0.072 1 -0.27 -0.147 -0.147 20 0.582 -0.072 0.5819 -0.0717
% 1743782716.486315 robobot/cmd/ti/rc 0.0 0.0
% 1743782716.488336 robobot/cmd/ti/rc 0.0 0.0
1743782716.488336 0 0.569 -0.031 -0.072 1 -0.27 -0.147 -0.147 20 0.582 -0.072 0.5819 -0.0717
% 1743782716.488336 robobot/cmd/ti/rc 0.0 0.0
1743782716.488336 0 0.569 -0.031 -0.072 1 -0.27 -0.147 -0.147 20 0.582 -0.072 0.5819 -0.0717
% 1743782716.5070324 robobot/cmd/ti/rc 0.0 0.0
1743782716.5070324 0 0.569 -0.031 -0.072 1 -0.27 -0.147 -0.147 20 0.582 -0.072 0.5820 -0.0717
% 1743782716.5070324 robobot/cmd/ti/rc 0.0 0.0
% 1743782716.5070324 robobot/cmd/ti/rc 0.0 0.0
% 1743782716.5070324 robobot/cmd/ti/rc 0.0 0.0
% 1743782716.5070324 robobot/cmd/ti/rc 0.0 0.0
1743782716.5070324 0 0.569 -0.031 -0.072 1 -0.27 -0.147 -0.147 20 0.582 -0.072 0.5820 -0.0717
% 1743782716.5070324 robobot/cmd/ti/rc 0.0 0.0
% 1743782716.5070324 robobot/cmd/ti/rc 0.0 0.0
1743782716.5070324 0 0.569 -0.031 -0.072 1 -0.27 -0.147 -0.147 20 0.582 -0.072 0.5820 -0.0717
% 1743782716.5070324 robobot/cmd/ti/rc 0.0 0.0
1743782716.5070324 0 0.569 -0.031 -0.072 1 -0.27 -0.147 -0.147 20 0.582 -0.072 0.5821 -0.0717
% 1743782716.5070324 robobot/cmd/ti/rc 0.0 0.0
1743782716.534205 0 0.569 -0.031 -0.072 1 -0.27 -0.147 -0.147 20 0.582 -0.072 0.5821 -0.0717
% 1743782716.5352266 robobot/cmd/ti/rc 0.0 0.0
1743782716.5352266 0 0.569 -0.031 -0.072 1 -0.27 -0.147 -0.147 20 0.582 -0.072 0.5821 -0.0717
% 1743782716.5352266 robobot/cmd/ti/rc 0.0 0.0
% 1743782716.5359097 robobot/cmd/ti/rc 0.0 0.0
% 1743782716.5359097 robobot/cmd/ti/rc 0.0 0.0
% 1743782716.5359097 robobot/cmd/ti/rc 0.0 0.0
1743782716.5359097 0 0.569 -0.031 -0.072 1 -0.27 -0.147 -0.147 20 0.582 -0.072 0.5821 -0.0717
% 1743782716.5359097 robobot/cmd/ti/rc 0.0 0.0
1743782716.5359097 0 0.569 -0.031 -0.072 1 -0.27 -0.147 -0.147 20 0.582 -0.072 0.5821 -0.0717
% 1743782716.53792 robobot/cmd/ti/rc 0.0 0.0
1743782716.53792 0 0.569 -0.031 -0.072 1 -0.27 -0.147 -0.147 20 0.582 -0.072 0.5821 -0.0717
% 1743782716.53792 robobot/cmd/ti/rc 0.0 0.0
1743782716.5657096 0 0.569 -0.031 -0.072 1 -0.27 -0.147 -0.147 20 0.582 -0.072 0.5821 -0.0717
% 1743782716.5657096 robobot/cmd/ti/rc 0.0 0.0
1743782716.5678818 0 0.569 -0.031 -0.072 1 -0.27 -0.147 -0.147 20 0.582 -0.072 0.5821 -0.0717
% 1743782716.5678818 robobot/cmd/ti/rc 0.0 0.0
% 1743782716.5685835 robobot/cmd/ti/rc 0.0 0.0
% 1743782716.5685835 robobot/cmd/ti/rc 0.0 0.0
% 1743782716.5685835 robobot/cmd/ti/rc 0.0 0.0
1743782716.5685835 0 0.569 -0.031 -0.072 1 -0.27 -0.147 -0.147 20 0.582 -0.072 0.5821 -0.0717
% 1743782716.5685835 robobot/cmd/ti/rc 0.0 0.0
1743782716.5685835 0 0.569 -0.031 -0.072 1 -0.27 -0.147 -0.147 20 0.582 -0.072 0.5821 -0.0717
% 1743782716.5745494 robobot/cmd/ti/rc 0.0 0.0
1743782716.5745494 0 0.569 -0.031 -0.072 1 -0.27 -0.147 -0.147 20 0.582 -0.072 0.5821 -0.0717
% 1743782716.5745494 robobot/cmd/ti/rc 0.0 0.0
% 1743782716.5977807 robobot/cmd/ti/rc 0.0 0.0
1743782716.5977807 0 0.569 -0.031 -0.072 1 -0.27 -0.147 -0.147 20 0.582 -0.072 0.5821 -0.0717
% 1743782716.5977807 robobot/cmd/ti/rc 0.0 0.0
1743782716.5977807 0 0.569 -0.031 -0.072 1 -0.27 -0.147 -0.147 20 0.582 -0.072 0.5821 -0.0717
% 1743782716.5977807 robobot/cmd/ti/rc 0.0 0.0
% 1743782716.5977807 robobot/cmd/ti/rc 0.0 0.0
% 1743782716.5992522 robobot/cmd/ti/rc 0.0 0.0
1743782716.5992522 0 0.569 -0.031 -0.072 1 -0.27 -0.147 -0.147 20 0.582 -0.072 0.5821 -0.0717
% 1743782716.5992522 robobot/cmd/ti/rc 0.0 0.0
1743782716.5992522 0 0.569 -0.031 -0.072 1 -0.27 -0.147 -0.147 20 0.582 -0.072 0.5821 -0.0717
% 1743782716.6061335 robobot/cmd/ti/rc 0.0 0.0
1743782716.6061335 0 0.569 -0.031 -0.072 1 -0.27 -0.147 -0.147 20 0.582 -0.072 0.5821 -0.0717
% 1743782716.6071377 robobot/cmd/ti/rc 0.0 0.0
% 1743782716.6071377 robobot/cmd/ti/rc 0.0 0.0
1743782716.624897 0 0.569 -0.031 -0.072 1 -0.27 -0.147 -0.147 20 0.582 -0.072 0.5821 -0.0717
% 1743782716.6254027 robobot/cmd/ti/rc 0.0 0.0
1743782716.6254027 0 0.569 -0.031 -0.072 1 -0.27 -0.147 -0.147 20 0.582 -0.072 0.5822 -0.0717
% 1743782716.6254027 robobot/cmd/ti/rc 0.0 0.0
% 1743782716.6260805 robobot/cmd/ti/rc 0.0 0.0
% 1743782716.6260805 robobot/cmd/ti/rc 0.0 0.0
1743782716.6265862 0 0.569 -0.031 -0.072 1 -0.27 -0.147 -0.147 20 0.582 -0.072 0.5822 -0.0717
% 1743782716.6265862 robobot/cmd/ti/rc 0.0 0.0
1743782716.6265862 0 0.569 -0.031 -0.072 1 -0.27 -0.147 -0.147 20 0.582 -0.072 0.5822 -0.0717
% 1743782716.6306689 robobot/cmd/ti/rc 0.0 0.0
% 1743782716.6311998 robobot/cmd/ti/rc 0.0 0.0
1743782716.6311998 0 0.569 -0.031 -0.072 1 -0.27 -0.147 -0.147 20 0.582 -0.072 0.5822 -0.0717
% 1743782716.6317067 robobot/cmd/ti/rc 0.0 0.0
1743782716.6522124 0 0.569 -0.031 -0.072 1 -0.27 -0.147 -0.147 20 0.582 -0.072 0.5822 -0.0717
% 1743782716.6522124 robobot/cmd/ti/rc 0.0 0.0
1743782716.6522124 0 0.569 -0.031 -0.072 1 -0.27 -0.147 -0.147 20 0.582 -0.072 0.5822 -0.0717
% 1743782716.6529038 robobot/cmd/ti/rc 0.0 0.0
% 1743782716.6529038 robobot/cmd/ti/rc 0.0 0.0
% 1743782716.6536684 robobot/cmd/ti/rc 0.0 0.0
1743782716.6536684 0 0.569 -0.031 -0.072 1 -0.27 -0.147 -0.147 20 0.582 -0.072 0.5822 -0.0717
% 1743782716.6536684 robobot/cmd/ti/rc 0.0 0.0
% 1743782716.6536684 robobot/cmd/ti/rc 0.0 0.0
1743782716.6536684 0 0.569 -0.031 -0.072 1 -0.27 -0.147 -0.147 20 0.582 -0.072 0.5822 -0.0717
% 1743782716.6606324 robobot/cmd/ti/rc 0.0 0.0
1743782716.6606324 0 0.569 -0.031 -0.072 1 -0.27 -0.147 -0.147 20 0.582 -0.072 0.5822 -0.0717
% 1743782716.6843574 robobot/cmd/ti/rc 0.0 0.0
1743782716.6843574 0 0.569 -0.031 -0.072 1 -0.27 -0.147 -0.147 20 0.582 -0.072 0.5822 -0.0717
% 1743782716.6843574 robobot/cmd/ti/rc 0.0 0.0
1743782716.6843574 0 0.569 -0.031 -0.072 1 -0.27 -0.147 -0.147 20 0.582 -0.072 0.5822 -0.0717
% 1743782716.6843574 robobot/cmd/ti/rc 0.0 0.0
% 1743782716.6843574 robobot/cmd/ti/rc 0.0 0.0
% 1743782716.6843574 robobot/cmd/ti/rc 0.0 0.0
% 1743782716.6863647 robobot/cmd/ti/rc 0.0 0.0
1743782716.6863647 0 0.569 -0.031 -0.072 1 -0.27 -0.147 -0.147 20 0.582 -0.072 0.5822 -0.0717
% 1743782716.6863647 robobot/cmd/ti/rc 0.0 0.0
1743782716.6874375 0 0.569 -0.031 -0.072 1 -0.27 -0.147 -0.147 20 0.582 -0.072 0.5822 -0.0717
% 1743782716.6874375 robobot/cmd/ti/rc 0.0 0.0
1743782716.6874375 0 0.569 -0.031 -0.072 1 -0.27 -0.147 -0.147 20 0.582 -0.072 0.5822 -0.0717
% 1743782716.6874375 robobot/cmd/ti/rc 0.0 0.0
1743782716.711282 0 0.569 -0.031 -0.072 1 -0.27 -0.147 -0.147 20 0.582 -0.072 0.5822 -0.0717
% 1743782716.711282 robobot/cmd/ti/rc 0.0 0.0
1743782716.711282 0 0.569 -0.031 -0.072 1 -0.27 -0.147 -0.147 20 0.582 -0.072 0.5822 -0.0717
% 1743782716.711282 robobot/cmd/ti/rc 0.0 0.0
% 1743782716.714058 robobot/cmd/ti/rc 0.0 0.0
% 1743782716.714058 robobot/cmd/ti/rc 0.0 0.0
% 1743782716.714058 robobot/cmd/ti/rc 0.0 0.0
1743782716.714058 0 0.569 -0.031 -0.072 1 -0.27 -0.147 -0.147 20 0.582 -0.072 0.5822 -0.0717
% 1743782716.714058 robobot/cmd/ti/rc 0.0 0.0
1743782716.714058 0 0.569 -0.031 -0.072 1 -0.27 -0.147 -0.147 20 0.582 -0.072 0.5822 -0.0717
% 1743782716.714058 robobot/cmd/ti/rc 0.0 0.0
1743782716.714058 0 0.569 -0.031 -0.072 1 -0.27 -0.147 -0.147 20 0.582 -0.072 0.5822 -0.0717
% 1743782716.714058 robobot/cmd/ti/rc 0.0 0.0
% 1743782716.7442853 robobot/cmd/ti/rc 0.0 0.0
1743782716.7442853 0 0.569 -0.031 -0.072 1 -0.27 -0.147 -0.147 20 0.582 -0.072 0.5822 -0.0717
% 1743782716.7442853 robobot/cmd/ti/rc 0.0 0.0
1743782716.7442853 0 0.569 -0.031 -0.072 1 -0.27 -0.147 -0.147 20 0.582 -0.072 0.5822 -0.0717
% 1743782716.7442853 robobot/cmd/ti/rc 0.0 0.0
% 1743782716.7442853 robobot/cmd/ti/rc 0.0 0.0
% 1743782716.7442853 robobot/cmd/ti/rc 0.0 0.0
1743782716.7442853 0 0.569 -0.031 -0.072 1 -0.27 -0.147 -0.147 20 0.582 -0.072 0.5822 -0.0717
% 1743782716.7442853 robobot/cmd/ti/rc 0.0 0.0
1743782716.7463052 0 0.569 -0.031 -0.072 1 -0.27 -0.147 -0.147 20 0.582 -0.072 0.5822 -0.0717
% 1743782716.7463052 robobot/cmd/ti/rc 0.0 0.0
1743782716.7463052 0 0.569 -0.031 -0.072 1 -0.27 -0.147 -0.147 20 0.582 -0.072 0.5822 -0.0717
% 1743782716.7463052 robobot/cmd/ti/rc 0.0 0.0
% 1743782716.7496648 robobot/cmd/ti/rc 0.0 0.0
1743782716.7662134 0 0.569 -0.031 -0.072 1 -0.27 -0.147 -0.147 20 0.582 -0.072 0.5822 -0.0717
% 1743782716.7662134 robobot/cmd/ti/rc 0.0 0.0
1743782716.7662134 0 0.569 -0.031 -0.072 1 -0.27 -0.147 -0.147 20 0.582 -0.072 0.5822 -0.0717
% 1743782716.7662134 robobot/cmd/ti/rc 0.0 0.0
% 1743782716.7662134 robobot/cmd/ti/rc 0.0 0.0
% 1743782716.7662134 robobot/cmd/ti/rc 0.0 0.0
1743782716.7662134 0 0.569 -0.031 -0.072 1 -0.27 -0.147 -0.147 20 0.582 -0.072 0.5822 -0.0717
% 1743782716.7662134 robobot/cmd/ti/rc 0.0 0.0
1743782716.7662134 0 0.569 -0.031 -0.072 1 -0.27 -0.147 -0.147 20 0.582 -0.072 0.5822 -0.0717
% 1743782716.7662134 robobot/cmd/ti/rc 0.0 0.0
% 1743782716.7662134 robobot/cmd/ti/rc 0.0 0.0
1743782716.7662134 0 0.569 -0.031 -0.072 1 -0.27 -0.147 -0.147 20 0.582 -0.072 0.5822 -0.0717
% 1743782716.7662134 robobot/cmd/ti/rc 0.0 0.0
1743782716.7993596 0 0.569 -0.031 -0.072 1 -0.27 -0.147 -0.147 20 0.582 -0.072 0.5822 -0.0717
% 1743782716.7993596 robobot/cmd/ti/rc 0.0 0.0
1743782716.7993596 0 0.569 -0.031 -0.072 1 -0.27 -0.147 -0.147 20 0.582 -0.072 0.5822 -0.0717
% 1743782716.7993596 robobot/cmd/ti/rc 0.0 0.0
% 1743782716.803679 robobot/cmd/ti/rc 0.0 0.0
% 1743782716.803679 robobot/cmd/ti/rc 0.0 0.0
1743782716.803679 0 0.569 -0.031 -0.072 1 -0.27 -0.147 -0.147 20 0.582 -0.072 0.5822 -0.0717
% 1743782716.803679 robobot/cmd/ti/rc 0.0 0.0
% 1743782716.803679 robobot/cmd/ti/rc 0.0 0.0
1743782716.803679 0 0.569 -0.031 -0.072 1 -0.27 -0.147 -0.147 20 0.582 -0.072 0.5822 -0.0717
% 1743782716.8056982 robobot/cmd/ti/rc 0.0 0.0
1743782716.8056982 0 0.569 -0.031 -0.072 1 -0.27 -0.147 -0.147 20 0.582 -0.072 0.5822 -0.0717
% 1743782716.8077142 robobot/cmd/ti/rc 0.0 0.0
1743782716.8291698 0 0.569 -0.031 -0.072 1 -0.27 -0.147 -0.147 20 0.582 -0.072 0.5822 -0.0717
% 1743782716.8291698 robobot/cmd/ti/rc 0.0 0.0
1743782716.8291698 0 0.569 -0.031 -0.072 1 -0.27 -0.147 -0.147 20 0.582 -0.072 0.5822 -0.0717
% 1743782716.8291698 robobot/cmd/ti/rc 0.0 0.0
% 1743782716.8291698 robobot/cmd/ti/rc 0.100 0.210 1743782716.8291698
1743782716.8291698 0 0.569 -0.031 -0.072 1 -0.28 0.210 0.210 20 0.582 -0.072 0.5822 -0.0717
1743782716.8291698 0 0.569 -0.031 -0.072 1 -0.28 0.210 0.210 20 0.582 -0.072 0.5822 -0.0717
% 1743782716.8514965 robobot/cmd/ti/rc 0.100 -0.672 1743782716.8514965
1743782716.8514965 0 0.569 -0.031 -0.072 1 -0.25 -0.672 -0.672 20 0.582 -0.072 0.5822 -0.0717
1743782716.8514965 0 0.569 -0.031 -0.072 1 -0.25 -0.672 -0.672 20 0.582 -0.072 0.5822 -0.0717
% 1743782716.8514965 robobot/cmd/ti/rc 0.100 0.256 1743782716.8514965
1743782716.8514965 0 0.569 -0.031 -0.072 1 -0.26 0.256 0.256 20 0.582 -0.072 0.5822 -0.0717
% 1743782716.86237 robobot/cmd/ti/rc 0.100 -0.173 1743782716.86237
1743782716.86237 0 0.570 -0.031 -0.070 1 -0.25 -0.173 -0.173 20 0.582 -0.070 0.5822 -0.0705
1743782716.86237 0 0.570 -0.031 -0.070 1 -0.25 -0.173 -0.173 20 0.582 -0.070 0.5822 -0.0705
% 1743782716.8870237 robobot/cmd/ti/rc 0.100 0.458 1743782716.8870237
1743782716.8870237 0 0.570 -0.031 -0.069 1 -0.26 0.458 0.458 20 0.582 -0.069 0.5822 -0.0694
1743782716.8870237 0 0.571 -0.031 -0.067 1 -0.26 0.458 0.458 20 0.582 -0.067 0.5822 -0.0671
% 1743782716.8925753 robobot/cmd/ti/rc 0.100 0.465 1743782716.8925753
1743782716.8925753 0 0.571 -0.031 -0.067 1 -0.27 0.465 0.465 20 0.582 -0.067 0.5824 -0.0671
% 1743782716.8967018 robobot/cmd/ti/rc 0.100 0.237 1743782716.8967018
1743782716.8967018 0 0.571 -0.031 -0.068 1 -0.27 0.237 0.237 20 0.582 -0.068 0.5824 -0.0682
1743782716.8967018 0 0.571 -0.031 -0.069 1 -0.27 0.237 0.237 20 0.582 -0.069 0.5824 -0.0694
% 1743782716.8987114 robobot/cmd/ti/rc 0.100 0.347 1743782716.8967018
1743782716.8987114 0 0.571 -0.031 -0.069 1 -0.28 0.347 0.347 20 0.583 -0.069 0.5826 -0.0694
1743782716.9227278 0 0.571 -0.031 -0.070 1 -0.28 0.347 0.347 20 0.583 -0.070 0.5826 -0.0705
% 1743782716.9227278 robobot/cmd/ti/rc 0.100 0.273 1743782716.9227278
1743782716.9227278 0 0.571 -0.031 -0.070 1 -0.28 0.273 0.273 20 0.583 -0.070 0.5830 -0.0705
% 1743782716.9227278 robobot/cmd/ti/rc 0.100 0.314 1743782716.9227278
1743782716.9227278 0 0.572 -0.031 -0.073 1 -0.28 0.314 0.314 20 0.583 -0.073 0.5830 -0.0729
1743782716.9227278 0 0.573 -0.031 -0.073 1 -0.28 0.314 0.314 20 0.583 -0.073 0.5830 -0.0729
% 1743782716.9265292 robobot/cmd/ti/rc 0.100 0.418 1743782716.9265292
1743782716.9265292 0 0.573 -0.031 -0.073 1 -0.29 0.418 0.418 20 0.584 -0.073 0.5838 -0.0729
1743782716.9430163 0 0.573 -0.031 -0.072 1 -0.29 0.418 0.418 20 0.584 -0.072 0.5838 -0.0717
% 1743782716.9430163 robobot/cmd/ti/rc 0.100 0.428 1743782716.9430163
1743782716.9430163 0 0.573 -0.031 -0.072 1 -0.30 0.428 0.428 20 0.585 -0.072 0.5848 -0.0717
% 1743782716.9430163 robobot/cmd/ti/rc 0.100 0.259 1743782716.9430163
1743782716.9430163 0 0.575 -0.031 -0.070 1 -0.30 0.259 0.259 20 0.585 -0.070 0.5848 -0.0705
1743782716.9430163 0 0.575 -0.031 -0.070 1 -0.30 0.259 0.259 20 0.585 -0.070 0.5848 -0.0705
% 1743782716.9564517 robobot/cmd/ti/rc 0.100 0.154 1743782716.9564517
1743782716.9564517 0 0.576 -0.031 -0.069 1 -0.30 0.154 0.154 20 0.586 -0.069 0.5861 -0.0694
% 1743782716.9633346 robobot/cmd/ti/alive 2025-04-04 18:05:09.620261
1743782716.979748 0 0.577 -0.031 -0.068 1 -0.30 0.154 0.154 20 0.586 -0.068 0.5861 -0.0682
% 1743782716.979748 robobot/cmd/ti/rc 0.100 0.189 1743782716.979748
1743782716.979748 0 0.577 -0.031 -0.068 1 -0.30 0.189 0.189 20 0.588 -0.068 0.5876 -0.0682
% 1743782716.983489 robobot/cmd/ti/rc 0.100 0.155 1743782716.9829264
1743782716.983489 0 0.577 -0.031 -0.067 1 -0.30 0.155 0.155 20 0.588 -0.067 0.5876 -0.0671
1743782716.9840016 0 0.578 -0.031 -0.067 1 -0.30 0.155 0.155 20 0.588 -0.067 0.5876 -0.0671
% 1743782716.9884303 robobot/cmd/ti/rc 0.100 0.265 1743782716.9874153
1743782716.9884303 0 0.579 -0.031 -0.066 1 -0.31 0.265 0.265 20 0.589 -0.066 0.5891 -0.0659
1743782717.00837 0 0.580 -0.032 -0.064 1 -0.31 0.265 0.265 20 0.589 -0.064 0.5891 -0.0636
% 1743782717.00837 robobot/cmd/ti/rc 0.100 0.158 1743782717.00837
1743782717.00837 0 0.580 -0.032 -0.064 1 -0.31 0.158 0.158 20 0.591 -0.064 0.5907 -0.0636
% 1743782717.00837 robobot/cmd/ti/rc 0.100 0.158 1743782717.00837
1743782717.00837 0 0.581 -0.032 -0.064 1 -0.31 0.158 0.158 20 0.591 -0.064 0.5907 -0.0636
1743782717.013699 0 0.581 -0.032 -0.062 1 -0.31 0.158 0.158 20 0.591 -0.062 0.5907 -0.0624
% 1743782717.0360427 robobot/cmd/ti/rc 0.100 0.339 1743782717.0360427
1743782717.0360427 0 0.582 -0.032 -0.061 1 -0.31 0.339 0.339 20 0.592 -0.061 0.5923 -0.0613
1743782717.0360427 0 0.583 -0.032 -0.060 1 -0.31 0.339 0.339 20 0.592 -0.060 0.5923 -0.0601
% 1743782717.0360427 robobot/cmd/ti/rc 0.100 0.228 1743782717.0360427
1743782717.0360427 0 0.583 -0.032 -0.060 1 -0.31 0.228 0.228 20 0.594 -0.060 0.5940 -0.0601
% 1743782717.0380573 robobot/cmd/ti/rc 0.100 0.196 1743782717.0380573
1743782717.0380573 0 0.584 -0.032 -0.060 1 -0.32 0.196 0.196 20 0.594 -0.060 0.5940 -0.0601
1743782717.0520182 0 0.585 -0.032 -0.060 1 -0.32 0.196 0.196 20 0.594 -0.060 0.5940 -0.0601
% 1743782717.0520182 robobot/cmd/ti/rc 0.100 0.309 1743782717.0520182
1743782717.0520182 0 0.586 -0.032 -0.060 1 -0.32 0.309 0.309 20 0.596 -0.060 0.5959 -0.0601
1743782717.0520182 0 0.587 -0.032 -0.059 1 -0.32 0.309 0.309 20 0.596 -0.059 0.5959 -0.0590
% 1743782717.0520182 robobot/cmd/ti/rc 0.100 0.230 1743782717.0520182
1743782717.0520182 0 0.587 -0.032 -0.059 1 -0.32 0.230 0.230 20 0.598 -0.059 0.5979 -0.0590
% 1743782717.0641825 robobot/cmd/ti/rc 0.100 0.199 1743782717.0641825
1743782717.0641825 0 0.588 -0.032 -0.059 1 -0.32 0.199 0.199 20 0.598 -0.059 0.5979 -0.0590
1743782717.0940473 0 0.589 -0.032 -0.059 1 -0.32 0.199 0.199 20 0.598 -0.059 0.5979 -0.0590
% 1743782717.0940473 robobot/cmd/ti/rc 0.100 0.231 1743782717.0940473
1743782717.0940473 0 0.590 -0.032 -0.057 1 -0.32 0.231 0.231 20 0.600 -0.057 0.5999 -0.0567
1743782717.0940473 0 0.591 -0.032 -0.054 1 -0.32 0.231 0.231 20 0.600 -0.054 0.5999 -0.0544
% 1743782717.096063 robobot/cmd/ti/rc 0.100 0.170 1743782717.096063
1743782717.096063 0 0.591 -0.032 -0.054 1 -0.32 0.170 0.170 20 0.602 -0.054 0.6017 -0.0544
% 1743782717.0987096 robobot/cmd/ti/rc 0.100 0.201 1743782717.0987096
1743782717.0987096 0 0.592 -0.032 -0.051 1 -0.32 0.201 0.201 20 0.602 -0.051 0.6017 -0.0509
1743782717.1146612 0 0.592 -0.032 -0.050 1 -0.32 0.201 0.201 20 0.602 -0.050 0.6017 -0.0497
% 1743782717.1146612 robobot/cmd/ti/rc 0.100 0.171 1743782717.1146612
1743782717.1146612 0 0.593 -0.032 -0.050 1 -0.32 0.171 0.171 20 0.603 -0.050 0.6033 -0.0497
% 1743782717.1146612 robobot/cmd/ti/rc 0.100 0.030 1743782717.1146612
1743782717.1146612 0 0.594 -0.032 -0.049 1 -0.32 0.030 0.030 20 0.603 -0.049 0.6033 -0.0486
1743782717.1146612 0 0.594 -0.032 -0.049 1 -0.32 0.030 0.030 20 0.603 -0.049 0.6033 -0.0486
% 1743782717.1146612 robobot/cmd/ti/rc 0.100 0.201 1743782717.1146612
1743782717.1146612 0 0.595 -0.032 -0.047 1 -0.32 0.201 0.201 20 0.605 -0.047 0.6053 -0.0474
1743782717.146407 0 0.596 -0.032 -0.044 1 -0.32 0.201 0.201 20 0.605 -0.044 0.6053 -0.0439
% 1743782717.146407 robobot/cmd/ti/rc 0.100 0.171 1743782717.146407
1743782717.146407 0 0.596 -0.032 -0.044 1 -0.32 0.171 0.171 20 0.607 -0.044 0.6072 -0.0439
% 1743782717.146407 robobot/cmd/ti/rc 0.100 0.032 1743782717.146407
1743782717.146407 0 0.597 -0.032 -0.039 1 -0.32 0.032 0.032 20 0.607 -0.039 0.6072 -0.0393
1743782717.146407 0 0.597 -0.032 -0.038 1 -0.32 0.032 0.032 20 0.607 -0.038 0.6072 -0.0382
% 1743782717.146407 robobot/cmd/ti/rc 0.100 0.170 1743782717.146407
1743782717.146407 0 0.597 -0.033 -0.036 1 -0.32 0.170 0.170 20 0.609 -0.036 0.6085 -0.0359
1743782717.1782823 0 0.599 -0.033 -0.035 1 -0.32 0.170 0.170 20 0.609 -0.035 0.6085 -0.0347
% 1743782717.1782823 robobot/cmd/ti/rc 0.100 0.032 1743782717.1782823
1743782717.1782823 0 0.599 -0.033 -0.035 1 -0.31 0.032 0.032 20 0.610 -0.035 0.6100 -0.0347
% 1743782717.1782823 robobot/cmd/ti/rc 0.100 0.169 1743782717.1782823
1743782717.1782823 0 0.600 -0.033 -0.030 1 -0.31 0.169 0.169 20 0.610 -0.030 0.6100 -0.0301
1743782717.1782823 0 0.600 -0.033 -0.029 1 -0.31 0.169 0.169 20 0.610 -0.029 0.6100 -0.0289
% 1743782717.1943989 robobot/cmd/ti/rc 0.100 0.032 1743782717.1943989
1743782717.1943989 0 0.601 -0.033 -0.028 1 -0.31 0.032 0.032 20 0.612 -0.028 0.6117 -0.0278
1743782717.1943989 0 0.601 -0.033 -0.025 1 -0.31 0.032 0.032 20 0.612 -0.025 0.6117 -0.0254
% 1743782717.1943989 robobot/cmd/ti/rc 0.100 0.032 1743782717.1943989
1743782717.1943989 0 0.601 -0.033 -0.025 1 -0.31 0.032 0.032 20 0.613 -0.025 0.6130 -0.0254
% 1743782717.1943989 robobot/cmd/ti/rc 0.100 0.032 1743782717.1943989
1743782717.1943989 0 0.602 -0.033 -0.021 1 -0.30 0.032 0.032 20 0.613 -0.021 0.6130 -0.0208
1743782717.1943989 0 0.602 -0.033 -0.018 1 -0.30 0.032 0.032 20 0.613 -0.018 0.6130 -0.0185
% 1743782717.2344673 robobot/cmd/ti/rc 0.100 0.165 1743782717.2344673
1743782717.2344673 0 0.603 -0.033 -0.016 1 -0.30 0.165 0.165 20 0.614 -0.016 0.6143 -0.0162
1743782717.236484 0 0.604 -0.033 -0.013 1 -0.30 0.165 0.165 20 0.614 -0.013 0.6143 -0.0127
% 1743782717.236484 robobot/cmd/ti/rc 0.100 -0.002 1743782717.236484
1743782717.236484 0 0.604 -0.033 -0.013 1 -0.30 -0.002 -0.002 20 0.616 -0.013 0.6155 -0.0127
% 1743782717.2385044 robobot/cmd/ti/rc 0.100 0.130 1743782717.2385044
1743782717.2385044 0 0.605 -0.033 -0.013 1 -0.30 0.130 0.130 20 0.616 -0.013 0.6155 -0.0127
1743782717.2385044 0 0.605 -0.033 -0.012 1 -0.30 0.130 0.130 20 0.616 -0.012 0.6155 -0.0116
% 1743782717.2664135 robobot/cmd/ti/rc 0.100 0.031 1743782717.2664135
1743782717.2664135 0 0.606 -0.033 -0.012 1 -0.29 0.031 0.031 20 0.617 -0.012 0.6167 -0.0116
1743782717.2664135 0 0.607 -0.033 -0.012 1 -0.29 0.031 0.031 20 0.617 -0.012 0.6167 -0.0116
% 1743782717.2664135 robobot/cmd/ti/rc 0.100 0.030 1743782717.2664135
1743782717.2664135 0 0.607 -0.033 -0.012 1 -0.29 0.030 0.030 20 0.618 -0.012 0.6183 -0.0116
% 1743782717.2699914 robobot/cmd/ti/rc 0.100 -0.006 1743782717.2699914
1743782717.2699914 0 0.608 -0.033 -0.012 1 -0.28 -0.006 -0.006 20 0.618 -0.012 0.6183 -0.0116
1743782717.2699914 0 0.608 -0.033 -0.010 1 -0.28 -0.006 -0.006 20 0.618 -0.010 0.6183 -0.0104
% 1743782717.2888095 robobot/cmd/ti/rc 0.0 0.0
1743782717.2973258 0 0.609 -0.033 -0.010 1 -0.28 -0.006 -0.006 20 0.620 -0.010 0.6199 -0.0104
1743782717.2973258 0 0.609 -0.033 -0.008 1 -0.28 -0.006 -0.006 20 0.620 -0.008 0.6199 -0.0081
1743782717.2973258 0 0.609 -0.033 -0.008 1 -0.28 -0.006 -0.006 20 0.621 -0.008 0.6214 -0.0081
1743782717.2995386 0 0.610 -0.033 -0.006 1 -0.28 -0.006 -0.006 20 0.621 -0.006 0.6214 -0.0058
1743782717.2995386 0 0.611 -0.033 -0.005 1 -0.28 -0.006 -0.006 20 0.621 -0.005 0.6214 -0.0046
1743782717.3277435 0 0.611 -0.033 -0.005 1 -0.28 -0.006 -0.006 20 0.623 -0.005 0.6226 -0.0046
1743782717.3277435 0 0.612 -0.033 -0.002 1 -0.28 -0.006 -0.006 20 0.623 -0.002 0.6226 -0.0023
1743782717.3297653 0 0.612 -0.033 -0.002 1 -0.28 -0.006 -0.006 20 0.624 -0.002 0.6240 -0.0023
1743782717.3297653 0 0.613 -0.033 -0.001 1 -0.28 -0.006 -0.006 20 0.624 -0.001 0.6240 -0.0012
1743782717.3297653 0 0.613 -0.033 -0.001 1 -0.28 -0.006 -0.006 20 0.624 -0.001 0.6240 -0.0012
1743782717.3526855 0 0.614 -0.033 0.000 1 -0.28 -0.006 -0.006 20 0.625 0.000 0.6255 0.0000
1743782717.365446 0 0.614 -0.033 0.000 1 -0.28 -0.006 -0.006 20 0.625 0.000 0.6255 0.0000
1743782717.3662329 0 0.614 -0.033 0.000 1 -0.28 -0.006 -0.006 20 0.627 0.000 0.6267 0.0000
1743782717.3662329 0 0.614 -0.033 -0.001 1 -0.28 -0.006 -0.006 20 0.627 -0.001 0.6267 -0.0012
1743782717.3695412 0 0.615 -0.033 -0.001 1 -0.28 -0.006 -0.006 20 0.627 -0.001 0.6267 -0.0012
1743782717.3700578 0 0.615 -0.033 0.001 1 -0.28 -0.006 -0.006 20 0.627 0.001 0.6273 0.0012
1743782717.3891056 0 0.615 -0.033 0.004 1 -0.28 -0.006 -0.006 20 0.627 0.004 0.6273 0.0035
1743782717.3891056 0 0.615 -0.033 0.004 1 -0.28 -0.006 -0.006 20 0.628 0.004 0.6280 0.0035
1743782717.3891056 0 0.616 -0.033 0.005 1 -0.28 -0.006 -0.006 20 0.628 0.005 0.6280 0.0046
1743782717.3891056 0 0.616 -0.033 0.006 1 -0.28 -0.006 -0.006 20 0.628 0.006 0.6280 0.0058
1743782717.4003325 0 0.616 -0.033 0.007 1 -0.28 -0.006 -0.006 20 0.629 0.007 0.6288 0.0069
1743782717.4223092 0 0.616 -0.033 0.007 1 -0.28 -0.006 -0.006 20 0.629 0.007 0.6288 0.0069
1743782717.4223092 0 0.616 -0.033 0.007 1 -0.28 -0.006 -0.006 20 0.629 0.007 0.6294 0.0069
1743782717.4223092 0 0.616 -0.033 0.008 1 -0.28 -0.006 -0.006 20 0.629 0.008 0.6294 0.0081
1743782717.4223092 0 0.616 -0.033 0.008 1 -0.28 -0.006 -0.006 20 0.629 0.008 0.6294 0.0081
1743782717.4276307 0 0.616 -0.033 0.008 1 -0.28 -0.006 -0.006 20 0.630 0.008 0.6298 0.0081
1743782717.4457102 0 0.616 -0.033 0.007 1 -0.28 -0.006 -0.006 20 0.630 0.007 0.6298 0.0069
1743782717.4457102 0 0.616 -0.033 0.007 1 -0.28 -0.006 -0.006 20 0.630 0.007 0.6300 0.0069
1743782717.4457102 0 0.616 -0.033 0.007 1 -0.28 -0.006 -0.006 20 0.630 0.007 0.6300 0.0069
1743782717.4457102 0 0.616 -0.033 0.007 1 -0.28 -0.006 -0.006 20 0.630 0.007 0.6300 0.0069
% 1743782717.4682992 robobot/cmd/ti/alive 2025-04-04 18:05:09.620261
1743782717.4694643 0 0.616 -0.033 0.007 1 -0.28 -0.006 -0.006 20 0.630 0.007 0.6301 0.0069
1743782717.4694643 0 0.616 -0.033 0.007 1 -0.28 -0.006 -0.006 20 0.630 0.007 0.6301 0.0069
1743782717.4694643 0 0.616 -0.033 0.007 1 -0.28 -0.006 -0.006 20 0.630 0.007 0.6302 0.0069
1743782717.4694643 0 0.616 -0.033 0.007 1 -0.28 -0.006 -0.006 20 0.630 0.007 0.6302 0.0069
1743782717.4694643 0 0.616 -0.033 0.007 1 -0.28 -0.006 -0.006 20 0.630 0.007 0.6302 0.0069
1743782717.5060797 0 0.616 -0.033 0.007 1 -0.28 -0.006 -0.006 20 0.630 0.007 0.6303 0.0069
1743782717.5060797 0 0.616 -0.033 0.007 1 -0.28 -0.006 -0.006 20 0.630 0.007 0.6303 0.0069
1743782717.5060797 0 0.616 -0.033 0.007 1 -0.28 -0.006 -0.006 20 0.630 0.007 0.6304 0.0069
1743782717.516157 0 0.616 -0.033 0.007 1 -0.28 -0.006 -0.006 20 0.630 0.007 0.6304 0.0069
1743782717.516157 0 0.616 -0.033 0.007 1 -0.28 -0.006 -0.006 20 0.630 0.007 0.6304 0.0069
1743782717.5381393 0 0.616 -0.033 0.007 1 -0.28 -0.006 -0.006 20 0.631 0.007 0.6305 0.0069
1743782717.5381393 0 0.616 -0.033 0.007 1 -0.28 -0.006 -0.006 20 0.631 0.007 0.6305 0.0069
1743782717.5404592 0 0.616 -0.033 0.007 1 -0.28 -0.006 -0.006 20 0.631 0.007 0.6306 0.0069
1743782717.541669 0 0.616 -0.033 0.007 1 -0.28 -0.006 -0.006 20 0.631 0.007 0.6306 0.0069
1743782717.541669 0 0.616 -0.033 0.007 1 -0.28 -0.006 -0.006 20 0.631 0.007 0.6306 0.0069
1743782717.5698004 0 0.616 -0.033 0.007 1 -0.28 -0.006 -0.006 20 0.631 0.007 0.6307 0.0069
1743782717.5698004 0 0.616 -0.033 0.008 1 -0.28 -0.006 -0.006 20 0.631 0.008 0.6307 0.0081
1743782717.5718243 0 0.616 -0.033 0.008 1 -0.28 -0.006 -0.006 20 0.631 0.008 0.6307 0.0081
1743782717.5718243 0 0.616 -0.033 0.008 1 -0.28 -0.006 -0.006 20 0.631 0.008 0.6307 0.0081
1743782717.575837 0 0.616 -0.033 0.008 1 -0.28 -0.006 -0.006 20 0.631 0.008 0.6307 0.0081
1743782717.6014366 0 0.616 -0.033 0.008 1 -0.28 -0.006 -0.006 20 0.631 0.008 0.6308 0.0081
1743782717.6014366 0 0.616 -0.033 0.008 1 -0.28 -0.006 -0.006 20 0.631 0.008 0.6308 0.0081
1743782717.6014366 0 0.616 -0.033 0.008 1 -0.28 -0.006 -0.006 20 0.631 0.008 0.6308 0.0081
1743782717.6014366 0 0.616 -0.033 0.008 1 -0.28 -0.006 -0.006 20 0.631 0.008 0.6308 0.0081
1743782717.6037786 0 0.616 -0.033 0.008 1 -0.28 -0.006 -0.006 20 0.631 0.008 0.6308 0.0081
1743782717.6284678 0 0.616 -0.033 0.008 1 -0.28 -0.006 -0.006 20 0.631 0.008 0.6309 0.0081
1743782717.6284678 0 0.616 -0.033 0.007 1 -0.28 -0.006 -0.006 20 0.631 0.007 0.6309 0.0069
1743782717.6284678 0 0.616 -0.033 0.007 1 -0.28 -0.006 -0.006 20 0.631 0.007 0.6309 0.0069
1743782717.6284678 0 0.616 -0.033 0.007 1 -0.28 -0.006 -0.006 20 0.631 0.007 0.6309 0.0069
1743782717.637696 0 0.616 -0.033 0.007 1 -0.28 -0.006 -0.006 20 0.631 0.007 0.6309 0.0069
1743782717.6586971 0 0.616 -0.033 0.007 1 -0.28 -0.006 -0.006 20 0.631 0.007 0.6309 0.0069
1743782717.6599946 0 0.616 -0.033 0.007 1 -0.28 -0.006 -0.006 20 0.631 0.007 0.6309 0.0069
1743782717.6599946 0 0.616 -0.033 0.007 1 -0.28 -0.006 -0.006 20 0.631 0.007 0.6309 0.0069
1743782717.6599946 0 0.616 -0.033 0.007 1 -0.28 -0.006 -0.006 20 0.631 0.007 0.6309 0.0069
1743782717.6625957 0 0.616 -0.033 0.007 1 -0.28 -0.006 -0.006 20 0.631 0.007 0.6309 0.0069
1743782717.684374 0 0.616 -0.033 0.007 1 -0.28 -0.006 -0.006 20 0.631 0.007 0.6309 0.0069
1743782717.684374 0 0.616 -0.033 0.007 1 -0.28 -0.006 -0.006 20 0.631 0.007 0.6309 0.0069
1743782717.684374 0 0.616 -0.033 0.007 1 -0.28 -0.006 -0.006 20 0.631 0.007 0.6309 0.0069
1743782717.684374 0 0.616 -0.033 0.007 1 -0.28 -0.006 -0.006 20 0.631 0.007 0.6309 0.0069
1743782717.6917396 0 0.616 -0.033 0.008 1 -0.28 -0.006 -0.006 20 0.631 0.008 0.6309 0.0081
1743782717.7165189 0 0.616 -0.033 0.008 1 -0.28 -0.006 -0.006 20 0.631 0.008 0.6309 0.0081
1743782717.7165189 0 0.616 -0.033 0.008 1 -0.28 -0.006 -0.006 20 0.631 0.008 0.6309 0.0081
1743782717.7165189 0 0.616 -0.033 0.008 1 -0.28 -0.006 -0.006 20 0.631 0.008 0.6309 0.0081
1743782717.7205536 0 0.616 -0.033 0.008 1 -0.28 -0.006 -0.006 20 0.631 0.008 0.6309 0.0081
1743782717.7205536 0 0.616 -0.033 0.008 1 -0.28 -0.006 -0.006 20 0.631 0.008 0.6309 0.0081
1743782717.7417884 0 0.616 -0.033 0.008 1 -0.28 -0.006 -0.006 20 0.631 0.008 0.6309 0.0081
1743782717.7417884 0 0.616 -0.033 0.008 1 -0.28 -0.006 -0.006 20 0.631 0.008 0.6309 0.0081
1743782717.7417884 0 0.616 -0.033 0.008 1 -0.28 -0.006 -0.006 20 0.631 0.008 0.6309 0.0081
1743782717.750651 0 0.616 -0.033 0.008 1 -0.28 -0.006 -0.006 20 0.631 0.008 0.6309 0.0081
1743782717.750651 0 0.616 -0.033 0.008 1 -0.28 -0.006 -0.006 20 0.631 0.008 0.6309 0.0081
1743782717.770699 0 0.616 -0.033 0.008 1 -0.28 -0.006 -0.006 20 0.631 0.008 0.6309 0.0081
1743782717.770699 0 0.616 -0.033 0.008 1 -0.28 -0.006 -0.006 20 0.631 0.008 0.6309 0.0081
1743782717.770699 0 0.616 -0.033 0.008 1 -0.28 -0.006 -0.006 20 0.631 0.008 0.6309 0.0081
1743782717.7794611 0 0.616 -0.033 0.008 1 -0.28 -0.006 -0.006 20 0.631 0.008 0.6309 0.0081
1743782717.7794611 0 0.616 -0.033 0.008 1 -0.28 -0.006 -0.006 20 0.631 0.008 0.6309 0.0081
1743782717.7996979 0 0.616 -0.033 0.008 1 -0.28 -0.006 -0.006 20 0.631 0.008 0.6309 0.0081
1743782717.7996979 0 0.616 -0.033 0.008 1 -0.28 -0.006 -0.006 20 0.631 0.008 0.6309 0.0081
1743782717.7996979 0 0.616 -0.033 0.008 1 -0.28 -0.006 -0.006 20 0.631 0.008 0.6309 0.0081
1743782717.8113482 0 0.616 -0.033 0.008 1 -0.28 -0.006 -0.006 20 0.631 0.008 0.6309 0.0081
1743782717.8113482 0 0.616 -0.033 0.008 1 -0.28 -0.006 -0.006 20 0.631 0.008 0.6309 0.0081
1743782717.838588 0 0.616 -0.033 0.008 1 -0.28 -0.006 -0.006 20 0.631 0.008 0.6309 0.0081
1743782717.8391478 0 0.616 -0.033 0.007 1 -0.28 -0.006 -0.006 20 0.631 0.007 0.6309 0.0069
1743782717.8391478 0 0.616 -0.033 0.007 1 -0.28 -0.006 -0.006 20 0.631 0.007 0.6309 0.0069
1743782717.842096 0 0.616 -0.033 0.007 1 -0.28 -0.006 -0.006 20 0.631 0.007 0.6309 0.0069
1743782717.842096 0 0.616 -0.033 0.007 1 -0.28 -0.006 -0.006 20 0.631 0.007 0.6309 0.0069
1743782717.8657475 0 0.616 -0.033 0.007 1 -0.28 -0.006 -0.006 20 0.631 0.007 0.6309 0.0069
1743782717.8657475 0 0.616 -0.033 0.007 1 -0.28 -0.006 -0.006 20 0.631 0.007 0.6309 0.0069
1743782717.8657475 0 0.616 -0.033 0.007 1 -0.28 -0.006 -0.006 20 0.631 0.007 0.6309 0.0069
1743782717.8657475 0 0.616 -0.033 0.007 1 -0.28 -0.006 -0.006 20 0.631 0.007 0.6309 0.0069
1743782717.8740199 0 0.616 -0.033 0.007 1 -0.28 -0.006 -0.006 20 0.631 0.007 0.6309 0.0069
1743782717.8980472 0 0.616 -0.033 0.007 1 -0.28 -0.006 -0.006 20 0.631 0.007 0.6309 0.0069
1743782717.8980472 0 0.616 -0.033 0.007 1 -0.28 -0.006 -0.006 20 0.631 0.007 0.6309 0.0069
1743782717.8980472 0 0.616 -0.033 0.007 1 -0.28 -0.006 -0.006 20 0.631 0.007 0.6309 0.0069
1743782717.8980472 0 0.616 -0.033 0.007 1 -0.28 -0.006 -0.006 20 0.631 0.007 0.6309 0.0069
1743782717.8980472 0 0.616 -0.033 0.007 1 -0.28 -0.006 -0.006 20 0.631 0.007 0.6309 0.0069
1743782717.922169 0 0.616 -0.033 0.007 1 -0.28 -0.006 -0.006 20 0.631 0.007 0.6308 0.0069
1743782717.922169 0 0.616 -0.033 0.007 1 -0.28 -0.006 -0.006 20 0.631 0.007 0.6308 0.0069
1743782717.922169 0 0.616 -0.033 0.007 1 -0.28 -0.006 -0.006 20 0.631 0.007 0.6308 0.0069
1743782717.922169 0 0.616 -0.033 0.007 1 -0.28 -0.006 -0.006 20 0.631 0.007 0.6308 0.0069
1743782717.9293263 0 0.616 -0.033 0.007 1 -0.28 -0.006 -0.006 20 0.631 0.007 0.6308 0.0069
1743782717.9450636 0 0.616 -0.033 0.007 1 -0.28 -0.006 -0.006 20 0.631 0.007 0.6308 0.0069
1743782717.9450636 0 0.616 -0.033 0.007 1 -0.28 -0.006 -0.006 20 0.631 0.007 0.6308 0.0069
1743782717.9450636 0 0.616 -0.033 0.007 1 -0.28 -0.006 -0.006 20 0.631 0.007 0.6308 0.0069
1743782717.9604475 0 0.616 -0.033 0.007 1 -0.28 -0.006 -0.006 20 0.631 0.007 0.6308 0.0069
1743782717.9604475 0 0.616 -0.033 0.007 1 -0.28 -0.006 -0.006 20 0.631 0.007 0.6308 0.0069
% 1743782717.9722745 robobot/cmd/ti/alive 2025-04-04 18:05:09.620261
1743782717.9847732 0 0.616 -0.033 0.007 1 -0.28 -0.006 -0.006 20 0.631 0.007 0.6308 0.0069
1743782717.9847732 0 0.616 -0.033 0.007 1 -0.28 -0.006 -0.006 20 0.631 0.007 0.6308 0.0069
1743782717.9847732 0 0.616 -0.033 0.007 1 -0.28 -0.006 -0.006 20 0.631 0.007 0.6308 0.0069
1743782717.9847732 0 0.616 -0.033 0.007 1 -0.28 -0.006 -0.006 20 0.631 0.007 0.6308 0.0069
1743782717.9913044 0 0.616 -0.033 0.007 1 -0.28 -0.006 -0.006 20 0.631 0.007 0.6308 0.0069
1743782718.0185363 0 0.616 -0.033 0.007 1 -0.28 -0.006 -0.006 20 0.631 0.007 0.6308 0.0069
1743782718.0185363 0 0.616 -0.033 0.007 1 -0.28 -0.006 -0.006 20 0.631 0.007 0.6308 0.0069
1743782718.0185363 0 0.616 -0.033 0.007 1 -0.28 -0.006 -0.006 20 0.631 0.007 0.6308 0.0069
1743782718.0241692 0 0.616 -0.033 0.007 1 -0.28 -0.006 -0.006 20 0.631 0.007 0.6308 0.0069
1743782718.0241692 0 0.616 -0.033 0.007 1 -0.28 -0.006 -0.006 20 0.631 0.007 0.6308 0.0069
1743782718.044378 0 0.616 -0.033 0.007 1 -0.28 -0.006 -0.006 20 0.631 0.007 0.6308 0.0069
1743782718.0463953 0 0.616 -0.033 0.007 1 -0.28 -0.006 -0.006 20 0.631 0.007 0.6308 0.0069
1743782718.0463953 0 0.616 -0.033 0.007 1 -0.28 -0.006 -0.006 20 0.631 0.007 0.6308 0.0069
1743782718.0463953 0 0.616 -0.033 0.007 1 -0.28 -0.006 -0.006 20 0.631 0.007 0.6308 0.0069
1743782718.05044 0 0.616 -0.033 0.007 1 -0.28 -0.006 -0.006 20 0.631 0.007 0.6308 0.0069
1743782718.0735064 0 0.616 -0.033 0.007 1 -0.28 -0.006 -0.006 20 0.631 0.007 0.6308 0.0069
1743782718.0735064 0 0.616 -0.033 0.007 1 -0.28 -0.006 -0.006 20 0.631 0.007 0.6308 0.0069
1743782718.0735064 0 0.616 -0.033 0.007 1 -0.28 -0.006 -0.006 20 0.631 0.007 0.6307 0.0069
1743782718.080032 0 0.616 -0.033 0.007 1 -0.28 -0.006 -0.006 20 0.631 0.007 0.6307 0.0069
1743782718.080032 0 0.616 -0.033 0.007 1 -0.28 -0.006 -0.006 20 0.631 0.007 0.6307 0.0069
1743782718.1051102 0 0.616 -0.033 0.007 1 -0.28 -0.006 -0.006 20 0.631 0.007 0.6307 0.0069
1743782718.1051102 0 0.616 -0.033 0.007 1 -0.28 -0.006 -0.006 20 0.631 0.007 0.6307 0.0069
1743782718.1051102 0 0.616 -0.033 0.007 1 -0.28 -0.006 -0.006 20 0.631 0.007 0.6307 0.0069
1743782718.1091447 0 0.616 -0.033 0.007 1 -0.28 -0.006 -0.006 20 0.631 0.007 0.6307 0.0069
1743782718.1091447 0 0.616 -0.033 0.007 1 -0.28 -0.006 -0.006 20 0.631 0.007 0.6307 0.0069
1743782718.1348095 0 0.616 -0.033 0.007 1 -0.28 -0.006 -0.006 20 0.631 0.007 0.6307 0.0069
1743782718.1348095 0 0.616 -0.033 0.007 1 -0.28 -0.006 -0.006 20 0.631 0.007 0.6307 0.0069
1743782718.1348095 0 0.616 -0.033 0.007 1 -0.28 -0.006 -0.006 20 0.631 0.007 0.6307 0.0069
1743782718.1348095 0 0.616 -0.033 0.007 1 -0.28 -0.006 -0.006 20 0.631 0.007 0.6307 0.0069
1743782718.1348095 0 0.616 -0.033 0.007 1 -0.28 -0.006 -0.006 20 0.631 0.007 0.6307 0.0069
1743782718.1667786 0 0.616 -0.033 0.007 1 -0.28 -0.006 -0.006 20 0.631 0.007 0.6307 0.0069
1743782718.1667786 0 0.616 -0.033 0.007 1 -0.28 -0.006 -0.006 20 0.631 0.007 0.6307 0.0069
1743782718.1667786 0 0.616 -0.033 0.007 1 -0.28 -0.006 -0.006 20 0.631 0.007 0.6307 0.0069
1743782718.1689155 0 0.616 -0.033 0.007 1 -0.28 -0.006 -0.006 20 0.631 0.007 0.6307 0.0069
1743782718.1709433 0 0.616 -0.033 0.007 1 -0.28 -0.006 -0.006 20 0.631 0.007 0.6307 0.0069
1743782718.1924646 0 0.616 -0.033 0.007 1 -0.28 -0.006 -0.006 20 0.631 0.007 0.6307 0.0069
1743782718.1924646 0 0.616 -0.033 0.007 1 -0.28 -0.006 -0.006 20 0.631 0.007 0.6307 0.0069
1743782718.1924646 0 0.616 -0.033 0.007 1 -0.28 -0.006 -0.006 20 0.631 0.007 0.6307 0.0069
1743782718.1924646 0 0.616 -0.033 0.007 1 -0.28 -0.006 -0.006 20 0.631 0.007 0.6307 0.0069
1743782718.1924646 0 0.616 -0.033 0.007 1 -0.28 -0.006 -0.006 20 0.631 0.007 0.6307 0.0069
1743782718.2250416 0 0.616 -0.033 0.007 1 -0.28 -0.006 -0.006 20 0.631 0.007 0.6307 0.0069
1743782718.2250416 0 0.616 -0.033 0.007 1 -0.28 -0.006 -0.006 20 0.631 0.007 0.6307 0.0069
1743782718.2250416 0 0.616 -0.033 0.007 1 -0.28 -0.006 -0.006 20 0.631 0.007 0.6307 0.0069
1743782718.2250416 0 0.616 -0.033 0.007 1 -0.28 -0.006 -0.006 20 0.631 0.007 0.6307 0.0069
1743782718.2250416 0 0.616 -0.033 0.007 1 -0.28 -0.006 -0.006 20 0.631 0.007 0.6307 0.0069
1743782718.2545633 0 0.616 -0.033 0.007 1 -0.28 -0.006 -0.006 20 0.631 0.007 0.6307 0.0069
1743782718.2545633 0 0.616 -0.033 0.007 1 -0.28 -0.006 -0.006 20 0.631 0.007 0.6307 0.0069
1743782718.2545633 0 0.616 -0.033 0.007 1 -0.28 -0.006 -0.006 20 0.631 0.007 0.6307 0.0069
1743782718.2565725 0 0.616 -0.033 0.007 1 -0.28 -0.006 -0.006 20 0.631 0.007 0.6307 0.0069
1743782718.2565725 0 0.616 -0.033 0.007 1 -0.28 -0.006 -0.006 20 0.631 0.007 0.6307 0.0069
1743782718.2854173 0 0.616 -0.033 0.007 1 -0.28 -0.006 -0.006 20 0.631 0.007 0.6307 0.0069
1743782718.2854173 0 0.616 -0.033 0.007 1 -0.28 -0.006 -0.006 20 0.631 0.007 0.6307 0.0069
1743782718.2854173 0 0.616 -0.033 0.007 1 -0.28 -0.006 -0.006 20 0.631 0.007 0.6307 0.0069
1743782718.2884185 0 0.616 -0.033 0.007 1 -0.28 -0.006 -0.006 20 0.631 0.007 0.6307 0.0069
1743782718.2884185 0 0.616 -0.033 0.007 1 -0.28 -0.006 -0.006 20 0.631 0.007 0.6307 0.0069
1743782718.316251 0 0.616 -0.033 0.007 1 -0.28 -0.006 -0.006 20 0.631 0.007 0.6307 0.0069
1743782718.316251 0 0.616 -0.033 0.007 1 -0.28 -0.006 -0.006 20 0.631 0.007 0.6307 0.0069
1743782718.316251 0 0.616 -0.033 0.007 1 -0.28 -0.006 -0.006 20 0.631 0.007 0.6307 0.0069
1743782718.319705 0 0.616 -0.033 0.007 1 -0.28 -0.006 -0.006 20 0.631 0.007 0.6307 0.0069
1743782718.319705 0 0.616 -0.033 0.007 1 -0.28 -0.006 -0.006 20 0.631 0.007 0.6307 0.0069
1743782718.3448763 0 0.616 -0.033 0.007 1 -0.28 -0.006 -0.006 20 0.631 0.007 0.6308 0.0069
1743782718.3448763 0 0.616 -0.033 0.007 1 -0.28 -0.006 -0.006 20 0.631 0.007 0.6308 0.0069
1743782718.3448763 0 0.616 -0.033 0.007 1 -0.28 -0.006 -0.006 20 0.631 0.007 0.6308 0.0069
1743782718.3448763 0 0.616 -0.033 0.007 1 -0.28 -0.006 -0.006 20 0.631 0.007 0.6308 0.0069
1743782718.3448763 0 0.616 -0.033 0.007 1 -0.28 -0.006 -0.006 20 0.631 0.007 0.6308 0.0069
1743782718.3764958 0 0.616 -0.033 0.007 1 -0.28 -0.006 -0.006 20 0.631 0.007 0.6308 0.0069
1743782718.3764958 0 0.616 -0.033 0.007 1 -0.28 -0.006 -0.006 20 0.631 0.007 0.6308 0.0069
1743782718.3764958 0 0.616 -0.033 0.007 1 -0.28 -0.006 -0.006 20 0.631 0.007 0.6308 0.0069
1743782718.3764958 0 0.616 -0.033 0.007 1 -0.28 -0.006 -0.006 20 0.631 0.007 0.6308 0.0069
1743782718.3764958 0 0.616 -0.033 0.007 1 -0.28 -0.006 -0.006 20 0.631 0.007 0.6308 0.0069
1743782718.3935914 0 0.616 -0.033 0.007 1 -0.28 -0.006 -0.006 20 0.631 0.007 0.6308 0.0069
1743782718.3935914 0 0.616 -0.033 0.007 1 -0.28 -0.006 -0.006 20 0.631 0.007 0.6308 0.0069
1743782718.3935914 0 0.616 -0.033 0.007 1 -0.28 -0.006 -0.006 20 0.631 0.007 0.6308 0.0069
1743782718.4084756 0 0.616 -0.033 0.007 1 -0.28 -0.006 -0.006 20 0.631 0.007 0.6308 0.0069
1743782718.4084756 0 0.616 -0.033 0.007 1 -0.28 -0.006 -0.006 20 0.631 0.007 0.6308 0.0069
1743782718.426968 0 0.616 -0.033 0.007 1 -0.28 -0.006 -0.006 20 0.631 0.007 0.6308 0.0069
1743782718.426968 0 0.616 -0.033 0.007 1 -0.28 -0.006 -0.006 20 0.631 0.007 0.6308 0.0069
1743782718.426968 0 0.616 -0.033 0.007 1 -0.28 -0.006 -0.006 20 0.631 0.007 0.6308 0.0069
1743782718.426968 0 0.616 -0.033 0.007 1 -0.28 -0.006 -0.006 20 0.631 0.007 0.6308 0.0069
1743782718.426968 0 0.616 -0.033 0.007 1 -0.28 -0.006 -0.006 20 0.631 0.007 0.6308 0.0069
% 1743782718.4559903 robobot/cmd/ti/rc 0.350 -4.000 1743782718.4559903
1743782718.4559903 0 0.616 -0.033 0.007 1 0.02 -10.466 -4.000 20 0.631 0.007 0.6308 0.0069
1743782718.4559903 0 0.616 -0.033 0.007 1 0.02 -10.466 -4.000 20 0.631 0.007 0.6308 0.0069
% 1743782718.4559903 robobot/cmd/ti/rc 0.350 -0.057 1743782718.4559903
1743782718.4559903 0 0.616 -0.033 0.007 1 0.02 -0.057 -0.057 20 0.631 0.007 0.6308 0.0069
% 1743782718.4724216 robobot/cmd/ti/rc 0.350 0.074 1743782718.471727
1743782718.4724216 0 0.616 -0.033 0.007 1 0.02 0.074 0.074 20 0.631 0.007 0.6308 0.0069
1743782718.4724216 0 0.616 -0.033 0.007 1 0.02 0.074 0.074 20 0.631 0.007 0.6308 0.0069
% 1743782718.4772453 robobot/cmd/ti/alive 2025-04-04 18:05:09.620261
% 1743782718.494314 robobot/cmd/ti/rc 0.350 0.009 1743782718.494314
1743782718.494314 0 0.616 -0.033 0.007 1 0.02 0.009 0.009 20 0.631 0.007 0.6308 0.0069
1743782718.49499 0 0.616 -0.033 0.007 1 0.02 0.009 0.009 20 0.631 0.007 0.6308 0.0069
% 1743782718.49499 robobot/cmd/ti/rc 0.350 0.009 1743782718.49499
1743782718.49499 0 0.616 -0.033 0.007 1 0.02 0.009 0.009 20 0.631 0.007 0.6308 0.0069
% 1743782718.5000873 robobot/cmd/ti/rc 0.350 0.009 1743782718.4995377
1743782718.5000873 0 0.616 -0.033 0.007 1 0.02 0.009 0.009 20 0.631 0.007 0.6308 0.0069
1743782718.5000873 0 0.617 -0.033 0.006 1 0.02 0.009 0.009 20 0.631 0.006 0.6308 0.0058
% 1743782718.5237782 robobot/cmd/ti/rc 0.350 0.009 1743782718.5237782
1743782718.5237782 0 0.618 -0.033 0.006 1 0.02 0.009 0.009 20 0.631 0.006 0.6308 0.0058
1743782718.5237782 0 0.621 -0.033 0.006 1 0.02 0.009 0.009 20 0.631 0.006 0.6308 0.0058
% 1743782718.5237782 robobot/cmd/ti/rc 0.350 0.009 1743782718.5237782
1743782718.5237782 0 0.621 -0.033 0.006 1 0.02 0.009 0.009 20 0.635 0.006 0.6345 0.0058
% 1743782718.5288398 robobot/cmd/ti/rc 0.350 0.009 1743782718.5288398
1743782718.5288398 0 0.623 -0.033 0.005 1 0.02 0.009 0.009 20 0.635 0.005 0.6345 0.0046
1743782718.5288398 0 0.624 -0.033 0.005 1 0.02 0.009 0.009 20 0.635 0.005 0.6345 0.0046
% 1743782718.5594683 robobot/cmd/ti/rc 0.350 -0.062 1743782718.5594683
1743782718.5594683 0 0.625 -0.033 0.005 1 0.02 -0.062 -0.062 20 0.638 0.005 0.6379 0.0046
1743782718.5594683 0 0.627 -0.033 0.005 1 0.02 -0.062 -0.062 20 0.638 0.005 0.6379 0.0046
% 1743782718.5594683 robobot/cmd/ti/rc 0.350 0.078 1743782718.5594683
1743782718.5594683 0 0.627 -0.033 0.005 1 0.02 0.078 0.078 20 0.641 0.005 0.6406 0.0046
% 1743782718.5594683 robobot/cmd/ti/rc 0.350 0.009 1743782718.5594683
1743782718.5594683 0 0.628 -0.033 0.007 1 0.02 0.009 0.009 20 0.641 0.007 0.6406 0.0069
1743782718.5594683 0 0.629 -0.033 0.008 1 0.02 0.009 0.009 20 0.641 0.008 0.6406 0.0081
% 1743782718.5856342 robobot/cmd/ti/rc 0.350 -0.062 1743782718.5856342
1743782718.5856342 0 0.630 -0.033 0.008 1 0.02 -0.062 -0.062 20 0.643 0.008 0.6433 0.0081
1743782718.5882 0 0.633 -0.033 0.009 1 0.02 -0.062 -0.062 20 0.643 0.009 0.6433 0.0093
% 1743782718.5882 robobot/cmd/ti/rc 0.350 -0.058 1743782718.5882
1743782718.5882 0 0.633 -0.033 0.009 1 0.02 -0.058 -0.058 20 0.647 0.009 0.6467 0.0093
% 1743782718.5882 robobot/cmd/ti/rc 0.350 0.007 1743782718.5882
1743782718.5882 0 0.636 -0.033 0.009 1 0.02 0.007 0.007 20 0.647 0.009 0.6467 0.0093
1743782718.5967824 0 0.638 -0.033 0.009 1 0.02 0.007 0.007 20 0.647 0.009 0.6467 0.0093
% 1743782718.5967824 robobot/cmd/ti/rc 0.350 -0.065 1743782718.5967824
1743782718.5967824 0 0.640 -0.033 0.010 1 0.02 -0.065 -0.065 20 0.651 0.010 0.6513 0.0104
1743782718.6215825 0 0.643 -0.033 0.013 1 0.02 -0.065 -0.065 20 0.651 0.013 0.6513 0.0127
% 1743782718.6215825 robobot/cmd/ti/rc 0.350 -0.060 1743782718.6215825
1743782718.6215825 0 0.643 -0.033 0.013 1 0.02 -0.060 -0.060 20 0.656 0.013 0.6564 0.0127
% 1743782718.6215825 robobot/cmd/ti/rc 0.350 -0.196 1743782718.6215825
1743782718.6215825 0 0.646 -0.032 0.017 1 0.03 -0.196 -0.196 20 0.656 0.017 0.6564 0.0173
1743782718.6235924 0 0.647 -0.032 0.018 1 0.03 -0.196 -0.196 20 0.656 0.018 0.6564 0.0185
% 1743782718.6357493 robobot/cmd/ti/rc 0.350 -0.134 1743782718.6357493
1743782718.6357493 0 0.649 -0.032 0.021 1 0.03 -0.134 -0.134 20 0.661 0.021 0.6611 0.0208
1743782718.6357493 0 0.653 -0.032 0.022 1 0.03 -0.134 -0.134 20 0.661 0.022 0.6611 0.0220
% 1743782718.6357493 robobot/cmd/ti/rc 0.350 -4.000 1743782718.6357493
1743782718.6357493 0 0.653 -0.032 0.022 1 0.31 -10.000 -4.000 20 0.667 0.022 0.6668 0.0220
% 1743782718.6357493 robobot/cmd/ti/rc 0.350 -0.455 1743782718.6357493
1743782718.6357493 0 0.657 -0.032 0.023 1 0.32 -0.455 -0.455 20 0.667 0.023 0.6668 0.0231
1743782718.6518662 0 0.659 -0.032 0.023 1 0.32 -0.455 -0.455 20 0.667 0.023 0.6668 0.0231
% 1743782718.678553 robobot/cmd/ti/rc 0.350 0.125 1743782718.678553
1743782718.678553 0 0.661 -0.032 0.024 1 0.32 0.125 0.125 20 0.672 0.024 0.6723 0.0243
1743782718.678553 0 0.665 -0.032 0.024 1 0.32 0.125 0.125 20 0.672 0.024 0.6723 0.0243
% 1743782718.683555 robobot/cmd/ti/rc 0.350 -0.955 1743782718.683555
1743782718.683555 0 0.665 -0.032 0.024 1 0.34 -0.955 -0.955 20 0.678 0.024 0.6780 0.0243
% 1743782718.6860752 robobot/cmd/ti/rc 0.350 -1.093 1743782718.6860752
1743782718.6860752 0 0.668 -0.032 0.022 1 0.36 -1.093 -1.093 20 0.678 0.022 0.6780 0.0220
1743782718.6860752 0 0.670 -0.032 0.021 1 0.36 -1.093 -1.093 20 0.678 0.021 0.6780 0.0208
% 1743782718.6860752 robobot/cmd/ti/rc 0.350 -1.375 1743782718.6860752
1743782718.6860752 0 0.672 -0.032 0.020 1 0.40 -1.375 -1.375 20 0.683 0.020 0.6835 0.0197
1743782718.6995182 0 0.676 -0.032 0.020 1 0.40 -1.375 -1.375 20 0.683 0.020 0.6835 0.0197
% 1743782718.6995182 robobot/cmd/ti/rc 0.350 -1.026 1743782718.6995182
1743782718.6995182 0 0.676 -0.032 0.020 1 0.42 -1.026 -1.026 20 0.690 0.020 0.6897 0.0197
% 1743782718.6995182 robobot/cmd/ti/rc 0.350 -1.026 1743782718.6995182
1743782718.6995182 0 0.680 -0.032 0.017 1 0.45 -1.026 -1.026 20 0.690 0.017 0.6897 0.0173
1743782718.6995182 0 0.682 -0.032 0.016 1 0.45 -1.026 -1.026 20 0.690 0.016 0.6897 0.0162
% 1743782718.7352307 robobot/cmd/ti/rc 0.350 -1.164 1743782718.7352307
1743782718.7352307 0 0.684 -0.032 0.013 1 0.47 -1.164 -1.164 20 0.696 0.013 0.6956 0.0127
1743782718.7372475 0 0.688 -0.032 0.008 1 0.47 -1.164 -1.164 20 0.696 0.008 0.6956 0.0081
% 1743782718.7372475 robobot/cmd/ti/rc 0.350 -1.081 1743782718.7372475
1743782718.7372475 0 0.688 -0.032 0.008 1 0.50 -1.081 -1.081 20 0.702 0.008 0.7020 0.0081
% 1743782718.7372475 robobot/cmd/ti/rc 0.350 -0.362 1743782718.7372475
1743782718.7372475 0 0.692 -0.032 0.001 1 0.50 -0.362 -0.362 20 0.702 0.001 0.7020 0.0012
1743782718.7392652 0 0.694 -0.032 -0.001 1 0.50 -0.362 -0.362 20 0.702 -0.001 0.7020 -0.0012
% 1743782718.7630548 robobot/cmd/ti/rc 0.350 -0.241 1743782718.7630548
1743782718.7630548 0 0.696 -0.032 -0.006 1 0.50 -0.241 -0.241 20 0.708 -0.006 0.7077 -0.0058
1743782718.7630548 0 0.701 -0.032 -0.016 1 0.50 -0.241 -0.241 20 0.708 -0.016 0.7077 -0.0162
% 1743782718.7630548 robobot/cmd/ti/rc 0.350 -0.242 1743782718.7630548
1743782718.7630548 0 0.701 -0.032 -0.016 1 0.50 -0.242 -0.242 20 0.714 -0.016 0.7141 -0.0162
% 1743782718.7630548 robobot/cmd/ti/rc 0.350 -0.243 1743782718.7630548
1743782718.7630548 0 0.704 -0.032 -0.024 1 0.50 -0.243 -0.243 20 0.714 -0.024 0.7141 -0.0243
1743782718.7630548 0 0.706 -0.032 -0.027 1 0.50 -0.243 -0.243 20 0.714 -0.027 0.7141 -0.0266
% 1743782718.7978766 robobot/cmd/ti/rc 0.350 -0.244 1743782718.795866
1743782718.7978766 0 0.708 -0.032 -0.031 1 0.50 -0.244 -0.244 20 0.720 -0.031 0.7198 -0.0312
1743782718.7978766 0 0.712 -0.032 -0.038 1 0.50 -0.244 -0.244 20 0.720 -0.038 0.7198 -0.0382
% 1743782718.7978766 robobot/cmd/ti/rc 0.350 -0.244 1743782718.7978766
1743782718.7978766 0 0.712 -0.032 -0.038 1 0.50 -0.244 -0.244 20 0.725 -0.038 0.7251 -0.0382
% 1743782718.7998908 robobot/cmd/ti/rc 0.350 -0.245 1743782718.7998908
1743782718.7998908 0 0.715 -0.032 -0.044 1 0.50 -0.245 -0.245 20 0.725 -0.044 0.7251 -0.0439
1743782718.7998908 0 0.717 -0.032 -0.047 1 0.50 -0.245 -0.245 20 0.725 -0.047 0.7251 -0.0474
% 1743782718.8279166 robobot/cmd/ti/rc 0.350 -0.246 1743782718.8279166
1743782718.8279166 0 0.719 -0.032 -0.052 1 0.50 -0.246 -0.246 20 0.731 -0.052 0.7308 -0.0520
1743782718.8279166 0 0.723 -0.033 -0.060 1 0.50 -0.246 -0.246 20 0.731 -0.060 0.7308 -0.0601
% 1743782718.8279166 robobot/cmd/ti/rc 0.350 -0.247 1743782718.8279166
1743782718.8279166 0 0.723 -0.033 -0.060 1 0.50 -0.247 -0.247 20 0.736 -0.060 0.7361 -0.0601
% 1743782718.831953 robobot/cmd/ti/rc 0.350 -0.247 1743782718.831953
1743782718.831953 0 0.726 -0.033 -0.067 1 0.50 -0.247 -0.247 20 0.736 -0.067 0.7361 -0.0671
1743782718.831953 0 0.728 -0.033 -0.070 1 0.50 -0.247 -0.247 20 0.736 -0.070 0.7361 -0.0705
% 1743782718.8496163 robobot/cmd/ti/rc 0.350 -0.248 1743782718.8496163
1743782718.8496163 0 0.730 -0.033 -0.075 1 0.50 -0.248 -0.248 20 0.742 -0.075 0.7418 -0.0752
1743782718.8496163 0 0.734 -0.033 -0.082 1 0.50 -0.248 -0.248 20 0.742 -0.082 0.7418 -0.0821
% 1743782718.8496163 robobot/cmd/ti/rc 0.350 -0.249 1743782718.8496163
1743782718.8496163 0 0.734 -0.033 -0.082 1 0.50 -0.249 -0.249 20 0.747 -0.082 0.7470 -0.0821
% 1743782718.8577867 robobot/cmd/ti/rc 0.350 -0.250 1743782718.8577867
1743782718.8577867 0 0.737 -0.034 -0.089 1 0.50 -0.250 -0.250 20 0.747 -0.089 0.7470 -0.0890
1743782718.8577867 0 0.739 -0.034 -0.090 1 0.50 -0.250 -0.250 20 0.747 -0.090 0.7470 -0.0902
% 1743782718.8863652 robobot/cmd/ti/rc 0.350 -0.250 1743782718.8863652
1743782718.8863652 0 0.741 -0.034 -0.095 1 0.50 -0.250 -0.250 20 0.753 -0.095 0.7525 -0.0948
1743782718.8863652 0 0.744 -0.034 -0.101 1 0.50 -0.250 -0.250 20 0.753 -0.101 0.7525 -0.1006
% 1743782718.8863652 robobot/cmd/ti/rc 0.350 -0.251 1743782718.8863652
1743782718.8863652 0 0.744 -0.034 -0.101 1 0.50 -0.251 -0.251 20 0.758 -0.101 0.7576 -0.1006
% 1743782718.895064 robobot/cmd/ti/rc 0.350 -0.252 1743782718.8930442
1743782718.895064 0 0.748 -0.035 -0.105 1 0.50 -0.252 -0.252 20 0.758 -0.105 0.7576 -0.1052
1743782718.895064 0 0.749 -0.035 -0.108 1 0.50 -0.252 -0.252 20 0.758 -0.108 0.7576 -0.1076
% 1743782718.916051 robobot/cmd/ti/rc 0.350 -0.253 1743782718.916051
1743782718.916051 0 0.751 -0.035 -0.110 1 0.50 -0.253 -0.253 20 0.763 -0.110 0.7631 -0.1099
1743782718.916051 0 0.755 -0.035 -0.113 1 0.50 -0.253 -0.253 20 0.763 -0.113 0.7631 -0.1133
% 1743782718.922954 robobot/cmd/ti/rc 0.350 -0.253 1743782718.916051
1743782718.922954 0 0.755 -0.035 -0.113 1 0.50 -0.253 -0.253 20 0.768 -0.113 0.7683 -0.1133
% 1743782718.922954 robobot/cmd/ti/rc 0.350 -0.254 1743782718.922954
1743782718.922954 0 0.758 -0.036 -0.118 1 0.50 -0.254 -0.254 20 0.768 -0.118 0.7683 -0.1180
1743782718.922954 0 0.759 -0.036 -0.119 1 0.50 -0.254 -0.254 20 0.768 -0.119 0.7683 -0.1191
% 1743782718.9458597 robobot/cmd/ti/rc 0.350 -0.255 1743782718.9458597
1743782718.9458597 0 0.761 -0.036 -0.121 1 0.50 -0.255 -0.255 20 0.774 -0.121 0.7736 -0.1214
1743782718.9458597 0 0.765 -0.037 -0.126 1 0.50 -0.255 -0.255 20 0.774 -0.126 0.7736 -0.1261
% 1743782718.9458597 robobot/cmd/ti/rc 0.350 -0.256 1743782718.9458597
1743782718.9458597 0 0.765 -0.037 -0.126 1 0.50 -0.256 -0.256 20 0.778 -0.126 0.7785 -0.1261
% 1743782718.9458597 robobot/cmd/ti/rc 0.350 -0.256 1743782718.9458597
1743782718.9458597 0 0.768 -0.037 -0.131 1 0.50 -0.256 -0.256 20 0.778 -0.131 0.7785 -0.1307
1743782718.9458597 0 0.769 -0.037 -0.133 1 0.50 -0.256 -0.256 20 0.778 -0.133 0.7785 -0.1330
% 1743782718.977334 robobot/cmd/ti/rc 0.350 -0.257 1743782718.977334
1743782718.977334 0 0.771 -0.037 -0.135 1 0.50 -0.257 -0.257 20 0.784 -0.135 0.7836 -0.1353
1743782718.977334 0 0.774 -0.038 -0.138 1 0.50 -0.257 -0.257 20 0.784 -0.138 0.7836 -0.1376
% 1743782718.977334 robobot/cmd/ti/rc 0.350 -0.258 1743782718.977334
1743782718.977334 0 0.774 -0.038 -0.138 1 0.50 -0.258 -0.258 20 0.788 -0.138 0.7883 -0.1376
% 1743782718.9812438 robobot/cmd/ti/alive 2025-04-04 18:05:09.620261
% 1743782718.9812438 robobot/cmd/ti/rc 0.350 -0.259 1743782718.9812438
1743782718.9812438 0 0.778 -0.038 -0.141 1 0.50 -0.259 -0.259 20 0.788 -0.141 0.7883 -0.1411
1743782718.9812438 0 0.779 -0.039 -0.142 1 0.50 -0.259 -0.259 20 0.788 -0.142 0.7883 -0.1422
% 1743782718.9982421 robobot/cmd/ti/rc 0.350 -0.259 1743782718.9982421
1743782718.9982421 0 0.781 -0.039 -0.145 1 0.50 -0.259 -0.259 20 0.793 -0.145 0.7931 -0.1446
1743782718.9982421 0 0.784 -0.039 -0.148 1 0.50 -0.259 -0.259 20 0.793 -0.148 0.7931 -0.1480
% 1743782719.0002556 robobot/cmd/ti/rc 0.350 -0.260 1743782719.0002556
1743782719.0002556 0 0.784 -0.039 -0.148 1 0.50 -0.260 -0.260 20 0.798 -0.148 0.7983 -0.1480
% 1743782719.0247703 robobot/cmd/ti/rc 0.350 -0.261 1743782719.0230186
1743782719.0247703 0 0.787 -0.040 -0.151 1 0.50 -0.261 -0.261 20 0.798 -0.151 0.7983 -0.1515
1743782719.0247703 0 0.789 -0.040 -0.151 1 0.50 -0.261 -0.261 20 0.798 -0.151 0.7983 -0.1515
% 1743782719.0247703 robobot/cmd/ti/rc 0.350 0.153 1743782719.0247703
1743782719.0247703 0 0.791 -0.040 -0.155 1 0.49 0.153 0.153 20 0.803 -0.155 0.8032 -0.1550
1743782719.0247703 0 0.794 -0.041 -0.157 1 0.49 0.153 0.153 20 0.803 -0.157 0.8032 -0.1573
% 1743782719.0247703 robobot/cmd/ti/rc 0.350 0.303 1743782719.0247703
1743782719.0247703 0 0.794 -0.041 -0.157 1 0.47 0.303 0.303 20 0.808 -0.157 0.8084 -0.1573
% 1743782719.056381 robobot/cmd/ti/rc 0.350 0.320 1743782719.056381
1743782719.056381 0 0.797 -0.041 -0.161 1 0.46 0.320 0.320 20 0.808 -0.161 0.8084 -0.1608
1743782719.056381 0 0.799 -0.042 -0.162 1 0.46 0.320 0.320 20 0.808 -0.162 0.8084 -0.1619
% 1743782719.056381 robobot/cmd/ti/rc 0.350 0.468 1743782719.056381
1743782719.056381 0 0.801 -0.042 -0.163 1 0.44 0.468 0.468 20 0.813 -0.163 0.8134 -0.1631
1743782719.0675523 0 0.804 -0.042 -0.165 1 0.44 0.468 0.468 20 0.813 -0.165 0.8134 -0.1654
% 1743782719.0675523 robobot/cmd/ti/rc 0.350 0.495 1743782719.0675523
1743782719.0675523 0 0.804 -0.042 -0.165 1 0.42 0.495 0.495 20 0.819 -0.165 0.8187 -0.1654
% 1743782719.0842772 robobot/cmd/ti/rc 0.350 0.374 1743782719.0822227
1743782719.0842772 0 0.808 -0.043 -0.168 1 0.40 0.374 0.374 20 0.819 -0.168 0.8187 -0.1677
1743782719.0842772 0 0.809 -0.043 -0.168 1 0.40 0.374 0.374 20 0.819 -0.168 0.8187 -0.1677
% 1743782719.0842772 robobot/cmd/ti/rc 0.350 0.662 1743782719.0842772
1743782719.0842772 0 0.811 -0.044 -0.168 1 0.37 0.662 0.662 20 0.824 -0.168 0.8237 -0.1677
1743782719.0842772 0 0.815 -0.044 -0.169 1 0.37 0.662 0.662 20 0.824 -0.169 0.8237 -0.1688
% 1743782719.0867941 robobot/cmd/ti/rc 0.350 0.557 1743782719.0867941
1743782719.0867941 0 0.815 -0.044 -0.169 1 0.35 0.557 0.557 20 0.829 -0.169 0.8292 -0.1688
% 1743782719.1026096 robobot/cmd/ti/rc 0.350 0.676 1743782719.1026096
1743782719.1026096 0 0.818 -0.045 -0.169 1 0.33 0.676 0.676 20 0.829 -0.169 0.8292 -0.1688
1743782719.1026096 0 0.820 -0.045 -0.168 1 0.33 0.676 0.676 20 0.829 -0.168 0.8292 -0.1677
% 1743782719.1026096 robobot/cmd/ti/rc 0.350 0.599 1743782719.1026096
1743782719.1026096 0 0.822 -0.045 -0.168 1 0.31 0.599 0.599 20 0.835 -0.168 0.8345 -0.1677
1743782719.1184163 0 0.825 -0.046 -0.165 1 0.31 0.599 0.599 20 0.835 -0.165 0.8345 -0.1654
% 1743782719.1184163 robobot/cmd/ti/rc 0.350 0.738 1743782719.1184163
1743782719.1184163 0 0.825 -0.046 -0.165 1 0.28 0.738 0.738 20 0.840 -0.165 0.8401 -0.1654
% 1743782719.1429799 robobot/cmd/ti/rc 0.350 0.533 1743782719.1429799
1743782719.1429799 0 0.829 -0.047 -0.163 1 0.26 0.533 0.533 20 0.840 -0.163 0.8401 -0.1631
1743782719.1446018 0 0.830 -0.047 -0.162 1 0.26 0.533 0.533 20 0.840 -0.162 0.8401 -0.1619
% 1743782719.1446018 robobot/cmd/ti/rc 0.350 0.599 1743782719.1446018
1743782719.1446018 0 0.832 -0.047 -0.160 1 0.24 0.599 0.599 20 0.845 -0.160 0.8454 -0.1596
1743782719.1446018 0 0.836 -0.048 -0.156 1 0.24 0.599 0.599 20 0.845 -0.156 0.8454 -0.1561
% 1743782719.1479068 robobot/cmd/ti/rc 0.350 0.592 1743782719.1479068
1743782719.1479068 0 0.836 -0.048 -0.156 1 0.22 0.592 0.592 20 0.851 -0.156 0.8510 -0.1561
% 1743782719.16762 robobot/cmd/ti/rc 0.350 0.559 1743782719.16762
1743782719.16762 0 0.840 -0.048 -0.151 1 0.20 0.559 0.559 20 0.851 -0.151 0.8510 -0.1515
1743782719.16762 0 0.841 -0.049 -0.149 1 0.20 0.559 0.559 20 0.851 -0.149 0.8510 -0.1492
% 1743782719.16762 robobot/cmd/ti/rc 0.350 0.549 1743782719.16762
1743782719.16762 0 0.843 -0.049 -0.146 1 0.18 0.549 0.549 20 0.856 -0.146 0.8563 -0.1457
1743782719.1754625 0 0.847 -0.049 -0.139 1 0.18 0.549 0.549 20 0.856 -0.139 0.8563 -0.1388
% 1743782719.1754625 robobot/cmd/ti/rc 0.350 0.583 1743782719.1754625
1743782719.1754625 0 0.847 -0.049 -0.139 1 0.16 0.583 0.583 20 0.862 -0.139 0.8619 -0.1388
% 1743782719.1972246 robobot/cmd/ti/rc 0.350 0.571 1743782719.1972246
1743782719.1972246 0 0.851 -0.050 -0.134 1 0.14 0.571 0.571 20 0.862 -0.134 0.8619 -0.1342
1743782719.1972246 0 0.852 -0.050 -0.131 1 0.14 0.571 0.571 20 0.862 -0.131 0.8619 -0.1307
% 1743782719.1972246 robobot/cmd/ti/rc 0.350 0.661 1743782719.1972246
1743782719.1972246 0 0.854 -0.050 -0.126 1 0.12 0.661 0.661 20 0.867 -0.126 0.8673 -0.1261
1743782719.1972246 0 0.858 -0.051 -0.119 1 0.12 0.661 0.661 20 0.867 -0.119 0.8673 -0.1191
% 1743782719.1972246 robobot/cmd/ti/rc 0.350 0.596 1743782719.1972246
1743782719.1972246 0 0.858 -0.051 -0.119 1 0.10 0.596 0.596 20 0.873 -0.119 0.8730 -0.1191
% 1743782719.2335916 robobot/cmd/ti/rc 0.350 0.639 1743782719.2335916
1743782719.2335916 0 0.862 -0.051 -0.112 1 0.08 0.639 0.639 20 0.873 -0.112 0.8730 -0.1122
1743782719.2335916 0 0.863 -0.051 -0.110 1 0.08 0.639 0.639 20 0.873 -0.110 0.8730 -0.1099
% 1743782719.2358553 robobot/cmd/ti/rc 0.350 0.686 1743782719.2358553
1743782719.2358553 0 0.865 -0.052 -0.105 1 0.06 0.686 0.686 20 0.878 -0.105 0.8782 -0.1052
1743782719.2358553 0 0.869 -0.052 -0.098 1 0.06 0.686 0.686 20 0.878 -0.098 0.8782 -0.0983
% 1743782719.2358553 robobot/cmd/ti/rc 0.350 0.634 1743782719.2358553
1743782719.2358553 0 0.869 -0.052 -0.098 1 0.04 0.634 0.634 20 0.884 -0.098 0.8838 -0.0983
% 1743782719.261134 robobot/cmd/ti/rc 0.350 4.000 1743782719.261134
1743782719.261134 0 0.872 -0.052 -0.091 1 -0.77 28.803 4.000 20 0.884 -0.091 0.8838 -0.0914
1743782719.261134 0 0.874 -0.053 -0.088 1 -0.77 28.803 4.000 20 0.884 -0.088 0.8838 -0.0879
% 1743782719.261134 robobot/cmd/ti/rc 0.350 1.653 1743782719.261134
1743782719.261134 0 0.876 -0.053 -0.082 1 -0.81 1.653 1.653 20 0.889 -0.082 0.8889 -0.0821
1743782719.261134 0 0.879 -0.053 -0.074 1 -0.81 1.653 1.653 20 0.889 -0.074 0.8889 -0.0740
% 1743782719.261134 robobot/cmd/ti/rc 0.350 0.169 1743782719.261134
1743782719.261134 0 0.879 -0.053 -0.074 1 -0.80 0.169 0.169 20 0.894 -0.074 0.8944 -0.0740
% 1743782719.2974823 robobot/cmd/ti/rc 0.350 0.235 1743782719.2950816
1743782719.2974823 0 0.883 -0.053 -0.067 1 -0.80 0.235 0.235 20 0.894 -0.067 0.8944 -0.0671
1743782719.2974823 0 0.884 -0.053 -0.064 1 -0.80 0.235 0.235 20 0.894 -0.064 0.8944 -0.0636
% 1743782719.2974823 robobot/cmd/ti/rc 0.350 0.337 1743782719.2974823
1743782719.2974823 0 0.886 -0.053 -0.060 1 -0.79 0.337 0.337 20 0.900 -0.060 0.8995 -0.0601
1743782719.2974823 0 0.890 -0.054 -0.053 1 -0.79 0.337 0.337 20 0.900 -0.053 0.8995 -0.0532
% 1743782719.2974823 robobot/cmd/ti/rc 0.350 0.368 1743782719.2974823
1743782719.2974823 0 0.890 -0.054 -0.053 1 -0.79 0.368 0.368 20 0.905 -0.053 0.9048 -0.0532
% 1743782719.324917 robobot/cmd/ti/rc 0.350 0.402 1743782719.324917
1743782719.324917 0 0.893 -0.054 -0.049 1 -0.79 0.402 0.402 20 0.905 -0.049 0.9048 -0.0486
1743782719.324917 0 0.895 -0.054 -0.046 1 -0.79 0.402 0.402 20 0.905 -0.046 0.9048 -0.0463
% 1743782719.324917 robobot/cmd/ti/rc 0.350 0.145 1743782719.324917
1743782719.324917 0 0.896 -0.054 -0.044 1 -0.79 0.145 0.145 20 0.910 -0.044 0.9100 -0.0439
1743782719.324917 0 0.900 -0.054 -0.038 1 -0.79 0.145 0.145 20 0.910 -0.038 0.9100 -0.0382
% 1743782719.324917 robobot/cmd/ti/rc 0.350 0.141 1743782719.324917
1743782719.324917 0 0.900 -0.054 -0.038 1 -0.78 0.141 0.141 20 0.915 -0.038 0.9148 -0.0382
% 1743782719.3408287 robobot/cmd/ti/rc 0.350 0.032 1743782719.3408287
1743782719.3408287 0 0.903 -0.054 -0.032 1 -0.77 0.032 0.032 20 0.915 -0.032 0.9148 -0.0324
1743782719.3408287 0 0.905 -0.054 -0.028 1 -0.77 0.032 0.032 20 0.915 -0.028 0.9148 -0.0278
% 1743782719.3564837 robobot/cmd/ti/rc 0.350 0.159 1743782719.3564837
1743782719.3564837 0 0.906 -0.054 -0.025 1 -0.77 0.159 0.159 20 0.920 -0.025 0.9201 -0.0254
1743782719.3564837 0 0.910 -0.054 -0.021 1 -0.77 0.159 0.159 20 0.920 -0.021 0.9201 -0.0208
% 1743782719.3564837 robobot/cmd/ti/rc 0.350 0.055 1743782719.3564837
1743782719.3564837 0 0.910 -0.054 -0.021 1 -0.76 0.055 0.055 20 0.925 -0.021 0.9251 -0.0208
% 1743782719.3864956 robobot/cmd/ti/rc 0.350 0.089 1743782719.3852596
1743782719.3864956 0 0.913 -0.054 -0.017 1 -0.75 0.089 0.089 20 0.925 -0.017 0.9251 -0.0173
1743782719.387012 0 0.915 -0.054 -0.016 1 -0.75 0.089 0.089 20 0.925 -0.016 0.9251 -0.0162
% 1743782719.387012 robobot/cmd/ti/rc 0.350 -0.056 1743782719.387012
1743782719.387012 0 0.917 -0.054 -0.015 1 -0.74 -0.056 -0.056 20 0.930 -0.015 0.9304 -0.0150
1743782719.387012 0 0.920 -0.055 -0.010 1 -0.74 -0.056 -0.056 20 0.930 -0.010 0.9304 -0.0104
% 1743782719.3895776 robobot/cmd/ti/rc 0.350 -0.108 1743782719.3895776
1743782719.3895776 0 0.920 -0.055 -0.010 1 -0.72 -0.108 -0.108 20 0.935 -0.010 0.9353 -0.0104
% 1743782719.4097018 robobot/cmd/ti/rc 0.350 -0.155 1743782719.4097018
1743782719.4097018 0 0.924 -0.055 -0.005 1 -0.71 -0.155 -0.155 20 0.935 -0.005 0.9353 -0.0046
1743782719.4097018 0 0.926 -0.055 -0.004 1 -0.71 -0.155 -0.155 20 0.935 -0.004 0.9353 -0.0035
% 1743782719.4097018 robobot/cmd/ti/rc 0.350 -0.198 1743782719.4097018
1743782719.4097018 0 0.927 -0.055 -0.001 1 -0.69 -0.198 -0.198 20 0.941 -0.001 0.9406 -0.0012
1743782719.4097018 0 0.930 -0.055 0.002 1 -0.69 -0.198 -0.198 20 0.941 0.002 0.9406 0.0023
% 1743782719.4097018 robobot/cmd/ti/rc 0.350 -0.063 1743782719.4097018
1743782719.4097018 0 0.930 -0.055 0.002 1 -0.68 -0.063 -0.063 20 0.946 0.002 0.9455 0.0023
% 1743782719.4447718 robobot/cmd/ti/rc 0.350 -0.218 1743782719.4447718
1743782719.4447718 0 0.934 -0.055 0.006 1 -0.67 -0.218 -0.218 20 0.946 0.006 0.9455 0.0058
1743782719.4447718 0 0.936 -0.055 0.007 1 -0.67 -0.218 -0.218 20 0.946 0.007 0.9455 0.0069
% 1743782719.4447718 robobot/cmd/ti/rc 0.350 -0.312 1743782719.4447718
1743782719.4447718 0 0.937 -0.055 0.008 1 -0.65 -0.312 -0.312 20 0.951 0.008 0.9509 0.0081
1743782719.4447718 0 0.941 -0.054 0.012 1 -0.65 -0.312 -0.312 20 0.951 0.012 0.9509 0.0116
% 1743782719.4447718 robobot/cmd/ti/rc 0.350 -0.361 1743782719.4447718
1743782719.4447718 0 0.941 -0.054 0.012 1 -0.63 -0.361 -0.361 20 0.956 0.012 0.9558 0.0116
% 1743782719.4738486 robobot/cmd/ti/rc 0.350 -0.269 1743782719.4738486
1743782719.4738486 0 0.944 -0.054 0.014 1 -0.61 -0.269 -0.269 20 0.956 0.014 0.9558 0.0139
1743782719.4738486 0 0.946 -0.054 0.014 1 -0.61 -0.269 -0.269 20 0.956 0.014 0.9558 0.0139
% 1743782719.4738486 robobot/cmd/ti/rc 0.350 -0.406 1743782719.4738486
1743782719.4738486 0 0.948 -0.054 0.014 1 -0.59 -0.406 -0.406 20 0.961 0.014 0.9613 0.0139
1743782719.4738486 0 0.951 -0.054 0.014 1 -0.59 -0.406 -0.406 20 0.961 0.014 0.9613 0.0139
% 1743782719.4738486 robobot/cmd/ti/rc 0.350 -0.434 1743782719.4738486
1743782719.4738486 0 0.951 -0.054 0.014 1 -0.57 -0.434 -0.434 20 0.966 0.014 0.9663 0.0139
% 1743782719.486474 robobot/cmd/ti/alive 2025-04-04 18:05:09.620261
% 1743782719.4986608 robobot/cmd/ti/rc 0.350 -0.607 1743782719.4986608
1743782719.4986608 0 0.954 -0.054 0.014 1 -0.54 -0.607 -0.607 20 0.966 0.014 0.9663 0.0139
1743782719.4986608 0 0.957 -0.054 0.014 1 -0.54 -0.607 -0.607 20 0.966 0.014 0.9663 0.0139
% 1743782719.4986608 robobot/cmd/ti/rc 0.350 -0.505 1743782719.4986608
1743782719.4986608 0 0.958 -0.054 0.013 1 -0.52 -0.505 -0.505 20 0.972 0.013 0.9717 0.0127
1743782719.521485 0 0.961 -0.054 0.012 1 -0.52 -0.505 -0.505 20 0.972 0.012 0.9717 0.0116
% 1743782719.521485 robobot/cmd/ti/rc 0.350 -0.537 1743782719.521485
1743782719.521485 0 0.961 -0.054 0.012 1 -0.50 -0.537 -0.537 20 0.977 0.012 0.9768 0.0116
% 1743782719.5275824 robobot/cmd/ti/rc 0.350 0.259 1743782719.521485
1743782719.5275824 0 0.965 -0.054 0.009 1 -0.50 0.259 0.259 20 0.977 0.009 0.9768 0.0093
1743782719.5275824 0 0.967 -0.054 0.008 1 -0.50 0.259 0.259 20 0.977 0.008 0.9768 0.0081
% 1743782719.5275824 robobot/cmd/ti/rc 0.350 0.260 1743782719.5275824
1743782719.5275824 0 0.969 -0.054 0.007 1 -0.50 0.260 0.260 20 0.982 0.007 0.9823 0.0069
1743782719.537182 0 0.972 -0.054 0.004 1 -0.50 0.260 0.260 20 0.982 0.004 0.9823 0.0035
% 1743782719.537182 robobot/cmd/ti/rc 0.350 0.261 1743782719.537182
1743782719.537182 0 0.972 -0.054 0.004 1 -0.50 0.261 0.261 20 0.987 0.004 0.9875 0.0035
% 1743782719.551405 robobot/cmd/ti/rc 0.350 0.261 1743782719.551405
1743782719.551405 0 0.976 -0.054 -0.001 1 -0.50 0.261 0.261 20 0.987 -0.001 0.9875 -0.0012
1743782719.551405 0 0.978 -0.054 -0.004 1 -0.50 0.261 0.261 20 0.987 -0.003 0.9875 -0.0035
% 1743782719.5789607 robobot/cmd/ti/rc 0.350 0.262 1743782719.5789607
1743782719.5789607 0 0.979 -0.054 -0.005 1 -0.50 0.262 0.262 20 0.993 -0.005 0.9928 -0.0046
1743782719.5823774 0 0.983 -0.054 -0.008 1 -0.50 0.262 0.262 20 0.993 -0.008 0.9928 -0.0081
% 1743782719.5823774 robobot/cmd/ti/rc 0.350 0.263 1743782719.5823774
1743782719.5823774 0 0.983 -0.054 -0.008 1 -0.50 0.263 0.263 20 0.998 -0.008 0.9982 -0.0081
% 1743782719.5823774 robobot/cmd/ti/rc 0.350 0.264 1743782719.5823774
1743782719.5823774 0 0.986 -0.054 -0.009 1 -0.50 0.264 0.264 20 0.998 -0.009 0.9982 -0.0093
1743782719.5878654 0 0.988 -0.054 -0.012 1 -0.50 0.264 0.264 20 0.998 -0.012 0.9982 -0.0116
% 1743782719.6013308 robobot/cmd/ti/rc 0.350 0.264 1743782719.6013308
1743782719.6013308 0 0.990 -0.054 -0.012 1 -0.50 0.264 0.264 20 1.003 -0.012 1.0034 -0.0116
1743782719.6013308 0 0.993 -0.054 -0.013 1 -0.50 0.264 0.264 20 1.003 -0.013 1.0034 -0.0127
% 1743782719.6013308 robobot/cmd/ti/rc 0.350 0.265 1743782719.6013308
1743782719.6013308 0 0.993 -0.054 -0.013 1 -0.50 0.265 0.265 20 1.009 -0.013 1.0087 -0.0127
% 1743782719.6013308 robobot/cmd/ti/rc 0.350 0.266 1743782719.6013308
1743782719.6013308 0 0.997 -0.054 -0.014 1 -0.50 0.266 0.266 20 1.009 -0.014 1.0087 -0.0139
1743782719.6013308 0 0.999 -0.054 -0.016 1 -0.50 0.266 0.266 20 1.009 -0.016 1.0087 -0.0162
% 1743782719.6334825 robobot/cmd/ti/rc 0.350 0.267 1743782719.6334825
1743782719.638881 0 1.000 -0.054 -0.016 1 -0.50 0.267 0.267 20 1.014 -0.016 1.0140 -0.0162
1743782719.638881 0 1.004 -0.054 -0.017 1 -0.50 0.267 0.267 20 1.014 -0.017 1.0140 -0.0173
% 1743782719.638881 robobot/cmd/ti/rc 0.350 0.267 1743782719.638881
1743782719.638881 0 1.004 -0.054 -0.017 1 -0.50 0.267 0.267 20 1.020 -0.017 1.0196 -0.0173
% 1743782719.638881 robobot/cmd/ti/rc 0.350 0.268 1743782719.638881
1743782719.638881 0 1.008 -0.055 -0.017 1 -0.50 0.268 0.268 20 1.020 -0.017 1.0196 -0.0173
1743782719.638881 0 1.010 -0.055 -0.017 1 -0.50 0.268 0.268 20 1.020 -0.017 1.0196 -0.0173
% 1743782719.6666071 robobot/cmd/ti/rc 0.350 0.269 1743782719.6666071
1743782719.6666071 0 1.011 -0.055 -0.017 1 -0.50 0.269 0.269 20 1.025 -0.017 1.0248 -0.0173
1743782719.6681604 0 1.015 -0.055 -0.017 1 -0.50 0.269 0.269 20 1.025 -0.017 1.0248 -0.0173
% 1743782719.6697185 robobot/cmd/ti/rc 0.350 0.270 1743782719.6681604
1743782719.6697185 0 1.015 -0.055 -0.017 1 -0.50 0.270 0.270 20 1.030 -0.017 1.0304 -0.0173
% 1743782719.6713111 robobot/cmd/ti/rc 0.350 0.270 1743782719.6713111
1743782719.6713111 0 1.019 -0.055 -0.016 1 -0.50 0.270 0.270 20 1.030 -0.016 1.0304 -0.0162
1743782719.6728754 0 1.021 -0.055 -0.016 1 -0.50 0.270 0.270 20 1.030 -0.016 1.0304 -0.0162
% 1743782719.689696 robobot/cmd/ti/rc 0.350 0.271 1743782719.689696
1743782719.689696 0 1.022 -0.055 -0.017 1 -0.50 0.271 0.271 20 1.036 -0.017 1.0356 -0.0173
1743782719.6971483 0 1.025 -0.055 -0.018 1 -0.50 0.271 0.271 20 1.036 -0.018 1.0356 -0.0185
% 1743782719.6971483 robobot/cmd/ti/rc 0.350 0.272 1743782719.6971483
1743782719.6971483 0 1.025 -0.055 -0.018 1 -0.50 0.272 0.272 20 1.041 -0.018 1.0410 -0.0185
% 1743782719.7001765 robobot/cmd/ti/rc 0.350 0.273 1743782719.7001765
1743782719.7001765 0 1.029 -0.055 -0.018 1 -0.50 0.273 0.273 20 1.041 -0.018 1.0410 -0.0185
1743782719.7001765 0 1.031 -0.055 -0.018 1 -0.50 0.273 0.273 20 1.041 -0.018 1.0410 -0.0185
% 1743782719.7129197 robobot/cmd/ti/rc 0.350 0.273 1743782719.7129197
1743782719.7129197 0 1.032 -0.055 -0.020 1 -0.50 0.273 0.273 20 1.046 -0.020 1.0459 -0.0197
1743782719.7129197 0 1.036 -0.055 -0.018 1 -0.50 0.273 0.273 20 1.046 -0.018 1.0459 -0.0185
% 1743782719.7129197 robobot/cmd/ti/rc 0.350 0.274 1743782719.7129197
1743782719.7129197 0 1.036 -0.055 -0.018 1 -0.50 0.274 0.274 20 1.051 -0.018 1.0512 -0.0185
% 1743782719.7286665 robobot/cmd/ti/rc 0.350 0.275 1743782719.7286665
1743782719.7286665 0 1.039 -0.055 -0.018 1 -0.50 0.275 0.275 20 1.051 -0.018 1.0512 -0.0185
1743782719.7286665 0 1.041 -0.055 -0.018 1 -0.50 0.275 0.275 20 1.051 -0.018 1.0512 -0.0185
% 1743782719.7645445 robobot/cmd/ti/rc 0.350 0.276 1743782719.7645445
1743782719.7645445 0 1.042 -0.055 -0.018 1 -0.50 0.276 0.276 20 1.056 -0.018 1.0561 -0.0185
1743782719.7645445 0 1.046 -0.055 -0.017 1 -0.50 0.276 0.276 20 1.056 -0.017 1.0561 -0.0173
% 1743782719.7645445 robobot/cmd/ti/rc 0.350 0.276 1743782719.7645445
1743782719.7645445 0 1.046 -0.055 -0.017 1 -0.50 0.276 0.276 20 1.062 -0.017 1.0616 -0.0173
% 1743782719.767391 robobot/cmd/ti/rc 0.350 0.277 1743782719.767391
1743782719.767391 0 1.050 -0.055 -0.017 1 -0.50 0.277 0.277 20 1.062 -0.017 1.0616 -0.0173
1743782719.767391 0 1.052 -0.055 -0.016 1 -0.50 0.277 0.277 20 1.062 -0.016 1.0616 -0.0162
% 1743782719.767391 robobot/cmd/ti/rc 0.350 0.278 1743782719.767391
1743782719.767391 0 1.053 -0.055 -0.015 1 -0.50 0.278 0.278 20 1.067 -0.015 1.0667 -0.0150
1743782719.790346 0 1.056 -0.055 -0.013 1 -0.50 0.278 0.278 20 1.067 -0.013 1.0667 -0.0127
% 1743782719.790346 robobot/cmd/ti/rc 0.350 0.279 1743782719.790346
1743782719.790346 0 1.056 -0.055 -0.013 1 -0.50 0.279 0.279 20 1.072 -0.013 1.0717 -0.0127
% 1743782719.7923777 robobot/cmd/ti/rc 0.350 0.279 1743782719.790346
1743782719.7923777 0 1.060 -0.055 -0.010 1 -0.50 0.279 0.279 20 1.072 -0.010 1.0717 -0.0104
1743782719.7923777 0 1.062 -0.055 -0.010 1 -0.50 0.279 0.279 20 1.072 -0.010 1.0717 -0.0104
% 1743782719.820125 robobot/cmd/ti/rc 0.350 0.280 1743782719.820125
1743782719.820125 0 1.063 -0.055 -0.009 1 -0.50 0.280 0.280 20 1.077 -0.009 1.0773 -0.0093
1743782719.8209732 0 1.067 -0.055 -0.007 1 -0.50 0.280 0.280 20 1.077 -0.007 1.0773 -0.0069
% 1743782719.8219929 robobot/cmd/ti/rc 0.350 0.281 1743782719.8219929
1743782719.8219929 0 1.067 -0.055 -0.007 1 -0.50 0.281 0.281 20 1.082 -0.007 1.0824 -0.0069
% 1743782719.8219929 robobot/cmd/ti/rc 0.350 0.282 1743782719.8219929
1743782719.8219929 0 1.070 -0.055 -0.005 1 -0.50 0.282 0.282 20 1.082 -0.005 1.0824 -0.0046
1743782719.8406696 0 1.073 -0.055 -0.002 1 -0.50 0.282 0.282 20 1.082 -0.002 1.0824 -0.0023
% 1743782719.8466058 robobot/cmd/ti/rc 0.350 0.283 1743782719.8466058
1743782719.8466058 0 1.074 -0.055 -0.001 1 -0.50 0.283 0.283 20 1.087 -0.001 1.0875 -0.0012
1743782719.8466058 0 1.077 -0.055 0.001 1 -0.50 0.283 0.283 20 1.087 0.001 1.0875 0.0012
% 1743782719.8481822 robobot/cmd/ti/rc 0.350 0.283 1743782719.8466058
1743782719.8481822 0 1.077 -0.055 0.001 1 -0.50 0.283 0.283 20 1.093 0.001 1.0929 0.0012
% 1743782719.8481822 robobot/cmd/ti/rc 0.350 -4.000 1743782719.8481822
1743782719.8481822 0 1.081 -0.055 0.005 1 -0.09 -14.134 -4.000 20 1.093 0.005 1.0929 0.0046
1743782719.8514729 0 1.083 -0.055 0.006 1 -0.09 -14.134 -4.000 20 1.093 0.006 1.0929 0.0058
% 1743782719.8722153 robobot/cmd/ti/rc 0.350 -0.634 1743782719.8722153
1743782719.8722153 0 1.084 -0.055 0.007 1 -0.07 -0.634 -0.634 20 1.098 0.007 1.0981 0.0069
1743782719.8722153 0 1.088 -0.055 0.012 1 -0.07 -0.634 -0.634 20 1.098 0.012 1.0981 0.0116
% 1743782719.8722153 robobot/cmd/ti/rc 0.350 -0.678 1743782719.8722153
1743782719.8722153 0 1.088 -0.055 0.012 1 -0.05 -0.678 -0.678 20 1.103 0.012 1.1035 0.0116
% 1743782719.8722153 robobot/cmd/ti/rc 0.350 -0.875 1743782719.8722153
1743782719.8722153 0 1.091 -0.055 0.014 1 -0.03 -0.875 -0.875 20 1.103 0.014 1.1035 0.0139
1743782719.8722153 0 1.094 -0.055 0.016 1 -0.03 -0.875 -0.875 20 1.103 0.016 1.1035 0.0162
% 1743782719.9058158 robobot/cmd/ti/rc 0.350 -0.964 1743782719.9058158
1743782719.9058158 0 1.095 -0.055 0.017 1 0.00 -0.964 -0.964 20 1.109 0.017 1.1086 0.0173
1743782719.9058158 0 1.098 -0.055 0.002 1 0.00 -0.964 -0.964 20 1.109 0.002 1.1086 0.0023
% 1743782719.9058158 robobot/cmd/ti/rc 0.350 -0.897 1743782719.9058158
1743782719.9058158 0 1.098 -0.055 0.002 1 0.03 -0.897 -0.897 20 1.114 0.002 1.1141 0.0023
% 1743782719.9058158 robobot/cmd/ti/rc 0.350 -0.717 1743782719.9058158
1743782719.9058158 0 1.102 -0.055 -0.017 1 0.05 -0.717 -0.717 20 1.114 -0.017 1.1141 -0.0173
1743782719.9058158 0 1.103 -0.055 -0.021 1 0.05 -0.717 -0.717 20 1.114 -0.021 1.1141 -0.0208
% 1743782719.9326382 robobot/cmd/ti/rc 0.350 -0.176 1743782719.9326382
1743782719.9326382 0 1.105 -0.055 -0.021 1 0.05 -0.176 -0.176 20 1.119 -0.021 1.1187 -0.0208
1743782719.9326382 0 1.108 -0.055 -0.021 1 0.05 -0.176 -0.176 20 1.119 -0.021 1.1187 -0.0208
% 1743782719.9326382 robobot/cmd/ti/rc 0.350 0.174 1743782719.9326382
1743782719.9326382 0 1.108 -0.055 -0.021 1 0.05 0.174 0.174 20 1.124 -0.021 1.1238 -0.0208
% 1743782719.9414022 robobot/cmd/ti/rc 0.350 -0.026 1743782719.9414022
1743782719.9414022 0 1.112 -0.056 -0.021 1 0.05 -0.026 -0.026 20 1.124 -0.021 1.1238 -0.0208
1743782719.9414022 0 1.114 -0.056 -0.023 1 0.05 -0.026 -0.026 20 1.124 -0.023 1.1238 -0.0231
% 1743782719.9648361 robobot/cmd/ti/rc 0.350 0.085 1743782719.9648361
1743782719.9648361 0 1.116 -0.056 -0.027 1 0.05 0.085 0.085 20 1.129 -0.027 1.1294 -0.0266
1743782719.9648361 0 1.119 -0.056 -0.036 1 0.05 0.085 0.085 20 1.129 -0.036 1.1294 -0.0359
% 1743782719.9648361 robobot/cmd/ti/rc 0.350 0.103 1743782719.9648361
1743782719.9648361 0 1.119 -0.056 -0.036 1 0.05 0.103 0.103 20 1.135 -0.036 1.1352 -0.0359
% 1743782719.9648361 robobot/cmd/ti/rc 0.350 -0.179 1743782719.9648361
1743782719.9648361 0 1.123 -0.056 -0.043 1 0.05 -0.179 -0.179 20 1.135 -0.043 1.1352 -0.0428
1743782719.9648361 0 1.124 -0.056 -0.044 1 0.05 -0.179 -0.179 20 1.135 -0.044 1.1352 -0.0439
% 1743782719.9917204 robobot/cmd/ti/alive 2025-04-04 18:05:09.620261
% 1743782719.9917204 robobot/cmd/ti/rc 0.350 -0.185 1743782719.9917204
1743782719.9917204 0 1.126 -0.056 -0.045 1 0.06 -0.185 -0.185 20 1.140 -0.045 1.1398 -0.0451
1743782719.9959207 0 1.130 -0.056 -0.045 1 0.06 -0.185 -0.185 20 1.140 -0.045 1.1398 -0.0451
% 1743782719.9959207 robobot/cmd/ti/rc 0.350 -0.292 1743782719.9959207
1743782719.9959207 0 1.130 -0.056 -0.045 1 0.07 -0.292 -0.292 20 1.145 -0.045 1.1448 -0.0451
% 1743782719.9959207 robobot/cmd/ti/rc 0.350 -0.177 1743782719.9959207
1743782719.9959207 0 1.133 -0.056 -0.046 1 0.07 -0.177 -0.177 20 1.145 -0.046 1.1448 -0.0463
1743782720.011659 0 1.135 -0.056 -0.049 1 0.07 -0.177 -0.177 20 1.145 -0.049 1.1448 -0.0486
% 1743782720.011659 robobot/cmd/ti/rc 0.350 -0.180 1743782720.011659
1743782720.011659 0 1.137 -0.057 -0.050 1 0.08 -0.180 -0.180 20 1.150 -0.050 1.1503 -0.0497
1743782720.011659 0 1.141 -0.057 -0.056 1 0.08 -0.180 -0.180 20 1.150 -0.056 1.1503 -0.0555
% 1743782720.011659 robobot/cmd/ti/rc 0.350 0.071 1743782720.011659
1743782720.011659 0 1.141 -0.057 -0.056 1 0.07 0.071 0.071 20 1.156 -0.056 1.1561 -0.0555
% 1743782720.04637 robobot/cmd/ti/rc 0.350 -0.004 1743782720.04637
1743782720.04637 0 1.144 -0.057 -0.059 1 0.07 -0.004 -0.004 20 1.156 -0.059 1.1561 -0.0590
1743782720.04637 0 1.146 -0.057 -0.061 1 0.07 -0.004 -0.004 20 1.156 -0.061 1.1561 -0.0613
% 1743782720.04637 robobot/cmd/ti/rc 0.350 -0.030 1743782720.04637
1743782720.04637 0 1.148 -0.057 -0.064 1 0.07 -0.030 -0.030 20 1.161 -0.064 1.1612 -0.0636
1743782720.0480373 0 1.151 -0.057 -0.065 1 0.07 -0.030 -0.030 20 1.161 -0.065 1.1612 -0.0648
% 1743782720.0512826 robobot/cmd/ti/rc 0.350 -0.031 1743782720.0497124
1743782720.0512826 0 1.151 -0.057 -0.065 1 0.07 -0.031 -0.031 20 1.166 -0.065 1.1664 -0.0648
% 1743782720.061277 robobot/cmd/ti/rc 0.350 0.073 1743782720.061277
1743782720.061277 0 1.155 -0.058 -0.065 1 0.07 0.073 0.073 20 1.166 -0.065 1.1664 -0.0648
1743782720.061277 0 1.156 -0.058 -0.064 1 0.07 0.073 0.073 20 1.166 -0.064 1.1664 -0.0636
% 1743782720.061277 robobot/cmd/ti/rc 0.350 0.100 1743782720.061277
1743782720.061277 0 1.158 -0.058 -0.064 1 0.07 0.100 0.100 20 1.172 -0.064 1.1715 -0.0636
1743782720.0773196 0 1.162 -0.058 -0.065 1 0.07 0.100 0.100 20 1.172 -0.065 1.1715 -0.0648
% 1743782720.0773196 robobot/cmd/ti/rc 0.350 -0.028 1743782720.0773196
1743782720.0773196 0 1.162 -0.058 -0.065 1 0.07 -0.028 -0.028 20 1.177 -0.065 1.1767 -0.0648
% 1743782720.1012342 robobot/cmd/ti/rc 0.350 -0.029 1743782720.1012342
1743782720.1012342 0 1.165 -0.058 -0.067 1 0.07 -0.029 -0.029 20 1.177 -0.067 1.1767 -0.0671
1743782720.1012342 0 1.167 -0.058 -0.067 1 0.07 -0.029 -0.029 20 1.177 -0.067 1.1767 -0.0671
% 1743782720.1074839 robobot/cmd/ti/rc 0.350 0.076 1743782720.1074839
1743782720.1074839 0 1.169 -0.059 -0.068 1 0.07 0.076 0.076 20 1.182 -0.068 1.1822 -0.0682
1743782720.1084888 0 1.172 -0.059 -0.070 1 0.07 0.076 0.076 20 1.182 -0.070 1.1822 -0.0705
% 1743782720.1084888 robobot/cmd/ti/rc 0.350 0.184 1743782720.1084888
1743782720.1084888 0 1.172 -0.059 -0.070 1 0.06 0.184 0.184 20 1.187 -0.070 1.1873 -0.0705
% 1743782720.1245718 robobot/cmd/ti/rc 0.350 -0.000 1743782720.1245718
1743782720.1245718 0 1.176 -0.059 -0.072 1 0.06 -0.000 -0.000 20 1.187 -0.072 1.1873 -0.0717
1743782720.1245718 0 1.177 -0.059 -0.072 1 0.06 -0.000 -0.000 20 1.187 -0.072 1.1873 -0.0717
% 1743782720.1245718 robobot/cmd/ti/rc 0.350 0.270 1743782720.1245718
1743782720.1245718 0 1.179 -0.059 -0.073 1 0.06 0.270 0.270 20 1.192 -0.073 1.1925 -0.0729
1743782720.1245718 0 1.183 -0.060 -0.074 1 0.06 0.270 0.270 20 1.192 -0.074 1.1925 -0.0740
% 1743782720.1403284 robobot/cmd/ti/rc 0.350 0.067 1743782720.1245718
1743782720.1403284 0 1.183 -0.060 -0.074 1 0.05 0.067 0.067 20 1.198 -0.074 1.1979 -0.0740
% 1743782720.172453 robobot/cmd/ti/rc 0.350 0.090 1743782720.172453
1743782720.172453 0 1.186 -0.060 -0.075 1 0.05 0.090 0.090 20 1.198 -0.075 1.1979 -0.0752
1743782720.172453 0 1.188 -0.060 -0.077 1 0.05 0.090 0.090 20 1.198 -0.077 1.1979 -0.0775
% 1743782720.172453 robobot/cmd/ti/rc 0.350 0.302 1743782720.172453
1743782720.172453 0 1.190 -0.060 -0.077 1 0.04 0.302 0.302 20 1.203 -0.077 1.2031 -0.0775
1743782720.172453 0 1.193 -0.060 -0.079 1 0.04 0.302 0.302 20 1.208 -0.079 1.2082 -0.0786
% 1743782720.172453 robobot/cmd/ti/rc 0.350 0.097 1743782720.172453
1743782720.172453 0 1.193 -0.060 -0.079 1 0.04 0.097 0.097 20 1.208 -0.079 1.2082 -0.0786
% 1743782720.1944978 robobot/cmd/ti/rc 0.350 1.450 1743782720.1944978
1743782720.1944978 0 1.197 -0.061 -0.079 1 0.00 1.450 1.450 19 1.208 -0.079 1.2082 -0.0786
1743782720.1944978 0 1.198 -0.061 -0.080 1 0.00 1.450 1.450 19 1.213 -0.080 1.2134 -0.0798
% 1743782720.1944978 robobot/cmd/ti/rc 0.350 0.031 1743782720.1944978
1743782720.1944978 0 1.200 -0.061 -0.080 1 0.00 0.031 0.031 18 1.213 -0.080 1.2134 -0.0798
1743782720.1944978 0 1.204 -0.061 -0.081 1 0.00 0.031 0.031 18 1.219 -0.081 1.2190 -0.0810
% 1743782720.2018256 robobot/cmd/ti/rc 0.350 0.031 1743782720.2018256
1743782720.2018256 0 1.204 -0.061 -0.081 1 0.00 0.031 0.031 17 1.219 -0.081 1.2190 -0.0810
% 1743782720.225658 robobot/cmd/ti/rc 0.350 0.031 1743782720.225658
1743782720.225658 0 1.207 -0.061 -0.082 1 0.00 0.031 0.031 16 1.219 -0.082 1.2190 -0.0821
1743782720.225658 0 1.208 -0.062 -0.082 1 0.00 0.031 0.031 16 1.224 -0.082 1.2239 -0.0821
% 1743782720.225658 robobot/cmd/ti/rc 0.350 0.031 1743782720.225658
1743782720.225658 0 1.211 -0.062 -0.082 1 0.00 0.031 0.031 15 1.224 -0.082 1.2239 -0.0821
1743782720.225658 0 1.214 -0.062 -0.083 1 0.00 0.031 0.031 15 1.229 -0.083 1.2292 -0.0833
% 1743782720.225658 robobot/cmd/ti/rc 0.350 0.486 1743782720.225658
1743782720.225658 0 1.214 -0.062 -0.083 1 -0.01 0.486 0.486 16 1.229 -0.083 1.2292 -0.0833
% 1743782720.2524447 robobot/cmd/ti/rc 0.350 0.104 1743782720.2524447
1743782720.2524447 0 1.218 -0.062 -0.083 1 -0.01 0.104 0.104 17 1.229 -0.083 1.2292 -0.0833
1743782720.2524447 0 1.219 -0.062 -0.083 1 -0.01 0.104 0.104 17 1.235 -0.083 1.2346 -0.0833
% 1743782720.2524447 robobot/cmd/ti/rc 0.350 0.010 1743782720.2524447
1743782720.2524447 0 1.221 -0.063 -0.083 1 -0.01 0.010 0.010 18 1.235 -0.083 1.2346 -0.0833
1743782720.2524447 0 1.225 -0.063 -0.084 1 -0.01 0.010 0.010 18 1.240 -0.084 1.2399 -0.0844
% 1743782720.2524447 robobot/cmd/ti/rc 0.350 0.088 1743782720.2524447
1743782720.2524447 0 1.225 -0.063 -0.084 1 -0.02 0.088 0.088 19 1.240 -0.084 1.2399 -0.0844
% 1743782720.2847116 robobot/cmd/ti/rc 0.350 0.016 1743782720.2847116
1743782720.2847116 0 1.228 -0.063 -0.083 1 -0.01 0.016 0.016 20 1.240 -0.083 1.2399 -0.0833
1743782720.2847116 0 1.229 -0.063 -0.083 1 -0.01 0.016 0.016 20 1.245 -0.083 1.2451 -0.0833
% 1743782720.2847116 robobot/cmd/ti/rc 0.350 0.022 1743782720.2847116
1743782720.2847116 0 1.232 -0.063 -0.083 1 -0.01 0.022 0.022 20 1.245 -0.083 1.2451 -0.0833
1743782720.2892125 0 1.235 -0.064 -0.083 1 -0.01 0.022 0.022 20 1.250 -0.083 1.2504 -0.0833
% 1743782720.2892125 robobot/cmd/ti/rc 0.350 -0.108 1743782720.2892125
1743782720.2892125 0 1.235 -0.064 -0.083 1 -0.01 -0.108 -0.108 20 1.250 -0.083 1.2504 -0.0833
% 1743782720.317514 robobot/cmd/ti/rc 0.350 -0.104 1743782720.317514
1743782720.317514 0 1.239 -0.064 -0.082 1 -0.01 -0.104 -0.104 20 1.250 -0.082 1.2504 -0.0821
1743782720.318525 0 1.240 -0.064 -0.082 1 -0.01 -0.104 -0.104 20 1.256 -0.082 1.2559 -0.0821
% 1743782720.318525 robobot/cmd/ti/rc 0.350 -0.256 1743782720.318525
1743782720.318525 0 1.242 -0.064 -0.081 1 0.00 -0.256 -0.256 20 1.256 -0.081 1.2559 -0.0810
1743782720.3201888 0 1.246 -0.065 -0.081 1 0.00 -0.256 -0.256 20 1.261 -0.081 1.2609 -0.0810
% 1743782720.3201888 robobot/cmd/ti/rc 0.350 -0.059 1743782720.3201888
1743782720.3201888 0 1.246 -0.065 -0.081 1 0.00 -0.059 -0.059 20 1.261 -0.081 1.2609 -0.0810
% 1743782720.3436186 robobot/cmd/ti/rc 0.0 0.0
1743782720.3451726 0 1.249 -0.065 -0.079 1 0.00 -0.059 -0.059 20 1.261 -0.079 1.2609 -0.0786
1743782720.3451726 0 1.251 -0.065 -0.079 1 0.00 -0.059 -0.059 20 1.266 -0.079 1.2663 -0.0786
1743782720.3451726 0 1.253 -0.065 -0.079 1 0.00 -0.059 -0.059 20 1.266 -0.079 1.2663 -0.0786
1743782720.3485048 0 1.256 -0.065 -0.079 1 0.00 -0.059 -0.059 20 1.272 -0.079 1.2715 -0.0786
1743782720.3485048 0 1.256 -0.065 -0.079 1 0.00 -0.059 -0.059 20 1.272 -0.079 1.2715 -0.0786
% 1743782720.366187 robobot/cmd/ti/rc 0 0
1743782720.3685572 0 1.260 -0.066 -0.077 1 0.00 -0.059 -0.059 20 1.272 -0.077 1.2715 -0.0775
1743782720.3685572 0 1.261 -0.066 -0.076 1 0.00 -0.059 -0.059 20 1.277 -0.076 1.2767 -0.0763
1743782720.3685572 0 1.263 -0.066 -0.076 1 0.00 -0.059 -0.059 20 1.277 -0.076 1.2767 -0.0763
1743782720.3807268 0 1.265 -0.066 -0.075 1 0.00 -0.059 -0.059 20 1.281 -0.075 1.2806 -0.0752
1743782720.3821733 0 1.265 -0.066 -0.075 1 0.00 -0.059 -0.059 20 1.281 -0.075 1.2806 -0.0752
% 1743782720.3871405 robobot/cmd/T0/stop  
% 1743782720.3871405 robobot/cmd/T0/leds 14 0 0 0
% 1743782720.397975 robobot/cmd/T0/leds 15 0 0 0
% 1743782720.397975 robobot/cmd/T0/leds 16 0 0 0
1743782720.3995507 0 1.266 -0.066 -0.074 1 0.00 -0.059 -0.059 20 1.281 -0.074 1.2806 -0.0740
1743782720.3995507 0 1.266 -0.066 -0.073 1 0.00 -0.059 -0.059 20 1.282 -0.073 1.2822 -0.0729
1743782720.4027133 0 1.267 -0.066 -0.070 1 0.00 -0.059 -0.059 20 1.282 -0.070 1.2822 -0.0705
% 1743782720.4092562 robobot/cmd/ti/log 0
