% logfile for Python side
% 1 time (sec)
% 2 Mission state
% 3,4,5 (x,y,h) (m,m,rad)
% 6 Camera frame count
% 7 Line sensor line position
% 8,9 trip A (distance and heading change)
% 10,11 trip B (distance and heading change)
% 1744640652.707194 robobot/cmd/ti/log 1
1744640652.750109 0 1.548 -1.583 -2.114 0 0.00 0.000 -2.114 0.0000 -2.1141
1744640652.750304 0 1.548 -1.583 -2.114 0 0.00 0.000 -2.114 0.0000 -2.1141
1744640652.7503529 0 1.548 -1.583 -2.114 0 0.00 0.000 -2.114 0.0000 -2.1141
1744640652.754046 0 1.548 -1.583 -2.114 0 0.00 0.000 -2.114 0.0000 -2.1141
1744640652.754082 0 1.548 -1.583 -2.114 0 0.00 0.000 -2.114 0.0000 -2.1141
1744640652.775689 0 1.548 -1.583 -2.114 0 0.00 0.000 -2.114 0.0000 -2.1141
1744640652.7757912 0 1.548 -1.583 -2.114 0 0.00 0.000 -2.114 0.0000 -2.1141
1744640652.775831 0 1.548 -1.583 -2.114 0 0.00 0.000 -2.114 0.0000 -2.1141
1744640652.799499 0 1.548 -1.583 -2.114 0 0.00 0.000 -2.114 0.0000 -2.1141
1744640652.799528 0 1.548 -1.583 -2.114 0 0.00 0.000 -2.114 0.0000 -2.1141
1744640652.799634 0 1.548 -1.583 -2.114 0 0.00 0.000 -2.114 0.0000 -2.1141
1744640652.807128 0 1.548 -1.583 -2.114 0 0.00 0.000 -2.114 0.0000 -2.1141
1744640652.8071868 0 1.548 -1.583 -2.114 0 0.00 0.000 -2.114 0.0000 -2.1141
1744640652.827304 0 1.548 -1.583 -2.114 0 0.00 0.000 -2.114 0.0000 -2.1141
1744640652.827331 0 1.548 -1.583 -2.114 0 0.00 0.000 -2.114 0.0000 -2.1141
1744640652.827447 0 1.548 -1.583 -2.114 0 0.00 0.000 -2.114 0.0000 -2.1141
1744640652.857375 0 1.548 -1.583 -2.114 0 0.00 0.000 -2.114 0.0000 -2.1141
1744640652.857452 0 1.548 -1.583 -2.114 0 0.00 0.000 -2.114 0.0000 -2.1141
1744640652.857573 0 1.548 -1.583 -2.114 0 0.00 0.000 -2.114 0.0000 -2.1141
1744640652.8575969 0 1.548 -1.583 -2.114 0 0.00 0.000 -2.114 0.0000 -2.1141
1744640652.885291 0 1.548 -1.583 -2.114 0 0.00 0.000 -2.114 0.0000 -2.1141
1744640652.885439 0 1.548 -1.583 -2.114 0 0.00 0.000 -2.114 0.0000 -2.1141
1744640652.8854778 0 1.548 -1.583 -2.114 0 0.00 0.000 -2.114 0.0000 -2.1141
1744640652.8855832 0 1.548 -1.583 -2.114 0 0.00 0.000 -2.114 0.0000 -2.1141
1744640652.885607 0 1.548 -1.583 -2.114 0 0.00 0.000 -2.114 0.0000 -2.1141
1744640652.8974621 0 1.548 -1.583 -2.114 0 0.00 0.000 -2.114 0.0000 -2.1141
1744640652.897556 0 1.548 -1.583 -2.114 0 0.00 0.000 -2.114 0.0000 -2.1141
1744640652.8975968 0 1.548 -1.583 -2.114 0 0.00 0.000 -2.114 0.0000 -2.1141
1744640652.914082 0 1.548 -1.583 -2.114 0 0.00 0.000 -2.114 0.0000 -2.1141
1744640652.914113 0 1.548 -1.583 -2.114 0 0.00 0.000 -2.114 0.0000 -2.1141
1744640652.91422 0 1.548 -1.583 -2.114 0 0.00 0.000 -2.114 0.0000 -2.1141
1744640652.921324 0 1.548 -1.583 -2.114 0 0.00 0.000 -2.114 0.0000 -2.1141
1744640652.9402518 0 1.548 -1.583 -2.114 0 0.00 0.000 -2.114 0.0000 -2.1141
1744640652.9403782 0 1.548 -1.583 -2.114 0 0.00 0.000 -2.114 0.0000 -2.1141
1744640652.940402 0 1.548 -1.583 -2.114 0 0.00 0.000 -2.114 0.0000 -2.1141
1744640652.942863 0 1.548 -1.583 -2.114 0 0.00 0.000 -2.114 0.0000 -2.1141
1744640652.981266 0 1.548 -1.583 -2.114 0 0.00 0.000 -2.114 0.0000 -2.1141
1744640652.981333 0 1.548 -1.583 -2.114 0 0.00 0.000 -2.114 0.0000 -2.1141
1744640652.9814541 0 1.548 -1.583 -2.114 0 0.00 0.000 -2.114 0.0000 -2.1141
1744640652.981482 0 1.548 -1.583 -2.114 0 0.00 0.000 -2.114 0.0000 -2.1141
1744640652.994714 0 1.548 -1.583 -2.114 0 0.00 0.000 -2.114 0.0000 -2.1141
1744640652.9948559 0 1.548 -1.583 -2.114 0 0.00 0.000 -2.114 0.0000 -2.1141
1744640652.994907 0 1.548 -1.583 -2.114 0 0.00 0.000 -2.114 0.0000 -2.1141
1744640652.9967349 0 1.548 -1.583 -2.114 0 0.00 0.000 -2.114 0.0000 -2.1141
1744640652.9967659 0 1.548 -1.583 -2.114 0 0.00 0.000 -2.114 0.0000 -2.1141
1744640653.017708 0 1.548 -1.583 -2.114 0 0.00 0.000 -2.114 0.0000 -2.1141
1744640653.01794 0 1.548 -1.583 -2.114 0 0.00 0.000 -2.114 0.0000 -2.1141
1744640653.018017 0 1.548 -1.583 -2.114 0 0.00 0.000 -2.114 0.0000 -2.1141
1744640653.0624871 0 1.548 -1.583 -2.114 0 0.00 0.000 -2.114 0.0000 -2.1141
1744640653.062593 0 1.548 -1.583 -2.114 0 0.00 0.000 -2.114 0.0000 -2.1141
1744640653.06305 0 1.548 -1.583 -2.114 0 0.00 0.000 -2.114 0.0000 -2.1141
1744640653.066596 0 1.548 -1.583 -2.114 0 0.00 0.000 -2.114 0.0000 -2.1141
1744640653.066762 0 1.548 -1.583 -2.114 0 0.00 0.000 -2.114 0.0000 -2.1141
1744640653.0672379 0 1.548 -1.583 -2.114 0 0.00 0.000 -2.114 0.0000 -2.1141
1744640653.0673249 0 1.548 -1.583 -2.114 0 0.00 0.000 -2.114 0.0000 -2.1141
1744640653.0810602 0 1.548 -1.583 -2.114 0 0.00 0.000 -2.114 0.0000 -2.1141
1744640653.081505 0 1.548 -1.583 -2.114 0 0.00 0.000 -2.114 0.0000 -2.1141
1744640653.081663 0 1.548 -1.583 -2.114 0 0.00 0.000 -2.114 0.0000 -2.1141
1744640653.093947 0 1.548 -1.583 -2.114 0 0.00 0.000 -2.114 0.0000 -2.1141
1744640653.116916 0 1.548 -1.583 -2.114 0 0.00 0.000 -2.114 0.0000 -2.1141
1744640653.11726 0 1.548 -1.583 -2.114 0 0.00 0.000 -2.114 0.0000 -2.1141
1744640653.1175308 0 1.548 -1.583 -2.114 0 0.00 0.000 -2.114 0.0000 -2.1141
1744640653.117648 0 1.548 -1.583 -2.114 0 0.00 0.000 -2.114 0.0000 -2.1141
1744640653.121058 0 1.548 -1.583 -2.114 0 0.00 0.000 -2.114 0.0000 -2.1141
1744640653.121109 0 1.548 -1.583 -2.114 0 0.00 0.000 -2.114 0.0000 -2.1141
1744640653.1213288 0 1.548 -1.583 -2.114 0 0.00 0.000 -2.114 0.0000 -2.1141
1744640653.129863 0 1.548 -1.583 -2.114 0 0.00 0.000 -2.114 0.0000 -2.1141
1744640653.15236 0 1.548 -1.583 -2.114 0 0.00 0.000 -2.114 0.0000 -2.1141
1744640653.152643 0 1.548 -1.583 -2.114 0 0.00 0.000 -2.114 0.0000 -2.1141
1744640653.1526961 0 1.548 -1.583 -2.114 0 0.00 0.000 -2.114 0.0000 -2.1141
1744640653.169538 0 1.548 -1.583 -2.114 0 0.00 0.000 -2.114 0.0000 -2.1141
1744640653.1702652 0 1.548 -1.583 -2.114 0 0.00 0.000 -2.114 0.0000 -2.1141
1744640653.17042 0 1.548 -1.583 -2.114 0 0.00 0.000 -2.114 0.0000 -2.1141
1744640653.1879628 0 1.548 -1.583 -2.114 0 0.00 0.000 -2.114 0.0000 -2.1141
1744640653.188069 0 1.548 -1.583 -2.114 0 0.00 0.000 -2.114 0.0000 -2.1141
1744640653.188579 0 1.548 -1.583 -2.114 0 0.00 0.000 -2.114 0.0000 -2.1141
1744640653.2059278 0 1.548 -1.583 -2.114 0 0.00 0.000 -2.114 0.0000 -2.1141
1744640653.206047 0 1.548 -1.583 -2.114 0 0.00 0.000 -2.114 0.0000 -2.1141
1744640653.2658958 0 1.548 -1.583 -2.114 0 0.00 0.000 -2.114 0.0000 -2.1141
1744640653.2659898 0 1.548 -1.583 -2.114 0 0.00 0.000 -2.114 0.0000 -2.1141
1744640653.2663229 0 1.548 -1.583 -2.114 0 0.00 0.000 -2.114 0.0000 -2.1141
1744640653.2665951 0 1.548 -1.583 -2.114 0 0.00 0.000 -2.114 0.0000 -2.1141
1744640653.266709 0 1.548 -1.583 -2.114 0 0.00 0.000 -2.114 0.0000 -2.1141
1744640653.26706 0 1.548 -1.583 -2.114 0 0.00 0.000 -2.114 0.0000 -2.1141
1744640653.267126 0 1.548 -1.583 -2.114 0 0.00 0.000 -2.114 0.0000 -2.1141
1744640653.317792 0 1.548 -1.583 -2.114 0 0.00 0.000 -2.114 0.0000 -2.1141
1744640653.318134 0 1.548 -1.583 -2.114 0 0.00 0.000 -2.114 0.0000 -2.1141
1744640653.3182778 0 1.548 -1.583 -2.114 0 0.00 0.000 -2.114 0.0000 -2.1141
1744640653.318572 0 1.548 -1.583 -2.114 0 0.00 0.000 -2.114 0.0000 -2.1141
1744640653.31863 0 1.548 -1.583 -2.114 0 0.00 0.000 -2.114 0.0000 -2.1141
1744640653.318888 0 1.548 -1.583 -2.114 0 0.00 0.000 -2.114 0.0000 -2.1141
1744640653.319136 0 1.548 -1.583 -2.114 0 0.00 0.000 -2.114 0.0000 -2.1141
1744640653.319214 0 1.548 -1.583 -2.114 0 0.00 0.000 -2.114 0.0000 -2.1141
1744640653.319434 0 1.548 -1.583 -2.114 0 0.00 0.000 -2.114 0.0000 -2.1141
1744640653.319482 0 1.548 -1.583 -2.114 0 0.00 0.000 -2.114 0.0000 -2.1141
1744640653.319731 0 1.548 -1.583 -2.114 0 0.00 0.000 -2.114 0.0000 -2.1141
1744640653.319917 0 1.548 -1.583 -2.114 0 0.00 0.000 -2.114 0.0000 -2.1141
1744640653.3199959 0 1.548 -1.583 -2.114 0 0.00 0.000 -2.114 0.0000 -2.1141
1744640653.358432 0 1.548 -1.583 -2.114 0 0.00 0.000 -2.114 0.0000 -2.1141
1744640653.358469 0 1.548 -1.583 -2.114 0 0.00 0.000 -2.114 0.0000 -2.1141
1744640653.358609 0 1.548 -1.583 -2.114 0 0.00 0.000 -2.114 0.0000 -2.1141
1744640653.358724 0 1.548 -1.583 -2.114 0 0.00 0.000 -2.114 0.0000 -2.1141
% 1744640653.360745 robobot/cmd/T0/enc0  
% 1744640653.360798 robobot/cmd/T0/confw 0.074 0.074 19 92 0.23
% 1744640653.360872 robobot/cmd/T0/confi  
1744640653.3664489 0 1.548 -1.583 -2.114 0 0.00 0.000 -2.114 0.0000 -2.1141
1744640653.366697 0 1.548 -1.583 -2.114 0 0.00 0.000 -2.114 0.0000 -2.1141
1744640653.366806 0 1.548 -1.583 -2.114 0 0.00 0.000 -2.114 0.0000 -2.1141
1744640653.394801 0 1.548 -1.583 -2.114 0 0.00 0.000 -2.114 0.0000 -2.1141
1744640653.395015 0 1.548 -1.583 -2.114 0 0.00 0.000 -2.114 0.0000 -2.1141
1744640653.395069 0 1.548 -1.583 -2.114 0 0.00 0.000 -2.114 0.0000 -2.1141
1744640653.395227 0 1.548 -1.583 -2.114 0 0.00 0.000 -2.114 0.0000 -2.1141
1744640653.3952582 0 1.548 -1.583 -2.114 0 0.00 0.000 -2.114 0.0000 -2.1141
1744640653.406527 0 1.548 -1.583 -2.114 0 0.00 0.000 -2.114 0.0000 -2.1141
1744640653.406654 0 1.548 -1.583 -2.114 0 0.00 0.000 -2.114 0.0000 -2.1141
1744640653.406721 0 1.548 -1.583 -2.114 0 0.00 0.000 -2.114 0.0000 -2.1141
1744640653.429389 0 1.548 -1.583 -2.114 0 0.00 0.000 -2.114 0.0000 -2.1141
1744640653.4294531 0 1.548 -1.583 -2.114 0 0.00 0.000 -2.114 0.0000 -2.1141
1744640653.473697 0 0.000 0.000 0.000 0 0.00 0.000 0.000 0.0000 0.0000
1744640653.474188 0 0.000 0.000 0.000 0 0.00 0.000 0.000 0.0000 0.0000
1744640653.47436 0 0.000 0.000 0.000 0 0.00 0.000 0.000 0.0000 0.0000
1744640653.4912472 0 0.000 0.000 0.000 0 0.00 0.000 0.000 0.0000 0.0000
1744640653.4913092 0 0.000 0.000 0.000 0 0.00 0.000 0.000 0.0000 0.0000
1744640653.4916852 0 0.000 0.000 0.000 0 0.00 0.000 0.000 0.0000 0.0000
1744640653.492046 0 0.000 0.000 0.000 0 0.00 0.000 0.000 0.0000 0.0000
1744640653.492234 0 0.000 0.000 0.000 0 0.00 0.000 0.000 0.0000 0.0000
1744640653.519176 0 0.000 0.000 0.000 0 0.00 0.000 0.000 0.0000 0.0000
1744640653.5192919 0 0.000 0.000 0.000 0 0.00 0.000 0.000 0.0000 0.0000
1744640653.519493 0 0.000 0.000 0.000 0 0.00 0.000 0.000 0.0000 0.0000
1744640653.51964 0 0.000 0.000 0.000 0 0.00 0.000 0.000 0.0000 0.0000
1744640653.5196989 0 0.000 0.000 0.000 0 0.00 0.000 0.000 0.0000 0.0000
1744640653.519891 0 0.000 0.000 0.000 0 0.00 0.000 0.000 0.0000 0.0000
1744640653.5199308 0 0.000 0.000 0.000 0 0.00 0.000 0.000 0.0000 0.0000
1744640653.532162 0 0.000 0.000 0.000 0 0.00 0.000 0.000 0.0000 0.0000
1744640653.532352 0 0.000 0.000 0.000 0 0.00 0.000 0.000 0.0000 0.0000
1744640653.532418 0 0.000 0.000 0.000 0 0.00 0.000 0.000 0.0000 0.0000
1744640653.561692 0 0.000 0.000 0.000 0 0.00 0.000 0.000 0.0000 0.0000
1744640653.561835 0 0.000 0.000 0.000 0 0.00 0.000 0.000 0.0000 0.0000
1744640653.562059 0 0.000 0.000 0.000 0 0.00 0.000 0.000 0.0000 0.0000
1744640653.562216 0 0.000 0.000 0.000 0 0.00 0.000 0.000 0.0000 0.0000
1744640653.562303 0 0.000 0.000 0.000 0 0.00 0.000 0.000 0.0000 0.0000
1744640653.608385 0 0.000 0.000 0.000 0 0.00 0.000 0.000 0.0000 0.0000
1744640653.608495 0 0.000 0.000 0.000 0 0.00 0.000 0.000 0.0000 0.0000
1744640653.6089191 0 0.000 0.000 0.000 0 0.00 0.000 0.000 0.0000 0.0000
1744640653.616899 0 0.000 0.000 0.000 0 0.00 0.000 0.000 0.0000 0.0000
1744640653.617046 0 0.000 0.000 0.000 0 0.00 0.000 0.000 0.0000 0.0000
1744640653.617467 0 0.000 0.000 0.000 0 0.00 0.000 0.000 0.0000 0.0000
1744640653.617555 0 0.000 0.000 0.000 0 0.00 0.000 0.000 0.0000 0.0000
1744640653.6568441 0 0.000 0.000 0.000 0 0.00 0.000 0.000 0.0000 0.0000
1744640653.6572 0 0.000 0.000 0.000 0 0.00 0.000 0.000 0.0000 0.0000
1744640653.657344 0 0.000 0.000 0.000 0 0.00 0.000 0.000 0.0000 0.0000
1744640653.658751 0 0.000 0.000 0.000 0 0.00 0.000 0.000 0.0000 0.0000
1744640653.6588402 0 0.000 0.000 0.000 0 0.00 0.000 0.000 0.0000 0.0000
1744640653.659303 0 0.000 0.000 0.000 0 0.00 0.000 0.000 0.0000 0.0000
1744640653.659648 0 0.000 0.000 0.000 0 0.00 0.000 0.000 0.0000 0.0000
1744640653.659789 0 0.000 0.000 0.000 0 0.00 0.000 0.000 0.0000 0.0000
1744640653.660238 0 0.000 0.000 0.000 0 0.00 0.000 0.000 0.0000 0.0000
1744640653.6603231 0 0.000 0.000 0.000 0 0.00 0.000 0.000 0.0000 0.0000
1744640653.697563 0 0.000 0.000 0.000 0 0.00 0.000 0.000 0.0000 0.0000
1744640653.6977658 0 0.000 0.000 0.000 0 0.00 0.000 0.000 0.0000 0.0000
1744640653.6978471 0 0.000 0.000 0.000 0 0.00 0.000 0.000 0.0000 0.0000
1744640653.7081401 0 0.000 0.000 0.000 0 0.00 0.000 0.000 0.0000 0.0000
1744640653.708197 0 0.000 0.000 0.000 0 0.00 0.000 0.000 0.0000 0.0000
1744640653.708435 0 0.000 0.000 0.000 0 0.00 0.000 0.000 0.0000 0.0000
1744640653.708631 0 0.000 0.000 0.000 0 0.00 0.000 0.000 0.0000 0.0000
1744640653.7193239 0 0.000 0.000 0.000 0 0.00 0.000 0.000 0.0000 0.0000
1744640653.743436 0 0.000 0.000 0.000 0 0.00 0.000 0.000 0.0000 0.0000
1744640653.7435331 0 0.000 0.000 0.000 0 0.00 0.000 0.000 0.0000 0.0000
1744640653.744334 0 0.000 0.000 0.000 0 0.00 0.000 0.000 0.0000 0.0000
1744640653.7509701 0 0.000 0.000 0.000 0 0.00 0.000 0.000 0.0000 0.0000
1744640653.7511191 0 0.000 0.000 0.000 0 0.00 0.000 0.000 0.0000 0.0000
1744640653.7515252 0 0.000 0.000 0.000 0 0.00 0.000 0.000 0.0000 0.0000
1744640653.751612 0 0.000 0.000 0.000 0 0.00 0.000 0.000 0.0000 0.0000
1744640653.8730218 0 0.000 0.000 0.000 0 0.00 0.000 0.000 0.0000 0.0000
1744640653.873488 0 0.000 0.000 0.000 0 0.00 0.000 0.000 0.0000 0.0000
1744640653.873652 0 0.000 0.000 0.000 0 0.00 0.000 0.000 0.0000 0.0000
1744640653.874103 0 0.000 0.000 0.000 0 0.00 0.000 0.000 0.0000 0.0000
1744640653.874197 0 0.000 0.000 0.000 0 0.00 0.000 0.000 0.0000 0.0000
1744640653.8747032 0 0.000 0.000 0.000 0 0.00 0.000 0.000 0.0000 0.0000
1744640653.875089 0 0.000 0.000 0.000 0 0.00 0.000 0.000 0.0000 0.0000
1744640653.875243 0 0.000 0.000 0.000 0 0.00 0.000 0.000 0.0000 0.0000
1744640653.875635 0 0.000 0.000 0.000 0 0.00 0.000 0.000 0.0000 0.0000
1744640653.8756878 0 0.000 0.000 0.000 0 0.00 0.000 0.000 0.0000 0.0000
1744640653.875938 0 0.000 0.000 0.000 0 0.00 0.000 0.000 0.0000 0.0000
1744640653.876155 0 0.000 0.000 0.000 0 0.00 0.000 0.000 0.0000 0.0000
1744640653.8762429 0 0.000 0.000 0.000 0 0.00 0.000 0.000 0.0000 0.0000
1744640653.8765209 0 0.000 0.000 0.000 0 0.00 0.000 0.000 0.0000 0.0000
1744640653.876571 0 0.000 0.000 0.000 0 0.00 0.000 0.000 0.0000 0.0000
1744640653.935971 0 0.000 0.000 0.000 0 0.00 0.000 0.000 0.0000 0.0000
1744640653.936367 0 0.000 0.000 0.000 0 0.00 0.000 0.000 0.0000 0.0000
1744640653.9365718 0 0.000 0.000 0.000 0 0.00 0.000 0.000 0.0000 0.0000
1744640653.937165 0 0.000 0.000 0.000 0 0.00 0.000 0.000 0.0000 0.0000
1744640653.937268 0 0.000 0.000 0.000 0 0.00 0.000 0.000 0.0000 0.0000
1744640653.937695 0 0.000 0.000 0.000 0 0.00 0.000 0.000 0.0000 0.0000
1744640653.938105 0 0.000 0.000 0.000 0 0.00 0.000 0.000 0.0000 0.0000
1744640653.9382489 0 0.000 0.000 0.000 0 0.00 0.000 0.000 0.0000 0.0000
1744640653.9386518 0 0.000 0.000 0.000 0 0.00 0.000 0.000 0.0000 0.0000
1744640653.938739 0 0.000 0.000 0.000 0 0.00 0.000 0.000 0.0000 0.0000
1744640653.939202 0 0.000 0.000 0.000 0 0.00 0.000 0.000 0.0000 0.0000
1744640653.9609191 0 0.000 0.000 0.000 0 0.00 0.000 0.000 0.0000 0.0000
1744640653.9609962 0 0.000 0.000 0.000 0 0.00 0.000 0.000 0.0000 0.0000
1744640653.961195 0 0.000 0.000 0.000 0 0.00 0.000 0.000 0.0000 0.0000
1744640653.961237 0 0.000 0.000 0.000 0 0.00 0.000 0.000 0.0000 0.0000
1744640653.9614599 0 0.000 0.000 0.000 0 0.00 0.000 0.000 0.0000 0.0000
1744640653.961632 0 0.000 0.000 0.000 0 0.00 0.000 0.000 0.0000 0.0000
1744640653.9617012 0 0.000 0.000 0.000 0 0.00 0.000 0.000 0.0000 0.0000
1744640653.986003 0 0.000 0.000 0.000 0 0.00 0.000 0.000 0.0000 0.0000
1744640653.986099 0 0.000 0.000 0.000 0 0.00 0.000 0.000 0.0000 0.0000
1744640653.9865239 0 0.000 0.000 0.000 0 0.00 0.000 0.000 0.0000 0.0000
1744640654.145491 0 0.000 0.000 0.000 0 0.00 0.000 0.000 0.0000 0.0000
1744640654.145642 0 0.000 0.000 0.000 0 0.00 0.000 0.000 0.0000 0.0000
1744640654.146246 0 0.000 0.000 0.000 0 0.00 0.000 0.000 0.0000 0.0000
1744640654.1463318 0 0.000 0.000 0.000 0 0.00 0.000 0.000 0.0000 0.0000
1744640654.146832 0 0.000 0.000 0.000 0 0.00 0.000 0.000 0.0000 0.0000
1744640654.147273 0 0.000 0.000 0.000 0 0.00 0.000 0.000 0.0000 0.0000
1744640654.147413 0 0.000 0.000 0.000 0 0.00 0.000 0.000 0.0000 0.0000
1744640654.147893 0 0.000 0.000 0.000 0 0.00 0.000 0.000 0.0000 0.0000
1744640654.1479769 0 0.000 0.000 0.000 0 0.00 0.000 0.000 0.0000 0.0000
1744640654.1483362 0 0.000 0.000 0.000 0 0.00 0.000 0.000 0.0000 0.0000
1744640654.148799 0 0.000 0.000 0.000 0 0.00 0.000 0.000 0.0000 0.0000
1744640654.148886 0 0.000 0.000 0.000 0 0.00 0.000 0.000 0.0000 0.0000
1744640654.151794 0 0.000 0.000 0.000 0 0.00 0.000 0.000 0.0000 0.0000
1744640654.151842 0 0.000 0.000 0.000 0 0.00 0.000 0.000 0.0000 0.0000
1744640654.152064 0 0.000 0.000 0.000 0 0.00 0.000 0.000 0.0000 0.0000
1744640654.152283 0 0.000 0.000 0.000 0 0.00 0.000 0.000 0.0000 0.0000
1744640654.152329 0 0.000 0.000 0.000 0 0.00 0.000 0.000 0.0000 0.0000
1744640654.152579 0 0.000 0.000 0.000 0 0.00 0.000 0.000 0.0000 0.0000
1744640654.1526232 0 0.000 0.000 0.000 0 0.00 0.000 0.000 0.0000 0.0000
1744640654.1528692 0 0.000 0.000 0.000 0 0.00 0.000 0.000 0.0000 0.0000
1744640654.153086 0 0.000 0.000 0.000 0 0.00 0.000 0.000 0.0000 0.0000
1744640654.153136 0 0.000 0.000 0.000 0 0.00 0.000 0.000 0.0000 0.0000
1744640654.154827 0 0.000 0.000 0.000 0 0.00 0.000 0.000 0.0000 0.0000
1744640654.154891 0 0.000 0.000 0.000 0 0.00 0.000 0.000 0.0000 0.0000
1744640654.155143 0 0.000 0.000 0.000 0 0.00 0.000 0.000 0.0000 0.0000
1744640654.155426 0 0.000 0.000 0.000 0 0.00 0.000 0.000 0.0000 0.0000
1744640654.155487 0 0.000 0.000 0.000 0 0.00 0.000 0.000 0.0000 0.0000
1744640654.212242 0 0.000 0.000 0.000 0 0.00 0.000 0.000 0.0000 0.0000
1744640654.212331 0 0.000 0.000 0.000 0 0.00 0.000 0.000 0.0000 0.0000
1744640654.212432 0 0.000 0.000 0.000 0 0.00 0.000 0.000 0.0000 0.0000
1744640654.212597 0 0.000 0.000 0.000 0 0.00 0.000 0.000 0.0000 0.0000
1744640654.212657 0 0.000 0.000 0.000 0 0.00 0.000 0.000 0.0000 0.0000
1744640654.212845 0 0.000 0.000 0.000 0 0.00 0.000 0.000 0.0000 0.0000
1744640654.21292 0 0.000 0.000 0.000 0 0.00 0.000 0.000 0.0000 0.0000
1744640654.213022 0 0.000 0.000 0.000 0 0.00 0.000 0.000 0.0000 0.0000
1744640654.2132008 0 0.000 0.000 0.000 0 0.00 0.000 0.000 0.0000 0.0000
1744640654.2132359 0 0.000 0.000 0.000 0 0.00 0.000 0.000 0.0000 0.0000
1744640654.2134242 0 0.000 0.000 0.000 0 0.00 0.000 0.000 0.0000 0.0000
1744640654.2259881 0 0.000 0.000 0.000 0 0.00 0.000 0.000 0.0000 0.0000
1744640654.226162 0 0.000 0.000 0.000 0 0.00 0.000 0.000 0.0000 0.0000
1744640654.226363 0 0.000 0.000 0.000 0 0.00 0.000 0.000 0.0000 0.0000
1744640654.2264042 0 0.000 0.000 0.000 0 0.00 0.000 0.000 0.0000 0.0000
1744640654.2843132 0 0.000 0.000 0.000 0 0.00 0.000 0.000 0.0000 0.0000
1744640654.284506 0 0.000 0.000 0.000 0 0.00 0.000 0.000 0.0000 0.0000
1744640654.284815 0 0.000 0.000 0.000 0 0.00 0.000 0.000 0.0000 0.0000
1744640654.3215501 0 0.000 0.000 0.000 0 0.00 0.000 0.000 0.0000 0.0000
1744640654.321641 0 0.000 0.000 0.000 0 0.00 0.000 0.000 0.0000 0.0000
1744640654.322168 0 0.000 0.000 0.000 0 0.00 0.000 0.000 0.0000 0.0000
1744640654.322355 0 0.000 0.000 0.000 0 0.00 0.000 0.000 0.0000 0.0000
1744640654.322603 0 0.000 0.000 0.000 0 0.00 0.000 0.000 0.0000 0.0000
1744640654.322998 0 0.000 0.000 0.000 0 0.00 0.000 0.000 0.0000 0.0000
1744640654.323092 0 0.000 0.000 0.000 0 0.00 0.000 0.000 0.0000 0.0000
1744640654.323458 0 0.000 0.000 0.000 0 0.00 0.000 0.000 0.0000 0.0000
1744640654.323724 0 0.000 0.000 0.000 0 0.00 0.000 0.000 0.0000 0.0000
1744640654.3238559 0 0.000 0.000 0.000 0 0.00 0.000 0.000 0.0000 0.0000
1744640654.32406 0 0.000 0.000 0.000 0 0.00 0.000 0.000 0.0000 0.0000
1744640654.324131 0 0.000 0.000 0.000 0 0.00 0.000 0.000 0.0000 0.0000
% 1744640654.330987 robobot/cmd/T0/lip 1
% 1744640654.3311071 robobot/cmd/T0/sub livn 10
% 1744640654.3523111 robobot/cmd/T0/liwi  
% 1744640654.373497 robobot/cmd/T0/liwi  
% 1744640654.39464 robobot/cmd/T0/liwi  
% 1744640654.4149902 robobot/cmd/T0/liwi  
1744640654.417168 0 0.000 0.000 0.000 1 0.00 0.000 0.000 0.0000 0.0000
1744640654.417241 0 0.000 0.000 0.000 1 0.00 0.000 0.000 0.0000 0.0000
1744640654.417311 0 0.000 0.000 0.000 1 0.00 0.000 0.000 0.0000 0.0000
1744640654.417428 0 0.000 0.000 0.000 1 0.00 0.000 0.000 0.0000 0.0000
1744640654.417451 0 0.000 0.000 0.000 1 0.00 0.000 0.000 0.0000 0.0000
1744640654.4177501 0 0.000 0.000 0.000 1 0.00 0.000 0.000 0.0000 0.0000
1744640654.4177978 0 0.000 0.000 0.000 1 0.00 0.000 0.000 0.0000 0.0000
1744640654.417873 0 0.000 0.000 0.000 1 0.00 0.000 0.000 0.0000 0.0000
1744640654.417974 0 0.000 0.000 0.000 1 0.00 0.000 0.000 0.0000 0.0000
1744640654.417996 0 0.000 0.000 0.000 1 0.00 0.000 0.000 0.0000 0.0000
1744640654.4181151 0 0.000 0.000 0.000 1 0.00 0.000 0.000 0.0000 0.0000
1744640654.4181619 0 0.000 0.000 0.000 1 0.00 0.000 0.000 0.0000 0.0000
1744640654.431983 0 0.000 0.000 0.000 1 0.00 0.000 0.000 0.0000 0.0000
1744640654.432091 0 0.000 0.000 0.000 1 0.00 0.000 0.000 0.0000 0.0000
1744640654.432113 0 0.000 0.000 0.000 1 0.00 0.000 0.000 0.0000 0.0000
1744640654.432242 0 0.000 0.000 0.000 1 0.00 0.000 0.000 0.0000 0.0000
1744640654.4322891 0 0.000 0.000 0.000 1 0.00 0.000 0.000 0.0000 0.0000
1744640654.432354 0 0.000 0.000 0.000 1 0.00 0.000 0.000 0.0000 0.0000
% 1744640654.436078 robobot/cmd/T0/liwi  
1744640654.441917 0 0.000 0.000 0.000 1 0.00 0.000 0.000 0.0000 0.0000
1744640654.441942 0 0.000 0.000 0.000 1 0.00 0.000 0.000 0.0000 0.0000
1744640654.4420748 0 0.000 0.000 0.000 1 0.00 0.000 0.000 0.0000 0.0000
1744640654.442122 0 0.000 0.000 0.000 1 0.00 0.000 0.000 0.0000 0.0000
1744640654.442184 0 0.000 0.000 0.000 1 0.00 0.000 0.000 0.0000 0.0000
% 1744640654.456469 robobot/cmd/T0/liwi  
1744640654.468758 0 0.000 0.000 0.000 1 0.00 0.000 0.000 0.0000 0.0000
1744640654.468794 0 0.000 0.000 0.000 1 0.00 0.000 0.000 0.0000 0.0000
1744640654.4689212 0 0.000 0.000 0.000 1 0.00 0.000 0.000 0.0000 0.0000
% 1744640654.47754 robobot/cmd/T0/liwi  
% 1744640654.498571 robobot/cmd/T0/liwi  
1744640654.5113118 0 0.000 0.000 0.000 1 0.00 0.000 0.000 0.0000 0.0000
1744640654.511513 0 0.000 0.000 0.000 1 0.00 0.000 0.000 0.0000 0.0000
1744640654.51167 0 0.000 0.000 0.000 1 0.00 0.000 0.000 0.0000 0.0000
1744640654.5117 0 0.000 0.000 0.000 1 0.00 0.000 0.000 0.0000 0.0000
% 1744640654.519098 robobot/cmd/T0/liwi  
% 1744640654.5402932 robobot/cmd/T0/liwi  
% 1744640654.561434 robobot/cmd/T0/liwi  
% 1744640654.582546 robobot/cmd/T0/liwi  
% 1744640654.603725 robobot/cmd/T0/liwi  
% 1744640654.6248288 robobot/cmd/T0/liwi  
1744640654.630825 0 0.000 0.000 0.000 1 0.00 0.000 0.000 0.0000 0.0000
1744640654.6310232 0 0.000 0.000 0.000 1 0.00 0.000 0.000 0.0000 0.0000
1744640654.6313338 0 0.000 0.000 0.000 1 0.00 0.000 0.000 0.0000 0.0000
1744640654.631739 0 0.000 0.000 0.000 1 0.00 0.000 0.000 0.0000 0.0000
1744640654.631825 0 0.000 0.000 0.000 1 0.00 0.000 0.000 0.0000 0.0000
1744640654.6322932 0 0.000 0.000 0.000 1 0.00 0.000 0.000 0.0000 0.0000
1744640654.632479 0 0.000 0.000 0.000 1 0.00 0.000 0.000 0.0000 0.0000
1744640654.633486 0 0.000 0.000 0.000 1 0.00 0.000 0.000 0.0000 0.0000
1744640654.633916 0 0.000 0.000 0.000 1 0.00 0.000 0.000 0.0000 0.0000
1744640654.6340039 0 0.000 0.000 0.000 1 0.00 0.000 0.000 0.0000 0.0000
1744640654.637303 0 0.000 0.000 0.000 1 0.00 0.000 0.000 0.0000 0.0000
1744640654.637491 0 0.000 0.000 0.000 1 0.00 0.000 0.000 0.0000 0.0000
1744640654.637739 0 0.000 0.000 0.000 1 0.00 0.000 0.000 0.0000 0.0000
% 1744640654.64598 robobot/cmd/T0/liwi  
% 1744640654.667124 robobot/cmd/T0/liwi  
% 1744640654.6882508 robobot/cmd/T0/liwi  
% 1744640654.708606 robobot/cmd/T0/liwi  
% 1744640654.729846 robobot/cmd/T0/liwi  
% 1744640654.750995 robobot/cmd/T0/liwi  
% 1744640654.772135 robobot/cmd/T0/liwi  
% 1744640654.793241 robobot/cmd/T0/liwi  
% 1744640654.814337 robobot/cmd/T0/liwi  
% 1744640654.835437 robobot/cmd/T0/liwi  
% 1744640654.8565571 robobot/cmd/T0/liwi  
% 1744640654.8776572 robobot/cmd/T0/liwi  
% 1744640654.898767 robobot/cmd/T0/liwi  
% 1744640654.919878 robobot/cmd/T0/liwi  
% 1744640654.941001 robobot/cmd/T0/liwi  
% 1744640654.962164 robobot/cmd/T0/liwi  
% 1744640654.983087 robobot/cmd/T0/liwi  
% 1744640654.983364 robobot/cmd/T0/leds 16 30 30 0
% 1744640654.9834619 robobot/cmd/ti/rc 0.0 0.0
% 1744640654.9835498 robobot/cmd/T0/leds 16 0 0 30
% 1744640654.983659 robobot/cmd/ti/rc 0.0 0.0
1744640655.0058901 0 0.000 0.000 0.000 1 0.00 0.000 0.000 0.0000 0.0000
1744640655.0059571 0 0.000 0.000 0.000 1 0.00 0.000 0.000 0.0000 0.0000
1744640655.006352 0 0.000 0.000 0.000 1 0.00 0.000 0.000 0.0000 0.0000
1744640655.006443 0 0.000 0.000 0.000 1 0.00 0.000 0.000 0.0000 0.0000
1744640655.006549 0 0.000 0.000 0.000 1 0.00 0.000 0.000 0.0000 0.0000
1744640655.0069592 0 0.000 0.000 0.000 1 0.00 0.000 0.000 0.0000 0.0000
1744640655.007015 0 0.000 0.000 0.000 1 0.00 0.000 0.000 0.0000 0.0000
1744640655.0071812 0 0.000 0.000 0.000 1 0.00 0.000 0.000 0.0000 0.0000
1744640655.007256 0 0.000 0.000 0.000 1 0.00 0.000 0.000 0.0000 0.0000
1744640655.0073442 0 0.000 0.000 0.000 1 0.00 0.000 0.000 0.0000 0.0000
1744640655.007504 0 0.000 0.000 0.000 1 0.00 0.000 0.000 0.0000 0.0000
1744640655.007537 0 0.000 0.000 0.000 1 0.00 0.000 0.000 0.0000 0.0000
1744640655.015477 0 0.000 0.000 0.000 1 0.00 0.000 0.000 0.0000 0.0000
1744640655.015543 0 0.000 0.000 0.000 1 0.00 0.000 0.000 0.0000 0.0000
1744640655.015648 0 0.000 0.000 0.000 1 0.00 0.000 0.000 0.0000 0.0000
1744640655.033986 0 0.000 0.000 0.000 1 0.00 0.000 0.000 0.0000 0.0000
1744640655.0341032 0 0.000 0.000 0.000 1 0.00 0.000 0.000 0.0000 0.0000
1744640655.0348768 0 0.000 0.000 0.000 1 0.00 0.000 0.000 0.0000 0.0000
1744640655.034955 0 0.000 0.000 0.000 1 0.00 0.000 0.000 0.0000 0.0000
1744640655.035093 0 0.000 0.000 0.000 1 0.00 0.000 0.000 0.0000 0.0000
1744640655.035257 0 0.000 0.000 0.000 1 0.00 0.000 0.000 0.0000 0.0000
1744640655.035294 0 0.000 0.000 0.000 1 0.00 0.000 0.000 0.0000 0.0000
1744640655.037639 0 0.000 0.000 0.000 1 0.00 0.000 0.000 0.0000 0.0000
1744640655.037725 0 0.000 0.000 0.000 1 0.00 0.000 0.000 0.0000 0.0000
1744640655.037827 0 0.000 0.000 0.000 1 0.00 0.000 0.000 0.0000 0.0000
1744640655.0379899 0 0.000 0.000 0.000 1 0.00 0.000 0.000 0.0000 0.0000
1744640655.038028 0 0.000 0.000 0.000 1 0.00 0.000 0.000 0.0000 0.0000
1744640655.038238 0 0.000 0.000 0.000 1 0.00 0.000 0.000 0.0000 0.0000
1744640655.038313 0 0.000 0.000 0.000 1 0.00 0.000 0.000 0.0000 0.0000
1744640655.038419 0 0.000 0.000 0.000 1 0.00 0.000 0.000 0.0000 0.0000
1744640655.038583 0 0.000 0.000 0.000 1 0.00 0.000 0.000 0.0000 0.0000
1744640655.03864 0 0.000 0.000 0.000 1 0.00 0.000 0.000 0.0000 0.0000
1744640655.038887 0 0.000 0.000 0.000 1 0.00 0.000 0.000 0.0000 0.0000
1744640655.03899 0 0.000 0.000 0.000 1 0.00 0.000 0.000 0.0000 0.0000
1744640655.039103 0 0.000 0.000 0.000 1 0.00 0.000 0.000 0.0000 0.0000
1744640655.0392919 0 0.000 0.000 0.000 1 0.00 0.000 0.000 0.0000 0.0000
1744640655.03933 0 0.000 0.000 0.000 1 0.00 0.000 0.000 0.0000 0.0000
1744640655.039805 0 0.000 0.000 0.000 1 0.00 0.000 0.000 0.0000 0.0000
1744640655.039882 0 0.000 0.000 0.000 1 0.00 0.000 0.000 0.0000 0.0000
1744640655.0400052 0 0.000 0.000 0.000 1 0.00 0.000 0.000 0.0000 0.0000
1744640655.040168 0 0.000 0.000 0.000 1 0.00 0.000 0.000 0.0000 0.0000
1744640655.040568 0 0.000 0.000 0.000 1 0.00 0.000 0.000 0.0000 0.0000
1744640655.040763 0 0.000 0.000 0.000 1 0.00 0.000 0.000 0.0000 0.0000
1744640655.04086 0 0.000 0.000 0.000 1 0.00 0.000 0.000 0.0000 0.0000
1744640655.041093 0 0.000 0.000 0.000 1 0.00 0.000 0.000 0.0000 0.0000
1744640655.041484 0 0.000 0.000 0.000 1 0.00 0.000 0.000 0.0000 0.0000
1744640655.04152 0 0.000 0.000 0.000 1 0.00 0.000 0.000 0.0000 0.0000
1744640655.041722 0 0.000 0.000 0.000 1 0.00 0.000 0.000 0.0000 0.0000
1744640655.042422 0 0.000 0.000 0.000 1 0.00 0.000 0.000 0.0000 0.0000
1744640655.0425029 0 0.000 0.000 0.000 1 0.00 0.000 0.000 0.0000 0.0000
1744640655.0426629 0 0.000 0.000 0.000 1 0.00 0.000 0.000 0.0000 0.0000
1744640655.042697 0 0.000 0.000 0.000 1 0.00 0.000 0.000 0.0000 0.0000
1744640655.043073 0 0.000 0.000 0.000 1 0.00 0.000 0.000 0.0000 0.0000
1744640655.043168 0 0.000 0.000 0.000 1 0.00 0.000 0.000 0.0000 0.0000
1744640655.043245 0 0.000 0.000 0.000 1 0.00 0.000 0.000 0.0000 0.0000
1744640655.043403 0 0.000 0.000 0.000 1 0.00 0.000 0.000 0.0000 0.0000
1744640655.043458 0 0.000 0.000 0.000 1 0.00 0.000 0.000 0.0000 0.0000
1744640655.043643 0 0.000 0.000 0.000 1 0.00 0.000 0.000 0.0000 0.0000
1744640655.043736 0 0.000 0.000 0.000 1 0.00 0.000 0.000 0.0000 0.0000
1744640655.315489 0 0.000 0.000 0.000 2 0.00 0.000 0.000 0.0000 0.0000
1744640655.31599 0 0.000 0.000 0.000 2 0.00 0.000 0.000 0.0000 0.0000
1744640655.3160179 0 0.000 0.000 0.000 2 0.00 0.000 0.000 0.0000 0.0000
1744640655.317197 0 0.000 0.000 0.000 2 0.00 0.000 0.000 0.0000 0.0000
1744640655.3178391 0 0.000 0.000 0.000 2 0.00 0.000 0.000 0.0000 0.0000
1744640655.318319 0 0.000 0.000 0.000 2 0.00 0.000 0.000 0.0000 0.0000
1744640655.3188689 0 0.000 0.000 0.000 2 0.00 0.000 0.000 0.0000 0.0000
1744640655.318913 0 0.000 0.000 0.000 2 0.00 0.000 0.000 0.0000 0.0000
1744640655.347786 0 0.000 0.000 0.000 2 0.00 0.000 0.000 0.0000 0.0000
1744640655.3479722 0 0.000 0.000 0.000 2 0.00 0.000 0.000 0.0000 0.0000
1744640655.3480551 0 0.000 0.000 0.000 2 0.00 0.000 0.000 0.0000 0.0000
1744640655.3482869 0 0.000 0.000 0.000 2 0.00 0.000 0.000 0.0000 0.0000
1744640655.348317 0 0.000 0.000 0.000 2 0.00 0.000 0.000 0.0000 0.0000
1744640655.3484612 0 0.000 0.000 0.000 2 0.00 0.000 0.000 0.0000 0.0000
1744640655.348524 0 0.000 0.000 0.000 2 0.00 0.000 0.000 0.0000 0.0000
1744640655.3485749 0 0.000 0.000 0.000 2 0.00 0.000 0.000 0.0000 0.0000
1744640655.3487859 0 0.000 0.000 0.000 2 0.00 0.000 0.000 0.0000 0.0000
1744640655.348809 0 0.000 0.000 0.000 2 0.00 0.000 0.000 0.0000 0.0000
1744640655.350038 0 0.000 0.000 0.000 2 0.00 0.000 0.000 0.0000 0.0000
1744640655.350102 0 0.000 0.000 0.000 2 0.00 0.000 0.000 0.0000 0.0000
1744640655.350153 0 0.000 0.000 0.000 2 0.00 0.000 0.000 0.0000 0.0000
1744640655.3502562 0 0.000 0.000 0.000 2 0.00 0.000 0.000 0.0000 0.0000
1744640655.351535 0 0.000 0.000 0.000 2 0.00 0.000 0.000 0.0000 0.0000
1744640655.351661 0 0.000 0.000 0.000 2 0.00 0.000 0.000 0.0000 0.0000
1744640655.351723 0 0.000 0.000 0.000 2 0.00 0.000 0.000 0.0000 0.0000
1744640655.351773 0 0.000 0.000 0.000 2 0.00 0.000 0.000 0.0000 0.0000
1744640655.3523252 0 0.000 0.000 0.000 2 0.00 0.000 0.000 0.0000 0.0000
1744640655.3525372 0 0.000 0.000 0.000 2 0.00 0.000 0.000 0.0000 0.0000
1744640655.352996 0 0.000 0.000 0.000 2 0.00 0.000 0.000 0.0000 0.0000
1744640655.353059 0 0.000 0.000 0.000 2 0.00 0.000 0.000 0.0000 0.0000
1744640655.353125 0 0.000 0.000 0.000 2 0.00 0.000 0.000 0.0000 0.0000
1744640655.35323 0 0.000 0.000 0.000 2 0.00 0.000 0.000 0.0000 0.0000
1744640655.3532531 0 0.000 0.000 0.000 2 0.00 0.000 0.000 0.0000 0.0000
1744640655.353371 0 0.000 0.000 0.000 2 0.00 0.000 0.000 0.0000 0.0000
1744640655.353429 0 0.000 0.000 0.000 2 0.00 0.000 0.000 0.0000 0.0000
1744640655.3534908 0 0.000 0.000 0.000 2 0.00 0.000 0.000 0.0000 0.0000
1744640655.353597 0 0.000 0.000 0.000 2 0.00 0.000 0.000 0.0000 0.0000
1744640655.353621 0 0.000 0.000 0.000 2 0.00 0.000 0.000 0.0000 0.0000
1744640655.353751 0 0.000 0.000 0.000 2 0.00 0.000 0.000 0.0000 0.0000
1744640655.353811 0 0.000 0.000 0.000 2 0.00 0.000 0.000 0.0000 0.0000
1744640655.392781 0 0.000 0.000 0.000 2 0.00 0.000 0.000 0.0000 0.0000
1744640655.392898 0 0.000 0.000 0.000 2 0.00 0.000 0.000 0.0000 0.0000
1744640655.392921 0 0.000 0.000 0.000 2 0.00 0.000 0.000 0.0000 0.0000
1744640655.393054 0 0.000 0.000 0.000 2 0.00 0.000 0.000 0.0000 0.0000
1744640655.393114 0 0.000 0.000 0.000 2 0.00 0.000 0.000 0.0000 0.0000
1744640655.393167 0 0.000 0.000 0.000 2 0.00 0.000 0.000 0.0000 0.0000
1744640655.3932722 0 0.000 0.000 0.000 2 0.00 0.000 0.000 0.0000 0.0000
1744640655.393307 0 0.000 0.000 0.000 2 0.00 0.000 0.000 0.0000 0.0000
1744640655.393526 0 0.000 0.000 0.000 2 0.00 0.000 0.000 0.0000 0.0000
1744640655.393638 0 0.000 0.000 0.000 2 0.00 0.000 0.000 0.0000 0.0000
1744640655.393696 0 0.000 0.000 0.000 2 0.00 0.000 0.000 0.0000 0.0000
1744640655.471731 120 0.000 0.000 0.000 2 0.00 0.000 0.000 0.0000 0.0000
% 1744640655.471752 % State change from -1 to 120
1744640655.478229 120 0.000 0.000 0.000 2 0.00 0.000 0.000 0.0000 0.0000
1744640655.4782588 120 0.000 0.000 0.000 2 0.00 0.000 0.000 0.0000 0.0000
1744640655.478384 120 0.000 0.000 0.000 2 0.00 0.000 0.000 0.0000 0.0000
1744640655.478505 120 0.000 0.000 0.000 2 0.00 0.000 0.000 0.0000 0.0000
1744640655.478594 120 0.000 0.000 0.000 2 0.00 0.000 0.000 0.0000 0.0000
1744640655.478709 120 0.000 0.000 0.000 2 0.00 0.000 0.000 0.0000 0.0000
1744640655.478736 120 0.000 0.000 0.000 2 0.00 0.000 0.000 0.0000 0.0000
1744640655.478859 120 0.000 0.000 0.000 2 0.00 0.000 0.000 0.0000 0.0000
1744640655.478977 120 0.000 0.000 0.000 2 0.00 0.000 0.000 0.0000 0.0000
1744640655.479043 120 0.000 0.000 0.000 2 0.00 0.000 0.000 0.0000 0.0000
% 1744640655.5229921 robobot/cmd/ti/alive 2025-04-14 16:24:12.630891
1744640655.619842 120 0.000 0.000 0.000 2 0.00 0.000 0.000 0.0000 0.0000
1744640655.619955 120 0.000 0.000 0.000 2 0.00 0.000 0.000 0.0000 0.0000
1744640655.6203918 120 0.000 0.000 0.000 2 0.00 0.000 0.000 0.0000 0.0000
1744640655.620554 120 0.000 0.000 0.000 2 0.00 0.000 0.000 0.0000 0.0000
1744640655.6206982 120 0.000 0.000 0.000 2 0.00 0.000 0.000 0.0000 0.0000
1744640655.620987 120 0.000 0.000 0.000 2 0.00 0.000 0.000 0.0000 0.0000
1744640655.6211011 120 0.000 0.000 0.000 2 0.00 0.000 0.000 0.0000 0.0000
1744640655.621879 120 0.000 0.000 0.000 2 0.00 0.000 0.000 0.0000 0.0000
1744640655.622218 120 0.000 0.000 0.000 2 0.00 0.000 0.000 0.0000 0.0000
1744640655.622456 120 0.000 0.000 0.000 2 0.00 0.000 0.000 0.0000 0.0000
1744640655.622685 120 0.000 0.000 0.000 2 0.00 0.000 0.000 0.0000 0.0000
1744640655.622762 120 0.000 0.000 0.000 2 0.00 0.000 0.000 0.0000 0.0000
1744640655.623122 120 0.000 0.000 0.000 2 0.00 0.000 0.000 0.0000 0.0000
1744640655.6232388 120 0.000 0.000 0.000 2 0.00 0.000 0.000 0.0000 0.0000
1744640655.623334 120 0.000 0.000 0.000 2 0.00 0.000 0.000 0.0000 0.0000
1744640655.623549 120 0.000 0.000 0.000 2 0.00 0.000 0.000 0.0000 0.0000
1744640655.6236029 120 0.000 0.000 0.000 2 0.00 0.000 0.000 0.0000 0.0000
1744640655.628059 120 0.000 0.000 0.000 2 0.00 0.000 0.000 0.0000 0.0000
1744640655.628437 120 0.000 0.000 0.000 2 0.00 0.000 0.000 0.0000 0.0000
1744640655.628573 120 0.000 0.000 0.000 2 0.00 0.000 0.000 0.0000 0.0000
1744640655.628788 120 0.000 0.000 0.000 2 0.00 0.000 0.000 0.0000 0.0000
1744640655.628834 120 0.000 0.000 0.000 2 0.00 0.000 0.000 0.0000 0.0000
1744640655.632448 120 0.000 0.000 0.000 2 0.00 0.000 0.000 0.0000 0.0000
1744640655.632604 120 0.000 0.000 0.000 2 0.00 0.000 0.000 0.0000 0.0000
1744640655.632728 120 0.000 0.000 0.000 2 0.00 0.000 0.000 0.0000 0.0000
1744640655.6329548 120 0.000 0.000 0.000 2 0.00 0.000 0.000 0.0000 0.0000
1744640655.633004 120 0.000 0.000 0.000 2 0.00 0.000 0.000 0.0000 0.0000
1744640655.633392 120 0.000 0.000 0.000 2 0.00 0.000 0.000 0.0000 0.0000
1744640655.656152 120 0.000 0.000 0.000 3 0.00 0.000 0.000 0.0000 0.0000
1744640655.656683 120 0.000 0.000 0.000 3 0.00 0.000 0.000 0.0000 0.0000
1744640655.6572149 120 0.000 0.000 0.000 3 0.00 0.000 0.000 0.0000 0.0000
1744640655.657307 120 0.000 0.000 0.000 3 0.00 0.000 0.000 0.0000 0.0000
1744640655.657603 120 0.000 0.000 0.000 3 0.00 0.000 0.000 0.0000 0.0000
1744640655.657734 120 0.000 0.000 0.000 3 0.00 0.000 0.000 0.0000 0.0000
1744640655.657841 120 0.000 0.000 0.000 3 0.00 0.000 0.000 0.0000 0.0000
1744640655.659019 120 0.000 0.000 0.000 3 0.00 0.000 0.000 0.0000 0.0000
1744640655.659088 120 0.000 0.000 0.000 3 0.00 0.000 0.000 0.0000 0.0000
1744640655.659383 120 0.000 0.000 0.000 3 0.00 0.000 0.000 0.0000 0.0000
1744640655.659505 120 0.000 0.000 0.000 3 0.00 0.000 0.000 0.0000 0.0000
1744640655.659604 120 0.000 0.000 0.000 3 0.00 0.000 0.000 0.0000 0.0000
1744640655.6598258 120 0.000 0.000 0.000 3 0.00 0.000 0.000 0.0000 0.0000
1744640655.659899 120 0.000 0.000 0.000 3 0.00 0.000 0.000 0.0000 0.0000
1744640655.660154 120 0.000 0.000 0.000 3 0.00 0.000 0.000 0.0000 0.0000
1744640655.660276 120 0.000 0.000 0.000 3 0.00 0.000 0.000 0.0000 0.0000
1744640655.660396 120 0.000 0.000 0.000 3 0.00 0.000 0.000 0.0000 0.0000
1744640655.660604 120 0.000 0.000 0.000 3 0.00 0.000 0.000 0.0000 0.0000
1744640655.6608498 120 0.000 0.000 0.000 3 0.00 0.000 0.000 0.0000 0.0000
1744640655.668711 120 0.000 0.000 0.000 3 0.00 0.000 0.000 0.0000 0.0000
1744640655.6688461 120 0.000 0.000 0.000 3 0.00 0.000 0.000 0.0000 0.0000
1744640655.668907 120 0.000 0.000 0.000 3 0.00 0.000 0.000 0.0000 0.0000
1744640655.66902 120 0.000 0.000 0.000 3 0.00 0.000 0.000 0.0000 0.0000
1744640655.669044 120 0.000 0.000 0.000 3 0.00 0.000 0.000 0.0000 0.0000
1744640655.66918 120 0.000 0.000 0.000 3 0.00 0.000 0.000 0.0000 0.0000
1744640655.686485 120 0.000 0.000 0.000 3 0.00 0.000 0.000 0.0000 0.0000
1744640655.686574 120 0.000 0.000 0.000 3 0.00 0.000 0.000 0.0000 0.0000
% 1744640655.691786 robobot/cmd/T0/leds 16 0 100 0
% 1744640655.6918101 robobot/cmd/ti/rc -0.20 0.0
1744640655.705912 120 0.000 0.000 0.000 3 0.00 0.000 0.000 0.0000 0.0000
1744640655.705965 120 0.000 0.000 0.000 3 0.00 0.000 0.000 0.0000 0.0000
1744640655.7061162 120 0.000 0.000 0.000 3 0.00 0.000 0.000 0.0000 0.0000
1744640655.706231 120 0.000 0.000 0.000 3 0.00 0.000 0.000 0.0000 0.0000
1744640655.7063732 120 0.000 0.000 0.000 3 0.00 0.000 0.000 0.0000 0.0000
1744640655.706536 120 0.000 0.000 0.000 3 0.00 0.000 0.000 0.0000 0.0000
1744640655.706563 120 0.000 0.000 0.000 3 0.00 0.000 0.000 0.0000 0.0000
1744640655.706692 120 0.000 0.000 0.000 3 0.00 0.000 0.000 0.0000 0.0000
1744640655.763712 120 0.000 0.000 0.000 3 0.00 0.000 0.000 0.0000 0.0000
1744640655.7638552 120 0.000 0.000 0.000 3 0.00 0.000 0.000 0.0000 0.0000
1744640655.764135 120 0.000 0.000 0.000 3 0.00 0.000 0.000 0.0000 0.0000
1744640655.7641861 120 0.000 0.000 0.000 3 0.00 0.000 0.000 0.0000 0.0000
1744640655.7644212 120 0.000 0.000 0.000 3 0.00 0.000 0.000 0.0000 0.0000
1744640655.7645419 120 0.000 0.000 0.000 3 0.00 0.000 0.000 0.0000 0.0000
1744640655.7646651 120 0.000 0.000 0.000 3 0.00 0.000 0.000 0.0000 0.0000
1744640655.764867 120 0.000 0.000 0.000 3 0.00 0.000 0.000 0.0000 0.0000
1744640655.764914 120 0.000 0.000 0.000 3 0.00 0.000 0.000 0.0000 0.0000
1744640655.765153 120 0.000 0.000 0.000 3 0.00 0.000 0.000 0.0000 0.0000
1744640655.8474848 120 0.000 0.000 0.000 3 0.00 0.000 0.000 0.0000 0.0000
1744640655.847757 120 0.000 0.000 0.000 3 0.00 0.000 0.000 0.0000 0.0000
1744640655.84819 120 0.000 0.000 0.000 3 0.00 0.000 0.000 0.0000 0.0000
1744640655.848279 120 0.000 0.000 0.000 3 0.00 0.000 0.000 0.0000 0.0000
1744640655.849122 120 0.000 0.000 0.000 3 0.00 0.000 0.000 0.0000 0.0000
1744640655.849361 120 0.000 0.000 0.000 3 0.00 0.000 0.000 0.0000 0.0000
1744640655.849556 120 0.000 0.000 0.000 3 0.00 0.000 0.000 0.0000 0.0000
1744640655.8499682 120 0.000 0.000 0.000 3 0.00 0.000 0.000 0.0000 0.0000
1744640655.852302 120 0.000 0.000 0.000 3 0.00 0.000 0.000 0.0000 0.0000
1744640655.852601 120 0.000 0.000 0.000 3 0.00 0.000 0.000 0.0000 0.0000
1744640655.852731 120 0.000 0.000 0.000 3 0.00 0.000 0.000 0.0000 0.0000
1744640655.852837 120 0.000 0.000 0.000 3 0.00 0.000 0.000 0.0000 0.0000
1744640655.8759592 120 0.000 0.000 0.000 3 0.00 0.000 0.000 0.0000 0.0000
1744640655.876056 120 0.000 0.000 0.000 3 0.00 0.000 0.000 0.0000 0.0000
1744640655.876544 120 0.000 0.000 0.000 3 0.00 0.000 0.000 0.0000 0.0000
1744640655.890162 120 0.000 0.000 0.000 3 0.00 0.000 0.000 0.0000 0.0000
1744640655.890371 120 0.000 0.000 0.000 3 0.00 0.000 0.000 0.0000 0.0000
1744640655.890837 120 -0.000 -0.000 0.001 3 0.00 0.000 0.001 0.0000 0.0012
1744640655.8909261 120 -0.000 -0.000 0.001 3 0.00 0.000 0.001 0.0000 0.0012
1744640655.891393 120 -0.001 -0.000 0.001 3 0.00 0.000 0.001 0.0000 0.0012
1744640655.891634 120 -0.001 -0.000 0.000 3 0.00 0.000 0.000 0.0000 0.0000
1744640655.891886 120 -0.001 -0.000 0.001 3 0.00 0.000 0.001 0.0000 0.0012
1744640655.928324 120 -0.002 -0.000 0.001 3 0.00 -0.001 0.001 -0.0005 0.0012
1744640655.928425 120 -0.002 -0.000 0.001 3 0.00 -0.001 0.001 -0.0005 0.0012
1744640655.9289112 120 -0.003 -0.000 -0.001 3 0.00 -0.002 -0.001 -0.0018 -0.0012
1744640655.929209 120 -0.004 -0.000 -0.001 3 0.00 -0.002 -0.001 -0.0018 -0.0012
1744640655.929407 120 -0.004 0.000 -0.001 3 0.00 -0.002 -0.001 -0.0018 -0.0012
1744640655.929813 120 -0.005 0.000 -0.001 3 0.00 -0.003 -0.001 -0.0032 -0.0012
1744640655.929898 120 -0.005 0.000 -0.001 3 0.00 -0.003 -0.001 -0.0032 -0.0012
1744640655.9304051 120 -0.007 0.000 -0.001 3 0.00 -0.005 -0.001 -0.0049 -0.0012
1744640655.930635 120 -0.007 0.000 -0.001 3 0.00 -0.005 -0.001 -0.0049 -0.0012
1744640655.930827 120 -0.008 0.000 -0.002 3 0.00 -0.005 -0.002 -0.0049 -0.0023
1744640655.9311302 120 -0.010 0.000 -0.001 3 0.00 -0.007 -0.001 -0.0070 -0.0012
1744640655.931173 120 -0.010 0.000 -0.001 3 0.00 -0.007 -0.001 -0.0070 -0.0012
1744640655.939878 120 -0.012 0.000 -0.001 3 0.00 -0.010 -0.001 -0.0098 -0.0012
1744640655.94018 120 -0.012 0.000 -0.002 3 0.00 -0.010 -0.002 -0.0098 -0.0023
1744640655.977898 120 -0.013 0.000 -0.001 3 0.00 -0.010 -0.001 -0.0098 -0.0012
1744640655.978397 120 -0.015 0.000 0.000 3 0.00 -0.013 0.000 -0.0126 0.0000
1744640655.978503 120 -0.015 0.000 0.000 3 0.00 -0.013 0.000 -0.0126 0.0000
1744640655.978993 120 -0.018 0.000 0.000 3 0.00 -0.016 0.000 -0.0159 0.0000
1744640655.979232 120 -0.018 0.000 -0.001 3 0.00 -0.016 -0.001 -0.0159 -0.0012
1744640655.97943 120 -0.020 0.000 0.000 3 0.00 -0.016 0.000 -0.0159 0.0000
1744640656.003469 120 -0.022 0.000 0.001 3 0.00 -0.019 0.001 -0.0191 0.0012
1744640656.003566 120 -0.022 0.000 0.001 3 0.00 -0.019 0.001 -0.0191 0.0012
1744640656.004034 120 -0.024 0.000 0.002 3 0.00 -0.022 0.002 -0.0224 0.0023
1744640656.00427 120 -0.025 0.000 0.001 3 0.00 -0.022 0.001 -0.0224 0.0012
1744640656.0045178 120 -0.027 0.000 0.002 3 0.00 -0.022 0.002 -0.0224 0.0023
1744640656.031775 120 -0.029 0.000 0.002 3 0.00 -0.026 0.002 -0.0261 0.0023
1744640656.0318642 120 -0.029 0.000 0.002 3 0.00 -0.026 0.002 -0.0261 0.0023
1744640656.032334 120 -0.031 -0.000 0.002 3 0.00 -0.029 0.002 -0.0295 0.0023
1744640656.069907 120 -0.032 -0.000 0.002 3 0.00 -0.029 0.002 -0.0295 0.0023
1744640656.0701199 120 -0.034 -0.000 0.002 3 0.00 -0.029 0.002 -0.0295 0.0023
1744640656.070535 120 -0.036 -0.000 0.004 3 0.00 -0.033 0.004 -0.0331 0.0035
1744640656.070624 120 -0.036 -0.000 0.004 3 0.00 -0.033 0.004 -0.0331 0.0035
1744640656.1069 120 -0.038 -0.000 0.004 3 0.00 -0.037 0.004 -0.0366 0.0035
1744640656.107156 120 -0.039 -0.000 0.004 3 0.00 -0.037 0.004 -0.0366 0.0035
1744640656.107363 120 -0.041 -0.000 0.002 3 0.00 -0.037 0.002 -0.0366 0.0023
1744640656.107782 120 -0.043 -0.000 0.002 3 0.00 -0.040 0.002 -0.0400 0.0023
1744640656.107869 120 -0.043 -0.000 0.002 3 0.00 -0.040 0.002 -0.0400 0.0023
1744640656.108466 120 -0.045 -0.000 0.004 3 0.00 -0.043 0.004 -0.0432 0.0035
1744640656.110355 120 -0.046 -0.000 0.004 3 0.00 -0.043 0.004 -0.0432 0.0035
1744640656.110563 120 -0.047 -0.000 0.004 3 0.00 -0.043 0.004 -0.0432 0.0035
1744640656.11102 120 -0.049 -0.000 0.004 3 0.00 -0.046 0.004 -0.0464 0.0035
1744640656.111109 120 -0.049 -0.000 0.004 3 0.00 -0.046 0.004 -0.0464 0.0035
1744640656.13104 120 -0.051 -0.000 0.004 3 0.00 -0.050 0.004 -0.0496 0.0035
1744640656.131286 120 -0.052 -0.000 0.005 3 0.00 -0.050 0.005 -0.0496 0.0046
1744640656.1314921 120 -0.054 -0.000 0.004 3 0.00 -0.050 0.004 -0.0496 0.0035
1744640656.175699 120 -0.056 -0.000 0.005 3 0.00 -0.053 0.005 -0.0529 0.0046
1744640656.175742 120 -0.056 -0.000 0.005 3 0.00 -0.053 0.005 -0.0529 0.0046
1744640656.175949 120 -0.058 -0.000 0.005 3 0.00 -0.056 0.005 -0.0560 0.0046
1744640656.176049 120 -0.059 -0.000 0.005 3 0.00 -0.056 0.005 -0.0560 0.0046
1744640656.177523 120 -0.060 -0.000 0.005 3 0.00 -0.056 0.005 -0.0560 0.0046
1744640656.177703 120 -0.062 -0.000 0.005 3 0.00 -0.059 0.005 -0.0593 0.0046
1744640656.1914508 120 -0.062 -0.000 0.005 3 0.00 -0.059 0.005 -0.0593 0.0046
1744640656.191765 120 -0.064 -0.000 0.005 3 0.00 -0.062 0.005 -0.0622 0.0046
1744640656.1919549 120 -0.065 -0.000 0.005 3 0.00 -0.062 0.005 -0.0622 0.0046
1744640656.192081 120 -0.066 -0.000 0.006 3 0.00 -0.062 0.006 -0.0622 0.0058
1744640656.208041 120 -0.068 -0.000 0.005 3 0.00 -0.065 0.005 -0.0654 0.0046
1744640656.208111 120 -0.068 -0.000 0.005 3 0.00 -0.065 0.005 -0.0654 0.0046
1744640656.2084968 120 -0.070 -0.000 0.005 3 0.00 -0.068 0.005 -0.0683 0.0046
1744640656.224438 120 -0.071 -0.000 0.005 3 0.00 -0.068 0.005 -0.0683 0.0046
1744640656.224694 120 -0.072 -0.000 0.005 3 0.00 -0.068 0.005 -0.0683 0.0046
1744640656.225497 120 -0.074 -0.000 0.006 3 0.00 -0.071 0.006 -0.0714 0.0058
1744640656.225609 120 -0.074 -0.000 0.006 3 0.00 -0.071 0.006 -0.0714 0.0058
1744640656.243807 120 -0.076 -0.000 0.005 3 0.00 -0.074 0.005 -0.0743 0.0046
1744640656.243934 120 -0.077 -0.000 0.005 3 0.00 -0.074 0.005 -0.0743 0.0046
1744640656.244033 120 -0.078 -0.000 0.005 3 0.00 -0.074 0.005 -0.0743 0.0046
1744640656.357713 120 -0.080 -0.000 0.005 3 0.00 -0.077 0.005 -0.0772 0.0046
1744640656.3578398 120 -0.080 -0.000 0.005 3 0.00 -0.077 0.005 -0.0772 0.0046
1744640656.358506 120 -0.082 -0.000 0.006 3 0.00 -0.080 0.006 -0.0802 0.0058
1744640656.358793 120 -0.083 -0.000 0.005 3 0.00 -0.080 0.005 -0.0802 0.0046
1744640656.3590121 120 -0.084 -0.000 0.005 3 0.00 -0.080 0.005 -0.0802 0.0046
1744640656.3594859 120 -0.086 -0.000 0.005 3 0.00 -0.083 0.005 -0.0832 0.0046
1744640656.3595798 120 -0.086 -0.000 0.005 3 0.00 -0.083 0.005 -0.0832 0.0046
1744640656.360066 120 -0.088 -0.000 0.005 3 0.00 -0.086 0.005 -0.0862 0.0046
1744640656.360311 120 -0.089 -0.000 0.005 3 0.00 -0.086 0.005 -0.0862 0.0046
1744640656.360565 120 -0.090 -0.000 0.005 3 0.00 -0.086 0.005 -0.0862 0.0046
1744640656.360974 120 -0.092 -0.000 0.005 3 0.00 -0.089 0.005 -0.0891 0.0046
1744640656.3610618 120 -0.092 -0.000 0.005 3 0.00 -0.089 0.005 -0.0891 0.0046
1744640656.3618371 120 -0.094 -0.000 0.005 3 0.00 -0.092 0.005 -0.0922 0.0046
1744640656.3621252 120 -0.095 -0.000 0.005 3 0.00 -0.092 0.005 -0.0922 0.0046
1744640656.362321 120 -0.096 -0.000 0.005 3 0.00 -0.092 0.005 -0.0922 0.0046
1744640656.362726 120 -0.098 -0.000 0.005 3 0.00 -0.095 0.005 -0.0951 0.0046
1744640656.3628109 120 -0.098 -0.000 0.005 3 0.00 -0.095 0.005 -0.0951 0.0046
1744640656.363395 120 -0.100 -0.000 0.004 3 0.00 -0.098 0.004 -0.0981 0.0035
1744640656.369099 120 -0.101 -0.000 0.002 3 0.00 -0.098 0.002 -0.0981 0.0023
1744640656.3691719 120 -0.102 -0.000 0.004 3 0.00 -0.098 0.004 -0.0981 0.0035
1744640656.385508 120 -0.103 -0.000 0.002 3 0.00 -0.101 0.002 -0.1009 0.0023
1744640656.385548 120 -0.103 -0.000 0.002 3 0.00 -0.101 0.002 -0.1009 0.0023
1744640656.3857589 120 -0.105 -0.000 0.001 3 0.00 -0.104 0.001 -0.1038 0.0012
1744640656.4080262 120 -0.107 -0.000 0.002 3 0.00 -0.104 0.002 -0.1038 0.0023
1744640656.4081569 120 -0.107 -0.000 0.001 3 0.00 -0.104 0.001 -0.1038 0.0012
1744640656.408422 120 -0.109 -0.000 0.000 3 0.00 -0.107 0.000 -0.1066 0.0000
1744640656.40848 120 -0.109 -0.000 0.000 3 0.00 -0.107 0.000 -0.1066 0.0000
1744640656.416081 120 -0.111 -0.000 0.000 3 0.00 -0.110 0.000 -0.1096 0.0000
1744640656.5133681 120 -0.112 -0.000 -0.001 3 0.00 -0.110 -0.001 -0.1096 -0.0012
1744640656.513658 120 -0.113 -0.000 -0.001 3 0.00 -0.110 -0.001 -0.1096 -0.0012
1744640656.514186 120 -0.115 -0.000 0.000 3 0.00 -0.112 0.000 -0.1124 0.0000
1744640656.514285 120 -0.115 -0.000 0.000 3 0.00 -0.112 0.000 -0.1124 0.0000
1744640656.59508 120 -0.117 -0.000 -0.001 3 0.00 -0.115 -0.001 -0.1155 -0.0012
1744640656.595349 120 -0.118 -0.000 -0.001 3 0.00 -0.115 -0.001 -0.1155 -0.0012
1744640656.595618 120 -0.119 -0.000 -0.001 3 0.00 -0.115 -0.001 -0.1155 -0.0012
1744640656.596051 120 -0.121 -0.000 -0.002 3 0.00 -0.118 -0.002 -0.1184 -0.0023
1744640656.596147 120 -0.121 -0.000 -0.002 3 0.00 -0.118 -0.002 -0.1184 -0.0023
1744640656.596639 120 -0.123 -0.000 -0.002 3 0.00 -0.121 -0.002 -0.1212 -0.0023
1744640656.596938 120 -0.124 -0.000 -0.002 3 0.00 -0.121 -0.002 -0.1212 -0.0023
1744640656.5971441 120 -0.125 -0.000 -0.002 3 0.00 -0.121 -0.002 -0.1212 -0.0023
1744640656.5975602 120 -0.127 -0.000 -0.004 3 0.00 -0.124 -0.004 -0.1241 -0.0035
1744640656.5976498 120 -0.127 -0.000 -0.004 3 0.00 -0.124 -0.004 -0.1241 -0.0035
1744640656.603543 120 -0.129 -0.000 -0.004 3 0.00 -0.127 -0.004 -0.1272 -0.0035
1744640656.6038542 120 -0.130 -0.000 -0.004 3 0.00 -0.127 -0.004 -0.1272 -0.0035
1744640656.603953 120 -0.131 -0.000 -0.004 3 0.00 -0.127 -0.004 -0.1272 -0.0035
1744640656.60415 120 -0.133 -0.000 -0.005 3 0.00 -0.130 -0.005 -0.1301 -0.0046
1744640656.604192 120 -0.133 -0.000 -0.005 3 0.00 -0.130 -0.005 -0.1301 -0.0046
1744640656.6044369 120 -0.135 -0.000 -0.004 3 0.00 -0.133 -0.004 -0.1332 -0.0035
1744640656.604548 120 -0.136 -0.000 -0.005 3 0.00 -0.133 -0.005 -0.1332 -0.0046
1744640656.604636 120 -0.137 -0.000 -0.005 3 0.00 -0.133 -0.005 -0.1332 -0.0046
1744640656.607212 120 -0.139 -0.000 -0.005 3 0.00 -0.136 -0.005 -0.1363 -0.0046
1744640656.6072571 120 -0.139 -0.000 -0.005 3 0.00 -0.136 -0.005 -0.1363 -0.0046
1744640656.607645 120 -0.141 -0.000 -0.005 3 0.00 -0.139 -0.005 -0.1395 -0.0046
1744640656.60776 120 -0.142 -0.000 -0.004 3 0.00 -0.139 -0.004 -0.1395 -0.0035
1744640656.607856 120 -0.143 -0.000 -0.004 3 0.00 -0.139 -0.004 -0.1395 -0.0035
1744640656.60812 120 -0.145 -0.000 -0.004 3 0.00 -0.143 -0.004 -0.1425 -0.0035
1744640656.608163 120 -0.145 -0.000 -0.004 3 0.00 -0.143 -0.004 -0.1425 -0.0035
1744640656.612488 120 -0.147 -0.000 -0.002 3 0.00 -0.146 -0.002 -0.1457 -0.0023
1744640656.612604 120 -0.149 -0.000 -0.004 3 0.00 -0.146 -0.004 -0.1457 -0.0035
1744640656.612726 120 -0.149 -0.000 -0.002 3 0.00 -0.146 -0.002 -0.1457 -0.0023
1744640656.6519198 120 -0.151 -0.000 -0.004 3 0.00 -0.149 -0.004 -0.1487 -0.0035
1744640656.65201 120 -0.151 -0.000 -0.004 3 0.00 -0.149 -0.004 -0.1487 -0.0035
1744640656.652482 120 -0.153 -0.000 -0.002 3 0.00 -0.152 -0.002 -0.1518 -0.0023
1744640656.6527731 120 -0.155 -0.000 -0.002 3 0.00 -0.152 -0.002 -0.1518 -0.0023
1744640656.652968 120 -0.155 -0.000 -0.004 3 0.00 -0.152 -0.004 -0.1518 -0.0035
1744640656.6533709 120 -0.158 -0.000 -0.004 3 0.00 -0.155 -0.004 -0.1548 -0.0035
1744640656.6534579 120 -0.158 -0.000 -0.004 3 0.00 -0.155 -0.004 -0.1548 -0.0035
1744640656.696311 120 -0.160 -0.000 -0.002 3 0.00 -0.158 -0.002 -0.1579 -0.0023
1744640656.696563 120 -0.161 -0.000 -0.004 3 0.00 -0.158 -0.004 -0.1579 -0.0035
1744640656.6967628 120 -0.162 -0.000 -0.004 3 0.00 -0.158 -0.004 -0.1579 -0.0035
1744640656.6973178 120 -0.164 -0.000 -0.002 3 0.00 -0.161 -0.002 -0.1609 -0.0023
1744640656.706344 120 -0.164 -0.000 -0.002 3 0.00 -0.161 -0.002 -0.1609 -0.0023
1744640656.706887 120 -0.166 -0.000 -0.002 3 0.00 -0.164 -0.002 -0.1640 -0.0023
1744640656.707134 120 -0.167 -0.000 -0.004 3 0.00 -0.164 -0.004 -0.1640 -0.0035
1744640656.70734 120 -0.168 -0.000 -0.004 3 0.00 -0.164 -0.004 -0.1640 -0.0035
1744640656.739263 120 -0.170 -0.000 -0.005 3 0.00 -0.167 -0.005 -0.1672 -0.0046
1744640656.7393548 120 -0.170 -0.000 -0.005 3 0.00 -0.167 -0.005 -0.1672 -0.0046
1744640656.739833 120 -0.172 -0.000 -0.005 3 0.00 -0.170 -0.005 -0.1703 -0.0046
1744640656.7400708 120 -0.173 -0.000 -0.006 3 0.00 -0.170 -0.006 -0.1703 -0.0058
1744640656.740269 120 -0.174 -0.000 -0.006 3 0.00 -0.170 -0.006 -0.1703 -0.0058
1744640656.740721 120 -0.176 -0.000 -0.005 3 0.00 -0.173 -0.005 -0.1733 -0.0046
1744640656.7408059 120 -0.176 -0.000 -0.005 3 0.00 -0.173 -0.005 -0.1733 -0.0046
1744640656.8087611 120 -0.178 -0.000 -0.006 3 0.00 -0.176 -0.006 -0.1764 -0.0058
1744640656.808961 120 -0.179 -0.000 -0.006 3 0.00 -0.176 -0.006 -0.1764 -0.0058
1744640656.80916 120 -0.180 -0.000 -0.006 3 0.00 -0.176 -0.006 -0.1764 -0.0058
1744640656.825276 120 -0.182 -0.000 -0.006 3 0.00 -0.179 -0.006 -0.1794 -0.0058
1744640656.82537 120 -0.182 -0.000 -0.006 3 0.00 -0.179 -0.006 -0.1794 -0.0058
1744640656.8258471 120 -0.184 -0.000 -0.006 3 0.00 -0.182 -0.006 -0.1825 -0.0058
1744640656.826145 120 -0.185 -0.000 -0.006 3 0.00 -0.182 -0.006 -0.1825 -0.0058
1744640656.826346 120 -0.186 -0.000 -0.006 3 0.00 -0.182 -0.006 -0.1825 -0.0058
1744640656.8267689 120 -0.188 -0.000 -0.007 3 0.00 -0.185 -0.007 -0.1854 -0.0069
1744640656.8268611 120 -0.188 -0.000 -0.007 3 0.00 -0.185 -0.007 -0.1854 -0.0069
1744640656.827403 120 -0.190 -0.000 -0.006 3 0.00 -0.188 -0.006 -0.1884 -0.0058
1744640656.827647 120 -0.191 -0.000 -0.007 3 0.00 -0.188 -0.007 -0.1884 -0.0069
1744640656.827847 120 -0.192 -0.000 -0.007 3 0.00 -0.188 -0.007 -0.1884 -0.0069
1744640656.846198 120 -0.194 -0.000 -0.007 3 0.00 -0.191 -0.007 -0.1913 -0.0069
1744640656.84631 120 -0.194 -0.000 -0.007 3 0.00 -0.191 -0.007 -0.1913 -0.0069
1744640656.846957 120 -0.196 0.000 -0.007 3 0.00 -0.194 -0.007 -0.1942 -0.0069
1744640656.847237 120 -0.197 0.000 -0.006 3 0.00 -0.194 -0.006 -0.1942 -0.0058
1744640656.8474581 120 -0.198 0.000 -0.006 3 0.00 -0.194 -0.006 -0.1942 -0.0058
1744640656.902967 120 -0.200 0.000 -0.007 3 0.00 -0.197 -0.007 -0.1971 -0.0069
1744640656.9030678 120 -0.200 0.000 -0.007 3 0.00 -0.197 -0.007 -0.1971 -0.0069
1744640656.9035509 120 -0.202 0.000 -0.006 3 0.00 -0.200 -0.006 -0.2001 -0.0058
1744640656.9037912 120 -0.203 0.000 -0.007 3 0.00 -0.200 -0.007 -0.2001 -0.0069
1744640656.903989 120 -0.204 0.000 -0.007 3 0.00 -0.200 -0.007 -0.2001 -0.0069
1744640656.904445 120 -0.206 0.000 -0.006 3 0.00 -0.203 -0.006 -0.2030 -0.0058
1744640656.9047968 120 -0.206 0.000 -0.006 3 0.00 -0.203 -0.006 -0.2030 -0.0058
1744640656.9133031 120 -0.208 0.000 -0.007 3 0.00 -0.206 -0.007 -0.2060 -0.0069
1744640656.913545 120 -0.209 0.000 -0.006 3 0.00 -0.206 -0.006 -0.2060 -0.0058
1744640656.91379 120 -0.210 0.000 -0.006 3 0.00 -0.206 -0.006 -0.2060 -0.0058
% 1744640656.916945 robobot/cmd/ti/rc 0.0 0.0
1744640656.9353878 120 -0.212 0.000 -0.007 3 0.00 -0.209 -0.007 -0.2090 -0.0069
1744640656.935529 120 -0.212 0.000 -0.007 3 0.00 -0.209 -0.007 -0.2090 -0.0069
1744640656.9743779 120 -0.214 0.000 -0.006 3 0.00 -0.212 -0.006 -0.2121 -0.0058
1744640656.974804 120 -0.215 0.000 -0.006 3 0.00 -0.212 -0.006 -0.2121 -0.0058
1744640656.97504 120 -0.216 0.000 -0.006 3 0.00 -0.212 -0.006 -0.2121 -0.0058
1744640656.9754722 120 -0.218 0.000 -0.007 3 0.00 -0.215 -0.007 -0.2152 -0.0069
1744640656.975561 120 -0.218 0.000 -0.007 3 0.00 -0.215 -0.007 -0.2152 -0.0069
1744640656.9760919 120 -0.220 0.000 -0.006 3 0.00 -0.218 -0.006 -0.2181 -0.0058
1744640656.976331 120 -0.221 0.000 -0.007 3 0.00 -0.218 -0.007 -0.2181 -0.0069
1744640656.9822211 120 -0.222 0.000 -0.006 3 0.00 -0.218 -0.006 -0.2181 -0.0058
1744640656.982668 120 -0.224 0.000 -0.006 3 0.00 -0.221 -0.006 -0.2213 -0.0058
1744640656.982757 120 -0.224 0.000 -0.006 3 0.00 -0.221 -0.006 -0.2213 -0.0058
1744640657.012873 120 -0.226 0.000 -0.006 3 0.00 -0.224 -0.006 -0.2242 -0.0058
1744640657.013153 120 -0.227 0.000 -0.006 3 0.00 -0.224 -0.006 -0.2242 -0.0058
1744640657.013361 120 -0.228 0.000 -0.007 3 0.00 -0.224 -0.007 -0.2242 -0.0069
1744640657.013843 120 -0.230 0.000 -0.006 3 0.00 -0.227 -0.006 -0.2273 -0.0058
1744640657.013932 120 -0.230 0.000 -0.006 3 0.00 -0.227 -0.006 -0.2273 -0.0058
% 1744640657.0191722 robobot/cmd/ti/rc 0.0 0.0
% 1744640657.0193129 robobot/cmd/T0/leds 16 0 0 0
% 1744640657.019479 robobot/cmd/T0/servo 1 -150 0
% 1744640657.019743 robobot/cmd/T0/leds 16 0 100 0
% 1744640657.019858 robobot/cmd/ti/rc 0.0 0.50
1744640657.032772 120 -0.232 0.000 -0.007 3 0.00 -0.230 -0.007 -0.0028 -0.0011
1744640657.03291 120 -0.233 0.000 -0.007 3 0.00 -0.230 -0.007 -0.0028 -0.0011
1744640657.033024 120 -0.234 0.000 -0.006 3 0.00 -0.230 -0.006 -0.0028 0.0000
1744640657.057583 120 -0.236 0.000 -0.007 3 0.00 -0.233 -0.007 -0.0060 -0.0011
1744640657.057638 120 -0.236 0.000 -0.007 3 0.00 -0.233 -0.007 -0.0060 -0.0011
1744640657.05791 120 -0.238 0.000 -0.007 3 0.00 -0.236 -0.007 -0.0088 -0.0011
1744640657.071929 120 -0.239 0.000 -0.008 3 0.00 -0.236 -0.008 -0.0088 -0.0023
1744640657.0725608 120 -0.240 0.000 -0.007 3 0.00 -0.236 -0.007 -0.0088 -0.0011
1744640657.073662 120 -0.242 0.000 -0.007 3 0.00 -0.239 -0.007 -0.0118 -0.0011
1744640657.073756 120 -0.242 0.000 -0.007 3 0.00 -0.239 -0.007 -0.0118 -0.0011
1744640657.081803 120 -0.244 0.000 -0.007 3 0.00 -0.242 -0.007 -0.0149 -0.0011
1744640657.0824268 120 -0.245 0.000 -0.007 3 0.00 -0.242 -0.007 -0.0149 -0.0011
1744640657.100899 120 -0.246 0.000 -0.007 3 0.00 -0.242 -0.007 -0.0149 -0.0011
1744640657.101284 120 -0.248 0.000 -0.008 3 0.00 -0.245 -0.008 -0.0178 -0.0023
1744640657.101356 120 -0.248 0.000 -0.008 3 0.00 -0.245 -0.008 -0.0178 -0.0023
1744640657.122006 120 -0.250 0.000 -0.008 3 0.00 -0.248 -0.008 -0.0206 -0.0023
1744640657.122163 120 -0.250 0.000 -0.008 3 0.00 -0.248 -0.008 -0.0206 -0.0023
1744640657.122282 120 -0.251 0.000 -0.010 3 0.00 -0.248 -0.010 -0.0206 -0.0046
1744640657.12252 120 -0.253 0.000 -0.013 3 0.00 -0.250 -0.013 -0.0231 -0.0069
1744640657.14247 120 -0.253 0.000 -0.013 3 0.00 -0.250 -0.013 -0.0231 -0.0069
1744640657.143046 120 -0.255 0.000 -0.016 3 0.00 -0.253 -0.016 -0.0255 -0.0104
1744640657.143287 120 -0.255 0.000 -0.016 3 0.00 -0.253 -0.016 -0.0255 -0.0104
1744640657.143487 120 -0.256 0.000 -0.017 3 0.00 -0.253 -0.017 -0.0255 -0.0115
1744640657.168819 120 -0.258 0.000 -0.017 3 0.00 -0.255 -0.017 -0.0277 -0.0115
1744640657.168919 120 -0.258 0.000 -0.017 3 0.00 -0.255 -0.017 -0.0277 -0.0115
1744640657.169591 120 -0.259 0.000 -0.018 3 0.00 -0.257 -0.018 -0.0301 -0.0127
1744640657.182701 120 -0.260 0.000 -0.020 3 0.00 -0.257 -0.020 -0.0301 -0.0139
1744640657.182919 120 -0.261 0.001 -0.020 3 0.00 -0.257 -0.020 -0.0301 -0.0139
1744640657.183391 120 -0.262 0.001 -0.020 3 0.00 -0.260 -0.020 -0.0325 -0.0139
1744640657.183481 120 -0.262 0.001 -0.020 3 0.00 -0.260 -0.020 -0.0325 -0.0139
1744640657.212099 120 -0.264 0.001 -0.020 3 0.00 -0.262 -0.020 -0.0347 -0.0139
1744640657.2123442 120 -0.264 0.001 -0.021 3 0.00 -0.262 -0.021 -0.0347 -0.0150
1744640657.212597 120 -0.265 0.001 -0.021 3 0.00 -0.262 -0.021 -0.0347 -0.0150
1744640657.254055 120 -0.266 0.001 -0.021 3 0.00 -0.264 -0.021 -0.0366 -0.0150
1744640657.254147 120 -0.266 0.001 -0.021 3 0.00 -0.264 -0.021 -0.0366 -0.0150
1744640657.254615 120 -0.267 0.001 -0.020 3 0.00 -0.266 -0.020 -0.0386 -0.0139
1744640657.254904 120 -0.268 0.001 -0.020 3 0.00 -0.266 -0.020 -0.0386 -0.0139
1744640657.255677 120 -0.269 0.001 -0.021 3 0.00 -0.266 -0.021 -0.0386 -0.0150
1744640657.256106 120 -0.270 0.001 -0.021 3 0.00 -0.268 -0.021 -0.0403 -0.0150
1744640657.256195 120 -0.270 0.001 -0.021 3 0.00 -0.268 -0.021 -0.0403 -0.0150
1744640657.272539 120 -0.271 0.001 -0.018 3 0.00 -0.269 -0.018 -0.0420 -0.0127
1744640657.272783 120 -0.271 0.001 -0.020 3 0.00 -0.269 -0.020 -0.0420 -0.0139
1744640657.2732632 120 -0.272 0.001 -0.021 3 0.00 -0.269 -0.021 -0.0420 -0.0150
1744640657.273669 120 -0.273 0.001 -0.021 3 0.00 -0.271 -0.021 -0.0435 -0.0150
1744640657.2737548 120 -0.273 0.001 -0.021 3 0.00 -0.271 -0.021 -0.0435 -0.0150
1744640657.295916 120 -0.273 0.001 -0.021 3 0.00 -0.272 -0.021 -0.0450 -0.0150
1744640657.296151 120 -0.274 0.001 -0.020 3 0.00 -0.272 -0.020 -0.0450 -0.0139
1744640657.296343 120 -0.274 0.001 -0.018 3 0.00 -0.272 -0.018 -0.0450 -0.0127
1744640657.326734 120 -0.275 0.001 -0.021 3 0.00 -0.273 -0.021 -0.0461 -0.0150
1744640657.326826 120 -0.275 0.001 -0.021 3 0.00 -0.273 -0.021 -0.0461 -0.0150
1744640657.3272982 120 -0.276 0.001 -0.020 3 0.00 -0.275 -0.020 -0.0474 -0.0139
1744640657.336339 120 -0.276 0.001 -0.021 3 0.00 -0.275 -0.021 -0.0474 -0.0150
1744640657.33655 120 -0.276 0.001 -0.022 3 0.00 -0.275 -0.022 -0.0474 -0.0162
1744640657.337012 120 -0.277 0.001 -0.023 3 0.00 -0.276 -0.023 -0.0484 -0.0173
1744640657.3371048 120 -0.277 0.001 -0.023 3 0.00 -0.276 -0.023 -0.0484 -0.0173
1744640657.356075 120 -0.277 0.001 -0.023 3 0.00 -0.277 -0.023 -0.0492 -0.0173
1744640657.3563101 120 -0.277 0.001 -0.022 3 0.00 -0.277 -0.022 -0.0492 -0.0162
1744640657.356554 120 -0.277 0.001 -0.021 3 0.00 -0.277 -0.021 -0.0492 -0.0150
1744640657.366668 120 -0.278 0.001 -0.022 3 0.00 -0.277 -0.022 -0.0498 -0.0162
1744640657.3667579 120 -0.278 0.001 -0.022 3 0.00 -0.277 -0.022 -0.0498 -0.0162
1744640657.374464 120 -0.278 0.001 -0.022 3 0.00 -0.278 -0.022 -0.0505 -0.0162
1744640657.378847 120 -0.278 0.001 -0.023 3 0.00 -0.278 -0.023 -0.0505 -0.0173
1744640657.386566 120 -0.278 0.001 -0.023 3 0.00 -0.278 -0.023 -0.0505 -0.0173
1744640657.403697 120 -0.278 0.001 -0.021 3 0.00 -0.278 -0.021 -0.0509 -0.0150
1744640657.40379 120 -0.278 0.001 -0.021 3 0.00 -0.278 -0.021 -0.0509 -0.0150
1744640657.404309 120 -0.278 0.001 -0.020 3 0.00 -0.279 -0.020 -0.0514 -0.0139
1744640657.430659 120 -0.278 0.001 -0.020 3 0.00 -0.279 -0.020 -0.0514 -0.0139
1744640657.430898 120 -0.278 0.001 -0.020 3 0.00 -0.279 -0.020 -0.0514 -0.0139
1744640657.431336 120 -0.278 0.001 -0.020 3 0.00 -0.279 -0.020 -0.0517 -0.0139
1744640657.4314308 120 -0.278 0.001 -0.020 3 0.00 -0.279 -0.020 -0.0517 -0.0139
1744640657.468173 120 -0.278 0.001 -0.018 3 0.00 -0.279 -0.018 -0.0520 -0.0127
1744640657.468477 120 -0.278 0.001 -0.017 3 0.00 -0.279 -0.017 -0.0520 -0.0115
1744640657.46874 120 -0.278 0.001 -0.016 3 0.00 -0.279 -0.016 -0.0520 -0.0104
1744640657.4910998 120 -0.278 0.001 -0.012 3 0.00 -0.279 -0.012 -0.0520 -0.0058
1744640657.491198 120 -0.278 0.001 -0.012 3 0.00 -0.279 -0.012 -0.0520 -0.0058
1744640657.491675 120 -0.278 0.001 -0.008 3 0.00 -0.279 -0.008 -0.0520 -0.0023
1744640657.491915 120 -0.278 0.001 -0.006 3 0.00 -0.279 -0.006 -0.0520 0.0000
1744640657.519095 120 -0.278 0.001 -0.005 3 0.00 -0.279 -0.005 -0.0520 0.0012
1744640657.519617 120 -0.278 0.001 -0.002 3 0.00 -0.279 -0.002 -0.0520 0.0035
1744640657.519708 120 -0.278 0.001 -0.002 3 0.00 -0.279 -0.002 -0.0520 0.0035
1744640657.520183 120 -0.277 0.001 0.000 3 0.00 -0.279 0.000 -0.0520 0.0058
1744640657.520422 120 -0.277 0.001 0.001 3 0.00 -0.279 0.001 -0.0520 0.0070
1744640657.520672 120 -0.277 0.001 0.004 3 0.00 -0.279 0.003 -0.0520 0.0093
1744640657.5210822 120 -0.277 0.001 0.005 3 0.00 -0.279 0.005 -0.0518 0.0104
1744640657.5211709 120 -0.277 0.001 0.005 3 0.00 -0.279 0.005 -0.0518 0.0104
1744640657.569061 120 -0.276 0.001 0.008 3 0.00 -0.279 0.008 -0.0514 0.0139
1744640657.569377 120 -0.276 0.001 0.010 3 0.00 -0.279 0.010 -0.0514 0.0162
1744640657.569592 120 -0.276 0.001 0.013 3 0.00 -0.279 0.013 -0.0514 0.0185
1744640657.57003 120 -0.276 0.001 0.016 3 0.00 -0.278 0.016 -0.0510 0.0220
1744640657.570121 120 -0.276 0.001 0.016 3 0.00 -0.278 0.016 -0.0510 0.0220
1744640657.5706758 120 -0.276 0.001 0.021 3 0.00 -0.278 0.021 -0.0506 0.0266
1744640657.594222 120 -0.276 0.001 0.023 3 0.00 -0.278 0.023 -0.0506 0.0289
1744640657.59444 120 -0.276 0.001 0.024 3 0.00 -0.278 0.024 -0.0506 0.0301
1744640657.594878 120 -0.276 0.001 0.028 3 0.00 -0.278 0.028 -0.0502 0.0336
1744640657.594969 120 -0.276 0.001 0.028 3 0.00 -0.278 0.028 -0.0502 0.0336
1744640657.595767 120 -0.275 0.001 0.034 3 0.00 -0.277 0.034 -0.0499 0.0393
1744640657.596024 120 -0.275 0.001 0.036 3 0.00 -0.277 0.036 -0.0499 0.0417
1744640657.596229 120 -0.275 0.001 0.038 3 0.00 -0.277 0.038 -0.0499 0.0440
1744640657.632492 120 -0.275 0.001 0.043 3 0.00 -0.277 0.043 -0.0497 0.0486
1744640657.6325881 120 -0.275 0.001 0.043 3 0.00 -0.277 0.043 -0.0497 0.0486
1744640657.6330712 120 -0.275 0.001 0.047 3 0.00 -0.277 0.047 -0.0497 0.0532
1744640657.633315 120 -0.275 0.001 0.050 3 0.00 -0.277 0.050 -0.0497 0.0555
1744640657.650298 120 -0.275 0.001 0.053 3 0.00 -0.277 0.053 -0.0497 0.0590
1744640657.650787 120 -0.276 0.001 0.058 3 0.00 -0.277 0.058 -0.0497 0.0636
1744640657.6508749 120 -0.276 0.001 0.058 3 0.00 -0.277 0.058 -0.0497 0.0636
1744640657.672292 120 -0.276 0.001 0.064 3 0.00 -0.277 0.064 -0.0497 0.0694
1744640657.672648 120 -0.276 0.001 0.066 3 0.00 -0.277 0.066 -0.0497 0.0717
1744640657.6728551 120 -0.276 0.001 0.068 3 0.00 -0.277 0.068 -0.0497 0.0740
1744640657.673167 120 -0.276 0.001 0.074 3 0.00 -0.277 0.074 -0.0499 0.0798
1744640657.673227 120 -0.276 0.001 0.074 3 0.00 -0.277 0.074 -0.0499 0.0798
1744640657.6857789 120 -0.276 0.001 0.077 3 0.00 -0.277 0.077 -0.0500 0.0833
1744640657.686086 120 -0.276 0.001 0.080 3 0.00 -0.277 0.080 -0.0500 0.0856
1744640657.686294 120 -0.276 0.001 0.083 3 0.00 -0.277 0.083 -0.0500 0.0891
1744640657.722742 120 -0.276 0.001 0.089 3 0.00 -0.278 0.089 -0.0503 0.0948
1744640657.7228422 120 -0.276 0.001 0.089 3 0.00 -0.278 0.089 -0.0503 0.0948
1744640657.723388 120 -0.276 0.001 0.094 3 0.00 -0.278 0.094 -0.0505 0.0995
1744640657.735163 120 -0.277 0.001 0.096 3 0.00 -0.278 0.096 -0.0505 0.1018
1744640657.7353861 120 -0.277 0.001 0.098 3 0.00 -0.278 0.098 -0.0505 0.1041
1744640657.7358289 120 -0.277 0.001 0.104 3 0.00 -0.278 0.104 -0.0507 0.1099
1744640657.735924 120 -0.277 0.001 0.104 3 0.00 -0.278 0.104 -0.0507 0.1099
1744640657.749928 120 -0.277 0.001 0.110 3 0.00 -0.278 0.110 -0.0510 0.1157
1744640657.750185 120 -0.277 0.001 0.113 3 0.00 -0.278 0.113 -0.0510 0.1191
1744640657.750396 120 -0.277 0.001 0.115 3 0.00 -0.278 0.115 -0.0510 0.1203
1744640657.777005 120 -0.277 0.001 0.118 3 0.00 -0.279 0.118 -0.0513 0.1238
1744640657.7771058 120 -0.277 0.001 0.118 3 0.00 -0.279 0.118 -0.0513 0.1238
1744640657.777623 120 -0.278 0.001 0.124 3 0.00 -0.279 0.124 -0.0515 0.1295
1744640657.777877 120 -0.278 0.001 0.128 3 0.00 -0.279 0.128 -0.0515 0.1342
1744640657.778091 120 -0.277 0.001 0.130 3 0.00 -0.279 0.130 -0.0515 0.1353
1744640657.79309 120 -0.278 0.001 0.134 3 0.00 -0.279 0.134 -0.0516 0.1400
1744640657.793189 120 -0.278 0.001 0.134 3 0.00 -0.279 0.134 -0.0516 0.1400
1744640657.793901 120 -0.278 0.001 0.139 3 0.00 -0.279 0.139 -0.0518 0.1446
1744640657.8306391 120 -0.278 0.001 0.143 3 0.00 -0.279 0.143 -0.0518 0.1492
1744640657.83114 120 -0.278 0.001 0.146 3 0.00 -0.279 0.146 -0.0518 0.1515
1744640657.8320892 120 -0.278 0.001 0.151 3 0.00 -0.279 0.151 -0.0521 0.1573
1744640657.832216 120 -0.278 0.001 0.151 3 0.00 -0.279 0.151 -0.0521 0.1573
1744640657.846405 120 -0.278 0.001 0.155 3 0.00 -0.280 0.155 -0.0522 0.1608
1744640657.846897 120 -0.278 0.001 0.157 3 0.00 -0.280 0.157 -0.0522 0.1631
1744640657.8470569 120 -0.278 0.001 0.160 3 0.00 -0.280 0.160 -0.0522 0.1654
1744640657.84737 120 -0.278 0.001 0.167 3 0.00 -0.280 0.167 -0.0523 0.1723
1744640657.847421 120 -0.278 0.001 0.167 3 0.00 -0.280 0.167 -0.0523 0.1723
1744640657.874788 120 -0.278 0.001 0.170 3 0.00 -0.280 0.170 -0.0523 0.1758
1744640657.874867 120 -0.278 0.001 0.173 3 0.00 -0.280 0.173 -0.0523 0.1793
1744640657.874926 120 -0.278 0.001 0.176 3 0.00 -0.280 0.176 -0.0523 0.1816
1744640657.906158 120 -0.278 0.001 0.182 3 0.00 -0.280 0.182 -0.0523 0.1874
1744640657.906188 120 -0.278 0.001 0.182 3 0.00 -0.280 0.182 -0.0523 0.1874
1744640657.9063308 120 -0.278 0.001 0.187 3 0.00 -0.280 0.187 -0.0523 0.1932
1744640657.906404 120 -0.278 0.001 0.190 3 0.00 -0.280 0.190 -0.0523 0.1955
1744640657.913239 120 -0.278 0.001 0.192 3 0.00 -0.280 0.192 -0.0523 0.1978
1744640657.913357 120 -0.278 0.001 0.197 3 0.00 -0.280 0.197 -0.0523 0.2024
1744640657.913381 120 -0.278 0.001 0.197 3 0.00 -0.280 0.197 -0.0523 0.2024
1744640657.932363 120 -0.278 0.001 0.202 3 0.00 -0.280 0.202 -0.0523 0.2082
1744640657.932446 120 -0.278 0.001 0.205 3 0.00 -0.280 0.205 -0.0523 0.2105
1744640657.932519 120 -0.278 0.001 0.206 3 0.00 -0.280 0.206 -0.0523 0.2117
1744640657.932677 120 -0.278 0.001 0.213 3 0.00 -0.279 0.213 -0.0521 0.2186
1744640657.959418 120 -0.278 0.001 0.213 3 0.00 -0.279 0.213 -0.0521 0.2186
1744640657.959619 120 -0.278 0.001 0.217 3 0.00 -0.279 0.217 -0.0520 0.2232
1744640657.959716 120 -0.278 0.001 0.220 3 0.00 -0.279 0.220 -0.0520 0.2255
1744640657.959818 120 -0.278 0.001 0.222 3 0.00 -0.279 0.222 -0.0520 0.2278
1744640658.004627 120 -0.278 0.001 0.229 3 0.00 -0.279 0.229 -0.0519 0.2348
1744640658.004745 120 -0.278 0.001 0.229 3 0.00 -0.279 0.229 -0.0519 0.2348
1744640658.005295 120 -0.278 0.001 0.234 3 0.00 -0.279 0.234 -0.0519 0.2394
1744640658.005607 120 -0.278 0.001 0.237 3 0.00 -0.279 0.237 -0.0519 0.2429
1744640658.005821 120 -0.278 0.001 0.238 3 0.00 -0.279 0.238 -0.0519 0.2440
1744640658.015997 120 -0.278 0.001 0.244 3 0.00 -0.279 0.244 -0.0519 0.2498
1744640658.016095 120 -0.278 0.001 0.244 3 0.00 -0.279 0.244 -0.0519 0.2498
1744640658.0166452 120 -0.278 0.001 0.249 3 0.00 -0.279 0.249 -0.0517 0.2544
1744640658.016886 120 -0.277 0.001 0.252 3 0.00 -0.279 0.252 -0.0517 0.2579
1744640658.039072 120 -0.277 0.001 0.254 3 0.00 -0.279 0.254 -0.0517 0.2602
1744640658.040051 120 -0.277 0.001 0.260 3 0.00 -0.279 0.260 -0.0516 0.2660
1744640658.040152 120 -0.277 0.001 0.260 3 0.00 -0.279 0.260 -0.0516 0.2660
1744640658.059148 120 -0.277 0.001 0.266 3 0.00 -0.279 0.266 -0.0515 0.2718
1744640658.059414 120 -0.277 0.001 0.271 3 0.00 -0.279 0.271 -0.0515 0.2764
1744640658.0596201 120 -0.277 0.001 0.273 3 0.00 -0.279 0.273 -0.0515 0.2787
1744640658.060092 120 -0.277 0.001 0.278 3 0.00 -0.279 0.278 -0.0515 0.2834
1744640658.060182 120 -0.277 0.001 0.278 3 0.00 -0.279 0.278 -0.0515 0.2834
1744640658.086733 120 -0.277 0.001 0.282 3 0.00 -0.279 0.282 -0.0515 0.2880
1744640658.086988 120 -0.277 0.001 0.284 3 0.00 -0.279 0.284 -0.0515 0.2903
1744640658.087256 120 -0.277 0.001 0.286 3 0.00 -0.279 0.286 -0.0515 0.2915
1744640658.115458 120 -0.277 0.001 0.289 3 0.00 -0.279 0.289 -0.0514 0.2949
1744640658.115554 120 -0.277 0.001 0.289 3 0.00 -0.279 0.289 -0.0514 0.2949
1744640658.1160388 120 -0.276 0.001 0.294 3 0.00 -0.278 0.294 -0.0511 0.2995
1744640658.1315851 120 -0.276 0.001 0.296 3 0.00 -0.278 0.296 -0.0511 0.3019
1744640658.131854 120 -0.276 0.001 0.298 3 0.00 -0.278 0.298 -0.0511 0.3042
1744640658.132276 120 -0.277 0.001 0.305 3 0.00 -0.278 0.305 -0.0508 0.3111
1744640658.132364 120 -0.277 0.001 0.305 3 0.00 -0.278 0.305 -0.0508 0.3111
1744640658.150688 120 -0.277 0.001 0.311 3 0.00 -0.278 0.311 -0.0510 0.3169
1744640658.150984 120 -0.277 0.001 0.316 3 0.00 -0.278 0.316 -0.0510 0.3215
1744640658.1511838 120 -0.277 0.001 0.319 3 0.00 -0.278 0.319 -0.0510 0.3250
1744640658.16466 120 -0.277 0.001 0.324 3 0.00 -0.279 0.324 -0.0512 0.3296
1744640658.164768 120 -0.277 0.001 0.324 3 0.00 -0.279 0.324 -0.0512 0.3296
1744640658.165331 120 -0.277 0.001 0.328 3 0.00 -0.279 0.328 -0.0512 0.3342
1744640658.165587 120 -0.277 0.001 0.332 3 0.00 -0.279 0.332 -0.0512 0.3377
1744640658.184214 120 -0.277 0.001 0.333 3 0.00 -0.279 0.333 -0.0512 0.3389
1744640658.184644 120 -0.277 0.001 0.335 3 0.00 -0.278 0.335 -0.0512 0.3412
1744640658.184735 120 -0.277 0.001 0.335 3 0.00 -0.278 0.335 -0.0512 0.3412
1744640658.203892 120 -0.276 0.001 0.340 3 0.00 -0.278 0.340 -0.0511 0.3458
1744640658.2041512 120 -0.276 0.001 0.342 3 0.00 -0.278 0.342 -0.0511 0.3481
1744640658.2043588 120 -0.276 0.001 0.344 3 0.00 -0.278 0.344 -0.0511 0.3493
1744640658.204839 120 -0.276 0.001 0.349 3 0.00 -0.278 0.349 -0.0509 0.3551
1744640658.205185 120 -0.276 0.001 0.349 3 0.00 -0.278 0.349 -0.0509 0.3551
1744640658.2344582 120 -0.277 0.001 0.355 3 0.00 -0.278 0.355 -0.0508 0.3608
1744640658.234705 120 -0.276 0.001 0.358 3 0.00 -0.278 0.358 -0.0508 0.3643
1744640658.234912 120 -0.277 0.001 0.360 3 0.00 -0.278 0.360 -0.0508 0.3655
1744640658.258361 120 -0.277 0.001 0.365 3 0.00 -0.278 0.365 -0.0509 0.3713
1744640658.258453 120 -0.277 0.001 0.365 3 0.00 -0.278 0.365 -0.0509 0.3713
1744640658.258933 120 -0.277 0.001 0.369 3 0.00 -0.278 0.369 -0.0511 0.3747
1744640658.282112 120 -0.277 0.001 0.371 3 0.00 -0.278 0.371 -0.0511 0.3770
1744640658.282374 120 -0.277 0.001 0.373 3 0.00 -0.278 0.373 -0.0511 0.3793
1744640658.282778 120 -0.277 0.001 0.378 3 0.00 -0.279 0.378 -0.0513 0.3840
1744640658.282864 120 -0.277 0.001 0.378 3 0.00 -0.279 0.378 -0.0513 0.3840
1744640658.2928152 120 -0.277 0.001 0.382 3 0.00 -0.279 0.382 -0.0512 0.3874
1744640658.293123 120 -0.277 0.001 0.384 3 0.00 -0.279 0.384 -0.0512 0.3898
1744640658.2933278 120 -0.277 0.001 0.386 3 0.00 -0.279 0.386 -0.0512 0.3921
1744640658.3157299 120 -0.277 0.001 0.390 3 0.00 -0.278 0.390 -0.0511 0.3955
1744640658.315813 120 -0.277 0.001 0.390 3 0.00 -0.278 0.390 -0.0511 0.3955
1744640658.316133 120 -0.277 0.001 0.393 3 0.00 -0.278 0.393 -0.0511 0.3990
1744640658.31627 120 -0.277 0.001 0.397 3 0.00 -0.278 0.397 -0.0511 0.4025
1744640658.316384 120 -0.277 0.001 0.399 3 0.00 -0.278 0.399 -0.0511 0.4048
1744640658.344202 120 -0.277 0.001 0.405 3 0.00 -0.279 0.405 -0.0512 0.4106
1744640658.3443131 120 -0.277 0.001 0.405 3 0.00 -0.279 0.405 -0.0512 0.4106
1744640658.344861 120 -0.277 0.001 0.409 3 0.00 -0.279 0.409 -0.0514 0.4152
1744640658.345105 120 -0.277 0.001 0.412 3 0.00 -0.279 0.412 -0.0514 0.4175
1744640658.361823 120 -0.277 0.001 0.413 3 0.00 -0.279 0.413 -0.0514 0.4187
1744640658.362313 120 -0.277 0.001 0.417 3 0.00 -0.279 0.417 -0.0513 0.4233
1744640658.362407 120 -0.277 0.001 0.417 3 0.00 -0.279 0.417 -0.0513 0.4233
1744640658.3848279 120 -0.276 0.001 0.420 3 0.00 -0.279 0.420 -0.0512 0.4256
1744640658.3850722 120 -0.276 0.001 0.422 3 0.00 -0.279 0.422 -0.0512 0.4279
1744640658.385273 120 -0.276 0.001 0.423 3 0.00 -0.279 0.423 -0.0512 0.4291
1744640658.38574 120 -0.277 0.001 0.429 3 0.00 -0.278 0.429 -0.0510 0.4349
1744640658.385827 120 -0.277 0.001 0.429 3 0.00 -0.278 0.429 -0.0510 0.4349
1744640658.419722 120 -0.277 0.001 0.436 3 0.00 -0.278 0.436 -0.0510 0.4418
1744640658.420127 120 -0.277 0.001 0.438 3 0.00 -0.278 0.438 -0.0510 0.4441
1744640658.429729 120 -0.277 0.001 0.442 3 0.00 -0.278 0.442 -0.0510 0.4476
1744640658.430154 120 -0.277 0.001 0.448 3 0.00 -0.279 0.448 -0.0512 0.4534
1744640658.430241 120 -0.277 0.001 0.448 3 0.00 -0.279 0.448 -0.0512 0.4534
1744640658.4464471 120 -0.277 0.001 0.452 3 0.00 -0.279 0.452 -0.0514 0.4580
1744640658.446746 120 -0.277 0.001 0.455 3 0.00 -0.279 0.455 -0.0514 0.4603
1744640658.446948 120 -0.277 0.001 0.457 3 0.00 -0.279 0.457 -0.0514 0.4626
1744640658.44755 120 -0.277 0.001 0.460 3 0.00 -0.279 0.460 -0.0514 0.4661
1744640658.487165 120 -0.277 0.001 0.460 3 0.00 -0.279 0.460 -0.0514 0.4661
1744640658.487583 120 -0.277 0.001 0.465 3 0.00 -0.279 0.465 -0.0513 0.4707
1744640658.487763 120 -0.277 0.001 0.466 3 0.00 -0.279 0.466 -0.0513 0.4719
1744640658.487894 120 -0.276 0.001 0.469 3 0.00 -0.279 0.469 -0.0513 0.4753
1744640658.49613 120 -0.277 0.001 0.474 3 0.00 -0.279 0.474 -0.0513 0.4800
1744640658.496186 120 -0.277 0.001 0.474 3 0.00 -0.279 0.474 -0.0513 0.4800
1744640658.496514 120 -0.277 0.001 0.481 3 0.00 -0.279 0.481 -0.0512 0.4869
1744640658.5154428 120 -0.277 0.001 0.483 3 0.00 -0.279 0.483 -0.0512 0.4892
1744640658.51567 120 -0.277 0.001 0.486 3 0.00 -0.279 0.486 -0.0512 0.4915
1744640658.5161521 120 -0.277 0.001 0.490 3 0.00 -0.279 0.490 -0.0513 0.4962
1744640658.516245 120 -0.277 0.001 0.490 3 0.00 -0.279 0.490 -0.0513 0.4962
1744640658.5201302 120 -0.277 0.001 0.494 3 0.00 -0.279 0.494 -0.0513 0.4996
1744640658.520374 120 -0.277 0.001 0.495 3 0.00 -0.279 0.495 -0.0513 0.5008
1744640658.5422552 120 -0.277 0.001 0.498 3 0.00 -0.279 0.498 -0.0513 0.5042
1744640658.542461 120 -0.276 0.001 0.502 3 0.00 -0.279 0.502 -0.0514 0.5077
1744640658.5425 120 -0.276 0.001 0.502 3 0.00 -0.279 0.502 -0.0514 0.5077
1744640658.569739 120 -0.277 0.001 0.508 3 0.00 -0.279 0.508 -0.0512 0.5135
1744640658.569901 120 -0.277 0.001 0.510 3 0.00 -0.279 0.510 -0.0512 0.5158
1744640658.5700538 120 -0.277 0.001 0.512 3 0.00 -0.279 0.512 -0.0512 0.5181
1744640658.5703008 120 -0.277 0.001 0.517 3 0.00 -0.278 0.517 -0.0511 0.5228
1744640658.5727732 120 -0.277 0.001 0.517 3 0.00 -0.278 0.517 -0.0511 0.5228
1744640658.595826 120 -0.277 0.001 0.524 3 0.00 -0.278 0.524 -0.0512 0.5297
1744640658.596142 120 -0.277 0.001 0.524 3 0.00 -0.278 0.524 -0.0512 0.5297
1744640658.59668 120 -0.277 0.001 0.528 3 0.00 -0.278 0.528 -0.0512 0.5343
1744640658.613068 120 -0.277 0.001 0.534 3 0.00 -0.279 0.534 -0.0513 0.5401
1744640658.6131709 120 -0.277 0.001 0.534 3 0.00 -0.279 0.534 -0.0513 0.5401
1744640658.6137118 120 -0.277 0.001 0.539 3 0.00 -0.279 0.539 -0.0513 0.5447
1744640658.613951 120 -0.277 0.001 0.541 3 0.00 -0.279 0.541 -0.0513 0.5470
1744640658.67429 120 -0.277 0.001 0.542 3 0.00 -0.279 0.542 -0.0513 0.5482
1744640658.674743 120 -0.276 0.001 0.547 3 0.00 -0.279 0.547 -0.0512 0.5528
1744640658.6748328 120 -0.276 0.001 0.547 3 0.00 -0.279 0.547 -0.0512 0.5528
1744640658.675355 120 -0.276 0.001 0.552 3 0.00 -0.278 0.552 -0.0511 0.5574
1744640658.676658 120 -0.277 0.001 0.554 3 0.00 -0.278 0.554 -0.0511 0.5598
1744640658.6768792 120 -0.276 0.001 0.557 3 0.00 -0.278 0.557 -0.0511 0.5632
1744640658.677344 120 -0.276 0.001 0.564 3 0.00 -0.278 0.564 -0.0510 0.5702
1744640658.677433 120 -0.276 0.001 0.564 3 0.00 -0.278 0.564 -0.0510 0.5702
1744640658.688411 120 -0.277 0.001 0.570 3 0.00 -0.278 0.570 -0.0511 0.5760
1744640658.6886752 120 -0.277 0.001 0.573 3 0.00 -0.278 0.573 -0.0511 0.5783
1744640658.6888928 120 -0.276 0.001 0.576 3 0.00 -0.278 0.576 -0.0511 0.5817
1744640658.703922 120 -0.276 0.001 0.581 3 0.00 -0.278 0.581 -0.0511 0.5864
1744640658.7040188 120 -0.276 0.001 0.581 3 0.00 -0.278 0.581 -0.0511 0.5864
1744640658.704515 120 -0.277 0.001 0.584 3 0.00 -0.278 0.584 -0.0511 0.5898
1744640658.704761 120 -0.277 0.001 0.586 3 0.00 -0.278 0.586 -0.0511 0.5921
1744640658.7355268 120 -0.277 0.001 0.589 3 0.00 -0.278 0.589 -0.0511 0.5945
1744640658.735969 120 -0.276 0.001 0.594 3 0.00 -0.278 0.594 -0.0511 0.6002
1744640658.736063 120 -0.276 0.001 0.594 3 0.00 -0.278 0.594 -0.0511 0.6002
1744640658.746851 120 -0.276 0.001 0.600 3 0.00 -0.278 0.600 -0.0510 0.6060
1744640658.747164 120 -0.276 0.001 0.601 3 0.00 -0.278 0.601 -0.0510 0.6072
1744640658.747375 120 -0.276 0.001 0.605 3 0.00 -0.278 0.605 -0.0510 0.6106
1744640658.7478359 120 -0.276 0.001 0.610 3 0.00 -0.278 0.610 -0.0509 0.6153
1744640658.775119 120 -0.276 0.001 0.610 3 0.00 -0.278 0.610 -0.0509 0.6153
1744640658.77572 120 -0.276 0.001 0.614 3 0.00 -0.278 0.614 -0.0509 0.6199
1744640658.7759738 120 -0.276 0.001 0.616 3 0.00 -0.278 0.616 -0.0509 0.6222
1744640658.776184 120 -0.276 0.001 0.620 3 0.00 -0.278 0.620 -0.0509 0.6257
1744640658.784144 120 -0.276 0.001 0.626 3 0.00 -0.278 0.626 -0.0509 0.6315
1744640658.784234 120 -0.276 0.001 0.626 3 0.00 -0.278 0.626 -0.0509 0.6315
1744640658.784755 120 -0.276 0.001 0.630 3 0.00 -0.278 0.630 -0.0510 0.6361
1744640658.8031201 120 -0.276 0.001 0.631 3 0.00 -0.278 0.631 -0.0510 0.6372
1744640658.8033311 120 -0.276 0.001 0.636 3 0.00 -0.278 0.636 -0.0510 0.6419
1744640658.803794 120 -0.276 0.001 0.639 3 0.00 -0.278 0.639 -0.0510 0.6453
1744640658.803884 120 -0.276 0.001 0.639 3 0.00 -0.278 0.639 -0.0510 0.6453
1744640658.831923 120 -0.276 0.001 0.644 3 0.00 -0.278 0.644 -0.0510 0.6500
1744640658.832163 120 -0.276 0.001 0.644 3 0.00 -0.278 0.644 -0.0510 0.6500
1744640658.832362 120 -0.276 0.001 0.648 3 0.00 -0.278 0.648 -0.0510 0.6534
1744640658.850763 120 -0.276 0.001 0.652 3 0.00 -0.278 0.652 -0.0509 0.6581
1744640658.850859 120 -0.276 0.001 0.652 3 0.00 -0.278 0.652 -0.0509 0.6581
1744640658.8513489 120 -0.276 0.001 0.658 3 0.00 -0.278 0.658 -0.0509 0.6638
1744640658.851593 120 -0.276 0.001 0.658 3 0.00 -0.278 0.658 -0.0509 0.6638
1744640658.88682 120 -0.276 0.001 0.661 3 0.00 -0.278 0.661 -0.0509 0.6673
1744640658.887274 120 -0.276 0.001 0.666 3 0.00 -0.278 0.666 -0.0509 0.6719
1744640658.887367 120 -0.276 0.001 0.666 3 0.00 -0.278 0.666 -0.0509 0.6719
1744640658.887848 120 -0.276 0.001 0.671 3 0.00 -0.278 0.671 -0.0510 0.6766
1744640658.8881679 120 -0.276 0.001 0.673 3 0.00 -0.278 0.673 -0.0510 0.6789
1744640658.931131 120 -0.276 0.001 0.675 3 0.00 -0.278 0.675 -0.0510 0.6812
1744640658.931585 120 -0.277 0.001 0.680 3 0.00 -0.278 0.680 -0.0510 0.6858
1744640658.931681 120 -0.277 0.001 0.680 3 0.00 -0.278 0.680 -0.0510 0.6858
1744640658.932239 120 -0.277 0.001 0.685 3 0.00 -0.278 0.685 -0.0511 0.6904
1744640658.932487 120 -0.277 0.001 0.686 3 0.00 -0.278 0.686 -0.0511 0.6916
1744640658.932698 120 -0.276 0.001 0.689 3 0.00 -0.278 0.689 -0.0511 0.6951
1744640658.93313 120 -0.277 0.001 0.693 3 0.00 -0.278 0.693 -0.0512 0.6985
1744640658.938829 120 -0.277 0.001 0.693 3 0.00 -0.278 0.693 -0.0512 0.6985
1744640658.939411 120 -0.277 0.001 0.697 3 0.00 -0.278 0.697 -0.0510 0.7032
1744640658.9612548 120 -0.276 0.001 0.699 3 0.00 -0.278 0.699 -0.0510 0.7043
1744640658.9614809 120 -0.276 0.001 0.703 3 0.00 -0.278 0.703 -0.0510 0.7089
1744640658.9619572 120 -0.277 0.001 0.707 3 0.00 -0.278 0.707 -0.0510 0.7124
1744640658.962048 120 -0.277 0.001 0.707 3 0.00 -0.278 0.707 -0.0510 0.7124
1744640658.9830122 120 -0.277 0.001 0.712 3 0.00 -0.278 0.712 -0.0509 0.7182
1744640658.9832551 120 -0.277 0.001 0.714 3 0.00 -0.278 0.714 -0.0509 0.7194
1744640658.983453 120 -0.277 0.001 0.718 3 0.00 -0.278 0.718 -0.0509 0.7240
1744640659.021971 120 -0.277 0.001 0.724 3 0.00 -0.278 0.724 -0.0511 0.7298
1744640659.0220642 120 -0.277 0.001 0.724 3 0.00 -0.278 0.724 -0.0511 0.7298
1744640659.022542 120 -0.277 0.001 0.727 3 0.00 -0.279 0.727 -0.0512 0.7332
1744640659.02278 120 -0.277 0.001 0.729 3 0.00 -0.279 0.729 -0.0512 0.7344
1744640659.0448792 120 -0.277 0.001 0.731 3 0.00 -0.279 0.731 -0.0512 0.7367
1744640659.0453062 120 -0.276 0.001 0.733 3 0.00 -0.279 0.733 -0.0512 0.7390
1744640659.045389 120 -0.276 0.001 0.734 3 0.00 -0.279 0.734 -0.0512 0.7402
1744640659.0458062 120 -0.276 0.001 0.736 3 0.00 -0.278 0.736 -0.0511 0.7413
1744640659.070954 120 -0.276 0.001 0.738 3 0.00 -0.278 0.738 -0.0511 0.7436
1744640659.071112 120 -0.276 0.001 0.738 3 0.00 -0.278 0.738 -0.0511 0.7436
1744640659.0716019 120 -0.276 0.001 0.743 3 0.00 -0.278 0.743 -0.0509 0.7483
1744640659.0716858 120 -0.276 0.001 0.747 3 0.00 -0.278 0.747 -0.0509 0.7529
1744640659.098401 120 -0.276 0.001 0.751 3 0.00 -0.278 0.751 -0.0509 0.7564
1744640659.0987039 120 -0.276 0.001 0.756 3 0.00 -0.278 0.756 -0.0509 0.7621
1744640659.0988622 120 -0.276 0.001 0.756 3 0.00 -0.278 0.756 -0.0509 0.7621
1744640659.099416 120 -0.276 0.001 0.763 3 0.00 -0.278 0.763 -0.0511 0.7691
1744640659.0995011 120 -0.276 0.001 0.764 3 0.00 -0.278 0.764 -0.0511 0.7702
1744640659.099989 120 -0.276 0.001 0.766 3 0.00 -0.279 0.766 -0.0512 0.7714
1744640659.115442 120 -0.276 0.002 0.768 3 0.00 -0.279 0.768 -0.0512 0.7737
1744640659.115615 120 -0.276 0.002 0.768 3 0.00 -0.279 0.768 -0.0512 0.7737
1744640659.123905 120 -0.276 0.002 0.769 3 0.00 -0.278 0.769 -0.0511 0.7749
1744640659.1239948 120 -0.276 0.002 0.771 3 0.00 -0.278 0.771 -0.0511 0.7772
1744640659.124426 120 -0.276 0.002 0.775 3 0.00 -0.278 0.775 -0.0509 0.7806
1744640659.124728 120 -0.276 0.002 0.779 3 0.00 -0.278 0.779 -0.0509 0.7853
1744640659.150538 120 -0.276 0.002 0.779 3 0.00 -0.278 0.779 -0.0509 0.7853
1744640659.1510882 120 -0.276 0.002 0.785 3 0.00 -0.278 0.785 -0.0506 0.7911
1744640659.151276 120 -0.276 0.001 0.789 3 0.00 -0.278 0.789 -0.0506 0.7945
% 1744640659.1592388 robobot/cmd/ti/rc 0.0 0.0
1744640659.164844 120 -0.276 0.001 0.793 3 0.00 -0.278 0.793 -0.0509 0.7991
1744640659.165479 120 -0.276 0.001 0.799 3 0.00 -0.278 0.799 -0.0509 0.8049
1744640659.1656802 120 -0.276 0.001 0.799 3 0.00 -0.278 0.799 -0.0509 0.8049
1744640659.192239 120 -0.276 0.001 0.801 3 0.00 -0.278 0.801 -0.0510 0.8072
1744640659.192448 120 -0.276 0.001 0.804 3 0.00 -0.278 0.804 -0.0510 0.8096
1744640659.192768 120 -0.276 0.001 0.805 3 0.00 -0.278 0.805 -0.0511 0.8107
1744640659.19312 120 -0.276 0.002 0.811 3 0.00 -0.278 0.811 -0.0511 0.8165
1744640659.1932611 120 -0.276 0.002 0.811 3 0.00 -0.278 0.811 -0.0511 0.8165
1744640659.207076 120 -0.276 0.002 0.815 3 0.00 -0.278 0.815 -0.0510 0.8211
1744640659.207264 120 -0.276 0.002 0.818 3 0.00 -0.278 0.818 -0.0510 0.8234
1744640659.2076201 120 -0.276 0.002 0.820 3 0.00 -0.278 0.820 -0.0508 0.8257
1744640659.236952 120 -0.276 0.002 0.825 3 0.00 -0.278 0.825 -0.0508 0.8304
1744640659.237099 120 -0.276 0.002 0.825 3 0.00 -0.278 0.825 -0.0508 0.8304
1744640659.2375622 120 -0.276 0.002 0.829 3 0.00 -0.278 0.829 -0.0508 0.8350
1744640659.237744 120 -0.276 0.001 0.832 3 0.00 -0.278 0.832 -0.0508 0.8373
1744640659.245864 120 -0.276 0.001 0.834 3 0.00 -0.278 0.834 -0.0509 0.8396
1744640659.246169 120 -0.276 0.001 0.840 3 0.00 -0.278 0.840 -0.0509 0.8454
1744640659.246316 120 -0.276 0.001 0.840 3 0.00 -0.278 0.840 -0.0509 0.8454
1744640659.364202 120 -0.276 0.002 0.845 3 0.00 -0.278 0.845 -0.0509 0.8512
1744640659.364424 120 -0.276 0.002 0.848 3 0.00 -0.278 0.848 -0.0509 0.8535
1744640659.364753 120 -0.276 0.002 0.849 3 0.00 -0.278 0.849 -0.0508 0.8547
1744640659.365062 120 -0.276 0.002 0.852 3 0.00 -0.278 0.852 -0.0508 0.8581
1744640659.365223 120 -0.276 0.002 0.852 3 0.00 -0.278 0.852 -0.0508 0.8581
1744640659.36577 120 -0.276 0.002 0.854 3 0.00 -0.278 0.854 -0.0507 0.8593
1744640659.365967 120 -0.276 0.002 0.854 3 0.00 -0.278 0.854 -0.0507 0.8593
1744640659.366296 120 -0.276 0.002 0.854 3 0.00 -0.278 0.854 -0.0506 0.8593
1744640659.36656 120 -0.276 0.002 0.854 3 0.00 -0.278 0.854 -0.0506 0.8593
1744640659.366668 120 -0.276 0.002 0.854 3 0.00 -0.278 0.854 -0.0506 0.8593
1744640659.366925 120 -0.276 0.002 0.855 3 0.00 -0.278 0.855 -0.0505 0.8604
1744640659.373004 120 -0.276 0.002 0.856 3 0.00 -0.278 0.856 -0.0505 0.8616
1744640659.373355 120 -0.276 0.002 0.858 3 0.00 -0.278 0.858 -0.0505 0.8639
1744640659.373708 120 -0.276 0.001 0.860 3 0.00 -0.278 0.860 -0.0505 0.8662
1744640659.373852 120 -0.276 0.001 0.860 3 0.00 -0.278 0.860 -0.0505 0.8662
1744640659.374635 120 -0.276 0.001 0.860 3 0.00 -0.278 0.860 -0.0505 0.8662
1744640659.374822 120 -0.276 0.001 0.860 3 0.00 -0.278 0.860 -0.0505 0.8662
1744640659.375185 120 -0.276 0.001 0.860 3 0.00 -0.278 0.860 -0.0506 0.8662
1744640659.375478 120 -0.276 0.001 0.860 3 0.00 -0.278 0.860 -0.0506 0.8662
1744640659.383178 120 -0.276 0.001 0.860 3 0.00 -0.278 0.860 -0.0506 0.8662
1744640659.383702 120 -0.276 0.001 0.860 3 0.00 -0.278 0.860 -0.0507 0.8662
1744640659.383892 120 -0.276 0.001 0.860 3 0.00 -0.278 0.860 -0.0507 0.8662
1744640659.415027 120 -0.276 0.001 0.859 3 0.00 -0.278 0.859 -0.0508 0.8651
1744640659.4152079 120 -0.276 0.001 0.859 3 0.00 -0.278 0.859 -0.0508 0.8651
1744640659.4152908 120 -0.276 0.001 0.859 3 0.00 -0.278 0.859 -0.0508 0.8651
1744640659.423234 120 -0.276 0.001 0.858 3 0.00 -0.278 0.858 -0.0509 0.8639
1744640659.423448 120 -0.276 0.001 0.858 3 0.00 -0.278 0.858 -0.0509 0.8639
1744640659.4237802 120 -0.276 0.001 0.858 3 0.00 -0.278 0.858 -0.0509 0.8639
1744640659.4240901 120 -0.276 0.001 0.858 3 0.00 -0.278 0.858 -0.0509 0.8639
1744640659.424233 120 -0.276 0.001 0.858 3 0.00 -0.278 0.858 -0.0509 0.8639
1744640659.443167 120 -0.276 0.001 0.858 3 0.00 -0.278 0.858 -0.0509 0.8639
1744640659.443362 120 -0.276 0.001 0.858 3 0.00 -0.278 0.858 -0.0509 0.8639
1744640659.443682 120 -0.276 0.001 0.858 3 0.00 -0.278 0.858 -0.0510 0.8639
1744640659.456867 120 -0.276 0.001 0.858 3 0.00 -0.278 0.858 -0.0510 0.8639
1744640659.4570692 120 -0.276 0.001 0.858 3 0.00 -0.278 0.858 -0.0510 0.8639
1744640659.485148 120 -0.276 0.001 0.858 3 0.00 -0.278 0.858 -0.0510 0.8639
1744640659.485342 120 -0.276 0.001 0.858 3 0.00 -0.278 0.858 -0.0510 0.8639
1744640659.485659 120 -0.276 0.001 0.858 3 0.00 -0.278 0.858 -0.0510 0.8639
1744640659.5006878 120 -0.276 0.001 0.858 3 0.00 -0.278 0.858 -0.0510 0.8639
1744640659.500861 120 -0.276 0.001 0.858 3 0.00 -0.278 0.858 -0.0510 0.8639
1744640659.501385 120 -0.276 0.001 0.858 3 0.00 -0.278 0.858 -0.0511 0.8639
1744640659.5015821 120 -0.276 0.001 0.858 3 0.00 -0.278 0.858 -0.0511 0.8639
1744640659.522538 120 -0.276 0.001 0.858 3 0.00 -0.278 0.858 -0.0511 0.8639
1744640659.5227342 120 -0.276 0.001 0.858 3 0.00 -0.278 0.858 -0.0511 0.8639
1744640659.522822 120 -0.276 0.001 0.858 3 0.00 -0.278 0.858 -0.0511 0.8639
1744640659.523102 120 -0.276 0.001 0.858 3 0.00 -0.278 0.858 -0.0511 0.8639
1744640659.539297 120 -0.276 0.001 0.858 3 0.00 -0.278 0.858 -0.0511 0.8639
1744640659.556795 120 -0.276 0.001 0.858 3 0.00 -0.278 0.858 -0.0511 0.8639
1744640659.557139 120 -0.276 0.001 0.858 3 0.00 -0.278 0.858 -0.0511 0.8639
1744640659.55729 120 -0.276 0.001 0.858 3 0.00 -0.278 0.858 -0.0511 0.8639
1744640659.557844 120 -0.276 0.001 0.858 3 0.00 -0.278 0.858 -0.0511 0.8639
1744640659.584522 120 -0.276 0.001 0.858 3 0.00 -0.278 0.858 -0.0511 0.8639
1744640659.584856 120 -0.276 0.001 0.858 3 0.00 -0.278 0.858 -0.0511 0.8639
1744640659.5851562 120 -0.276 0.001 0.858 3 0.00 -0.278 0.858 -0.0511 0.8639
1744640659.585356 120 -0.276 0.001 0.858 3 0.00 -0.278 0.858 -0.0511 0.8639
1744640659.596832 120 -0.276 0.001 0.858 3 0.00 -0.278 0.858 -0.0511 0.8639
1744640659.5970292 120 -0.276 0.001 0.858 3 0.00 -0.278 0.858 -0.0511 0.8639
1744640659.597347 120 -0.276 0.001 0.858 3 0.00 -0.278 0.858 -0.0511 0.8639
1744640659.639411 120 -0.276 0.001 0.858 3 0.00 -0.278 0.858 -0.0511 0.8639
1744640659.639622 120 -0.276 0.001 0.858 3 0.00 -0.278 0.858 -0.0511 0.8639
1744640659.640117 120 -0.276 0.001 0.858 3 0.00 -0.278 0.858 -0.0511 0.8639
1744640659.640304 120 -0.276 0.001 0.858 3 0.00 -0.278 0.858 -0.0511 0.8639
1744640659.640623 120 -0.276 0.001 0.858 3 0.00 -0.278 0.858 -0.0511 0.8639
1744640659.6409721 120 -0.276 0.001 0.858 3 0.00 -0.278 0.858 -0.0511 0.8639
1744640659.641121 120 -0.276 0.001 0.858 3 0.00 -0.278 0.858 -0.0511 0.8639
1744640659.67453 120 -0.276 0.001 0.858 3 0.00 -0.278 0.858 -0.0511 0.8639
1744640659.674728 120 -0.276 0.001 0.858 3 0.00 -0.278 0.858 -0.0511 0.8639
1744640659.675101 120 -0.276 0.001 0.858 3 0.00 -0.278 0.858 -0.0511 0.8639
1744640659.6753988 120 -0.276 0.001 0.858 3 0.00 -0.278 0.858 -0.0511 0.8639
1744640659.682251 120 -0.276 0.001 0.858 3 0.00 -0.278 0.858 -0.0511 0.8639
1744640659.682734 120 -0.276 0.001 0.858 3 0.00 -0.278 0.858 -0.0511 0.8639
1744640659.682923 120 -0.276 0.001 0.858 3 0.00 -0.278 0.858 -0.0511 0.8639
1744640659.706203 120 -0.276 0.001 0.858 3 0.00 -0.278 0.858 -0.0512 0.8639
1744640659.7065222 120 -0.276 0.001 0.858 3 0.00 -0.278 0.858 -0.0512 0.8639
1744640659.706666 120 -0.276 0.001 0.858 3 0.00 -0.278 0.858 -0.0512 0.8639
1744640659.707202 120 -0.276 0.001 0.858 3 0.00 -0.279 0.858 -0.0512 0.8639
1744640659.754574 120 -0.276 0.001 0.858 3 0.00 -0.279 0.858 -0.0512 0.8639
1744640659.7549 120 -0.276 0.001 0.858 3 0.00 -0.279 0.858 -0.0512 0.8639
1744640659.7555509 120 -0.276 0.001 0.858 3 0.00 -0.279 0.858 -0.0512 0.8639
1744640659.755691 120 -0.276 0.001 0.858 3 0.00 -0.279 0.858 -0.0512 0.8639
1744640659.7563462 120 -0.276 0.001 0.858 3 0.00 -0.279 0.858 -0.0512 0.8639
1744640659.756526 120 -0.276 0.001 0.858 3 0.00 -0.279 0.858 -0.0512 0.8639
1744640659.7568278 120 -0.276 0.001 0.858 3 0.00 -0.279 0.858 -0.0512 0.8639
1744640659.783373 120 -0.276 0.001 0.858 3 0.00 -0.279 0.858 -0.0512 0.8639
1744640659.783575 120 -0.276 0.001 0.858 3 0.00 -0.279 0.858 -0.0512 0.8639
1744640659.7840571 120 -0.276 0.001 0.858 3 0.00 -0.279 0.858 -0.0512 0.8639
1744640659.784246 120 -0.276 0.001 0.858 3 0.00 -0.279 0.858 -0.0512 0.8639
1744640659.7944598 120 -0.276 0.001 0.858 3 0.00 -0.279 0.858 -0.0512 0.8639
1744640659.794817 120 -0.276 0.001 0.858 3 0.00 -0.279 0.858 -0.0512 0.8639
1744640659.794956 120 -0.276 0.001 0.858 3 0.00 -0.279 0.858 -0.0512 0.8639
1744640659.827453 120 -0.276 0.001 0.858 3 0.00 -0.279 0.858 -0.0513 0.8639
1744640659.8277152 120 -0.276 0.001 0.858 3 0.00 -0.279 0.858 -0.0513 0.8639
1744640659.828109 120 -0.276 0.001 0.858 3 0.00 -0.279 0.858 -0.0513 0.8639
1744640659.828355 120 -0.276 0.001 0.858 3 0.00 -0.279 0.858 -0.0513 0.8639
1744640659.8284092 120 -0.276 0.001 0.858 3 0.00 -0.279 0.858 -0.0513 0.8639
1744640659.832461 120 -0.276 0.001 0.858 3 0.00 -0.279 0.858 -0.0513 0.8639
1744640659.832632 120 -0.276 0.001 0.858 3 0.00 -0.279 0.858 -0.0513 0.8639
1744640659.8327858 120 -0.276 0.001 0.858 3 0.00 -0.279 0.858 -0.0513 0.8639
1744640659.899828 120 -0.276 0.001 0.858 3 0.00 -0.279 0.858 -0.0513 0.8639
1744640659.899934 120 -0.276 0.001 0.858 3 0.00 -0.279 0.858 -0.0513 0.8639
1744640659.900487 120 -0.276 0.001 0.858 3 0.00 -0.279 0.858 -0.0513 0.8639
1744640659.9007292 120 -0.276 0.001 0.858 3 0.00 -0.279 0.858 -0.0513 0.8639
1744640659.902101 120 -0.276 0.001 0.858 3 0.00 -0.279 0.858 -0.0513 0.8639
1744640659.9024792 120 -0.276 0.001 0.858 3 0.00 -0.279 0.858 -0.0513 0.8639
1744640659.9025762 120 -0.276 0.001 0.858 3 0.00 -0.279 0.858 -0.0513 0.8639
1744640659.903117 120 -0.276 0.001 0.858 3 0.00 -0.279 0.858 -0.0513 0.8639
1744640659.9033558 120 -0.276 0.001 0.858 3 0.00 -0.279 0.858 -0.0513 0.8639
1744640659.903614 120 -0.276 0.001 0.858 3 0.00 -0.279 0.858 -0.0513 0.8639
1744640659.929717 120 -0.276 0.001 0.858 3 0.00 -0.279 0.858 -0.0513 0.8639
1744640659.9298198 120 -0.276 0.001 0.858 3 0.00 -0.279 0.858 -0.0513 0.8639
1744640659.930675 120 -0.276 0.001 0.858 3 0.00 -0.279 0.858 -0.0513 0.8639
1744640659.93092 120 -0.276 0.001 0.858 3 0.00 -0.279 0.858 -0.0513 0.8639
1744640659.939681 120 -0.276 0.001 0.858 3 0.00 -0.279 0.858 -0.0513 0.8639
1744640659.940091 120 -0.276 0.001 0.858 3 0.00 -0.279 0.858 -0.0513 0.8639
1744640659.9401789 120 -0.276 0.001 0.858 3 0.00 -0.279 0.858 -0.0513 0.8639
1744640659.94961 120 -0.276 0.001 0.858 3 0.00 -0.279 0.858 -0.0513 0.8639
1744640659.949854 120 -0.276 0.001 0.858 3 0.00 -0.279 0.858 -0.0513 0.8639
1744640659.9663308 120 -0.276 0.001 0.858 3 0.00 -0.279 0.858 -0.0513 0.8639
1744640659.990039 120 -0.276 0.001 0.858 3 0.00 -0.279 0.858 -0.0513 0.8639
1744640659.990137 120 -0.276 0.001 0.858 3 0.00 -0.279 0.858 -0.0513 0.8639
1744640659.990635 120 -0.276 0.001 0.858 3 0.00 -0.279 0.858 -0.0513 0.8639
1744640659.9909298 120 -0.276 0.001 0.858 3 0.00 -0.279 0.858 -0.0513 0.8639
% 1744640660.026363 robobot/cmd/ti/rc 0.0 0.0
% 1744640660.026483 robobot/cmd/T0/leds 16 0 0 0
% 1744640660.0267 robobot/cmd/ti/rc 0.2 -0.3
1744640660.037078 120 -0.276 0.001 0.858 3 0.00 -0.279 0.858 0.0000 0.0000
1744640660.037308 120 -0.276 0.001 0.858 3 0.00 -0.279 0.858 0.0000 0.0000
1744640660.037366 120 -0.276 0.001 0.858 3 0.00 -0.279 0.858 0.0000 0.0000
1744640660.037847 120 -0.276 0.001 0.858 3 0.00 -0.279 0.858 0.0000 0.0000
1744640660.038 120 -0.276 0.001 0.858 3 0.00 -0.279 0.858 0.0000 0.0000
1744640660.0381498 120 -0.276 0.001 0.858 3 0.00 -0.279 0.858 0.0000 0.0000
1744640660.038356 120 -0.276 0.001 0.858 3 0.00 -0.279 0.858 0.0000 0.0000
1744640660.038403 120 -0.276 0.001 0.858 3 0.00 -0.279 0.858 0.0000 0.0000
1744640660.044045 120 -0.276 0.001 0.858 3 0.00 -0.279 0.858 0.0000 0.0000
1744640660.0441759 120 -0.276 0.001 0.858 3 0.00 -0.279 0.858 0.0000 0.0000
1744640660.044309 120 -0.276 0.001 0.858 3 0.00 -0.279 0.858 0.0000 0.0000
1744640660.0723488 120 -0.276 0.001 0.858 3 0.00 -0.279 0.858 0.0000 0.0000
1744640660.0866728 120 -0.276 0.001 0.858 3 0.00 -0.279 0.858 0.0000 0.0000
1744640660.08696 120 -0.276 0.001 0.858 3 0.00 -0.279 0.858 0.0000 0.0000
1744640660.0870662 120 -0.276 0.002 0.857 3 0.00 -0.279 0.857 0.0000 -0.0011
1744640660.096063 120 -0.276 0.002 0.857 3 0.00 -0.279 0.857 0.0000 -0.0011
1744640660.0962949 120 -0.275 0.003 0.855 3 0.00 -0.279 0.855 0.0000 -0.0035
1744640660.096339 120 -0.275 0.003 0.855 3 0.00 -0.279 0.855 0.0000 -0.0035
1744640660.096568 120 -0.274 0.003 0.852 3 0.00 -0.278 0.852 0.0011 -0.0058
1744640660.122207 120 -0.274 0.004 0.850 3 0.00 -0.278 0.850 0.0011 -0.0081
1744640660.1225522 120 -0.274 0.004 0.849 3 0.00 -0.276 0.849 0.0025 -0.0092
1744640660.122912 120 -0.273 0.004 0.847 3 0.00 -0.276 0.847 0.0025 -0.0116
1744640660.1230028 120 -0.273 0.004 0.847 3 0.00 -0.276 0.847 0.0025 -0.0116
1744640660.134625 120 -0.273 0.005 0.847 3 0.00 -0.275 0.847 0.0037 -0.0116
1744640660.134915 120 -0.273 0.005 0.844 3 0.00 -0.275 0.844 0.0037 -0.0139
1744640660.135168 120 -0.272 0.006 0.844 3 0.00 -0.274 0.844 0.0049 -0.0139
1744640660.1905322 120 -0.271 0.007 0.843 3 0.00 -0.274 0.843 0.0049 -0.0150
1744640660.190638 120 -0.271 0.007 0.843 3 0.00 -0.274 0.843 0.0049 -0.0150
1744640660.19117 120 -0.270 0.008 0.841 3 0.00 -0.272 0.841 0.0070 -0.0173
1744640660.191406 120 -0.270 0.009 0.840 3 0.00 -0.272 0.840 0.0070 -0.0185
1744640660.191657 120 -0.269 0.009 0.837 3 0.00 -0.269 0.837 0.0092 -0.0208
1744640660.192001 120 -0.268 0.010 0.835 3 0.00 -0.269 0.835 0.0092 -0.0231
1744640660.192091 120 -0.268 0.010 0.835 3 0.00 -0.269 0.835 0.0092 -0.0231
1744640660.205921 120 -0.267 0.012 0.833 3 0.00 -0.267 0.833 0.0116 -0.0254
1744640660.2061791 120 -0.266 0.013 0.832 3 0.00 -0.267 0.832 0.0116 -0.0266
1744640660.206444 120 -0.266 0.013 0.830 3 0.00 -0.264 0.830 0.0145 -0.0277
1744640660.206846 120 -0.264 0.014 0.827 3 0.00 -0.264 0.827 0.0145 -0.0312
1744640660.206935 120 -0.264 0.014 0.827 3 0.00 -0.264 0.827 0.0145 -0.0312
1744640660.220453 120 -0.263 0.016 0.825 3 0.00 -0.261 0.825 0.0174 -0.0335
1744640660.220704 120 -0.262 0.017 0.822 3 0.00 -0.261 0.822 0.0174 -0.0358
1744640660.252351 120 -0.262 0.018 0.822 3 0.00 -0.258 0.822 0.0207 -0.0358
1744640660.2527528 120 -0.260 0.019 0.819 3 0.00 -0.258 0.819 0.0207 -0.0393
1744640660.25284 120 -0.260 0.019 0.819 3 0.00 -0.258 0.819 0.0207 -0.0393
1744640660.275527 120 -0.258 0.021 0.817 3 0.00 -0.255 0.817 0.0241 -0.0416
1744640660.275779 120 -0.257 0.022 0.814 3 0.00 -0.255 0.814 0.0241 -0.0439
1744640660.276088 120 -0.257 0.023 0.813 3 0.00 -0.251 0.813 0.0275 -0.0451
1744640660.276438 120 -0.255 0.024 0.811 3 0.00 -0.251 0.811 0.0275 -0.0474
1744640660.295855 120 -0.255 0.024 0.811 3 0.00 -0.251 0.811 0.0275 -0.0474
1744640660.2963562 120 -0.254 0.026 0.808 3 0.00 -0.248 0.808 0.0310 -0.0497
1744640660.2966669 120 -0.252 0.027 0.807 3 0.00 -0.248 0.807 0.0310 -0.0509
1744640660.297225 120 -0.252 0.028 0.806 3 0.00 -0.244 0.806 0.0347 -0.0520
1744640660.315995 120 -0.250 0.030 0.804 3 0.00 -0.244 0.804 0.0347 -0.0543
1744640660.316043 120 -0.250 0.030 0.804 3 0.00 -0.244 0.804 0.0347 -0.0543
1744640660.316308 120 -0.249 0.031 0.800 3 0.00 -0.240 0.800 0.0382 -0.0578
1744640660.3164291 120 -0.248 0.032 0.798 3 0.00 -0.240 0.798 0.0382 -0.0601
1744640660.3336608 120 -0.247 0.033 0.797 3 0.00 -0.237 0.797 0.0417 -0.0613
1744640660.333942 120 -0.246 0.034 0.792 3 0.00 -0.237 0.792 0.0417 -0.0659
1744640660.3340101 120 -0.246 0.034 0.792 3 0.00 -0.237 0.792 0.0417 -0.0659
1744640660.3441532 120 -0.244 0.036 0.790 3 0.00 -0.234 0.790 0.0449 -0.0682
1744640660.344403 120 -0.243 0.037 0.789 3 0.00 -0.234 0.789 0.0449 -0.0694
1744640660.344664 120 -0.242 0.038 0.788 3 0.00 -0.230 0.788 0.0485 -0.0705
1744640660.3696032 120 -0.240 0.040 0.785 3 0.00 -0.230 0.785 0.0485 -0.0728
1744640660.3697028 120 -0.240 0.040 0.785 3 0.00 -0.230 0.785 0.0485 -0.0728
1744640660.370207 120 -0.239 0.041 0.784 3 0.00 -0.227 0.784 0.0519 -0.0740
1744640660.370614 120 -0.238 0.042 0.783 3 0.00 -0.227 0.783 0.0519 -0.0752
1744640660.393364 120 -0.237 0.043 0.781 3 0.00 -0.223 0.781 0.0554 -0.0775
1744640660.3938198 120 -0.236 0.044 0.778 3 0.00 -0.223 0.778 0.0554 -0.0798
1744640660.3939111 120 -0.236 0.044 0.778 3 0.00 -0.223 0.778 0.0554 -0.0798
1744640660.394388 120 -0.234 0.046 0.775 3 0.00 -0.220 0.775 0.0586 -0.0833
1744640660.423101 120 -0.233 0.046 0.775 3 0.00 -0.220 0.775 0.0586 -0.0833
1744640660.423436 120 -0.232 0.047 0.774 3 0.00 -0.217 0.774 0.0620 -0.0844
1744640660.4238 120 -0.231 0.049 0.770 3 0.00 -0.217 0.770 0.0620 -0.0879
1744640660.423896 120 -0.231 0.049 0.770 3 0.00 -0.217 0.770 0.0620 -0.0879
1744640660.4378529 120 -0.229 0.050 0.768 3 0.00 -0.214 0.768 0.0651 -0.0902
1744640660.438148 120 -0.229 0.051 0.767 3 0.00 -0.214 0.767 0.0651 -0.0913
1744640660.4384089 120 -0.228 0.052 0.763 3 0.00 -0.210 0.763 0.0684 -0.0948
1744640660.4800909 120 -0.226 0.053 0.762 3 0.00 -0.210 0.762 0.0684 -0.0960
1744640660.48019 120 -0.226 0.053 0.762 3 0.00 -0.210 0.762 0.0684 -0.0960
1744640660.480725 120 -0.225 0.055 0.759 3 0.00 -0.207 0.759 0.0714 -0.0994
1744640660.481073 120 -0.224 0.055 0.757 3 0.00 -0.207 0.757 0.0714 -0.1006
1744640660.4814222 120 -0.223 0.056 0.756 3 0.00 -0.204 0.756 0.0745 -0.1018
1744640660.481785 120 -0.222 0.057 0.754 3 0.00 -0.204 0.754 0.0745 -0.1041
1744640660.482217 120 -0.222 0.057 0.754 3 0.00 -0.204 0.754 0.0745 -0.1041
1744640660.486815 120 -0.220 0.059 0.751 3 0.00 -0.201 0.751 0.0775 -0.1075
1744640660.487007 120 -0.220 0.059 0.749 3 0.00 -0.201 0.749 0.0775 -0.1087
1744640660.505261 120 -0.219 0.060 0.748 3 0.00 -0.198 0.748 0.0806 -0.1099
1744640660.505484 120 -0.217 0.062 0.745 3 0.00 -0.198 0.745 0.0806 -0.1133
1744640660.5055318 120 -0.217 0.062 0.745 3 0.00 -0.198 0.745 0.0806 -0.1133
1744640660.52106 120 -0.216 0.063 0.743 3 0.00 -0.195 0.743 0.0835 -0.1156
1744640660.521302 120 -0.215 0.064 0.741 3 0.00 -0.195 0.741 0.0835 -0.1168
1744640660.543265 120 -0.215 0.064 0.739 3 0.00 -0.192 0.739 0.0866 -0.1191
1744640660.543715 120 -0.213 0.066 0.737 3 0.00 -0.192 0.737 0.0866 -0.1214
1744640660.543811 120 -0.213 0.066 0.737 3 0.00 -0.192 0.737 0.0866 -0.1214
1744640660.584393 120 -0.212 0.067 0.733 3 0.00 -0.189 0.733 0.0896 -0.1249
1744640660.584736 120 -0.211 0.067 0.732 3 0.00 -0.189 0.732 0.0896 -0.1260
1744640660.585106 120 -0.210 0.068 0.731 3 0.00 -0.186 0.731 0.0925 -0.1272
1744640660.585883 120 -0.209 0.070 0.727 3 0.00 -0.186 0.727 0.0925 -0.1307
1744640660.585987 120 -0.209 0.070 0.727 3 0.00 -0.186 0.727 0.0925 -0.1307
1744640660.586594 120 -0.207 0.071 0.724 3 0.00 -0.183 0.724 0.0955 -0.1341
1744640660.6051369 120 -0.207 0.071 0.722 3 0.00 -0.183 0.722 0.0955 -0.1364
1744640660.6054342 120 -0.206 0.072 0.719 3 0.00 -0.180 0.719 0.0985 -0.1388
1744640660.605818 120 -0.204 0.073 0.716 3 0.00 -0.180 0.716 0.0985 -0.1422
1744640660.6059148 120 -0.204 0.073 0.716 3 0.00 -0.180 0.716 0.0985 -0.1422
1744640660.660939 120 -0.203 0.075 0.712 3 0.00 -0.177 0.712 0.1013 -0.1457
1744640660.6612108 120 -0.202 0.075 0.711 3 0.00 -0.177 0.711 0.1013 -0.1469
1744640660.661495 120 -0.201 0.076 0.710 3 0.00 -0.174 0.710 0.1044 -0.1480
1744640660.661878 120 -0.200 0.077 0.707 3 0.00 -0.174 0.707 0.1044 -0.1515
1744640660.661969 120 -0.200 0.077 0.707 3 0.00 -0.174 0.707 0.1044 -0.1515
1744640660.662552 120 -0.198 0.079 0.703 3 0.00 -0.171 0.703 0.1072 -0.1550
1744640660.662818 120 -0.198 0.079 0.702 3 0.00 -0.171 0.702 0.1072 -0.1561
1744640660.6816902 120 -0.197 0.080 0.701 3 0.00 -0.168 0.701 0.1102 -0.1573
1744640660.682135 120 -0.195 0.081 0.697 3 0.00 -0.168 0.697 0.1102 -0.1607
1744640660.682226 120 -0.195 0.081 0.697 3 0.00 -0.168 0.697 0.1102 -0.1607
1744640660.683053 120 -0.194 0.082 0.694 3 0.00 -0.166 0.694 0.1130 -0.1642
1744640660.690191 120 -0.193 0.083 0.693 3 0.00 -0.166 0.693 0.1130 -0.1654
1744640660.690518 120 -0.192 0.084 0.692 3 0.00 -0.163 0.692 0.1160 -0.1665
1744640660.6909142 120 -0.191 0.085 0.687 3 0.00 -0.163 0.687 0.1160 -0.1711
1744640660.691 120 -0.191 0.085 0.687 3 0.00 -0.163 0.687 0.1160 -0.1711
1744640660.761085 120 -0.189 0.086 0.685 3 0.00 -0.160 0.685 0.1190 -0.1735
1744640660.7613518 120 -0.189 0.087 0.682 3 0.00 -0.160 0.682 0.1190 -0.1758
1744640660.7616808 120 -0.188 0.087 0.681 3 0.00 -0.157 0.681 0.1220 -0.1769
1744640660.762041 120 -0.186 0.089 0.678 3 0.00 -0.157 0.678 0.1220 -0.1804
1744640660.762134 120 -0.186 0.089 0.678 3 0.00 -0.157 0.678 0.1220 -0.1804
1744640660.762604 120 -0.185 0.090 0.674 3 0.00 -0.154 0.674 0.1249 -0.1839
1744640660.762895 120 -0.184 0.090 0.674 3 0.00 -0.154 0.674 0.1249 -0.1839
1744640660.763154 120 -0.183 0.091 0.673 3 0.00 -0.151 0.673 0.1280 -0.1850
1744640660.763493 120 -0.182 0.092 0.670 3 0.00 -0.151 0.670 0.1280 -0.1885
1744640660.7635891 120 -0.182 0.092 0.670 3 0.00 -0.151 0.670 0.1280 -0.1885
1744640660.7825222 120 -0.180 0.094 0.666 3 0.00 -0.148 0.666 0.1308 -0.1920
1744640660.782776 120 -0.179 0.094 0.665 3 0.00 -0.148 0.665 0.1308 -0.1931
1744640660.7830431 120 -0.178 0.095 0.663 3 0.00 -0.145 0.663 0.1340 -0.1954
1744640660.8007 120 -0.177 0.096 0.659 3 0.00 -0.145 0.659 0.1340 -0.1989
1744640660.800823 120 -0.177 0.096 0.659 3 0.00 -0.145 0.659 0.1340 -0.1989
1744640660.801395 120 -0.175 0.097 0.657 3 0.00 -0.142 0.657 0.1369 -0.2012
1744640660.8016388 120 -0.175 0.098 0.656 3 0.00 -0.142 0.656 0.1369 -0.2024
1744640660.8159418 120 -0.174 0.098 0.653 3 0.00 -0.139 0.653 0.1399 -0.2047
1744640660.816373 120 -0.172 0.100 0.649 3 0.00 -0.139 0.649 0.1399 -0.2093
1744640660.816464 120 -0.172 0.100 0.649 3 0.00 -0.139 0.649 0.1399 -0.2093
1744640660.8169432 120 -0.170 0.101 0.648 3 0.00 -0.136 0.648 0.1429 -0.2105
1744640660.8854249 120 -0.170 0.101 0.645 3 0.00 -0.136 0.645 0.1429 -0.2128
1744640660.8857138 120 -0.169 0.102 0.643 3 0.00 -0.133 0.643 0.1459 -0.2151
1744640660.886123 120 -0.167 0.103 0.639 3 0.00 -0.133 0.639 0.1459 -0.2186
1744640660.8862138 120 -0.167 0.103 0.639 3 0.00 -0.133 0.639 0.1459 -0.2186
1744640660.886683 120 -0.166 0.104 0.636 3 0.00 -0.130 0.636 0.1488 -0.2220
1744640660.886924 120 -0.165 0.105 0.636 3 0.00 -0.130 0.636 0.1488 -0.2220
1744640660.927746 120 -0.164 0.105 0.634 3 0.00 -0.127 0.634 0.1518 -0.2243
1744640660.928123 120 -0.163 0.107 0.631 3 0.00 -0.127 0.631 0.1518 -0.2267
1744640660.928213 120 -0.163 0.107 0.631 3 0.00 -0.127 0.631 0.1518 -0.2267
1744640660.928703 120 -0.161 0.108 0.628 3 0.00 -0.124 0.628 0.1547 -0.2301
1744640660.929034 120 -0.160 0.108 0.627 3 0.00 -0.124 0.627 0.1547 -0.2313
1744640660.929336 120 -0.159 0.109 0.625 3 0.00 -0.121 0.625 0.1577 -0.2336
1744640660.9297228 120 -0.158 0.110 0.622 3 0.00 -0.121 0.622 0.1577 -0.2359
1744640660.9298198 120 -0.158 0.110 0.622 3 0.00 -0.121 0.622 0.1577 -0.2359
1744640660.930393 120 -0.156 0.111 0.619 3 0.00 -0.118 0.619 0.1606 -0.2394
1744640660.930644 120 -0.155 0.112 0.618 3 0.00 -0.118 0.618 0.1606 -0.2405
1744640660.9436202 120 -0.155 0.112 0.615 3 0.00 -0.115 0.615 0.1637 -0.2428
1744640660.9439738 120 -0.153 0.114 0.613 3 0.00 -0.115 0.613 0.1637 -0.2452
1744640660.944061 120 -0.153 0.114 0.613 3 0.00 -0.115 0.613 0.1637 -0.2452
1744640660.9445791 120 -0.151 0.115 0.610 3 0.00 -0.112 0.610 0.1667 -0.2486
1744640660.969863 120 -0.151 0.115 0.608 3 0.00 -0.112 0.608 0.1667 -0.2498
1744640660.970141 120 -0.150 0.116 0.606 3 0.00 -0.109 0.606 0.1698 -0.2521
1744640660.970559 120 -0.148 0.117 0.603 3 0.00 -0.109 0.603 0.1698 -0.2556
1744640660.970655 120 -0.148 0.117 0.603 3 0.00 -0.109 0.603 0.1698 -0.2556
1744640660.9987001 120 -0.146 0.118 0.599 3 0.00 -0.106 0.599 0.1727 -0.2590
1744640660.9988108 120 -0.146 0.119 0.599 3 0.00 -0.106 0.599 0.1727 -0.2590
1744640660.998919 120 -0.145 0.119 0.597 3 0.00 -0.103 0.597 0.1758 -0.2613
1744640660.999083 120 -0.143 0.120 0.594 3 0.00 -0.103 0.594 0.1758 -0.2637
1744640660.9991198 120 -0.143 0.120 0.594 3 0.00 -0.103 0.594 0.1758 -0.2637
1744640661.020223 120 -0.141 0.122 0.590 3 0.00 -0.100 0.590 0.1788 -0.2683
1744640661.0203588 120 -0.141 0.122 0.590 3 0.00 -0.100 0.590 0.1788 -0.2683
1744640661.0205262 120 -0.140 0.123 0.588 3 0.00 -0.097 0.588 0.1817 -0.2706
1744640661.0311391 120 -0.138 0.124 0.585 3 0.00 -0.097 0.585 0.1817 -0.2729
1744640661.031187 120 -0.138 0.124 0.585 3 0.00 -0.097 0.585 0.1817 -0.2729
1744640661.031435 120 -0.136 0.125 0.582 3 0.00 -0.094 0.582 0.1849 -0.2764
1744640661.049414 120 -0.135 0.126 0.579 3 0.00 -0.094 0.579 0.1849 -0.2787
1744640661.049691 120 -0.134 0.126 0.577 3 0.00 -0.091 0.577 0.1879 -0.2810
1744640661.050375 120 -0.133 0.127 0.574 3 0.00 -0.091 0.574 0.1879 -0.2845
1744640661.050465 120 -0.133 0.127 0.574 3 0.00 -0.091 0.574 0.1879 -0.2845
1744640661.078791 120 -0.131 0.128 0.571 3 0.00 -0.088 0.571 0.1911 -0.2868
1744640661.079061 120 -0.130 0.129 0.569 3 0.00 -0.088 0.569 0.1911 -0.2891
1744640661.079336 120 -0.129 0.129 0.568 3 0.00 -0.085 0.568 0.1941 -0.2903
1744640661.079696 120 -0.128 0.131 0.566 3 0.00 -0.085 0.566 0.1941 -0.2926
1744640661.079849 120 -0.128 0.131 0.566 3 0.00 -0.085 0.566 0.1941 -0.2926
1744640661.089015 120 -0.126 0.132 0.562 3 0.00 -0.081 0.562 0.1972 -0.2960
1744640661.107757 120 -0.125 0.132 0.560 3 0.00 -0.081 0.560 0.1972 -0.2984
1744640661.107899 120 -0.124 0.133 0.559 3 0.00 -0.078 0.559 0.2004 -0.2995
1744640661.108096 120 -0.122 0.134 0.556 3 0.00 -0.078 0.556 0.2004 -0.3018
1744640661.108138 120 -0.122 0.134 0.556 3 0.00 -0.078 0.556 0.2004 -0.3018
1744640661.1245282 120 -0.121 0.135 0.553 3 0.00 -0.075 0.553 0.2034 -0.3053
1744640661.124662 120 -0.119 0.136 0.550 3 0.00 -0.075 0.550 0.2034 -0.3076
1744640661.147433 120 -0.119 0.136 0.550 3 0.00 -0.072 0.550 0.2066 -0.3076
1744640661.1478882 120 -0.117 0.137 0.547 3 0.00 -0.072 0.547 0.2066 -0.3111
1744640661.147983 120 -0.117 0.137 0.547 3 0.00 -0.072 0.547 0.2066 -0.3111
1744640661.148488 120 -0.115 0.138 0.544 3 0.00 -0.069 0.544 0.2096 -0.3145
1744640661.1553621 120 -0.114 0.139 0.541 3 0.00 -0.069 0.541 0.2096 -0.3169
1744640661.171176 120 -0.114 0.139 0.541 3 0.00 -0.066 0.541 0.2125 -0.3169
1744640661.1715462 120 -0.112 0.140 0.538 3 0.00 -0.066 0.538 0.2125 -0.3203
1744640661.171647 120 -0.112 0.140 0.538 3 0.00 -0.066 0.538 0.2125 -0.3203
1744640661.191138 120 -0.110 0.141 0.534 3 0.00 -0.063 0.534 0.2156 -0.3238
1744640661.191474 120 -0.109 0.142 0.533 3 0.00 -0.063 0.533 0.2156 -0.3250
1744640661.191754 120 -0.109 0.142 0.532 3 0.00 -0.060 0.532 0.2184 -0.3261
1744640661.201157 120 -0.107 0.143 0.528 3 0.00 -0.060 0.528 0.2184 -0.3296
1744640661.201254 120 -0.107 0.143 0.528 3 0.00 -0.060 0.528 0.2184 -0.3296
1744640661.233122 120 -0.105 0.144 0.525 3 0.00 -0.057 0.525 0.2216 -0.3330
1744640661.2333791 120 -0.104 0.145 0.523 3 0.00 -0.057 0.523 0.2216 -0.3354
1744640661.233658 120 -0.103 0.145 0.522 3 0.00 -0.054 0.522 0.2244 -0.3365
1744640661.234028 120 -0.102 0.146 0.518 3 0.00 -0.054 0.518 0.2244 -0.3400
1744640661.2348108 120 -0.102 0.146 0.518 3 0.00 -0.054 0.518 0.2244 -0.3400
1744640661.235682 120 -0.100 0.147 0.515 3 0.00 -0.051 0.515 0.2273 -0.3435
1744640661.35041 120 -0.099 0.148 0.513 3 0.00 -0.051 0.513 0.2273 -0.3446
1744640661.3507252 120 -0.098 0.148 0.512 3 0.00 -0.048 0.512 0.2303 -0.3458
1744640661.350997 120 -0.096 0.149 0.510 3 0.00 -0.048 0.510 0.2303 -0.3481
1744640661.3510568 120 -0.096 0.149 0.510 3 0.00 -0.048 0.510 0.2303 -0.3481
1744640661.351347 120 -0.095 0.150 0.508 3 0.00 -0.045 0.508 0.2334 -0.3504
1744640661.351496 120 -0.094 0.151 0.505 3 0.00 -0.045 0.505 0.2334 -0.3527
1744640661.351648 120 -0.093 0.151 0.504 3 0.00 -0.042 0.504 0.2362 -0.3539
1744640661.351905 120 -0.091 0.152 0.502 3 0.00 -0.042 0.502 0.2362 -0.3562
1744640661.351959 120 -0.091 0.152 0.502 3 0.00 -0.042 0.502 0.2362 -0.3562
1744640661.352235 120 -0.090 0.153 0.498 3 0.00 -0.039 0.498 0.2393 -0.3596
1744640661.352373 120 -0.089 0.153 0.497 3 0.00 -0.039 0.497 0.2393 -0.3608
1744640661.352555 120 -0.088 0.154 0.496 3 0.00 -0.037 0.496 0.2421 -0.3620
1744640661.352748 120 -0.086 0.155 0.494 3 0.00 -0.037 0.494 0.2421 -0.3643
1744640661.352811 120 -0.086 0.155 0.494 3 0.00 -0.037 0.494 0.2421 -0.3643
1744640661.353117 120 -0.084 0.156 0.490 3 0.00 -0.034 0.490 0.2451 -0.3677
1744640661.3532648 120 -0.083 0.156 0.488 3 0.00 -0.034 0.488 0.2451 -0.3701
1744640661.353539 120 -0.083 0.157 0.487 3 0.00 -0.031 0.487 0.2481 -0.3712
1744640661.353765 120 -0.081 0.157 0.485 3 0.00 -0.031 0.485 0.2481 -0.3735
1744640661.353808 120 -0.081 0.157 0.485 3 0.00 -0.031 0.485 0.2481 -0.3735
1744640661.373612 120 -0.079 0.158 0.481 3 0.00 -0.028 0.481 0.2510 -0.3770
1744640661.3738618 120 -0.078 0.159 0.480 3 0.00 -0.028 0.480 0.2510 -0.3781
1744640661.3741262 120 -0.078 0.159 0.479 3 0.00 -0.025 0.479 0.2540 -0.3793
1744640661.391211 120 -0.076 0.160 0.476 3 0.00 -0.025 0.476 0.2540 -0.3816
1744640661.391307 120 -0.076 0.160 0.476 3 0.00 -0.025 0.476 0.2540 -0.3816
1744640661.391854 120 -0.074 0.161 0.474 3 0.00 -0.022 0.474 0.2569 -0.3839
1744640661.392098 120 -0.073 0.162 0.472 3 0.00 -0.022 0.472 0.2569 -0.3862
1744640661.434428 120 -0.072 0.162 0.472 3 0.00 -0.019 0.472 0.2598 -0.3862
1744640661.434845 120 -0.071 0.163 0.468 3 0.00 -0.019 0.468 0.2598 -0.3897
1744640661.434934 120 -0.071 0.163 0.468 3 0.00 -0.019 0.468 0.2598 -0.3897
1744640661.441869 120 -0.069 0.164 0.466 3 0.00 -0.016 0.466 0.2626 -0.3920
1744640661.442492 120 -0.068 0.164 0.464 3 0.00 -0.016 0.464 0.2626 -0.3943
1744640661.442755 120 -0.067 0.165 0.464 3 0.00 -0.013 0.464 0.2655 -0.3943
1744640661.443152 120 -0.066 0.165 0.459 3 0.00 -0.013 0.459 0.2655 -0.3990
1744640661.4432378 120 -0.066 0.165 0.459 3 0.00 -0.013 0.459 0.2655 -0.3990
1744640661.529757 120 -0.064 0.166 0.457 3 0.00 -0.010 0.457 0.2682 -0.4013
1744640661.529998 120 -0.063 0.167 0.455 3 0.00 -0.010 0.455 0.2682 -0.4036
1744640661.530308 120 -0.062 0.167 0.453 3 0.00 -0.007 0.453 0.2712 -0.4047
1744640661.530654 120 -0.060 0.168 0.450 3 0.00 -0.007 0.450 0.2712 -0.4082
1744640661.530742 120 -0.060 0.168 0.450 3 0.00 -0.007 0.450 0.2712 -0.4082
1744640661.5312052 120 -0.059 0.169 0.446 3 0.00 -0.004 0.446 0.2742 -0.4117
1744640661.5314891 120 -0.057 0.169 0.445 3 0.00 -0.004 0.445 0.2742 -0.4128
1744640661.531741 120 -0.057 0.170 0.443 3 0.00 -0.002 0.443 0.2771 -0.4152
1744640661.532083 120 -0.055 0.171 0.438 3 0.00 -0.002 0.438 0.2771 -0.4198
1744640661.5321689 120 -0.055 0.171 0.438 3 0.00 -0.002 0.438 0.2771 -0.4198
1744640661.532682 120 -0.053 0.171 0.436 3 0.00 0.002 0.436 0.2804 -0.4221
1744640661.5501099 120 -0.052 0.172 0.434 3 0.00 0.002 0.434 0.2804 -0.4244
1744640661.550269 120 -0.051 0.172 0.431 3 0.00 0.005 0.431 0.2834 -0.4267
1744640661.5504608 120 -0.049 0.173 0.428 3 0.00 0.005 0.428 0.2834 -0.4302
1744640661.550509 120 -0.049 0.173 0.428 3 0.00 0.005 0.428 0.2834 -0.4302
1744640661.6027598 120 -0.047 0.174 0.426 3 0.00 0.008 0.426 0.2868 -0.4325
1744640661.602931 120 -0.046 0.175 0.423 3 0.00 0.008 0.423 0.2868 -0.4348
1744640661.603093 120 -0.045 0.175 0.422 3 0.00 0.011 0.422 0.2898 -0.4360
1744640661.603347 120 -0.043 0.176 0.420 3 0.00 0.011 0.420 0.2898 -0.4383
1744640661.603401 120 -0.043 0.176 0.420 3 0.00 0.011 0.420 0.2898 -0.4383
1744640661.6036868 120 -0.042 0.177 0.419 3 0.00 0.014 0.419 0.2929 -0.4394
1744640661.603832 120 -0.041 0.177 0.416 3 0.00 0.014 0.416 0.2929 -0.4418
1744640661.612607 120 -0.040 0.177 0.416 3 0.00 0.017 0.416 0.2955 -0.4418
1744640661.613083 120 -0.038 0.178 0.415 3 0.00 0.017 0.415 0.2955 -0.4429
1744640661.613182 120 -0.038 0.178 0.415 3 0.00 0.017 0.415 0.2955 -0.4429
1744640661.613698 120 -0.036 0.179 0.413 3 0.00 0.020 0.413 0.2986 -0.4452
1744640661.6726348 120 -0.035 0.179 0.411 3 0.00 0.020 0.411 0.2986 -0.4475
1744640661.672981 120 -0.034 0.180 0.408 3 0.00 0.023 0.408 0.3016 -0.4499
1744640661.673792 120 -0.032 0.181 0.404 3 0.00 0.023 0.404 0.3016 -0.4545
1744640661.673884 120 -0.032 0.181 0.404 3 0.00 0.023 0.404 0.3016 -0.4545
1744640661.674361 120 -0.030 0.181 0.400 3 0.00 0.026 0.400 0.3048 -0.4579
1744640661.674658 120 -0.029 0.182 0.398 3 0.00 0.026 0.398 0.3048 -0.4603
1744640661.674919 120 -0.029 0.182 0.397 3 0.00 0.029 0.397 0.3081 -0.4614
1744640661.705624 120 -0.027 0.183 0.394 3 0.00 0.029 0.394 0.3081 -0.4637
1744640661.70572 120 -0.027 0.183 0.394 3 0.00 0.029 0.394 0.3081 -0.4637
1744640661.706261 120 -0.025 0.184 0.391 3 0.00 0.032 0.391 0.3111 -0.4672
1744640661.706667 120 -0.024 0.184 0.389 3 0.00 0.032 0.389 0.3111 -0.4695
1744640661.706926 120 -0.023 0.185 0.387 3 0.00 0.035 0.387 0.3141 -0.4707
1744640661.7072902 120 -0.021 0.185 0.384 3 0.00 0.035 0.384 0.3141 -0.4741
1744640661.707381 120 -0.021 0.185 0.384 3 0.00 0.035 0.384 0.3141 -0.4741
1744640661.707964 120 -0.019 0.186 0.382 3 0.00 0.038 0.382 0.3171 -0.4765
1744640661.7081978 120 -0.018 0.187 0.379 3 0.00 0.038 0.379 0.3171 -0.4788
1744640661.708454 120 -0.017 0.187 0.377 3 0.00 0.042 0.377 0.3203 -0.4811
1744640661.736299 120 -0.015 0.188 0.375 3 0.00 0.042 0.375 0.3203 -0.4834
1744640661.736436 120 -0.015 0.188 0.375 3 0.00 0.042 0.375 0.3203 -0.4834
1744640661.7369862 120 -0.013 0.188 0.372 3 0.00 0.045 0.372 0.3233 -0.4857
1744640661.7372448 120 -0.012 0.189 0.369 3 0.00 0.045 0.369 0.3233 -0.4892
1744640661.766377 120 -0.012 0.189 0.369 3 0.00 0.048 0.369 0.3263 -0.4892
1744640661.766846 120 -0.010 0.190 0.365 3 0.00 0.048 0.365 0.3263 -0.4926
1744640661.7669451 120 -0.010 0.190 0.365 3 0.00 0.048 0.365 0.3263 -0.4926
1744640661.767429 120 -0.008 0.191 0.362 3 0.00 0.051 0.362 0.3293 -0.4961
1744640661.767668 120 -0.007 0.191 0.361 3 0.00 0.051 0.361 0.3293 -0.4973
1744640661.7679858 120 -0.006 0.191 0.358 3 0.00 0.054 0.358 0.3324 -0.4996
1744640661.768342 120 -0.004 0.192 0.355 3 0.00 0.054 0.355 0.3324 -0.5031
1744640661.7684312 120 -0.004 0.192 0.355 3 0.00 0.054 0.355 0.3324 -0.5031
1744640661.809259 120 -0.002 0.193 0.354 3 0.00 0.057 0.354 0.3353 -0.5042
1744640661.809587 120 -0.001 0.193 0.350 3 0.00 0.057 0.350 0.3353 -0.5077
1744640661.809859 120 -0.000 0.193 0.350 3 0.00 0.060 0.350 0.3382 -0.5077
1744640661.8102279 120 0.002 0.194 0.347 3 0.00 0.060 0.347 0.3382 -0.5111
1744640661.810318 120 0.002 0.194 0.347 3 0.00 0.060 0.347 0.3382 -0.5111
1744640661.811192 120 0.004 0.195 0.345 3 0.00 0.063 0.345 0.3414 -0.5135
1744640661.8536901 120 0.005 0.195 0.342 3 0.00 0.063 0.342 0.3414 -0.5158
1744640661.854002 120 0.006 0.196 0.340 3 0.00 0.066 0.340 0.3443 -0.5181
1744640661.854391 120 0.008 0.196 0.338 3 0.00 0.066 0.338 0.3443 -0.5204
1744640661.854482 120 0.008 0.196 0.338 3 0.00 0.066 0.338 0.3443 -0.5204
1744640661.8550131 120 0.009 0.197 0.334 3 0.00 0.069 0.334 0.3474 -0.5239
1744640661.855268 120 0.010 0.197 0.333 3 0.00 0.069 0.333 0.3474 -0.5250
1744640661.855556 120 0.011 0.197 0.332 3 0.00 0.072 0.332 0.3503 -0.5262
1744640661.888691 120 0.013 0.198 0.328 3 0.00 0.072 0.328 0.3503 -0.5297
1744640661.888812 120 0.013 0.198 0.328 3 0.00 0.072 0.328 0.3503 -0.5297
1744640661.889334 120 0.015 0.199 0.325 3 0.00 0.075 0.325 0.3534 -0.5331
1744640661.8895822 120 0.016 0.199 0.325 3 0.00 0.075 0.325 0.3534 -0.5331
1744640661.9007318 120 0.017 0.199 0.323 3 0.00 0.078 0.323 0.3563 -0.5354
1744640661.901189 120 0.019 0.200 0.319 3 0.00 0.078 0.319 0.3563 -0.5389
1744640661.901284 120 0.019 0.200 0.319 3 0.00 0.078 0.319 0.3563 -0.5389
1744640661.901781 120 0.021 0.201 0.317 3 0.00 0.081 0.317 0.3594 -0.5412
1744640661.952099 120 0.022 0.201 0.316 3 0.00 0.081 0.316 0.3594 -0.5424
1744640661.9524322 120 0.023 0.201 0.315 3 0.00 0.084 0.315 0.3625 -0.5435
1744640661.952744 120 0.025 0.202 0.311 3 0.00 0.084 0.311 0.3625 -0.5470
1744640661.9528189 120 0.025 0.202 0.311 3 0.00 0.084 0.311 0.3625 -0.5470
1744640661.9532301 120 0.027 0.203 0.308 3 0.00 0.087 0.308 0.3654 -0.5505
1744640661.9534762 120 0.027 0.203 0.306 3 0.00 0.087 0.306 0.3654 -0.5516
1744640661.9536881 120 0.029 0.203 0.304 3 0.00 0.090 0.304 0.3685 -0.5539
1744640661.976941 120 0.031 0.204 0.303 3 0.00 0.090 0.303 0.3685 -0.5551
1744640661.977053 120 0.031 0.204 0.303 3 0.00 0.090 0.303 0.3685 -0.5551
1744640661.9776268 120 0.032 0.204 0.299 3 0.00 0.093 0.299 0.3714 -0.5586
1744640661.977887 120 0.033 0.205 0.297 3 0.00 0.093 0.297 0.3714 -0.5609
1744640662.0172338 120 0.034 0.205 0.296 3 0.00 0.096 0.296 0.3745 -0.5620
1744640662.017628 120 0.036 0.205 0.290 3 0.00 0.096 0.290 0.3745 -0.5678
1744640662.0177228 120 0.036 0.205 0.290 3 0.00 0.096 0.290 0.3745 -0.5678
1744640662.018639 120 0.038 0.206 0.286 3 0.00 0.099 0.286 0.3772 -0.5724
1744640662.018898 120 0.039 0.206 0.286 3 0.00 0.099 0.286 0.3772 -0.5724
1744640662.019167 120 0.040 0.206 0.283 3 0.00 0.101 0.283 0.3801 -0.5748
1744640662.0195808 120 0.042 0.207 0.281 3 0.00 0.101 0.281 0.3801 -0.5771
1744640662.0291672 120 0.042 0.207 0.281 3 0.00 0.101 0.281 0.3801 -0.5771
1744640662.029705 120 0.044 0.208 0.278 3 0.00 0.104 0.278 0.3831 -0.5805
1744640662.0299551 120 0.044 0.208 0.276 3 0.00 0.104 0.276 0.3831 -0.5817
1744640662.0302138 120 0.045 0.208 0.273 3 0.00 0.107 0.273 0.3860 -0.5852
1744640662.068106 120 0.047 0.209 0.268 3 0.00 0.107 0.268 0.3860 -0.5898
1744640662.068204 120 0.047 0.209 0.268 3 0.00 0.107 0.268 0.3860 -0.5898
1744640662.068686 120 0.049 0.209 0.265 3 0.00 0.110 0.265 0.3887 -0.5933
1744640662.068923 120 0.050 0.209 0.264 3 0.00 0.110 0.264 0.3887 -0.5944
1744640662.084787 120 0.051 0.210 0.261 3 0.00 0.113 0.261 0.3916 -0.5967
1744640662.09883 120 0.053 0.210 0.259 3 0.00 0.113 0.259 0.3916 -0.5990
1744640662.098936 120 0.053 0.210 0.259 3 0.00 0.113 0.259 0.3916 -0.5990
1744640662.099492 120 0.055 0.211 0.254 3 0.00 0.116 0.254 0.3946 -0.6037
1744640662.099786 120 0.055 0.211 0.254 3 0.00 0.116 0.254 0.3946 -0.6037
1744640662.110006 120 0.056 0.211 0.252 3 0.00 0.119 0.252 0.3974 -0.6060
1744640662.110365 120 0.058 0.211 0.253 3 0.00 0.119 0.253 0.3974 -0.6048
1744640662.110454 120 0.058 0.211 0.253 3 0.00 0.119 0.253 0.3974 -0.6048
1744640662.1565282 120 0.059 0.212 0.253 3 0.00 0.121 0.253 0.3997 -0.6048
1744640662.1568089 120 0.060 0.212 0.254 3 0.00 0.121 0.254 0.3997 -0.6037
1744640662.157085 120 0.061 0.212 0.252 3 0.00 0.124 0.252 0.4022 -0.6060
1744640662.157443 120 0.063 0.213 0.251 3 0.00 0.124 0.251 0.4022 -0.6071
1744640662.157534 120 0.063 0.213 0.251 3 0.00 0.124 0.251 0.4022 -0.6071
1744640662.158067 120 0.065 0.213 0.247 3 0.00 0.126 0.247 0.4050 -0.6106
1744640662.158311 120 0.065 0.213 0.246 3 0.00 0.126 0.246 0.4050 -0.6118
1744640662.158572 120 0.066 0.214 0.243 3 0.00 0.129 0.243 0.4077 -0.6152
1744640662.194415 120 0.068 0.214 0.238 3 0.00 0.129 0.238 0.4077 -0.6199
1744640662.1945229 120 0.068 0.214 0.238 3 0.00 0.129 0.238 0.4077 -0.6199
1744640662.1950169 120 0.070 0.214 0.236 3 0.00 0.131 0.236 0.4100 -0.6222
1744640662.195263 120 0.070 0.215 0.235 3 0.00 0.131 0.235 0.4100 -0.6233
1744640662.19586 120 0.071 0.215 0.231 3 0.00 0.134 0.231 0.4127 -0.6268
1744640662.196265 120 0.073 0.215 0.229 3 0.00 0.134 0.229 0.4127 -0.6291
1744640662.196352 120 0.073 0.215 0.229 3 0.00 0.134 0.229 0.4127 -0.6291
1744640662.2171159 120 0.075 0.216 0.226 3 0.00 0.137 0.226 0.4156 -0.6326
1744640662.217373 120 0.076 0.216 0.223 3 0.00 0.137 0.223 0.4156 -0.6349
1744640662.2177548 120 0.077 0.216 0.220 3 0.00 0.140 0.220 0.4186 -0.6384
1744640662.2705688 120 0.079 0.217 0.214 3 0.00 0.140 0.214 0.4186 -0.6441
1744640662.270693 120 0.079 0.217 0.214 3 0.00 0.140 0.214 0.4186 -0.6441
1744640662.271221 120 0.080 0.217 0.210 3 0.00 0.143 0.210 0.4213 -0.6476
1744640662.27153 120 0.081 0.217 0.209 3 0.00 0.143 0.209 0.4213 -0.6488
1744640662.2971048 120 0.081 0.217 0.208 3 0.00 0.145 0.208 0.4235 -0.6499
1744640662.297517 120 0.083 0.217 0.207 3 0.00 0.145 0.207 0.4235 -0.6511
1744640662.2976131 120 0.083 0.217 0.207 3 0.00 0.145 0.207 0.4235 -0.6511
1744640662.298163 120 0.085 0.218 0.203 3 0.00 0.147 0.203 0.4255 -0.6546
1744640662.300409 120 0.085 0.218 0.202 3 0.00 0.147 0.202 0.4255 -0.6557
1744640662.30068 120 0.086 0.218 0.200 3 0.00 0.149 0.200 0.4281 -0.6580
1744640662.301047 120 0.088 0.218 0.198 3 0.00 0.149 0.198 0.4281 -0.6603
1744640662.301137 120 0.088 0.218 0.198 3 0.00 0.149 0.198 0.4281 -0.6603
1744640662.301674 120 0.090 0.219 0.194 3 0.00 0.152 0.194 0.4310 -0.6638
1744640662.301913 120 0.091 0.219 0.193 3 0.00 0.152 0.193 0.4310 -0.6650
1744640662.3021681 120 0.092 0.219 0.192 3 0.00 0.155 0.192 0.4339 -0.6661
1744640662.326421 120 0.094 0.220 0.186 3 0.00 0.155 0.186 0.4339 -0.6719
1744640662.326519 120 0.094 0.220 0.186 3 0.00 0.155 0.186 0.4339 -0.6719
1744640662.327019 120 0.097 0.220 0.184 3 0.00 0.159 0.184 0.4375 -0.6742
1744640662.327434 120 0.097 0.220 0.182 3 0.00 0.159 0.182 0.4375 -0.6765
1744640662.35427 120 0.099 0.221 0.180 3 0.00 0.162 0.180 0.4409 -0.6777
1744640662.35468 120 0.101 0.221 0.176 3 0.00 0.162 0.176 0.4409 -0.6823
1744640662.3547678 120 0.101 0.221 0.176 3 0.00 0.162 0.176 0.4409 -0.6823
1744640662.368552 120 0.104 0.221 0.172 3 0.00 0.166 0.172 0.4446 -0.6858
1744640662.368814 120 0.105 0.222 0.170 3 0.00 0.166 0.170 0.4446 -0.6881
1744640662.3691509 120 0.106 0.222 0.169 3 0.00 0.169 0.169 0.4481 -0.6892
1744640662.369817 120 0.108 0.222 0.165 3 0.00 0.169 0.165 0.4481 -0.6927
1744640662.36991 120 0.108 0.222 0.165 3 0.00 0.169 0.165 0.4481 -0.6927
1744640662.385257 120 0.111 0.223 0.163 3 0.00 0.173 0.163 0.4519 -0.6950
1744640662.385546 120 0.112 0.223 0.162 3 0.00 0.173 0.162 0.4519 -0.6962
1744640662.385816 120 0.113 0.223 0.161 3 0.00 0.177 0.161 0.4554 -0.6973
1744640662.416408 120 0.116 0.223 0.158 3 0.00 0.177 0.158 0.4554 -0.6997
1744640662.416461 120 0.116 0.223 0.158 3 0.00 0.177 0.158 0.4554 -0.6997
1744640662.416748 120 0.118 0.224 0.156 3 0.00 0.180 0.156 0.4590 -0.7020
1744640662.416874 120 0.119 0.224 0.154 3 0.00 0.180 0.154 0.4590 -0.7043
1744640662.4444642 120 0.120 0.224 0.153 3 0.00 0.184 0.153 0.4623 -0.7054
1744640662.4448462 120 0.123 0.224 0.148 3 0.00 0.184 0.148 0.4623 -0.7101
1744640662.44494 120 0.123 0.224 0.148 3 0.00 0.184 0.148 0.4623 -0.7101
1744640662.4918451 120 0.125 0.225 0.145 3 0.00 0.187 0.145 0.4659 -0.7135
1744640662.4921012 120 0.126 0.225 0.142 3 0.00 0.187 0.142 0.4659 -0.7158
1744640662.49237 120 0.127 0.225 0.141 3 0.00 0.191 0.141 0.4696 -0.7170
1744640662.4927979 120 0.130 0.225 0.137 3 0.00 0.191 0.137 0.4696 -0.7216
1744640662.495637 120 0.130 0.225 0.137 3 0.00 0.191 0.137 0.4696 -0.7216
1744640662.496181 120 0.132 0.226 0.133 3 0.00 0.195 0.133 0.4732 -0.7251
1744640662.496425 120 0.133 0.226 0.131 3 0.00 0.195 0.131 0.4732 -0.7274
1744640662.496686 120 0.134 0.226 0.128 3 0.00 0.198 0.128 0.4766 -0.7297
1744640662.497222 120 0.136 0.226 0.125 3 0.00 0.198 0.125 0.4766 -0.7332
1744640662.497314 120 0.136 0.226 0.125 3 0.00 0.198 0.125 0.4766 -0.7332
1744640662.497799 120 0.138 0.227 0.121 3 0.00 0.201 0.121 0.4800 -0.7367
1744640662.559298 120 0.140 0.227 0.119 3 0.00 0.201 0.119 0.4800 -0.7390
1744640662.5596611 120 0.141 0.227 0.118 3 0.00 0.205 0.118 0.4832 -0.7401
1744640662.5600362 120 0.143 0.227 0.113 3 0.00 0.205 0.113 0.4832 -0.7448
1744640662.560128 120 0.143 0.227 0.113 3 0.00 0.205 0.113 0.4832 -0.7448
1744640662.5606232 120 0.145 0.227 0.110 3 0.00 0.208 0.110 0.4865 -0.7482
1744640662.5609238 120 0.146 0.227 0.108 3 0.00 0.208 0.108 0.4865 -0.7505
1744640662.5611908 120 0.147 0.228 0.108 3 0.00 0.211 0.108 0.4895 -0.7505
1744640662.5667899 120 0.149 0.228 0.103 3 0.00 0.211 0.103 0.4895 -0.7552
1744640662.56689 120 0.149 0.228 0.103 3 0.00 0.211 0.103 0.4895 -0.7552
1744640662.567749 120 0.151 0.228 0.101 3 0.00 0.214 0.101 0.4928 -0.7575
1744640662.567989 120 0.152 0.228 0.098 3 0.00 0.214 0.098 0.4928 -0.7598
% 1744640662.5750341 robobot/cmd/ti/rc 0.0 0.0
1744640662.587657 120 0.153 0.228 0.098 3 0.00 0.217 0.098 0.4957 -0.7598
1744640662.588068 120 0.155 0.228 0.095 3 0.00 0.217 0.095 0.4957 -0.7633
1744640662.588156 120 0.155 0.228 0.095 3 0.00 0.217 0.095 0.4957 -0.7633
1744640662.615767 120 0.157 0.229 0.091 3 0.00 0.220 0.091 0.4988 -0.7667
1744640662.616041 120 0.158 0.229 0.090 3 0.00 0.220 0.090 0.4988 -0.7679
1744640662.616312 120 0.159 0.229 0.088 3 0.00 0.223 0.088 0.5016 -0.7702
1744640662.616724 120 0.161 0.229 0.087 3 0.00 0.223 0.087 0.5016 -0.7714
1744640662.616813 120 0.161 0.229 0.087 3 0.00 0.223 0.087 0.5016 -0.7714
% 1744640662.626386 robobot/cmd/T0/leds 16 0 100 0
% 1744640662.626616 robobot/cmd/ti/rc 0.20 0.0
1744640662.648362 120 0.163 0.229 0.084 3 0.00 0.226 0.084 0.0031 -0.0023
1744640662.648553 120 0.164 0.229 0.082 3 0.00 0.226 0.082 0.0031 -0.0046
1744640662.648858 120 0.165 0.229 0.081 3 0.00 0.229 0.081 0.0058 -0.0057
1744640662.673107 120 0.167 0.229 0.077 3 0.00 0.229 0.077 0.0058 -0.0092
1744640662.673203 120 0.167 0.229 0.077 3 0.00 0.229 0.077 0.0058 -0.0092
1744640662.6734989 120 0.168 0.230 0.075 3 0.00 0.232 0.075 0.0088 -0.0115
1744640662.7313862 120 0.170 0.230 0.074 3 0.00 0.232 0.074 0.0088 -0.0127
1744640662.731839 120 0.170 0.230 0.073 3 0.00 0.234 0.073 0.0115 -0.0138
1744640662.732227 120 0.172 0.230 0.071 3 0.00 0.234 0.071 0.0115 -0.0161
1744640662.732322 120 0.172 0.230 0.071 3 0.00 0.234 0.071 0.0115 -0.0161
1744640662.732836 120 0.174 0.230 0.069 3 0.00 0.237 0.069 0.0143 -0.0173
1744640662.7331378 120 0.175 0.230 0.067 3 0.00 0.237 0.067 0.0143 -0.0196
1744640662.7334132 120 0.176 0.230 0.066 3 0.00 0.240 0.066 0.0172 -0.0208
1744640662.7337768 120 0.178 0.230 0.064 3 0.00 0.240 0.064 0.0172 -0.0231
1744640662.733865 120 0.178 0.230 0.064 3 0.00 0.240 0.064 0.0172 -0.0231
1744640662.7344131 120 0.180 0.230 0.061 3 0.00 0.243 0.061 0.0199 -0.0254
1744640662.7346601 120 0.180 0.230 0.061 3 0.00 0.243 0.061 0.0199 -0.0254
1744640662.739499 120 0.180 0.230 0.062 3 0.00 0.245 0.062 0.0224 -0.0242
1744640662.7398589 120 0.181 0.230 0.062 3 0.00 0.245 0.062 0.0224 -0.0242
1744640662.739948 120 0.181 0.230 0.062 3 0.00 0.245 0.062 0.0224 -0.0242
1744640662.770379 120 0.182 0.230 0.060 3 0.00 0.247 0.060 0.0238 -0.0266
1744640662.7710369 120 0.182 0.230 0.060 3 0.00 0.247 0.060 0.0238 -0.0266
1744640662.771347 120 0.182 0.230 0.058 3 0.00 0.248 0.058 0.0248 -0.0289
1744640662.7717812 120 0.183 0.230 0.057 3 0.00 0.248 0.057 0.0248 -0.0300
1744640662.771873 120 0.183 0.230 0.057 3 0.00 0.248 0.057 0.0248 -0.0300
1744640662.7827609 120 0.184 0.231 0.059 3 0.00 0.249 0.059 0.0257 -0.0277
1744640662.783013 120 0.184 0.231 0.060 3 0.00 0.249 0.060 0.0257 -0.0266
1744640662.7832818 120 0.184 0.231 0.060 3 0.00 0.250 0.060 0.0271 -0.0266
1744640662.8145988 120 0.185 0.231 0.061 3 0.00 0.250 0.061 0.0271 -0.0254
1744640662.814701 120 0.185 0.231 0.061 3 0.00 0.250 0.061 0.0271 -0.0254
1744640662.815246 120 0.185 0.231 0.061 3 0.00 0.251 0.061 0.0282 -0.0254
1744640662.829997 120 0.185 0.231 0.061 3 0.00 0.251 0.061 0.0282 -0.0254
1744640662.8303611 120 0.185 0.231 0.062 3 0.00 0.252 0.062 0.0289 -0.0242
1744640662.830731 120 0.185 0.231 0.064 3 0.00 0.252 0.064 0.0289 -0.0231
1744640662.830822 120 0.185 0.231 0.064 3 0.00 0.252 0.064 0.0289 -0.0231
1744640662.847486 120 0.185 0.231 0.064 3 0.00 0.252 0.064 0.0293 -0.0231
1744640662.8478022 120 0.185 0.231 0.064 3 0.00 0.252 0.064 0.0293 -0.0231
1744640662.8480809 120 0.184 0.231 0.062 3 0.00 0.252 0.062 0.0294 -0.0242
1744640662.91041 120 0.184 0.231 0.062 3 0.00 0.252 0.062 0.0294 -0.0242
1744640662.9104471 120 0.184 0.231 0.062 3 0.00 0.252 0.062 0.0294 -0.0242
1744640662.91059 120 0.185 0.231 0.064 3 0.00 0.253 0.064 0.0296 -0.0231
1744640662.9106529 120 0.186 0.231 0.065 3 0.00 0.253 0.065 0.0296 -0.0219
1744640662.91095 120 0.186 0.231 0.064 3 0.00 0.254 0.064 0.0306 -0.0231
1744640662.911038 120 0.187 0.231 0.065 3 0.00 0.254 0.065 0.0306 -0.0219
1744640662.911062 120 0.187 0.231 0.065 3 0.00 0.254 0.065 0.0306 -0.0219
1744640662.911196 120 0.188 0.231 0.066 3 0.00 0.255 0.066 0.0320 -0.0208
1744640662.911257 120 0.188 0.231 0.067 3 0.00 0.255 0.067 0.0320 -0.0196
1744640662.9113228 120 0.188 0.231 0.066 3 0.00 0.256 0.066 0.0330 -0.0208
1744640662.911425 120 0.188 0.231 0.066 3 0.00 0.256 0.066 0.0330 -0.0208
1744640662.911447 120 0.188 0.231 0.066 3 0.00 0.256 0.066 0.0330 -0.0208
1744640662.9250371 120 0.189 0.231 0.066 3 0.00 0.257 0.066 0.0336 -0.0208
1744640662.925097 120 0.190 0.231 0.066 3 0.00 0.257 0.066 0.0336 -0.0208
1744640662.925161 120 0.190 0.231 0.066 3 0.00 0.258 0.066 0.0347 -0.0208
1744640662.952651 120 0.191 0.231 0.064 3 0.00 0.258 0.064 0.0347 -0.0231
1744640662.952684 120 0.191 0.231 0.064 3 0.00 0.258 0.064 0.0347 -0.0231
1744640662.952848 120 0.193 0.231 0.064 3 0.00 0.259 0.064 0.0365 -0.0231
1744640662.978011 120 0.194 0.231 0.064 3 0.00 0.259 0.064 0.0365 -0.0231
1744640662.978221 120 0.195 0.231 0.062 3 0.00 0.262 0.062 0.0387 -0.0242
1744640662.9784021 120 0.196 0.231 0.062 3 0.00 0.262 0.062 0.0387 -0.0242
1744640662.9784472 120 0.196 0.231 0.062 3 0.00 0.262 0.062 0.0387 -0.0242
1744640663.000555 120 0.198 0.231 0.060 3 0.00 0.264 0.060 0.0413 -0.0266
1744640663.0007942 120 0.200 0.232 0.060 3 0.00 0.264 0.060 0.0413 -0.0266
1744640663.000994 120 0.200 0.232 0.060 3 0.00 0.267 0.060 0.0444 -0.0266
1744640663.001257 120 0.203 0.232 0.059 3 0.00 0.267 0.059 0.0444 -0.0277
1744640663.039365 120 0.203 0.232 0.059 3 0.00 0.267 0.059 0.0444 -0.0277
1744640663.039941 120 0.205 0.232 0.058 3 0.00 0.271 0.058 0.0476 -0.0289
1744640663.0401878 120 0.206 0.232 0.058 3 0.00 0.271 0.058 0.0476 -0.0289
1744640663.040451 120 0.207 0.232 0.058 3 0.00 0.274 0.058 0.0512 -0.0289
1744640663.0408041 120 0.210 0.232 0.057 3 0.00 0.274 0.057 0.0512 -0.0300
1744640663.040891 120 0.210 0.232 0.057 3 0.00 0.274 0.057 0.0512 -0.0300
1744640663.041415 120 0.212 0.232 0.057 3 0.00 0.278 0.057 0.0547 -0.0300
1744640663.076977 120 0.213 0.232 0.056 3 0.00 0.278 0.056 0.0547 -0.0312
1744640663.0771132 120 0.215 0.232 0.057 3 0.00 0.281 0.057 0.0583 -0.0300
1744640663.077291 120 0.217 0.233 0.057 3 0.00 0.281 0.057 0.0583 -0.0300
1744640663.0773299 120 0.217 0.233 0.057 3 0.00 0.281 0.057 0.0583 -0.0300
1744640663.077666 120 0.219 0.233 0.059 3 0.00 0.285 0.059 0.0617 -0.0277
1744640663.077766 120 0.220 0.233 0.058 3 0.00 0.285 0.058 0.0617 -0.0289
1744640663.077895 120 0.222 0.233 0.059 3 0.00 0.288 0.059 0.0653 -0.0277
1744640663.196031 120 0.224 0.233 0.059 3 0.00 0.288 0.059 0.0653 -0.0277
1744640663.1961432 120 0.224 0.233 0.059 3 0.00 0.288 0.059 0.0653 -0.0277
1744640663.196661 120 0.227 0.233 0.057 3 0.00 0.292 0.057 0.0688 -0.0300
1744640663.1969202 120 0.228 0.233 0.057 3 0.00 0.292 0.057 0.0688 -0.0300
1744640663.197244 120 0.229 0.233 0.057 3 0.00 0.296 0.057 0.0727 -0.0300
1744640663.197599 120 0.231 0.233 0.056 3 0.00 0.296 0.056 0.0727 -0.0312
1744640663.197694 120 0.231 0.233 0.056 3 0.00 0.296 0.056 0.0727 -0.0312
1744640663.1985338 120 0.234 0.234 0.056 3 0.00 0.299 0.056 0.0762 -0.0312
1744640663.198821 120 0.235 0.234 0.054 3 0.00 0.299 0.054 0.0762 -0.0323
1744640663.199073 120 0.236 0.234 0.054 3 0.00 0.303 0.054 0.0798 -0.0323
1744640663.199418 120 0.238 0.234 0.054 3 0.00 0.303 0.054 0.0798 -0.0323
1744640663.1995032 120 0.238 0.234 0.054 3 0.00 0.303 0.054 0.0798 -0.0323
1744640663.2000158 120 0.241 0.234 0.053 3 0.00 0.306 0.053 0.0832 -0.0335
1744640663.2002492 120 0.242 0.234 0.053 3 0.00 0.306 0.053 0.0832 -0.0335
1744640663.215775 120 0.243 0.234 0.053 3 0.00 0.310 0.053 0.0866 -0.0335
1744640663.2159271 120 0.245 0.234 0.052 3 0.00 0.310 0.052 0.0866 -0.0347
1744640663.2159638 120 0.245 0.234 0.052 3 0.00 0.310 0.052 0.0866 -0.0347
1744640663.216177 120 0.247 0.234 0.051 3 0.00 0.313 0.051 0.0900 -0.0358
1744640663.2162728 120 0.248 0.234 0.051 3 0.00 0.313 0.051 0.0900 -0.0358
1744640663.216376 120 0.250 0.234 0.051 3 0.00 0.316 0.051 0.0933 -0.0358
1744640663.2165408 120 0.252 0.234 0.051 3 0.00 0.316 0.051 0.0933 -0.0358
1744640663.216576 120 0.252 0.234 0.051 3 0.00 0.316 0.051 0.0933 -0.0358
1744640663.2316039 120 0.254 0.235 0.051 3 0.00 0.319 0.051 0.0965 -0.0358
1744640663.231731 120 0.255 0.235 0.051 3 0.00 0.319 0.051 0.0965 -0.0358
1744640663.2318678 120 0.256 0.235 0.050 3 0.00 0.322 0.050 0.0995 -0.0370
1744640663.2510982 120 0.258 0.235 0.049 3 0.00 0.322 0.049 0.0995 -0.0381
1744640663.251192 120 0.258 0.235 0.049 3 0.00 0.322 0.049 0.0995 -0.0381
1744640663.251659 120 0.260 0.235 0.050 3 0.00 0.326 0.050 0.1026 -0.0370
1744640663.2861388 120 0.261 0.235 0.050 3 0.00 0.326 0.050 0.1026 -0.0370
1744640663.286495 120 0.262 0.235 0.049 3 0.00 0.328 0.049 0.1055 -0.0381
1744640663.28686 120 0.264 0.235 0.050 3 0.00 0.328 0.050 0.1055 -0.0370
1744640663.2869508 120 0.264 0.235 0.050 3 0.00 0.328 0.050 0.1055 -0.0370
1744640663.2874281 120 0.266 0.235 0.050 3 0.00 0.331 0.050 0.1084 -0.0370
1744640663.301281 120 0.266 0.235 0.050 3 0.00 0.331 0.050 0.1084 -0.0370
1744640663.3015711 120 0.267 0.235 0.050 3 0.00 0.334 0.050 0.1113 -0.0370
1744640663.301932 120 0.269 0.235 0.051 3 0.00 0.334 0.051 0.1113 -0.0358
1744640663.302023 120 0.269 0.235 0.051 3 0.00 0.334 0.051 0.1113 -0.0358
1744640663.3645198 120 0.271 0.235 0.051 3 0.00 0.337 0.051 0.1142 -0.0358
1744640663.36512 120 0.272 0.235 0.051 3 0.00 0.337 0.051 0.1142 -0.0358
1744640663.365431 120 0.273 0.236 0.052 3 0.00 0.340 0.052 0.1172 -0.0347
1744640663.3657768 120 0.275 0.236 0.052 3 0.00 0.340 0.052 0.1172 -0.0347
1744640663.365865 120 0.275 0.236 0.052 3 0.00 0.340 0.052 0.1172 -0.0347
1744640663.3663738 120 0.277 0.236 0.052 3 0.00 0.343 0.052 0.1199 -0.0347
1744640663.366603 120 0.278 0.236 0.052 3 0.00 0.343 0.052 0.1199 -0.0347
1744640663.3672981 120 0.279 0.236 0.053 3 0.00 0.346 0.053 0.1228 -0.0335
1744640663.36772 120 0.281 0.236 0.053 3 0.00 0.346 0.053 0.1228 -0.0335
1744640663.367808 120 0.281 0.236 0.053 3 0.00 0.346 0.053 0.1228 -0.0335
1744640663.368274 120 0.283 0.236 0.053 3 0.00 0.349 0.053 0.1256 -0.0335
1744640663.384566 120 0.283 0.236 0.054 3 0.00 0.349 0.054 0.1256 -0.0323
1744640663.3848379 120 0.285 0.236 0.056 3 0.00 0.351 0.056 0.1284 -0.0312
1744640663.413515 120 0.286 0.236 0.056 3 0.00 0.351 0.056 0.1284 -0.0312
1744640663.413613 120 0.286 0.236 0.056 3 0.00 0.351 0.056 0.1284 -0.0312
1744640663.414113 120 0.288 0.236 0.056 3 0.00 0.354 0.056 0.1314 -0.0312
1744640663.41436 120 0.289 0.236 0.056 3 0.00 0.354 0.056 0.1314 -0.0312
1744640663.425026 120 0.290 0.236 0.057 3 0.00 0.357 0.057 0.1341 -0.0300
1744640663.425388 120 0.292 0.237 0.057 3 0.00 0.357 0.057 0.1341 -0.0300
1744640663.425478 120 0.292 0.237 0.057 3 0.00 0.357 0.057 0.1341 -0.0300
1744640663.443949 120 0.294 0.237 0.057 3 0.00 0.360 0.057 0.1371 -0.0300
1744640663.444305 120 0.295 0.237 0.057 3 0.00 0.360 0.057 0.1371 -0.0300
1744640663.444586 120 0.296 0.237 0.058 3 0.00 0.363 0.058 0.1398 -0.0289
1744640663.486224 120 0.298 0.237 0.058 3 0.00 0.363 0.058 0.1398 -0.0289
1744640663.486324 120 0.298 0.237 0.058 3 0.00 0.363 0.058 0.1398 -0.0289
1744640663.486881 120 0.300 0.237 0.058 3 0.00 0.366 0.058 0.1428 -0.0289
1744640663.487127 120 0.301 0.237 0.058 3 0.00 0.366 0.058 0.1428 -0.0289
1744640663.48739 120 0.302 0.237 0.059 3 0.00 0.369 0.059 0.1457 -0.0277
1744640663.49316 120 0.304 0.237 0.059 3 0.00 0.369 0.059 0.1457 -0.0277
1744640663.493214 120 0.304 0.237 0.059 3 0.00 0.369 0.059 0.1457 -0.0277
1744640663.4934762 120 0.306 0.237 0.060 3 0.00 0.371 0.060 0.1485 -0.0266
1744640663.4935958 120 0.306 0.237 0.060 3 0.00 0.371 0.060 0.1485 -0.0266
1744640663.516164 120 0.308 0.237 0.059 3 0.00 0.374 0.059 0.1515 -0.0277
1744640663.5169332 120 0.310 0.238 0.060 3 0.00 0.374 0.060 0.1515 -0.0266
1744640663.517022 120 0.310 0.238 0.060 3 0.00 0.374 0.060 0.1515 -0.0266
1744640663.5538502 120 0.312 0.238 0.060 3 0.00 0.377 0.060 0.1544 -0.0266
1744640663.554104 120 0.312 0.238 0.060 3 0.00 0.377 0.060 0.1544 -0.0266
1744640663.554369 120 0.314 0.238 0.060 3 0.00 0.380 0.060 0.1574 -0.0266
1744640663.5548291 120 0.316 0.238 0.061 3 0.00 0.380 0.061 0.1574 -0.0254
1744640663.5638452 120 0.316 0.238 0.061 3 0.00 0.380 0.061 0.1574 -0.0254
1744640663.564376 120 0.318 0.238 0.061 3 0.00 0.383 0.061 0.1604 -0.0254
1744640663.564629 120 0.318 0.238 0.061 3 0.00 0.383 0.061 0.1604 -0.0254
1744640663.564966 120 0.320 0.238 0.061 3 0.00 0.386 0.061 0.1635 -0.0254
1744640663.584935 120 0.322 0.238 0.061 3 0.00 0.386 0.061 0.1635 -0.0254
1744640663.5850282 120 0.322 0.238 0.061 3 0.00 0.386 0.061 0.1635 -0.0254
1744640663.585569 120 0.323 0.238 0.061 3 0.00 0.389 0.061 0.1664 -0.0254
1744640663.599765 120 0.324 0.238 0.062 3 0.00 0.389 0.062 0.1664 -0.0242
1744640663.6000562 120 0.326 0.239 0.061 3 0.00 0.393 0.061 0.1696 -0.0254
1744640663.600419 120 0.328 0.239 0.062 3 0.00 0.393 0.062 0.1696 -0.0242
1744640663.60051 120 0.328 0.239 0.062 3 0.00 0.393 0.062 0.1696 -0.0242
1744640663.638291 120 0.330 0.239 0.062 3 0.00 0.396 0.062 0.1726 -0.0242
1744640663.6385438 120 0.331 0.239 0.062 3 0.00 0.396 0.062 0.1726 -0.0242
1744640663.638826 120 0.332 0.239 0.064 3 0.00 0.399 0.064 0.1757 -0.0231
1744640663.63918 120 0.334 0.239 0.064 3 0.00 0.399 0.064 0.1757 -0.0231
1744640663.680757 120 0.334 0.239 0.064 3 0.00 0.399 0.064 0.1757 -0.0231
1744640663.681368 120 0.336 0.239 0.064 3 0.00 0.402 0.064 0.1786 -0.0231
1744640663.681515 120 0.337 0.239 0.065 3 0.00 0.402 0.065 0.1786 -0.0219
1744640663.681668 120 0.338 0.239 0.064 3 0.00 0.405 0.064 0.1818 -0.0231
1744640663.7066371 120 0.340 0.239 0.065 3 0.00 0.405 0.065 0.1818 -0.0219
1744640663.7067919 120 0.340 0.239 0.065 3 0.00 0.405 0.065 0.1818 -0.0219
1744640663.707445 120 0.342 0.240 0.065 3 0.00 0.408 0.065 0.1849 -0.0219
1744640663.707716 120 0.342 0.240 0.065 3 0.00 0.408 0.065 0.1849 -0.0219
1744640663.707998 120 0.344 0.240 0.065 3 0.00 0.411 0.065 0.1878 -0.0219
1744640663.8158772 120 0.346 0.240 0.065 3 0.00 0.411 0.065 0.1878 -0.0219
1744640663.81641 120 0.346 0.240 0.065 3 0.00 0.411 0.065 0.1878 -0.0219
1744640663.81696 120 0.348 0.240 0.065 3 0.00 0.414 0.065 0.1910 -0.0219
1744640663.817208 120 0.349 0.240 0.065 3 0.00 0.414 0.065 0.1910 -0.0219
1744640663.817525 120 0.350 0.240 0.065 3 0.00 0.417 0.065 0.1939 -0.0219
1744640663.817871 120 0.352 0.240 0.065 3 0.00 0.417 0.065 0.1939 -0.0219
1744640663.8179562 120 0.352 0.240 0.065 3 0.00 0.417 0.065 0.1939 -0.0219
1744640663.8184268 120 0.354 0.240 0.065 3 0.00 0.420 0.065 0.1970 -0.0219
1744640663.8187132 120 0.355 0.240 0.065 3 0.00 0.420 0.065 0.1970 -0.0219
1744640663.818964 120 0.356 0.240 0.065 3 0.00 0.423 0.065 0.1999 -0.0219
1744640663.819314 120 0.358 0.241 0.065 3 0.00 0.423 0.065 0.1999 -0.0219
1744640663.8193998 120 0.358 0.241 0.065 3 0.00 0.423 0.065 0.1999 -0.0219
1744640663.8199198 120 0.360 0.241 0.065 3 0.00 0.426 0.065 0.2030 -0.0219
1744640663.820155 120 0.361 0.241 0.065 3 0.00 0.426 0.065 0.2030 -0.0219
1744640663.820411 120 0.362 0.241 0.065 3 0.00 0.429 0.065 0.2058 -0.0219
1744640663.8207529 120 0.364 0.241 0.066 3 0.00 0.429 0.066 0.2058 -0.0208
1744640663.820841 120 0.364 0.241 0.066 3 0.00 0.429 0.066 0.2058 -0.0208
1744640663.8213592 120 0.366 0.241 0.065 3 0.00 0.432 0.065 0.2090 -0.0219
1744640663.821599 120 0.367 0.241 0.065 3 0.00 0.432 0.065 0.2090 -0.0219
1744640663.8219688 120 0.368 0.241 0.066 3 0.00 0.435 0.066 0.2119 -0.0208
1744640663.8224618 120 0.370 0.241 0.066 3 0.00 0.435 0.066 0.2119 -0.0208
1744640663.822554 120 0.370 0.241 0.066 3 0.00 0.435 0.066 0.2119 -0.0208
1744640663.822967 120 0.371 0.241 0.066 3 0.00 0.438 0.066 0.2150 -0.0208
1744640663.839821 120 0.373 0.242 0.066 3 0.00 0.438 0.066 0.2150 -0.0208
1744640663.840022 120 0.373 0.242 0.066 3 0.00 0.441 0.066 0.2178 -0.0208
1744640663.840509 120 0.375 0.242 0.065 3 0.00 0.441 0.065 0.2178 -0.0219
1744640663.891456 120 0.376 0.242 0.065 3 0.00 0.441 0.065 0.2178 -0.0219
1744640663.891855 120 0.377 0.242 0.066 3 0.00 0.444 0.066 0.2207 -0.0208
1744640663.892169 120 0.379 0.242 0.065 3 0.00 0.444 0.065 0.2207 -0.0219
1744640663.8924239 120 0.379 0.242 0.065 3 0.00 0.447 0.065 0.2238 -0.0219
1744640663.892843 120 0.381 0.242 0.066 3 0.00 0.447 0.066 0.2238 -0.0208
1744640663.89303 120 0.382 0.242 0.066 3 0.00 0.447 0.066 0.2238 -0.0208
1744640663.8933382 120 0.383 0.242 0.066 3 0.00 0.450 0.066 0.2267 -0.0208
1744640663.9127822 120 0.385 0.242 0.066 3 0.00 0.450 0.066 0.2267 -0.0208
1744640663.9129841 120 0.385 0.242 0.066 3 0.00 0.453 0.066 0.2298 -0.0208
1744640663.9133272 120 0.387 0.243 0.067 3 0.00 0.453 0.067 0.2298 -0.0196
1744640663.913478 120 0.387 0.243 0.066 3 0.00 0.453 0.066 0.2298 -0.0208
1744640663.924682 120 0.389 0.243 0.066 3 0.00 0.456 0.066 0.2327 -0.0208
1744640663.924875 120 0.391 0.243 0.067 3 0.00 0.456 0.067 0.2327 -0.0196
1744640663.924994 120 0.391 0.243 0.067 3 0.00 0.459 0.067 0.2358 -0.0196
1744640663.9252381 120 0.393 0.243 0.066 3 0.00 0.459 0.066 0.2358 -0.0208
1744640663.9709408 120 0.394 0.243 0.066 3 0.00 0.459 0.066 0.2358 -0.0208
1744640663.971338 120 0.395 0.243 0.066 3 0.00 0.462 0.066 0.2387 -0.0208
1744640663.971649 120 0.397 0.243 0.066 3 0.00 0.462 0.066 0.2387 -0.0208
1744640663.971859 120 0.397 0.243 0.066 3 0.00 0.465 0.066 0.2418 -0.0208
1744640663.972348 120 0.399 0.243 0.067 3 0.00 0.465 0.067 0.2418 -0.0196
1744640663.972544 120 0.400 0.243 0.067 3 0.00 0.465 0.067 0.2418 -0.0196
1744640664.017142 120 0.401 0.243 0.066 3 0.00 0.468 0.066 0.2447 -0.0208
1744640664.0174751 120 0.403 0.244 0.067 3 0.00 0.468 0.067 0.2447 -0.0196
1744640664.017684 120 0.403 0.244 0.067 3 0.00 0.471 0.067 0.2478 -0.0196
1744640664.0181708 120 0.405 0.244 0.067 3 0.00 0.471 0.067 0.2478 -0.0196
1744640664.018364 120 0.406 0.244 0.067 3 0.00 0.471 0.067 0.2478 -0.0196
1744640664.018687 120 0.407 0.244 0.068 3 0.00 0.474 0.068 0.2508 -0.0185
1744640664.043463 120 0.409 0.244 0.067 3 0.00 0.474 0.067 0.2508 -0.0196
1744640664.0437472 120 0.409 0.244 0.067 3 0.00 0.477 0.067 0.2539 -0.0196
1744640664.0441658 120 0.411 0.244 0.067 3 0.00 0.477 0.067 0.2539 -0.0196
1744640664.0443509 120 0.411 0.244 0.067 3 0.00 0.477 0.067 0.2539 -0.0196
1744640664.046557 120 0.413 0.244 0.067 3 0.00 0.480 0.067 0.2568 -0.0196
1744640664.0469089 120 0.415 0.244 0.068 3 0.00 0.480 0.068 0.2568 -0.0185
1744640664.0471098 120 0.415 0.244 0.068 3 0.00 0.483 0.068 0.2599 -0.0185
1744640664.092802 120 0.417 0.245 0.068 3 0.00 0.483 0.068 0.2599 -0.0185
1744640664.09307 120 0.418 0.245 0.068 3 0.00 0.483 0.068 0.2599 -0.0185
1744640664.093497 120 0.419 0.245 0.067 3 0.00 0.486 0.067 0.2630 -0.0196
1744640664.093822 120 0.421 0.245 0.068 3 0.00 0.486 0.068 0.2630 -0.0185
1744640664.0943842 120 0.421 0.245 0.068 3 0.00 0.489 0.068 0.2659 -0.0185
1744640664.094889 120 0.423 0.245 0.068 3 0.00 0.489 0.068 0.2659 -0.0185
1744640664.095086 120 0.424 0.245 0.068 3 0.00 0.489 0.068 0.2659 -0.0185
1744640664.0954602 120 0.425 0.245 0.068 3 0.00 0.492 0.068 0.2689 -0.0185
1744640664.1131809 120 0.427 0.245 0.069 3 0.00 0.492 0.069 0.2689 -0.0173
1744640664.113395 120 0.427 0.245 0.069 3 0.00 0.495 0.069 0.2721 -0.0173
1744640664.113873 120 0.429 0.245 0.068 3 0.00 0.495 0.068 0.2721 -0.0185
1744640664.126514 120 0.430 0.245 0.068 3 0.00 0.495 0.068 0.2721 -0.0185
1744640664.1268501 120 0.431 0.245 0.068 3 0.00 0.498 0.068 0.2750 -0.0185
1744640664.1271539 120 0.433 0.246 0.068 3 0.00 0.498 0.068 0.2750 -0.0185
1744640664.127357 120 0.433 0.246 0.068 3 0.00 0.501 0.068 0.2780 -0.0185
1744640664.186024 120 0.435 0.246 0.068 3 0.00 0.501 0.068 0.2780 -0.0185
1744640664.186219 120 0.435 0.246 0.068 3 0.00 0.501 0.068 0.2780 -0.0185
1744640664.18653 120 0.437 0.246 0.068 3 0.00 0.504 0.068 0.2810 -0.0185
1744640664.186826 120 0.439 0.246 0.068 3 0.00 0.504 0.068 0.2810 -0.0185
1744640664.18708 120 0.439 0.246 0.068 3 0.00 0.507 0.068 0.2838 -0.0185
1744640664.187497 120 0.441 0.246 0.067 3 0.00 0.507 0.067 0.2838 -0.0196
1744640664.187693 120 0.441 0.246 0.067 3 0.00 0.507 0.067 0.2838 -0.0196
1744640664.196246 120 0.443 0.246 0.068 3 0.00 0.510 0.068 0.2869 -0.0185
1744640664.1966238 120 0.445 0.246 0.068 3 0.00 0.510 0.068 0.2869 -0.0185
1744640664.1968288 120 0.445 0.246 0.068 3 0.00 0.513 0.068 0.2898 -0.0185
1744640664.197248 120 0.447 0.247 0.068 3 0.00 0.513 0.068 0.2898 -0.0185
1744640664.215157 120 0.447 0.247 0.068 3 0.00 0.513 0.068 0.2898 -0.0185
1744640664.2155259 120 0.449 0.247 0.067 3 0.00 0.516 0.067 0.2929 -0.0196
1744640664.215821 120 0.451 0.247 0.067 3 0.00 0.516 0.067 0.2929 -0.0196
1744640664.2160199 120 0.451 0.247 0.067 3 0.00 0.519 0.067 0.2958 -0.0196
1744640664.237374 120 0.453 0.247 0.067 3 0.00 0.519 0.067 0.2958 -0.0196
1744640664.237568 120 0.454 0.247 0.068 3 0.00 0.519 0.068 0.2958 -0.0185
1744640664.237934 120 0.455 0.247 0.067 3 0.00 0.522 0.067 0.2989 -0.0196
1744640664.2739131 120 0.457 0.247 0.067 3 0.00 0.522 0.067 0.2989 -0.0196
1744640664.274034 120 0.457 0.247 0.067 3 0.00 0.525 0.067 0.3018 -0.0196
1744640664.2745159 120 0.459 0.247 0.067 3 0.00 0.525 0.067 0.3018 -0.0196
1744640664.274614 120 0.459 0.247 0.068 3 0.00 0.525 0.068 0.3018 -0.0185
1744640664.286486 120 0.461 0.248 0.067 3 0.00 0.528 0.067 0.3047 -0.0196
1744640664.28672 120 0.463 0.248 0.068 3 0.00 0.528 0.068 0.3047 -0.0185
1744640664.286871 120 0.463 0.248 0.068 3 0.00 0.531 0.068 0.3078 -0.0185
% 1744640664.305846 robobot/cmd/ti/rc 0.0 0.0
1744640664.326211 120 0.465 0.248 0.067 3 0.00 0.531 0.067 0.3078 -0.0196
1744640664.326445 120 0.465 0.248 0.067 3 0.00 0.531 0.067 0.3078 -0.0196
1744640664.327095 120 0.467 0.248 0.067 3 0.00 0.534 0.067 0.3107 -0.0196
1744640664.3274229 120 0.469 0.248 0.067 3 0.00 0.534 0.067 0.3107 -0.0196
1744640664.327691 120 0.469 0.248 0.067 3 0.00 0.537 0.067 0.3138 -0.0196
1744640664.328131 120 0.471 0.248 0.067 3 0.00 0.537 0.067 0.3138 -0.0196
1744640664.328324 120 0.471 0.248 0.067 3 0.00 0.537 0.067 0.3138 -0.0196
1744640664.328641 120 0.473 0.248 0.067 3 0.00 0.540 0.067 0.3167 -0.0196
1744640664.345718 120 0.475 0.248 0.067 3 0.00 0.540 0.067 0.3167 -0.0196
1744640664.34593 120 0.475 0.248 0.067 3 0.00 0.543 0.067 0.3198 -0.0196
1744640664.346345 120 0.477 0.249 0.066 3 0.00 0.543 0.066 0.3198 -0.0208
1744640664.387795 120 0.477 0.249 0.068 3 0.00 0.543 0.068 0.3198 -0.0185
1744640664.3880582 120 0.479 0.249 0.067 3 0.00 0.546 0.067 0.3228 -0.0196
1744640664.388243 120 0.481 0.249 0.066 3 0.00 0.546 0.066 0.3228 -0.0208
1744640664.388364 120 0.481 0.249 0.066 3 0.00 0.549 0.066 0.3257 -0.0208
1744640664.3947039 120 0.483 0.249 0.067 3 0.00 0.549 0.067 0.3257 -0.0196
1744640664.394848 120 0.483 0.249 0.067 3 0.00 0.549 0.067 0.3257 -0.0196
1744640664.395115 120 0.485 0.249 0.066 3 0.00 0.552 0.066 0.3288 -0.0208
1744640664.395327 120 0.487 0.249 0.067 3 0.00 0.552 0.067 0.3288 -0.0196
% 1744640664.4081018 robobot/cmd/ti/rc 0.0 0.0
% 1744640664.408195 robobot/cmd/T0/leds 16 0 0 0
% 1744640664.408523 robobot/cmd/T0/leds 16 0 100 0
% 1744640664.4086778 robobot/cmd/ti/rc 0.0 -0.50
1744640664.415315 120 0.487 0.249 0.067 3 0.00 0.555 0.067 0.0029 0.0000
1744640664.415821 120 0.489 0.249 0.067 3 0.00 0.555 0.067 0.0029 0.0000
1744640664.415995 120 0.489 0.249 0.067 3 0.00 0.555 0.067 0.0029 0.0000
1744640664.442624 120 0.491 0.250 0.067 3 0.00 0.558 0.067 0.0061 0.0000
1744640664.442805 120 0.493 0.250 0.067 3 0.00 0.558 0.067 0.0061 0.0000
1744640664.442894 120 0.493 0.250 0.067 3 0.00 0.561 0.067 0.0090 0.0000
1744640664.44309 120 0.495 0.250 0.068 3 0.00 0.561 0.068 0.0090 0.0011
1744640664.4587111 120 0.495 0.250 0.068 3 0.00 0.561 0.068 0.0090 0.0011
1744640664.459008 120 0.497 0.250 0.067 3 0.00 0.564 0.067 0.0121 0.0000
1744640664.4591339 120 0.499 0.250 0.068 3 0.00 0.564 0.068 0.0121 0.0011
1744640664.459239 120 0.499 0.250 0.068 3 0.00 0.567 0.068 0.0150 0.0011
1744640664.475918 120 0.501 0.250 0.067 3 0.00 0.567 0.067 0.0150 0.0000
1744640664.476038 120 0.501 0.250 0.067 3 0.00 0.567 0.067 0.0150 0.0000
1744640664.476204 120 0.503 0.250 0.067 3 0.00 0.570 0.067 0.0182 0.0000
1744640664.5048609 120 0.505 0.250 0.067 3 0.00 0.570 0.067 0.0182 0.0000
1744640664.5051048 120 0.505 0.250 0.067 3 0.00 0.573 0.067 0.0211 0.0000
1744640664.505561 120 0.507 0.251 0.067 3 0.00 0.573 0.067 0.0211 0.0000
1744640664.505759 120 0.508 0.251 0.067 3 0.00 0.573 0.067 0.0211 0.0000
1744640664.512332 120 0.509 0.251 0.068 3 0.00 0.577 0.068 0.0254 0.0011
1744640664.5421271 120 0.511 0.251 0.068 3 0.00 0.577 0.068 0.0254 0.0011
1744640664.542249 120 0.511 0.251 0.068 3 0.00 0.579 0.068 0.0270 0.0011
1744640664.5424929 120 0.512 0.251 0.068 3 0.00 0.579 0.068 0.0270 0.0011
1744640664.542597 120 0.513 0.251 0.068 3 0.00 0.579 0.068 0.0270 0.0011
1744640664.564827 120 0.513 0.251 0.068 3 0.00 0.581 0.068 0.0297 0.0011
1744640664.5651462 120 0.513 0.251 0.067 3 0.00 0.581 0.067 0.0297 0.0000
1744640664.565355 120 0.513 0.251 0.067 3 0.00 0.583 0.067 0.0309 0.0000
1744640664.565832 120 0.514 0.251 0.066 3 0.00 0.583 0.066 0.0309 -0.0012
1744640664.5660229 120 0.514 0.251 0.066 3 0.00 0.583 0.066 0.0309 -0.0012
1744640664.5836952 120 0.515 0.251 0.066 3 0.00 0.583 0.066 0.0317 -0.0012
1744640664.5840251 120 0.516 0.251 0.067 3 0.00 0.583 0.067 0.0317 0.0000
1744640664.5843022 120 0.516 0.251 0.067 3 0.00 0.585 0.067 0.0332 0.0000
1744640664.602876 120 0.517 0.251 0.067 3 0.00 0.585 0.067 0.0332 0.0000
1744640664.603078 120 0.517 0.251 0.066 3 0.00 0.585 0.066 0.0332 -0.0012
1744640664.6034062 120 0.517 0.251 0.064 3 0.00 0.586 0.064 0.0347 -0.0035
1744640664.6186082 120 0.517 0.251 0.062 3 0.00 0.586 0.062 0.0347 -0.0046
1744640664.618835 120 0.517 0.251 0.062 3 0.00 0.587 0.062 0.0356 -0.0046
1744640664.619432 120 0.517 0.251 0.061 3 0.00 0.587 0.061 0.0356 -0.0058
1744640664.6196349 120 0.518 0.251 0.060 3 0.00 0.587 0.060 0.0356 -0.0070
1744640664.6459231 120 0.518 0.251 0.059 3 0.00 0.588 0.059 0.0362 -0.0081
1744640664.646613 120 0.518 0.251 0.053 3 0.00 0.588 0.053 0.0362 -0.0139
1744640664.646836 120 0.518 0.251 0.053 3 0.00 0.588 0.053 0.0366 -0.0139
1744640664.699703 120 0.518 0.251 0.050 3 0.00 0.588 0.050 0.0366 -0.0174
1744640664.699949 120 0.518 0.251 0.046 3 0.00 0.588 0.046 0.0366 -0.0208
1744640664.70035 120 0.517 0.251 0.045 3 0.00 0.589 0.045 0.0369 -0.0220
1744640664.700665 120 0.517 0.251 0.043 3 0.00 0.589 0.043 0.0369 -0.0243
1744640664.700871 120 0.517 0.251 0.043 3 0.00 0.589 0.043 0.0368 -0.0243
1744640664.701301 120 0.517 0.251 0.039 3 0.00 0.589 0.039 0.0368 -0.0278
1744640664.701549 120 0.517 0.251 0.037 3 0.00 0.589 0.037 0.0368 -0.0301
1744640664.701828 120 0.517 0.251 0.036 3 0.00 0.588 0.036 0.0365 -0.0312
1744640664.70748 120 0.516 0.251 0.032 3 0.00 0.588 0.032 0.0365 -0.0347
1744640664.707645 120 0.516 0.251 0.032 3 0.00 0.588 0.032 0.0362 -0.0347
1744640664.708008 120 0.516 0.251 0.030 3 0.00 0.588 0.030 0.0362 -0.0370
1744640664.741239 120 0.516 0.251 0.029 3 0.00 0.588 0.029 0.0362 -0.0382
1744640664.741668 120 0.516 0.251 0.027 3 0.00 0.588 0.027 0.0358 -0.0405
1744640664.742004 120 0.515 0.251 0.024 3 0.00 0.588 0.024 0.0358 -0.0428
1744640664.7422268 120 0.515 0.251 0.024 3 0.00 0.587 0.024 0.0354 -0.0428
1744640664.785744 120 0.515 0.251 0.022 3 0.00 0.587 0.022 0.0354 -0.0451
1744640664.785971 120 0.515 0.251 0.018 3 0.00 0.587 0.018 0.0354 -0.0486
1744640664.786328 120 0.515 0.251 0.017 3 0.00 0.587 0.017 0.0351 -0.0497
1744640664.7867048 120 0.515 0.251 0.014 3 0.00 0.587 0.014 0.0351 -0.0532
1744640664.786915 120 0.515 0.251 0.014 3 0.00 0.586 0.014 0.0347 -0.0532
1744640664.787344 120 0.515 0.251 0.013 3 0.00 0.586 0.013 0.0347 -0.0544
1744640664.787543 120 0.514 0.251 0.009 3 0.00 0.586 0.009 0.0347 -0.0578
1744640664.821855 120 0.514 0.251 0.008 3 0.00 0.586 0.008 0.0343 -0.0590
1744640664.822269 120 0.514 0.251 0.005 3 0.00 0.586 0.005 0.0343 -0.0625
1744640664.822485 120 0.514 0.251 0.005 3 0.00 0.586 0.005 0.0340 -0.0625
1744640664.822921 120 0.514 0.251 0.002 3 0.00 0.586 0.002 0.0340 -0.0648
1744640664.829504 120 0.514 0.251 0.000 3 0.00 0.586 0.000 0.0340 -0.0671
1744640664.829897 120 0.514 0.251 -0.001 3 0.00 0.585 -0.001 0.0337 -0.0683
1744640664.830206 120 0.514 0.251 -0.008 3 0.00 0.585 -0.008 0.0337 -0.0752
1744640664.830415 120 0.514 0.251 -0.008 3 0.00 0.585 -0.008 0.0337 -0.0752
1744640664.8449988 120 0.514 0.251 -0.013 3 0.00 0.585 -0.013 0.0337 -0.0798
1744640664.8452659 120 0.514 0.251 -0.014 3 0.00 0.585 -0.014 0.0337 -0.0810
1744640664.845587 120 0.514 0.251 -0.016 3 0.00 0.586 -0.016 0.0338 -0.0833
1744640664.845883 120 0.515 0.251 -0.022 3 0.00 0.586 -0.022 0.0338 -0.0891
1744640664.898968 120 0.515 0.251 -0.022 3 0.00 0.586 -0.022 0.0339 -0.0891
1744640664.899482 120 0.514 0.251 -0.025 3 0.00 0.586 -0.025 0.0339 -0.0925
1744640664.899672 120 0.515 0.251 -0.029 3 0.00 0.586 -0.029 0.0339 -0.0960
1744640664.899987 120 0.515 0.251 -0.030 3 0.00 0.586 -0.030 0.0340 -0.0972
1744640664.900291 120 0.515 0.251 -0.036 3 0.00 0.586 -0.036 0.0340 -0.1029
1744640664.9010959 120 0.515 0.251 -0.036 3 0.00 0.586 -0.036 0.0341 -0.1029
1744640664.901568 120 0.515 0.251 -0.041 3 0.00 0.586 -0.041 0.0341 -0.1076
1744640664.9017558 120 0.515 0.251 -0.044 3 0.00 0.586 -0.044 0.0341 -0.1110
1744640664.919368 120 0.515 0.251 -0.047 3 0.00 0.586 -0.047 0.0344 -0.1145
1744640664.9195719 120 0.515 0.251 -0.051 3 0.00 0.586 -0.051 0.0344 -0.1180
1744640664.919689 120 0.515 0.251 -0.051 3 0.00 0.586 -0.051 0.0346 -0.1180
1744640664.919918 120 0.515 0.251 -0.057 3 0.00 0.586 -0.057 0.0346 -0.1238
1744640664.939428 120 0.515 0.251 -0.061 3 0.00 0.586 -0.061 0.0346 -0.1284
1744640664.939627 120 0.515 0.251 -0.064 3 0.00 0.586 -0.064 0.0347 -0.1307
1744640664.939841 120 0.515 0.251 -0.069 3 0.00 0.586 -0.069 0.0347 -0.1365
1744640664.9399512 120 0.515 0.251 -0.069 3 0.00 0.587 -0.069 0.0348 -0.1365
1744640664.991209 120 0.516 0.251 -0.075 3 0.00 0.587 -0.075 0.0348 -0.1423
1744640664.991424 120 0.516 0.251 -0.079 3 0.00 0.587 -0.079 0.0348 -0.1457
1744640664.991828 120 0.516 0.251 -0.082 3 0.00 0.587 -0.082 0.0350 -0.1492
1744640664.9921489 120 0.516 0.251 -0.088 3 0.00 0.587 -0.088 0.0350 -0.1550
1744640664.992366 120 0.516 0.251 -0.088 3 0.00 0.587 -0.088 0.0351 -0.1550
1744640664.99281 120 0.516 0.251 -0.094 3 0.00 0.587 -0.094 0.0351 -0.1608
1744640664.9930649 120 0.516 0.251 -0.096 3 0.00 0.587 -0.096 0.0351 -0.1631
1744640665.003356 120 0.516 0.251 -0.098 3 0.00 0.587 -0.098 0.0352 -0.1654
1744640665.003603 120 0.516 0.251 -0.105 3 0.00 0.587 -0.105 0.0352 -0.1723
1744640665.003764 120 0.516 0.251 -0.105 3 0.00 0.587 -0.105 0.0353 -0.1723
1744640665.037856 120 0.516 0.251 -0.109 3 0.00 0.587 -0.109 0.0353 -0.1758
1744640665.038076 120 0.516 0.251 -0.111 3 0.00 0.587 -0.111 0.0353 -0.1781
1744640665.038783 120 0.516 0.251 -0.112 3 0.00 0.587 -0.112 0.0352 -0.1793
1744640665.03909 120 0.516 0.251 -0.118 3 0.00 0.587 -0.118 0.0352 -0.1851
1744640665.055563 120 0.516 0.251 -0.118 3 0.00 0.587 -0.118 0.0351 -0.1851
1744640665.056073 120 0.516 0.251 -0.123 3 0.00 0.587 -0.123 0.0351 -0.1897
1744640665.056271 120 0.516 0.251 -0.127 3 0.00 0.587 -0.127 0.0351 -0.1943
1744640665.069392 120 0.516 0.251 -0.130 3 0.00 0.587 -0.130 0.0351 -0.1966
1744640665.069775 120 0.516 0.251 -0.137 3 0.00 0.587 -0.137 0.0351 -0.2036
1744640665.069978 120 0.516 0.251 -0.137 3 0.00 0.587 -0.137 0.0351 -0.2036
1744640665.0863109 120 0.516 0.251 -0.140 3 0.00 0.587 -0.140 0.0351 -0.2070
1744640665.086519 120 0.516 0.251 -0.143 3 0.00 0.587 -0.143 0.0351 -0.2105
1744640665.086907 120 0.516 0.251 -0.145 3 0.00 0.587 -0.145 0.0352 -0.2117
1744640665.1028428 120 0.516 0.251 -0.150 3 0.00 0.587 -0.150 0.0352 -0.2174
1744640665.103064 120 0.516 0.251 -0.150 3 0.00 0.587 -0.150 0.0351 -0.2174
1744640665.103494 120 0.516 0.251 -0.155 3 0.00 0.587 -0.155 0.0351 -0.2221
1744640665.1036859 120 0.516 0.251 -0.158 3 0.00 0.587 -0.158 0.0351 -0.2255
1744640665.122292 120 0.516 0.251 -0.162 3 0.00 0.587 -0.162 0.0351 -0.2290
1744640665.122603 120 0.516 0.251 -0.167 3 0.00 0.587 -0.167 0.0351 -0.2336
1744640665.1228108 120 0.516 0.251 -0.167 3 0.00 0.587 -0.167 0.0351 -0.2336
1744640665.148921 120 0.516 0.251 -0.172 3 0.00 0.587 -0.172 0.0351 -0.2394
1744640665.1493518 120 0.516 0.251 -0.175 3 0.00 0.587 -0.175 0.0351 -0.2417
1744640665.149782 120 0.516 0.251 -0.176 3 0.00 0.587 -0.176 0.0352 -0.2429
1744640665.1608992 120 0.516 0.251 -0.183 3 0.00 0.587 -0.183 0.0352 -0.2498
1744640665.16111 120 0.516 0.251 -0.183 3 0.00 0.587 -0.183 0.0352 -0.2498
1744640665.1615858 120 0.516 0.251 -0.187 3 0.00 0.587 -0.187 0.0352 -0.2544
1744640665.161775 120 0.516 0.251 -0.189 3 0.00 0.587 -0.189 0.0352 -0.2556
1744640665.1925042 120 0.516 0.251 -0.191 3 0.00 0.587 -0.191 0.0351 -0.2579
1744640665.192641 120 0.516 0.251 -0.197 3 0.00 0.587 -0.197 0.0351 -0.2637
1744640665.192728 120 0.516 0.251 -0.197 3 0.00 0.587 -0.197 0.0351 -0.2637
1744640665.210864 120 0.516 0.251 -0.201 3 0.00 0.587 -0.201 0.0351 -0.2683
1744640665.211082 120 0.516 0.251 -0.203 3 0.00 0.587 -0.203 0.0351 -0.2706
1744640665.211406 120 0.516 0.251 -0.206 3 0.00 0.587 -0.206 0.0350 -0.2729
1744640665.2120929 120 0.516 0.251 -0.210 3 0.00 0.587 -0.210 0.0350 -0.2776
1744640665.226557 120 0.516 0.251 -0.210 3 0.00 0.587 -0.210 0.0350 -0.2776
1744640665.226968 120 0.516 0.251 -0.215 3 0.00 0.587 -0.215 0.0350 -0.2822
1744640665.227149 120 0.516 0.251 -0.217 3 0.00 0.587 -0.217 0.0350 -0.2845
1744640665.227461 120 0.516 0.251 -0.220 3 0.00 0.587 -0.220 0.0350 -0.2868
1744640665.25091 120 0.516 0.251 -0.223 3 0.00 0.587 -0.223 0.0350 -0.2903
1744640665.251117 120 0.516 0.251 -0.223 3 0.00 0.587 -0.223 0.0350 -0.2903
1744640665.251528 120 0.516 0.251 -0.229 3 0.00 0.587 -0.229 0.0350 -0.2961
1744640665.251713 120 0.516 0.251 -0.231 3 0.00 0.587 -0.231 0.0350 -0.2984
1744640665.281813 120 0.516 0.251 -0.232 3 0.00 0.587 -0.232 0.0350 -0.2995
1744640665.281985 120 0.516 0.251 -0.237 3 0.00 0.587 -0.237 0.0350 -0.3042
1744640665.282091 120 0.516 0.251 -0.237 3 0.00 0.587 -0.237 0.0349 -0.3042
1744640665.29665 120 0.516 0.251 -0.243 3 0.00 0.587 -0.243 0.0349 -0.3100
1744640665.296927 120 0.516 0.251 -0.244 3 0.00 0.587 -0.244 0.0349 -0.3111
1744640665.2972438 120 0.516 0.251 -0.246 3 0.00 0.587 -0.246 0.0349 -0.3134
1744640665.297545 120 0.516 0.251 -0.250 3 0.00 0.587 -0.250 0.0349 -0.3169
1744640665.2977479 120 0.516 0.251 -0.250 3 0.00 0.587 -0.250 0.0349 -0.3169
1744640665.3071969 120 0.516 0.251 -0.253 3 0.00 0.587 -0.253 0.0349 -0.3204
1744640665.32234 120 0.516 0.251 -0.257 3 0.00 0.587 -0.257 0.0349 -0.3238
1744640665.3226082 120 0.516 0.251 -0.259 3 0.00 0.587 -0.259 0.0349 -0.3261
1744640665.338324 120 0.516 0.251 -0.264 3 0.00 0.587 -0.264 0.0349 -0.3308
1744640665.338541 120 0.516 0.251 -0.264 3 0.00 0.586 -0.264 0.0347 -0.3308
1744640665.339016 120 0.515 0.251 -0.267 3 0.00 0.586 -0.267 0.0347 -0.3342
1744640665.345063 120 0.515 0.251 -0.270 3 0.00 0.586 -0.270 0.0347 -0.3366
1744640665.360752 120 0.515 0.251 -0.271 3 0.00 0.586 -0.271 0.0347 -0.3377
1744640665.360926 120 0.515 0.251 -0.275 3 0.00 0.586 -0.275 0.0347 -0.3423
1744640665.361009 120 0.515 0.251 -0.275 3 0.00 0.586 -0.275 0.0346 -0.3423
1744640665.385799 120 0.516 0.251 -0.282 3 0.00 0.586 -0.282 0.0346 -0.3493
1744640665.386074 120 0.516 0.251 -0.284 3 0.00 0.586 -0.284 0.0346 -0.3516
1744640665.386351 120 0.516 0.251 -0.287 3 0.00 0.586 -0.287 0.0346 -0.3539
1744640665.386708 120 0.515 0.251 -0.291 3 0.00 0.586 -0.291 0.0346 -0.3585
1744640665.399691 120 0.515 0.251 -0.291 3 0.00 0.586 -0.291 0.0347 -0.3585
1744640665.400501 120 0.515 0.251 -0.297 3 0.00 0.586 -0.297 0.0347 -0.3643
1744640665.400743 120 0.515 0.251 -0.299 3 0.00 0.586 -0.299 0.0347 -0.3666
1744640665.407425 120 0.515 0.251 -0.303 3 0.00 0.586 -0.303 0.0347 -0.3701
1744640665.412124 120 0.515 0.251 -0.305 3 0.00 0.586 -0.305 0.0347 -0.3724
1744640665.434261 120 0.515 0.251 -0.305 3 0.00 0.586 -0.305 0.0346 -0.3724
1744640665.434687 120 0.515 0.251 -0.312 3 0.00 0.586 -0.312 0.0346 -0.3793
1744640665.434974 120 0.515 0.251 -0.313 3 0.00 0.586 -0.313 0.0346 -0.3805
1744640665.443409 120 0.515 0.251 -0.318 3 0.00 0.586 -0.318 0.0345 -0.3851
1744640665.443721 120 0.515 0.251 -0.325 3 0.00 0.586 -0.325 0.0345 -0.3921
1744640665.4696891 120 0.515 0.251 -0.325 3 0.00 0.586 -0.325 0.0346 -0.3921
1744640665.470171 120 0.516 0.251 -0.331 3 0.00 0.586 -0.331 0.0346 -0.3979
1744640665.470415 120 0.515 0.251 -0.332 3 0.00 0.586 -0.332 0.0346 -0.3990
1744640665.4706712 120 0.515 0.251 -0.335 3 0.00 0.586 -0.335 0.0347 -0.4025
1744640665.488072 120 0.515 0.251 -0.340 3 0.00 0.586 -0.340 0.0347 -0.4071
1744640665.488279 120 0.515 0.251 -0.340 3 0.00 0.586 -0.340 0.0346 -0.4071
1744640665.48875 120 0.515 0.251 -0.345 3 0.00 0.586 -0.345 0.0346 -0.4117
1744640665.5180218 120 0.515 0.251 -0.347 3 0.00 0.586 -0.347 0.0346 -0.4140
1744640665.518326 120 0.515 0.251 -0.349 3 0.00 0.586 -0.349 0.0346 -0.4164
1744640665.518684 120 0.515 0.251 -0.355 3 0.00 0.586 -0.355 0.0346 -0.4221
1744640665.5188868 120 0.515 0.251 -0.355 3 0.00 0.586 -0.355 0.0345 -0.4221
1744640665.526827 120 0.515 0.251 -0.361 3 0.00 0.586 -0.361 0.0345 -0.4279
1744640665.527078 120 0.515 0.251 -0.363 3 0.00 0.586 -0.363 0.0345 -0.4302
1744640665.561264 120 0.515 0.251 -0.367 3 0.00 0.586 -0.367 0.0345 -0.4337
1744640665.561446 120 0.515 0.251 -0.371 3 0.00 0.586 -0.371 0.0345 -0.4383
1744640665.561546 120 0.515 0.251 -0.371 3 0.00 0.586 -0.371 0.0345 -0.4383
1744640665.5878558 120 0.515 0.251 -0.375 3 0.00 0.586 -0.375 0.0345 -0.4418
1744640665.5881312 120 0.515 0.251 -0.377 3 0.00 0.586 -0.377 0.0345 -0.4441
1744640665.588452 120 0.515 0.251 -0.381 3 0.00 0.586 -0.381 0.0346 -0.4476
1744640665.588756 120 0.515 0.251 -0.386 3 0.00 0.586 -0.386 0.0346 -0.4534
1744640665.5909371 120 0.515 0.251 -0.386 3 0.00 0.586 -0.386 0.0347 -0.4534
1744640665.591421 120 0.515 0.251 -0.393 3 0.00 0.586 -0.393 0.0347 -0.4603
1744640665.592065 120 0.515 0.251 -0.394 3 0.00 0.586 -0.394 0.0347 -0.4615
1744640665.592478 120 0.515 0.251 -0.397 3 0.00 0.586 -0.397 0.0345 -0.4638
1744640665.616294 120 0.515 0.251 -0.401 3 0.00 0.586 -0.401 0.0345 -0.4684
1744640665.6164942 120 0.515 0.251 -0.401 3 0.00 0.586 -0.401 0.0344 -0.4684
1744640665.6169431 120 0.516 0.251 -0.404 3 0.00 0.586 -0.404 0.0344 -0.4707
1744640665.6278908 120 0.516 0.251 -0.406 3 0.00 0.586 -0.406 0.0344 -0.4730
1744640665.628151 120 0.516 0.251 -0.407 3 0.00 0.586 -0.407 0.0346 -0.4742
1744640665.6284428 120 0.516 0.251 -0.412 3 0.00 0.586 -0.412 0.0346 -0.4788
1744640665.628638 120 0.516 0.251 -0.412 3 0.00 0.587 -0.412 0.0349 -0.4788
1744640665.669035 120 0.516 0.251 -0.416 3 0.00 0.587 -0.416 0.0349 -0.4834
1744640665.66928 120 0.516 0.251 -0.417 3 0.00 0.587 -0.417 0.0349 -0.4846
1744640665.6695418 120 0.516 0.251 -0.421 3 0.00 0.587 -0.421 0.0352 -0.4881
1744640665.681231 120 0.516 0.251 -0.426 3 0.00 0.587 -0.426 0.0352 -0.4927
1744640665.68144 120 0.516 0.251 -0.426 3 0.00 0.587 -0.426 0.0349 -0.4927
1744640665.6818612 120 0.515 0.251 -0.432 3 0.00 0.587 -0.432 0.0349 -0.4996
1744640665.682102 120 0.515 0.251 -0.434 3 0.00 0.587 -0.434 0.0349 -0.5008
1744640665.704467 120 0.515 0.251 -0.436 3 0.00 0.586 -0.436 0.0344 -0.5031
1744640665.70469 120 0.516 0.251 -0.440 3 0.00 0.586 -0.440 0.0344 -0.5066
1744640665.7048051 120 0.516 0.251 -0.440 3 0.00 0.586 -0.440 0.0344 -0.5066
1744640665.732092 120 0.516 0.251 -0.444 3 0.00 0.586 -0.444 0.0344 -0.5112
1744640665.732403 120 0.516 0.251 -0.446 3 0.00 0.586 -0.446 0.0344 -0.5135
1744640665.7327511 120 0.516 0.251 -0.450 3 0.00 0.586 -0.450 0.0346 -0.5170
1744640665.733067 120 0.516 0.251 -0.453 3 0.00 0.586 -0.453 0.0346 -0.5204
1744640665.742644 120 0.516 0.251 -0.453 3 0.00 0.587 -0.453 0.0349 -0.5204
1744640665.743031 120 0.516 0.251 -0.457 3 0.00 0.587 -0.457 0.0349 -0.5239
1744640665.743281 120 0.516 0.251 -0.458 3 0.00 0.587 -0.458 0.0349 -0.5251
1744640665.743453 120 0.515 0.251 -0.460 3 0.00 0.587 -0.460 0.0348 -0.5274
1744640665.76663 120 0.515 0.251 -0.461 3 0.00 0.587 -0.461 0.0348 -0.5285
1744640665.7669 120 0.515 0.251 -0.461 3 0.00 0.586 -0.461 0.0345 -0.5285
1744640665.7677598 120 0.516 0.251 -0.466 3 0.00 0.586 -0.466 0.0345 -0.5332
1744640665.7680562 120 0.516 0.251 -0.467 3 0.00 0.586 -0.467 0.0345 -0.5343
1744640665.768363 120 0.516 0.251 -0.469 3 0.00 0.586 -0.469 0.0344 -0.5366
% 1744640665.786844 robobot/cmd/ti/rc 0.0 0.0
1744640665.789957 120 0.516 0.251 -0.474 3 0.00 0.586 -0.474 0.0344 -0.5413
1744640665.79019 120 0.516 0.251 -0.474 3 0.00 0.586 -0.474 0.0347 -0.5413
1744640665.790702 120 0.516 0.251 -0.479 3 0.00 0.586 -0.479 0.0347 -0.5459
1744640665.790962 120 0.516 0.251 -0.482 3 0.00 0.586 -0.482 0.0347 -0.5494
1744640665.820619 120 0.516 0.251 -0.485 3 0.00 0.587 -0.485 0.0350 -0.5517
1744640665.820993 120 0.516 0.251 -0.488 3 0.00 0.587 -0.488 0.0350 -0.5551
1744640665.8212 120 0.516 0.251 -0.488 3 0.00 0.587 -0.488 0.0348 -0.5551
1744640665.833312 120 0.515 0.251 -0.491 3 0.00 0.587 -0.491 0.0348 -0.5586
1744640665.8335779 120 0.515 0.251 -0.493 3 0.00 0.587 -0.493 0.0348 -0.5598
1744640665.833854 120 0.515 0.251 -0.494 3 0.00 0.586 -0.494 0.0345 -0.5609
1744640665.834218 120 0.516 0.251 -0.496 3 0.00 0.586 -0.496 0.0345 -0.5632
1744640665.874084 120 0.516 0.251 -0.496 3 0.00 0.586 -0.496 0.0343 -0.5632
1744640665.874573 120 0.516 0.251 -0.500 3 0.00 0.586 -0.500 0.0343 -0.5667
1744640665.874835 120 0.516 0.251 -0.502 3 0.00 0.586 -0.502 0.0343 -0.5690
1744640665.8751712 120 0.516 0.251 -0.505 3 0.00 0.586 -0.505 0.0345 -0.5725
1744640665.875478 120 0.516 0.251 -0.510 3 0.00 0.586 -0.510 0.0345 -0.5771
1744640665.8756878 120 0.516 0.251 -0.510 3 0.00 0.587 -0.510 0.0350 -0.5771
1744640665.919403 120 0.516 0.251 -0.515 3 0.00 0.587 -0.515 0.0350 -0.5817
1744640665.919743 120 0.516 0.251 -0.516 3 0.00 0.587 -0.516 0.0350 -0.5829
1744640665.9200482 120 0.516 0.251 -0.519 3 0.00 0.587 -0.519 0.0351 -0.5864
1744640665.920388 120 0.515 0.251 -0.523 3 0.00 0.587 -0.523 0.0351 -0.5898
1744640665.931069 120 0.515 0.251 -0.523 3 0.00 0.586 -0.523 0.0346 -0.5898
1744640665.931573 120 0.515 0.251 -0.525 3 0.00 0.586 -0.525 0.0346 -0.5921
1744640665.931828 120 0.515 0.251 -0.525 3 0.00 0.586 -0.525 0.0346 -0.5921
1744640665.935338 120 0.515 0.251 -0.524 3 0.00 0.586 -0.524 0.0342 -0.5910
1744640665.9356549 120 0.516 0.251 -0.525 3 0.00 0.586 -0.525 0.0342 -0.5921
1744640665.935863 120 0.516 0.251 -0.525 3 0.00 0.586 -0.525 0.0343 -0.5921
1744640665.9363341 120 0.516 0.251 -0.526 3 0.00 0.586 -0.526 0.0343 -0.5933
1744640665.958047 120 0.516 0.251 -0.527 3 0.00 0.586 -0.527 0.0343 -0.5945
1744640665.958333 120 0.516 0.251 -0.527 3 0.00 0.586 -0.527 0.0343 -0.5945
1744640665.9587 120 0.516 0.251 -0.530 3 0.00 0.586 -0.530 0.0343 -0.5968
1744640665.958905 120 0.516 0.251 -0.530 3 0.00 0.586 -0.530 0.0344 -0.5968
1744640666.0006819 120 0.516 0.251 -0.530 3 0.00 0.586 -0.530 0.0344 -0.5968
1744640666.0009348 120 0.516 0.251 -0.530 3 0.00 0.586 -0.530 0.0344 -0.5968
1744640666.001198 120 0.516 0.251 -0.528 3 0.00 0.586 -0.528 0.0344 -0.5956
1744640666.00156 120 0.516 0.251 -0.528 3 0.00 0.586 -0.528 0.0344 -0.5956
1744640666.001764 120 0.516 0.251 -0.528 3 0.00 0.586 -0.528 0.0345 -0.5956
1744640666.002175 120 0.516 0.251 -0.528 3 0.00 0.586 -0.528 0.0345 -0.5956
1744640666.0024111 120 0.516 0.251 -0.528 3 0.00 0.586 -0.528 0.0345 -0.5956
1744640666.0293992 120 0.516 0.251 -0.528 3 0.00 0.586 -0.528 0.0347 -0.5956
1744640666.02971 120 0.516 0.251 -0.528 3 0.00 0.586 -0.528 0.0347 -0.5956
1744640666.0299132 120 0.516 0.251 -0.528 3 0.00 0.587 -0.528 0.0348 -0.5956
1744640666.054094 120 0.516 0.251 -0.528 3 0.00 0.587 -0.528 0.0348 -0.5956
1744640666.05439 120 0.516 0.251 -0.528 3 0.00 0.587 -0.528 0.0348 -0.5956
1744640666.054649 120 0.516 0.251 -0.528 3 0.00 0.587 -0.528 0.0350 -0.5956
1744640666.054962 120 0.516 0.251 -0.528 3 0.00 0.587 -0.528 0.0350 -0.5956
1744640666.070849 120 0.516 0.251 -0.528 3 0.00 0.587 -0.528 0.0351 -0.5956
1744640666.071337 120 0.516 0.251 -0.528 3 0.00 0.587 -0.528 0.0351 -0.5956
1744640666.071576 120 0.516 0.251 -0.528 3 0.00 0.587 -0.528 0.0351 -0.5956
1744640666.0718331 120 0.516 0.251 -0.528 3 0.00 0.587 -0.528 0.0351 -0.5956
1744640666.086275 120 0.516 0.251 -0.528 3 0.00 0.587 -0.528 0.0351 -0.5956
1744640666.086484 120 0.516 0.251 -0.528 3 0.00 0.587 -0.528 0.0352 -0.5956
1744640666.086949 120 0.516 0.251 -0.528 3 0.00 0.587 -0.528 0.0352 -0.5956
1744640666.107736 120 0.516 0.251 -0.528 3 0.00 0.587 -0.528 0.0352 -0.5956
1744640666.108027 120 0.516 0.251 -0.528 3 0.00 0.587 -0.528 0.0353 -0.5956
1744640666.1084 120 0.516 0.251 -0.528 3 0.00 0.587 -0.528 0.0353 -0.5956
1744640666.108611 120 0.516 0.251 -0.528 3 0.00 0.587 -0.528 0.0354 -0.5956
1744640666.17119 120 0.516 0.251 -0.528 3 0.00 0.587 -0.528 0.0354 -0.5956
1744640666.171457 120 0.516 0.251 -0.528 3 0.00 0.587 -0.528 0.0354 -0.5956
1744640666.171736 120 0.516 0.251 -0.528 3 0.00 0.587 -0.528 0.0354 -0.5956
1744640666.172106 120 0.516 0.251 -0.528 3 0.00 0.587 -0.528 0.0354 -0.5956
1744640666.172319 120 0.516 0.251 -0.528 3 0.00 0.587 -0.528 0.0355 -0.5956
1744640666.172752 120 0.516 0.251 -0.528 3 0.00 0.587 -0.528 0.0355 -0.5956
1744640666.173381 120 0.516 0.251 -0.528 3 0.00 0.587 -0.528 0.0355 -0.5956
1744640666.1828558 120 0.516 0.251 -0.528 3 0.00 0.587 -0.528 0.0356 -0.5956
1744640666.183163 120 0.516 0.251 -0.528 3 0.00 0.587 -0.528 0.0356 -0.5956
1744640666.1833699 120 0.516 0.251 -0.528 3 0.00 0.587 -0.528 0.0356 -0.5956
1744640666.183785 120 0.516 0.251 -0.528 3 0.00 0.587 -0.528 0.0356 -0.5956
1744640666.184078 120 0.516 0.251 -0.528 3 0.00 0.587 -0.528 0.0356 -0.5956
1744640666.1991382 120 0.516 0.251 -0.528 3 0.00 0.587 -0.528 0.0357 -0.5956
1744640666.209822 120 0.516 0.251 -0.528 3 0.00 0.587 -0.528 0.0357 -0.5956
1744640666.21003 120 0.516 0.251 -0.528 3 0.00 0.587 -0.528 0.0357 -0.5956
1744640666.210413 120 0.516 0.251 -0.528 3 0.00 0.587 -0.528 0.0357 -0.5956
1744640666.210606 120 0.516 0.251 -0.528 3 0.00 0.587 -0.528 0.0357 -0.5956
1744640666.223455 120 0.516 0.251 -0.528 3 0.00 0.588 -0.528 0.0358 -0.5956
1744640666.223792 120 0.516 0.251 -0.528 3 0.00 0.588 -0.528 0.0358 -0.5956
1744640666.244975 120 0.516 0.251 -0.528 3 0.00 0.588 -0.528 0.0358 -0.5956
1744640666.245698 120 0.516 0.251 -0.528 3 0.00 0.588 -0.528 0.0358 -0.5956
1744640666.245949 120 0.516 0.251 -0.528 3 0.00 0.588 -0.528 0.0358 -0.5956
1744640666.2712572 120 0.516 0.251 -0.528 3 0.00 0.588 -0.528 0.0359 -0.5956
1744640666.27165 120 0.516 0.251 -0.528 3 0.00 0.588 -0.528 0.0359 -0.5956
1744640666.2718651 120 0.516 0.251 -0.528 3 0.00 0.588 -0.528 0.0359 -0.5956
1744640666.2869701 120 0.516 0.251 -0.528 3 0.00 0.588 -0.528 0.0359 -0.5956
1744640666.287223 120 0.516 0.251 -0.528 3 0.00 0.588 -0.528 0.0359 -0.5956
1744640666.2874901 120 0.516 0.251 -0.528 3 0.00 0.588 -0.528 0.0360 -0.5956
1744640666.287838 120 0.516 0.251 -0.528 3 0.00 0.588 -0.528 0.0360 -0.5956
1744640666.308049 120 0.516 0.251 -0.528 3 0.00 0.588 -0.528 0.0360 -0.5956
1744640666.308495 120 0.516 0.251 -0.528 3 0.00 0.588 -0.528 0.0360 -0.5956
1744640666.308745 120 0.516 0.251 -0.528 3 0.00 0.588 -0.528 0.0360 -0.5956
1744640666.3090692 120 0.516 0.251 -0.528 3 0.00 0.588 -0.528 0.0360 -0.5956
1744640666.3311129 120 0.516 0.251 -0.528 3 0.00 0.588 -0.528 0.0360 -0.5956
1744640666.331328 120 0.516 0.251 -0.528 3 0.00 0.588 -0.528 0.0361 -0.5956
1744640666.331747 120 0.516 0.251 -0.528 3 0.00 0.588 -0.528 0.0361 -0.5956
1744640666.3478231 120 0.516 0.251 -0.528 3 0.00 0.588 -0.528 0.0361 -0.5956
1744640666.3485508 120 0.516 0.251 -0.528 3 0.00 0.588 -0.528 0.0361 -0.5956
1744640666.3488882 120 0.516 0.251 -0.528 3 0.00 0.588 -0.528 0.0361 -0.5956
1744640666.349099 120 0.516 0.251 -0.528 3 0.00 0.588 -0.528 0.0361 -0.5956
1744640666.428278 120 0.516 0.251 -0.528 3 0.00 0.588 -0.528 0.0361 -0.5956
1744640666.428583 120 0.516 0.251 -0.528 3 0.00 0.588 -0.528 0.0361 -0.5956
1744640666.428886 120 0.516 0.251 -0.528 3 0.00 0.588 -0.528 0.0361 -0.5956
1744640666.429214 120 0.516 0.251 -0.528 3 0.00 0.588 -0.528 0.0361 -0.5956
1744640666.4294322 120 0.516 0.251 -0.528 3 0.00 0.588 -0.528 0.0361 -0.5956
1744640666.429924 120 0.516 0.251 -0.528 3 0.00 0.588 -0.528 0.0361 -0.5956
1744640666.430176 120 0.516 0.251 -0.528 3 0.00 0.588 -0.528 0.0361 -0.5956
1744640666.430445 120 0.516 0.251 -0.528 3 0.00 0.588 -0.528 0.0361 -0.5956
1744640666.430814 120 0.516 0.251 -0.528 3 0.00 0.588 -0.528 0.0361 -0.5956
1744640666.431021 120 0.516 0.251 -0.528 3 0.00 0.588 -0.528 0.0361 -0.5956
1744640666.4314518 120 0.516 0.251 -0.528 3 0.00 0.588 -0.528 0.0361 -0.5956
1744640666.437191 120 0.516 0.251 -0.528 3 0.00 0.588 -0.528 0.0361 -0.5956
1744640666.43747 120 0.516 0.251 -0.528 3 0.00 0.588 -0.528 0.0362 -0.5956
1744640666.437834 120 0.516 0.251 -0.528 3 0.00 0.588 -0.528 0.0362 -0.5956
1744640666.438039 120 0.516 0.251 -0.528 3 0.00 0.588 -0.528 0.0362 -0.5956
1744640666.488032 120 0.516 0.251 -0.528 3 0.00 0.588 -0.528 0.0362 -0.5956
1744640666.488325 120 0.516 0.251 -0.528 3 0.00 0.588 -0.528 0.0362 -0.5956
1744640666.488658 120 0.516 0.251 -0.528 3 0.00 0.588 -0.528 0.0362 -0.5956
1744640666.488968 120 0.516 0.251 -0.528 3 0.00 0.588 -0.528 0.0362 -0.5956
1744640666.489173 120 0.516 0.251 -0.528 3 0.00 0.588 -0.528 0.0362 -0.5956
1744640666.489596 120 0.516 0.251 -0.528 3 0.00 0.588 -0.528 0.0362 -0.5956
1744640666.489889 120 0.516 0.251 -0.528 3 0.00 0.588 -0.528 0.0362 -0.5956
1744640666.5049229 120 0.516 0.251 -0.528 3 0.00 0.588 -0.528 0.0362 -0.5956
1744640666.5052412 120 0.516 0.251 -0.528 3 0.00 0.588 -0.528 0.0362 -0.5956
1744640666.505454 120 0.516 0.251 -0.528 3 0.00 0.588 -0.528 0.0362 -0.5956
1744640666.534632 120 0.516 0.251 -0.528 3 0.00 0.588 -0.528 0.0362 -0.5956
1744640666.534892 120 0.516 0.251 -0.528 3 0.00 0.588 -0.528 0.0362 -0.5956
1744640666.535172 120 0.516 0.251 -0.528 3 0.00 0.588 -0.528 0.0362 -0.5956
1744640666.5354738 120 0.516 0.251 -0.528 3 0.00 0.588 -0.528 0.0362 -0.5956
1744640666.600959 120 0.516 0.251 -0.528 3 0.00 0.588 -0.528 0.0362 -0.5956
1744640666.601526 120 0.516 0.251 -0.528 3 0.00 0.588 -0.528 0.0362 -0.5956
1744640666.6017768 120 0.516 0.251 -0.528 3 0.00 0.588 -0.528 0.0362 -0.5956
1744640666.6020439 120 0.516 0.251 -0.528 3 0.00 0.588 -0.528 0.0362 -0.5956
1744640666.602392 120 0.516 0.251 -0.528 3 0.00 0.588 -0.528 0.0362 -0.5956
1744640666.6025898 120 0.516 0.251 -0.528 3 0.00 0.588 -0.528 0.0362 -0.5956
1744640666.602992 120 0.516 0.251 -0.528 3 0.00 0.588 -0.528 0.0362 -0.5956
1744640666.603358 120 0.516 0.251 -0.528 3 0.00 0.588 -0.528 0.0362 -0.5956
1744640666.6040058 120 0.516 0.251 -0.528 3 0.00 0.588 -0.528 0.0362 -0.5956
% 1744640666.6040928 robobot/cmd/ti/rc 0.0 0.0
% 1744640666.604407 robobot/cmd/T0/leds 16 0 0 0
1744640666.604799 120 0.516 0.251 -0.528 3 0.00 0.588 -0.528 0.0362 -0.5956
1744640666.60501 120 0.516 0.251 -0.528 3 0.00 0.588 -0.528 0.0362 -0.5956
1744640666.611874 120 0.516 0.251 -0.528 3 0.00 0.588 -0.528 0.0362 -0.5956
1744640666.612152 120 0.516 0.251 -0.528 3 0.00 0.588 -0.528 0.0362 -0.5956
1744640666.612489 120 0.516 0.251 -0.528 3 0.00 0.588 -0.528 0.0362 -0.5956
1744640666.630038 120 0.516 0.251 -0.528 3 0.00 0.588 -0.528 0.0362 -0.5956
1744640666.6301172 120 0.516 0.251 -0.528 3 0.00 0.588 -0.528 0.0362 -0.5956
1744640666.630246 120 0.516 0.251 -0.528 3 0.00 0.588 -0.528 0.0362 -0.5956
1744640666.644398 120 0.516 0.251 -0.528 3 0.00 0.588 -0.528 0.0362 -0.5956
1744640666.644497 120 0.516 0.251 -0.528 3 0.00 0.588 -0.528 0.0362 -0.5956
1744640666.667367 120 0.516 0.251 -0.528 3 0.00 0.588 -0.528 0.0362 -0.5956
1744640666.667476 120 0.516 0.251 -0.528 3 0.00 0.588 -0.528 0.0362 -0.5956
1744640666.667673 120 0.516 0.251 -0.528 3 0.00 0.588 -0.528 0.0362 -0.5956
1744640666.6854458 120 0.516 0.251 -0.528 3 0.00 0.588 -0.528 0.0362 -0.5956
1744640666.685599 120 0.516 0.251 -0.528 3 0.00 0.588 -0.528 0.0362 -0.5956
1744640666.685757 120 0.516 0.251 -0.528 3 0.00 0.588 -0.528 0.0362 -0.5956
1744640666.685865 120 0.516 0.251 -0.528 3 0.00 0.588 -0.528 0.0362 -0.5956
1744640666.704984 120 0.516 0.251 -0.528 4 0.00 0.588 -0.528 0.0362 -0.5956
1744640666.7050729 120 0.516 0.251 -0.528 4 0.00 0.588 -0.528 0.0362 -0.5956
1744640666.705162 120 0.516 0.251 -0.528 4 0.00 0.588 -0.528 0.0362 -0.5956
1744640666.705769 120 0.516 0.251 -0.528 4 0.00 0.588 -0.528 0.0362 -0.5956
% 1744640666.710936 robobot/cmd/ti/rc 0 0
1744640666.7304802 120 0.516 0.251 -0.528 4 0.00 0.588 -0.528 0.0362 -0.5956
1744640666.730747 120 0.516 0.251 -0.528 4 0.00 0.588 -0.528 0.0362 -0.5956
1744640666.7353332 120 0.516 0.251 -0.528 4 0.00 0.588 -0.528 0.0362 -0.5956
1744640666.735434 120 0.516 0.251 -0.528 4 0.00 0.588 -0.528 0.0362 -0.5956
1744640666.735553 120 0.516 0.251 -0.528 4 0.00 0.588 -0.528 0.0362 -0.5956
1744640666.756848 120 0.516 0.251 -0.528 4 0.00 0.588 -0.528 0.0362 -0.5956
1744640666.75702 120 0.516 0.251 -0.528 4 0.00 0.588 -0.528 0.0362 -0.5956
1744640666.757118 120 0.516 0.251 -0.528 4 0.00 0.588 -0.528 0.0362 -0.5956
1744640666.772131 120 0.516 0.251 -0.528 4 0.00 0.588 -0.528 0.0362 -0.5956
1744640666.772406 120 0.516 0.251 -0.528 4 0.00 0.588 -0.528 0.0362 -0.5956
1744640666.772531 120 0.516 0.251 -0.528 4 0.00 0.588 -0.528 0.0362 -0.5956
1744640666.788361 120 0.516 0.251 -0.528 4 0.00 0.588 -0.528 0.0362 -0.5956
1744640666.78856 120 0.516 0.251 -0.528 4 0.00 0.588 -0.528 0.0362 -0.5956
1744640666.7887301 120 0.516 0.251 -0.528 4 0.00 0.588 -0.528 0.0362 -0.5956
1744640666.796989 120 0.516 0.251 -0.528 4 0.00 0.588 -0.528 0.0362 -0.5956
1744640666.797207 120 0.516 0.251 -0.528 4 0.00 0.588 -0.528 0.0362 -0.5956
1744640666.825695 120 0.516 0.251 -0.528 4 0.00 0.588 -0.528 0.0362 -0.5956
1744640666.82596 120 0.516 0.251 -0.528 4 0.00 0.588 -0.528 0.0362 -0.5956
1744640666.826238 120 0.516 0.251 -0.528 4 0.00 0.588 -0.528 0.0362 -0.5956
1744640666.8266711 120 0.516 0.251 -0.528 4 0.00 0.588 -0.528 0.0362 -0.5956
1744640666.8328378 120 0.516 0.251 -0.528 4 0.00 0.588 -0.528 0.0362 -0.5956
1744640666.856148 120 0.516 0.251 -0.528 4 0.00 0.588 -0.528 0.0362 -0.5956
1744640666.8564951 120 0.516 0.251 -0.528 4 0.00 0.588 -0.528 0.0362 -0.5956
1744640666.8882968 120 0.516 0.251 -0.528 4 0.00 0.588 -0.528 0.0362 -0.5956
1744640666.888727 120 0.516 0.251 -0.528 4 0.00 0.588 -0.528 0.0362 -0.5956
1744640666.888878 120 0.516 0.251 -0.528 4 0.00 0.588 -0.528 0.0362 -0.5956
1744640666.911214 120 0.516 0.251 -0.528 4 0.00 0.588 -0.528 0.0362 -0.5956
1744640666.911538 120 0.516 0.251 -0.528 4 0.00 0.588 -0.528 0.0362 -0.5956
1744640666.911746 120 0.516 0.251 -0.528 4 0.00 0.588 -0.528 0.0362 -0.5956
1744640666.912163 120 0.516 0.251 -0.528 4 0.00 0.588 -0.528 0.0362 -0.5956
1744640666.912309 120 0.516 0.251 -0.528 4 0.00 0.588 -0.528 0.0362 -0.5956
1744640666.912726 120 0.516 0.251 -0.528 4 0.00 0.588 -0.528 0.0362 -0.5956
1744640666.913023 120 0.516 0.251 -0.528 4 0.00 0.588 -0.528 0.0362 -0.5956
1744640666.913564 120 0.516 0.251 -0.528 4 0.00 0.588 -0.528 0.0362 -0.5956
1744640666.927233 120 0.516 0.251 -0.528 4 0.00 0.588 -0.528 0.0362 -0.5956
1744640666.9273322 120 0.516 0.251 -0.528 4 0.00 0.588 -0.528 0.0362 -0.5956
1744640666.927755 120 0.516 0.251 -0.528 4 0.00 0.588 -0.528 0.0362 -0.5956
1744640666.950582 120 0.516 0.251 -0.528 4 0.00 0.588 -0.528 0.0362 -0.5956
1744640666.9507 120 0.516 0.251 -0.528 4 0.00 0.588 -0.528 0.0362 -0.5956
1744640666.950894 120 0.516 0.251 -0.528 4 0.00 0.588 -0.528 0.0362 -0.5956
1744640666.950971 120 0.516 0.251 -0.528 4 0.00 0.588 -0.528 0.0362 -0.5956
1744640666.9765272 120 0.516 0.251 -0.528 4 0.00 0.588 -0.528 0.0362 -0.5956
1744640666.9768288 120 0.516 0.251 -0.528 4 0.00 0.588 -0.528 0.0362 -0.5956
1744640666.9770281 120 0.516 0.251 -0.528 4 0.00 0.588 -0.528 0.0362 -0.5956
1744640667.0117629 120 0.516 0.251 -0.528 4 0.00 0.588 -0.528 0.0362 -0.5956
1744640667.011919 120 0.516 0.251 -0.528 4 0.00 0.588 -0.528 0.0362 -0.5956
1744640667.012388 120 0.516 0.251 -0.528 4 0.00 0.588 -0.528 0.0362 -0.5956
1744640667.012684 120 0.516 0.251 -0.528 4 0.00 0.588 -0.528 0.0362 -0.5956
1744640667.017026 120 0.516 0.251 -0.528 4 0.00 0.588 -0.528 0.0362 -0.5956
1744640667.01751 120 0.516 0.251 -0.528 4 0.00 0.588 -0.528 0.0362 -0.5956
1744640667.017601 120 0.516 0.251 -0.528 4 0.00 0.588 -0.528 0.0362 -0.5956
1744640667.03142 120 0.516 0.251 -0.528 4 0.00 0.588 -0.528 0.0362 -0.5956
1744640667.031724 120 0.516 0.251 -0.528 4 0.00 0.588 -0.528 0.0362 -0.5956
1744640667.031923 120 0.516 0.251 -0.528 4 0.00 0.588 -0.528 0.0362 -0.5956
1744640667.076056 120 0.516 0.251 -0.528 4 0.00 0.588 -0.528 0.0362 -0.5956
1744640667.076208 120 0.516 0.251 -0.528 4 0.00 0.588 -0.528 0.0362 -0.5956
1744640667.076637 120 0.516 0.251 -0.528 4 0.00 0.588 -0.528 0.0362 -0.5956
1744640667.076931 120 0.516 0.251 -0.528 4 0.00 0.588 -0.528 0.0362 -0.5956
1744640667.086705 120 0.516 0.251 -0.528 4 0.00 0.588 -0.528 0.0362 -0.5956
1744640667.08706 120 0.516 0.251 -0.528 4 0.00 0.588 -0.528 0.0362 -0.5956
1744640667.087202 120 0.516 0.251 -0.528 4 0.00 0.588 -0.528 0.0362 -0.5956
1744640667.123997 120 0.516 0.251 -0.528 4 0.00 0.588 -0.528 0.0362 -0.5956
1744640667.124345 120 0.516 0.251 -0.528 4 0.00 0.588 -0.528 0.0362 -0.5956
1744640667.124544 120 0.516 0.251 -0.528 4 0.00 0.588 -0.528 0.0362 -0.5956
1744640667.125195 120 0.516 0.251 -0.528 4 0.00 0.588 -0.528 0.0362 -0.5956
1744640667.1253388 120 0.516 0.251 -0.528 4 0.00 0.588 -0.528 0.0362 -0.5956
1744640667.125792 120 0.516 0.251 -0.528 4 0.00 0.588 -0.528 0.0362 -0.5956
1744640667.126082 120 0.516 0.251 -0.528 4 0.00 0.588 -0.528 0.0362 -0.5956
1744640667.1262772 120 0.516 0.251 -0.528 4 0.00 0.588 -0.528 0.0362 -0.5956
1744640667.175638 120 0.516 0.251 -0.528 4 0.00 0.588 -0.528 0.0362 -0.5956
1744640667.175789 120 0.516 0.251 -0.528 4 0.00 0.588 -0.528 0.0362 -0.5956
1744640667.176258 120 0.516 0.251 -0.528 4 0.00 0.588 -0.528 0.0362 -0.5956
1744640667.176565 120 0.516 0.251 -0.528 4 0.00 0.588 -0.528 0.0362 -0.5956
1744640667.176764 120 0.516 0.251 -0.528 4 0.00 0.588 -0.528 0.0362 -0.5956
1744640667.177165 120 0.516 0.251 -0.528 4 0.00 0.588 -0.528 0.0362 -0.5956
1744640667.1773062 120 0.516 0.251 -0.528 4 0.00 0.588 -0.528 0.0362 -0.5956
1744640667.1777122 120 0.516 0.251 -0.528 4 0.00 0.588 -0.528 0.0362 -0.5956
1744640667.177999 120 0.516 0.251 -0.528 4 0.00 0.588 -0.528 0.0362 -0.5956
1744640667.178197 120 0.516 0.251 -0.528 4 0.00 0.588 -0.528 0.0362 -0.5956
% 1744640667.190324 robobot/cmd/ti/rc 0 0.25
1744640667.201375 120 0.516 0.251 -0.528 5 0.00 0.588 -0.528 0.0362 -0.5956
1744640667.2014651 120 0.516 0.251 -0.528 5 0.00 0.588 -0.528 0.0362 -0.5956
1744640667.201684 120 0.516 0.251 -0.528 5 0.00 0.588 -0.528 0.0362 -0.5956
1744640667.209592 120 0.516 0.251 -0.528 5 0.00 0.588 -0.528 0.0362 -0.5956
1744640667.209753 120 0.516 0.251 -0.528 5 0.00 0.588 -0.528 0.0362 -0.5956
1744640667.253837 120 0.516 0.251 -0.528 5 0.00 0.588 -0.528 0.0362 -0.5956
1744640667.2540538 120 0.516 0.251 -0.528 5 0.00 0.588 -0.528 0.0362 -0.5956
1744640667.254508 120 0.516 0.251 -0.527 5 0.00 0.588 -0.527 0.0362 -0.5945
1744640667.259233 120 0.516 0.251 -0.527 5 0.00 0.588 -0.527 0.0362 -0.5945
1744640667.25948 120 0.516 0.251 -0.526 5 0.00 0.588 -0.526 0.0362 -0.5933
1744640667.259925 120 0.516 0.251 -0.526 5 0.00 0.588 -0.526 0.0362 -0.5933
1744640667.2600179 120 0.516 0.251 -0.526 5 0.00 0.588 -0.526 0.0362 -0.5933
1744640667.261729 120 0.516 0.251 -0.525 5 0.00 0.588 -0.525 0.0362 -0.5921
1744640667.273109 120 0.516 0.251 -0.525 5 0.00 0.588 -0.525 0.0362 -0.5921
1744640667.2732658 120 0.516 0.251 -0.525 5 0.00 0.588 -0.525 0.0362 -0.5921
1744640667.289207 120 0.516 0.251 -0.525 5 0.00 0.588 -0.525 0.0362 -0.5921
1744640667.289356 120 0.516 0.251 -0.525 5 0.00 0.588 -0.525 0.0362 -0.5921
1744640667.290197 120 0.516 0.251 -0.525 5 0.00 0.588 -0.525 0.0362 -0.5921
1744640667.356551 120 0.516 0.251 -0.525 5 0.00 0.588 -0.525 0.0362 -0.5921
1744640667.3567271 120 0.516 0.251 -0.525 5 0.00 0.588 -0.525 0.0362 -0.5921
1744640667.3573492 120 0.516 0.251 -0.525 5 0.00 0.588 -0.525 0.0362 -0.5921
1744640667.357447 120 0.516 0.251 -0.525 5 0.00 0.588 -0.525 0.0362 -0.5921
1744640667.357871 120 0.516 0.251 -0.524 5 0.00 0.588 -0.524 0.0362 -0.5910
1744640667.358173 120 0.516 0.251 -0.524 5 0.00 0.588 -0.524 0.0362 -0.5910
1744640667.3583732 120 0.516 0.251 -0.524 5 0.00 0.588 -0.524 0.0362 -0.5910
1744640667.358774 120 0.516 0.251 -0.523 5 0.00 0.588 -0.523 0.0362 -0.5898
1744640667.3589141 120 0.516 0.251 -0.523 5 0.00 0.588 -0.523 0.0362 -0.5898
1744640667.3773608 120 0.516 0.251 -0.522 5 0.00 0.588 -0.522 0.0362 -0.5887
1744640667.377679 120 0.516 0.251 -0.522 5 0.00 0.588 -0.522 0.0362 -0.5887
1744640667.377939 120 0.516 0.251 -0.520 5 0.00 0.588 -0.520 0.0362 -0.5875
1744640667.378294 120 0.515 0.251 -0.519 5 0.00 0.588 -0.519 0.0362 -0.5864
1744640667.378439 120 0.515 0.251 -0.519 5 0.00 0.588 -0.519 0.0362 -0.5864
1744640667.3979468 120 0.515 0.251 -0.517 5 0.00 0.588 -0.517 0.0362 -0.5840
1744640667.398304 120 0.515 0.251 -0.516 5 0.00 0.588 -0.516 0.0361 -0.5829
1744640667.398514 120 0.515 0.251 -0.516 5 0.00 0.588 -0.516 0.0361 -0.5829
1744640667.4421241 120 0.515 0.251 -0.512 5 0.00 0.588 -0.512 0.0359 -0.5794
1744640667.442285 120 0.515 0.251 -0.512 5 0.00 0.588 -0.512 0.0359 -0.5794
1744640667.4427688 120 0.515 0.251 -0.510 5 0.00 0.588 -0.510 0.0359 -0.5771
1744640667.4430778 120 0.515 0.251 -0.508 5 0.00 0.587 -0.508 0.0357 -0.5748
1744640667.443285 120 0.515 0.251 -0.505 5 0.00 0.587 -0.505 0.0357 -0.5725
1744640667.44365 120 0.515 0.252 -0.502 5 0.00 0.587 -0.502 0.0355 -0.5690
1744640667.443795 120 0.515 0.252 -0.502 5 0.00 0.587 -0.502 0.0355 -0.5690
1744640667.4777422 120 0.515 0.252 -0.500 5 0.00 0.587 -0.500 0.0355 -0.5667
1744640667.4780369 120 0.515 0.252 -0.497 5 0.00 0.587 -0.497 0.0354 -0.5644
1744640667.478239 120 0.515 0.251 -0.496 5 0.00 0.587 -0.496 0.0354 -0.5632
1744640667.4787042 120 0.515 0.251 -0.493 5 0.00 0.587 -0.493 0.0354 -0.5598
1744640667.478795 120 0.515 0.251 -0.493 5 0.00 0.587 -0.493 0.0354 -0.5598
1744640667.479202 120 0.515 0.251 -0.487 5 0.00 0.587 -0.487 0.0354 -0.5540
1744640667.479823 120 0.515 0.251 -0.485 5 0.00 0.587 -0.485 0.0355 -0.5517
1744640667.505891 120 0.515 0.252 -0.483 5 0.00 0.587 -0.483 0.0355 -0.5505
1744640667.506397 120 0.515 0.251 -0.481 5 0.00 0.587 -0.481 0.0355 -0.5482
1744640667.5064871 120 0.515 0.251 -0.481 5 0.00 0.587 -0.481 0.0355 -0.5482
1744640667.506902 120 0.515 0.251 -0.478 5 0.00 0.587 -0.478 0.0355 -0.5447
1744640667.5238342 120 0.516 0.251 -0.475 5 0.00 0.587 -0.475 0.0355 -0.5424
1744640667.524278 120 0.516 0.251 -0.474 5 0.00 0.587 -0.474 0.0355 -0.5413
1744640667.52468 120 0.516 0.251 -0.472 5 0.00 0.587 -0.472 0.0357 -0.5389
1744640667.524768 120 0.516 0.251 -0.472 5 0.00 0.587 -0.472 0.0357 -0.5389
1744640667.561298 120 0.516 0.251 -0.468 5 0.00 0.587 -0.468 0.0357 -0.5355
1744640667.5614872 120 0.516 0.251 -0.465 5 0.00 0.588 -0.465 0.0359 -0.5320
1744640667.561583 120 0.516 0.251 -0.463 5 0.00 0.588 -0.463 0.0359 -0.5297
1744640667.561745 120 0.516 0.251 -0.459 5 0.00 0.588 -0.459 0.0360 -0.5262
1744640667.56181 120 0.516 0.251 -0.459 5 0.00 0.588 -0.459 0.0360 -0.5262
1744640667.562027 120 0.516 0.251 -0.458 5 0.00 0.588 -0.458 0.0360 -0.5251
1744640667.581335 120 0.515 0.251 -0.456 5 0.00 0.588 -0.456 0.0359 -0.5228
1744640667.581447 120 0.515 0.251 -0.455 5 0.00 0.588 -0.455 0.0359 -0.5216
1744640667.60121 120 0.515 0.252 -0.452 5 0.00 0.587 -0.452 0.0357 -0.5193
1744640667.601304 120 0.515 0.252 -0.452 5 0.00 0.587 -0.452 0.0357 -0.5193
1744640667.601789 120 0.515 0.252 -0.451 5 0.00 0.587 -0.451 0.0357 -0.5181
1744640667.660463 120 0.515 0.252 -0.451 5 0.00 0.587 -0.451 0.0355 -0.5181
1744640667.660627 120 0.515 0.252 -0.451 5 0.00 0.587 -0.451 0.0355 -0.5181
1744640667.661101 120 0.515 0.252 -0.450 5 0.00 0.587 -0.450 0.0353 -0.5170
1744640667.661189 120 0.515 0.252 -0.450 5 0.00 0.587 -0.450 0.0353 -0.5170
1744640667.661603 120 0.515 0.252 -0.450 5 0.00 0.587 -0.450 0.0353 -0.5170
1744640667.661961 120 0.515 0.251 -0.449 5 0.00 0.587 -0.449 0.0352 -0.5158
1744640667.6621099 120 0.515 0.251 -0.449 5 0.00 0.587 -0.449 0.0352 -0.5158
1744640667.718495 120 0.515 0.251 -0.445 5 0.00 0.587 -0.445 0.0351 -0.5123
1744640667.7185931 120 0.515 0.251 -0.445 5 0.00 0.587 -0.445 0.0351 -0.5123
1744640667.719021 120 0.515 0.251 -0.440 5 0.00 0.587 -0.440 0.0351 -0.5066
1744640667.7193239 120 0.515 0.251 -0.437 5 0.00 0.587 -0.437 0.0353 -0.5042
1744640667.719585 120 0.515 0.251 -0.435 5 0.00 0.587 -0.435 0.0353 -0.5019
1744640667.7203252 120 0.515 0.251 -0.434 5 0.00 0.587 -0.434 0.0356 -0.5008
1744640667.720413 120 0.515 0.251 -0.434 5 0.00 0.587 -0.434 0.0356 -0.5008
1744640667.720824 120 0.515 0.251 -0.432 5 0.00 0.587 -0.432 0.0356 -0.4996
1744640667.7212281 120 0.515 0.251 -0.432 5 0.00 0.587 -0.432 0.0357 -0.4996
1744640667.7213728 120 0.515 0.251 -0.431 5 0.00 0.587 -0.431 0.0357 -0.4985
1744640667.7217789 120 0.516 0.251 -0.430 5 0.00 0.587 -0.430 0.0357 -0.4973
1744640667.721864 120 0.516 0.251 -0.430 5 0.00 0.587 -0.430 0.0357 -0.4973
1744640667.743722 120 0.516 0.251 -0.430 5 0.00 0.587 -0.430 0.0357 -0.4973
1744640667.743913 120 0.516 0.251 -0.429 5 0.00 0.588 -0.429 0.0358 -0.4962
1744640667.743989 120 0.516 0.251 -0.429 5 0.00 0.588 -0.429 0.0358 -0.4962
1744640667.749846 120 0.516 0.251 -0.429 5 0.00 0.588 -0.429 0.0358 -0.4962
1744640667.7499142 120 0.516 0.251 -0.429 5 0.00 0.588 -0.429 0.0358 -0.4962
1744640667.75021 120 0.516 0.251 -0.428 5 0.00 0.588 -0.428 0.0358 -0.4950
1744640667.7503989 120 0.516 0.251 -0.428 5 0.00 0.588 -0.428 0.0358 -0.4950
1744640667.750475 120 0.516 0.251 -0.428 5 0.00 0.588 -0.428 0.0358 -0.4950
% 1744640667.853089 robobot/cmd/ti/rc 0 0.25
% 1744640667.8531158 robobot/cmd/ti/rc 0 0
% 1744640667.8531709 robobot/cmd/T0/leds 16 0 100 0
% 1744640667.8532228 robobot/cmd/ti/rc 0.0 0.80
1744640667.862704 120 0.516 0.251 -0.428 6 0.00 0.588 -0.428 0.0001 0.0000
1744640667.86274 120 0.516 0.251 -0.428 6 0.00 0.588 -0.428 0.0001 0.0000
1744640667.8628721 120 0.516 0.251 -0.427 6 0.00 0.588 -0.427 0.0001 0.0012
1744640667.863612 120 0.516 0.251 -0.427 6 0.00 0.588 -0.427 0.0001 0.0012
1744640667.863652 120 0.516 0.251 -0.426 6 0.00 0.588 -0.426 0.0001 0.0023
1744640667.863768 120 0.515 0.251 -0.424 6 0.00 0.588 -0.424 0.0001 0.0035
1744640667.8637922 120 0.515 0.251 -0.424 6 0.00 0.588 -0.424 0.0001 0.0035
1744640667.866457 120 0.515 0.251 -0.424 6 0.00 0.588 -0.424 0.0001 0.0035
1744640667.866546 120 0.515 0.251 -0.423 6 0.00 0.588 -0.423 0.0002 0.0046
1744640667.866595 120 0.515 0.251 -0.422 6 0.00 0.588 -0.422 0.0002 0.0058
1744640667.8667588 120 0.515 0.251 -0.421 6 0.00 0.588 -0.421 0.0001 0.0069
1744640667.866789 120 0.515 0.251 -0.421 6 0.00 0.588 -0.421 0.0001 0.0069
1744640667.866903 120 0.515 0.252 -0.420 6 0.00 0.588 -0.420 0.0001 0.0081
1744640667.920789 120 0.515 0.252 -0.420 6 0.00 0.588 -0.420 0.0001 0.0081
1744640667.920864 120 0.515 0.252 -0.419 6 0.00 0.588 -0.419 0.0001 0.0093
1744640667.920972 120 0.515 0.252 -0.416 6 0.00 0.588 -0.416 -0.0001 0.0116
1744640667.920995 120 0.515 0.252 -0.416 6 0.00 0.588 -0.416 -0.0001 0.0116
1744640667.9245498 120 0.515 0.252 -0.414 6 0.00 0.588 -0.414 -0.0001 0.0139
1744640667.924628 120 0.515 0.252 -0.413 6 0.00 0.587 -0.413 -0.0003 0.0150
1744640667.9246788 120 0.515 0.252 -0.412 6 0.00 0.587 -0.412 -0.0003 0.0162
1744640667.9247801 120 0.515 0.252 -0.409 6 0.00 0.587 -0.409 -0.0005 0.0185
1744640667.9248052 120 0.515 0.252 -0.409 6 0.00 0.587 -0.409 -0.0005 0.0185
1744640667.924918 120 0.515 0.252 -0.406 6 0.00 0.587 -0.406 -0.0005 0.0220
1744640667.925007 120 0.515 0.252 -0.406 6 0.00 0.587 -0.406 -0.0006 0.0220
1744640667.925044 120 0.515 0.252 -0.404 6 0.00 0.587 -0.404 -0.0006 0.0243
1744640667.9251552 120 0.515 0.252 -0.401 6 0.00 0.587 -0.401 -0.0007 0.0266
1744640667.925178 120 0.515 0.252 -0.401 6 0.00 0.587 -0.401 -0.0007 0.0266
1744640667.925278 120 0.515 0.252 -0.396 6 0.00 0.587 -0.396 -0.0007 0.0324
1744640667.955223 120 0.515 0.252 -0.394 6 0.00 0.587 -0.394 -0.0007 0.0335
1744640667.9552672 120 0.515 0.252 -0.393 6 0.00 0.587 -0.393 -0.0007 0.0347
1744640667.955445 120 0.515 0.251 -0.391 6 0.00 0.587 -0.391 -0.0006 0.0370
1744640667.955483 120 0.515 0.251 -0.391 6 0.00 0.587 -0.391 -0.0006 0.0370
1744640667.968959 120 0.515 0.251 -0.389 6 0.00 0.587 -0.389 -0.0006 0.0393
1744640667.9690838 120 0.515 0.251 -0.386 6 0.00 0.587 -0.386 -0.0005 0.0416
1744640667.969152 120 0.515 0.251 -0.385 6 0.00 0.587 -0.385 -0.0005 0.0428
1744640667.983124 120 0.515 0.251 -0.381 6 0.00 0.587 -0.381 -0.0003 0.0474
1744640667.983156 120 0.515 0.251 -0.381 6 0.00 0.587 -0.381 -0.0003 0.0474
1744640667.983295 120 0.515 0.251 -0.376 6 0.00 0.587 -0.376 -0.0003 0.0520
1744640668.072705 120 0.515 0.251 -0.372 6 0.00 0.587 -0.372 -0.0002 0.0555
1744640668.072889 120 0.515 0.251 -0.371 6 0.00 0.587 -0.371 -0.0002 0.0567
1744640668.073333 120 0.515 0.251 -0.368 6 0.00 0.587 -0.368 -0.0002 0.0601
1744640668.0734248 120 0.515 0.251 -0.368 6 0.00 0.587 -0.368 -0.0002 0.0601
1744640668.07488 120 0.515 0.251 -0.364 6 0.00 0.587 -0.364 -0.0002 0.0636
1744640668.075238 120 0.516 0.251 -0.363 6 0.00 0.587 -0.363 -0.0002 0.0648
1744640668.075383 120 0.515 0.251 -0.362 6 0.00 0.587 -0.362 -0.0002 0.0659
1744640668.075795 120 0.515 0.251 -0.360 6 0.00 0.588 -0.360 -0.0001 0.0682
1744640668.0758872 120 0.515 0.251 -0.360 6 0.00 0.588 -0.360 -0.0001 0.0682
1744640668.076354 120 0.515 0.251 -0.358 6 0.00 0.588 -0.358 -0.0001 0.0694
1744640668.0770109 120 0.515 0.252 -0.357 6 0.00 0.588 -0.357 -0.0001 0.0706
1744640668.0771542 120 0.515 0.252 -0.356 6 0.00 0.588 -0.356 -0.0001 0.0717
1744640668.077599 120 0.515 0.252 -0.355 6 0.00 0.587 -0.355 -0.0002 0.0729
1744640668.077684 120 0.515 0.252 -0.355 6 0.00 0.587 -0.355 -0.0002 0.0729
1744640668.078082 120 0.515 0.252 -0.353 6 0.00 0.587 -0.353 -0.0002 0.0752
1744640668.093643 120 0.514 0.252 -0.350 6 0.00 0.587 -0.350 -0.0003 0.0775
1744640668.093857 120 0.515 0.252 -0.349 6 0.00 0.587 -0.349 -0.0003 0.0786
1744640668.094312 120 0.515 0.252 -0.346 6 0.00 0.587 -0.346 -0.0005 0.0821
1744640668.0944 120 0.515 0.252 -0.346 6 0.00 0.587 -0.346 -0.0005 0.0821
1744640668.110828 120 0.515 0.252 -0.344 6 0.00 0.587 -0.344 -0.0005 0.0844
1744640668.111219 120 0.515 0.251 -0.341 6 0.00 0.587 -0.341 -0.0005 0.0867
1744640668.111424 120 0.515 0.251 -0.340 6 0.00 0.587 -0.340 -0.0005 0.0879
1744640668.143105 120 0.515 0.251 -0.339 6 0.00 0.587 -0.339 -0.0002 0.0891
1744640668.1432 120 0.515 0.251 -0.339 6 0.00 0.587 -0.339 -0.0002 0.0891
1744640668.1436229 120 0.516 0.251 -0.338 6 0.00 0.587 -0.338 -0.0002 0.0902
1744640668.152215 120 0.516 0.251 -0.338 6 0.00 0.588 -0.338 0.0000 0.0902
1744640668.152368 120 0.516 0.251 -0.337 6 0.00 0.588 -0.337 0.0000 0.0914
1744640668.152965 120 0.516 0.251 -0.335 6 0.00 0.588 -0.335 0.0002 0.0925
1744640668.1530519 120 0.516 0.251 -0.335 6 0.00 0.588 -0.335 0.0002 0.0925
1744640668.180305 120 0.516 0.251 -0.335 6 0.00 0.588 -0.335 0.0002 0.0925
1744640668.180662 120 0.516 0.251 -0.335 6 0.00 0.588 -0.335 0.0003 0.0925
1744640668.18081 120 0.516 0.251 -0.335 6 0.00 0.588 -0.335 0.0003 0.0925
1744640668.359188 120 0.516 0.251 -0.335 6 0.00 0.588 -0.335 0.0004 0.0925
1744640668.359343 120 0.516 0.251 -0.335 6 0.00 0.588 -0.335 0.0004 0.0925
1744640668.3596501 120 0.516 0.251 -0.335 6 0.00 0.588 -0.335 0.0004 0.0925
1744640668.3598368 120 0.516 0.251 -0.335 6 0.00 0.588 -0.335 0.0005 0.0925
1744640668.359916 120 0.516 0.251 -0.334 6 0.00 0.588 -0.334 0.0005 0.0937
1744640668.360266 120 0.516 0.251 -0.334 6 0.00 0.588 -0.334 0.0005 0.0937
1744640668.360331 120 0.516 0.251 -0.334 6 0.00 0.588 -0.334 0.0005 0.0937
1744640668.360605 120 0.515 0.251 -0.332 6 0.00 0.588 -0.332 0.0005 0.0960
1744640668.360783 120 0.515 0.251 -0.331 6 0.00 0.588 -0.331 0.0006 0.0972
1744640668.361074 120 0.515 0.251 -0.330 6 0.00 0.588 -0.330 0.0006 0.0983
1744640668.361294 120 0.515 0.251 -0.328 6 0.00 0.588 -0.328 0.0005 0.0995
1744640668.361335 120 0.515 0.251 -0.328 6 0.00 0.588 -0.328 0.0005 0.0995
1744640668.3615239 120 0.515 0.251 -0.326 6 0.00 0.588 -0.326 0.0005 0.1018
1744640668.433391 120 0.515 0.251 -0.326 6 0.00 0.588 -0.326 0.0003 0.1018
1744640668.433695 120 0.515 0.251 -0.326 6 0.00 0.588 -0.326 0.0003 0.1018
1744640668.434155 120 0.515 0.251 -0.324 6 0.00 0.588 -0.324 0.0001 0.1041
1744640668.4342568 120 0.515 0.251 -0.324 6 0.00 0.588 -0.324 0.0001 0.1041
1744640668.434703 120 0.515 0.251 -0.322 6 0.00 0.588 -0.322 0.0001 0.1064
1744640668.4351301 120 0.515 0.251 -0.322 6 0.00 0.588 -0.322 -0.0000 0.1064
1744640668.435252 120 0.515 0.251 -0.320 6 0.00 0.588 -0.320 -0.0000 0.1076
1744640668.436033 120 0.515 0.251 -0.319 6 0.00 0.587 -0.319 -0.0001 0.1087
1744640668.43611 120 0.515 0.251 -0.319 6 0.00 0.587 -0.319 -0.0001 0.1087
1744640668.4364522 120 0.515 0.251 -0.316 6 0.00 0.587 -0.316 -0.0001 0.1122
1744640668.436689 120 0.515 0.251 -0.315 6 0.00 0.587 -0.315 -0.0002 0.1133
1744640668.4367812 120 0.515 0.251 -0.315 6 0.00 0.587 -0.315 -0.0002 0.1133
1744640668.4370189 120 0.515 0.251 -0.311 6 0.00 0.587 -0.311 -0.0002 0.1168
1744640668.437069 120 0.515 0.251 -0.311 6 0.00 0.587 -0.311 -0.0002 0.1168
1744640668.437341 120 0.515 0.251 -0.309 6 0.00 0.587 -0.309 -0.0002 0.1191
1744640668.4375381 120 0.515 0.251 -0.308 6 0.00 0.587 -0.308 -0.0002 0.1203
1744640668.4376168 120 0.515 0.251 -0.305 6 0.00 0.587 -0.305 -0.0002 0.1226
1744640668.4378722 120 0.515 0.251 -0.302 6 0.00 0.587 -0.302 -0.0001 0.1261
1744640668.43792 120 0.515 0.251 -0.302 6 0.00 0.587 -0.302 -0.0001 0.1261
1744640668.4381518 120 0.515 0.251 -0.298 6 0.00 0.587 -0.298 -0.0001 0.1295
1744640668.438346 120 0.515 0.251 -0.297 6 0.00 0.588 -0.297 0.0000 0.1307
1744640668.438425 120 0.515 0.251 -0.296 6 0.00 0.588 -0.296 0.0000 0.1318
1744640668.4386828 120 0.515 0.251 -0.294 6 0.00 0.588 -0.294 0.0001 0.1342
1744640668.438731 120 0.515 0.251 -0.294 6 0.00 0.588 -0.294 0.0001 0.1342
1744640668.4389749 120 0.515 0.251 -0.290 6 0.00 0.588 -0.290 0.0001 0.1376
1744640668.4392052 120 0.515 0.251 -0.288 6 0.00 0.588 -0.288 0.0000 0.1399
1744640668.439316 120 0.515 0.251 -0.286 6 0.00 0.588 -0.286 0.0000 0.1423
1744640668.4396842 120 0.515 0.251 -0.280 6 0.00 0.588 -0.280 0.0000 0.1480
1744640668.439735 120 0.515 0.251 -0.280 6 0.00 0.588 -0.280 0.0000 0.1480
1744640668.450094 120 0.515 0.251 -0.276 6 0.00 0.588 -0.276 0.0000 0.1515
1744640668.4505332 120 0.515 0.251 -0.276 6 0.00 0.588 -0.276 0.0002 0.1515
1744640668.4506829 120 0.516 0.251 -0.275 6 0.00 0.588 -0.275 0.0002 0.1527
1744640668.4864771 120 0.516 0.251 -0.274 6 0.00 0.588 -0.274 0.0003 0.1538
1744640668.4866061 120 0.516 0.251 -0.274 6 0.00 0.588 -0.274 0.0003 0.1538
1744640668.487165 120 0.516 0.251 -0.273 6 0.00 0.588 -0.273 0.0003 0.1550
1744640668.4875321 120 0.516 0.251 -0.273 6 0.00 0.588 -0.273 0.0004 0.1550
1744640668.487682 120 0.516 0.251 -0.271 6 0.00 0.588 -0.271 0.0004 0.1573
1744640668.488097 120 0.515 0.251 -0.267 6 0.00 0.588 -0.267 0.0005 0.1608
1744640668.4881852 120 0.515 0.251 -0.267 6 0.00 0.588 -0.267 0.0005 0.1608
1744640668.488655 120 0.515 0.251 -0.259 6 0.00 0.588 -0.259 0.0005 0.1689
1744640668.526367 120 0.515 0.251 -0.256 6 0.00 0.588 -0.256 -0.0001 0.1723
1744640668.526538 120 0.515 0.251 -0.251 6 0.00 0.588 -0.251 -0.0001 0.1769
1744640668.527057 120 0.515 0.251 -0.246 6 0.00 0.587 -0.246 -0.0003 0.1816
1744640668.527151 120 0.515 0.251 -0.246 6 0.00 0.587 -0.246 -0.0003 0.1816
1744640668.557309 120 0.516 0.251 -0.245 6 0.00 0.587 -0.245 -0.0003 0.1827
1744640668.5578392 120 0.516 0.251 -0.242 6 0.00 0.587 -0.242 -0.0002 0.1862
1744640668.55801 120 0.516 0.251 -0.240 6 0.00 0.587 -0.240 -0.0002 0.1874
1744640668.5585039 120 0.516 0.251 -0.236 6 0.00 0.588 -0.236 -0.0000 0.1920
1744640668.558594 120 0.516 0.251 -0.236 6 0.00 0.588 -0.236 -0.0000 0.1920
1744640668.559016 120 0.516 0.251 -0.228 6 0.00 0.588 -0.228 -0.0000 0.2001
1744640668.578026 120 0.516 0.251 -0.223 6 0.00 0.588 -0.223 -0.0000 0.2047
1744640668.578261 120 0.515 0.251 -0.219 6 0.00 0.588 -0.219 -0.0000 0.2093
1744640668.578728 120 0.516 0.251 -0.213 6 0.00 0.587 -0.213 -0.0003 0.2151
1744640668.5788229 120 0.516 0.251 -0.213 6 0.00 0.587 -0.213 -0.0003 0.2151
1744640668.590185 120 0.516 0.251 -0.207 6 0.00 0.587 -0.207 -0.0003 0.2209
1744640668.5903811 120 0.516 0.251 -0.203 6 0.00 0.587 -0.203 -0.0002 0.2244
1744640668.590446 120 0.516 0.251 -0.199 6 0.00 0.587 -0.199 -0.0002 0.2290
1744640668.630306 120 0.516 0.251 -0.191 6 0.00 0.588 -0.191 -0.0000 0.2371
1744640668.6304069 120 0.516 0.251 -0.191 6 0.00 0.588 -0.191 -0.0000 0.2371
1744640668.638816 120 0.516 0.251 -0.182 6 0.00 0.588 -0.182 -0.0000 0.2463
1744640668.6393259 120 0.516 0.251 -0.178 6 0.00 0.587 -0.178 -0.0002 0.2498
1744640668.639487 120 0.516 0.251 -0.172 6 0.00 0.587 -0.172 -0.0002 0.2556
1744640668.6818528 120 0.516 0.251 -0.164 6 0.00 0.587 -0.164 -0.0002 0.2637
1744640668.682048 120 0.516 0.251 -0.164 6 0.00 0.587 -0.164 -0.0002 0.2637
1744640668.68265 120 0.516 0.251 -0.156 6 0.00 0.587 -0.156 -0.0002 0.2718
1744640668.6830301 120 0.516 0.251 -0.151 6 0.00 0.587 -0.151 -0.0001 0.2764
1744640668.683182 120 0.516 0.251 -0.146 6 0.00 0.587 -0.146 -0.0001 0.2822
1744640668.699161 120 0.516 0.251 -0.137 6 0.00 0.587 -0.137 -0.0001 0.2914
1744640668.699254 120 0.516 0.251 -0.137 6 0.00 0.587 -0.137 -0.0001 0.2914
1744640668.699724 120 0.516 0.251 -0.127 6 0.00 0.587 -0.127 -0.0001 0.3007
1744640668.7062058 120 0.516 0.251 -0.125 6 0.00 0.587 -0.125 -0.0001 0.3030
1744640668.706358 120 0.516 0.251 -0.118 6 0.00 0.587 -0.118 -0.0001 0.3099
1744640668.70683 120 0.516 0.251 -0.110 6 0.00 0.588 -0.110 -0.0001 0.3180
1744640668.70692 120 0.516 0.251 -0.110 6 0.00 0.588 -0.110 -0.0001 0.3180
1744640668.713072 120 0.516 0.251 -0.100 6 0.00 0.588 -0.100 -0.0001 0.3284
1744640668.713439 120 0.516 0.251 -0.097 6 0.00 0.588 -0.097 -0.0000 0.3308
1744640668.71364 120 0.516 0.251 -0.091 6 0.00 0.588 -0.091 -0.0000 0.3365
% 1744640668.7203882 robobot/cmd/ti/rc 0.0 0.0
1744640668.733957 120 0.516 0.251 -0.082 6 0.00 0.588 -0.082 0.0000 0.3458
1744640668.7340531 120 0.516 0.251 -0.082 6 0.00 0.588 -0.082 0.0000 0.3458
1744640668.747701 120 0.516 0.251 -0.075 6 0.00 0.588 -0.075 0.0000 0.3527
1744640668.747943 120 0.516 0.251 -0.072 6 0.00 0.588 -0.072 0.0001 0.3562
1744640668.7480268 120 0.516 0.251 -0.066 6 0.00 0.588 -0.066 0.0001 0.3620
1744640668.799503 120 0.516 0.251 -0.059 6 0.00 0.588 -0.059 0.0001 0.3689
1744640668.7996428 120 0.516 0.251 -0.059 6 0.00 0.588 -0.059 0.0001 0.3689
1744640668.8001869 120 0.516 0.251 -0.050 6 0.00 0.588 -0.050 0.0001 0.3782
1744640668.800562 120 0.516 0.251 -0.046 6 0.00 0.588 -0.046 0.0001 0.3816
1744640668.8006542 120 0.516 0.251 -0.046 6 0.00 0.588 -0.046 0.0001 0.3816
1744640668.801145 120 0.516 0.251 -0.038 6 0.00 0.588 -0.038 0.0003 0.3897
1744640668.8012931 120 0.516 0.251 -0.035 6 0.00 0.588 -0.035 0.0003 0.3932
1744640668.80158 120 0.516 0.251 -0.030 6 0.00 0.588 -0.030 0.0003 0.3978
1744640668.85071 120 0.516 0.251 -0.024 6 0.00 0.588 -0.024 0.0002 0.4036
1744640668.850754 120 0.516 0.251 -0.024 6 0.00 0.588 -0.024 0.0002 0.4036
1744640668.850899 120 0.516 0.251 -0.021 6 0.00 0.588 -0.021 0.0002 0.4071
1744640668.8509371 120 0.516 0.251 -0.020 6 0.00 0.588 -0.020 0.0002 0.4082
1744640668.8510132 120 0.516 0.251 -0.020 6 0.00 0.588 -0.020 0.0002 0.4082
1744640668.851115 120 0.516 0.251 -0.020 6 0.00 0.588 -0.020 0.0002 0.4082
1744640668.851139 120 0.516 0.251 -0.020 6 0.00 0.588 -0.020 0.0002 0.4082
1744640668.8512719 120 0.516 0.251 -0.017 6 0.00 0.588 -0.017 0.0001 0.4106
1744640668.851306 120 0.516 0.251 -0.016 6 0.00 0.588 -0.016 0.0001 0.4117
1744640668.892996 120 0.517 0.251 -0.014 6 0.00 0.588 -0.014 0.0001 0.4140
1744640668.893134 120 0.517 0.251 -0.013 6 0.00 0.588 -0.013 0.0002 0.4152
1744640668.8931808 120 0.517 0.251 -0.013 6 0.00 0.588 -0.013 0.0002 0.4152
1744640668.8933399 120 0.517 0.251 -0.013 6 0.00 0.588 -0.013 0.0005 0.4152
1744640668.8934028 120 0.517 0.251 -0.013 6 0.00 0.588 -0.013 0.0005 0.4152
1744640668.893486 120 0.517 0.251 -0.013 6 0.00 0.588 -0.013 0.0005 0.4152
1744640668.8936388 120 0.517 0.251 -0.013 6 0.00 0.588 -0.013 0.0006 0.4152
1744640668.910572 120 0.517 0.251 -0.013 6 0.00 0.588 -0.013 0.0006 0.4152
1744640668.9108438 120 0.517 0.251 -0.014 6 0.00 0.588 -0.014 0.0008 0.4140
1744640668.910923 120 0.517 0.251 -0.014 6 0.00 0.588 -0.014 0.0008 0.4140
1744640668.9110441 120 0.517 0.251 -0.014 6 0.00 0.588 -0.014 0.0008 0.4140
1744640668.928829 120 0.517 0.251 -0.014 6 0.00 0.588 -0.014 0.0009 0.4140
1744640668.9288929 120 0.517 0.251 -0.014 6 0.00 0.588 -0.014 0.0009 0.4140
1744640668.929157 120 0.517 0.251 -0.014 6 0.00 0.589 -0.014 0.0009 0.4140
1744640668.953384 120 0.517 0.251 -0.014 6 0.00 0.589 -0.014 0.0009 0.4140
1744640668.959983 120 0.517 0.251 -0.014 6 0.00 0.589 -0.014 0.0009 0.4140
1744640668.960438 120 0.517 0.251 -0.014 6 0.00 0.589 -0.014 0.0010 0.4140
1744640668.960526 120 0.517 0.251 -0.014 6 0.00 0.589 -0.014 0.0010 0.4140
1744640668.987846 120 0.517 0.251 -0.014 6 0.00 0.589 -0.014 0.0010 0.4140
1744640668.988075 120 0.517 0.251 -0.014 6 0.00 0.589 -0.014 0.0010 0.4140
1744640668.988344 120 0.517 0.251 -0.014 6 0.00 0.589 -0.014 0.0010 0.4140
1744640668.988771 120 0.517 0.251 -0.014 6 0.00 0.589 -0.014 0.0010 0.4140
1744640668.98886 120 0.517 0.251 -0.014 6 0.00 0.589 -0.014 0.0010 0.4140
1744640669.057577 120 0.517 0.251 -0.014 6 0.00 0.589 -0.014 0.0011 0.4140
1744640669.057788 120 0.517 0.251 -0.014 6 0.00 0.589 -0.014 0.0011 0.4140
1744640669.058055 120 0.517 0.251 -0.014 6 0.00 0.589 -0.014 0.0011 0.4140
1744640669.058487 120 0.517 0.251 -0.014 6 0.00 0.589 -0.014 0.0011 0.4140
1744640669.058634 120 0.517 0.251 -0.014 6 0.00 0.589 -0.014 0.0011 0.4140
1744640669.059138 120 0.517 0.251 -0.014 6 0.00 0.589 -0.014 0.0011 0.4140
1744640669.05934 120 0.517 0.251 -0.014 6 0.00 0.589 -0.014 0.0011 0.4140
1744640669.060111 120 0.517 0.251 -0.014 6 0.00 0.589 -0.014 0.0011 0.4140
1744640669.0606 120 0.517 0.251 -0.014 6 0.00 0.589 -0.014 0.0011 0.4140
1744640669.06069 120 0.517 0.251 -0.014 6 0.00 0.589 -0.014 0.0011 0.4140
1744640669.111021 120 0.517 0.251 -0.014 6 0.00 0.589 -0.014 0.0011 0.4140
1744640669.1112409 120 0.517 0.251 -0.014 6 0.00 0.589 -0.014 0.0011 0.4140
1744640669.11158 120 0.517 0.251 -0.014 6 0.00 0.589 -0.014 0.0011 0.4140
1744640669.112019 120 0.517 0.251 -0.014 6 0.00 0.589 -0.014 0.0011 0.4140
1744640669.118571 120 0.517 0.251 -0.014 6 0.00 0.589 -0.014 0.0011 0.4140
1744640669.119167 120 0.517 0.251 -0.014 6 0.00 0.589 -0.014 0.0011 0.4140
1744640669.119363 120 0.517 0.251 -0.014 6 0.00 0.589 -0.014 0.0011 0.4140
1744640669.119678 120 0.517 0.251 -0.014 6 0.00 0.589 -0.014 0.0011 0.4140
1744640669.120102 120 0.517 0.251 -0.014 6 0.00 0.589 -0.014 0.0011 0.4140
1744640669.120192 120 0.517 0.251 -0.014 6 0.00 0.589 -0.014 0.0011 0.4140
1744640669.1207428 120 0.517 0.251 -0.014 6 0.00 0.589 -0.014 0.0011 0.4140
1744640669.139523 120 0.517 0.251 -0.014 6 0.00 0.589 -0.014 0.0011 0.4140
1744640669.140079 120 0.517 0.251 -0.014 6 0.00 0.589 -0.014 0.0011 0.4140
1744640669.140533 120 0.517 0.251 -0.014 6 0.00 0.589 -0.014 0.0012 0.4140
1744640669.1406238 120 0.517 0.251 -0.014 6 0.00 0.589 -0.014 0.0012 0.4140
1744640669.152502 120 0.517 0.251 -0.014 6 0.00 0.589 -0.014 0.0012 0.4140
1744640669.152701 120 0.517 0.251 -0.014 6 0.00 0.589 -0.014 0.0012 0.4140
1744640669.15296 120 0.517 0.251 -0.014 6 0.00 0.589 -0.014 0.0012 0.4140
1744640669.182504 120 0.517 0.251 -0.014 6 0.00 0.589 -0.014 0.0012 0.4140
1744640669.182692 120 0.517 0.251 -0.014 6 0.00 0.589 -0.014 0.0012 0.4140
1744640669.18324 120 0.517 0.251 -0.014 6 0.00 0.589 -0.014 0.0012 0.4140
1744640669.183436 120 0.517 0.251 -0.014 6 0.00 0.589 -0.014 0.0012 0.4140
1744640669.195554 120 0.517 0.251 -0.014 6 0.00 0.589 -0.014 0.0012 0.4140
1744640669.196189 120 0.517 0.251 -0.014 6 0.00 0.589 -0.014 0.0012 0.4140
1744640669.2066371 120 0.517 0.251 -0.014 6 0.00 0.589 -0.014 0.0012 0.4140
1744640669.207204 120 0.517 0.251 -0.014 6 0.00 0.589 -0.014 0.0012 0.4140
1744640669.207401 120 0.517 0.251 -0.014 6 0.00 0.589 -0.014 0.0012 0.4140
1744640669.207718 120 0.517 0.251 -0.014 6 0.00 0.589 -0.014 0.0012 0.4140
1744640669.237948 120 0.517 0.251 -0.014 6 0.00 0.589 -0.014 0.0013 0.4140
1744640669.238046 120 0.517 0.251 -0.014 6 0.00 0.589 -0.014 0.0013 0.4140
1744640669.238539 120 0.517 0.251 -0.014 6 0.00 0.589 -0.014 0.0013 0.4140
1744640669.262458 120 0.517 0.251 -0.014 6 0.00 0.589 -0.014 0.0013 0.4140
1744640669.262798 120 0.517 0.251 -0.014 6 0.00 0.589 -0.014 0.0013 0.4140
1744640669.2632298 120 0.517 0.251 -0.014 6 0.00 0.589 -0.014 0.0013 0.4140
1744640669.263324 120 0.517 0.251 -0.014 6 0.00 0.589 -0.014 0.0013 0.4140
1744640669.2823958 120 0.517 0.251 -0.014 6 0.00 0.589 -0.014 0.0013 0.4140
1744640669.282597 120 0.517 0.251 -0.014 6 0.00 0.589 -0.014 0.0013 0.4140
1744640669.282909 120 0.517 0.251 -0.014 6 0.00 0.589 -0.014 0.0013 0.4140
1744640669.302432 120 0.517 0.251 -0.014 6 0.00 0.589 -0.014 0.0013 0.4140
1744640669.302529 120 0.517 0.251 -0.014 6 0.00 0.589 -0.014 0.0013 0.4140
1744640669.3030899 120 0.517 0.251 -0.014 6 0.00 0.589 -0.014 0.0013 0.4140
1744640669.303286 120 0.517 0.251 -0.014 6 0.00 0.589 -0.014 0.0013 0.4140
1744640669.3179 120 0.517 0.251 -0.014 6 0.00 0.589 -0.014 0.0013 0.4140
1744640669.3186219 120 0.517 0.251 -0.014 6 0.00 0.589 -0.014 0.0013 0.4140
1744640669.318778 120 0.517 0.251 -0.014 6 0.00 0.589 -0.014 0.0013 0.4140
1744640669.3782778 120 0.517 0.251 -0.014 6 0.00 0.589 -0.014 0.0014 0.4140
1744640669.378538 120 0.517 0.251 -0.014 6 0.00 0.589 -0.014 0.0014 0.4140
1744640669.378839 120 0.517 0.251 -0.014 6 0.00 0.589 -0.014 0.0014 0.4140
1744640669.379342 120 0.517 0.251 -0.014 6 0.00 0.589 -0.014 0.0014 0.4140
1744640669.379435 120 0.517 0.251 -0.014 6 0.00 0.589 -0.014 0.0014 0.4140
1744640669.379945 120 0.517 0.251 -0.014 6 0.00 0.589 -0.014 0.0014 0.4140
1744640669.3801441 120 0.517 0.251 -0.014 6 0.00 0.589 -0.014 0.0014 0.4140
1744640669.380468 120 0.517 0.251 -0.014 6 0.00 0.589 -0.014 0.0014 0.4140
1744640669.385731 120 0.517 0.251 -0.014 6 0.00 0.589 -0.014 0.0014 0.4140
1744640669.385826 120 0.517 0.251 -0.014 6 0.00 0.589 -0.014 0.0014 0.4140
1744640669.386328 120 0.517 0.251 -0.014 6 0.00 0.589 -0.014 0.0014 0.4140
1744640669.386527 120 0.517 0.251 -0.014 6 0.00 0.589 -0.014 0.0014 0.4140
1744640669.436766 120 0.517 0.251 -0.014 6 0.00 0.589 -0.014 0.0014 0.4140
1744640669.4372969 120 0.517 0.251 -0.014 6 0.00 0.589 -0.014 0.0014 0.4140
1744640669.437402 120 0.517 0.251 -0.014 6 0.00 0.589 -0.014 0.0014 0.4140
1744640669.4379861 120 0.517 0.251 -0.014 6 0.00 0.589 -0.014 0.0014 0.4140
1744640669.438186 120 0.517 0.251 -0.014 6 0.00 0.589 -0.014 0.0014 0.4140
1744640669.4386802 120 0.517 0.251 -0.014 6 0.00 0.589 -0.014 0.0014 0.4140
1744640669.439116 120 0.517 0.251 -0.014 6 0.00 0.589 -0.014 0.0014 0.4140
1744640669.4392068 120 0.517 0.251 -0.014 6 0.00 0.589 -0.014 0.0014 0.4140
1744640669.439758 120 0.517 0.251 -0.014 6 0.00 0.589 -0.014 0.0014 0.4140
1744640669.5060139 120 0.517 0.251 -0.014 6 0.00 0.589 -0.014 0.0014 0.4140
1744640669.507037 120 0.517 0.251 -0.014 6 0.00 0.589 -0.014 0.0014 0.4140
1744640669.507485 120 0.517 0.251 -0.014 6 0.00 0.589 -0.014 0.0014 0.4140
1744640669.5076349 120 0.517 0.251 -0.014 6 0.00 0.589 -0.014 0.0014 0.4140
1744640669.5081348 120 0.517 0.251 -0.014 6 0.00 0.589 -0.014 0.0014 0.4140
1744640669.508331 120 0.517 0.251 -0.014 6 0.00 0.589 -0.014 0.0014 0.4140
1744640669.508597 120 0.517 0.251 -0.014 6 0.00 0.589 -0.014 0.0014 0.4140
1744640669.5090828 120 0.517 0.251 -0.014 6 0.00 0.589 -0.014 0.0014 0.4140
1744640669.509177 120 0.517 0.251 -0.014 6 0.00 0.589 -0.014 0.0014 0.4140
1744640669.509844 120 0.517 0.251 -0.014 6 0.00 0.589 -0.014 0.0014 0.4140
1744640669.5099258 120 0.517 0.251 -0.014 6 0.00 0.589 -0.014 0.0014 0.4140
% 1744640669.514282 robobot/cmd/ti/rc 0.0 0.0
% 1744640669.514376 robobot/cmd/T0/leds 16 0 0 0
% 1744640669.514545 robobot/cmd/T0/leds 16 0 100 0
% 1744640669.514585 robobot/cmd/ti/rc 0.2 0.0
1744640669.535538 120 0.517 0.251 -0.014 6 0.00 0.589 -0.014 0.0000 0.0000
1744640669.535661 120 0.517 0.251 -0.014 6 0.00 0.589 -0.014 0.0000 0.0000
1744640669.535688 120 0.517 0.251 -0.014 6 0.00 0.589 -0.014 0.0000 0.0000
1744640669.5486872 120 0.517 0.251 -0.014 6 0.00 0.589 -0.014 0.0000 0.0000
1744640669.548791 120 0.517 0.251 -0.014 6 0.00 0.589 -0.014 0.0000 0.0000
1744640669.548861 120 0.517 0.251 -0.014 6 0.00 0.589 -0.014 0.0000 0.0000
1744640669.5489988 120 0.517 0.251 -0.014 6 0.00 0.589 -0.014 0.0000 0.0000
1744640669.549032 120 0.517 0.251 -0.014 6 0.00 0.589 -0.014 0.0000 0.0000
1744640669.5700428 120 0.517 0.251 -0.014 6 0.00 0.589 -0.014 0.0000 0.0000
1744640669.570137 120 0.517 0.251 -0.014 6 0.00 0.589 -0.014 0.0000 0.0000
1744640669.570216 120 0.517 0.251 -0.014 6 0.00 0.589 -0.014 0.0000 0.0000
1744640669.649627 120 0.517 0.251 -0.014 6 0.00 0.589 -0.014 0.0000 0.0000
1744640669.649764 120 0.517 0.251 -0.014 6 0.00 0.589 -0.014 0.0000 0.0000
1744640669.650379 120 0.517 0.251 -0.014 6 0.00 0.589 -0.014 0.0000 0.0000
1744640669.650644 120 0.517 0.251 -0.014 6 0.00 0.589 -0.014 0.0000 0.0000
1744640669.650861 120 0.517 0.251 -0.014 6 0.00 0.589 -0.014 0.0000 0.0000
1744640669.651349 120 0.517 0.251 -0.014 6 0.00 0.589 -0.014 0.0000 0.0000
1744640669.6514611 120 0.517 0.251 -0.014 6 0.00 0.589 -0.014 0.0000 0.0000
1744640669.651893 120 0.517 0.251 -0.014 6 0.00 0.589 -0.014 0.0000 0.0000
1744640669.6520472 120 0.517 0.251 -0.014 6 0.00 0.589 -0.014 0.0000 0.0000
1744640669.652183 120 0.517 0.251 -0.014 6 0.00 0.589 -0.014 0.0000 0.0000
1744640669.677058 120 0.517 0.251 -0.014 6 0.00 0.589 -0.014 0.0000 0.0000
1744640669.67712 120 0.517 0.251 -0.014 6 0.00 0.589 -0.014 0.0000 0.0000
1744640669.677414 120 0.517 0.251 -0.014 6 0.00 0.589 -0.014 0.0000 0.0000
1744640669.6775591 120 0.517 0.251 -0.014 6 0.00 0.589 -0.014 0.0000 0.0000
1744640669.682664 120 0.517 0.251 -0.014 6 0.00 0.589 -0.014 0.0000 0.0000
1744640669.682932 120 0.517 0.251 -0.014 6 0.00 0.589 -0.014 0.0000 0.0000
1744640669.682983 120 0.517 0.251 -0.014 6 0.00 0.589 -0.014 0.0000 0.0000
1744640669.683278 120 0.517 0.251 -0.014 6 0.00 0.589 -0.014 0.0000 0.0000
1744640669.703613 120 0.517 0.251 -0.014 6 0.00 0.589 -0.014 0.0000 0.0000
1744640669.703846 120 0.517 0.251 -0.014 6 0.00 0.589 -0.014 0.0000 0.0000
1744640669.704303 120 0.517 0.251 -0.014 6 0.00 0.589 -0.014 0.0000 0.0000
1744640669.704395 120 0.517 0.251 -0.014 6 0.00 0.589 -0.014 0.0000 0.0000
1744640669.720085 120 0.517 0.251 -0.014 6 0.00 0.589 -0.014 0.0000 0.0000
1744640669.7203462 120 0.517 0.251 -0.014 6 0.00 0.589 -0.014 0.0000 0.0000
1744640669.7205591 120 0.517 0.251 -0.014 6 0.00 0.589 -0.014 0.0000 0.0000
1744640669.7429209 120 0.517 0.251 -0.014 6 0.00 0.589 -0.014 0.0000 0.0000
1744640669.743041 120 0.517 0.251 -0.014 6 0.00 0.589 -0.014 0.0000 0.0000
1744640669.7436092 120 0.517 0.251 -0.014 6 0.00 0.589 -0.014 0.0000 0.0000
1744640669.743857 120 0.517 0.251 -0.014 6 0.00 0.589 -0.014 0.0000 0.0000
1744640669.765735 120 0.517 0.251 -0.014 6 0.00 0.589 -0.014 0.0000 0.0000
1744640669.766285 120 0.517 0.251 -0.014 6 0.00 0.589 -0.014 0.0000 0.0000
1744640669.766381 120 0.517 0.251 -0.014 6 0.00 0.589 -0.014 0.0000 0.0000
1744640669.767561 120 0.517 0.251 -0.014 6 0.00 0.589 -0.014 0.0000 0.0000
1744640669.776238 120 0.517 0.251 -0.014 6 0.00 0.589 -0.014 0.0000 0.0000
1744640669.7893288 120 0.517 0.251 -0.014 6 0.00 0.589 -0.014 0.0000 0.0000
1744640669.7899678 120 0.517 0.251 -0.014 6 0.00 0.589 -0.014 0.0000 0.0000
1744640669.7954628 120 0.517 0.251 -0.014 6 0.00 0.589 -0.014 0.0000 0.0000
1744640669.803665 120 0.517 0.251 -0.015 6 0.00 0.589 -0.015 0.0000 -0.0011
1744640669.8039622 120 0.518 0.251 -0.015 6 0.00 0.589 -0.015 0.0000 -0.0011
1744640669.8101618 120 0.518 0.251 -0.015 6 0.00 0.589 -0.015 0.0000 -0.0011
1744640669.815449 120 0.520 0.251 -0.016 6 0.00 0.590 -0.016 0.0013 -0.0023
1744640669.8198771 120 0.520 0.251 -0.016 6 0.00 0.590 -0.016 0.0013 -0.0023
1744640669.8279328 120 0.520 0.251 -0.015 6 0.00 0.592 -0.015 0.0028 -0.0011
1744640669.851032 120 0.521 0.251 -0.016 6 0.00 0.592 -0.016 0.0028 -0.0023
1744640669.851258 120 0.521 0.251 -0.016 6 0.00 0.592 -0.016 0.0028 -0.0023
1744640669.851712 120 0.522 0.251 -0.017 6 0.00 0.593 -0.017 0.0041 -0.0034
1744640669.85181 120 0.522 0.251 -0.017 6 0.00 0.593 -0.017 0.0041 -0.0034
1744640669.890311 120 0.523 0.251 -0.017 6 0.00 0.594 -0.017 0.0053 -0.0034
1744640669.890613 120 0.524 0.251 -0.018 6 0.00 0.594 -0.018 0.0053 -0.0046
1744640669.890857 120 0.524 0.251 -0.018 6 0.00 0.594 -0.018 0.0053 -0.0046
1744640669.891666 120 0.525 0.251 -0.018 6 0.00 0.596 -0.018 0.0071 -0.0046
1744640669.891763 120 0.525 0.251 -0.018 6 0.00 0.596 -0.018 0.0071 -0.0046
1744640669.896627 120 0.527 0.251 -0.018 6 0.00 0.598 -0.018 0.0092 -0.0046
1744640669.8968902 120 0.528 0.251 -0.018 6 0.00 0.598 -0.018 0.0092 -0.0046
1744640669.904656 120 0.529 0.251 -0.018 6 0.00 0.598 -0.018 0.0092 -0.0046
1744640669.913503 120 0.531 0.251 -0.020 6 0.00 0.601 -0.020 0.0119 -0.0058
1744640669.913568 120 0.531 0.251 -0.020 6 0.00 0.601 -0.020 0.0119 -0.0058
1744640669.9195368 120 0.532 0.251 -0.020 6 0.00 0.604 -0.020 0.0147 -0.0058
1744640669.919991 120 0.534 0.251 -0.021 6 0.00 0.604 -0.021 0.0147 -0.0069
1744640669.934783 120 0.534 0.251 -0.021 6 0.00 0.604 -0.021 0.0147 -0.0069
1744640669.935499 120 0.537 0.251 -0.022 6 0.00 0.607 -0.022 0.0180 -0.0081
1744640669.9434829 120 0.537 0.251 -0.022 6 0.00 0.607 -0.022 0.0180 -0.0081
1744640669.9516659 120 0.539 0.251 -0.022 6 0.00 0.610 -0.022 0.0211 -0.0081
1744640669.9519281 120 0.540 0.251 -0.022 6 0.00 0.610 -0.022 0.0211 -0.0081
1744640669.9670668 120 0.541 0.251 -0.022 6 0.00 0.610 -0.022 0.0211 -0.0081
1744640669.967658 120 0.544 0.251 -0.022 6 0.00 0.614 -0.022 0.0249 -0.0081
1744640669.972212 120 0.544 0.251 -0.022 6 0.00 0.614 -0.022 0.0249 -0.0081
1744640669.977333 120 0.546 0.251 -0.023 6 0.00 0.617 -0.023 0.0282 -0.0092
1744640669.9821749 120 0.547 0.251 -0.023 6 0.00 0.617 -0.023 0.0282 -0.0092
1744640669.987191 120 0.548 0.251 -0.023 6 0.00 0.617 -0.023 0.0282 -0.0092
1744640669.9937239 120 0.551 0.251 -0.024 6 0.00 0.621 -0.024 0.0317 -0.0104
1744640669.999325 120 0.551 0.251 -0.024 6 0.00 0.621 -0.024 0.0317 -0.0104
1744640670.015639 120 0.553 0.251 -0.023 6 0.00 0.624 -0.023 0.0354 -0.0092
1744640670.015969 120 0.555 0.250 -0.024 6 0.00 0.624 -0.024 0.0354 -0.0104
1744640670.0232031 120 0.555 0.250 -0.023 6 0.00 0.624 -0.023 0.0354 -0.0092
1744640670.023959 120 0.558 0.250 -0.023 6 0.00 0.628 -0.023 0.0388 -0.0092
1744640670.028888 120 0.558 0.250 -0.023 6 0.00 0.628 -0.023 0.0388 -0.0092
1744640670.0425248 120 0.560 0.250 -0.022 6 0.00 0.631 -0.022 0.0423 -0.0081
1744640670.042793 120 0.561 0.250 -0.022 6 0.00 0.631 -0.022 0.0423 -0.0081
1744640670.047554 120 0.562 0.250 -0.022 6 0.00 0.631 -0.022 0.0423 -0.0081
1744640670.0732758 120 0.565 0.250 -0.023 6 0.00 0.635 -0.023 0.0458 -0.0092
1744640670.073379 120 0.565 0.250 -0.023 6 0.00 0.635 -0.023 0.0458 -0.0092
1744640670.074257 120 0.567 0.250 -0.025 6 0.00 0.638 -0.025 0.0493 -0.0115
1744640670.0745118 120 0.568 0.250 -0.024 6 0.00 0.638 -0.024 0.0493 -0.0104
1744640670.0806751 120 0.570 0.250 -0.027 6 0.00 0.638 -0.027 0.0493 -0.0127
1744640670.088562 120 0.572 0.250 -0.027 6 0.00 0.642 -0.027 0.0527 -0.0127
1744640670.088625 120 0.572 0.250 -0.027 6 0.00 0.642 -0.027 0.0527 -0.0127
1744640670.104224 120 0.574 0.250 -0.028 6 0.00 0.645 -0.028 0.0562 -0.0138
1744640670.104415 120 0.575 0.250 -0.028 6 0.00 0.645 -0.028 0.0562 -0.0138
1744640670.114049 120 0.576 0.250 -0.028 6 0.00 0.645 -0.028 0.0562 -0.0138
1744640670.1145961 120 0.579 0.250 -0.029 6 0.00 0.648 -0.029 0.0594 -0.0150
1744640670.141102 120 0.579 0.250 -0.029 6 0.00 0.648 -0.029 0.0594 -0.0150
1744640670.141634 120 0.581 0.250 -0.029 6 0.00 0.652 -0.029 0.0628 -0.0150
1744640670.1419399 120 0.582 0.250 -0.029 6 0.00 0.652 -0.029 0.0628 -0.0150
1744640670.147475 120 0.583 0.250 -0.029 6 0.00 0.652 -0.029 0.0628 -0.0150
1744640670.147912 120 0.585 0.250 -0.030 6 0.00 0.655 -0.030 0.0659 -0.0162
1744640670.148005 120 0.585 0.250 -0.030 6 0.00 0.655 -0.030 0.0659 -0.0162
1744640670.159418 120 0.587 0.250 -0.031 6 0.00 0.658 -0.031 0.0692 -0.0173
1744640670.159786 120 0.588 0.250 -0.031 6 0.00 0.658 -0.031 0.0692 -0.0173
1744640670.172875 120 0.589 0.250 -0.031 6 0.00 0.658 -0.031 0.0692 -0.0173
1744640670.179317 120 0.591 0.250 -0.031 6 0.00 0.661 -0.031 0.0722 -0.0173
1744640670.179415 120 0.591 0.250 -0.031 6 0.00 0.661 -0.031 0.0722 -0.0173
1744640670.191034 120 0.593 0.249 -0.031 6 0.00 0.664 -0.031 0.0754 -0.0173
1744640670.191293 120 0.594 0.249 -0.031 6 0.00 0.664 -0.031 0.0754 -0.0173
1744640670.200054 120 0.595 0.249 -0.032 6 0.00 0.664 -0.032 0.0754 -0.0185
1744640670.2091122 120 0.597 0.249 -0.034 6 0.00 0.667 -0.034 0.0783 -0.0196
1744640670.2092118 120 0.597 0.249 -0.034 6 0.00 0.667 -0.034 0.0783 -0.0196
1744640670.226412 120 0.599 0.249 -0.034 6 0.00 0.670 -0.034 0.0813 -0.0196
1744640670.226669 120 0.600 0.249 -0.034 6 0.00 0.670 -0.034 0.0813 -0.0196
1744640670.2325509 120 0.601 0.249 -0.034 6 0.00 0.670 -0.034 0.0813 -0.0196
1744640670.239172 120 0.603 0.249 -0.034 6 0.00 0.673 -0.034 0.0842 -0.0196
1744640670.2392719 120 0.603 0.249 -0.034 6 0.00 0.673 -0.034 0.0842 -0.0196
1744640670.252774 120 0.605 0.249 -0.035 6 0.00 0.676 -0.035 0.0871 -0.0208
1744640670.253324 120 0.606 0.249 -0.036 6 0.00 0.676 -0.036 0.0871 -0.0219
1744640670.2884312 120 0.607 0.249 -0.035 6 0.00 0.676 -0.035 0.0871 -0.0208
1744640670.288898 120 0.609 0.249 -0.035 6 0.00 0.679 -0.035 0.0900 -0.0208
1744640670.289027 120 0.609 0.249 -0.035 6 0.00 0.679 -0.035 0.0900 -0.0208
1744640670.294642 120 0.611 0.249 -0.035 6 0.00 0.682 -0.035 0.0927 -0.0208
1744640670.294989 120 0.612 0.249 -0.035 6 0.00 0.682 -0.035 0.0927 -0.0208
1744640670.295205 120 0.613 0.249 -0.035 6 0.00 0.682 -0.035 0.0927 -0.0208
1744640670.309312 120 0.614 0.249 -0.035 6 0.00 0.685 -0.035 0.0957 -0.0208
1744640670.309412 120 0.614 0.249 -0.035 6 0.00 0.685 -0.035 0.0957 -0.0208
1744640670.315813 120 0.616 0.249 -0.035 6 0.00 0.687 -0.035 0.0984 -0.0208
1744640670.316082 120 0.617 0.249 -0.035 6 0.00 0.687 -0.035 0.0984 -0.0208
1744640670.327538 120 0.618 0.249 -0.034 6 0.00 0.687 -0.034 0.0984 -0.0196
1744640670.327976 120 0.620 0.249 -0.035 6 0.00 0.690 -0.035 0.1014 -0.0208
1744640670.328065 120 0.620 0.249 -0.035 6 0.00 0.690 -0.035 0.1014 -0.0208
1744640670.341599 120 0.622 0.248 -0.035 6 0.00 0.693 -0.035 0.1042 -0.0208
1744640670.34185 120 0.623 0.248 -0.034 6 0.00 0.693 -0.034 0.1042 -0.0196
1744640670.3474822 120 0.624 0.248 -0.034 6 0.00 0.693 -0.034 0.1042 -0.0196
1744640670.355078 120 0.626 0.248 -0.032 6 0.00 0.696 -0.032 0.1070 -0.0185
1744640670.361384 120 0.626 0.248 -0.032 6 0.00 0.696 -0.032 0.1070 -0.0185
1744640670.3685749 120 0.628 0.248 -0.032 6 0.00 0.699 -0.032 0.1099 -0.0185
1744640670.3747299 120 0.629 0.248 -0.031 6 0.00 0.699 -0.031 0.1099 -0.0173
1744640670.382182 120 0.630 0.248 -0.032 6 0.00 0.699 -0.032 0.1099 -0.0185
1744640670.3869 120 0.632 0.248 -0.031 6 0.00 0.702 -0.031 0.1128 -0.0173
1744640670.387001 120 0.632 0.248 -0.031 6 0.00 0.702 -0.031 0.1128 -0.0173
1744640670.404938 120 0.634 0.248 -0.030 6 0.00 0.705 -0.030 0.1158 -0.0162
1744640670.405206 120 0.635 0.248 -0.030 6 0.00 0.705 -0.030 0.1158 -0.0162
1744640670.4413362 120 0.636 0.248 -0.030 6 0.00 0.705 -0.030 0.1158 -0.0162
1744640670.441826 120 0.638 0.248 -0.029 6 0.00 0.708 -0.029 0.1187 -0.0150
1744640670.441922 120 0.638 0.248 -0.029 6 0.00 0.708 -0.029 0.1187 -0.0150
1744640670.4424372 120 0.640 0.248 -0.029 6 0.00 0.711 -0.029 0.1216 -0.0150
1744640670.491946 120 0.640 0.248 -0.029 6 0.00 0.711 -0.029 0.1216 -0.0150
1744640670.492222 120 0.642 0.248 -0.029 6 0.00 0.711 -0.029 0.1216 -0.0150
1744640670.4930618 120 0.644 0.248 -0.029 6 0.00 0.714 -0.029 0.1246 -0.0150
1744640670.493162 120 0.644 0.248 -0.029 6 0.00 0.714 -0.029 0.1246 -0.0150
1744640670.493717 120 0.646 0.248 -0.028 6 0.00 0.717 -0.028 0.1275 -0.0138
1744640670.493976 120 0.646 0.248 -0.028 6 0.00 0.717 -0.028 0.1275 -0.0138
1744640670.494195 120 0.648 0.248 -0.029 6 0.00 0.717 -0.029 0.1275 -0.0150
1744640670.4946198 120 0.650 0.248 -0.028 6 0.00 0.720 -0.028 0.1306 -0.0138
1744640670.494713 120 0.650 0.248 -0.028 6 0.00 0.720 -0.028 0.1306 -0.0138
1744640670.51721 120 0.652 0.248 -0.029 6 0.00 0.722 -0.029 0.1335 -0.0150
1744640670.517484 120 0.652 0.248 -0.029 6 0.00 0.722 -0.029 0.1335 -0.0150
1744640670.5177002 120 0.654 0.248 -0.028 6 0.00 0.722 -0.028 0.1335 -0.0138
1744640670.539708 120 0.655 0.247 -0.028 6 0.00 0.726 -0.028 0.1366 -0.0138
1744640670.539815 120 0.655 0.247 -0.028 6 0.00 0.726 -0.028 0.1366 -0.0138
1744640670.540349 120 0.658 0.247 -0.028 6 0.00 0.728 -0.028 0.1394 -0.0138
1744640670.553237 120 0.658 0.247 -0.028 6 0.00 0.728 -0.028 0.1394 -0.0138
1744640670.553364 120 0.660 0.247 -0.027 6 0.00 0.728 -0.027 0.1394 -0.0127
1744640670.5536299 120 0.662 0.247 -0.028 6 0.00 0.731 -0.028 0.1424 -0.0138
1744640670.55368 120 0.662 0.247 -0.028 6 0.00 0.731 -0.028 0.1424 -0.0138
1744640670.569866 120 0.663 0.247 -0.028 6 0.00 0.734 -0.028 0.1455 -0.0138
1744640670.570013 120 0.664 0.247 -0.027 6 0.00 0.734 -0.027 0.1455 -0.0127
1744640670.570164 120 0.665 0.247 -0.027 6 0.00 0.734 -0.027 0.1455 -0.0127
1744640670.577141 120 0.668 0.247 -0.027 6 0.00 0.737 -0.027 0.1484 -0.0127
1744640670.577217 120 0.668 0.247 -0.027 6 0.00 0.737 -0.027 0.1484 -0.0127
1744640670.585423 120 0.669 0.247 -0.027 6 0.00 0.740 -0.027 0.1515 -0.0127
1744640670.585751 120 0.670 0.247 -0.027 6 0.00 0.740 -0.027 0.1515 -0.0127
1744640670.605908 120 0.671 0.247 -0.027 6 0.00 0.740 -0.027 0.1515 -0.0127
1744640670.606368 120 0.673 0.247 -0.025 6 0.00 0.743 -0.025 0.1544 -0.0115
1744640670.606463 120 0.673 0.247 -0.025 6 0.00 0.743 -0.025 0.1544 -0.0115
1744640670.641509 120 0.675 0.247 -0.027 6 0.00 0.746 -0.027 0.1575 -0.0127
1744640670.641793 120 0.676 0.247 -0.025 6 0.00 0.746 -0.025 0.1575 -0.0115
1744640670.642019 120 0.677 0.247 -0.025 6 0.00 0.746 -0.025 0.1575 -0.0115
1744640670.642488 120 0.679 0.247 -0.025 6 0.00 0.749 -0.025 0.1604 -0.0115
1744640670.6428711 120 0.679 0.247 -0.025 6 0.00 0.749 -0.025 0.1604 -0.0115
1744640670.6729689 120 0.681 0.247 -0.025 6 0.00 0.753 -0.025 0.1635 -0.0115
1744640670.6732318 120 0.682 0.247 -0.025 6 0.00 0.753 -0.025 0.1635 -0.0115
1744640670.673454 120 0.683 0.247 -0.024 6 0.00 0.753 -0.024 0.1635 -0.0104
1744640670.689461 120 0.685 0.247 -0.025 6 0.00 0.756 -0.025 0.1665 -0.0115
1744640670.689562 120 0.685 0.247 -0.025 6 0.00 0.756 -0.025 0.1665 -0.0115
1744640670.690072 120 0.687 0.247 -0.024 6 0.00 0.758 -0.024 0.1695 -0.0104
1744640670.7046652 120 0.688 0.247 -0.024 6 0.00 0.758 -0.024 0.1695 -0.0104
1744640670.7049038 120 0.690 0.247 -0.024 6 0.00 0.758 -0.024 0.1695 -0.0104
1744640670.7053921 120 0.691 0.247 -0.024 6 0.00 0.762 -0.024 0.1726 -0.0104
1744640670.705486 120 0.691 0.247 -0.024 6 0.00 0.762 -0.024 0.1726 -0.0104
1744640670.7067761 120 0.694 0.246 -0.024 6 0.00 0.764 -0.024 0.1755 -0.0104
1744640670.730865 120 0.694 0.246 -0.024 6 0.00 0.764 -0.024 0.1755 -0.0104
1744640670.731157 120 0.696 0.246 -0.023 6 0.00 0.764 -0.023 0.1755 -0.0092
1744640670.731749 120 0.698 0.246 -0.024 6 0.00 0.768 -0.024 0.1787 -0.0104
1744640670.731877 120 0.698 0.246 -0.024 6 0.00 0.768 -0.024 0.1787 -0.0104
1744640670.7754722 120 0.700 0.246 -0.023 6 0.00 0.771 -0.023 0.1816 -0.0092
1744640670.7758029 120 0.700 0.246 -0.023 6 0.00 0.771 -0.023 0.1816 -0.0092
1744640670.776031 120 0.702 0.246 -0.022 6 0.00 0.771 -0.022 0.1816 -0.0081
1744640670.776492 120 0.704 0.246 -0.022 6 0.00 0.774 -0.022 0.1847 -0.0081
1744640670.776587 120 0.704 0.246 -0.022 6 0.00 0.774 -0.022 0.1847 -0.0081
1744640670.777142 120 0.706 0.246 -0.021 6 0.00 0.777 -0.021 0.1876 -0.0069
1744640670.777388 120 0.706 0.246 -0.021 6 0.00 0.777 -0.021 0.1876 -0.0069
1744640670.825355 120 0.708 0.246 -0.021 6 0.00 0.777 -0.021 0.1876 -0.0069
1744640670.825622 120 0.710 0.246 -0.021 6 0.00 0.780 -0.021 0.1906 -0.0069
1744640670.825676 120 0.710 0.246 -0.021 6 0.00 0.780 -0.021 0.1906 -0.0069
1744640670.82599 120 0.712 0.246 -0.020 6 0.00 0.783 -0.020 0.1937 -0.0058
1744640670.8261352 120 0.712 0.246 -0.020 6 0.00 0.783 -0.020 0.1937 -0.0058
1744640670.82625 120 0.714 0.246 -0.021 6 0.00 0.783 -0.021 0.1937 -0.0069
1744640670.8265212 120 0.716 0.246 -0.020 6 0.00 0.786 -0.020 0.1966 -0.0058
1744640670.856596 120 0.716 0.246 -0.020 6 0.00 0.786 -0.020 0.1966 -0.0058
1744640670.857501 120 0.718 0.246 -0.018 6 0.00 0.789 -0.018 0.1997 -0.0046
1744640670.857763 120 0.718 0.246 -0.018 6 0.00 0.789 -0.018 0.1997 -0.0046
1744640670.857973 120 0.720 0.246 -0.017 6 0.00 0.789 -0.017 0.1997 -0.0034
1744640670.889741 120 0.722 0.246 -0.018 6 0.00 0.792 -0.018 0.2026 -0.0046
1744640670.889843 120 0.722 0.246 -0.018 6 0.00 0.792 -0.018 0.2026 -0.0046
1744640670.890327 120 0.724 0.246 -0.017 6 0.00 0.795 -0.017 0.2057 -0.0034
1744640670.9012532 120 0.724 0.246 -0.017 6 0.00 0.795 -0.017 0.2057 -0.0034
1744640670.9016051 120 0.726 0.246 -0.017 6 0.00 0.795 -0.017 0.2057 -0.0034
1744640670.90204 120 0.728 0.246 -0.017 6 0.00 0.798 -0.017 0.2088 -0.0034
1744640670.90213 120 0.728 0.246 -0.017 6 0.00 0.798 -0.017 0.2088 -0.0034
1744640670.9026282 120 0.730 0.246 -0.017 6 0.00 0.801 -0.017 0.2116 -0.0034
1744640670.90293 120 0.731 0.246 -0.017 6 0.00 0.801 -0.017 0.2116 -0.0034
1744640670.903137 120 0.732 0.246 -0.017 6 0.00 0.801 -0.017 0.2116 -0.0034
1744640670.92006 120 0.734 0.246 -0.016 6 0.00 0.804 -0.016 0.2148 -0.0023
1744640670.920171 120 0.734 0.246 -0.016 6 0.00 0.804 -0.016 0.2148 -0.0023
1744640670.920776 120 0.736 0.246 -0.016 6 0.00 0.807 -0.016 0.2177 -0.0023
1744640670.921035 120 0.737 0.246 -0.015 6 0.00 0.807 -0.015 0.2177 -0.0011
1744640670.921358 120 0.738 0.246 -0.015 6 0.00 0.807 -0.015 0.2177 -0.0011
1744640670.933855 120 0.740 0.246 -0.016 6 0.00 0.810 -0.016 0.2208 -0.0023
1744640670.933931 120 0.740 0.246 -0.016 6 0.00 0.810 -0.016 0.2208 -0.0023
1744640670.9537642 120 0.742 0.246 -0.015 6 0.00 0.813 -0.015 0.2237 -0.0011
1744640670.9540591 120 0.743 0.246 -0.016 6 0.00 0.813 -0.016 0.2237 -0.0023
1744640670.9542952 120 0.744 0.246 -0.016 6 0.00 0.813 -0.016 0.2237 -0.0023
1744640671.024889 120 0.746 0.245 -0.015 6 0.00 0.816 -0.015 0.2268 -0.0011
1744640671.025019 120 0.746 0.245 -0.015 6 0.00 0.816 -0.015 0.2268 -0.0011
1744640671.025546 120 0.748 0.245 -0.015 6 0.00 0.819 -0.015 0.2297 -0.0011
1744640671.0258071 120 0.749 0.245 -0.015 6 0.00 0.819 -0.015 0.2297 -0.0011
1744640671.026023 120 0.750 0.245 -0.015 6 0.00 0.819 -0.015 0.2297 -0.0011
1744640671.026502 120 0.752 0.245 -0.014 6 0.00 0.822 -0.014 0.2328 0.0000
1744640671.0265899 120 0.752 0.245 -0.014 6 0.00 0.822 -0.014 0.2328 0.0000
1744640671.027076 120 0.754 0.245 -0.015 6 0.00 0.825 -0.015 0.2357 -0.0011
1744640671.053063 120 0.755 0.245 -0.015 6 0.00 0.825 -0.015 0.2357 -0.0011
1744640671.0537238 120 0.756 0.245 -0.015 6 0.00 0.825 -0.015 0.2357 -0.0011
1744640671.054158 120 0.758 0.245 -0.015 6 0.00 0.828 -0.015 0.2389 -0.0011
1744640671.05425 120 0.758 0.245 -0.015 6 0.00 0.828 -0.015 0.2389 -0.0011
1744640671.063636 120 0.760 0.245 -0.015 6 0.00 0.831 -0.015 0.2418 -0.0011
1744640671.063948 120 0.761 0.245 -0.015 6 0.00 0.831 -0.015 0.2418 -0.0011
1744640671.064152 120 0.762 0.245 -0.015 6 0.00 0.831 -0.015 0.2418 -0.0011
1744640671.1007192 120 0.764 0.245 -0.015 6 0.00 0.834 -0.015 0.2448 -0.0011
1744640671.100812 120 0.764 0.245 -0.015 6 0.00 0.834 -0.015 0.2448 -0.0011
1744640671.101363 120 0.766 0.245 -0.014 6 0.00 0.837 -0.014 0.2479 0.0000
1744640671.1016068 120 0.767 0.245 -0.014 6 0.00 0.837 -0.014 0.2479 0.0000
1744640671.1223779 120 0.768 0.245 -0.014 6 0.00 0.837 -0.014 0.2479 0.0000
1744640671.122883 120 0.770 0.245 -0.015 6 0.00 0.840 -0.015 0.2509 -0.0011
1744640671.122978 120 0.770 0.245 -0.015 6 0.00 0.840 -0.015 0.2509 -0.0011
1744640671.12352 120 0.772 0.245 -0.014 6 0.00 0.843 -0.014 0.2541 0.0000
1744640671.123765 120 0.773 0.245 -0.013 6 0.00 0.843 -0.013 0.2541 0.0012
1744640671.12397 120 0.774 0.245 -0.013 6 0.00 0.843 -0.013 0.2541 0.0012
1744640671.138837 120 0.776 0.245 -0.014 6 0.00 0.846 -0.014 0.2570 0.0000
1744640671.139014 120 0.776 0.245 -0.014 6 0.00 0.846 -0.014 0.2570 0.0000
1744640671.139698 120 0.778 0.245 -0.013 6 0.00 0.849 -0.013 0.2601 0.0012
1744640671.139959 120 0.779 0.245 -0.013 6 0.00 0.849 -0.013 0.2601 0.0012
1744640671.1401758 120 0.780 0.245 -0.013 6 0.00 0.849 -0.013 0.2601 0.0012
1744640671.147904 120 0.782 0.245 -0.013 6 0.00 0.852 -0.013 0.2630 0.0012
1744640671.147995 120 0.782 0.245 -0.013 6 0.00 0.852 -0.013 0.2630 0.0012
1744640671.148643 120 0.784 0.245 -0.012 6 0.00 0.855 -0.012 0.2660 0.0023
1744640671.1586251 120 0.785 0.245 -0.013 6 0.00 0.855 -0.013 0.2660 0.0012
1744640671.203747 120 0.786 0.245 -0.010 6 0.00 0.855 -0.010 0.2660 0.0035
1744640671.204223 120 0.788 0.245 -0.012 6 0.00 0.858 -0.012 0.2690 0.0023
1744640671.20432 120 0.788 0.245 -0.012 6 0.00 0.858 -0.012 0.2690 0.0023
1744640671.2328289 120 0.790 0.245 -0.010 6 0.00 0.861 -0.010 0.2720 0.0035
1744640671.2331772 120 0.791 0.245 -0.012 6 0.00 0.861 -0.012 0.2720 0.0023
1744640671.2334 120 0.792 0.245 -0.010 6 0.00 0.861 -0.010 0.2720 0.0035
1744640671.234158 120 0.794 0.245 -0.010 6 0.00 0.864 -0.010 0.2749 0.0035
1744640671.23425 120 0.794 0.245 -0.010 6 0.00 0.864 -0.010 0.2749 0.0035
1744640671.2651289 120 0.796 0.245 -0.010 6 0.00 0.867 -0.010 0.2778 0.0035
1744640671.265596 120 0.797 0.245 -0.010 6 0.00 0.867 -0.010 0.2778 0.0035
1744640671.26585 120 0.798 0.245 -0.010 6 0.00 0.867 -0.010 0.2778 0.0035
1744640671.2663271 120 0.800 0.245 -0.010 6 0.00 0.870 -0.010 0.2809 0.0035
1744640671.266422 120 0.800 0.245 -0.010 6 0.00 0.870 -0.010 0.2809 0.0035
1744640671.2669811 120 0.802 0.245 -0.010 6 0.00 0.873 -0.010 0.2837 0.0035
1744640671.317693 120 0.803 0.245 -0.010 6 0.00 0.873 -0.010 0.2837 0.0035
1744640671.317935 120 0.804 0.245 -0.010 6 0.00 0.873 -0.010 0.2837 0.0035
1744640671.318445 120 0.806 0.245 -0.009 6 0.00 0.876 -0.009 0.2867 0.0047
1744640671.318538 120 0.806 0.245 -0.009 6 0.00 0.876 -0.009 0.2867 0.0047
1744640671.319036 120 0.808 0.245 -0.009 6 0.00 0.879 -0.009 0.2899 0.0047
1744640671.319287 120 0.809 0.245 -0.009 6 0.00 0.879 -0.009 0.2899 0.0047
1744640671.319523 120 0.810 0.245 -0.009 6 0.00 0.879 -0.009 0.2899 0.0047
1744640671.319995 120 0.812 0.245 -0.008 6 0.00 0.882 -0.008 0.2928 0.0058
1744640671.3200839 120 0.812 0.245 -0.008 6 0.00 0.882 -0.008 0.2928 0.0058
1744640671.320572 120 0.814 0.245 -0.009 6 0.00 0.885 -0.009 0.2958 0.0047
1744640671.320817 120 0.815 0.245 -0.008 6 0.00 0.885 -0.008 0.2958 0.0058
1744640671.321069 120 0.816 0.245 -0.008 6 0.00 0.885 -0.008 0.2958 0.0058
1744640671.337069 120 0.818 0.245 -0.008 6 0.00 0.888 -0.008 0.2988 0.0058
1744640671.337124 120 0.818 0.245 -0.008 6 0.00 0.888 -0.008 0.2988 0.0058
1744640671.337413 120 0.820 0.245 -0.008 6 0.00 0.891 -0.008 0.3016 0.0058
1744640671.380846 120 0.821 0.245 -0.008 6 0.00 0.891 -0.008 0.3016 0.0058
1744640671.381088 120 0.821 0.245 -0.008 6 0.00 0.891 -0.008 0.3016 0.0058
1744640671.381588 120 0.824 0.245 -0.008 6 0.00 0.894 -0.008 0.3047 0.0058
1744640671.382046 120 0.824 0.245 -0.008 6 0.00 0.894 -0.008 0.3047 0.0058
1744640671.3827672 120 0.826 0.245 -0.007 6 0.00 0.897 -0.007 0.3076 0.0070
1744640671.383042 120 0.827 0.245 -0.008 6 0.00 0.897 -0.008 0.3076 0.0058
1744640671.383261 120 0.828 0.245 -0.008 6 0.00 0.897 -0.008 0.3076 0.0058
1744640671.38368 120 0.829 0.245 -0.008 6 0.00 0.900 -0.008 0.3107 0.0058
1744640671.39755 120 0.829 0.245 -0.008 6 0.00 0.900 -0.008 0.3107 0.0058
1744640671.398792 120 0.832 0.245 -0.008 6 0.00 0.903 -0.008 0.3136 0.0058
1744640671.3990889 120 0.833 0.244 -0.007 6 0.00 0.903 -0.007 0.3136 0.0070
1744640671.3993459 120 0.834 0.244 -0.007 6 0.00 0.903 -0.007 0.3136 0.0070
1744640671.42123 120 0.836 0.244 -0.008 6 0.00 0.906 -0.008 0.3168 0.0058
1744640671.4213388 120 0.836 0.244 -0.008 6 0.00 0.906 -0.008 0.3168 0.0058
1744640671.4221141 120 0.838 0.244 -0.007 6 0.00 0.909 -0.007 0.3197 0.0070
1744640671.503065 120 0.839 0.244 -0.008 6 0.00 0.909 -0.008 0.3197 0.0058
1744640671.5033221 120 0.840 0.244 -0.007 6 0.00 0.909 -0.007 0.3197 0.0070
1744640671.503862 120 0.842 0.244 -0.007 6 0.00 0.912 -0.007 0.3228 0.0070
1744640671.503962 120 0.842 0.244 -0.007 6 0.00 0.912 -0.007 0.3228 0.0070
1744640671.514539 120 0.844 0.244 -0.007 6 0.00 0.915 -0.007 0.3257 0.0070
1744640671.5148458 120 0.845 0.244 -0.007 6 0.00 0.915 -0.007 0.3257 0.0070
1744640671.515501 120 0.846 0.244 -0.007 6 0.00 0.915 -0.007 0.3257 0.0070
1744640671.516054 120 0.848 0.244 -0.007 6 0.00 0.918 -0.007 0.3287 0.0070
1744640671.5161579 120 0.848 0.244 -0.007 6 0.00 0.918 -0.007 0.3287 0.0070
1744640671.5168588 120 0.850 0.244 -0.008 6 0.00 0.921 -0.008 0.3318 0.0058
1744640671.517062 120 0.851 0.244 -0.007 6 0.00 0.921 -0.007 0.3318 0.0070
1744640671.517198 120 0.852 0.244 -0.007 6 0.00 0.921 -0.007 0.3318 0.0070
1744640671.517472 120 0.854 0.244 -0.008 6 0.00 0.924 -0.008 0.3348 0.0058
1744640671.517527 120 0.854 0.244 -0.008 6 0.00 0.924 -0.008 0.3348 0.0058
1744640671.529231 120 0.856 0.244 -0.008 6 0.00 0.927 -0.008 0.3378 0.0058
1744640671.5294862 120 0.857 0.244 -0.008 6 0.00 0.927 -0.008 0.3378 0.0058
1744640671.5297012 120 0.858 0.244 -0.008 6 0.00 0.927 -0.008 0.3378 0.0058
1744640671.541952 120 0.860 0.244 -0.007 6 0.00 0.930 -0.007 0.3407 0.0070
1744640671.542018 120 0.860 0.244 -0.007 6 0.00 0.930 -0.007 0.3407 0.0070
1744640671.542333 120 0.862 0.244 -0.008 6 0.00 0.933 -0.008 0.3439 0.0058
1744640671.5659919 120 0.863 0.244 -0.008 6 0.00 0.933 -0.008 0.3439 0.0058
1744640671.566271 120 0.864 0.244 -0.008 6 0.00 0.933 -0.008 0.3439 0.0058
1744640671.5667892 120 0.866 0.244 -0.008 6 0.00 0.936 -0.008 0.3468 0.0058
1744640671.56688 120 0.866 0.244 -0.008 6 0.00 0.936 -0.008 0.3468 0.0058
1744640671.593097 120 0.868 0.244 -0.008 6 0.00 0.939 -0.008 0.3497 0.0058
1744640671.593693 120 0.869 0.244 -0.008 6 0.00 0.939 -0.008 0.3497 0.0058
1744640671.5939589 120 0.870 0.244 -0.008 6 0.00 0.939 -0.008 0.3497 0.0058
1744640671.622368 120 0.872 0.244 -0.008 6 0.00 0.942 -0.008 0.3529 0.0058
1744640671.6224818 120 0.872 0.244 -0.008 6 0.00 0.942 -0.008 0.3529 0.0058
1744640671.622998 120 0.874 0.244 -0.008 6 0.00 0.945 -0.008 0.3558 0.0058
1744640671.6232488 120 0.875 0.244 -0.008 6 0.00 0.945 -0.008 0.3558 0.0058
1744640671.630553 120 0.876 0.244 -0.008 6 0.00 0.945 -0.008 0.3558 0.0058
1744640671.63098 120 0.878 0.244 -0.008 6 0.00 0.948 -0.008 0.3590 0.0058
1744640671.631068 120 0.878 0.244 -0.008 6 0.00 0.948 -0.008 0.3590 0.0058
1744640671.644594 120 0.880 0.244 -0.008 6 0.00 0.951 -0.008 0.3619 0.0058
1744640671.644924 120 0.881 0.244 -0.009 6 0.00 0.951 -0.009 0.3619 0.0047
1744640671.645133 120 0.882 0.244 -0.008 6 0.00 0.951 -0.008 0.3619 0.0058
1744640671.660148 120 0.884 0.244 -0.008 6 0.00 0.954 -0.008 0.3650 0.0058
1744640671.660269 120 0.884 0.244 -0.008 6 0.00 0.954 -0.008 0.3650 0.0058
1744640671.6700711 120 0.886 0.244 -0.009 6 0.00 0.957 -0.009 0.3680 0.0047
1744640671.670219 120 0.887 0.244 -0.009 6 0.00 0.957 -0.009 0.3680 0.0047
1744640671.6703339 120 0.888 0.244 -0.008 6 0.00 0.957 -0.008 0.3680 0.0058
1744640671.6795719 120 0.890 0.244 -0.009 6 0.00 0.960 -0.009 0.3710 0.0047
1744640671.67967 120 0.890 0.244 -0.009 6 0.00 0.960 -0.009 0.3710 0.0047
1744640671.6926389 120 0.892 0.244 -0.009 6 0.00 0.963 -0.009 0.3740 0.0047
1744640671.6928918 120 0.893 0.244 -0.009 6 0.00 0.963 -0.009 0.3740 0.0047
1744640671.701974 120 0.894 0.244 -0.009 6 0.00 0.963 -0.009 0.3740 0.0047
1744640671.715324 120 0.896 0.244 -0.010 6 0.00 0.966 -0.010 0.3770 0.0035
1744640671.7154949 120 0.896 0.244 -0.010 6 0.00 0.966 -0.010 0.3770 0.0035
1744640671.720856 120 0.898 0.244 -0.009 6 0.00 0.969 -0.009 0.3801 0.0047
1744640671.721104 120 0.899 0.244 -0.009 6 0.00 0.969 -0.009 0.3801 0.0047
1744640671.733899 120 0.900 0.244 -0.010 6 0.00 0.969 -0.010 0.3801 0.0035
1744640671.745759 120 0.902 0.244 -0.009 6 0.00 0.972 -0.009 0.3830 0.0047
1744640671.745861 120 0.902 0.244 -0.009 6 0.00 0.972 -0.009 0.3830 0.0047
1744640671.75207 120 0.904 0.244 -0.009 6 0.00 0.975 -0.009 0.3860 0.0047
1744640671.752347 120 0.905 0.244 -0.009 6 0.00 0.975 -0.009 0.3860 0.0047
1744640671.7616131 120 0.906 0.244 -0.009 6 0.00 0.975 -0.009 0.3860 0.0047
1744640671.768725 120 0.908 0.244 -0.009 6 0.00 0.978 -0.009 0.3890 0.0047
1744640671.768831 120 0.908 0.244 -0.009 6 0.00 0.978 -0.009 0.3890 0.0047
1744640671.786507 120 0.910 0.244 -0.009 6 0.00 0.981 -0.009 0.3921 0.0047
1744640671.786808 120 0.911 0.244 -0.009 6 0.00 0.981 -0.009 0.3921 0.0047
1744640671.791393 120 0.912 0.244 -0.008 6 0.00 0.981 -0.008 0.3921 0.0058
1744640671.796315 120 0.914 0.244 -0.009 6 0.00 0.984 -0.009 0.3950 0.0047
1744640671.800533 120 0.914 0.244 -0.009 6 0.00 0.984 -0.009 0.3950 0.0047
1744640671.808382 120 0.916 0.244 -0.010 6 0.00 0.987 -0.010 0.3981 0.0035
1744640671.81286 120 0.917 0.244 -0.010 6 0.00 0.987 -0.010 0.3981 0.0035
1744640671.817218 120 0.918 0.244 -0.009 6 0.00 0.987 -0.009 0.3981 0.0047
1744640671.830024 120 0.920 0.244 -0.010 6 0.00 0.990 -0.010 0.4010 0.0035
1744640671.830132 120 0.920 0.244 -0.010 6 0.00 0.990 -0.010 0.4010 0.0035
1744640671.841017 120 0.922 0.244 -0.009 6 0.00 0.993 -0.009 0.4041 0.0047
1744640671.850671 120 0.923 0.244 -0.010 6 0.00 0.993 -0.010 0.4041 0.0035
1744640671.850827 120 0.924 0.244 -0.010 6 0.00 0.993 -0.010 0.4041 0.0035
1744640671.864807 120 0.926 0.244 -0.010 6 0.00 0.996 -0.010 0.4072 0.0035
1744640671.864946 120 0.926 0.244 -0.010 6 0.00 0.996 -0.010 0.4072 0.0035
1744640671.8757088 120 0.928 0.244 -0.010 6 0.00 0.999 -0.010 0.4101 0.0035
1744640671.8760371 120 0.929 0.244 -0.010 6 0.00 0.999 -0.010 0.4101 0.0035
1744640671.8807611 120 0.930 0.244 -0.010 6 0.00 0.999 -0.010 0.4101 0.0035
1744640671.88974 120 0.932 0.244 -0.010 6 0.00 1.002 -0.010 0.4131 0.0035
1744640671.889837 120 0.932 0.244 -0.010 6 0.00 1.002 -0.010 0.4131 0.0035
1744640671.914109 120 0.934 0.244 -0.010 6 0.00 1.005 -0.010 0.4162 0.0035
1744640671.9144251 120 0.935 0.244 -0.010 6 0.00 1.005 -0.010 0.4162 0.0035
1744640671.9146318 120 0.936 0.244 -0.010 6 0.00 1.005 -0.010 0.4162 0.0035
1744640671.9237928 120 0.938 0.244 -0.010 6 0.00 1.010 -0.010 0.4213 0.0035
1744640671.923916 120 0.938 0.244 -0.010 6 0.00 1.010 -0.010 0.4213 0.0035
1744640671.929318 120 0.940 0.244 -0.004 6 0.00 1.013 -0.003 0.4241 0.0104
1744640671.937663 120 0.940 0.244 0.000 6 0.00 1.013 0.000 0.4241 0.0139
1744640671.937827 120 0.941 0.244 0.004 6 0.00 1.013 0.004 0.4241 0.0174
1744640671.953086 120 0.942 0.244 0.005 6 0.00 1.015 0.005 0.4261 0.0185
1744640671.953197 120 0.942 0.244 0.005 6 0.00 1.015 0.005 0.4261 0.0185
1744640671.960442 120 0.945 0.244 0.004 6 0.00 1.018 0.004 0.4290 0.0174
1744640671.9680262 120 0.946 0.244 0.002 6 0.00 1.018 0.002 0.4290 0.0162
1744640671.96816 120 0.947 0.244 0.000 6 0.00 1.018 0.000 0.4290 0.0139
1744640671.978128 120 0.949 0.244 -0.001 6 0.00 1.021 -0.001 0.4325 0.0128
1744640671.978197 120 0.949 0.244 -0.001 6 0.00 1.021 -0.001 0.4325 0.0128
1744640671.9998221 120 0.951 0.244 0.000 6 0.00 1.025 0.000 0.4355 0.0139
1744640672.000169 120 0.952 0.244 0.001 6 0.00 1.025 0.001 0.4355 0.0151
1744640672.000329 120 0.953 0.244 0.001 6 0.00 1.025 0.001 0.4355 0.0151
1744640672.0142431 120 0.954 0.244 0.004 6 0.00 1.027 0.004 0.4380 0.0174
1744640672.0143528 120 0.954 0.244 0.004 6 0.00 1.027 0.004 0.4380 0.0174
1744640672.019907 120 0.956 0.244 0.005 6 0.00 1.030 0.005 0.4407 0.0185
1744640672.024894 120 0.957 0.244 0.005 6 0.00 1.030 0.005 0.4407 0.0185
1744640672.02965 120 0.958 0.244 0.004 6 0.00 1.030 0.004 0.4407 0.0174
1744640672.037262 120 0.960 0.244 0.005 6 0.00 1.033 0.005 0.4437 0.0185
1744640672.042148 120 0.960 0.244 0.005 6 0.00 1.033 0.005 0.4437 0.0185
1744640672.048772 120 0.962 0.244 0.005 6 0.00 1.036 0.005 0.4468 0.0185
1744640672.073395 120 0.963 0.244 0.005 6 0.00 1.036 0.005 0.4468 0.0185
1744640672.073652 120 0.964 0.244 0.006 6 0.00 1.036 0.006 0.4468 0.0197
1744640672.07411 120 0.966 0.244 0.005 6 0.00 1.038 0.005 0.4492 0.0185
1744640672.074204 120 0.966 0.244 0.005 6 0.00 1.038 0.005 0.4492 0.0185
1744640672.0867682 120 0.968 0.244 0.006 6 0.00 1.041 0.006 0.4521 0.0197
1744640672.0870059 120 0.968 0.244 0.005 6 0.00 1.041 0.005 0.4521 0.0185
1744640672.0972228 120 0.970 0.244 0.005 6 0.00 1.041 0.005 0.4521 0.0185
1744640672.114374 120 0.971 0.244 0.005 6 0.00 1.044 0.005 0.4549 0.0185
1744640672.114454 120 0.971 0.244 0.005 6 0.00 1.044 0.005 0.4549 0.0185
1744640672.114829 120 0.973 0.244 0.005 6 0.00 1.047 0.005 0.4578 0.0185
1744640672.115459 120 0.974 0.244 0.005 6 0.00 1.047 0.005 0.4578 0.0185
1744640672.121933 120 0.975 0.244 0.005 6 0.00 1.047 0.005 0.4578 0.0185
1744640672.126538 120 0.977 0.244 0.005 6 0.00 1.050 0.005 0.4607 0.0185
1744640672.130822 120 0.977 0.244 0.005 6 0.00 1.050 0.005 0.4607 0.0185
1744640672.142211 120 0.979 0.244 0.005 6 0.00 1.053 0.005 0.4638 0.0185
1744640672.142693 120 0.980 0.244 0.005 6 0.00 1.053 0.005 0.4638 0.0185
1744640672.152878 120 0.981 0.244 0.005 6 0.00 1.053 0.005 0.4638 0.0185
1744640672.160126 120 0.983 0.244 0.006 6 0.00 1.056 0.006 0.4667 0.0197
1744640672.160225 120 0.983 0.244 0.006 6 0.00 1.056 0.006 0.4667 0.0197
1744640672.1707551 120 0.985 0.244 0.006 6 0.00 1.059 0.006 0.4699 0.0197
1744640672.17538 120 0.986 0.244 0.006 6 0.00 1.059 0.006 0.4699 0.0197
1744640672.183617 120 0.987 0.244 0.006 6 0.00 1.059 0.006 0.4699 0.0197
1744640672.191017 120 0.989 0.244 0.006 6 0.00 1.062 0.006 0.4729 0.0197
1744640672.191115 120 0.989 0.244 0.006 6 0.00 1.062 0.006 0.4729 0.0197
1744640672.205336 120 0.991 0.244 0.006 6 0.00 1.065 0.006 0.4760 0.0197
1744640672.20572 120 0.992 0.244 0.006 6 0.00 1.065 0.006 0.4760 0.0197
1744640672.2130198 120 0.993 0.244 0.006 6 0.00 1.065 0.006 0.4760 0.0197
1744640672.218085 120 0.995 0.244 0.006 6 0.00 1.068 0.006 0.4790 0.0197
1744640672.2182221 120 0.995 0.244 0.006 6 0.00 1.068 0.006 0.4790 0.0197
1744640672.226926 120 0.997 0.244 0.007 6 0.00 1.071 0.007 0.4821 0.0208
1744640672.231634 120 0.998 0.244 0.007 6 0.00 1.071 0.007 0.4821 0.0208
1744640672.237105 120 0.999 0.244 0.006 6 0.00 1.071 0.006 0.4821 0.0197
1744640672.2477498 120 1.001 0.244 0.007 6 0.00 1.074 0.007 0.4850 0.0208
1744640672.2478452 120 1.001 0.244 0.007 6 0.00 1.074 0.007 0.4850 0.0208
1744640672.262172 120 1.004 0.244 0.007 6 0.00 1.077 0.007 0.4880 0.0208
1744640672.262601 120 1.004 0.244 0.007 6 0.00 1.077 0.007 0.4880 0.0208
1744640672.267647 120 1.005 0.244 0.007 6 0.00 1.077 0.007 0.4880 0.0208
1744640672.27745 120 1.008 0.244 0.007 6 0.00 1.080 0.007 0.4911 0.0208
1744640672.2776792 120 1.008 0.244 0.007 6 0.00 1.080 0.007 0.4911 0.0208
1744640672.2947452 120 1.010 0.244 0.006 6 0.00 1.083 0.006 0.4940 0.0197
1744640672.295161 120 1.010 0.244 0.006 6 0.00 1.083 0.006 0.4940 0.0197
1744640672.3022132 120 1.012 0.244 0.006 6 0.00 1.083 0.006 0.4940 0.0197
1744640672.3073878 120 1.014 0.244 0.007 6 0.00 1.086 0.007 0.4973 0.0208
1744640672.307486 120 1.014 0.244 0.007 6 0.00 1.086 0.007 0.4973 0.0208
1744640672.3180869 120 1.016 0.244 0.006 6 0.00 1.089 0.006 0.5002 0.0197
1744640672.329512 120 1.016 0.244 0.006 6 0.00 1.089 0.006 0.5002 0.0197
1744640672.32967 120 1.018 0.244 0.007 6 0.00 1.089 0.007 0.5002 0.0208
1744640672.335768 120 1.020 0.244 0.006 6 0.00 1.092 0.006 0.5033 0.0197
1744640672.348833 120 1.020 0.244 0.006 6 0.00 1.092 0.006 0.5033 0.0197
1744640672.356388 120 1.022 0.244 0.006 6 0.00 1.095 0.006 0.5062 0.0197
1744640672.3567 120 1.022 0.244 0.007 6 0.00 1.095 0.007 0.5062 0.0208
1744640672.3614998 120 1.024 0.244 0.007 6 0.00 1.095 0.007 0.5062 0.0208
1744640672.371788 120 1.026 0.244 0.006 6 0.00 1.098 0.006 0.5094 0.0197
1744640672.3718882 120 1.026 0.244 0.006 6 0.00 1.098 0.006 0.5094 0.0197
1744640672.383737 120 1.028 0.244 0.007 6 0.00 1.101 0.007 0.5123 0.0208
1744640672.384215 120 1.029 0.244 0.006 6 0.00 1.101 0.006 0.5123 0.0197
1744640672.388584 120 1.030 0.244 0.007 6 0.00 1.101 0.007 0.5123 0.0208
1744640672.398466 120 1.032 0.244 0.007 6 0.00 1.104 0.007 0.5155 0.0208
1744640672.405767 120 1.032 0.244 0.007 6 0.00 1.104 0.007 0.5155 0.0208
1744640672.413186 120 1.034 0.244 0.007 6 0.00 1.107 0.007 0.5184 0.0208
1744640672.413619 120 1.035 0.244 0.007 6 0.00 1.107 0.007 0.5184 0.0208
1744640672.418009 120 1.036 0.244 0.007 6 0.00 1.107 0.007 0.5184 0.0208
1744640672.434238 120 1.038 0.244 0.007 6 0.00 1.110 0.007 0.5215 0.0208
1744640672.434356 120 1.038 0.244 0.007 6 0.00 1.110 0.007 0.5215 0.0208
1744640672.440314 120 1.040 0.244 0.008 6 0.00 1.113 0.008 0.5244 0.0220
1744640672.446822 120 1.041 0.244 0.008 6 0.00 1.113 0.008 0.5244 0.0220
1744640672.451232 120 1.042 0.244 0.007 6 0.00 1.113 0.007 0.5244 0.0208
1744640672.462477 120 1.044 0.244 0.008 6 0.00 1.116 0.008 0.5274 0.0220
1744640672.462581 120 1.044 0.244 0.008 6 0.00 1.116 0.008 0.5274 0.0220
1744640672.467799 120 1.046 0.244 0.008 6 0.00 1.119 0.008 0.5305 0.0220
1744640672.4730859 120 1.047 0.244 0.008 6 0.00 1.119 0.008 0.5305 0.0220
1744640672.482016 120 1.048 0.244 0.008 6 0.00 1.119 0.008 0.5305 0.0220
1744640672.490808 120 1.050 0.244 0.009 6 0.00 1.123 0.009 0.5336 0.0232
1744640672.49086 120 1.050 0.244 0.009 6 0.00 1.123 0.009 0.5336 0.0232
1744640672.5016901 120 1.052 0.244 0.008 6 0.00 1.125 0.008 0.5365 0.0220
1744640672.501958 120 1.053 0.244 0.009 6 0.00 1.125 0.009 0.5365 0.0232
1744640672.520252 120 1.054 0.244 0.009 6 0.00 1.125 0.009 0.5365 0.0232
1744640672.520524 120 1.056 0.244 0.010 6 0.00 1.128 0.010 0.5394 0.0243
1744640672.520774 120 1.056 0.244 0.010 6 0.00 1.128 0.010 0.5394 0.0243
1744640672.535184 120 1.058 0.244 0.009 6 0.00 1.131 0.009 0.5425 0.0232
1744640672.5403001 120 1.059 0.244 0.010 6 0.00 1.131 0.010 0.5425 0.0243
1744640672.540469 120 1.060 0.244 0.009 6 0.00 1.131 0.009 0.5425 0.0232
1744640672.552572 120 1.062 0.244 0.010 6 0.00 1.134 0.010 0.5453 0.0243
1744640672.552674 120 1.062 0.244 0.010 6 0.00 1.134 0.010 0.5453 0.0243
1744640672.559666 120 1.064 0.244 0.009 6 0.00 1.137 0.009 0.5483 0.0232
1744640672.566392 120 1.065 0.244 0.010 6 0.00 1.137 0.010 0.5483 0.0243
1744640672.5718908 120 1.066 0.244 0.010 6 0.00 1.137 0.010 0.5483 0.0243
1744640672.577116 120 1.068 0.244 0.010 6 0.00 1.140 0.010 0.5514 0.0243
1744640672.582355 120 1.068 0.244 0.010 6 0.00 1.140 0.010 0.5514 0.0243
1744640672.596029 120 1.070 0.244 0.010 6 0.00 1.143 0.010 0.5542 0.0243
1744640672.5963452 120 1.071 0.244 0.010 6 0.00 1.143 0.010 0.5542 0.0243
1744640672.6064498 120 1.072 0.244 0.010 6 0.00 1.143 0.010 0.5542 0.0243
1744640672.614197 120 1.074 0.244 0.012 6 0.00 1.146 0.012 0.5571 0.0255
1744640672.614302 120 1.074 0.244 0.012 6 0.00 1.146 0.012 0.5571 0.0255
1744640672.619232 120 1.076 0.244 0.010 6 0.00 1.149 0.010 0.5602 0.0243
1744640672.625011 120 1.077 0.244 0.012 6 0.00 1.149 0.012 0.5602 0.0255
1744640672.6455822 120 1.078 0.244 0.012 6 0.00 1.149 0.012 0.5602 0.0255
1744640672.64609 120 1.080 0.244 0.010 6 0.00 1.152 0.010 0.5631 0.0243
1744640672.646184 120 1.080 0.244 0.010 6 0.00 1.152 0.010 0.5631 0.0243
1744640672.663201 120 1.081 0.244 0.012 6 0.00 1.155 0.012 0.5662 0.0255
1744640672.663528 120 1.083 0.245 0.012 6 0.00 1.155 0.012 0.5662 0.0255
1744640672.663743 120 1.084 0.245 0.012 6 0.00 1.155 0.012 0.5662 0.0255
1744640672.669962 120 1.085 0.245 0.012 6 0.00 1.158 0.012 0.5693 0.0255
1744640672.670072 120 1.085 0.245 0.012 6 0.00 1.158 0.012 0.5693 0.0255
1744640672.6814342 120 1.088 0.245 0.012 6 0.00 1.161 0.012 0.5722 0.0255
1744640672.682389 120 1.089 0.245 0.010 6 0.00 1.161 0.010 0.5722 0.0243
1744640672.707915 120 1.090 0.245 0.010 6 0.00 1.161 0.010 0.5722 0.0243
1744640672.70837 120 1.092 0.245 0.012 6 0.00 1.164 0.012 0.5754 0.0255
1744640672.708462 120 1.092 0.245 0.012 6 0.00 1.164 0.012 0.5754 0.0255
1744640672.709352 120 1.094 0.245 0.010 6 0.00 1.167 0.010 0.5783 0.0243
1744640672.7136672 120 1.095 0.245 0.012 6 0.00 1.167 0.012 0.5783 0.0255
1744640672.71891 120 1.096 0.245 0.012 6 0.00 1.167 0.012 0.5783 0.0255
1744640672.727036 120 1.098 0.245 0.010 6 0.00 1.170 0.010 0.5814 0.0243
1744640672.734931 120 1.098 0.245 0.010 6 0.00 1.170 0.010 0.5814 0.0243
1744640672.7570229 120 1.100 0.245 0.012 6 0.00 1.173 0.012 0.5843 0.0255
1744640672.7573278 120 1.101 0.245 0.010 6 0.00 1.173 0.010 0.5843 0.0243
1744640672.757478 120 1.102 0.245 0.010 6 0.00 1.173 0.010 0.5843 0.0243
1744640672.762389 120 1.104 0.245 0.010 6 0.00 1.176 0.010 0.5875 0.0243
1744640672.762483 120 1.104 0.245 0.010 6 0.00 1.176 0.010 0.5875 0.0243
1744640672.77582 120 1.106 0.245 0.012 6 0.00 1.179 0.012 0.5903 0.0255
1744640672.7762501 120 1.107 0.245 0.010 6 0.00 1.179 0.010 0.5903 0.0243
1744640672.783884 120 1.108 0.245 0.010 6 0.00 1.179 0.010 0.5903 0.0243
1744640672.788501 120 1.110 0.245 0.012 6 0.00 1.183 0.012 0.5935 0.0255
1744640672.7886 120 1.110 0.245 0.012 6 0.00 1.183 0.012 0.5935 0.0255
1744640672.80882 120 1.112 0.245 0.010 6 0.00 1.185 0.010 0.5964 0.0243
1744640672.8188019 120 1.113 0.245 0.012 6 0.00 1.185 0.012 0.5964 0.0255
1744640672.8190432 120 1.114 0.245 0.012 6 0.00 1.185 0.012 0.5964 0.0255
1744640672.8195012 120 1.116 0.245 0.010 6 0.00 1.188 0.010 0.5995 0.0243
1744640672.8195992 120 1.116 0.245 0.010 6 0.00 1.188 0.010 0.5995 0.0243
1744640672.831427 120 1.118 0.245 0.012 6 0.00 1.191 0.012 0.6023 0.0255
1744640672.836141 120 1.119 0.245 0.010 6 0.00 1.191 0.010 0.6023 0.0243
1744640672.8532422 120 1.120 0.245 0.010 6 0.00 1.191 0.010 0.6023 0.0243
1744640672.853707 120 1.122 0.245 0.012 6 0.00 1.194 0.012 0.6055 0.0255
1744640672.853802 120 1.122 0.245 0.012 6 0.00 1.194 0.012 0.6055 0.0255
1744640672.862877 120 1.124 0.245 0.012 6 0.00 1.197 0.012 0.6084 0.0255
1744640672.8631701 120 1.125 0.245 0.012 6 0.00 1.197 0.012 0.6084 0.0255
1744640672.87105 120 1.126 0.245 0.012 6 0.00 1.197 0.012 0.6084 0.0255
1744640672.8827991 120 1.128 0.245 0.012 6 0.00 1.200 0.012 0.6113 0.0255
1744640672.8828359 120 1.128 0.245 0.012 6 0.00 1.200 0.012 0.6113 0.0255
1744640672.889876 120 1.130 0.245 0.012 6 0.00 1.203 0.012 0.6144 0.0255
1744640672.894965 120 1.131 0.245 0.012 6 0.00 1.203 0.012 0.6144 0.0255
1744640672.911505 120 1.131 0.245 0.012 6 0.00 1.203 0.012 0.6144 0.0255
1744640672.911625 120 1.134 0.245 0.012 6 0.00 1.206 0.012 0.6173 0.0255
1744640672.91165 120 1.134 0.245 0.012 6 0.00 1.206 0.012 0.6173 0.0255
1744640672.9212239 120 1.135 0.245 0.012 6 0.00 1.209 0.012 0.6204 0.0255
1744640672.925375 120 1.137 0.245 0.012 6 0.00 1.209 0.012 0.6204 0.0255
1744640672.929719 120 1.138 0.245 0.012 6 0.00 1.209 0.012 0.6204 0.0255
1744640672.942388 120 1.140 0.245 0.013 6 0.00 1.212 0.013 0.6234 0.0266
1744640672.942417 120 1.140 0.245 0.013 6 0.00 1.212 0.013 0.6234 0.0266
1744640672.955831 120 1.142 0.245 0.012 6 0.00 1.215 0.012 0.6264 0.0255
1744640672.955932 120 1.143 0.245 0.010 6 0.00 1.215 0.010 0.6264 0.0243
1744640672.960969 120 1.144 0.245 0.010 6 0.00 1.215 0.010 0.6264 0.0243
1744640672.978558 120 1.146 0.245 0.012 6 0.00 1.218 0.012 0.6293 0.0255
1744640672.978663 120 1.146 0.245 0.012 6 0.00 1.218 0.012 0.6293 0.0255
1744640672.9789891 120 1.148 0.245 0.012 6 0.00 1.221 0.012 0.6324 0.0255
1744640672.986689 120 1.149 0.245 0.012 6 0.00 1.221 0.012 0.6324 0.0255
1744640672.990946 120 1.150 0.245 0.012 6 0.00 1.221 0.012 0.6324 0.0255
1744640673.0007732 120 1.152 0.245 0.010 6 0.00 1.224 0.010 0.6353 0.0243
1744640673.000862 120 1.152 0.245 0.010 6 0.00 1.224 0.010 0.6353 0.0243
1744640673.0107799 120 1.154 0.245 0.012 6 0.00 1.227 0.012 0.6384 0.0255
1744640673.017857 120 1.155 0.245 0.012 6 0.00 1.227 0.012 0.6384 0.0255
1744640673.024127 120 1.156 0.245 0.012 6 0.00 1.227 0.012 0.6384 0.0255
1744640673.031967 120 1.158 0.245 0.012 6 0.00 1.230 0.012 0.6413 0.0255
1744640673.0321841 120 1.158 0.245 0.012 6 0.00 1.230 0.012 0.6413 0.0255
1744640673.046271 120 1.160 0.245 0.013 6 0.00 1.233 0.013 0.6443 0.0266
1744640673.04672 120 1.161 0.245 0.012 6 0.00 1.233 0.012 0.6443 0.0255
1744640673.0647628 120 1.162 0.245 0.012 6 0.00 1.233 0.012 0.6443 0.0255
1744640673.065616 120 1.164 0.245 0.013 6 0.00 1.236 0.013 0.6472 0.0266
1744640673.065701 120 1.164 0.245 0.013 6 0.00 1.236 0.013 0.6472 0.0266
1744640673.071436 120 1.166 0.245 0.012 6 0.00 1.239 0.012 0.6504 0.0255
1744640673.0767202 120 1.167 0.245 0.012 6 0.00 1.239 0.012 0.6504 0.0255
1744640673.082304 120 1.168 0.245 0.012 6 0.00 1.239 0.012 0.6504 0.0255
1744640673.0879722 120 1.170 0.245 0.010 6 0.00 1.242 0.010 0.6534 0.0243
1744640673.095807 120 1.170 0.245 0.010 6 0.00 1.242 0.010 0.6534 0.0243
1744640673.1010969 120 1.172 0.246 0.012 6 0.00 1.245 0.012 0.6563 0.0255
1744640673.105855 120 1.173 0.246 0.010 6 0.00 1.245 0.010 0.6563 0.0243
1744640673.112054 120 1.174 0.246 0.012 6 0.00 1.245 0.012 0.6563 0.0255
1744640673.121002 120 1.176 0.246 0.012 6 0.00 1.248 0.012 0.6594 0.0255
1744640673.121118 120 1.176 0.246 0.012 6 0.00 1.248 0.012 0.6594 0.0255
1744640673.1323578 120 1.178 0.246 0.012 6 0.00 1.251 0.012 0.6624 0.0255
1744640673.1329541 120 1.179 0.246 0.012 6 0.00 1.251 0.012 0.6624 0.0255
1744640673.1532748 120 1.180 0.246 0.010 6 0.00 1.251 0.010 0.6624 0.0243
1744640673.153742 120 1.182 0.246 0.012 6 0.00 1.254 0.012 0.6654 0.0255
1744640673.153836 120 1.182 0.246 0.012 6 0.00 1.254 0.012 0.6654 0.0255
1744640673.17171 120 1.184 0.246 0.010 6 0.00 1.257 0.010 0.6685 0.0243
1744640673.172033 120 1.185 0.246 0.012 6 0.00 1.257 0.012 0.6685 0.0255
1744640673.172191 120 1.186 0.246 0.012 6 0.00 1.257 0.012 0.6685 0.0255
1744640673.1777909 120 1.188 0.246 0.012 6 0.00 1.260 0.012 0.6713 0.0255
1744640673.1890209 120 1.188 0.246 0.012 6 0.00 1.260 0.012 0.6713 0.0255
1744640673.189643 120 1.190 0.246 0.012 6 0.00 1.263 0.012 0.6744 0.0255
1744640673.194907 120 1.191 0.246 0.012 6 0.00 1.263 0.012 0.6744 0.0255
1744640673.199276 120 1.192 0.246 0.012 6 0.00 1.263 0.012 0.6744 0.0255
1744640673.215774 120 1.194 0.246 0.013 6 0.00 1.266 0.013 0.6773 0.0266
1744640673.21588 120 1.194 0.246 0.013 6 0.00 1.266 0.013 0.6773 0.0266
1744640673.241515 120 1.196 0.246 0.012 6 0.00 1.269 0.012 0.6803 0.0255
1744640673.2418501 120 1.197 0.246 0.012 6 0.00 1.269 0.012 0.6803 0.0255
1744640673.2490292 120 1.198 0.246 0.012 6 0.00 1.269 0.012 0.6803 0.0255
1744640673.2496471 120 1.200 0.246 0.012 6 0.00 1.272 0.012 0.6832 0.0255
1744640673.249745 120 1.200 0.246 0.012 6 0.00 1.272 0.012 0.6832 0.0255
1744640673.269071 120 1.202 0.246 0.013 6 0.00 1.275 0.013 0.6863 0.0266
1744640673.269475 120 1.203 0.246 0.013 6 0.00 1.275 0.013 0.6863 0.0266
1744640673.269692 120 1.204 0.246 0.012 6 0.00 1.275 0.012 0.6863 0.0255
1744640673.270754 120 1.206 0.246 0.012 6 0.00 1.278 0.012 0.6891 0.0255
1744640673.270858 120 1.206 0.246 0.012 6 0.00 1.278 0.012 0.6891 0.0255
1744640673.2921221 120 1.208 0.246 0.012 6 0.00 1.281 0.012 0.6922 0.0255
1744640673.292323 120 1.209 0.246 0.012 6 0.00 1.281 0.012 0.6922 0.0255
1744640673.292403 120 1.210 0.246 0.013 6 0.00 1.281 0.013 0.6922 0.0266
1744640673.30434 120 1.212 0.246 0.012 6 0.00 1.284 0.012 0.6951 0.0255
1744640673.3044102 120 1.212 0.246 0.012 6 0.00 1.284 0.012 0.6951 0.0255
1744640673.317573 120 1.214 0.246 0.010 6 0.00 1.287 0.010 0.6982 0.0243
1744640673.317993 120 1.215 0.246 0.012 6 0.00 1.287 0.012 0.6982 0.0255
1744640673.324676 120 1.216 0.246 0.010 6 0.00 1.287 0.010 0.6982 0.0243
1744640673.340209 120 1.218 0.246 0.012 6 0.00 1.290 0.012 0.7012 0.0255
1744640673.3403342 120 1.218 0.246 0.012 6 0.00 1.290 0.012 0.7012 0.0255
1744640673.347737 120 1.220 0.246 0.010 6 0.00 1.293 0.010 0.7043 0.0243
1744640673.348398 120 1.221 0.246 0.010 6 0.00 1.293 0.010 0.7043 0.0243
1744640673.355417 120 1.222 0.246 0.012 6 0.00 1.293 0.012 0.7043 0.0255
1744640673.3795898 120 1.224 0.246 0.010 6 0.00 1.296 0.010 0.7073 0.0243
1744640673.379714 120 1.224 0.246 0.010 6 0.00 1.296 0.010 0.7073 0.0243
1744640673.380192 120 1.226 0.246 0.010 6 0.00 1.299 0.010 0.7105 0.0243
1744640673.380642 120 1.227 0.246 0.010 6 0.00 1.299 0.010 0.7105 0.0243
1744640673.3808131 120 1.228 0.246 0.010 6 0.00 1.299 0.010 0.7105 0.0243
1744640673.389258 120 1.230 0.246 0.010 6 0.00 1.302 0.010 0.7135 0.0243
1744640673.389359 120 1.230 0.246 0.010 6 0.00 1.302 0.010 0.7135 0.0243
1744640673.402679 120 1.232 0.246 0.010 6 0.00 1.306 0.010 0.7166 0.0243
1744640673.424161 120 1.233 0.246 0.010 6 0.00 1.306 0.010 0.7166 0.0243
1744640673.42442 120 1.234 0.246 0.010 6 0.00 1.306 0.010 0.7166 0.0243
1744640673.424875 120 1.236 0.246 0.010 6 0.00 1.309 0.010 0.7196 0.0243
1744640673.42497 120 1.236 0.246 0.010 6 0.00 1.309 0.010 0.7196 0.0243
1744640673.434937 120 1.238 0.246 0.010 6 0.00 1.312 0.010 0.7227 0.0243
1744640673.435549 120 1.239 0.246 0.009 6 0.00 1.312 0.009 0.7227 0.0232
1744640673.439788 120 1.240 0.246 0.009 6 0.00 1.312 0.009 0.7227 0.0232
1744640673.44975 120 1.242 0.246 0.009 6 0.00 1.315 0.009 0.7256 0.0232
1744640673.4498482 120 1.242 0.246 0.009 6 0.00 1.315 0.009 0.7256 0.0232
1744640673.47563 120 1.244 0.246 0.009 6 0.00 1.318 0.009 0.7286 0.0232
1744640673.4764469 120 1.245 0.246 0.009 6 0.00 1.318 0.009 0.7286 0.0232
1744640673.486253 120 1.246 0.246 0.010 6 0.00 1.318 0.010 0.7286 0.0243
1744640673.486433 120 1.248 0.246 0.010 6 0.00 1.320 0.010 0.7315 0.0243
1744640673.486471 120 1.248 0.246 0.010 6 0.00 1.320 0.010 0.7315 0.0243
1744640673.4937851 120 1.250 0.246 0.009 6 0.00 1.323 0.009 0.7345 0.0232
1744640673.506884 120 1.251 0.246 0.009 6 0.00 1.323 0.009 0.7345 0.0232
1744640673.506995 120 1.252 0.246 0.010 6 0.00 1.323 0.010 0.7345 0.0243
1744640673.544272 120 1.254 0.246 0.009 6 0.00 1.326 0.009 0.7374 0.0232
1744640673.544374 120 1.254 0.246 0.009 6 0.00 1.326 0.009 0.7374 0.0232
1744640673.544826 120 1.256 0.246 0.010 6 0.00 1.329 0.010 0.7405 0.0243
1744640673.5451992 120 1.257 0.246 0.010 6 0.00 1.329 0.010 0.7405 0.0243
1744640673.564949 120 1.258 0.246 0.010 6 0.00 1.329 0.010 0.7405 0.0243
1744640673.565532 120 1.260 0.246 0.009 6 0.00 1.332 0.009 0.7434 0.0232
1744640673.565629 120 1.260 0.246 0.009 6 0.00 1.332 0.009 0.7434 0.0232
1744640673.570478 120 1.262 0.246 0.009 6 0.00 1.335 0.009 0.7465 0.0232
1744640673.570813 120 1.263 0.247 0.009 6 0.00 1.335 0.009 0.7465 0.0232
1744640673.5710258 120 1.264 0.247 0.009 6 0.00 1.335 0.009 0.7465 0.0232
1744640673.571462 120 1.266 0.247 0.009 6 0.00 1.338 0.009 0.7494 0.0232
1744640673.571552 120 1.266 0.247 0.009 6 0.00 1.338 0.009 0.7494 0.0232
1744640673.5890582 120 1.268 0.247 0.009 6 0.00 1.342 0.009 0.7525 0.0232
1744640673.589299 120 1.269 0.247 0.009 6 0.00 1.342 0.009 0.7525 0.0232
1744640673.5893838 120 1.270 0.247 0.009 6 0.00 1.342 0.009 0.7525 0.0232
1744640673.6060858 120 1.272 0.247 0.009 6 0.00 1.345 0.009 0.7555 0.0232
1744640673.6061928 120 1.272 0.247 0.009 6 0.00 1.345 0.009 0.7555 0.0232
1744640673.639633 120 1.274 0.247 0.008 6 0.00 1.347 0.008 0.7584 0.0220
1744640673.639968 120 1.275 0.247 0.009 6 0.00 1.347 0.009 0.7584 0.0232
1744640673.64013 120 1.276 0.247 0.009 6 0.00 1.347 0.009 0.7584 0.0232
1744640673.640564 120 1.278 0.247 0.008 6 0.00 1.350 0.008 0.7615 0.0220
1744640673.6406531 120 1.278 0.247 0.008 6 0.00 1.350 0.008 0.7615 0.0220
1744640673.641314 120 1.280 0.247 0.009 6 0.00 1.353 0.009 0.7644 0.0232
1744640673.648729 120 1.281 0.247 0.009 6 0.00 1.353 0.009 0.7644 0.0232
1744640673.6661508 120 1.282 0.247 0.008 6 0.00 1.353 0.008 0.7644 0.0220
1744640673.667001 120 1.284 0.247 0.009 6 0.00 1.357 0.009 0.7676 0.0232
1744640673.6671019 120 1.284 0.247 0.009 6 0.00 1.357 0.009 0.7676 0.0232
1744640673.680982 120 1.286 0.247 0.009 6 0.00 1.359 0.009 0.7704 0.0232
1744640673.68129 120 1.287 0.247 0.008 6 0.00 1.359 0.008 0.7704 0.0220
1744640673.689868 120 1.288 0.247 0.008 6 0.00 1.359 0.008 0.7704 0.0220
1744640673.709239 120 1.290 0.247 0.008 6 0.00 1.363 0.008 0.7736 0.0220
1744640673.7093408 120 1.290 0.247 0.008 6 0.00 1.363 0.008 0.7736 0.0220
1744640673.709843 120 1.292 0.247 0.009 6 0.00 1.365 0.009 0.7764 0.0232
1744640673.710138 120 1.293 0.247 0.009 6 0.00 1.365 0.009 0.7764 0.0232
1744640673.736911 120 1.294 0.247 0.008 6 0.00 1.365 0.008 0.7764 0.0220
1744640673.737371 120 1.296 0.247 0.008 6 0.00 1.369 0.008 0.7795 0.0220
1744640673.737463 120 1.296 0.247 0.008 6 0.00 1.369 0.008 0.7795 0.0220
1744640673.7496011 120 1.298 0.247 0.008 6 0.00 1.371 0.008 0.7824 0.0220
1744640673.749965 120 1.299 0.247 0.008 6 0.00 1.371 0.008 0.7824 0.0220
1744640673.750116 120 1.300 0.247 0.009 6 0.00 1.371 0.009 0.7824 0.0232
1744640673.772288 120 1.302 0.247 0.008 6 0.00 1.374 0.008 0.7855 0.0220
1744640673.772395 120 1.302 0.247 0.008 6 0.00 1.374 0.008 0.7855 0.0220
1744640673.772964 120 1.304 0.247 0.009 6 0.00 1.377 0.009 0.7884 0.0232
1744640673.7878258 120 1.305 0.247 0.009 6 0.00 1.377 0.009 0.7884 0.0232
1744640673.7879848 120 1.306 0.247 0.008 6 0.00 1.377 0.008 0.7884 0.0220
1744640673.7884202 120 1.308 0.247 0.009 6 0.00 1.381 0.009 0.7915 0.0232
1744640673.788515 120 1.308 0.247 0.009 6 0.00 1.381 0.009 0.7915 0.0232
1744640673.7904088 120 1.310 0.247 0.008 6 0.00 1.383 0.008 0.7944 0.0220
1744640673.8300312 120 1.311 0.247 0.008 6 0.00 1.383 0.008 0.7944 0.0220
1744640673.830198 120 1.312 0.247 0.009 6 0.00 1.383 0.009 0.7944 0.0232
1744640673.830762 120 1.314 0.247 0.008 6 0.00 1.386 0.008 0.7975 0.0220
1744640673.830854 120 1.314 0.247 0.008 6 0.00 1.386 0.008 0.7975 0.0220
1744640673.841442 120 1.316 0.247 0.009 6 0.00 1.389 0.009 0.8004 0.0232
1744640673.84175 120 1.317 0.247 0.009 6 0.00 1.389 0.009 0.8004 0.0232
1744640673.8419042 120 1.318 0.247 0.008 6 0.00 1.389 0.008 0.8004 0.0220
1744640673.8502378 120 1.320 0.247 0.009 6 0.00 1.393 0.009 0.8035 0.0232
1744640673.850341 120 1.320 0.247 0.009 6 0.00 1.393 0.009 0.8035 0.0232
1744640673.8637598 120 1.322 0.247 0.008 6 0.00 1.395 0.008 0.8064 0.0220
1744640673.864161 120 1.323 0.247 0.008 6 0.00 1.395 0.008 0.8064 0.0220
1744640673.87868 120 1.324 0.247 0.009 6 0.00 1.395 0.009 0.8064 0.0232
1744640673.878926 120 1.326 0.247 0.009 6 0.00 1.399 0.009 0.8095 0.0232
1744640673.878974 120 1.326 0.247 0.009 6 0.00 1.399 0.009 0.8095 0.0232
1744640673.879207 120 1.328 0.247 0.009 6 0.00 1.401 0.009 0.8125 0.0232
1744640673.889639 120 1.329 0.247 0.009 6 0.00 1.401 0.009 0.8125 0.0232
1744640673.8897479 120 1.330 0.247 0.009 6 0.00 1.401 0.009 0.8125 0.0232
1744640673.90049 120 1.332 0.247 0.009 6 0.00 1.404 0.009 0.8155 0.0232
1744640673.900583 120 1.332 0.247 0.009 6 0.00 1.404 0.009 0.8155 0.0232
1744640673.925193 120 1.334 0.247 0.009 6 0.00 1.407 0.009 0.8184 0.0232
1744640673.925534 120 1.335 0.247 0.009 6 0.00 1.407 0.009 0.8184 0.0232
1744640673.9256918 120 1.336 0.247 0.009 6 0.00 1.407 0.009 0.8184 0.0232
1744640673.931672 120 1.338 0.247 0.009 6 0.00 1.411 0.009 0.8216 0.0232
1744640673.931825 120 1.338 0.247 0.009 6 0.00 1.411 0.009 0.8216 0.0232
1744640673.9420722 120 1.340 0.247 0.008 6 0.00 1.414 0.008 0.8247 0.0220
1744640673.951605 120 1.341 0.247 0.008 6 0.00 1.414 0.008 0.8247 0.0220
1744640673.951797 120 1.342 0.247 0.009 6 0.00 1.414 0.009 0.8247 0.0232
1744640673.967631 120 1.344 0.247 0.008 6 0.00 1.417 0.008 0.8276 0.0220
1744640673.9677958 120 1.344 0.247 0.008 6 0.00 1.417 0.008 0.8276 0.0220
1744640673.972794 120 1.346 0.247 0.008 6 0.00 1.419 0.008 0.8305 0.0220
1744640673.985155 120 1.347 0.247 0.008 6 0.00 1.419 0.008 0.8305 0.0220
1744640673.985377 120 1.348 0.247 0.008 6 0.00 1.419 0.008 0.8305 0.0220
1744640674.0104342 120 1.350 0.247 0.007 6 0.00 1.423 0.007 0.8336 0.0208
1744640674.010582 120 1.350 0.247 0.007 6 0.00 1.423 0.007 0.8336 0.0208
1744640674.011095 120 1.352 0.247 0.008 6 0.00 1.425 0.008 0.8365 0.0220
1744640674.011392 120 1.353 0.247 0.008 6 0.00 1.425 0.008 0.8365 0.0220
1744640674.011594 120 1.354 0.247 0.008 6 0.00 1.425 0.008 0.8365 0.0220
1744640674.027833 120 1.356 0.247 0.008 6 0.00 1.429 0.008 0.8397 0.0220
1744640674.027942 120 1.356 0.247 0.008 6 0.00 1.429 0.008 0.8397 0.0220
1744640674.0339148 120 1.358 0.247 0.008 6 0.00 1.432 0.008 0.8426 0.0220
1744640674.060874 120 1.359 0.247 0.009 6 0.00 1.432 0.009 0.8426 0.0232
1744640674.060972 120 1.359 0.247 0.009 6 0.00 1.432 0.009 0.8426 0.0232
1744640674.0649338 120 1.361 0.247 0.008 6 0.00 1.435 0.008 0.8458 0.0220
1744640674.065106 120 1.362 0.247 0.009 6 0.00 1.435 0.009 0.8458 0.0232
1744640674.0658529 120 1.363 0.247 0.008 6 0.00 1.438 0.008 0.8487 0.0220
1744640674.077953 120 1.365 0.247 0.008 6 0.00 1.438 0.008 0.8487 0.0220
1744640674.078071 120 1.365 0.247 0.008 6 0.00 1.438 0.008 0.8487 0.0220
1744640674.086079 120 1.367 0.247 0.008 6 0.00 1.441 0.008 0.8516 0.0220
1744640674.086185 120 1.368 0.247 0.008 6 0.00 1.441 0.008 0.8516 0.0220
1744640674.0910609 120 1.369 0.247 0.008 6 0.00 1.444 0.008 0.8547 0.0220
1744640674.100092 120 1.371 0.247 0.008 6 0.00 1.444 0.008 0.8547 0.0220
1744640674.114364 120 1.371 0.247 0.008 6 0.00 1.444 0.008 0.8547 0.0220
1744640674.1150029 120 1.373 0.247 0.008 6 0.00 1.447 0.008 0.8576 0.0220
1744640674.115207 120 1.374 0.247 0.008 6 0.00 1.447 0.008 0.8576 0.0220
1744640674.126566 120 1.375 0.247 0.008 6 0.00 1.450 0.008 0.8606 0.0220
1744640674.1330209 120 1.377 0.247 0.008 6 0.00 1.450 0.008 0.8606 0.0220
1744640674.1331542 120 1.377 0.247 0.008 6 0.00 1.450 0.008 0.8606 0.0220
1744640674.150628 120 1.379 0.248 0.008 6 0.00 1.453 0.008 0.8635 0.0220
1744640674.150835 120 1.380 0.248 0.008 6 0.00 1.453 0.008 0.8635 0.0220
1744640674.151105 120 1.381 0.248 0.008 6 0.00 1.456 0.008 0.8666 0.0220
1744640674.161062 120 1.383 0.248 0.008 6 0.00 1.456 0.008 0.8666 0.0220
1744640674.1612082 120 1.383 0.248 0.008 6 0.00 1.456 0.008 0.8666 0.0220
1744640674.174609 120 1.385 0.248 0.007 6 0.00 1.459 0.007 0.8695 0.0208
1744640674.1748118 120 1.386 0.248 0.007 6 0.00 1.459 0.007 0.8695 0.0208
1744640674.2146912 120 1.387 0.248 0.008 6 0.00 1.462 0.008 0.8726 0.0220
1744640674.2152479 120 1.389 0.248 0.007 6 0.00 1.462 0.007 0.8726 0.0208
1744640674.215358 120 1.389 0.248 0.007 6 0.00 1.462 0.007 0.8726 0.0208
1744640674.218246 120 1.391 0.248 0.008 6 0.00 1.464 0.008 0.8755 0.0220
1744640674.218505 120 1.392 0.248 0.008 6 0.00 1.464 0.008 0.8755 0.0220
1744640674.218842 120 1.393 0.248 0.008 6 0.00 1.468 0.008 0.8786 0.0220
1744640674.219263 120 1.395 0.248 0.007 6 0.00 1.468 0.007 0.8786 0.0208
1744640674.2193542 120 1.395 0.248 0.007 6 0.00 1.468 0.007 0.8786 0.0208
1744640674.2445009 120 1.397 0.248 0.007 6 0.00 1.471 0.007 0.8815 0.0208
1744640674.244708 120 1.398 0.248 0.007 6 0.00 1.471 0.007 0.8815 0.0208
1744640674.2450318 120 1.399 0.248 0.008 6 0.00 1.474 0.008 0.8846 0.0220
1744640674.246163 120 1.401 0.248 0.008 6 0.00 1.474 0.008 0.8846 0.0220
1744640674.261384 120 1.401 0.248 0.008 6 0.00 1.474 0.008 0.8846 0.0220
1744640674.269897 120 1.403 0.248 0.007 6 0.00 1.477 0.007 0.8875 0.0208
1744640674.270111 120 1.404 0.248 0.007 6 0.00 1.477 0.007 0.8875 0.0208
1744640674.270445 120 1.405 0.248 0.007 6 0.00 1.480 0.007 0.8907 0.0208
1744640674.279964 120 1.407 0.248 0.007 6 0.00 1.480 0.007 0.8907 0.0208
1744640674.280064 120 1.407 0.248 0.007 6 0.00 1.480 0.007 0.8907 0.0208
1744640674.2978811 120 1.409 0.248 0.007 6 0.00 1.483 0.007 0.8936 0.0208
1744640674.2980921 120 1.410 0.248 0.008 6 0.00 1.483 0.008 0.8936 0.0220
1744640674.324139 120 1.411 0.248 0.007 6 0.00 1.486 0.007 0.8966 0.0208
1744640674.3245819 120 1.413 0.248 0.007 6 0.00 1.486 0.007 0.8966 0.0208
1744640674.3247309 120 1.413 0.248 0.007 6 0.00 1.486 0.007 0.8966 0.0208
1744640674.328744 120 1.415 0.248 0.007 6 0.00 1.489 0.007 0.8996 0.0208
1744640674.328968 120 1.416 0.248 0.007 6 0.00 1.489 0.007 0.8996 0.0208
1744640674.340565 120 1.417 0.248 0.007 6 0.00 1.491 0.007 0.9024 0.0208
1744640674.341008 120 1.419 0.248 0.007 6 0.00 1.491 0.007 0.9024 0.0208
1744640674.3411012 120 1.419 0.248 0.007 6 0.00 1.491 0.007 0.9024 0.0208
1744640674.359465 120 1.421 0.248 0.007 6 0.00 1.495 0.007 0.9056 0.0208
1744640674.359683 120 1.422 0.248 0.007 6 0.00 1.495 0.007 0.9056 0.0208
1744640674.36434 120 1.423 0.248 0.008 6 0.00 1.497 0.008 0.9084 0.0220
1744640674.364816 120 1.425 0.248 0.007 6 0.00 1.497 0.007 0.9084 0.0208
1744640674.389478 120 1.425 0.248 0.007 6 0.00 1.497 0.007 0.9084 0.0208
1744640674.389993 120 1.427 0.248 0.008 6 0.00 1.501 0.008 0.9115 0.0220
1744640674.3901849 120 1.428 0.248 0.008 6 0.00 1.501 0.008 0.9115 0.0220
1744640674.396696 120 1.429 0.248 0.007 6 0.00 1.503 0.007 0.9144 0.0208
1744640674.397104 120 1.431 0.248 0.007 6 0.00 1.503 0.007 0.9144 0.0208
1744640674.4085639 120 1.431 0.248 0.007 6 0.00 1.503 0.007 0.9144 0.0208
1744640674.414216 120 1.433 0.248 0.007 6 0.00 1.507 0.007 0.9176 0.0208
1744640674.4147189 120 1.434 0.248 0.007 6 0.00 1.507 0.007 0.9176 0.0208
1744640674.423433 120 1.435 0.248 0.007 6 0.00 1.509 0.007 0.9204 0.0208
1744640674.430848 120 1.437 0.248 0.007 6 0.00 1.509 0.007 0.9204 0.0208
1744640674.440788 120 1.437 0.248 0.007 6 0.00 1.509 0.007 0.9204 0.0208
1744640674.447582 120 1.439 0.248 0.008 6 0.00 1.512 0.008 0.9233 0.0220
1744640674.447808 120 1.440 0.248 0.008 6 0.00 1.512 0.008 0.9233 0.0220
1744640674.477824 120 1.441 0.248 0.007 6 0.00 1.515 0.007 0.9263 0.0208
1744640674.478257 120 1.443 0.248 0.008 6 0.00 1.515 0.008 0.9263 0.0220
1744640674.478401 120 1.443 0.248 0.008 6 0.00 1.515 0.008 0.9263 0.0220
1744640674.489494 120 1.445 0.248 0.008 6 0.00 1.518 0.008 0.9293 0.0220
1744640674.489698 120 1.446 0.248 0.008 6 0.00 1.518 0.008 0.9293 0.0220
1744640674.489964 120 1.447 0.248 0.008 6 0.00 1.521 0.008 0.9323 0.0220
1744640674.490431 120 1.449 0.248 0.008 6 0.00 1.521 0.008 0.9323 0.0220
1744640674.4986272 120 1.449 0.248 0.008 6 0.00 1.521 0.008 0.9323 0.0220
1744640674.5046241 120 1.451 0.248 0.008 6 0.00 1.524 0.008 0.9353 0.0220
1744640674.504739 120 1.452 0.248 0.009 6 0.00 1.524 0.009 0.9353 0.0232
1744640674.523078 120 1.453 0.248 0.008 6 0.00 1.527 0.008 0.9381 0.0220
1744640674.523354 120 1.455 0.248 0.009 6 0.00 1.527 0.009 0.9381 0.0232
1744640674.53969 120 1.455 0.248 0.009 6 0.00 1.527 0.009 0.9381 0.0232
1744640674.540221 120 1.457 0.248 0.009 6 0.00 1.530 0.009 0.9412 0.0232
1744640674.540413 120 1.458 0.248 0.009 6 0.00 1.530 0.009 0.9412 0.0232
1744640674.54761 120 1.459 0.248 0.009 6 0.00 1.533 0.009 0.9441 0.0232
1744640674.5481331 120 1.461 0.248 0.008 6 0.00 1.533 0.008 0.9441 0.0220
1744640674.55674 120 1.461 0.248 0.008 6 0.00 1.533 0.008 0.9441 0.0220
1744640674.566286 120 1.463 0.248 0.009 6 0.00 1.536 0.009 0.9472 0.0232
1744640674.566505 120 1.464 0.248 0.009 6 0.00 1.536 0.009 0.9472 0.0232
1744640674.57191 120 1.465 0.248 0.008 6 0.00 1.539 0.008 0.9501 0.0220
1744640674.579613 120 1.467 0.248 0.008 6 0.00 1.539 0.008 0.9501 0.0220
1744640674.588931 120 1.467 0.248 0.008 6 0.00 1.539 0.008 0.9501 0.0220
1744640674.59649 120 1.469 0.248 0.008 6 0.00 1.542 0.008 0.9533 0.0220
1744640674.596694 120 1.470 0.248 0.008 6 0.00 1.542 0.008 0.9533 0.0220
1744640674.6073978 120 1.471 0.248 0.008 6 0.00 1.545 0.008 0.9561 0.0220
1744640674.608026 120 1.473 0.248 0.008 6 0.00 1.545 0.008 0.9561 0.0220
1744640674.612421 120 1.473 0.248 0.008 6 0.00 1.545 0.008 0.9561 0.0220
1744640674.632071 120 1.475 0.248 0.008 6 0.00 1.548 0.008 0.9593 0.0220
1744640674.632313 120 1.476 0.248 0.008 6 0.00 1.548 0.008 0.9593 0.0220
1744640674.639162 120 1.477 0.248 0.007 6 0.00 1.551 0.007 0.9622 0.0208
1744640674.639585 120 1.479 0.248 0.008 6 0.00 1.551 0.008 0.9622 0.0220
1744640674.6396742 120 1.479 0.248 0.008 6 0.00 1.551 0.008 0.9622 0.0220
1744640674.6518989 120 1.481 0.248 0.007 6 0.00 1.554 0.007 0.9654 0.0208
1744640674.652111 120 1.482 0.248 0.007 6 0.00 1.554 0.007 0.9654 0.0208
1744640674.666987 120 1.483 0.248 0.007 6 0.00 1.557 0.007 0.9684 0.0208
1744640674.672266 120 1.485 0.248 0.007 6 0.00 1.557 0.007 0.9684 0.0208
1744640674.6723242 120 1.485 0.248 0.007 6 0.00 1.557 0.007 0.9684 0.0208
1744640674.681328 120 1.487 0.248 0.007 6 0.00 1.560 0.007 0.9714 0.0208
1744640674.681437 120 1.488 0.248 0.007 6 0.00 1.560 0.007 0.9714 0.0208
1744640674.6899352 120 1.489 0.248 0.006 6 0.00 1.563 0.006 0.9744 0.0197
1744640674.694998 120 1.491 0.248 0.007 6 0.00 1.563 0.007 0.9744 0.0208
1744640674.70012 120 1.491 0.248 0.007 6 0.00 1.563 0.007 0.9744 0.0208
1744640674.710304 120 1.493 0.248 0.006 6 0.00 1.566 0.006 0.9774 0.0197
1744640674.710505 120 1.494 0.248 0.006 6 0.00 1.566 0.006 0.9774 0.0197
1744640674.720531 120 1.495 0.248 0.006 6 0.00 1.570 0.006 0.9806 0.0197
1744640674.725605 120 1.497 0.248 0.005 6 0.00 1.570 0.005 0.9806 0.0185
1744640674.7310321 120 1.497 0.248 0.005 6 0.00 1.570 0.005 0.9806 0.0185
1744640674.751916 120 1.499 0.248 0.006 6 0.00 1.573 0.006 0.9835 0.0197
1744640674.752116 120 1.500 0.248 0.005 6 0.00 1.573 0.005 0.9835 0.0185
1744640674.752379 120 1.501 0.248 0.005 6 0.00 1.576 0.005 0.9866 0.0185
1744640674.757321 120 1.503 0.248 0.006 6 0.00 1.576 0.006 0.9866 0.0197
1744640674.761332 120 1.503 0.248 0.006 6 0.00 1.576 0.006 0.9866 0.0197
1744640674.787759 120 1.505 0.248 0.004 6 0.00 1.579 0.004 0.9896 0.0174
1744640674.787968 120 1.507 0.248 0.005 6 0.00 1.579 0.005 0.9896 0.0185
1744640674.794 120 1.507 0.248 0.005 6 0.00 1.582 0.005 0.9926 0.0185
1744640674.7944021 120 1.509 0.248 0.004 6 0.00 1.582 0.004 0.9926 0.0174
1744640674.794497 120 1.509 0.248 0.004 6 0.00 1.582 0.004 0.9926 0.0174
1744640674.802263 120 1.511 0.248 0.005 6 0.00 1.585 0.005 0.9957 0.0185
1744640674.80246 120 1.513 0.248 0.004 6 0.00 1.585 0.004 0.9957 0.0174
1744640674.813109 120 1.513 0.248 0.005 6 0.00 1.588 0.005 0.9986 0.0185
1744640674.817537 120 1.515 0.248 0.004 6 0.00 1.588 0.004 0.9986 0.0174
1744640674.8231308 120 1.515 0.248 0.004 6 0.00 1.588 0.004 0.9986 0.0174
1744640674.8345332 120 1.517 0.248 0.005 6 0.00 1.591 0.005 1.0018 0.0185
1744640674.834796 120 1.519 0.248 0.005 6 0.00 1.591 0.005 1.0018 0.0185
1744640674.8401952 120 1.519 0.248 0.005 6 0.00 1.594 0.005 1.0046 0.0185
1744640674.845742 120 1.521 0.248 0.005 6 0.00 1.594 0.005 1.0046 0.0185
1744640674.852265 120 1.521 0.248 0.005 6 0.00 1.594 0.005 1.0046 0.0185
1744640674.8595278 120 1.523 0.249 0.004 6 0.00 1.597 0.004 1.0076 0.0174
1744640674.867794 120 1.525 0.249 0.002 6 0.00 1.597 0.002 1.0076 0.0162
1744640674.873259 120 1.525 0.249 0.004 6 0.00 1.600 0.004 1.0107 0.0174
1744640674.877734 120 1.527 0.249 0.004 6 0.00 1.600 0.004 1.0107 0.0174
1744640674.8867042 120 1.527 0.249 0.004 6 0.00 1.600 0.004 1.0107 0.0174
1744640674.891794 120 1.529 0.249 0.005 6 0.00 1.603 0.005 1.0137 0.0185
1744640674.891984 120 1.531 0.249 0.004 6 0.00 1.603 0.004 1.0137 0.0174
1744640674.904362 120 1.531 0.249 0.004 6 0.00 1.606 0.004 1.0167 0.0174
1744640674.909399 120 1.533 0.249 0.005 6 0.00 1.606 0.005 1.0167 0.0185
1744640674.909503 120 1.533 0.249 0.005 6 0.00 1.606 0.005 1.0167 0.0185
1744640674.91988 120 1.535 0.249 0.005 6 0.00 1.609 0.005 1.0196 0.0185
1744640674.924654 120 1.537 0.249 0.005 6 0.00 1.609 0.005 1.0196 0.0185
1744640674.931232 120 1.537 0.249 0.006 6 0.00 1.612 0.006 1.0227 0.0197
1744640674.9359848 120 1.539 0.249 0.005 6 0.00 1.612 0.005 1.0227 0.0185
1744640674.940941 120 1.539 0.249 0.005 6 0.00 1.612 0.005 1.0227 0.0185
1744640674.958407 120 1.541 0.249 0.004 6 0.00 1.615 0.004 1.0256 0.0174
1744640674.9586098 120 1.542 0.249 0.005 6 0.00 1.615 0.005 1.0256 0.0185
1744640674.9630022 120 1.543 0.249 0.005 6 0.00 1.618 0.005 1.0286 0.0185
1744640674.96943 120 1.545 0.249 0.006 6 0.00 1.618 0.006 1.0286 0.0197
1744640674.969526 120 1.545 0.249 0.006 6 0.00 1.618 0.006 1.0286 0.0197
1744640674.979806 120 1.547 0.249 0.005 6 0.00 1.621 0.005 1.0315 0.0185
1744640674.9803 120 1.548 0.249 0.006 6 0.00 1.621 0.006 1.0315 0.0197
1744640674.993454 120 1.549 0.249 0.006 6 0.00 1.624 0.006 1.0346 0.0197
1744640674.998027 120 1.551 0.249 0.006 6 0.00 1.624 0.006 1.0346 0.0197
1744640675.0077949 120 1.551 0.249 0.006 6 0.00 1.624 0.006 1.0346 0.0197
1744640675.015085 120 1.553 0.249 0.006 6 0.00 1.626 0.006 1.0375 0.0197
1744640675.0152771 120 1.554 0.249 0.006 6 0.00 1.626 0.006 1.0375 0.0197
1744640675.020139 120 1.555 0.249 0.006 6 0.00 1.630 0.006 1.0405 0.0197
1744640675.028574 120 1.557 0.249 0.007 6 0.00 1.630 0.007 1.0405 0.0208
1744640675.028667 120 1.557 0.249 0.007 6 0.00 1.630 0.007 1.0405 0.0208
1744640675.04979 120 1.559 0.249 0.006 6 0.00 1.632 0.006 1.0434 0.0197
1744640675.049985 120 1.560 0.249 0.007 6 0.00 1.632 0.007 1.0434 0.0208
1744640675.050244 120 1.561 0.249 0.007 6 0.00 1.635 0.007 1.0465 0.0208
1744640675.061455 120 1.563 0.249 0.007 6 0.00 1.635 0.007 1.0465 0.0208
1744640675.066431 120 1.563 0.249 0.007 6 0.00 1.635 0.007 1.0465 0.0208
1744640675.0713239 120 1.565 0.249 0.007 6 0.00 1.638 0.007 1.0493 0.0208
1744640675.071454 120 1.566 0.249 0.007 6 0.00 1.638 0.007 1.0493 0.0208
1744640675.080977 120 1.567 0.249 0.006 6 0.00 1.641 0.006 1.0523 0.0197
1744640675.089178 120 1.569 0.249 0.007 6 0.00 1.641 0.007 1.0523 0.0208
1744640675.089261 120 1.569 0.249 0.007 6 0.00 1.641 0.007 1.0523 0.0208
1744640675.105803 120 1.571 0.249 0.007 6 0.00 1.644 0.007 1.0554 0.0208
1744640675.106035 120 1.572 0.249 0.007 6 0.00 1.644 0.007 1.0554 0.0208
1744640675.1135218 120 1.573 0.249 0.007 6 0.00 1.647 0.007 1.0582 0.0208
1744640675.118798 120 1.575 0.249 0.007 6 0.00 1.647 0.007 1.0582 0.0208
1744640675.123946 120 1.575 0.249 0.007 6 0.00 1.647 0.007 1.0582 0.0208
1744640675.128783 120 1.577 0.249 0.007 6 0.00 1.650 0.007 1.0614 0.0208
1744640675.1346471 120 1.578 0.249 0.007 6 0.00 1.650 0.007 1.0614 0.0208
1744640675.1408918 120 1.579 0.249 0.007 6 0.00 1.653 0.007 1.0642 0.0208
1744640675.145623 120 1.581 0.249 0.006 6 0.00 1.653 0.006 1.0642 0.0197
1744640675.150433 120 1.581 0.249 0.006 6 0.00 1.653 0.006 1.0642 0.0197
1744640675.1710541 120 1.583 0.249 0.006 6 0.00 1.656 0.006 1.0674 0.0197
1744640675.171264 120 1.584 0.249 0.007 6 0.00 1.656 0.007 1.0674 0.0208
1744640675.1718552 120 1.585 0.249 0.006 6 0.00 1.659 0.006 1.0704 0.0197
1744640675.185285 120 1.587 0.249 0.006 6 0.00 1.659 0.006 1.0704 0.0197
1744640675.1964102 120 1.587 0.249 0.006 6 0.00 1.659 0.006 1.0704 0.0197
1744640675.19697 120 1.589 0.249 0.006 6 0.00 1.662 0.006 1.0734 0.0197
1744640675.197161 120 1.590 0.249 0.005 6 0.00 1.662 0.005 1.0734 0.0185
1744640675.205392 120 1.591 0.249 0.005 6 0.00 1.666 0.005 1.0765 0.0185
1744640675.210691 120 1.593 0.249 0.005 6 0.00 1.666 0.005 1.0765 0.0185
1744640675.210785 120 1.593 0.249 0.005 6 0.00 1.666 0.005 1.0765 0.0185
1744640675.221462 120 1.595 0.249 0.005 6 0.00 1.669 0.005 1.0797 0.0185
1744640675.221656 120 1.596 0.249 0.006 6 0.00 1.669 0.006 1.0797 0.0197
1744640675.233144 120 1.597 0.249 0.006 6 0.00 1.671 0.006 1.0824 0.0197
1744640675.2433999 120 1.599 0.249 0.006 6 0.00 1.671 0.006 1.0824 0.0197
1744640675.2434938 120 1.599 0.249 0.006 6 0.00 1.671 0.006 1.0824 0.0197
1744640675.2527518 120 1.601 0.249 0.006 6 0.00 1.675 0.006 1.0856 0.0197
1744640675.252942 120 1.602 0.249 0.006 6 0.00 1.675 0.006 1.0856 0.0197
1744640675.270302 120 1.603 0.249 0.006 6 0.00 1.678 0.006 1.0886 0.0197
1744640675.277646 120 1.605 0.249 0.005 6 0.00 1.678 0.005 1.0886 0.0185
1744640675.277687 120 1.605 0.249 0.005 6 0.00 1.678 0.005 1.0886 0.0185
1744640675.282322 120 1.607 0.249 0.006 6 0.00 1.681 0.006 1.0917 0.0197
1744640675.282451 120 1.608 0.249 0.006 6 0.00 1.681 0.006 1.0917 0.0197
1744640675.292774 120 1.609 0.249 0.006 6 0.00 1.683 0.006 1.0944 0.0197
1744640675.300382 120 1.611 0.249 0.008 6 0.00 1.683 0.008 1.0944 0.0220
1744640675.304918 120 1.611 0.249 0.008 6 0.00 1.683 0.008 1.0944 0.0220
1744640675.3168662 120 1.613 0.249 0.007 6 0.00 1.686 0.007 1.0975 0.0208
1744640675.31706 120 1.614 0.249 0.007 6 0.00 1.686 0.007 1.0975 0.0208
1744640675.3228889 120 1.615 0.249 0.007 6 0.00 1.689 0.007 1.1003 0.0208
1744640675.328369 120 1.617 0.249 0.007 6 0.00 1.689 0.007 1.1003 0.0208
1744640675.3357599 120 1.617 0.249 0.007 6 0.00 1.689 0.007 1.1003 0.0208
1744640675.343991 120 1.619 0.249 0.008 6 0.00 1.692 0.008 1.1034 0.0220
1744640675.344193 120 1.620 0.249 0.007 6 0.00 1.692 0.007 1.1034 0.0208
1744640675.348755 120 1.621 0.249 0.007 6 0.00 1.695 0.007 1.1063 0.0208
1744640675.382808 120 1.623 0.249 0.008 6 0.00 1.695 0.008 1.1063 0.0220
1744640675.3829062 120 1.623 0.249 0.008 6 0.00 1.695 0.008 1.1063 0.0220
1744640675.390007 120 1.625 0.249 0.007 6 0.00 1.698 0.007 1.1094 0.0208
1744640675.390202 120 1.626 0.249 0.007 6 0.00 1.698 0.007 1.1094 0.0208
1744640675.390518 120 1.627 0.249 0.008 6 0.00 1.701 0.008 1.1123 0.0220
1744640675.3910248 120 1.629 0.249 0.007 6 0.00 1.701 0.007 1.1123 0.0208
1744640675.409596 120 1.629 0.249 0.007 6 0.00 1.701 0.007 1.1123 0.0208
1744640675.41757 120 1.631 0.249 0.007 6 0.00 1.704 0.007 1.1154 0.0208
1744640675.417907 120 1.632 0.249 0.006 6 0.00 1.704 0.006 1.1154 0.0197
1744640675.41822 120 1.633 0.249 0.006 6 0.00 1.707 0.006 1.1184 0.0197
1744640675.418719 120 1.635 0.249 0.007 6 0.00 1.707 0.007 1.1184 0.0208
1744640675.423497 120 1.635 0.249 0.007 6 0.00 1.707 0.007 1.1184 0.0208
1744640675.433028 120 1.637 0.249 0.007 6 0.00 1.710 0.007 1.1214 0.0208
1744640675.433297 120 1.638 0.249 0.007 6 0.00 1.710 0.007 1.1214 0.0208
1744640675.446953 120 1.639 0.249 0.007 6 0.00 1.713 0.007 1.1243 0.0208
1744640675.462944 120 1.641 0.249 0.006 6 0.00 1.713 0.006 1.1243 0.0197
1744640675.463061 120 1.641 0.249 0.006 6 0.00 1.713 0.006 1.1243 0.0197
1744640675.4814332 120 1.643 0.249 0.007 6 0.00 1.716 0.007 1.1274 0.0208
1744640675.481699 120 1.644 0.249 0.006 6 0.00 1.716 0.006 1.1274 0.0197
1744640675.481911 120 1.645 0.249 0.007 6 0.00 1.720 0.007 1.1305 0.0208
1744640675.496703 120 1.647 0.249 0.006 6 0.00 1.720 0.006 1.1305 0.0197
1744640675.4967942 120 1.647 0.249 0.006 6 0.00 1.720 0.006 1.1305 0.0197
1744640675.505601 120 1.650 0.249 0.006 6 0.00 1.722 0.006 1.1334 0.0197
1744640675.5058508 120 1.650 0.249 0.006 6 0.00 1.722 0.006 1.1334 0.0197
1744640675.506112 120 1.652 0.249 0.007 6 0.00 1.725 0.007 1.1365 0.0208
1744640675.506593 120 1.653 0.249 0.007 6 0.00 1.725 0.007 1.1365 0.0208
1744640675.5234282 120 1.653 0.249 0.007 6 0.00 1.725 0.007 1.1365 0.0208
1744640675.5324008 120 1.655 0.249 0.007 6 0.00 1.728 0.007 1.1394 0.0208
1744640675.532663 120 1.656 0.249 0.007 6 0.00 1.728 0.007 1.1394 0.0208
1744640675.5329401 120 1.657 0.249 0.007 6 0.00 1.731 0.007 1.1425 0.0208
1744640675.5475142 120 1.659 0.249 0.007 6 0.00 1.731 0.007 1.1425 0.0208
1744640675.547623 120 1.659 0.249 0.007 6 0.00 1.731 0.007 1.1425 0.0208
1744640675.5575511 120 1.661 0.249 0.007 6 0.00 1.734 0.007 1.1453 0.0208
1744640675.557896 120 1.662 0.249 0.007 6 0.00 1.734 0.007 1.1453 0.0208
1744640675.562922 120 1.663 0.249 0.007 6 0.00 1.737 0.007 1.1484 0.0208
1744640675.5791051 120 1.665 0.249 0.007 6 0.00 1.737 0.007 1.1484 0.0208
1744640675.579207 120 1.665 0.249 0.007 6 0.00 1.737 0.007 1.1484 0.0208
1744640675.587992 120 1.667 0.249 0.007 6 0.00 1.740 0.007 1.1514 0.0208
1744640675.588377 120 1.668 0.249 0.007 6 0.00 1.740 0.007 1.1514 0.0208
1744640675.604738 120 1.669 0.249 0.007 6 0.00 1.743 0.007 1.1544 0.0208
1744640675.605249 120 1.671 0.249 0.007 6 0.00 1.743 0.007 1.1544 0.0208
1744640675.6113431 120 1.671 0.249 0.007 6 0.00 1.743 0.007 1.1544 0.0208
1744640675.612004 120 1.673 0.249 0.007 6 0.00 1.746 0.007 1.1574 0.0208
1744640675.612361 120 1.674 0.249 0.007 6 0.00 1.746 0.007 1.1574 0.0208
1744640675.624985 120 1.675 0.249 0.007 6 0.00 1.749 0.007 1.1604 0.0208
1744640675.635681 120 1.677 0.249 0.007 6 0.00 1.749 0.007 1.1604 0.0208
1744640675.635756 120 1.677 0.249 0.007 6 0.00 1.749 0.007 1.1604 0.0208
1744640675.677391 120 1.679 0.249 0.007 6 0.00 1.752 0.007 1.1634 0.0208
1744640675.6800692 120 1.680 0.249 0.007 6 0.00 1.752 0.007 1.1634 0.0208
1744640675.680299 120 1.681 0.249 0.007 6 0.00 1.755 0.007 1.1665 0.0208
1744640675.680782 120 1.683 0.249 0.008 6 0.00 1.755 0.008 1.1665 0.0220
1744640675.68088 120 1.683 0.249 0.008 6 0.00 1.755 0.008 1.1665 0.0220
1744640675.691531 120 1.685 0.250 0.008 6 0.00 1.758 0.008 1.1694 0.0220
1744640675.691778 120 1.686 0.250 0.008 6 0.00 1.758 0.008 1.1694 0.0220
1744640675.69204 120 1.687 0.250 0.009 6 0.00 1.761 0.009 1.1721 0.0232
1744640675.692447 120 1.689 0.250 0.009 6 0.00 1.761 0.009 1.1721 0.0232
1744640675.698196 120 1.689 0.250 0.009 6 0.00 1.761 0.009 1.1721 0.0232
1744640675.7052748 120 1.691 0.250 0.012 6 0.00 1.764 0.012 1.1750 0.0255
1744640675.705537 120 1.692 0.250 0.012 6 0.00 1.764 0.012 1.1750 0.0255
1744640675.71053 120 1.693 0.250 0.010 6 0.00 1.767 0.010 1.1776 0.0243
1744640675.7161322 120 1.694 0.250 0.010 6 0.00 1.767 0.010 1.1776 0.0243
1744640675.7206159 120 1.694 0.250 0.010 6 0.00 1.767 0.010 1.1776 0.0243
1744640675.729264 120 1.696 0.250 0.010 6 0.00 1.769 0.010 1.1801 0.0243
1744640675.7339141 120 1.696 0.250 0.010 6 0.00 1.769 0.010 1.1801 0.0243
1744640675.756808 120 1.697 0.250 0.010 6 0.00 1.771 0.010 1.1821 0.0243
1744640675.765267 120 1.698 0.250 0.012 6 0.00 1.771 0.012 1.1821 0.0255
1744640675.765363 120 1.698 0.250 0.012 6 0.00 1.771 0.012 1.1821 0.0255
1744640675.765898 120 1.698 0.250 0.015 6 0.00 1.773 0.015 1.1837 0.0289
1744640675.7661881 120 1.699 0.250 0.014 6 0.00 1.773 0.014 1.1837 0.0278
1744640675.812497 120 1.699 0.250 0.012 6 0.00 1.774 0.012 1.1848 0.0255
1744640675.8129122 120 1.699 0.250 0.009 6 0.00 1.774 0.009 1.1848 0.0232
1744640675.813 120 1.699 0.250 0.009 6 0.00 1.774 0.009 1.1848 0.0232
1744640675.813526 120 1.701 0.250 0.008 6 0.00 1.775 0.008 1.1858 0.0220
1744640675.8137631 120 1.702 0.250 0.007 6 0.00 1.775 0.007 1.1858 0.0208
1744640675.813966 120 1.704 0.250 0.006 6 0.00 1.778 0.006 1.1894 0.0197
1744640675.818628 120 1.706 0.250 0.004 6 0.00 1.778 0.004 1.1894 0.0174
1744640675.8187242 120 1.706 0.250 0.004 6 0.00 1.778 0.004 1.1894 0.0174
1744640675.822498 120 1.709 0.250 0.000 6 0.00 1.782 0.000 1.1935 0.0139
1744640675.822747 120 1.710 0.250 -0.001 6 0.00 1.782 -0.001 1.1935 0.0128
1744640675.833055 120 1.711 0.250 -0.004 6 0.00 1.785 -0.004 1.1965 0.0104
1744640675.8382359 120 1.712 0.250 -0.007 6 0.00 1.785 -0.007 1.1965 0.0070
1744640675.842897 120 1.712 0.250 -0.007 6 0.00 1.785 -0.007 1.1965 0.0070
1744640675.874757 120 1.714 0.250 -0.010 6 0.00 1.788 -0.010 1.1992 0.0035
1744640675.8750012 120 1.715 0.250 -0.012 6 0.00 1.788 -0.012 1.1992 0.0023
1744640675.880497 120 1.717 0.250 -0.013 6 0.00 1.791 -0.013 1.2023 0.0012
1744640675.880865 120 1.719 0.250 -0.016 6 0.00 1.791 -0.016 1.2023 -0.0023
1744640675.880953 120 1.719 0.250 -0.016 6 0.00 1.791 -0.016 1.2023 -0.0023
1744640675.881429 120 1.721 0.250 -0.016 6 0.00 1.794 -0.016 1.2053 -0.0023
1744640675.888151 120 1.722 0.250 -0.015 6 0.00 1.794 -0.015 1.2053 -0.0011
1744640675.895749 120 1.723 0.250 -0.016 6 0.00 1.798 -0.016 1.2088 -0.0023
1744640675.902848 120 1.726 0.250 -0.012 6 0.00 1.798 -0.012 1.2088 0.0023
1744640675.9029498 120 1.726 0.250 -0.012 6 0.00 1.798 -0.012 1.2088 0.0023
1744640675.912139 120 1.729 0.249 -0.008 6 0.00 1.802 -0.008 1.2128 0.0058
1744640675.9124181 120 1.730 0.249 -0.008 6 0.00 1.802 -0.008 1.2128 0.0058
1744640675.9197829 120 1.731 0.249 -0.006 6 0.00 1.806 -0.006 1.2167 0.0081
1744640675.931786 120 1.733 0.249 -0.005 6 0.00 1.806 -0.005 1.2167 0.0093
1744640675.931884 120 1.733 0.249 -0.005 6 0.00 1.806 -0.005 1.2167 0.0093
1744640675.9408052 120 1.734 0.249 -0.007 6 0.00 1.808 -0.007 1.2191 0.0070
1744640675.9411042 120 1.734 0.249 -0.009 6 0.00 1.808 -0.009 1.2191 0.0047
1744640675.950063 120 1.736 0.249 -0.009 6 0.00 1.810 -0.009 1.2214 0.0047
1744640675.958876 120 1.738 0.249 -0.010 6 0.00 1.810 -0.010 1.2214 0.0035
1744640675.958965 120 1.738 0.249 -0.010 6 0.00 1.810 -0.010 1.2214 0.0035
1744640675.978559 120 1.740 0.249 -0.008 6 0.00 1.814 -0.008 1.2248 0.0058
1744640675.978816 120 1.742 0.249 -0.008 6 0.00 1.814 -0.008 1.2248 0.0058
1744640675.983119 120 1.743 0.249 -0.008 6 0.00 1.818 -0.008 1.2287 0.0058
1744640675.987621 120 1.745 0.249 -0.009 6 0.00 1.818 -0.009 1.2287 0.0047
1744640675.992689 120 1.745 0.249 -0.009 6 0.00 1.818 -0.009 1.2287 0.0047
1744640676.0027578 120 1.746 0.249 -0.014 6 0.00 1.820 -0.014 1.2311 0.0000
1744640676.003072 120 1.746 0.249 -0.016 6 0.00 1.820 -0.016 1.2311 -0.0023
1744640676.011672 120 1.747 0.249 -0.020 6 0.00 1.822 -0.020 1.2331 -0.0058
1744640676.016358 120 1.749 0.249 -0.023 6 0.00 1.822 -0.023 1.2331 -0.0092
1744640676.031745 120 1.749 0.249 -0.023 6 0.00 1.822 -0.023 1.2331 -0.0092
1744640676.0369952 120 1.751 0.249 -0.025 6 0.00 1.825 -0.025 1.2357 -0.0115
1744640676.037306 120 1.752 0.249 -0.025 6 0.00 1.825 -0.025 1.2357 -0.0115
1744640676.0452218 120 1.753 0.249 -0.028 6 0.00 1.828 -0.028 1.2386 -0.0138
1744640676.051905 120 1.754 0.249 -0.031 6 0.00 1.828 -0.031 1.2386 -0.0173
1744640676.051998 120 1.754 0.249 -0.031 6 0.00 1.828 -0.031 1.2386 -0.0173
1744640676.0660312 120 1.756 0.249 -0.030 6 0.00 1.830 -0.030 1.2412 -0.0162
1744640676.083709 120 1.757 0.249 -0.031 6 0.00 1.830 -0.031 1.2412 -0.0173
1744640676.0841038 120 1.759 0.249 -0.031 6 0.00 1.834 -0.031 1.2448 -0.0173
1744640676.084588 120 1.761 0.249 -0.029 6 0.00 1.834 -0.029 1.2448 -0.0150
1744640676.084678 120 1.761 0.249 -0.029 6 0.00 1.834 -0.029 1.2448 -0.0150
1744640676.094461 120 1.763 0.249 -0.030 6 0.00 1.837 -0.030 1.2481 -0.0162
1744640676.094708 120 1.764 0.249 -0.031 6 0.00 1.837 -0.031 1.2481 -0.0173
1744640676.11306 120 1.765 0.249 -0.032 6 0.00 1.840 -0.032 1.2506 -0.0185
1744640676.113526 120 1.766 0.249 -0.032 6 0.00 1.840 -0.032 1.2506 -0.0185
1744640676.113618 120 1.766 0.249 -0.032 6 0.00 1.840 -0.032 1.2506 -0.0185
1744640676.127143 120 1.767 0.249 -0.034 6 0.00 1.842 -0.034 1.2527 -0.0196
1744640676.127358 120 1.768 0.249 -0.034 6 0.00 1.842 -0.034 1.2527 -0.0196
1744640676.1354141 120 1.768 0.249 -0.035 6 0.00 1.843 -0.035 1.2544 -0.0208
1744640676.140928 120 1.769 0.249 -0.036 6 0.00 1.843 -0.036 1.2544 -0.0219
1744640676.141034 120 1.769 0.249 -0.036 6 0.00 1.843 -0.036 1.2544 -0.0219
1744640676.153068 120 1.771 0.249 -0.035 6 0.00 1.845 -0.035 1.2563 -0.0208
1744640676.153405 120 1.772 0.249 -0.034 6 0.00 1.845 -0.034 1.2563 -0.0196
1744640676.1632798 120 1.773 0.249 -0.034 6 0.00 1.848 -0.034 1.2589 -0.0196
1744640676.168726 120 1.775 0.248 -0.031 6 0.00 1.848 -0.031 1.2589 -0.0173
1744640676.177693 120 1.775 0.248 -0.031 6 0.00 1.848 -0.031 1.2589 -0.0173
1744640676.184457 120 1.777 0.248 -0.028 6 0.00 1.851 -0.028 1.2622 -0.0138
1744640676.184839 120 1.778 0.248 -0.025 6 0.00 1.851 -0.025 1.2622 -0.0115
1744640676.196795 120 1.779 0.248 -0.025 6 0.00 1.851 -0.025 1.2622 -0.0115
1744640676.202218 120 1.780 0.248 -0.023 6 0.00 1.854 -0.023 1.2650 -0.0092
1744640676.2023108 120 1.780 0.248 -0.023 6 0.00 1.854 -0.023 1.2650 -0.0092
1744640676.211916 120 1.782 0.248 -0.024 6 0.00 1.856 -0.024 1.2672 -0.0104
1744640676.2122428 120 1.783 0.248 -0.023 6 0.00 1.856 -0.023 1.2672 -0.0092
1744640676.2210188 120 1.784 0.248 -0.023 6 0.00 1.856 -0.023 1.2672 -0.0092
1744640676.226892 120 1.786 0.248 -0.022 6 0.00 1.859 -0.022 1.2700 -0.0081
1744640676.23278 120 1.786 0.248 -0.022 6 0.00 1.859 -0.022 1.2700 -0.0081
1744640676.24656 120 1.788 0.248 -0.021 6 0.00 1.862 -0.021 1.2728 -0.0069
1744640676.246899 120 1.789 0.248 -0.020 6 0.00 1.862 -0.020 1.2728 -0.0058
1744640676.253396 120 1.790 0.248 -0.020 6 0.00 1.862 -0.020 1.2728 -0.0058
1744640676.265012 120 1.792 0.248 -0.020 6 0.00 1.865 -0.020 1.2759 -0.0058
1744640676.26511 120 1.792 0.248 -0.020 6 0.00 1.865 -0.020 1.2759 -0.0058
1744640676.274824 120 1.793 0.248 -0.020 6 0.00 1.868 -0.020 1.2788 -0.0058
1744640676.2860181 120 1.795 0.248 -0.021 6 0.00 1.868 -0.021 1.2788 -0.0069
1744640676.286103 120 1.796 0.248 -0.020 6 0.00 1.868 -0.020 1.2788 -0.0058
1744640676.295957 120 1.798 0.248 -0.018 6 0.00 1.871 -0.018 1.2816 -0.0046
1744640676.296051 120 1.798 0.248 -0.018 6 0.00 1.871 -0.018 1.2816 -0.0046
1744640676.3088052 120 1.800 0.248 -0.017 6 0.00 1.874 -0.017 1.2853 -0.0034
1744640676.309394 120 1.802 0.248 -0.015 6 0.00 1.874 -0.015 1.2853 -0.0011
1744640676.31439 120 1.803 0.248 -0.014 6 0.00 1.874 -0.014 1.2853 0.0000
1744640676.3188639 120 1.806 0.248 -0.013 6 0.00 1.878 -0.013 1.2892 0.0012
1744640676.318963 120 1.806 0.248 -0.013 6 0.00 1.878 -0.013 1.2892 0.0012
1744640676.334753 120 1.809 0.248 -0.012 6 0.00 1.883 -0.012 1.2936 0.0023
1744640676.3351302 120 1.810 0.248 -0.012 6 0.00 1.883 -0.012 1.2936 0.0023
1744640676.3403141 120 1.811 0.248 -0.012 6 0.00 1.883 -0.012 1.2936 0.0023
1744640676.352545 120 1.814 0.248 -0.012 6 0.00 1.887 -0.012 1.2976 0.0023
1744640676.3526511 120 1.814 0.248 -0.012 6 0.00 1.887 -0.012 1.2976 0.0023
1744640676.363541 120 1.817 0.248 -0.010 6 0.00 1.890 -0.010 1.3014 0.0035
1744640676.3697238 120 1.818 0.248 -0.010 6 0.00 1.890 -0.010 1.3014 0.0035
1744640676.369882 120 1.819 0.248 -0.010 6 0.00 1.890 -0.010 1.3014 0.0035
1744640676.380343 120 1.821 0.248 -0.010 6 0.00 1.894 -0.010 1.3050 0.0035
1744640676.380439 120 1.821 0.248 -0.010 6 0.00 1.894 -0.010 1.3050 0.0035
1744640676.390356 120 1.823 0.248 -0.010 6 0.00 1.897 -0.010 1.3079 0.0035
1744640676.395436 120 1.824 0.248 -0.009 6 0.00 1.897 -0.009 1.3079 0.0047
1744640676.405833 120 1.825 0.248 -0.009 6 0.00 1.897 -0.009 1.3079 0.0047
1744640676.411892 120 1.827 0.248 -0.009 6 0.00 1.900 -0.009 1.3109 0.0047
1744640676.411984 120 1.827 0.248 -0.009 6 0.00 1.900 -0.009 1.3109 0.0047
1744640676.4209971 120 1.829 0.248 -0.009 6 0.00 1.903 -0.009 1.3140 0.0047
1744640676.4254022 120 1.830 0.248 -0.009 6 0.00 1.903 -0.009 1.3140 0.0047
1744640676.429693 120 1.831 0.248 -0.009 6 0.00 1.903 -0.009 1.3140 0.0047
1744640676.443372 120 1.834 0.248 -0.010 6 0.00 1.907 -0.010 1.3176 0.0035
1744640676.443466 120 1.834 0.248 -0.010 6 0.00 1.907 -0.010 1.3176 0.0035
1744640676.46302 120 1.836 0.248 -0.012 6 0.00 1.910 -0.012 1.3210 0.0023
1744640676.46851 120 1.837 0.247 -0.012 6 0.00 1.910 -0.012 1.3210 0.0023
1744640676.468727 120 1.838 0.247 -0.013 6 0.00 1.910 -0.013 1.3210 0.0012
1744640676.4692538 120 1.841 0.247 -0.014 6 0.00 1.914 -0.014 1.3246 0.0000
1744640676.473866 120 1.841 0.247 -0.014 6 0.00 1.914 -0.014 1.3246 0.0000
1744640676.4843578 120 1.843 0.247 -0.015 6 0.00 1.917 -0.015 1.3277 -0.0011
1744640676.484713 120 1.844 0.247 -0.016 6 0.00 1.917 -0.016 1.3277 -0.0023
1744640676.491385 120 1.845 0.247 -0.016 6 0.00 1.917 -0.016 1.3277 -0.0023
1744640676.504714 120 1.847 0.247 -0.016 6 0.00 1.920 -0.016 1.3309 -0.0023
1744640676.50481 120 1.847 0.247 -0.016 6 0.00 1.920 -0.016 1.3309 -0.0023
1744640676.5094368 120 1.849 0.247 -0.018 6 0.00 1.923 -0.018 1.3339 -0.0046
1744640676.5196218 120 1.850 0.247 -0.020 6 0.00 1.923 -0.020 1.3339 -0.0058
1744640676.523913 120 1.851 0.247 -0.020 6 0.00 1.923 -0.020 1.3339 -0.0058
1744640676.528744 120 1.853 0.247 -0.022 6 0.00 1.926 -0.022 1.3372 -0.0081
1744640676.533773 120 1.853 0.247 -0.022 6 0.00 1.926 -0.022 1.3372 -0.0081
1744640676.5465999 120 1.855 0.247 -0.023 6 0.00 1.929 -0.023 1.3401 -0.0092
1744640676.546884 120 1.856 0.247 -0.024 6 0.00 1.929 -0.024 1.3401 -0.0104
1744640676.55121 120 1.857 0.247 -0.025 6 0.00 1.929 -0.025 1.3401 -0.0115
1744640676.56321 120 1.859 0.247 -0.027 6 0.00 1.932 -0.027 1.3432 -0.0127
1744640676.5632992 120 1.859 0.247 -0.027 6 0.00 1.932 -0.027 1.3432 -0.0127
1744640676.575392 120 1.861 0.247 -0.027 6 0.00 1.935 -0.027 1.3461 -0.0127
1744640676.575735 120 1.862 0.247 -0.027 6 0.00 1.935 -0.027 1.3461 -0.0127
1744640676.582891 120 1.863 0.247 -0.028 6 0.00 1.935 -0.028 1.3461 -0.0138
1744640676.587544 120 1.865 0.247 -0.028 6 0.00 1.938 -0.028 1.3493 -0.0138
1744640676.59225 120 1.865 0.247 -0.028 6 0.00 1.938 -0.028 1.3493 -0.0138
1744640676.601563 120 1.867 0.247 -0.028 6 0.00 1.941 -0.028 1.3524 -0.0138
1744640676.6117408 120 1.869 0.247 -0.028 6 0.00 1.941 -0.028 1.3524 -0.0138
1744640676.616878 120 1.870 0.247 -0.028 6 0.00 1.941 -0.028 1.3524 -0.0138
1744640676.62247 120 1.872 0.247 -0.028 6 0.00 1.944 -0.028 1.3554 -0.0138
1744640676.622559 120 1.872 0.247 -0.028 6 0.00 1.944 -0.028 1.3554 -0.0138
1744640676.632271 120 1.874 0.247 -0.029 6 0.00 1.947 -0.029 1.3585 -0.0150
1744640676.6326358 120 1.875 0.247 -0.029 6 0.00 1.947 -0.029 1.3585 -0.0150
1744640676.6453052 120 1.876 0.247 -0.029 6 0.00 1.947 -0.029 1.3585 -0.0150
1744640676.650273 120 1.878 0.247 -0.029 6 0.00 1.950 -0.029 1.3614 -0.0150
1744640676.650363 120 1.878 0.247 -0.029 6 0.00 1.950 -0.029 1.3614 -0.0150
1744640676.663737 120 1.880 0.247 -0.029 6 0.00 1.953 -0.029 1.3644 -0.0150
1744640676.663918 120 1.881 0.246 -0.029 6 0.00 1.953 -0.029 1.3644 -0.0150
1744640676.679522 120 1.882 0.246 -0.027 6 0.00 1.953 -0.027 1.3644 -0.0127
1744640676.679997 120 1.884 0.246 -0.027 6 0.00 1.957 -0.027 1.3678 -0.0127
1744640676.680083 120 1.884 0.246 -0.027 6 0.00 1.957 -0.027 1.3678 -0.0127
1744640676.69294 120 1.886 0.246 -0.024 6 0.00 1.960 -0.024 1.3709 -0.0104
1744640676.693233 120 1.887 0.246 -0.024 6 0.00 1.960 -0.024 1.3709 -0.0104
1744640676.703425 120 1.888 0.246 -0.024 6 0.00 1.960 -0.024 1.3709 -0.0104
1744640676.7160919 120 1.890 0.246 -0.023 6 0.00 1.963 -0.023 1.3741 -0.0092
1744640676.71618 120 1.890 0.246 -0.023 6 0.00 1.963 -0.023 1.3741 -0.0092
1744640676.725076 120 1.893 0.246 -0.022 6 0.00 1.966 -0.022 1.3773 -0.0081
1744640676.730809 120 1.894 0.246 -0.021 6 0.00 1.966 -0.021 1.3773 -0.0069
1744640676.730964 120 1.895 0.246 -0.020 6 0.00 1.966 -0.020 1.3773 -0.0058
1744640676.7419991 120 1.897 0.246 -0.016 6 0.00 1.970 -0.016 1.3808 -0.0023
1744640676.742091 120 1.897 0.246 -0.016 6 0.00 1.970 -0.016 1.3808 -0.0023
1744640676.758821 120 1.899 0.246 -0.015 6 0.00 1.973 -0.015 1.3841 -0.0011
1744640676.75906 120 1.900 0.246 -0.015 6 0.00 1.973 -0.015 1.3841 -0.0011
1744640676.7592561 120 1.901 0.246 -0.014 6 0.00 1.973 -0.014 1.3841 0.0000
1744640676.76959 120 1.904 0.246 -0.013 6 0.00 1.976 -0.013 1.3873 0.0012
1744640676.769681 120 1.904 0.246 -0.013 6 0.00 1.976 -0.013 1.3873 0.0012
1744640676.799789 120 1.906 0.246 -0.013 6 0.00 1.980 -0.013 1.3906 0.0012
1744640676.800077 120 1.907 0.246 -0.010 6 0.00 1.980 -0.010 1.3906 0.0035
1744640676.800221 120 1.908 0.246 -0.010 6 0.00 1.980 -0.010 1.3906 0.0035
1744640676.813832 120 1.910 0.246 -0.009 6 0.00 1.983 -0.009 1.3939 0.0047
1744640676.81393 120 1.910 0.246 -0.009 6 0.00 1.983 -0.009 1.3939 0.0047
1744640676.814483 120 1.912 0.246 -0.007 6 0.00 1.986 -0.007 1.3971 0.0070
1744640676.8195179 120 1.913 0.246 -0.007 6 0.00 1.986 -0.007 1.3971 0.0070
1744640676.8196201 120 1.915 0.246 -0.007 6 0.00 1.986 -0.007 1.3971 0.0070
1744640676.852472 120 1.917 0.246 -0.006 6 0.00 1.989 -0.006 1.4004 0.0081
1744640676.852598 120 1.917 0.246 -0.006 6 0.00 1.989 -0.006 1.4004 0.0081
1744640676.857234 120 1.919 0.246 -0.006 6 0.00 1.992 -0.006 1.4034 0.0081
1744640676.8574889 120 1.919 0.246 -0.006 6 0.00 1.992 -0.006 1.4034 0.0081
1744640676.857654 120 1.921 0.246 -0.005 6 0.00 1.992 -0.005 1.4034 0.0093
1744640676.867863 120 1.923 0.246 -0.005 6 0.00 1.995 -0.005 1.4065 0.0093
1744640676.867927 120 1.923 0.246 -0.005 6 0.00 1.995 -0.005 1.4065 0.0093
1744640676.8721159 120 1.925 0.246 -0.004 6 0.00 1.999 -0.004 1.4095 0.0104
1744640676.880466 120 1.926 0.246 -0.004 6 0.00 1.999 -0.004 1.4095 0.0104
1744640676.8850272 120 1.927 0.246 -0.004 6 0.00 1.999 -0.004 1.4095 0.0104
1744640676.892173 120 1.929 0.246 -0.002 6 0.00 2.002 -0.002 1.4128 0.0116
1744640676.892271 120 1.929 0.246 -0.002 6 0.00 2.002 -0.002 1.4128 0.0116
1744640676.9016058 120 1.931 0.246 -0.002 6 0.00 2.005 -0.002 1.4157 0.0116
1744640676.90677 120 1.932 0.246 -0.002 6 0.00 2.005 -0.002 1.4157 0.0116
1744640676.9115222 120 1.933 0.246 -0.002 6 0.00 2.005 -0.002 1.4157 0.0116
1744640676.923648 120 1.935 0.246 -0.002 6 0.00 2.008 -0.002 1.4189 0.0116
1744640676.923755 120 1.935 0.246 -0.002 6 0.00 2.008 -0.002 1.4189 0.0116
1744640676.9311738 120 1.937 0.246 -0.001 6 0.00 2.011 -0.001 1.4218 0.0128
1744640676.9373791 120 1.938 0.246 -0.001 6 0.00 2.011 -0.001 1.4218 0.0128
1744640676.942223 120 1.939 0.246 -0.001 6 0.00 2.011 -0.001 1.4218 0.0128
1744640676.952371 120 1.941 0.246 -0.001 6 0.00 2.014 -0.001 1.4249 0.0128
1744640676.952468 120 1.941 0.246 -0.001 6 0.00 2.014 -0.001 1.4249 0.0128
1744640676.9646988 120 1.943 0.246 -0.001 6 0.00 2.017 -0.001 1.4279 0.0128
1744640676.9650052 120 1.944 0.246 -0.001 6 0.00 2.017 -0.001 1.4279 0.0128
1744640676.969588 120 1.945 0.246 -0.001 6 0.00 2.017 -0.001 1.4279 0.0128
1744640676.985138 120 1.947 0.246 -0.001 6 0.00 2.020 -0.001 1.4310 0.0128
1744640676.98523 120 1.947 0.246 -0.001 6 0.00 2.020 -0.001 1.4310 0.0128
1744640676.9909859 120 1.949 0.246 0.000 6 0.00 2.023 0.000 1.4339 0.0139
1744640676.995289 120 1.950 0.246 -0.001 6 0.00 2.023 -0.001 1.4339 0.0128
1744640676.999903 120 1.951 0.246 -0.001 6 0.00 2.023 -0.001 1.4339 0.0128
1744640677.008645 120 1.953 0.246 -0.001 6 0.00 2.026 -0.001 1.4370 0.0128
1744640677.013388 120 1.953 0.246 -0.001 6 0.00 2.026 -0.001 1.4370 0.0128
1744640677.022625 120 1.955 0.246 -0.001 6 0.00 2.029 -0.001 1.4399 0.0128
1744640677.022929 120 1.956 0.246 -0.001 6 0.00 2.029 -0.001 1.4399 0.0128
1744640677.033387 120 1.957 0.246 -0.001 6 0.00 2.029 -0.001 1.4399 0.0128
1744640677.0382369 120 1.959 0.246 -0.001 6 0.00 2.032 -0.001 1.4430 0.0128
1744640677.043191 120 1.959 0.246 -0.001 6 0.00 2.032 -0.001 1.4430 0.0128
1744640677.049175 120 1.961 0.246 0.000 6 0.00 2.035 0.000 1.4459 0.0139
1744640677.0662541 120 1.962 0.246 0.000 6 0.00 2.035 0.000 1.4459 0.0139
1744640677.0722911 120 1.963 0.246 -0.001 6 0.00 2.035 -0.001 1.4459 0.0128
1744640677.0732238 120 1.965 0.246 0.000 6 0.00 2.038 0.000 1.4489 0.0139
1744640677.073319 120 1.965 0.246 0.000 6 0.00 2.038 0.000 1.4489 0.0139
1744640677.087154 120 1.967 0.246 0.000 6 0.00 2.041 0.000 1.4519 0.0139
1744640677.087542 120 1.968 0.246 0.000 6 0.00 2.041 0.000 1.4519 0.0139
1744640677.093932 120 1.969 0.246 -0.001 6 0.00 2.041 -0.001 1.4519 0.0128
1744640677.104168 120 1.971 0.246 0.000 6 0.00 2.044 0.000 1.4550 0.0139
1744640677.104268 120 1.971 0.246 0.000 6 0.00 2.044 0.000 1.4550 0.0139
1744640677.1210759 120 1.973 0.246 0.000 6 0.00 2.047 0.000 1.4579 0.0139
1744640677.1260989 120 1.974 0.246 0.000 6 0.00 2.047 0.000 1.4579 0.0139
1744640677.126264 120 1.975 0.246 0.000 6 0.00 2.047 0.000 1.4579 0.0139
1744640677.131006 120 1.977 0.246 -0.001 6 0.00 2.050 -0.001 1.4610 0.0128
1744640677.131105 120 1.977 0.246 -0.001 6 0.00 2.050 -0.001 1.4610 0.0128
1744640677.140664 120 1.979 0.246 0.000 6 0.00 2.053 0.000 1.4640 0.0139
1744640677.1470258 120 1.980 0.246 0.000 6 0.00 2.053 0.000 1.4640 0.0139
1744640677.1600919 120 1.981 0.246 -0.001 6 0.00 2.053 -0.001 1.4640 0.0128
1744640677.1654882 120 1.983 0.246 0.000 6 0.00 2.056 0.000 1.4670 0.0139
1744640677.1655622 120 1.983 0.246 0.000 6 0.00 2.056 0.000 1.4670 0.0139
1744640677.172575 120 1.985 0.246 -0.001 6 0.00 2.059 -0.001 1.4700 0.0128
1744640677.1786098 120 1.986 0.246 -0.001 6 0.00 2.059 -0.001 1.4700 0.0128
1744640677.186275 120 1.987 0.246 0.000 6 0.00 2.059 0.000 1.4700 0.0139
1744640677.191123 120 1.989 0.246 -0.001 6 0.00 2.062 -0.001 1.4730 0.0128
1744640677.191232 120 1.989 0.246 -0.001 6 0.00 2.062 -0.001 1.4730 0.0128
1744640677.200277 120 1.991 0.246 0.000 6 0.00 2.065 0.000 1.4760 0.0139
1744640677.204981 120 1.992 0.246 0.000 6 0.00 2.065 0.000 1.4760 0.0139
1744640677.2101078 120 1.993 0.246 -0.001 6 0.00 2.065 -0.001 1.4760 0.0128
1744640677.227268 120 1.995 0.246 0.000 6 0.00 2.068 0.000 1.4791 0.0139
1744640677.227378 120 1.995 0.246 0.000 6 0.00 2.068 0.000 1.4791 0.0139
1744640677.231959 120 1.997 0.246 -0.001 6 0.00 2.071 -0.001 1.4820 0.0128
1744640677.236438 120 1.998 0.246 0.000 6 0.00 2.071 0.000 1.4820 0.0139
1744640677.241185 120 1.999 0.246 0.000 6 0.00 2.071 0.000 1.4820 0.0139
1744640677.250016 120 2.001 0.246 0.000 6 0.00 2.074 0.000 1.4849 0.0139
1744640677.250488 120 2.001 0.246 0.000 6 0.00 2.074 0.000 1.4849 0.0139
1744640677.265752 120 2.003 0.246 0.000 6 0.00 2.077 0.000 1.4880 0.0139
1744640677.265965 120 2.004 0.246 -0.001 6 0.00 2.077 -0.001 1.4880 0.0128
1744640677.2701519 120 2.005 0.246 -0.001 6 0.00 2.077 -0.001 1.4880 0.0128
1744640677.279126 120 2.007 0.246 0.000 6 0.00 2.080 0.000 1.4911 0.0139
1744640677.279169 120 2.007 0.246 0.000 6 0.00 2.080 0.000 1.4911 0.0139
1744640677.28969 120 2.009 0.246 0.000 6 0.00 2.083 0.000 1.4939 0.0139
1744640677.294602 120 2.010 0.246 0.000 6 0.00 2.083 0.000 1.4939 0.0139
1744640677.302387 120 2.011 0.246 0.000 6 0.00 2.083 0.000 1.4939 0.0139
1744640677.3110342 120 2.013 0.246 -0.001 6 0.00 2.086 -0.001 1.4971 0.0128
1744640677.311129 120 2.013 0.246 -0.001 6 0.00 2.086 -0.001 1.4971 0.0128
1744640677.320331 120 2.015 0.246 -0.001 6 0.00 2.089 -0.001 1.5000 0.0128
1744640677.328021 120 2.016 0.246 0.000 6 0.00 2.089 0.000 1.5000 0.0139
1744640677.332407 120 2.017 0.246 0.000 6 0.00 2.089 0.000 1.5000 0.0139
1744640677.3481941 120 2.019 0.246 0.000 6 0.00 2.092 0.000 1.5030 0.0139
1744640677.348286 120 2.019 0.246 0.000 6 0.00 2.092 0.000 1.5030 0.0139
1744640677.3533702 120 2.021 0.246 0.000 6 0.00 2.095 0.000 1.5061 0.0139
1744640677.353659 120 2.022 0.246 0.000 6 0.00 2.095 0.000 1.5061 0.0139
1744640677.363287 120 2.023 0.246 -0.001 6 0.00 2.095 -0.001 1.5061 0.0127
1744640677.368036 120 2.025 0.246 0.000 6 0.00 2.098 0.000 1.5090 0.0139
1744640677.3724 120 2.025 0.246 0.000 6 0.00 2.098 0.000 1.5090 0.0139
1744640677.38165 120 2.027 0.246 0.001 6 0.00 2.101 0.001 1.5121 0.0151
1744640677.387691 120 2.028 0.246 -0.001 6 0.00 2.101 -0.001 1.5121 0.0127
1744640677.3944929 120 2.029 0.246 0.000 6 0.00 2.101 0.000 1.5121 0.0139
1744640677.403695 120 2.031 0.246 -0.001 6 0.00 2.104 -0.001 1.5150 0.0127
1744640677.403785 120 2.031 0.246 -0.001 6 0.00 2.104 -0.001 1.5150 0.0127
1744640677.413074 120 2.033 0.246 0.000 6 0.00 2.107 0.000 1.5181 0.0139
1744640677.41727 120 2.034 0.246 0.000 6 0.00 2.107 0.000 1.5181 0.0139
1744640677.421844 120 2.035 0.246 0.001 6 0.00 2.107 0.001 1.5181 0.0151
1744640677.431404 120 2.037 0.246 0.001 6 0.00 2.110 0.001 1.5209 0.0151
1744640677.4315 120 2.037 0.246 0.001 6 0.00 2.110 0.001 1.5209 0.0151
1744640677.44183 120 2.039 0.246 0.001 6 0.00 2.113 0.001 1.5240 0.0151
1744640677.446269 120 2.040 0.246 0.001 6 0.00 2.113 0.001 1.5240 0.0151
1744640677.4507258 120 2.041 0.246 0.001 6 0.00 2.113 0.001 1.5240 0.0151
1744640677.465896 120 2.043 0.246 0.001 6 0.00 2.116 0.001 1.5270 0.0151
1744640677.4659321 120 2.043 0.246 0.001 6 0.00 2.116 0.001 1.5270 0.0151
1744640677.470438 120 2.045 0.246 0.000 6 0.00 2.119 0.000 1.5301 0.0139
1744640677.478315 120 2.046 0.246 0.001 6 0.00 2.119 0.001 1.5301 0.0151
1744640677.487278 120 2.047 0.246 0.000 6 0.00 2.119 0.000 1.5301 0.0139
1744640677.49231 120 2.049 0.246 0.000 6 0.00 2.122 0.000 1.5330 0.0139
1744640677.492377 120 2.049 0.246 0.000 6 0.00 2.122 0.000 1.5330 0.0139
1744640677.5028381 120 2.051 0.246 0.001 6 0.00 2.125 0.001 1.5360 0.0151
1744640677.507044 120 2.052 0.246 0.000 6 0.00 2.125 0.000 1.5360 0.0139
1744640677.514034 120 2.053 0.246 0.000 6 0.00 2.125 0.000 1.5360 0.0139
1744640677.518971 120 2.055 0.246 0.001 6 0.00 2.128 0.001 1.5391 0.0151
1744640677.519149 120 2.055 0.246 0.001 6 0.00 2.128 0.001 1.5391 0.0151
1744640677.531015 120 2.057 0.246 0.000 6 0.00 2.131 0.000 1.5421 0.0139
1744640677.536573 120 2.058 0.246 0.000 6 0.00 2.131 0.000 1.5421 0.0139
1744640677.542325 120 2.059 0.246 0.000 6 0.00 2.131 0.000 1.5421 0.0139
1744640677.555449 120 2.061 0.246 0.000 6 0.00 2.134 0.000 1.5451 0.0139
1744640677.555546 120 2.061 0.246 0.000 6 0.00 2.134 0.000 1.5451 0.0139
1744640677.559909 120 2.063 0.246 0.001 6 0.00 2.137 0.001 1.5482 0.0151
1744640677.566762 120 2.064 0.246 0.000 6 0.00 2.137 0.000 1.5482 0.0139
1744640677.57391 120 2.065 0.246 0.001 6 0.00 2.137 0.001 1.5482 0.0151
1744640677.5791092 120 2.067 0.246 0.001 6 0.00 2.140 0.001 1.5510 0.0151
1744640677.579257 120 2.067 0.246 0.001 6 0.00 2.140 0.001 1.5510 0.0151
1744640677.594839 120 2.069 0.246 0.000 6 0.00 2.143 0.000 1.5541 0.0139
1744640677.595175 120 2.070 0.246 0.001 6 0.00 2.143 0.001 1.5541 0.0151
1744640677.599937 120 2.071 0.246 0.001 6 0.00 2.143 0.001 1.5541 0.0151
1744640677.608917 120 2.073 0.246 0.000 6 0.00 2.146 0.000 1.5570 0.0139
1744640677.609067 120 2.073 0.246 0.000 6 0.00 2.146 0.000 1.5570 0.0139
1744640677.6379158 120 2.075 0.246 0.001 6 0.00 2.149 0.001 1.5602 0.0151
1744640677.638219 120 2.076 0.246 -0.001 6 0.00 2.149 -0.001 1.5602 0.0127
1744640677.643341 120 2.077 0.246 -0.001 6 0.00 2.152 -0.001 1.5631 0.0127
1744640677.6438038 120 2.079 0.246 -0.002 6 0.00 2.152 -0.002 1.5631 0.0116
1744640677.643892 120 2.079 0.246 -0.002 6 0.00 2.152 -0.002 1.5631 0.0116
1744640677.6623209 120 2.080 0.246 -0.004 6 0.00 2.155 -0.004 1.5657 0.0104
1744640677.662577 120 2.082 0.246 -0.004 6 0.00 2.155 -0.004 1.5657 0.0104
1744640677.668681 120 2.082 0.246 -0.004 6 0.00 2.158 -0.004 1.5687 0.0104
1744640677.677089 120 2.084 0.246 -0.005 6 0.00 2.158 -0.005 1.5687 0.0093
1744640677.677187 120 2.084 0.246 -0.005 6 0.00 2.158 -0.005 1.5687 0.0093
1744640677.683299 120 2.086 0.246 -0.005 6 0.00 2.161 -0.005 1.5716 0.0093
1744640677.687996 120 2.088 0.246 -0.006 6 0.00 2.161 -0.006 1.5716 0.0081
1744640677.696007 120 2.088 0.246 -0.007 6 0.00 2.163 -0.007 1.5743 0.0070
1744640677.700767 120 2.090 0.246 -0.008 6 0.00 2.163 -0.008 1.5743 0.0058
1744640677.7008572 120 2.090 0.246 -0.008 6 0.00 2.163 -0.008 1.5743 0.0058
1744640677.711879 120 2.092 0.246 -0.010 6 0.00 2.166 -0.010 1.5772 0.0035
1744640677.7179441 120 2.093 0.246 -0.010 6 0.00 2.166 -0.010 1.5772 0.0035
1744640677.724421 120 2.094 0.246 -0.012 6 0.00 2.169 -0.012 1.5798 0.0023
1744640677.730067 120 2.096 0.246 -0.013 6 0.00 2.169 -0.013 1.5798 0.0012
1744640677.730159 120 2.096 0.246 -0.013 6 0.00 2.169 -0.013 1.5798 0.0012
1744640677.739978 120 2.097 0.246 -0.014 6 0.00 2.172 -0.014 1.5830 0.0000
1744640677.745308 120 2.098 0.246 -0.016 6 0.00 2.172 -0.016 1.5830 -0.0023
1744640677.7503831 120 2.099 0.246 -0.017 6 0.00 2.175 -0.017 1.5857 -0.0034
1744640677.762323 120 2.101 0.246 -0.021 6 0.00 2.175 -0.021 1.5857 -0.0069
1744640677.762414 120 2.101 0.246 -0.021 6 0.00 2.175 -0.021 1.5857 -0.0069
1744640677.7736168 120 2.102 0.246 -0.023 6 0.00 2.177 -0.023 1.5882 -0.0092
1744640677.778604 120 2.103 0.246 -0.023 6 0.00 2.177 -0.023 1.5882 -0.0092
1744640677.782814 120 2.104 0.246 -0.024 6 0.00 2.180 -0.024 1.5907 -0.0104
1744640677.7915251 120 2.106 0.245 -0.023 6 0.00 2.180 -0.023 1.5907 -0.0092
1744640677.7916238 120 2.106 0.245 -0.023 6 0.00 2.180 -0.023 1.5907 -0.0092
1744640677.806082 120 2.108 0.245 -0.022 6 0.00 2.183 -0.022 1.5936 -0.0081
1744640677.806327 120 2.109 0.245 -0.022 6 0.00 2.183 -0.022 1.5936 -0.0081
1744640677.8114612 120 2.110 0.245 -0.021 6 0.00 2.186 -0.021 1.5970 -0.0069
1744640677.83669 120 2.113 0.245 -0.020 6 0.00 2.186 -0.020 1.5970 -0.0058
1744640677.836797 120 2.113 0.245 -0.020 6 0.00 2.186 -0.020 1.5970 -0.0058
1744640677.842901 120 2.115 0.245 -0.018 6 0.00 2.189 -0.018 1.6003 -0.0046
1744640677.843207 120 2.116 0.245 -0.016 6 0.00 2.189 -0.016 1.6003 -0.0023
1744640677.843414 120 2.117 0.245 -0.016 6 0.00 2.193 -0.016 1.6037 -0.0023
1744640677.851668 120 2.119 0.245 -0.015 6 0.00 2.193 -0.015 1.6037 -0.0011
1744640677.851764 120 2.119 0.245 -0.015 6 0.00 2.193 -0.015 1.6037 -0.0011
1744640677.8668811 120 2.121 0.245 -0.014 6 0.00 2.196 -0.014 1.6069 0.0000
1744640677.866998 120 2.122 0.245 -0.015 6 0.00 2.196 -0.015 1.6069 -0.0011
1744640677.87167 120 2.123 0.245 -0.015 6 0.00 2.199 -0.015 1.6099 -0.0011
1744640677.88097 120 2.125 0.245 -0.013 6 0.00 2.199 -0.013 1.6099 0.0012
1744640677.881032 120 2.125 0.245 -0.013 6 0.00 2.199 -0.013 1.6099 0.0012
1744640677.890197 120 2.128 0.245 -0.010 6 0.00 2.202 -0.010 1.6132 0.0035
1744640677.895475 120 2.129 0.245 -0.008 6 0.00 2.202 -0.008 1.6132 0.0058
1744640677.901168 120 2.130 0.245 -0.007 6 0.00 2.206 -0.007 1.6166 0.0070
1744640677.9123452 120 2.132 0.245 -0.006 6 0.00 2.206 -0.006 1.6166 0.0081
1744640677.912395 120 2.132 0.245 -0.006 6 0.00 2.206 -0.006 1.6166 0.0081
1744640677.923711 120 2.134 0.245 -0.004 6 0.00 2.209 -0.004 1.6199 0.0104
1744640677.9286962 120 2.136 0.245 -0.004 6 0.00 2.209 -0.004 1.6199 0.0104
1744640677.9333918 120 2.136 0.245 -0.004 6 0.00 2.212 -0.004 1.6231 0.0104
1744640677.939032 120 2.138 0.245 -0.002 6 0.00 2.212 -0.002 1.6231 0.0116
1744640677.943286 120 2.138 0.245 -0.002 6 0.00 2.212 -0.002 1.6231 0.0116
1744640677.95135 120 2.140 0.245 -0.004 6 0.00 2.215 -0.004 1.6261 0.0104
1744640677.9569468 120 2.142 0.245 -0.004 6 0.00 2.215 -0.004 1.6261 0.0104
1744640677.961288 120 2.142 0.245 -0.005 6 0.00 2.218 -0.005 1.6291 0.0093
1744640677.9706922 120 2.144 0.245 -0.005 6 0.00 2.218 -0.005 1.6291 0.0093
1744640677.970803 120 2.144 0.245 -0.005 6 0.00 2.218 -0.005 1.6291 0.0093
1744640677.980219 120 2.146 0.245 -0.004 6 0.00 2.221 -0.004 1.6320 0.0104
1744640677.986513 120 2.148 0.245 -0.004 6 0.00 2.221 -0.004 1.6320 0.0104
1744640677.990765 120 2.148 0.245 -0.002 6 0.00 2.224 -0.002 1.6350 0.0116
1744640677.999773 120 2.150 0.245 0.000 6 0.00 2.224 0.000 1.6350 0.0139
1744640678.008383 120 2.150 0.245 0.000 6 0.00 2.224 0.000 1.6350 0.0139
1744640678.0238762 120 2.152 0.245 0.001 6 0.00 2.227 0.001 1.6377 0.0151
1744640678.02877 120 2.153 0.245 0.001 6 0.00 2.227 0.001 1.6377 0.0151
1744640678.028987 120 2.154 0.245 0.000 6 0.00 2.229 0.000 1.6405 0.0139
1744640678.044744 120 2.156 0.245 -0.002 6 0.00 2.229 -0.002 1.6405 0.0116
1744640678.044839 120 2.156 0.245 -0.002 6 0.00 2.229 -0.002 1.6405 0.0116
1744640678.0499961 120 2.157 0.245 -0.006 6 0.00 2.232 -0.006 1.6430 0.0081
1744640678.050236 120 2.158 0.245 -0.007 6 0.00 2.232 -0.007 1.6430 0.0070
1744640678.050436 120 2.159 0.245 -0.007 6 0.00 2.235 -0.007 1.6455 0.0070
1744640678.062165 120 2.161 0.245 -0.005 6 0.00 2.235 -0.005 1.6455 0.0093
1744640678.062201 120 2.161 0.245 -0.005 6 0.00 2.235 -0.005 1.6455 0.0093
1744640678.075825 120 2.163 0.245 -0.002 6 0.00 2.237 -0.002 1.6484 0.0116
1744640678.075964 120 2.164 0.245 -0.002 6 0.00 2.237 -0.002 1.6484 0.0116
1744640678.082093 120 2.165 0.245 -0.004 6 0.00 2.241 -0.004 1.6516 0.0104
1744640678.090935 120 2.167 0.245 -0.004 6 0.00 2.241 -0.004 1.6516 0.0104
1744640678.090987 120 2.167 0.245 -0.004 6 0.00 2.241 -0.004 1.6516 0.0104
1744640678.105361 120 2.169 0.245 -0.005 6 0.00 2.243 -0.005 1.6544 0.0093
1744640678.105498 120 2.170 0.245 -0.005 6 0.00 2.243 -0.005 1.6544 0.0093
1744640678.117397 120 2.171 0.245 -0.005 6 0.00 2.246 -0.005 1.6572 0.0093
1744640678.12199 120 2.173 0.245 -0.006 6 0.00 2.246 -0.006 1.6572 0.0081
1744640678.122096 120 2.173 0.245 -0.006 6 0.00 2.246 -0.006 1.6572 0.0081
1744640678.132732 120 2.175 0.245 -0.006 6 0.00 2.249 -0.006 1.6600 0.0081
1744640678.145227 120 2.175 0.245 -0.006 6 0.00 2.249 -0.006 1.6600 0.0081
1744640678.15342 120 2.176 0.245 -0.005 6 0.00 2.252 -0.005 1.6628 0.0093
1744640678.153933 120 2.178 0.245 -0.005 6 0.00 2.252 -0.005 1.6628 0.0093
1744640678.1592262 120 2.178 0.245 -0.005 6 0.00 2.252 -0.005 1.6628 0.0093
1744640678.164145 120 2.179 0.245 -0.005 6 0.00 2.254 -0.005 1.6651 0.0093
1744640678.169352 120 2.180 0.245 -0.004 6 0.00 2.254 -0.004 1.6651 0.0104
1744640678.175771 120 2.181 0.245 -0.005 6 0.00 2.257 -0.005 1.6678 0.0093
1744640678.181282 120 2.183 0.245 -0.004 6 0.00 2.257 -0.004 1.6678 0.0104
1744640678.18141 120 2.183 0.245 -0.004 6 0.00 2.257 -0.004 1.6678 0.0104
1744640678.191678 120 2.185 0.245 -0.004 6 0.00 2.259 -0.004 1.6704 0.0104
1744640678.19665 120 2.186 0.245 -0.004 6 0.00 2.259 -0.004 1.6704 0.0104
1744640678.2034078 120 2.187 0.245 -0.004 6 0.00 2.262 -0.004 1.6732 0.0104
1744640678.213714 120 2.189 0.245 -0.005 6 0.00 2.262 -0.005 1.6732 0.0093
1744640678.213825 120 2.189 0.245 -0.005 6 0.00 2.262 -0.005 1.6732 0.0093
1744640678.225955 120 2.191 0.245 -0.005 6 0.00 2.265 -0.005 1.6762 0.0093
1744640678.226304 120 2.192 0.245 -0.006 6 0.00 2.265 -0.006 1.6762 0.0081
1744640678.2315361 120 2.193 0.245 -0.005 6 0.00 2.268 -0.005 1.6792 0.0093
1744640678.242847 120 2.195 0.245 -0.006 6 0.00 2.268 -0.006 1.6792 0.0081
1744640678.242943 120 2.195 0.245 -0.006 6 0.00 2.268 -0.006 1.6792 0.0081
1744640678.269609 120 2.197 0.245 -0.008 6 0.00 2.272 -0.008 1.6827 0.0058
1744640678.269876 120 2.198 0.245 -0.008 6 0.00 2.272 -0.008 1.6827 0.0058
1744640678.2755141 120 2.200 0.245 -0.008 6 0.00 2.275 -0.008 1.6860 0.0058
1744640678.2758222 120 2.202 0.245 -0.009 6 0.00 2.275 -0.009 1.6860 0.0047
1744640678.275906 120 2.202 0.245 -0.009 6 0.00 2.275 -0.009 1.6860 0.0047
1744640678.281614 120 2.204 0.245 -0.010 6 0.00 2.278 -0.010 1.6895 0.0035
1744640678.287036 120 2.205 0.245 -0.010 6 0.00 2.278 -0.010 1.6895 0.0035
1744640678.291157 120 2.206 0.245 -0.010 6 0.00 2.282 -0.010 1.6927 0.0035
1744640678.303665 120 2.209 0.245 -0.009 6 0.00 2.282 -0.009 1.6927 0.0047
1744640678.303731 120 2.209 0.245 -0.009 6 0.00 2.282 -0.009 1.6927 0.0047
1744640678.316345 120 2.211 0.245 -0.009 6 0.00 2.285 -0.009 1.6962 0.0047
1744640678.316653 120 2.212 0.245 -0.010 6 0.00 2.285 -0.010 1.6962 0.0035
1744640678.323175 120 2.213 0.245 -0.010 6 0.00 2.288 -0.010 1.6993 0.0035
1744640678.340439 120 2.215 0.245 -0.009 6 0.00 2.288 -0.009 1.6993 0.0047
1744640678.340537 120 2.215 0.245 -0.009 6 0.00 2.288 -0.009 1.6993 0.0047
1744640678.351487 120 2.218 0.245 -0.010 6 0.00 2.292 -0.010 1.7026 0.0035
1744640678.3517828 120 2.219 0.245 -0.012 6 0.00 2.292 -0.012 1.7026 0.0023
1744640678.3568609 120 2.220 0.245 -0.012 6 0.00 2.295 -0.012 1.7061 0.0023
1744640678.364202 120 2.222 0.245 -0.013 6 0.00 2.295 -0.013 1.7061 0.0012
1744640678.364299 120 2.222 0.245 -0.013 6 0.00 2.295 -0.013 1.7061 0.0012
1744640678.372133 120 2.225 0.245 -0.013 6 0.00 2.298 -0.013 1.7095 0.0012
1744640678.379157 120 2.225 0.245 -0.013 6 0.00 2.298 -0.013 1.7095 0.0012
1744640678.38973 120 2.227 0.245 -0.015 6 0.00 2.302 -0.015 1.7129 -0.0011
1744640678.4029162 120 2.229 0.244 -0.015 6 0.00 2.302 -0.015 1.7129 -0.0011
1744640678.403009 120 2.229 0.244 -0.015 6 0.00 2.302 -0.015 1.7129 -0.0011
1744640678.40348 120 2.231 0.244 -0.015 6 0.00 2.305 -0.015 1.7161 -0.0011
1744640678.4084191 120 2.232 0.244 -0.015 6 0.00 2.305 -0.015 1.7161 -0.0011
1744640678.414829 120 2.233 0.244 -0.017 6 0.00 2.308 -0.017 1.7193 -0.0034
1744640678.443383 120 2.235 0.244 -0.017 6 0.00 2.308 -0.017 1.7193 -0.0034
1744640678.4434838 120 2.235 0.244 -0.017 6 0.00 2.308 -0.017 1.7193 -0.0034
1744640678.443975 120 2.237 0.244 -0.017 6 0.00 2.311 -0.017 1.7224 -0.0034
1744640678.444272 120 2.238 0.244 -0.017 6 0.00 2.311 -0.017 1.7224 -0.0034
1744640678.4444869 120 2.239 0.244 -0.018 6 0.00 2.315 -0.018 1.7256 -0.0046
1744640678.4661582 120 2.241 0.244 -0.018 6 0.00 2.315 -0.018 1.7256 -0.0046
1744640678.466274 120 2.241 0.244 -0.018 6 0.00 2.315 -0.018 1.7256 -0.0046
1744640678.466832 120 2.243 0.244 -0.020 6 0.00 2.318 -0.020 1.7286 -0.0058
1744640678.4865541 120 2.244 0.244 -0.020 6 0.00 2.318 -0.020 1.7286 -0.0058
1744640678.486679 120 2.245 0.244 -0.020 6 0.00 2.321 -0.020 1.7318 -0.0058
1744640678.49135 120 2.247 0.244 -0.021 6 0.00 2.321 -0.021 1.7318 -0.0069
1744640678.491403 120 2.247 0.244 -0.021 6 0.00 2.321 -0.021 1.7318 -0.0069
1744640678.4916952 120 2.249 0.244 -0.020 6 0.00 2.324 -0.020 1.7347 -0.0058
1744640678.4961112 120 2.250 0.244 -0.020 6 0.00 2.324 -0.020 1.7347 -0.0058
1744640678.502609 120 2.251 0.244 -0.021 6 0.00 2.327 -0.021 1.7375 -0.0069
1744640678.513844 120 2.253 0.244 -0.021 6 0.00 2.327 -0.021 1.7375 -0.0069
1744640678.5140622 120 2.253 0.244 -0.021 6 0.00 2.327 -0.021 1.7375 -0.0069
1744640678.522847 120 2.255 0.244 -0.022 6 0.00 2.330 -0.022 1.7405 -0.0081
1744640678.52779 120 2.256 0.244 -0.022 6 0.00 2.330 -0.022 1.7405 -0.0081
1744640678.5340521 120 2.257 0.244 -0.021 6 0.00 2.332 -0.021 1.7435 -0.0069
1744640678.545269 120 2.259 0.244 -0.022 6 0.00 2.332 -0.022 1.7435 -0.0081
1744640678.545362 120 2.259 0.244 -0.022 6 0.00 2.332 -0.022 1.7435 -0.0081
1744640678.552896 120 2.261 0.244 -0.023 6 0.00 2.335 -0.023 1.7464 -0.0092
1744640678.557457 120 2.262 0.244 -0.023 6 0.00 2.335 -0.023 1.7464 -0.0092
1744640678.56797 120 2.263 0.244 -0.023 6 0.00 2.338 -0.023 1.7494 -0.0092
1744640678.574408 120 2.265 0.244 -0.024 6 0.00 2.338 -0.024 1.7494 -0.0104
1744640678.5744991 120 2.265 0.244 -0.024 6 0.00 2.338 -0.024 1.7494 -0.0104
1744640678.588199 120 2.267 0.244 -0.023 6 0.00 2.341 -0.023 1.7523 -0.0092
1744640678.593458 120 2.268 0.244 -0.023 6 0.00 2.341 -0.023 1.7523 -0.0092
1744640678.593663 120 2.269 0.244 -0.024 6 0.00 2.344 -0.024 1.7553 -0.0104
1744640678.606343 120 2.271 0.244 -0.024 6 0.00 2.344 -0.024 1.7553 -0.0104
1744640678.606432 120 2.271 0.244 -0.024 6 0.00 2.344 -0.024 1.7553 -0.0104
1744640678.611509 120 2.273 0.244 -0.024 6 0.00 2.347 -0.024 1.7583 -0.0104
1744640678.619466 120 2.274 0.244 -0.024 6 0.00 2.347 -0.024 1.7583 -0.0104
1744640678.62422 120 2.275 0.244 -0.024 6 0.00 2.350 -0.024 1.7613 -0.0104
1744640678.645497 120 2.277 0.243 -0.024 6 0.00 2.350 -0.024 1.7613 -0.0104
1744640678.6455932 120 2.277 0.243 -0.024 6 0.00 2.350 -0.024 1.7613 -0.0104
1744640678.6461282 120 2.279 0.243 -0.024 6 0.00 2.353 -0.024 1.7643 -0.0104
1744640678.6515598 120 2.280 0.243 -0.023 6 0.00 2.353 -0.023 1.7643 -0.0092
1744640678.6517692 120 2.281 0.243 -0.024 6 0.00 2.356 -0.024 1.7674 -0.0104
1744640678.669003 120 2.283 0.243 -0.024 6 0.00 2.356 -0.024 1.7674 -0.0104
1744640678.6690938 120 2.283 0.243 -0.024 6 0.00 2.356 -0.024 1.7674 -0.0104
1744640678.675518 120 2.285 0.243 -0.023 6 0.00 2.359 -0.023 1.7702 -0.0092
1744640678.6756501 120 2.286 0.243 -0.023 6 0.00 2.359 -0.023 1.7702 -0.0092
1744640678.679977 120 2.287 0.243 -0.022 6 0.00 2.362 -0.022 1.7730 -0.0081
1744640678.699012 120 2.289 0.243 -0.023 6 0.00 2.362 -0.023 1.7730 -0.0092
1744640678.699063 120 2.289 0.243 -0.023 6 0.00 2.362 -0.023 1.7730 -0.0092
1744640678.70354 120 2.291 0.243 -0.021 6 0.00 2.365 -0.021 1.7762 -0.0069
1744640678.709146 120 2.291 0.243 -0.021 6 0.00 2.365 -0.021 1.7762 -0.0069
1744640678.713946 120 2.292 0.243 -0.021 6 0.00 2.368 -0.021 1.7789 -0.0069
1744640678.722761 120 2.295 0.243 -0.021 6 0.00 2.368 -0.021 1.7789 -0.0069
1744640678.722857 120 2.295 0.243 -0.021 6 0.00 2.368 -0.021 1.7789 -0.0069
1744640678.7326138 120 2.297 0.243 -0.020 6 0.00 2.371 -0.020 1.7820 -0.0058
1744640678.736959 120 2.297 0.243 -0.020 6 0.00 2.371 -0.020 1.7820 -0.0058
1744640678.742641 120 2.298 0.243 -0.020 6 0.00 2.374 -0.020 1.7850 -0.0058
1744640678.751231 120 2.300 0.243 -0.018 6 0.00 2.374 -0.018 1.7850 -0.0046
1744640678.751329 120 2.300 0.243 -0.018 6 0.00 2.374 -0.018 1.7850 -0.0046
1744640678.7655501 120 2.302 0.243 -0.018 6 0.00 2.377 -0.018 1.7877 -0.0046
1744640678.766168 120 2.303 0.243 -0.018 6 0.00 2.377 -0.018 1.7877 -0.0046
1744640678.774517 120 2.304 0.243 -0.017 6 0.00 2.380 -0.017 1.7907 -0.0034
1744640678.7862458 120 2.306 0.243 -0.018 6 0.00 2.380 -0.018 1.7907 -0.0046
1744640678.786346 120 2.306 0.243 -0.018 6 0.00 2.380 -0.018 1.7907 -0.0046
1744640678.7925792 120 2.308 0.243 -0.017 6 0.00 2.383 -0.017 1.7936 -0.0034
1744640678.7970161 120 2.309 0.243 -0.017 6 0.00 2.383 -0.017 1.7936 -0.0034
1744640678.801306 120 2.310 0.243 -0.017 6 0.00 2.383 -0.017 1.7936 -0.0034
1744640678.8099551 120 2.312 0.243 -0.017 6 0.00 2.386 -0.017 1.7967 -0.0034
1744640678.81444 120 2.312 0.243 -0.017 6 0.00 2.386 -0.017 1.7967 -0.0034
1744640678.820993 120 2.314 0.243 -0.016 6 0.00 2.389 -0.016 1.7996 -0.0023
1744640678.8272908 120 2.315 0.243 -0.016 6 0.00 2.389 -0.016 1.7996 -0.0023
1744640678.831587 120 2.316 0.243 -0.016 6 0.00 2.389 -0.016 1.7996 -0.0023
1744640678.845747 120 2.317 0.243 -0.016 6 0.00 2.392 -0.016 1.8028 -0.0023
1744640678.84586 120 2.318 0.243 -0.016 6 0.00 2.392 -0.016 1.8028 -0.0023
1744640678.871985 120 2.320 0.243 -0.016 6 0.00 2.395 -0.016 1.8057 -0.0023
1744640678.872375 120 2.321 0.243 -0.016 6 0.00 2.395 -0.016 1.8057 -0.0023
1744640678.872575 120 2.321 0.243 -0.016 6 0.00 2.395 -0.016 1.8057 -0.0023
1744640678.878921 120 2.324 0.243 -0.016 6 0.00 2.398 -0.016 1.8087 -0.0023
1744640678.879082 120 2.324 0.243 -0.016 6 0.00 2.398 -0.016 1.8087 -0.0023
1744640678.88398 120 2.326 0.243 -0.015 6 0.00 2.401 -0.015 1.8118 -0.0011
1744640678.88832 120 2.328 0.243 -0.016 6 0.00 2.401 -0.016 1.8118 -0.0023
1744640678.8922749 120 2.328 0.243 -0.016 6 0.00 2.401 -0.016 1.8118 -0.0023
1744640678.904324 120 2.330 0.242 -0.015 6 0.00 2.404 -0.015 1.8149 -0.0011
1744640678.904481 120 2.330 0.242 -0.015 6 0.00 2.404 -0.015 1.8149 -0.0011
1744640678.914826 120 2.331 0.242 -0.015 6 0.00 2.407 -0.015 1.8179 -0.0011
1744640678.920236 120 2.334 0.242 -0.015 6 0.00 2.407 -0.015 1.8179 -0.0011
1744640678.926174 120 2.334 0.242 -0.015 6 0.00 2.407 -0.015 1.8179 -0.0011
1744640678.9307241 120 2.336 0.242 -0.014 6 0.00 2.410 -0.014 1.8208 0.0000
1744640678.9347289 120 2.336 0.242 -0.014 6 0.00 2.410 -0.014 1.8208 0.0000
1744640678.949385 120 2.338 0.242 -0.015 6 0.00 2.413 -0.015 1.8238 -0.0011
1744640678.9543428 120 2.340 0.242 -0.014 6 0.00 2.413 -0.014 1.8238 0.0000
1744640678.954444 120 2.340 0.242 -0.014 6 0.00 2.413 -0.014 1.8238 0.0000
1744640678.975728 120 2.341 0.242 -0.014 6 0.00 2.416 -0.014 1.8269 0.0000
1744640678.975952 120 2.342 0.242 -0.015 6 0.00 2.416 -0.015 1.8269 -0.0011
1744640678.982846 120 2.344 0.242 -0.014 6 0.00 2.419 -0.014 1.8298 0.0000
1744640678.983166 120 2.346 0.242 -0.014 6 0.00 2.419 -0.014 1.8298 0.0000
1744640678.983253 120 2.346 0.242 -0.014 6 0.00 2.419 -0.014 1.8298 0.0000
1744640678.992385 120 2.347 0.242 -0.014 6 0.00 2.422 -0.014 1.8327 0.0000
1744640678.992574 120 2.348 0.242 -0.013 6 0.00 2.422 -0.013 1.8327 0.0012
% 1744640678.9940102 robobot/cmd/ti/rc 0.0 0.0
1744640679.001527 120 2.349 0.242 -0.013 6 0.00 2.425 -0.013 1.8358 0.0012
1744640679.006052 120 2.351 0.242 -0.012 6 0.00 2.425 -0.012 1.8358 0.0023
1744640679.010498 120 2.351 0.242 -0.012 6 0.00 2.425 -0.012 1.8358 0.0023
1744640679.023354 120 2.353 0.242 -0.013 6 0.00 2.428 -0.013 1.8387 0.0012
1744640679.023576 120 2.354 0.242 -0.012 6 0.00 2.428 -0.012 1.8387 0.0023
1744640679.030369 120 2.354 0.242 -0.012 6 0.00 2.430 -0.012 1.8414 0.0023
1744640679.0409322 120 2.355 0.242 -0.013 6 0.00 2.430 -0.013 1.8414 0.0012
1744640679.045235 120 2.355 0.242 -0.013 6 0.00 2.430 -0.013 1.8414 0.0012
1744640679.067355 120 2.355 0.242 -0.014 6 0.00 2.432 -0.014 1.8426 0.0000
1744640679.06758 120 2.355 0.242 -0.014 6 0.00 2.432 -0.014 1.8426 0.0000
1744640679.0726368 120 2.356 0.242 -0.013 6 0.00 2.432 -0.013 1.8433 0.0012
1744640679.072866 120 2.357 0.242 -0.010 6 0.00 2.432 -0.010 1.8433 0.0035
1744640679.07293 120 2.357 0.242 -0.010 6 0.00 2.432 -0.010 1.8433 0.0035
1744640679.0827389 120 2.358 0.242 -0.007 6 0.00 2.434 -0.007 1.8452 0.0070
1744640679.082966 120 2.358 0.242 -0.007 6 0.00 2.434 -0.007 1.8452 0.0070
1744640679.092014 120 2.359 0.242 -0.007 6 0.00 2.436 -0.007 1.8467 0.0070
1744640679.096266 120 2.359 0.242 -0.006 6 0.00 2.436 -0.006 1.8467 0.0081
1744640679.100857 120 2.359 0.242 -0.006 6 0.00 2.436 -0.006 1.8467 0.0081
1744640679.110523 120 2.359 0.242 -0.006 6 0.00 2.437 -0.006 1.8476 0.0081
1744640679.114932 120 2.359 0.242 -0.005 6 0.00 2.437 -0.005 1.8476 0.0093
1744640679.126155 120 2.359 0.242 -0.005 6 0.00 2.437 -0.005 1.8482 0.0093
1744640679.134054 120 2.359 0.242 -0.005 6 0.00 2.437 -0.005 1.8482 0.0093
1744640679.134154 120 2.359 0.242 -0.005 6 0.00 2.437 -0.005 1.8482 0.0093
1744640679.143632 120 2.359 0.242 -0.006 6 0.00 2.438 -0.006 1.8486 0.0081
1744640679.144153 120 2.359 0.242 -0.007 6 0.00 2.438 -0.007 1.8486 0.0070
1744640679.1527061 120 2.359 0.242 -0.007 6 0.00 2.438 -0.007 1.8487 0.0070
1744640679.1581109 120 2.358 0.242 -0.007 6 0.00 2.438 -0.007 1.8487 0.0070
1744640679.167279 120 2.358 0.242 -0.007 6 0.00 2.438 -0.007 1.8487 0.0070
1744640679.172565 120 2.358 0.242 -0.006 6 0.00 2.438 -0.006 1.8486 0.0081
1744640679.172752 120 2.358 0.242 -0.006 6 0.00 2.438 -0.006 1.8486 0.0081
1744640679.18207 120 2.358 0.242 -0.005 6 0.00 2.437 -0.005 1.8484 0.0093
1744640679.186754 120 2.358 0.242 -0.002 6 0.00 2.437 -0.002 1.8484 0.0116
1744640679.1907918 120 2.358 0.242 -0.002 6 0.00 2.437 -0.002 1.8484 0.0116
1744640679.203285 120 2.358 0.242 0.000 6 0.00 2.437 0.000 1.8480 0.0139
1744640679.2084439 120 2.357 0.242 0.001 6 0.00 2.437 0.001 1.8480 0.0151
1744640679.222826 120 2.357 0.242 0.002 6 0.00 2.436 0.002 1.8475 0.0162
1744640679.2276502 120 2.357 0.242 0.002 6 0.00 2.436 0.002 1.8475 0.0162
1744640679.227731 120 2.357 0.242 0.002 6 0.00 2.436 0.002 1.8475 0.0162
1744640679.2327979 120 2.357 0.242 0.002 6 0.00 2.436 0.002 1.8470 0.0162
1744640679.2329721 120 2.357 0.242 0.001 6 0.00 2.436 0.001 1.8470 0.0151
1744640679.243535 120 2.357 0.242 0.001 6 0.00 2.436 0.001 1.8468 0.0151
1744640679.248354 120 2.357 0.242 0.001 6 0.00 2.436 0.001 1.8468 0.0151
1744640679.260597 120 2.357 0.242 0.001 6 0.00 2.436 0.001 1.8468 0.0151
1744640679.2656882 120 2.357 0.242 0.001 6 0.00 2.436 0.001 1.8466 0.0151
1744640679.265891 120 2.357 0.242 0.001 6 0.00 2.436 0.001 1.8466 0.0151
1744640679.2709382 120 2.357 0.242 0.001 6 0.00 2.435 0.001 1.8465 0.0151
1744640679.279382 120 2.357 0.242 0.001 6 0.00 2.435 0.001 1.8465 0.0151
1744640679.284412 120 2.357 0.242 0.001 6 0.00 2.435 0.001 1.8465 0.0151
1744640679.29767 120 2.357 0.242 0.001 6 0.00 2.435 0.001 1.8463 0.0151
1744640679.2978718 120 2.357 0.242 0.001 6 0.00 2.435 0.001 1.8463 0.0151
1744640679.304331 120 2.357 0.242 0.001 6 0.00 2.435 0.001 1.8462 0.0151
1744640679.310512 120 2.358 0.242 0.002 6 0.00 2.435 0.002 1.8462 0.0162
1744640679.31554 120 2.358 0.242 0.002 6 0.00 2.435 0.002 1.8462 0.0162
1744640679.325967 120 2.358 0.242 0.001 6 0.00 2.435 0.001 1.8462 0.0151
1744640679.326157 120 2.358 0.242 0.001 6 0.00 2.435 0.001 1.8462 0.0151
1744640679.334923 120 2.358 0.242 0.001 6 0.00 2.435 0.001 1.8461 0.0151
1744640679.3395782 120 2.358 0.242 0.001 6 0.00 2.435 0.001 1.8461 0.0151
1744640679.3437078 120 2.358 0.242 0.001 6 0.00 2.435 0.001 1.8461 0.0151
1744640679.358145 120 2.358 0.242 0.001 6 0.00 2.435 0.001 1.8461 0.0151
1744640679.358332 120 2.358 0.242 0.001 6 0.00 2.435 0.001 1.8461 0.0151
1744640679.3653219 120 2.358 0.242 0.001 6 0.00 2.435 0.001 1.8460 0.0151
1744640679.369667 120 2.358 0.242 0.001 6 0.00 2.435 0.001 1.8460 0.0151
1744640679.36976 120 2.358 0.242 0.001 6 0.00 2.435 0.001 1.8460 0.0151
1744640679.3798668 120 2.358 0.242 0.001 6 0.00 2.435 0.001 1.8460 0.0151
1744640679.384516 120 2.358 0.242 0.001 6 0.00 2.435 0.001 1.8460 0.0151
1744640679.393944 120 2.358 0.242 0.001 6 0.00 2.435 0.001 1.8460 0.0151
1744640679.398273 120 2.358 0.242 0.001 6 0.00 2.435 0.001 1.8460 0.0151
1744640679.4097211 120 2.358 0.242 0.001 6 0.00 2.435 0.001 1.8460 0.0151
1744640679.4149828 120 2.358 0.242 0.001 6 0.00 2.435 0.001 1.8459 0.0151
1744640679.415172 120 2.358 0.242 0.001 6 0.00 2.435 0.001 1.8459 0.0151
1744640679.4253519 120 2.358 0.242 0.000 6 0.00 2.435 0.000 1.8459 0.0139
1744640679.430263 120 2.358 0.242 0.000 6 0.00 2.435 0.000 1.8459 0.0139
1744640679.430361 120 2.358 0.242 0.000 6 0.00 2.435 0.000 1.8459 0.0139
1744640679.440234 120 2.358 0.242 0.000 6 0.00 2.435 0.000 1.8459 0.0139
1744640679.444496 120 2.358 0.242 0.000 6 0.00 2.435 0.000 1.8459 0.0139
1744640679.465321 120 2.358 0.242 0.000 6 0.00 2.435 0.000 1.8459 0.0139
1744640679.471411 120 2.358 0.242 0.000 6 0.00 2.435 0.000 1.8459 0.0139
1744640679.471461 120 2.358 0.242 0.000 6 0.00 2.435 0.000 1.8459 0.0139
1744640679.471723 120 2.358 0.242 0.000 6 0.00 2.435 0.000 1.8459 0.0139
1744640679.4718459 120 2.358 0.242 0.000 6 0.00 2.435 0.000 1.8459 0.0139
1744640679.4805849 120 2.358 0.242 0.000 6 0.00 2.435 0.000 1.8459 0.0139
1744640679.489374 120 2.358 0.242 0.000 6 0.00 2.435 0.000 1.8459 0.0139
1744640679.493483 120 2.358 0.242 0.000 6 0.00 2.435 0.000 1.8459 0.0139
1744640679.502891 120 2.358 0.242 0.000 6 0.00 2.435 0.000 1.8459 0.0139
1744640679.5031 120 2.358 0.242 0.000 6 0.00 2.435 0.000 1.8459 0.0139
% 1744640679.503624 robobot/cmd/ti/rc 0.0 0.0
% 1744640679.50372 robobot/cmd/T0/leds 16 0 0 0
% 1744640679.526386 robobot/cmd/ti/rc 0.090 2.085 1744640679.525938
1744640679.526421 120 2.358 0.242 0.000 6 -0.20 2.435 0.000 1.8460 0.0139
1744640679.526665 120 2.358 0.242 0.000 6 -0.20 2.435 0.000 1.8460 0.0139
% 1744640679.526988 robobot/cmd/ti/rc 0.090 2.366 1744640679.526745
1744640679.527 120 2.358 0.242 0.000 6 -0.20 2.435 0.000 1.8460 0.0139
% 1744640679.533178 robobot/cmd/ti/rc 0.090 -0.010 1744640679.5331001
1744640679.533191 120 2.358 0.242 0.000 6 -0.20 2.435 0.000 1.8460 0.0139
1744640679.533422 120 2.358 0.242 0.000 6 -0.20 2.435 0.000 1.8460 0.0139
% 1744640679.544575 robobot/cmd/ti/rc 0.090 0.037 1744640679.5444539
1744640679.544592 120 2.358 0.242 0.000 6 -0.20 2.435 0.000 1.8460 0.0139
1744640679.5516002 120 2.358 0.242 0.004 6 -0.20 2.435 0.004 1.8460 0.0174
% 1744640679.557631 robobot/cmd/ti/rc 0.090 0.069 1744640679.557537
1744640679.557646 120 2.358 0.242 0.004 6 -0.20 2.435 0.004 1.8460 0.0174
% 1744640679.565056 robobot/cmd/ti/rc 0.090 0.070 1744640679.564965
1744640679.565071 120 2.359 0.242 0.016 6 -0.20 2.435 0.016 1.8461 0.0301
1744640679.565165 120 2.359 0.242 0.018 6 -0.20 2.435 0.018 1.8461 0.0324
% 1744640679.570441 robobot/cmd/ti/rc 0.090 0.021 1744640679.570385
1744640679.570451 120 2.359 0.242 0.020 6 -0.20 2.436 0.020 1.8474 0.0336
1744640679.58353 120 2.360 0.242 0.020 6 -0.20 2.436 0.020 1.8474 0.0336
% 1744640679.583837 robobot/cmd/ti/rc 0.090 0.038 1744640679.583648
1744640679.583853 120 2.360 0.242 0.020 6 -0.19 2.436 0.020 1.8474 0.0336
% 1744640679.5926971 robobot/cmd/ti/rc 0.090 0.052 1744640679.592573
1744640679.592714 120 2.360 0.242 0.016 6 -0.19 2.437 0.016 1.8481 0.0301
1744640679.5928352 120 2.360 0.242 0.016 6 -0.19 2.437 0.016 1.8481 0.0301
% 1744640679.6016378 robobot/cmd/ti/rc 0.090 -0.004 1744640679.601523
1744640679.601651 120 2.360 0.242 0.015 6 -0.19 2.438 0.015 1.8487 0.0289
1744640679.613369 120 2.360 0.242 0.017 6 -0.19 2.438 0.017 1.8487 0.0313
% 1744640679.61363 robobot/cmd/ti/rc 0.090 -0.062 1744640679.613465
1744640679.613643 120 2.360 0.242 0.017 6 -0.19 2.438 0.017 1.8487 0.0313
% 1744640679.6252558 robobot/cmd/ti/rc 0.090 0.013 1744640679.6250648
1744640679.625279 120 2.361 0.242 0.022 6 -0.19 2.438 0.022 1.8492 0.0359
1744640679.625481 120 2.361 0.242 0.024 6 -0.19 2.438 0.024 1.8492 0.0382
% 1744640679.631885 robobot/cmd/ti/rc 0.090 0.034 1744640679.631758
1744640679.631906 120 2.361 0.242 0.024 6 -0.18 2.439 0.024 1.8501 0.0382
1744640679.6366458 120 2.362 0.242 0.025 6 -0.18 2.439 0.025 1.8501 0.0393
% 1744640679.642761 robobot/cmd/ti/rc 0.090 0.014 1744640679.6426072
1744640679.642782 120 2.362 0.242 0.025 6 -0.18 2.439 0.025 1.8501 0.0393
% 1744640679.656242 robobot/cmd/ti/rc 0.090 0.059 1744640679.656137
1744640679.656265 120 2.362 0.242 0.027 6 -0.18 2.440 0.027 1.8507 0.0405
1744640679.656555 120 2.363 0.242 0.027 6 -0.18 2.440 0.027 1.8507 0.0405
% 1744640679.6627111 robobot/cmd/ti/rc 0.090 -0.016 1744640679.6626189
1744640679.662722 120 2.363 0.242 0.025 6 -0.18 2.440 0.025 1.8514 0.0393
1744640679.673783 120 2.364 0.242 0.025 6 -0.18 2.440 0.025 1.8514 0.0393
% 1744640679.681115 robobot/cmd/ti/rc 0.090 -0.039 1744640679.681022
1744640679.6811268 120 2.364 0.242 0.025 6 -0.18 2.440 0.025 1.8514 0.0393
% 1744640679.689169 robobot/cmd/ti/rc 0.090 0.030 1744640679.688993
1744640679.68919 120 2.365 0.242 0.025 6 -0.18 2.442 0.025 1.8526 0.0393
1744640679.689454 120 2.365 0.242 0.027 6 -0.18 2.442 0.027 1.8526 0.0405
% 1744640679.69697 robobot/cmd/ti/rc 0.090 0.000 1744640679.696861
1744640679.69699 120 2.365 0.242 0.027 6 -0.17 2.443 0.027 1.8538 0.0405
1744640679.704764 120 2.366 0.242 0.029 6 -0.17 2.443 0.029 1.8538 0.0428
% 1744640679.7049868 robobot/cmd/ti/rc 0.090 -0.013 1744640679.7048829
1744640679.705007 120 2.366 0.242 0.029 6 -0.17 2.443 0.029 1.8538 0.0428
% 1744640679.718603 robobot/cmd/ti/rc 0.090 0.012 1744640679.7184849
1744640679.718624 120 2.367 0.242 0.029 6 -0.17 2.444 0.029 1.8549 0.0428
1744640679.718944 120 2.367 0.242 0.030 6 -0.17 2.444 0.030 1.8549 0.0440
% 1744640679.730131 robobot/cmd/ti/rc 0.090 -0.055 1744640679.72998
1744640679.730152 120 2.368 0.242 0.030 6 -0.17 2.445 0.030 1.8563 0.0440
1744640679.730505 120 2.369 0.242 0.031 6 -0.17 2.445 0.031 1.8563 0.0451
% 1744640679.738133 robobot/cmd/ti/rc 0.090 -0.074 1744640679.737952
1744640679.738153 120 2.369 0.242 0.031 6 -0.16 2.445 0.031 1.8563 0.0451
% 1744640679.754637 robobot/cmd/ti/rc 0.090 -0.025 1744640679.754536
1744640679.754657 120 2.370 0.242 0.032 6 -0.16 2.447 0.032 1.8577 0.0463
1744640679.754931 120 2.370 0.242 0.032 6 -0.16 2.447 0.032 1.8577 0.0463
% 1744640679.768074 robobot/cmd/ti/rc 0.090 -0.030 1744640679.767957
1744640679.768094 120 2.371 0.242 0.034 6 -0.16 2.448 0.034 1.8591 0.0474
1744640679.768605 120 2.372 0.242 0.035 6 -0.16 2.448 0.035 1.8591 0.0486
% 1744640679.76879 robobot/cmd/ti/rc 0.090 -0.027 1744640679.768716
1744640679.76881 120 2.372 0.242 0.035 6 -0.15 2.448 0.035 1.8591 0.0486
% 1744640679.776717 robobot/cmd/ti/rc 0.090 -0.020 1744640679.776633
1744640679.7767391 120 2.373 0.242 0.036 6 -0.15 2.450 0.036 1.8606 0.0498
1744640679.7770398 120 2.373 0.243 0.037 6 -0.15 2.450 0.037 1.8606 0.0509
% 1744640679.786589 robobot/cmd/ti/rc 0.090 -0.066 1744640679.786508
1744640679.7866108 120 2.374 0.243 0.038 6 -0.15 2.451 0.038 1.8622 0.0521
1744640679.793659 120 2.375 0.243 0.039 6 -0.15 2.451 0.039 1.8622 0.0532
% 1744640679.793849 robobot/cmd/ti/rc 0.090 -0.115 1744640679.7937741
1744640679.793869 120 2.375 0.243 0.039 6 -0.14 2.451 0.039 1.8622 0.0532
% 1744640679.832522 robobot/cmd/ti/rc 0.090 -0.060 1744640679.8323681
1744640679.832543 120 2.376 0.243 0.039 6 -0.14 2.453 0.039 1.8637 0.0532
1744640679.832747 120 2.376 0.243 0.038 6 -0.14 2.453 0.038 1.8637 0.0521
% 1744640679.8332129 robobot/cmd/ti/rc 0.090 -0.099 1744640679.833139
1744640679.8332329 120 2.376 0.243 0.039 6 -0.13 2.454 0.039 1.8652 0.0532
1744640679.8336508 120 2.378 0.243 0.039 6 -0.13 2.454 0.039 1.8652 0.0532
% 1744640679.8338299 robobot/cmd/ti/rc 0.090 -0.112 1744640679.833761
1744640679.8344378 120 2.378 0.243 0.039 6 -0.13 2.454 0.039 1.8652 0.0532
% 1744640679.835097 robobot/cmd/ti/rc 0.090 -0.073 1744640679.8350248
1744640679.835117 120 2.378 0.243 0.039 6 -0.13 2.455 0.039 1.8664 0.0532
1744640679.837091 120 2.379 0.243 0.038 6 -0.13 2.455 0.038 1.8664 0.0521
% 1744640679.841265 robobot/cmd/ti/rc 0.090 -0.062 1744640679.841226
1744640679.841277 120 2.379 0.243 0.038 6 -0.12 2.457 0.038 1.8678 0.0521
1744640679.847838 120 2.380 0.243 0.038 6 -0.12 2.457 0.038 1.8678 0.0521
% 1744640679.853912 robobot/cmd/ti/rc 0.090 -0.126 1744640679.853805
1744640679.853934 120 2.380 0.243 0.038 6 -0.12 2.457 0.038 1.8678 0.0521
% 1744640679.872372 robobot/cmd/ti/rc 0.090 -0.157 1744640679.872239
1744640679.872393 120 2.381 0.243 0.041 6 -0.11 2.458 0.041 1.8693 0.0544
1744640679.8726752 120 2.382 0.243 0.041 6 -0.11 2.458 0.041 1.8693 0.0544
% 1744640679.873153 robobot/cmd/ti/rc 0.090 -0.107 1744640679.873033
1744640679.8731751 120 2.382 0.243 0.042 6 -0.11 2.460 0.042 1.8708 0.0555
1744640679.879554 120 2.383 0.243 0.042 6 -0.11 2.460 0.042 1.8708 0.0555
% 1744640679.885983 robobot/cmd/ti/rc 0.090 -0.100 1744640679.885916
1744640679.885996 120 2.383 0.243 0.042 6 -0.11 2.460 0.042 1.8708 0.0555
% 1744640679.890691 robobot/cmd/ti/rc 0.090 -0.065 1744640679.890624
1744640679.8907 120 2.384 0.243 0.042 6 -0.10 2.462 0.042 1.8725 0.0555
1744640679.895722 120 2.385 0.243 0.043 6 -0.10 2.462 0.043 1.8725 0.0567
% 1744640679.9006588 robobot/cmd/ti/rc 0.090 -0.104 1744640679.900588
1744640679.900668 120 2.385 0.243 0.043 6 -0.10 2.463 0.043 1.8740 0.0567
1744640679.909081 120 2.386 0.243 0.043 6 -0.10 2.463 0.043 1.8740 0.0567
% 1744640679.913315 robobot/cmd/ti/rc 0.090 -0.122 1744640679.913179
1744640679.9133282 120 2.386 0.243 0.043 6 -0.09 2.463 0.043 1.8740 0.0567
% 1744640679.923476 robobot/cmd/ti/rc 0.090 -0.128 1744640679.923326
1744640679.923498 120 2.388 0.243 0.043 6 -0.09 2.464 0.043 1.8755 0.0567
1744640679.923764 120 2.388 0.243 0.043 6 -0.09 2.464 0.043 1.8755 0.0567
% 1744640679.935544 robobot/cmd/ti/rc 0.090 -0.110 1744640679.9354181
1744640679.935565 120 2.388 0.243 0.043 6 -0.08 2.466 0.043 1.8770 0.0567
1744640679.942524 120 2.389 0.243 0.045 6 -0.08 2.466 0.045 1.8770 0.0590
% 1744640679.942813 robobot/cmd/ti/rc 0.090 -0.129 1744640679.94264
1744640679.9428349 120 2.389 0.243 0.045 6 -0.08 2.466 0.045 1.8770 0.0590
% 1744640679.95395 robobot/cmd/ti/rc 0.090 -0.130 1744640679.953753
1744640679.95397 120 2.390 0.243 0.044 6 -0.07 2.467 0.044 1.8784 0.0579
1744640679.9541671 120 2.391 0.243 0.043 6 -0.07 2.467 0.043 1.8784 0.0567
% 1744640679.965684 robobot/cmd/ti/rc 0.090 -0.090 1744640679.9655669
1744640679.965704 120 2.391 0.243 0.043 6 -0.07 2.469 0.043 1.8799 0.0567
1744640679.971935 120 2.392 0.243 0.043 6 -0.07 2.469 0.043 1.8799 0.0567
% 1744640679.9721699 robobot/cmd/ti/rc 0.090 -0.080 1744640679.972049
1744640679.97219 120 2.392 0.243 0.043 6 -0.07 2.469 0.043 1.8799 0.0567
% 1744640679.987663 robobot/cmd/ti/rc 0.090 -0.103 1744640679.987529
1744640679.987683 120 2.393 0.243 0.043 6 -0.06 2.470 0.043 1.8812 0.0567
1744640679.98801 120 2.393 0.243 0.042 6 -0.06 2.470 0.042 1.8812 0.0555
% 1744640679.9981189 robobot/cmd/ti/rc 0.090 -0.058 1744640679.997887
1744640679.998142 120 2.394 0.243 0.041 6 -0.06 2.472 0.041 1.8827 0.0544
1744640680.004375 120 2.395 0.243 0.041 6 -0.06 2.472 0.041 1.8827 0.0544
% 1744640680.004669 robobot/cmd/ti/rc 0.090 -0.050 1744640680.0044758
1744640680.004684 120 2.395 0.243 0.041 6 -0.05 2.472 0.041 1.8827 0.0544
% 1744640680.0149262 robobot/cmd/ti/rc 0.090 -2.171 1744640680.014797
1744640680.0149398 120 2.396 0.243 0.039 6 0.20 2.473 0.039 1.8839 0.0532
1744640680.0151591 120 2.396 0.243 0.039 6 0.20 2.473 0.039 1.8839 0.0532
% 1744640680.025616 robobot/cmd/ti/rc 0.090 -2.132 1744640680.025378
1744640680.0256279 120 2.397 0.243 0.038 6 0.18 2.474 0.038 1.8853 0.0521
1744640680.033603 120 2.397 0.243 0.037 6 0.18 2.474 0.037 1.8853 0.0509
% 1744640680.033992 robobot/cmd/ti/rc 0.090 0.297 1744640680.033749
1744640680.034015 120 2.397 0.243 0.037 6 0.17 2.474 0.037 1.8853 0.0509
% 1744640680.045269 robobot/cmd/ti/rc 0.090 -0.254 1744640680.0450282
1744640680.0452921 120 2.398 0.244 0.035 6 0.19 2.476 0.035 1.8866 0.0486
1744640680.045507 120 2.399 0.244 0.030 6 0.19 2.476 0.030 1.8866 0.0440
% 1744640680.052944 robobot/cmd/ti/rc 0.090 -0.375 1744640680.0528
1744640680.0529659 120 2.399 0.244 0.025 6 0.19 2.477 0.025 1.8881 0.0393
1744640680.062869 120 2.400 0.244 0.015 6 0.19 2.477 0.015 1.8881 0.0289
% 1744640680.063124 robobot/cmd/ti/rc 0.090 -0.167 1744640680.0629828
1744640680.063144 120 2.400 0.244 0.015 6 0.19 2.477 0.015 1.8881 0.0289
% 1744640680.074702 robobot/cmd/ti/rc 0.090 -0.049 1744640680.074604
1744640680.074721 120 2.401 0.244 0.013 6 0.19 2.479 0.013 1.8896 0.0266
1744640680.074949 120 2.401 0.244 0.013 6 0.19 2.479 0.013 1.8896 0.0266
% 1744640680.084058 robobot/cmd/ti/rc 0.090 -0.019 1744640680.0835462
1744640680.084084 120 2.402 0.244 0.010 6 0.19 2.480 0.010 1.8906 0.0243
1744640680.092651 120 2.402 0.244 0.008 6 0.19 2.480 0.008 1.8906 0.0220
% 1744640680.097413 robobot/cmd/ti/rc 0.090 -0.209 1744640680.0972228
1744640680.097435 120 2.402 0.244 0.008 6 0.20 2.480 0.008 1.8906 0.0220
% 1744640680.1040142 robobot/cmd/ti/rc 0.090 -0.150 1744640680.103913
1744640680.104036 120 2.403 0.244 0.002 6 0.20 2.481 0.002 1.8919 0.0162
1744640680.104345 120 2.404 0.244 0.000 6 0.20 2.481 0.000 1.8919 0.0139
% 1744640680.116199 robobot/cmd/ti/rc 0.090 -0.129 1744640680.1160152
1744640680.116221 120 2.404 0.244 -0.002 6 0.20 2.482 -0.002 1.8934 0.0116
1744640680.121731 120 2.405 0.244 -0.006 6 0.20 2.482 -0.006 1.8934 0.0081
% 1744640680.122017 robobot/cmd/ti/rc 0.090 -0.095 1744640680.121856
1744640680.1220381 120 2.405 0.244 -0.006 6 0.20 2.482 -0.006 1.8934 0.0081
% 1744640680.142375 robobot/cmd/ti/rc 0.090 -0.130 1744640680.142268
1744640680.142397 120 2.406 0.244 -0.007 6 0.20 2.484 -0.007 1.8946 0.0070
1744640680.1425211 120 2.407 0.244 -0.009 6 0.20 2.484 -0.009 1.8946 0.0047
% 1744640680.142699 robobot/cmd/ti/rc 0.090 -0.151 1744640680.142664
1744640680.1427069 120 2.407 0.244 -0.012 6 0.20 2.485 -0.012 1.8959 0.0023
1744640680.14819 120 2.408 0.244 -0.015 6 0.20 2.485 -0.015 1.8959 -0.0011
% 1744640680.1527529 robobot/cmd/ti/rc 0.090 -0.066 1744640680.1526568
1744640680.152765 120 2.408 0.244 -0.015 6 0.20 2.485 -0.015 1.8959 -0.0011
% 1744640680.1622999 robobot/cmd/ti/rc 0.090 -0.078 1744640680.162174
1744640680.162323 120 2.409 0.244 -0.017 6 0.20 2.486 -0.017 1.8972 -0.0034
1744640680.162654 120 2.409 0.244 -0.017 6 0.20 2.486 -0.017 1.8972 -0.0034
% 1744640680.174162 robobot/cmd/ti/rc 0.090 -0.063 1744640680.174051
1744640680.1741838 120 2.409 0.244 -0.018 6 0.20 2.487 -0.018 1.8985 -0.0046
1744640680.180917 120 2.410 0.244 -0.021 6 0.20 2.487 -0.021 1.8985 -0.0069
% 1744640680.18557 robobot/cmd/ti/rc 0.090 -0.059 1744640680.185452
1744640680.1855922 120 2.410 0.244 -0.021 6 0.20 2.487 -0.021 1.8985 -0.0069
% 1744640680.193606 robobot/cmd/ti/rc 0.090 -0.044 1744640680.193394
1744640680.193633 120 2.411 0.244 -0.022 6 0.20 2.489 -0.022 1.8997 -0.0081
1744640680.193863 120 2.412 0.243 -0.022 6 0.20 2.489 -0.022 1.8997 -0.0081
% 1744640680.206401 robobot/cmd/ti/rc 0.090 -0.071 1744640680.206181
1744640680.20643 120 2.412 0.243 -0.023 6 0.20 2.490 -0.023 1.9011 -0.0092
1744640680.211665 120 2.413 0.243 -0.024 6 0.20 2.490 -0.024 1.9011 -0.0104
% 1744640680.2119129 robobot/cmd/ti/rc 0.090 -0.108 1744640680.211796
1744640680.211935 120 2.413 0.243 -0.024 6 0.20 2.490 -0.024 1.9011 -0.0104
% 1744640680.2231529 robobot/cmd/ti/rc 0.090 -0.083 1744640680.22302
1744640680.223177 120 2.414 0.243 -0.024 6 0.20 2.491 -0.024 1.9024 -0.0104
1744640680.223436 120 2.414 0.243 -0.024 6 0.20 2.491 -0.024 1.9024 -0.0104
% 1744640680.232565 robobot/cmd/ti/rc 0.090 -0.108 1744640680.232397
1744640680.232588 120 2.415 0.243 -0.025 6 0.20 2.493 -0.025 1.9038 -0.0115
1744640680.240334 120 2.416 0.243 -0.027 6 0.20 2.493 -0.027 1.9038 -0.0127
% 1744640680.244631 robobot/cmd/ti/rc 0.090 -0.133 1744640680.244521
1744640680.244652 120 2.416 0.243 -0.027 6 0.20 2.493 -0.027 1.9038 -0.0127
% 1744640680.260572 robobot/cmd/ti/rc 0.090 -0.090 1744640680.2604191
1744640680.260593 120 2.416 0.243 -0.029 6 0.20 2.494 -0.029 1.9052 -0.0150
1744640680.260826 120 2.417 0.243 -0.029 6 0.20 2.494 -0.029 1.9052 -0.0150
% 1744640680.2688599 robobot/cmd/ti/rc 0.090 -0.071 1744640680.268673
1744640680.268874 120 2.417 0.243 -0.030 6 0.20 2.496 -0.030 1.9066 -0.0162
1744640680.272798 120 2.418 0.243 -0.031 6 0.20 2.496 -0.031 1.9066 -0.0173
% 1744640680.2733068 robobot/cmd/ti/rc 0.090 -0.071 1744640680.273128
1744640680.2733288 120 2.418 0.243 -0.031 6 0.20 2.496 -0.031 1.9066 -0.0173
% 1744640680.2850869 robobot/cmd/ti/rc 0.090 -0.118 1744640680.284844
1744640680.28511 120 2.419 0.243 -0.034 6 0.20 2.497 -0.034 1.9078 -0.0196
1744640680.2854028 120 2.420 0.243 -0.034 6 0.20 2.497 -0.034 1.9078 -0.0196
% 1744640680.2990751 robobot/cmd/ti/rc 0.090 -0.078 1744640680.298838
1744640680.299097 120 2.420 0.243 -0.035 6 0.20 2.498 -0.035 1.9092 -0.0208
1744640680.299519 120 2.421 0.243 -0.037 6 0.20 2.498 -0.037 1.9092 -0.0231
% 1744640680.304683 robobot/cmd/ti/rc 0.090 -0.043 1744640680.3044338
1744640680.304728 120 2.421 0.243 -0.037 6 0.20 2.498 -0.037 1.9092 -0.0231
% 1744640680.316133 robobot/cmd/ti/rc 0.090 -0.075 1744640680.3158941
1744640680.31616 120 2.422 0.243 -0.036 6 0.20 2.500 -0.036 1.9105 -0.0219
1744640680.316406 120 2.422 0.243 -0.037 6 0.20 2.500 -0.037 1.9105 -0.0231
% 1744640680.323534 robobot/cmd/ti/rc 0.090 -0.083 1744640680.323339
1744640680.3235562 120 2.423 0.243 -0.037 6 0.20 2.501 -0.037 1.9119 -0.0231
1744640680.33263 120 2.424 0.243 -0.038 6 0.20 2.501 -0.038 1.9119 -0.0243
% 1744640680.33296 robobot/cmd/ti/rc 0.090 -0.073 1744640680.33275
1744640680.332984 120 2.424 0.243 -0.038 6 0.20 2.501 -0.038 1.9119 -0.0243
% 1744640680.3448389 robobot/cmd/ti/rc 0.090 -0.075 1744640680.344657
1744640680.344862 120 2.425 0.243 -0.039 6 0.20 2.502 -0.039 1.9132 -0.0254
1744640680.345078 120 2.425 0.243 -0.041 6 0.20 2.502 -0.041 1.9132 -0.0266
% 1744640680.356701 robobot/cmd/ti/rc 0.090 -0.103 1744640680.356521
1744640680.3567219 120 2.426 0.243 -0.042 6 0.20 2.504 -0.042 1.9146 -0.0277
1744640680.363053 120 2.426 0.243 -0.042 6 0.20 2.504 -0.042 1.9146 -0.0277
% 1744640680.363372 robobot/cmd/ti/rc 0.090 -0.098 1744640680.3631759
1744640680.363394 120 2.426 0.243 -0.042 6 0.20 2.504 -0.042 1.9146 -0.0277
% 1744640680.380995 robobot/cmd/ti/rc 0.090 -0.050 1744640680.380822
1744640680.381016 120 2.427 0.243 -0.044 6 0.20 2.505 -0.044 1.9160 -0.0300
1744640680.3813329 120 2.428 0.243 -0.045 6 0.20 2.505 -0.045 1.9160 -0.0312
% 1744640680.387721 robobot/cmd/ti/rc 0.090 -0.062 1744640680.387546
1744640680.387742 120 2.428 0.243 -0.045 6 0.20 2.506 -0.045 1.9172 -0.0312
1744640680.388163 120 2.429 0.243 -0.047 6 0.20 2.506 -0.047 1.9172 -0.0335
% 1744640680.3930728 robobot/cmd/ti/rc 0.090 -0.099 1744640680.392904
1744640680.393096 120 2.429 0.243 -0.047 6 0.20 2.506 -0.047 1.9172 -0.0335
% 1744640680.4077199 robobot/cmd/ti/rc 0.090 -0.102 1744640680.407552
1744640680.4077408 120 2.430 0.243 -0.049 6 0.20 2.508 -0.049 1.9188 -0.0347
1744640680.4080052 120 2.431 0.243 -0.049 6 0.20 2.508 -0.049 1.9188 -0.0347
% 1744640680.4133708 robobot/cmd/ti/rc 0.090 -0.104 1744640680.413206
1744640680.4133918 120 2.431 0.243 -0.050 6 0.20 2.509 -0.050 1.9202 -0.0358
1744640680.419258 120 2.432 0.243 -0.052 6 0.20 2.509 -0.052 1.9202 -0.0381
% 1744640680.423709 robobot/cmd/ti/rc 0.090 -0.084 1744640680.4234948
1744640680.4237309 120 2.432 0.243 -0.052 6 0.20 2.509 -0.052 1.9202 -0.0381
% 1744640680.434484 robobot/cmd/ti/rc 0.090 -0.073 1744640680.434295
1744640680.434506 120 2.433 0.243 -0.051 6 0.20 2.510 -0.051 1.9215 -0.0370
1744640680.434885 120 2.433 0.243 -0.052 6 0.20 2.510 -0.052 1.9215 -0.0381
% 1744640680.4452548 robobot/cmd/ti/rc 0.090 -0.075 1744640680.445066
1744640680.445277 120 2.434 0.243 -0.052 6 0.20 2.512 -0.052 1.9227 -0.0381
1744640680.451943 120 2.435 0.243 -0.053 6 0.20 2.512 -0.053 1.9227 -0.0393
% 1744640680.45225 robobot/cmd/ti/rc 0.090 -0.074 1744640680.4520772
1744640680.45227 120 2.435 0.243 -0.053 6 0.20 2.512 -0.053 1.9227 -0.0393
% 1744640680.4643998 robobot/cmd/ti/rc 0.090 -0.050 1744640680.4642508
1744640680.464421 120 2.435 0.243 -0.056 6 0.20 2.513 -0.056 1.9241 -0.0416
1744640680.464865 120 2.436 0.243 -0.057 6 0.20 2.513 -0.057 1.9241 -0.0428
% 1744640680.4748921 robobot/cmd/ti/rc 0.090 -0.046 1744640680.4747798
1744640680.4749079 120 2.436 0.243 -0.057 6 0.19 2.514 -0.057 1.9255 -0.0428
1744640680.481461 120 2.437 0.242 -0.059 6 0.19 2.514 -0.059 1.9255 -0.0451
% 1744640680.481704 robobot/cmd/ti/rc 0.090 -0.052 1744640680.4815738
1744640680.4817238 120 2.437 0.242 -0.059 6 0.19 2.514 -0.059 1.9255 -0.0451
% 1744640680.49226 robobot/cmd/ti/rc 0.090 -0.048 1744640680.4920871
1744640680.4922812 120 2.438 0.242 -0.059 6 0.19 2.516 -0.059 1.9270 -0.0451
1744640680.498734 120 2.439 0.242 -0.060 6 0.19 2.516 -0.060 1.9270 -0.0462
% 1744640680.503513 robobot/cmd/ti/rc 0.090 -0.047 1744640680.503353
1744640680.503534 120 2.439 0.242 -0.059 6 0.19 2.517 -0.059 1.9283 -0.0451
1744640680.509124 120 2.440 0.242 -0.061 6 0.19 2.517 -0.061 1.9283 -0.0474
% 1744640680.5135272 robobot/cmd/ti/rc 0.090 -0.047 1744640680.513334
1744640680.513543 120 2.440 0.242 -0.061 6 0.19 2.517 -0.061 1.9283 -0.0474
% 1744640680.524914 robobot/cmd/ti/rc 0.090 -0.080 1744640680.52477
1744640680.52493 120 2.441 0.242 -0.061 6 0.19 2.519 -0.061 1.9296 -0.0474
1744640680.5251799 120 2.441 0.242 -0.061 6 0.19 2.519 -0.061 1.9296 -0.0474
% 1744640680.534265 robobot/cmd/ti/rc 0.090 -0.069 1744640680.534212
1744640680.534273 120 2.442 0.242 -0.062 6 0.19 2.520 -0.062 1.9308 -0.0485
1744640680.538788 120 2.443 0.242 -0.064 6 0.19 2.520 -0.064 1.9308 -0.0497
% 1744640680.5430222 robobot/cmd/ti/rc 0.090 -0.041 1744640680.542979
1744640680.543031 120 2.443 0.242 -0.064 6 0.19 2.520 -0.064 1.9308 -0.0497
% 1744640680.5535512 robobot/cmd/ti/rc 0.090 -0.037 1744640680.55351
1744640680.5535629 120 2.443 0.242 -0.065 6 0.19 2.521 -0.065 1.9321 -0.0509
1744640680.5578182 120 2.444 0.242 -0.066 6 0.19 2.521 -0.066 1.9321 -0.0520
% 1744640680.5643468 robobot/cmd/ti/rc 0.090 -0.043 1744640680.5642922
1744640680.5643551 120 2.444 0.242 -0.066 6 0.18 2.523 -0.066 1.9335 -0.0520
1744640680.568483 120 2.445 0.242 -0.067 6 0.18 2.523 -0.067 1.9335 -0.0532
% 1744640680.57258 robobot/cmd/ti/rc 0.090 -0.052 1744640680.572546
1744640680.5725892 120 2.445 0.242 -0.067 6 0.18 2.523 -0.067 1.9335 -0.0532
% 1744640680.5836449 robobot/cmd/ti/rc 0.090 -0.085 1744640680.5835881
1744640680.5836549 120 2.446 0.242 -0.069 6 0.18 2.524 -0.069 1.9349 -0.0555
1744640680.5837839 120 2.446 0.242 -0.069 6 0.18 2.524 -0.069 1.9349 -0.0555
% 1744640680.591979 robobot/cmd/ti/rc 0.090 -0.035 1744640680.5919318
1744640680.591989 120 2.447 0.242 -0.069 6 0.18 2.525 -0.069 1.9362 -0.0555
1744640680.606017 120 2.448 0.242 -0.069 6 0.18 2.525 -0.069 1.9362 -0.0555
% 1744640680.606099 robobot/cmd/ti/rc 0.090 -0.030 1744640680.606058
1744640680.6061099 120 2.448 0.242 -0.069 6 0.18 2.525 -0.069 1.9362 -0.0555
% 1744640680.610417 robobot/cmd/ti/rc 0.090 0.986 1744640680.610379
1744640680.610425 120 2.449 0.242 -0.072 6 0.12 2.527 -0.072 1.9375 -0.0578
1744640680.615047 120 2.449 0.242 -0.072 6 0.12 2.527 -0.072 1.9375 -0.0578
% 1744640680.623596 robobot/cmd/ti/rc 0.090 1.211 1744640680.6234791
1744640680.623616 120 2.450 0.242 -0.073 6 0.11 2.528 -0.073 1.9390 -0.0590
1744640680.628333 120 2.450 0.242 -0.072 6 0.11 2.528 -0.072 1.9390 -0.0578
% 1744640680.636427 robobot/cmd/ti/rc 0.090 0.158 1744640680.636296
1744640680.636443 120 2.450 0.242 -0.072 6 0.10 2.528 -0.072 1.9390 -0.0578
% 1744640680.640915 robobot/cmd/ti/rc 0.090 0.161 1744640680.640807
1744640680.64093 120 2.451 0.242 -0.065 6 0.10 2.529 -0.065 1.9402 -0.0509
1744640680.645665 120 2.451 0.242 -0.062 6 0.10 2.529 -0.062 1.9402 -0.0485
% 1744640680.664006 robobot/cmd/ti/rc 0.090 0.020 1744640680.663875
1744640680.664029 120 2.452 0.242 -0.058 6 0.10 2.531 -0.058 1.9417 -0.0439
1744640680.6792011 120 2.453 0.241 -0.056 6 0.10 2.531 -0.056 1.9417 -0.0416
% 1744640680.679415 robobot/cmd/ti/rc 0.090 -0.117 1744640680.679323
1744640680.679435 120 2.453 0.241 -0.056 6 0.10 2.531 -0.056 1.9417 -0.0416
% 1744640680.6802719 robobot/cmd/ti/rc 0.090 -0.159 1744640680.6801941
1744640680.6802921 120 2.454 0.241 -0.056 6 0.10 2.532 -0.056 1.9430 -0.0416
1744640680.689762 120 2.454 0.241 -0.057 6 0.10 2.532 -0.057 1.9430 -0.0428
% 1744640680.690133 robobot/cmd/ti/rc 0.090 -0.105 1744640680.6900558
1744640680.690153 120 2.455 0.241 -0.056 6 0.11 2.533 -0.056 1.9441 -0.0416
1744640680.696504 120 2.456 0.241 -0.053 6 0.11 2.533 -0.053 1.9441 -0.0393
% 1744640680.696717 robobot/cmd/ti/rc 0.090 -0.109 1744640680.696641
1744640680.696737 120 2.456 0.241 -0.053 6 0.10 2.533 -0.053 1.9441 -0.0393
% 1744640680.70484 robobot/cmd/ti/rc 0.090 -0.107 1744640680.704758
1744640680.704861 120 2.457 0.241 -0.052 6 0.11 2.535 -0.052 1.9458 -0.0381
1744640680.705266 120 2.457 0.241 -0.052 6 0.11 2.535 -0.052 1.9458 -0.0381
% 1744640680.721977 robobot/cmd/ti/rc 0.090 -0.131 1744640680.721815
1744640680.7219992 120 2.457 0.241 -0.050 6 0.11 2.536 -0.050 1.9473 -0.0358
1744640680.7295182 120 2.458 0.241 -0.046 6 0.11 2.536 -0.046 1.9473 -0.0324
% 1744640680.729773 robobot/cmd/ti/rc 0.090 -0.031 1744640680.729632
1744640680.729793 120 2.458 0.241 -0.046 6 0.11 2.536 -0.046 1.9473 -0.0324
% 1744640680.735477 robobot/cmd/ti/rc 0.090 -0.046 1744640680.7353752
1744640680.735497 120 2.459 0.241 -0.043 6 0.11 2.537 -0.043 1.9485 -0.0289
1744640680.735917 120 2.459 0.241 -0.043 6 0.11 2.537 -0.043 1.9485 -0.0289
% 1744640680.745473 robobot/cmd/ti/rc 0.090 -0.050 1744640680.745344
1744640680.745493 120 2.460 0.241 -0.041 6 0.11 2.539 -0.041 1.9497 -0.0266
1744640680.750484 120 2.461 0.241 -0.041 6 0.11 2.539 -0.041 1.9497 -0.0266
% 1744640680.750755 robobot/cmd/ti/rc 0.090 -0.152 1744640680.7506108
1744640680.7507782 120 2.461 0.241 -0.041 6 0.11 2.539 -0.041 1.9497 -0.0266
% 1744640680.764031 robobot/cmd/ti/rc 0.090 -0.177 1744640680.763916
1744640680.764052 120 2.462 0.241 -0.042 6 0.11 2.540 -0.042 1.9509 -0.0277
1744640680.7688918 120 2.462 0.241 -0.041 6 0.11 2.540 -0.041 1.9509 -0.0266
% 1744640680.774255 robobot/cmd/ti/rc 0.090 -0.141 1744640680.774079
1744640680.774275 120 2.462 0.241 -0.041 6 0.11 2.541 -0.041 1.9524 -0.0266
1744640680.782517 120 2.463 0.241 -0.039 6 0.11 2.541 -0.039 1.9524 -0.0254
% 1744640680.7828338 robobot/cmd/ti/rc 0.090 -0.128 1744640680.7826428
1744640680.7828548 120 2.463 0.241 -0.039 6 0.11 2.541 -0.039 1.9524 -0.0254
% 1744640680.792872 robobot/cmd/ti/rc 0.090 -0.107 1744640680.792692
1744640680.792885 120 2.464 0.241 -0.039 6 0.12 2.543 -0.039 1.9538 -0.0254
1744640680.7971368 120 2.464 0.241 -0.039 6 0.12 2.543 -0.039 1.9538 -0.0254
% 1744640680.801634 robobot/cmd/ti/rc 0.090 -0.067 1744640680.801465
1744640680.801646 120 2.465 0.241 -0.039 6 0.11 2.544 -0.039 1.9551 -0.0254
1744640680.810893 120 2.466 0.241 -0.041 6 0.11 2.544 -0.041 1.9551 -0.0266
% 1744640680.8110862 robobot/cmd/ti/rc 0.090 -0.097 1744640680.810962
1744640680.8110971 120 2.466 0.241 -0.041 6 0.12 2.544 -0.041 1.9551 -0.0266
% 1744640680.822308 robobot/cmd/ti/rc 0.090 -0.165 1744640680.822145
1744640680.822324 120 2.467 0.241 -0.041 6 0.12 2.545 -0.041 1.9563 -0.0266
1744640680.8268359 120 2.467 0.241 -0.041 6 0.12 2.545 -0.041 1.9563 -0.0266
% 1744640680.831664 robobot/cmd/ti/rc 0.090 -0.119 1744640680.831483
1744640680.831685 120 2.468 0.241 -0.039 6 0.12 2.547 -0.039 1.9576 -0.0254
1744640680.844905 120 2.468 0.241 -0.039 6 0.12 2.547 -0.039 1.9576 -0.0254
% 1744640680.8451982 robobot/cmd/ti/rc 0.090 -0.107 1744640680.845024
1744640680.845218 120 2.468 0.241 -0.039 6 0.12 2.547 -0.039 1.9576 -0.0254
% 1744640680.8522298 robobot/cmd/ti/rc 0.090 -0.118 1744640680.852093
1744640680.85225 120 2.469 0.241 -0.041 6 0.12 2.548 -0.041 1.9590 -0.0266
1744640680.864338 120 2.470 0.241 -0.039 6 0.12 2.548 -0.039 1.9590 -0.0254
% 1744640680.872349 robobot/cmd/ti/rc 0.090 -0.134 1744640680.872232
1744640680.872362 120 2.470 0.241 -0.041 6 0.12 2.549 -0.041 1.9604 -0.0266
1744640680.872564 120 2.471 0.241 -0.039 6 0.12 2.549 -0.039 1.9604 -0.0254
% 1744640680.879148 robobot/cmd/ti/rc 0.090 -0.140 1744640680.878973
1744640680.879168 120 2.471 0.241 -0.039 6 0.12 2.549 -0.039 1.9604 -0.0254
% 1744640680.885854 robobot/cmd/ti/rc 0.090 -0.141 1744640680.885738
1744640680.885874 120 2.472 0.241 -0.038 6 0.13 2.551 -0.038 1.9616 -0.0243
1744640680.886282 120 2.472 0.241 -0.039 6 0.13 2.551 -0.039 1.9616 -0.0254
% 1744640680.8988318 robobot/cmd/ti/rc 0.090 -0.116 1744640680.898693
1744640680.898853 120 2.473 0.241 -0.039 6 0.13 2.552 -0.039 1.9630 -0.0254
1744640680.904553 120 2.474 0.241 -0.041 6 0.13 2.552 -0.041 1.9630 -0.0266
% 1744640680.9048162 robobot/cmd/ti/rc 0.090 -0.156 1744640680.90467
1744640680.9048362 120 2.474 0.241 -0.041 6 0.13 2.552 -0.041 1.9630 -0.0266
% 1744640680.911113 robobot/cmd/ti/rc 0.090 -0.134 1744640680.910988
1744640680.9111328 120 2.475 0.241 -0.041 6 0.13 2.553 -0.041 1.9643 -0.0266
1744640680.915446 120 2.475 0.240 -0.041 6 0.13 2.553 -0.041 1.9643 -0.0266
% 1744640680.924624 robobot/cmd/ti/rc 0.090 -0.105 1744640680.9243991
1744640680.9246452 120 2.476 0.240 -0.043 6 0.13 2.555 -0.043 1.9658 -0.0289
1744640680.929973 120 2.476 0.240 -0.039 6 0.13 2.555 -0.039 1.9658 -0.0254
% 1744640680.934388 robobot/cmd/ti/rc 0.090 -0.109 1744640680.934186
1744640680.934408 120 2.476 0.240 -0.039 6 0.13 2.555 -0.039 1.9658 -0.0254
% 1744640680.9428859 robobot/cmd/ti/rc 0.090 -0.074 1744640680.942715
1744640680.9429069 120 2.477 0.240 -0.039 6 0.13 2.556 -0.039 1.9674 -0.0254
1744640680.948475 120 2.477 0.240 -0.041 6 0.13 2.556 -0.041 1.9674 -0.0266
% 1744640680.953046 robobot/cmd/ti/rc 0.090 -0.107 1744640680.9528608
1744640680.953069 120 2.478 0.240 -0.041 6 0.13 2.558 -0.041 1.9687 -0.0266
1744640680.96276 120 2.479 0.240 -0.039 6 0.13 2.558 -0.039 1.9687 -0.0254
% 1744640680.963009 robobot/cmd/ti/rc 0.090 -0.110 1744640680.962873
1744640680.963029 120 2.479 0.240 -0.039 6 0.13 2.558 -0.039 1.9687 -0.0254
% 1744640680.973985 robobot/cmd/ti/rc 0.090 -0.124 1744640680.97381
1744640680.9740071 120 2.480 0.240 -0.039 6 0.13 2.559 -0.039 1.9701 -0.0254
1744640680.9744089 120 2.480 0.240 -0.039 6 0.13 2.559 -0.039 1.9701 -0.0254
% 1744640680.984982 robobot/cmd/ti/rc 0.090 -0.117 1744640680.9847639
1744640680.9849951 120 2.480 0.240 -0.039 6 0.13 2.561 -0.039 1.9715 -0.0254
1744640680.99067 120 2.481 0.240 -0.041 6 0.13 2.561 -0.041 1.9715 -0.0266
% 1744640680.996042 robobot/cmd/ti/rc 0.090 -0.131 1744640680.9957812
1744640680.996062 120 2.481 0.240 -0.041 6 0.13 2.561 -0.041 1.9715 -0.0266
% 1744640681.002208 robobot/cmd/ti/rc 0.090 -0.184 1744640681.0019479
1744640681.002232 120 2.482 0.240 -0.041 6 0.14 2.562 -0.041 1.9729 -0.0266
1744640681.0079732 120 2.483 0.240 -0.041 6 0.14 2.562 -0.041 1.9729 -0.0266
% 1744640681.013024 robobot/cmd/ti/rc 0.090 -0.167 1744640681.012749
1744640681.0130491 120 2.483 0.240 -0.041 6 0.14 2.563 -0.041 1.9744 -0.0266
1744640681.019864 120 2.484 0.240 -0.042 6 0.14 2.563 -0.042 1.9744 -0.0277
% 1744640681.024671 robobot/cmd/ti/rc 0.090 -0.103 1744640681.024456
1744640681.024684 120 2.484 0.240 -0.042 6 0.14 2.563 -0.042 1.9744 -0.0277
% 1744640681.03461 robobot/cmd/ti/rc 0.090 -0.122 1744640681.0343528
1744640681.0346339 120 2.485 0.240 -0.042 6 0.14 2.565 -0.042 1.9757 -0.0277
1744640681.035085 120 2.485 0.240 -0.043 6 0.14 2.565 -0.043 1.9757 -0.0289
% 1744640681.0476868 robobot/cmd/ti/rc 0.090 -0.131 1744640681.047487
1744640681.047709 120 2.486 0.240 -0.043 6 0.14 2.566 -0.043 1.9770 -0.0289
1744640681.0618 120 2.487 0.240 -0.043 6 0.14 2.566 -0.043 1.9770 -0.0289
% 1744640681.062119 robobot/cmd/ti/rc 0.090 -0.131 1744640681.0619268
1744640681.062141 120 2.487 0.240 -0.043 6 0.14 2.566 -0.043 1.9770 -0.0289
% 1744640681.067517 robobot/cmd/ti/rc 0.090 -0.098 1744640681.067373
1744640681.067529 120 2.488 0.240 -0.044 6 0.14 2.567 -0.044 1.9784 -0.0300
1744640681.0676732 120 2.488 0.240 -0.044 6 0.14 2.567 -0.044 1.9784 -0.0300
% 1744640681.0758111 robobot/cmd/ti/rc 0.090 -0.121 1744640681.07565
1744640681.075827 120 2.488 0.240 -0.044 6 0.14 2.569 -0.044 1.9796 -0.0300
1744640681.081938 120 2.489 0.240 -0.045 6 0.14 2.569 -0.045 1.9796 -0.0312
% 1744640681.0822191 robobot/cmd/ti/rc 0.090 -0.149 1744640681.0820532
1744640681.082397 120 2.489 0.240 -0.045 6 0.14 2.569 -0.045 1.9796 -0.0312
% 1744640681.093278 robobot/cmd/ti/rc 0.090 -0.142 1744640681.0931132
1744640681.0932999 120 2.490 0.240 -0.045 6 0.15 2.570 -0.045 1.9809 -0.0312
1744640681.0936131 120 2.490 0.240 -0.046 6 0.15 2.570 -0.046 1.9809 -0.0324
% 1744640681.10465 robobot/cmd/ti/rc 0.090 -0.168 1744640681.104435
1744640681.104672 120 2.491 0.240 -0.047 6 0.15 2.571 -0.047 1.9822 -0.0335
1744640681.1099699 120 2.492 0.240 -0.047 6 0.15 2.571 -0.047 1.9822 -0.0335
% 1744640681.1147149 robobot/cmd/ti/rc 0.090 -0.137 1744640681.1145658
1744640681.114736 120 2.492 0.240 -0.047 6 0.15 2.571 -0.047 1.9822 -0.0335
% 1744640681.125514 robobot/cmd/ti/rc 0.090 -0.087 1744640681.125368
1744640681.125535 120 2.493 0.240 -0.049 6 0.15 2.572 -0.049 1.9834 -0.0347
1744640681.125941 120 2.493 0.240 -0.047 6 0.15 2.572 -0.047 1.9834 -0.0335
% 1744640681.1365702 robobot/cmd/ti/rc 0.090 -0.108 1744640681.136378
1744640681.1365929 120 2.493 0.240 -0.049 6 0.15 2.574 -0.049 1.9847 -0.0347
1744640681.143456 120 2.494 0.240 -0.049 6 0.15 2.574 -0.049 1.9847 -0.0347
% 1744640681.143758 robobot/cmd/ti/rc 0.090 -0.136 1744640681.143578
1744640681.14378 120 2.494 0.240 -0.049 6 0.15 2.574 -0.049 1.9847 -0.0347
% 1744640681.155115 robobot/cmd/ti/rc 0.090 -0.112 1744640681.15494
1744640681.155135 120 2.495 0.240 -0.051 6 0.15 2.575 -0.051 1.9859 -0.0370
1744640681.1554391 120 2.496 0.240 -0.051 6 0.15 2.575 -0.051 1.9859 -0.0370
% 1744640681.161639 robobot/cmd/ti/rc 0.090 -0.098 1744640681.1614459
1744640681.1616588 120 2.496 0.240 -0.050 6 0.15 2.576 -0.050 1.9872 -0.0358
1744640681.170304 120 2.497 0.240 -0.051 6 0.15 2.576 -0.051 1.9872 -0.0370
% 1744640681.17756 robobot/cmd/ti/rc 0.090 -0.119 1744640681.177417
1744640681.177581 120 2.497 0.240 -0.051 6 0.15 2.576 -0.051 1.9872 -0.0370
% 1744640681.1843681 robobot/cmd/ti/rc 0.090 -0.126 1744640681.184236
1744640681.184389 120 2.498 0.240 -0.053 6 0.15 2.577 -0.053 1.9884 -0.0393
1744640681.1898649 120 2.498 0.239 -0.053 6 0.15 2.577 -0.053 1.9884 -0.0393
% 1744640681.200732 robobot/cmd/ti/rc 0.090 -0.086 1744640681.200597
1744640681.200753 120 2.499 0.239 -0.054 6 0.15 2.579 -0.054 1.9899 -0.0404
1744640681.210069 120 2.499 0.239 -0.056 6 0.15 2.579 -0.056 1.9899 -0.0416
% 1744640681.210315 robobot/cmd/ti/rc 0.090 -0.099 1744640681.210185
1744640681.210334 120 2.499 0.239 -0.056 6 0.15 2.579 -0.056 1.9899 -0.0416
% 1744640681.2177641 robobot/cmd/ti/rc 0.090 0.488 1744640681.217294
1744640681.217786 120 2.500 0.239 -0.057 6 0.12 2.580 -0.057 1.9911 -0.0428
1744640681.218119 120 2.501 0.239 -0.057 6 0.12 2.580 -0.057 1.9911 -0.0428
% 1744640681.22417 robobot/cmd/ti/rc 0.090 -0.521 1744640681.22401
1744640681.224191 120 2.501 0.239 -0.058 6 0.17 2.581 -0.058 1.9925 -0.0439
1744640681.229583 120 2.502 0.239 -0.059 6 0.17 2.581 -0.059 1.9925 -0.0451
% 1744640681.2339818 robobot/cmd/ti/rc 0.090 -1.153 1744640681.233842
1744640681.2340028 120 2.502 0.239 -0.059 6 0.17 2.581 -0.059 1.9925 -0.0451
% 1744640681.246509 robobot/cmd/ti/rc 0.090 0.327 1744640681.2463338
1744640681.246529 120 2.503 0.239 -0.059 6 0.16 2.583 -0.059 1.9938 -0.0451
1744640681.246814 120 2.503 0.239 -0.061 6 0.16 2.583 -0.061 1.9938 -0.0474
% 1744640681.25414 robobot/cmd/ti/rc 0.090 0.111 1744640681.25397
1744640681.254161 120 2.504 0.239 -0.062 6 0.15 2.584 -0.062 1.9952 -0.0485
1744640681.2599301 120 2.505 0.239 -0.066 6 0.15 2.584 -0.066 1.9952 -0.0520
% 1744640681.264135 robobot/cmd/ti/rc 0.090 0.042 1744640681.264071
1744640681.264147 120 2.505 0.239 -0.066 6 0.15 2.584 -0.066 1.9952 -0.0520
% 1744640681.278487 robobot/cmd/ti/rc 0.090 -0.025 1744640681.278406
1744640681.2785 120 2.505 0.239 -0.073 6 0.15 2.586 -0.073 1.9966 -0.0590
1744640681.2786298 120 2.506 0.239 -0.074 6 0.15 2.586 -0.074 1.9966 -0.0601
% 1744640681.286447 robobot/cmd/ti/rc 0.090 -0.170 1744640681.2862852
1744640681.286459 120 2.506 0.239 -0.075 6 0.15 2.587 -0.075 1.9980 -0.0613
1744640681.297567 120 2.507 0.239 -0.076 6 0.15 2.587 -0.076 1.9980 -0.0624
% 1744640681.297863 robobot/cmd/ti/rc 0.090 -0.091 1744640681.2976499
1744640681.297875 120 2.507 0.239 -0.076 6 0.15 2.587 -0.076 1.9980 -0.0624
% 1744640681.308126 robobot/cmd/ti/rc 0.090 0.034 1744640681.3079019
1744640681.308141 120 2.508 0.239 -0.077 6 0.14 2.588 -0.077 1.9991 -0.0636
1744640681.308508 120 2.509 0.239 -0.079 6 0.14 2.588 -0.079 1.9991 -0.0647
% 1744640681.316781 robobot/cmd/ti/rc 0.090 0.078 1744640681.316549
1744640681.316797 120 2.509 0.239 -0.081 6 0.14 2.589 -0.081 2.0004 -0.0670
1744640681.322952 120 2.510 0.239 -0.083 6 0.14 2.589 -0.083 2.0004 -0.0694
% 1744640681.3233669 robobot/cmd/ti/rc 0.090 0.090 1744640681.323097
1744640681.3233888 120 2.510 0.239 -0.083 6 0.13 2.589 -0.083 2.0004 -0.0694
% 1744640681.3353322 robobot/cmd/ti/rc 0.090 -0.047 1744640681.335128
1744640681.3353531 120 2.511 0.239 -0.086 6 0.13 2.591 -0.086 2.0022 -0.0717
1744640681.335754 120 2.512 0.239 -0.087 6 0.13 2.591 -0.087 2.0022 -0.0728
% 1744640681.341784 robobot/cmd/ti/rc 0.090 -0.013 1744640681.341581
1744640681.341805 120 2.512 0.239 -0.087 6 0.13 2.593 -0.087 2.0037 -0.0728
1744640681.350731 120 2.513 0.238 -0.088 6 0.13 2.593 -0.088 2.0037 -0.0740
% 1744640681.351197 robobot/cmd/ti/rc 0.090 0.041 1744640681.350927
1744640681.35122 120 2.513 0.238 -0.088 6 0.13 2.593 -0.088 2.0037 -0.0740
% 1744640681.363796 robobot/cmd/ti/rc 0.090 -0.027 1744640681.363482
1744640681.36383 120 2.514 0.238 -0.089 6 0.12 2.594 -0.089 2.0050 -0.0751
1744640681.3714728 120 2.514 0.238 -0.090 6 0.12 2.594 -0.090 2.0050 -0.0763
% 1744640681.376472 robobot/cmd/ti/rc 0.090 -0.049 1744640681.37629
1744640681.3764942 120 2.515 0.238 -0.091 6 0.12 2.595 -0.091 2.0064 -0.0775
1744640681.384191 120 2.516 0.238 -0.094 6 0.12 2.595 -0.094 2.0064 -0.0798
% 1744640681.3845398 robobot/cmd/ti/rc 0.090 -0.038 1744640681.384324
1744640681.384562 120 2.516 0.238 -0.094 6 0.12 2.595 -0.094 2.0064 -0.0798
% 1744640681.3925571 robobot/cmd/ti/rc 0.090 -0.015 1744640681.3923829
1744640681.3925781 120 2.516 0.238 -0.096 6 0.12 2.597 -0.096 2.0078 -0.0821
1744640681.399675 120 2.517 0.238 -0.095 6 0.12 2.597 -0.095 2.0078 -0.0809
% 1744640681.406829 robobot/cmd/ti/rc 0.090 -0.031 1744640681.406655
1744640681.40685 120 2.517 0.238 -0.095 6 0.12 2.598 -0.095 2.0090 -0.0809
1744640681.412183 120 2.518 0.238 -0.096 6 0.12 2.598 -0.096 2.0090 -0.0821
% 1744640681.412448 robobot/cmd/ti/rc 0.090 -0.049 1744640681.412294
1744640681.412469 120 2.518 0.238 -0.096 6 0.11 2.598 -0.096 2.0090 -0.0821
% 1744640681.430152 robobot/cmd/ti/rc 0.090 -0.004 1744640681.42995
1744640681.4301739 120 2.519 0.238 -0.096 6 0.11 2.599 -0.096 2.0104 -0.0821
1744640681.4304378 120 2.520 0.238 -0.097 6 0.11 2.599 -0.097 2.0104 -0.0832
% 1744640681.43569 robobot/cmd/ti/rc 0.090 -0.005 1744640681.435495
1744640681.435714 120 2.520 0.238 -0.097 6 0.11 2.601 -0.097 2.0118 -0.0832
1744640681.442741 120 2.521 0.238 -0.100 6 0.11 2.601 -0.100 2.0118 -0.0856
% 1744640681.443012 robobot/cmd/ti/rc 0.090 0.020 1744640681.442867
1744640681.443033 120 2.521 0.238 -0.100 6 0.11 2.601 -0.100 2.0118 -0.0856
% 1744640681.4553258 robobot/cmd/ti/rc 0.090 -0.017 1744640681.455213
1744640681.455347 120 2.522 0.238 -0.101 6 0.11 2.602 -0.101 2.0133 -0.0867
1744640681.462313 120 2.522 0.238 -0.102 6 0.11 2.602 -0.102 2.0133 -0.0879
% 1744640681.462763 robobot/cmd/ti/rc 0.090 -0.054 1744640681.462664
1744640681.4627829 120 2.523 0.238 -0.102 6 0.10 2.604 -0.102 2.0146 -0.0879
1744640681.472539 120 2.523 0.237 -0.102 6 0.10 2.604 -0.102 2.0146 -0.0879
% 1744640681.472655 robobot/cmd/ti/rc 0.090 -0.003 1744640681.472596
1744640681.472665 120 2.523 0.237 -0.102 6 0.10 2.604 -0.102 2.0146 -0.0879
% 1744640681.4847639 robobot/cmd/ti/rc 0.090 0.011 1744640681.484709
1744640681.484776 120 2.524 0.237 -0.102 6 0.10 2.605 -0.102 2.0158 -0.0879
1744640681.489108 120 2.525 0.237 -0.103 6 0.10 2.605 -0.103 2.0158 -0.0890
% 1744640681.494167 robobot/cmd/ti/rc 0.090 0.073 1744640681.494089
1744640681.4941828 120 2.525 0.237 -0.103 6 0.09 2.606 -0.103 2.0172 -0.0890
1744640681.501119 120 2.526 0.237 -0.104 6 0.09 2.606 -0.104 2.0172 -0.0902
% 1744640681.508012 robobot/cmd/ti/rc 0.090 -0.005 1744640681.5078259
1744640681.508213 120 2.526 0.237 -0.104 6 0.09 2.606 -0.104 2.0172 -0.0902
% 1744640681.515902 robobot/cmd/ti/rc 0.090 -0.052 1744640681.515758
1744640681.515923 120 2.527 0.237 -0.105 6 0.09 2.608 -0.105 2.0185 -0.0913
1744640681.52264 120 2.527 0.237 -0.105 6 0.09 2.608 -0.105 2.0185 -0.0913
% 1744640681.5230389 robobot/cmd/ti/rc 0.090 0.006 1744640681.522942
1744640681.52306 120 2.528 0.237 -0.105 6 0.09 2.609 -0.105 2.0199 -0.0913
1744640681.532989 120 2.529 0.237 -0.105 6 0.09 2.609 -0.105 2.0199 -0.0913
% 1744640681.533195 robobot/cmd/ti/rc 0.090 0.009 1744640681.533102
1744640681.533216 120 2.529 0.237 -0.105 6 0.08 2.609 -0.105 2.0199 -0.0913
% 1744640681.544756 robobot/cmd/ti/rc 0.090 0.039 1744640681.54465
1744640681.544776 120 2.530 0.237 -0.106 6 0.08 2.610 -0.106 2.0212 -0.0925
1744640681.545116 120 2.530 0.237 -0.107 6 0.08 2.610 -0.107 2.0212 -0.0936
% 1744640681.553378 robobot/cmd/ti/rc 0.090 0.027 1744640681.553281
1744640681.5534 120 2.530 0.237 -0.107 6 0.08 2.611 -0.107 2.0225 -0.0936
1744640681.561321 120 2.531 0.237 -0.107 6 0.08 2.611 -0.107 2.0225 -0.0936
% 1744640681.5615392 robobot/cmd/ti/rc 0.090 0.006 1744640681.561437
1744640681.561559 120 2.531 0.237 -0.107 6 0.07 2.611 -0.107 2.0225 -0.0936
% 1744640681.5748138 robobot/cmd/ti/rc 0.090 0.004 1744640681.574708
1744640681.574835 120 2.532 0.237 -0.107 6 0.07 2.613 -0.107 2.0239 -0.0936
1744640681.5752351 120 2.533 0.236 -0.109 6 0.07 2.613 -0.109 2.0239 -0.0948
% 1744640681.587831 robobot/cmd/ti/rc 0.090 0.029 1744640681.587735
1744640681.587851 120 2.533 0.236 -0.109 6 0.07 2.614 -0.109 2.0252 -0.0948
1744640681.593706 120 2.534 0.236 -0.110 6 0.07 2.614 -0.110 2.0252 -0.0960
% 1744640681.594239 robobot/cmd/ti/rc 0.090 0.079 1744640681.594135
1744640681.59426 120 2.534 0.236 -0.110 6 0.06 2.614 -0.110 2.0252 -0.0960
% 1744640681.6065788 robobot/cmd/ti/rc 0.090 0.050 1744640681.606482
1744640681.6066 120 2.535 0.236 -0.109 6 0.06 2.616 -0.109 2.0266 -0.0948
1744640681.606955 120 2.536 0.236 -0.110 6 0.06 2.616 -0.110 2.0266 -0.0960
% 1744640681.613875 robobot/cmd/ti/rc 0.090 0.050 1744640681.61378
1744640681.613895 120 2.536 0.236 -0.110 6 0.06 2.617 -0.110 2.0280 -0.0960
1744640681.625406 120 2.537 0.236 -0.111 6 0.06 2.617 -0.111 2.0280 -0.0971
% 1744640681.62571 robobot/cmd/ti/rc 0.090 0.050 1744640681.625556
1744640681.6257322 120 2.537 0.236 -0.111 6 0.05 2.617 -0.111 2.0280 -0.0971
% 1744640681.635263 robobot/cmd/ti/rc 0.090 0.050 1744640681.635167
1744640681.635283 120 2.538 0.236 -0.112 6 0.05 2.618 -0.112 2.0294 -0.0983
1744640681.635686 120 2.538 0.236 -0.112 6 0.05 2.618 -0.112 2.0294 -0.0983
% 1744640681.646455 robobot/cmd/ti/rc 0.090 0.065 1744640681.6463602
1744640681.646475 120 2.539 0.236 -0.112 6 0.05 2.620 -0.112 2.0307 -0.0983
1744640681.6632051 120 2.540 0.236 -0.112 6 0.05 2.620 -0.112 2.0307 -0.0983
% 1744640681.663423 robobot/cmd/ti/rc 0.090 0.050 1744640681.6633222
1744640681.6634429 120 2.540 0.236 -0.112 6 0.05 2.620 -0.112 2.0307 -0.0983
% 1744640681.672807 robobot/cmd/ti/rc 0.090 0.069 1744640681.67268
1744640681.6728268 120 2.540 0.236 -0.112 6 0.04 2.621 -0.112 2.0321 -0.0983
1744640681.673206 120 2.541 0.236 -0.112 6 0.04 2.621 -0.112 2.0321 -0.0983
% 1744640681.673574 robobot/cmd/ti/rc 0.090 0.050 1744640681.6734982
1744640681.673595 120 2.541 0.235 -0.113 6 0.04 2.623 -0.113 2.0335 -0.0994
1744640681.683927 120 2.542 0.235 -0.112 6 0.04 2.623 -0.112 2.0335 -0.0983
% 1744640681.684159 robobot/cmd/ti/rc 0.090 0.069 1744640681.684049
1744640681.68418 120 2.542 0.235 -0.112 6 0.03 2.623 -0.112 2.0335 -0.0983
% 1744640681.6933491 robobot/cmd/ti/rc 0.090 0.050 1744640681.69325
1744640681.69337 120 2.543 0.235 -0.112 6 0.03 2.624 -0.112 2.0349 -0.0983
1744640681.698764 120 2.544 0.235 -0.112 6 0.03 2.624 -0.112 2.0349 -0.0983
% 1744640681.704242 robobot/cmd/ti/rc 0.090 0.069 1744640681.7041411
1744640681.704263 120 2.544 0.235 -0.112 6 0.03 2.625 -0.112 2.0362 -0.0983
1744640681.712471 120 2.545 0.235 -0.111 6 0.03 2.625 -0.111 2.0362 -0.0971
% 1744640681.712754 robobot/cmd/ti/rc 0.090 0.050 1744640681.7125828
1744640681.712777 120 2.545 0.235 -0.111 6 0.03 2.625 -0.111 2.0362 -0.0971
% 1744640681.721936 robobot/cmd/ti/rc 0.090 0.068 1744640681.721828
1744640681.721956 120 2.546 0.235 -0.110 6 0.02 2.627 -0.110 2.0376 -0.0960
1744640681.731702 120 2.546 0.235 -0.111 6 0.02 2.627 -0.111 2.0376 -0.0971
% 1744640681.736267 robobot/cmd/ti/rc 0.090 0.050 1744640681.736161
1744640681.7362869 120 2.547 0.235 -0.111 6 0.02 2.628 -0.111 2.0389 -0.0971
1744640681.7423658 120 2.548 0.235 -0.110 6 0.02 2.628 -0.110 2.0389 -0.0960
% 1744640681.74258 robobot/cmd/ti/rc 0.090 0.068 1744640681.742477
1744640681.7426 120 2.548 0.235 -0.110 6 0.02 2.628 -0.110 2.0389 -0.0960
% 1744640681.7511601 robobot/cmd/ti/rc 0.090 0.050 1744640681.75106
1744640681.75118 120 2.549 0.235 -0.111 6 0.02 2.629 -0.111 2.0404 -0.0971
1744640681.757299 120 2.549 0.235 -0.111 6 0.02 2.629 -0.111 2.0404 -0.0971
% 1744640681.762092 robobot/cmd/ti/rc 0.090 0.067 1744640681.761944
1744640681.762113 120 2.550 0.235 -0.110 6 0.01 2.631 -0.110 2.0417 -0.0960
1744640681.771667 120 2.550 0.234 -0.110 6 0.01 2.631 -0.110 2.0417 -0.0960
% 1744640681.771876 robobot/cmd/ti/rc 0.090 0.050 1744640681.771775
1744640681.7718961 120 2.550 0.234 -0.110 6 0.01 2.631 -0.110 2.0417 -0.0960
% 1744640681.781605 robobot/cmd/ti/rc 0.090 0.067 1744640681.781499
1744640681.781625 120 2.551 0.234 -0.109 6 0.01 2.632 -0.109 2.0431 -0.0948
1744640681.788011 120 2.552 0.234 -0.109 6 0.01 2.632 -0.109 2.0431 -0.0948
% 1744640681.7930229 robobot/cmd/ti/rc 0.090 0.050 1744640681.792918
1744640681.7930439 120 2.552 0.234 -0.109 6 0.00 2.633 -0.109 2.0444 -0.0948
1744640681.8058681 120 2.553 0.234 -0.107 6 0.00 2.633 -0.107 2.0444 -0.0936
% 1744640681.806079 robobot/cmd/ti/rc 0.090 0.066 1744640681.805977
1744640681.806099 120 2.553 0.234 -0.107 6 -0.00 2.633 -0.107 2.0444 -0.0936
% 1744640681.813611 robobot/cmd/ti/rc 0.090 2.080 1744640681.813515
1744640681.813631 120 2.554 0.234 -0.107 6 -0.22 2.635 -0.107 2.0458 -0.0936
1744640681.818592 120 2.554 0.234 -0.106 6 -0.22 2.635 -0.106 2.0458 -0.0925
% 1744640681.823157 robobot/cmd/ti/rc 0.090 1.953 1744640681.823004
1744640681.8231769 120 2.555 0.234 -0.106 6 -0.19 2.636 -0.106 2.0470 -0.0925
1744640681.8349912 120 2.556 0.234 -0.106 6 -0.19 2.636 -0.106 2.0470 -0.0925
% 1744640681.835259 robobot/cmd/ti/rc 0.090 -0.253 1744640681.8351119
1744640681.835281 120 2.556 0.234 -0.106 6 -0.20 2.636 -0.106 2.0470 -0.0925
% 1744640681.845533 robobot/cmd/ti/rc 0.090 -0.115 1744640681.845377
1744640681.8455539 120 2.557 0.234 -0.104 6 -0.18 2.637 -0.104 2.0484 -0.0902
1744640681.845837 120 2.557 0.234 -0.100 6 -0.18 2.637 -0.100 2.0484 -0.0856
% 1744640681.851236 robobot/cmd/ti/rc 0.090 -0.308 1744640681.851131
1744640681.851255 120 2.557 0.234 -0.094 6 -0.19 2.638 -0.094 2.0495 -0.0798
1744640681.867626 120 2.558 0.234 -0.089 6 -0.19 2.638 -0.089 2.0495 -0.0751
% 1744640681.86774 robobot/cmd/ti/rc 0.090 0.283 1744640681.8676832
1744640681.86775 120 2.558 0.234 -0.089 6 -0.19 2.638 -0.089 2.0495 -0.0751
% 1744640681.874419 robobot/cmd/ti/rc 0.090 0.133 1744640681.874333
1744640681.874432 120 2.559 0.234 -0.091 6 -0.19 2.641 -0.091 2.0517 -0.0775
1744640681.879796 120 2.559 0.234 -0.092 6 -0.19 2.641 -0.092 2.0517 -0.0786
% 1744640681.884105 robobot/cmd/ti/rc 0.090 0.027 1744640681.884046
1744640681.884115 120 2.560 0.234 -0.092 6 -0.19 2.642 -0.092 2.0531 -0.0786
1744640681.895419 120 2.561 0.233 -0.089 6 -0.19 2.642 -0.089 2.0531 -0.0751
% 1744640681.895547 robobot/cmd/ti/rc 0.090 0.033 1744640681.8954828
1744640681.8955579 120 2.561 0.233 -0.089 6 -0.19 2.642 -0.089 2.0531 -0.0751
% 1744640681.9041522 robobot/cmd/ti/rc 0.090 0.102 1744640681.904073
1744640681.904164 120 2.561 0.233 -0.083 6 -0.19 2.643 -0.083 2.0543 -0.0694
1744640681.908469 120 2.562 0.233 -0.080 6 -0.19 2.643 -0.080 2.0543 -0.0659
% 1744640681.912975 robobot/cmd/ti/rc 0.090 0.082 1744640681.912863
1744640681.912995 120 2.562 0.233 -0.076 6 -0.19 2.645 -0.076 2.0558 -0.0624
1744640681.9233768 120 2.563 0.233 -0.075 6 -0.19 2.645 -0.075 2.0558 -0.0613
% 1744640681.9236531 robobot/cmd/ti/rc 0.090 0.144 1744640681.9235032
1744640681.923819 120 2.563 0.233 -0.075 6 -0.19 2.645 -0.075 2.0558 -0.0613
% 1744640681.93581 robobot/cmd/ti/rc 0.090 0.125 1744640681.9356768
1744640681.93583 120 2.564 0.233 -0.075 6 -0.19 2.646 -0.075 2.0573 -0.0613
1744640681.936318 120 2.565 0.233 -0.075 6 -0.19 2.646 -0.075 2.0573 -0.0613
% 1744640681.942084 robobot/cmd/ti/rc 0.090 0.052 1744640681.941982
1744640681.942104 120 2.565 0.233 -0.074 6 -0.19 2.648 -0.074 2.0587 -0.0601
1744640681.9505768 120 2.566 0.233 -0.072 6 -0.19 2.648 -0.072 2.0587 -0.0578
% 1744640681.955216 robobot/cmd/ti/rc 0.090 -0.037 1744640681.9551091
1744640681.9552372 120 2.566 0.233 -0.072 6 -0.19 2.648 -0.072 2.0587 -0.0578
% 1744640681.964826 robobot/cmd/ti/rc 0.090 0.016 1744640681.964708
1744640681.964847 120 2.566 0.233 -0.066 6 -0.19 2.649 -0.066 2.0598 -0.0520
1744640681.965197 120 2.567 0.233 -0.064 6 -0.19 2.649 -0.064 2.0598 -0.0497
% 1744640681.9723651 robobot/cmd/ti/rc 0.090 0.056 1744640681.972214
1744640681.9723892 120 2.567 0.233 -0.061 6 -0.18 2.650 -0.061 2.0612 -0.0474
1744640681.98105 120 2.567 0.233 -0.059 6 -0.18 2.650 -0.059 2.0612 -0.0451
% 1744640681.9812758 robobot/cmd/ti/rc 0.090 0.005 1744640681.9811652
1744640681.981296 120 2.567 0.233 -0.059 6 -0.18 2.650 -0.059 2.0612 -0.0451
% 1744640681.9983099 robobot/cmd/ti/rc 0.090 0.025 1744640681.998191
1744640681.9983318 120 2.568 0.233 -0.060 6 -0.18 2.651 -0.060 2.0622 -0.0462
1744640681.9986932 120 2.568 0.233 -0.059 6 -0.18 2.651 -0.059 2.0622 -0.0451
% 1744640682.0035882 robobot/cmd/ti/rc 0.090 0.016 1744640682.003468
1744640682.0036092 120 2.569 0.233 -0.059 6 -0.18 2.652 -0.059 2.0631 -0.0451
1744640682.02017 120 2.570 0.233 -0.059 6 -0.18 2.652 -0.059 2.0631 -0.0451
% 1744640682.0203881 robobot/cmd/ti/rc 0.090 0.055 1744640682.020281
1744640682.0204082 120 2.570 0.233 -0.059 6 -0.18 2.652 -0.059 2.0631 -0.0451
% 1744640682.0261781 robobot/cmd/ti/rc 0.090 0.031 1744640682.026064
1744640682.026199 120 2.571 0.233 -0.058 6 -0.18 2.653 -0.058 2.0644 -0.0439
1744640682.0265841 120 2.572 0.233 -0.058 6 -0.18 2.653 -0.058 2.0644 -0.0439
% 1744640682.0318239 robobot/cmd/ti/rc 0.090 0.018 1744640682.031722
1744640682.0318441 120 2.572 0.233 -0.059 6 -0.18 2.655 -0.059 2.0662 -0.0451
1744640682.048446 120 2.573 0.233 -0.058 6 -0.18 2.655 -0.058 2.0662 -0.0439
% 1744640682.055289 robobot/cmd/ti/rc 0.090 -0.019 1744640682.055187
1744640682.055309 120 2.573 0.233 -0.058 6 -0.17 2.655 -0.058 2.0662 -0.0439
% 1744640682.0560582 robobot/cmd/ti/rc 0.090 0.019 1744640682.055986
1744640682.0560791 120 2.573 0.233 -0.056 6 -0.17 2.656 -0.056 2.0674 -0.0416
1744640682.062947 120 2.573 0.233 -0.053 6 -0.17 2.656 -0.053 2.0674 -0.0393
% 1744640682.0633652 robobot/cmd/ti/rc 0.090 0.079 1744640682.0632908
1744640682.063384 120 2.574 0.233 -0.051 6 -0.17 2.657 -0.051 2.0684 -0.0370
1744640682.083818 120 2.575 0.233 -0.050 6 -0.17 2.657 -0.050 2.0684 -0.0358
% 1744640682.08406 robobot/cmd/ti/rc 0.090 0.069 1744640682.083943
1744640682.084081 120 2.575 0.233 -0.050 6 -0.17 2.657 -0.050 2.0684 -0.0358
% 1744640682.0848188 robobot/cmd/ti/rc 0.090 -0.010 1744640682.084749
1744640682.084838 120 2.576 0.232 -0.051 6 -0.17 2.658 -0.051 2.0695 -0.0370
1744640682.090284 120 2.576 0.232 -0.051 6 -0.17 2.658 -0.051 2.0695 -0.0370
% 1744640682.098183 robobot/cmd/ti/rc 0.090 -0.001 1744640682.098078
1744640682.098204 120 2.577 0.232 -0.051 6 -0.17 2.660 -0.051 2.0708 -0.0370
1744640682.103502 120 2.577 0.232 -0.051 6 -0.17 2.660 -0.051 2.0708 -0.0370
% 1744640682.1037598 robobot/cmd/ti/rc 0.090 0.068 1744640682.10361
1744640682.1037812 120 2.577 0.232 -0.051 6 -0.17 2.660 -0.051 2.0708 -0.0370
% 1744640682.115489 robobot/cmd/ti/rc 0.090 0.050 1744640682.115375
1744640682.115509 120 2.578 0.232 -0.050 6 -0.17 2.661 -0.050 2.0723 -0.0358
1744640682.115869 120 2.579 0.232 -0.050 6 -0.17 2.661 -0.050 2.0723 -0.0358
% 1744640682.1219342 robobot/cmd/ti/rc 0.090 0.064 1744640682.12183
1744640682.121954 120 2.579 0.232 -0.049 6 -0.17 2.662 -0.049 2.0735 -0.0347
1744640682.131121 120 2.580 0.232 -0.049 6 -0.17 2.662 -0.049 2.0735 -0.0347
% 1744640682.131376 robobot/cmd/ti/rc 0.090 0.061 1744640682.131234
1744640682.131396 120 2.580 0.232 -0.049 6 -0.17 2.662 -0.049 2.0735 -0.0347
% 1744640682.14166 robobot/cmd/ti/rc 0.090 0.051 1744640682.141547
1744640682.141681 120 2.581 0.232 -0.046 6 -0.17 2.664 -0.046 2.0747 -0.0324
1744640682.1459808 120 2.581 0.232 -0.046 6 -0.17 2.664 -0.046 2.0747 -0.0324
% 1744640682.155859 robobot/cmd/ti/rc 0.090 0.076 1744640682.155754
1744640682.15588 120 2.582 0.232 -0.045 6 -0.17 2.665 -0.045 2.0760 -0.0312
1744640682.162556 120 2.582 0.232 -0.044 6 -0.17 2.665 -0.044 2.0760 -0.0300
% 1744640682.162803 robobot/cmd/ti/rc 0.090 0.070 1744640682.162672
1744640682.162823 120 2.582 0.232 -0.044 6 -0.17 2.665 -0.044 2.0760 -0.0300
% 1744640682.1773481 robobot/cmd/ti/rc 0.090 0.031 1744640682.177228
1744640682.177369 120 2.583 0.232 -0.043 6 -0.17 2.666 -0.043 2.0774 -0.0289
1744640682.177736 120 2.584 0.232 -0.042 6 -0.17 2.666 -0.042 2.0774 -0.0277
% 1744640682.18436 robobot/cmd/ti/rc 0.090 0.024 1744640682.1842518
1744640682.184381 120 2.584 0.232 -0.041 6 -0.16 2.668 -0.041 2.0788 -0.0266
1744640682.1937878 120 2.585 0.232 -0.041 6 -0.16 2.668 -0.041 2.0788 -0.0266
% 1744640682.194017 robobot/cmd/ti/rc 0.090 0.006 1744640682.1939049
1744640682.194037 120 2.585 0.232 -0.041 6 -0.16 2.668 -0.041 2.0788 -0.0266
% 1744640682.2081652 robobot/cmd/ti/rc 0.090 0.010 1744640682.208064
1744640682.2081852 120 2.586 0.232 -0.038 6 -0.16 2.669 -0.038 2.0801 -0.0243
1744640682.208504 120 2.587 0.232 -0.038 6 -0.16 2.669 -0.038 2.0801 -0.0243
% 1744640682.216963 robobot/cmd/ti/rc 0.090 0.027 1744640682.216862
1744640682.216983 120 2.587 0.232 -0.037 6 -0.16 2.671 -0.037 2.0816 -0.0231
1744640682.223914 120 2.588 0.232 -0.036 6 -0.16 2.671 -0.036 2.0816 -0.0219
% 1744640682.2241359 robobot/cmd/ti/rc 0.090 0.046 1744640682.2240262
1744640682.224156 120 2.588 0.232 -0.036 6 -0.16 2.671 -0.036 2.0816 -0.0219
% 1744640682.234894 robobot/cmd/ti/rc 0.090 0.063 1744640682.23474
1744640682.234914 120 2.589 0.232 -0.035 6 -0.16 2.672 -0.035 2.0830 -0.0208
1744640682.23525 120 2.589 0.232 -0.036 6 -0.16 2.672 -0.036 2.0830 -0.0219
% 1744640682.243063 robobot/cmd/ti/rc 0.090 0.034 1744640682.2429628
1744640682.243083 120 2.590 0.232 -0.035 6 -0.16 2.673 -0.035 2.0842 -0.0208
1744640682.260423 120 2.591 0.232 -0.035 6 -0.16 2.673 -0.035 2.0842 -0.0208
% 1744640682.2606442 robobot/cmd/ti/rc 0.090 0.028 1744640682.260541
1744640682.2606652 120 2.591 0.232 -0.035 6 -0.16 2.673 -0.035 2.0842 -0.0208
% 1744640682.2682948 robobot/cmd/ti/rc 0.090 0.005 1744640682.268213
1744640682.26831 120 2.592 0.232 -0.034 6 -0.15 2.675 -0.034 2.0856 -0.0196
1744640682.268567 120 2.592 0.232 -0.034 6 -0.15 2.675 -0.034 2.0856 -0.0196
% 1744640682.2740679 robobot/cmd/ti/rc 0.090 0.008 1744640682.273966
1744640682.2740889 120 2.592 0.232 -0.034 6 -0.15 2.676 -0.034 2.0869 -0.0196
1744640682.2840698 120 2.593 0.232 -0.032 6 -0.15 2.676 -0.032 2.0869 -0.0185
% 1744640682.284279 robobot/cmd/ti/rc 0.090 0.040 1744640682.284182
1744640682.284299 120 2.593 0.232 -0.032 6 -0.15 2.676 -0.032 2.0869 -0.0185
% 1744640682.3050518 robobot/cmd/ti/rc 0.090 0.018 1744640682.304953
1744640682.3050728 120 2.594 0.232 -0.031 6 -0.15 2.677 -0.031 2.0883 -0.0173
1744640682.305423 120 2.595 0.232 -0.032 6 -0.15 2.677 -0.032 2.0883 -0.0185
% 1744640682.31922 robobot/cmd/ti/rc 0.090 -0.006 1744640682.319032
1744640682.319242 120 2.595 0.232 -0.032 6 -0.15 2.679 -0.032 2.0897 -0.0185
1744640682.3196201 120 2.596 0.232 -0.030 6 -0.15 2.679 -0.030 2.0897 -0.0162
% 1744640682.319805 robobot/cmd/ti/rc 0.090 0.006 1744640682.319731
1744640682.319824 120 2.596 0.232 -0.030 6 -0.15 2.679 -0.030 2.0897 -0.0162
% 1744640682.3268979 robobot/cmd/ti/rc 0.090 0.018 1744640682.326798
1744640682.3269188 120 2.597 0.232 -0.030 6 -0.14 2.680 -0.030 2.0911 -0.0162
1744640682.327327 120 2.597 0.232 -0.029 6 -0.14 2.680 -0.029 2.0911 -0.0150
% 1744640682.3327098 robobot/cmd/ti/rc 0.090 -0.003 1744640682.332604
1744640682.3327308 120 2.598 0.232 -0.028 6 -0.14 2.681 -0.028 2.0925 -0.0138
1744640682.3436391 120 2.599 0.232 -0.027 6 -0.14 2.681 -0.027 2.0925 -0.0127
% 1744640682.3441658 robobot/cmd/ti/rc 0.090 0.019 1744640682.34394
1744640682.3441842 120 2.599 0.232 -0.027 6 -0.14 2.681 -0.027 2.0925 -0.0127
% 1744640682.357703 robobot/cmd/ti/rc 0.090 0.042 1744640682.3574479
1744640682.357727 120 2.600 0.232 -0.027 6 -0.14 2.683 -0.027 2.0941 -0.0127
1744640682.35818 120 2.600 0.232 -0.027 6 -0.14 2.683 -0.027 2.0941 -0.0127
% 1744640682.364477 robobot/cmd/ti/rc 0.090 0.045 1744640682.364248
1744640682.364505 120 2.601 0.232 -0.025 6 -0.14 2.685 -0.025 2.0955 -0.0115
1744640682.3739789 120 2.602 0.231 -0.024 6 -0.14 2.685 -0.024 2.0955 -0.0104
% 1744640682.3742762 robobot/cmd/ti/rc 0.090 -0.017 1744640682.3740978
1744640682.374296 120 2.602 0.231 -0.024 6 -0.13 2.685 -0.024 2.0955 -0.0104
% 1744640682.3864498 robobot/cmd/ti/rc 0.090 -0.031 1744640682.386282
1744640682.3864708 120 2.603 0.231 -0.023 6 -0.13 2.686 -0.023 2.0969 -0.0092
1744640682.386977 120 2.603 0.231 -0.023 6 -0.13 2.686 -0.023 2.0969 -0.0092
% 1744640682.392523 robobot/cmd/ti/rc 0.090 0.005 1744640682.3923619
1744640682.392544 120 2.604 0.231 -0.022 6 -0.13 2.687 -0.022 2.0984 -0.0081
1744640682.400924 120 2.605 0.231 -0.021 6 -0.13 2.687 -0.021 2.0984 -0.0069
% 1744640682.4122381 robobot/cmd/ti/rc 0.090 0.014 1744640682.412085
1744640682.4122581 120 2.605 0.231 -0.021 6 -0.13 2.687 -0.021 2.0984 -0.0069
% 1744640682.418379 robobot/cmd/ti/rc 0.090 -0.050 1744640682.4182348
1744640682.418398 120 2.606 0.231 -0.022 6 -0.05 2.689 -0.022 2.0998 -0.0081
1744640682.418703 120 2.606 0.231 -0.021 6 -0.05 2.689 -0.021 2.0998 -0.0069
% 1744640682.428833 robobot/cmd/ti/rc 0.090 -0.050 1744640682.428573
1744640682.428858 120 2.607 0.231 -0.021 6 -0.02 2.690 -0.021 2.1013 -0.0069
1744640682.43628 120 2.607 0.231 -0.021 6 -0.02 2.690 -0.021 2.1013 -0.0069
% 1744640682.436607 robobot/cmd/ti/rc 0.090 -0.050 1744640682.4363961
1744640682.436629 120 2.607 0.231 -0.021 6 -0.03 2.690 -0.021 2.1013 -0.0069
% 1744640682.4442391 robobot/cmd/ti/rc 0.090 -0.050 1744640682.444086
1744640682.4442618 120 2.608 0.231 -0.020 6 -0.03 2.692 -0.020 2.1026 -0.0058
1744640682.449997 120 2.609 0.231 -0.020 6 -0.03 2.692 -0.020 2.1026 -0.0058
% 1744640682.45942 robobot/cmd/ti/rc 0.090 -0.050 1744640682.459187
1744640682.4594429 120 2.609 0.231 -0.021 6 -0.04 2.693 -0.021 2.1039 -0.0069
1744640682.466651 120 2.610 0.231 -0.021 6 -0.04 2.693 -0.021 2.1039 -0.0069
% 1744640682.466944 robobot/cmd/ti/rc 0.090 -0.054 1744640682.466769
1744640682.466965 120 2.610 0.231 -0.021 6 -0.03 2.693 -0.021 2.1039 -0.0069
% 1744640682.4727192 robobot/cmd/ti/rc 0.090 -0.050 1744640682.472574
1744640682.4727411 120 2.611 0.231 -0.022 6 -0.02 2.694 -0.022 2.1053 -0.0081
1744640682.477195 120 2.611 0.231 -0.021 6 -0.02 2.694 -0.021 2.1053 -0.0069
% 1744640682.483437 robobot/cmd/ti/rc 0.090 -0.063 1744640682.483289
1744640682.483459 120 2.612 0.231 -0.021 6 -0.02 2.696 -0.021 2.1066 -0.0069
1744640682.496299 120 2.613 0.231 -0.022 6 -0.02 2.696 -0.022 2.1066 -0.0081
% 1744640682.4965491 robobot/cmd/ti/rc 0.090 -0.050 1744640682.4964092
1744640682.4965692 120 2.613 0.231 -0.022 6 -0.02 2.696 -0.022 2.1066 -0.0081
% 1744640682.5044138 robobot/cmd/ti/rc 0.090 -0.066 1744640682.5042539
1744640682.504435 120 2.614 0.231 -0.023 6 -0.02 2.697 -0.023 2.1078 -0.0092
1744640682.5134358 120 2.614 0.231 -0.023 6 -0.02 2.697 -0.023 2.1078 -0.0092
% 1744640682.518443 robobot/cmd/ti/rc 0.090 -0.050 1744640682.518247
1744640682.518466 120 2.614 0.231 -0.023 6 -0.02 2.698 -0.023 2.1091 -0.0092
1744640682.524717 120 2.615 0.231 -0.023 6 -0.02 2.698 -0.023 2.1091 -0.0092
% 1744640682.524989 robobot/cmd/ti/rc 0.090 -0.066 1744640682.524835
1744640682.5250099 120 2.615 0.231 -0.023 6 -0.02 2.698 -0.023 2.1091 -0.0092
% 1744640682.531455 robobot/cmd/ti/rc 0.090 -0.050 1744640682.531301
1744640682.5314748 120 2.616 0.231 -0.025 6 -0.02 2.699 -0.025 2.1104 -0.0115
1744640682.5360918 120 2.616 0.231 -0.025 6 -0.02 2.699 -0.025 2.1104 -0.0115
% 1744640682.541022 robobot/cmd/ti/rc 0.090 -0.065 1744640682.5408902
1744640682.5410419 120 2.617 0.231 -0.025 6 -0.02 2.701 -0.025 2.1116 -0.0115
1744640682.557586 120 2.618 0.231 -0.025 6 -0.02 2.701 -0.025 2.1116 -0.0115
% 1744640682.557838 robobot/cmd/ti/rc 0.090 -0.050 1744640682.557701
1744640682.557858 120 2.618 0.231 -0.025 6 -0.01 2.701 -0.025 2.1116 -0.0115
% 1744640682.5659242 robobot/cmd/ti/rc 0.090 -0.065 1744640682.56577
1744640682.565944 120 2.618 0.231 -0.027 6 -0.01 2.702 -0.027 2.1130 -0.0127
1744640682.5701308 120 2.619 0.231 -0.028 6 -0.01 2.702 -0.028 2.1130 -0.0138
% 1744640682.57552 robobot/cmd/ti/rc 0.090 -0.050 1744640682.575347
1744640682.575542 120 2.619 0.231 -0.028 6 -0.02 2.703 -0.028 2.1142 -0.0138
1744640682.5827599 120 2.620 0.231 -0.028 6 -0.02 2.703 -0.028 2.1142 -0.0138
% 1744640682.5830002 robobot/cmd/ti/rc 0.090 -0.064 1744640682.582867
1744640682.58302 120 2.620 0.231 -0.028 6 -0.02 2.703 -0.028 2.1142 -0.0138
% 1744640682.60303 robobot/cmd/ti/rc 0.090 -0.050 1744640682.602824
1744640682.603053 120 2.621 0.231 -0.029 6 -0.02 2.705 -0.029 2.1155 -0.0150
1744640682.603316 120 2.622 0.231 -0.029 6 -0.02 2.705 -0.029 2.1155 -0.0150
% 1744640682.6037 robobot/cmd/ti/rc 0.090 -0.065 1744640682.6035998
1744640682.60372 120 2.622 0.231 -0.029 6 -0.02 2.706 -0.029 2.1168 -0.0150
1744640682.616436 120 2.623 0.231 -0.030 6 -0.02 2.706 -0.030 2.1168 -0.0162
% 1744640682.61687 robobot/cmd/ti/rc 0.090 -0.050 1744640682.616568
1744640682.616894 120 2.623 0.231 -0.030 6 -0.02 2.706 -0.030 2.1168 -0.0162
% 1744640682.624057 robobot/cmd/ti/rc 0.090 -0.065 1744640682.62384
1744640682.624077 120 2.624 0.231 -0.031 6 -0.02 2.707 -0.031 2.1182 -0.0173
1744640682.628816 120 2.624 0.231 -0.031 6 -0.02 2.707 -0.031 2.1182 -0.0173
% 1744640682.6364548 robobot/cmd/ti/rc 0.090 -0.050 1744640682.6361852
1744640682.63648 120 2.625 0.231 -0.031 6 -0.02 2.708 -0.031 2.1195 -0.0173
1744640682.641679 120 2.626 0.231 -0.030 6 -0.02 2.708 -0.030 2.1195 -0.0162
% 1744640682.642019 robobot/cmd/ti/rc 0.090 -0.066 1744640682.641799
1744640682.64205 120 2.626 0.231 -0.030 6 -0.02 2.708 -0.030 2.1195 -0.0162
% 1744640682.6624231 robobot/cmd/ti/rc 0.090 -0.050 1744640682.662252
1744640682.662445 120 2.626 0.231 -0.032 6 -0.02 2.710 -0.032 2.1208 -0.0185
1744640682.670901 120 2.627 0.231 -0.032 6 -0.02 2.710 -0.032 2.1208 -0.0185
% 1744640682.671204 robobot/cmd/ti/rc 0.090 -0.066 1744640682.671081
1744640682.671216 120 2.627 0.231 -0.032 6 -0.02 2.711 -0.032 2.1222 -0.0185
1744640682.671368 120 2.628 0.231 -0.032 6 -0.02 2.711 -0.032 2.1222 -0.0185
% 1744640682.6715012 robobot/cmd/ti/rc 0.090 -0.050 1744640682.671455
1744640682.67151 120 2.628 0.231 -0.032 6 -0.02 2.711 -0.032 2.1222 -0.0185
% 1744640682.68993 robobot/cmd/ti/rc 0.090 -0.066 1744640682.689824
1744640682.689945 120 2.629 0.231 -0.032 6 -0.02 2.712 -0.032 2.1235 -0.0185
1744640682.690202 120 2.630 0.231 -0.034 6 -0.02 2.712 -0.034 2.1235 -0.0196
% 1744640682.696695 robobot/cmd/ti/rc 0.090 -0.050 1744640682.696565
1744640682.696715 120 2.630 0.231 -0.034 6 -0.02 2.714 -0.034 2.1248 -0.0196
1744640682.702525 120 2.631 0.231 -0.035 6 -0.02 2.714 -0.035 2.1248 -0.0208
% 1744640682.702806 robobot/cmd/ti/rc 0.090 -0.066 1744640682.702643
1744640682.702828 120 2.631 0.231 -0.035 6 -0.02 2.714 -0.035 2.1248 -0.0208
% 1744640682.720274 robobot/cmd/ti/rc 0.090 -0.050 1744640682.720109
1744640682.720294 120 2.632 0.231 -0.036 6 -0.02 2.715 -0.036 2.1262 -0.0219
1744640682.720695 120 2.632 0.231 -0.036 6 -0.02 2.715 -0.036 2.1262 -0.0219
% 1744640682.726026 robobot/cmd/ti/rc 0.090 -0.066 1744640682.725541
1744640682.726048 120 2.633 0.231 -0.035 6 -0.02 2.717 -0.035 2.1275 -0.0208
1744640682.738711 120 2.634 0.231 -0.036 6 -0.02 2.717 -0.036 2.1275 -0.0219
% 1744640682.738979 robobot/cmd/ti/rc 0.090 -0.050 1744640682.738822
1744640682.738998 120 2.634 0.231 -0.036 6 -0.02 2.717 -0.036 2.1275 -0.0219
% 1744640682.744867 robobot/cmd/ti/rc 0.090 -0.066 1744640682.7447412
1744640682.7448902 120 2.635 0.231 -0.037 6 -0.02 2.718 -0.037 2.1290 -0.0231
1744640682.752115 120 2.635 0.231 -0.037 6 -0.02 2.718 -0.037 2.1290 -0.0231
% 1744640682.758198 robobot/cmd/ti/rc 0.090 -0.050 1744640682.758037
1744640682.758219 120 2.635 0.231 -0.038 6 -0.01 2.719 -0.038 2.1303 -0.0243
1744640682.766855 120 2.636 0.231 -0.039 6 -0.01 2.719 -0.039 2.1303 -0.0254
% 1744640682.767096 robobot/cmd/ti/rc 0.090 -0.065 1744640682.766967
1744640682.767116 120 2.636 0.231 -0.039 6 -0.01 2.719 -0.039 2.1303 -0.0254
% 1744640682.781576 robobot/cmd/ti/rc 0.090 -0.050 1744640682.781395
1744640682.781599 120 2.637 0.230 -0.041 6 -0.01 2.721 -0.041 2.1317 -0.0266
1744640682.788888 120 2.638 0.230 -0.041 6 -0.01 2.721 -0.041 2.1317 -0.0266
% 1744640682.78936 robobot/cmd/ti/rc 0.090 -0.065 1744640682.789181
1744640682.7893791 120 2.638 0.230 -0.041 6 -0.01 2.722 -0.041 2.1331 -0.0266
1744640682.797939 120 2.639 0.230 -0.042 6 -0.01 2.722 -0.042 2.1331 -0.0277
% 1744640682.798317 robobot/cmd/ti/rc 0.090 -0.050 1744640682.798072
1744640682.79833 120 2.639 0.230 -0.042 6 -0.01 2.722 -0.042 2.1331 -0.0277
% 1744640682.8026822 robobot/cmd/ti/rc 0.090 -0.066 1744640682.802635
1744640682.802696 120 2.640 0.230 -0.043 6 -0.01 2.723 -0.043 2.1345 -0.0289
1744640682.809056 120 2.641 0.230 -0.043 6 -0.01 2.723 -0.043 2.1345 -0.0289
% 1744640682.8155031 robobot/cmd/ti/rc 0.090 -0.050 1744640682.815469
1744640682.8155122 120 2.641 0.230 -0.043 6 -0.01 2.725 -0.043 2.1358 -0.0289
1744640682.829403 120 2.642 0.230 -0.043 6 -0.01 2.725 -0.043 2.1358 -0.0289
% 1744640682.829472 robobot/cmd/ti/rc 0.090 -0.066 1744640682.829437
1744640682.82948 120 2.642 0.230 -0.043 6 -0.01 2.725 -0.043 2.1358 -0.0289
% 1744640682.834653 robobot/cmd/ti/rc 0.090 -0.050 1744640682.83462
1744640682.834662 120 2.643 0.230 -0.044 6 -0.01 2.726 -0.044 2.1373 -0.0300
1744640682.841939 120 2.643 0.230 -0.044 6 -0.01 2.726 -0.044 2.1373 -0.0300
% 1744640682.8420632 robobot/cmd/ti/rc 0.090 -0.065 1744640682.8420212
1744640682.8420732 120 2.644 0.230 -0.045 6 -0.01 2.728 -0.045 2.1386 -0.0312
1744640682.8504362 120 2.645 0.230 -0.046 6 -0.01 2.728 -0.046 2.1386 -0.0324
% 1744640682.865846 robobot/cmd/ti/rc 0.090 -0.050 1744640682.865809
1744640682.865855 120 2.645 0.230 -0.046 6 -0.01 2.728 -0.046 2.1386 -0.0324
% 1744640682.871032 robobot/cmd/ti/rc 0.090 -0.066 1744640682.870993
1744640682.871042 120 2.646 0.230 -0.045 6 -0.01 2.729 -0.045 2.1400 -0.0312
1744640682.871159 120 2.646 0.230 -0.047 6 -0.01 2.729 -0.047 2.1400 -0.0335
% 1744640682.87647 robobot/cmd/ti/rc 0.090 -0.050 1744640682.8764338
1744640682.876479 120 2.646 0.230 -0.047 6 -0.01 2.730 -0.047 2.1414 -0.0335
1744640682.8811488 120 2.647 0.230 -0.049 6 -0.01 2.730 -0.049 2.1414 -0.0347
% 1744640682.889065 robobot/cmd/ti/rc 0.090 -0.065 1744640682.8890219
1744640682.889076 120 2.647 0.230 -0.049 6 -0.01 2.730 -0.049 2.1414 -0.0347
% 1744640682.8936892 robobot/cmd/ti/rc 0.090 -0.050 1744640682.8936288
1744640682.893701 120 2.648 0.230 -0.049 6 -0.01 2.732 -0.049 2.1428 -0.0347
1744640682.898546 120 2.649 0.230 -0.047 6 -0.01 2.732 -0.047 2.1428 -0.0335
% 1744640682.9043012 robobot/cmd/ti/rc 0.090 -0.065 1744640682.904162
1744640682.904331 120 2.649 0.230 -0.049 6 -0.01 2.733 -0.049 2.1441 -0.0347
1744640682.9282079 120 2.650 0.230 -0.050 6 -0.01 2.733 -0.050 2.1441 -0.0358
% 1744640682.928824 robobot/cmd/ti/rc 0.090 -0.050 1744640682.92862
1744640682.928844 120 2.650 0.230 -0.050 6 -0.01 2.733 -0.050 2.1441 -0.0358
% 1744640682.9399822 robobot/cmd/ti/rc 0.090 -0.065 1744640682.939811
1744640682.9400032 120 2.651 0.230 -0.051 6 -0.01 2.735 -0.051 2.1456 -0.0370
1744640682.940203 120 2.651 0.230 -0.050 6 -0.01 2.735 -0.050 2.1456 -0.0358
% 1744640682.940475 robobot/cmd/ti/rc 0.090 -0.050 1744640682.9404092
1744640682.94049 120 2.652 0.230 -0.051 6 -0.01 2.736 -0.051 2.1469 -0.0370
1744640682.945281 120 2.653 0.230 -0.052 6 -0.01 2.736 -0.052 2.1469 -0.0381
% 1744640682.945478 robobot/cmd/ti/rc 0.090 -0.066 1744640682.9453928
1744640682.945499 120 2.653 0.230 -0.052 6 -0.01 2.736 -0.052 2.1469 -0.0381
% 1744640682.958688 robobot/cmd/ti/rc 0.090 -0.050 1744640682.958525
1744640682.95871 120 2.654 0.230 -0.052 6 -0.01 2.737 -0.052 2.1483 -0.0381
1744640682.9590158 120 2.654 0.230 -0.052 6 -0.01 2.737 -0.052 2.1483 -0.0381
% 1744640682.9659588 robobot/cmd/ti/rc 0.090 -0.065 1744640682.965834
1744640682.9659798 120 2.655 0.230 -0.052 6 -0.01 2.739 -0.052 2.1496 -0.0381
1744640682.9734452 120 2.655 0.230 -0.053 6 -0.01 2.739 -0.053 2.1496 -0.0393
% 1744640682.97367 robobot/cmd/ti/rc 0.090 -0.050 1744640682.973554
1744640682.97369 120 2.655 0.230 -0.053 6 -0.01 2.739 -0.053 2.1496 -0.0393
% 1744640682.99497 robobot/cmd/ti/rc 0.090 -0.065 1744640682.9948459
1744640682.994991 120 2.656 0.230 -0.053 6 -0.01 2.740 -0.053 2.1510 -0.0393
1744640682.99542 120 2.657 0.230 -0.053 6 -0.01 2.740 -0.053 2.1510 -0.0393
% 1744640683.000982 robobot/cmd/ti/rc 0.090 -0.050 1744640683.000832
1744640683.001001 120 2.657 0.230 -0.054 6 -0.01 2.741 -0.054 2.1523 -0.0404
1744640683.006814 120 2.658 0.230 -0.054 6 -0.01 2.741 -0.054 2.1523 -0.0404
% 1744640683.007064 robobot/cmd/ti/rc 0.090 -0.065 1744640683.006932
1744640683.007086 120 2.658 0.230 -0.054 6 -0.01 2.741 -0.054 2.1523 -0.0404
% 1744640683.01513 robobot/cmd/ti/rc 0.090 -0.050 1744640683.015017
1744640683.015151 120 2.659 0.229 -0.054 6 -0.00 2.743 -0.054 2.1537 -0.0404
1744640683.02235 120 2.660 0.229 -0.056 6 -0.00 2.743 -0.056 2.1537 -0.0416
% 1744640683.022778 robobot/cmd/ti/rc 0.090 -0.062 1744640683.022679
1744640683.022798 120 2.660 0.229 -0.057 6 -0.01 2.744 -0.057 2.1550 -0.0428
1744640683.0327559 120 2.661 0.229 -0.056 6 -0.01 2.744 -0.056 2.1550 -0.0416
% 1744640683.0329778 robobot/cmd/ti/rc 0.090 0.050 1744640683.032865
1744640683.0329988 120 2.661 0.229 -0.056 6 0.01 2.744 -0.056 2.1550 -0.0416
% 1744640683.0483048 robobot/cmd/ti/rc 0.090 0.050 1744640683.0481951
1744640683.0483258 120 2.662 0.229 -0.057 6 0.00 2.745 -0.057 2.1564 -0.0428
1744640683.048681 120 2.662 0.229 -0.057 6 0.00 2.745 -0.057 2.1564 -0.0428
% 1744640683.0650508 robobot/cmd/ti/rc 0.090 -0.050 1744640683.064947
1744640683.065072 120 2.662 0.229 -0.057 6 -0.01 2.747 -0.057 2.1576 -0.0428
1744640683.069957 120 2.663 0.229 -0.058 6 -0.01 2.747 -0.058 2.1576 -0.0439
% 1744640683.0700958 robobot/cmd/ti/rc 0.090 -0.055 1744640683.070017
1744640683.070107 120 2.663 0.229 -0.058 6 -0.02 2.747 -0.058 2.1576 -0.0439
% 1744640683.0764108 robobot/cmd/ti/rc 0.090 -0.050 1744640683.076332
1744640683.076426 120 2.664 0.229 -0.058 6 -0.02 2.748 -0.058 2.1590 -0.0439
1744640683.076732 120 2.665 0.229 -0.058 6 -0.02 2.748 -0.058 2.1590 -0.0439
% 1744640683.086189 robobot/cmd/ti/rc 0.090 -0.064 1744640683.08605
1744640683.08621 120 2.665 0.229 -0.058 6 -0.02 2.749 -0.058 2.1604 -0.0439
1744640683.091784 120 2.666 0.229 -0.058 6 -0.02 2.749 -0.058 2.1604 -0.0439
% 1744640683.0919838 robobot/cmd/ti/rc 0.090 -0.050 1744640683.091889
1744640683.092003 120 2.666 0.229 -0.058 6 -0.02 2.749 -0.058 2.1604 -0.0439
% 1744640683.10205 robobot/cmd/ti/rc 0.090 -0.065 1744640683.10182
1744640683.102078 120 2.667 0.229 -0.060 6 -0.02 2.751 -0.060 2.1617 -0.0462
1744640683.1069582 120 2.667 0.229 -0.060 6 -0.02 2.751 -0.060 2.1617 -0.0462
% 1744640683.1222558 robobot/cmd/ti/rc 0.090 -0.050 1744640683.122057
1744640683.122278 120 2.668 0.229 -0.060 6 -0.02 2.752 -0.060 2.1630 -0.0462
1744640683.122754 120 2.669 0.229 -0.060 6 -0.02 2.752 -0.060 2.1630 -0.0462
% 1744640683.122984 robobot/cmd/ti/rc 0.090 -0.066 1744640683.122875
1744640683.1230059 120 2.669 0.229 -0.060 6 -0.02 2.752 -0.060 2.1630 -0.0462
% 1744640683.135125 robobot/cmd/ti/rc 0.090 -0.050 1744640683.134913
1744640683.135152 120 2.670 0.229 -0.061 6 -0.02 2.753 -0.061 2.1643 -0.0474
1744640683.141449 120 2.670 0.229 -0.061 6 -0.02 2.753 -0.061 2.1643 -0.0474
% 1744640683.149544 robobot/cmd/ti/rc 0.090 -0.064 1744640683.149376
1744640683.149565 120 2.671 0.229 -0.061 6 -0.02 2.755 -0.061 2.1657 -0.0474
1744640683.156109 120 2.671 0.229 -0.064 6 -0.02 2.755 -0.064 2.1657 -0.0497
% 1744640683.156448 robobot/cmd/ti/rc 0.090 -0.050 1744640683.156234
1744640683.156469 120 2.671 0.229 -0.064 6 -0.02 2.755 -0.064 2.1657 -0.0497
% 1744640683.1669052 robobot/cmd/ti/rc 0.090 -0.064 1744640683.166738
1744640683.166925 120 2.672 0.229 -0.062 6 -0.03 2.756 -0.062 2.1670 -0.0485
1744640683.176883 120 2.673 0.229 -0.062 6 -0.03 2.756 -0.062 2.1670 -0.0485
% 1744640683.177562 robobot/cmd/ti/rc 0.090 -0.050 1744640683.177382
1744640683.1775832 120 2.673 0.229 -0.064 6 -0.03 2.757 -0.064 2.1683 -0.0497
1744640683.185476 120 2.674 0.229 -0.064 6 -0.03 2.757 -0.064 2.1683 -0.0497
% 1744640683.1857731 robobot/cmd/ti/rc 0.090 -0.065 1744640683.1855922
1744640683.185794 120 2.674 0.229 -0.064 6 -0.03 2.757 -0.064 2.1683 -0.0497
% 1744640683.200063 robobot/cmd/ti/rc 0.090 -0.050 1744640683.199889
1744640683.200084 120 2.675 0.228 -0.064 6 -0.03 2.759 -0.064 2.1698 -0.0497
1744640683.200347 120 2.675 0.228 -0.064 6 -0.03 2.759 -0.064 2.1698 -0.0497
% 1744640683.207026 robobot/cmd/ti/rc 0.090 -0.066 1744640683.206893
1744640683.207047 120 2.676 0.228 -0.064 6 -0.03 2.760 -0.064 2.1710 -0.0497
1744640683.2129862 120 2.677 0.228 -0.066 6 -0.03 2.760 -0.066 2.1710 -0.0520
% 1744640683.213294 robobot/cmd/ti/rc 0.090 -0.050 1744640683.2130969
1744640683.213321 120 2.677 0.228 -0.066 6 -0.03 2.760 -0.066 2.1710 -0.0520
% 1744640683.22458 robobot/cmd/ti/rc 0.090 -0.067 1744640683.224381
1744640683.2246048 120 2.678 0.228 -0.067 6 -0.03 2.761 -0.067 2.1725 -0.0532
1744640683.231539 120 2.678 0.228 -0.067 6 -0.03 2.761 -0.067 2.1725 -0.0532
% 1744640683.238167 robobot/cmd/ti/rc 0.090 -0.050 1744640683.23799
1744640683.238189 120 2.679 0.228 -0.067 6 -0.03 2.763 -0.067 2.1738 -0.0532
1744640683.24718 120 2.679 0.228 -0.067 6 -0.03 2.763 -0.067 2.1738 -0.0532
% 1744640683.247443 robobot/cmd/ti/rc 0.090 -0.066 1744640683.247295
1744640683.247463 120 2.679 0.228 -0.067 6 -0.03 2.763 -0.067 2.1738 -0.0532
% 1744640683.254632 robobot/cmd/ti/rc 0.090 -0.050 1744640683.2544582
1744640683.2546518 120 2.680 0.228 -0.068 6 -0.03 2.764 -0.068 2.1751 -0.0543
1744640683.259763 120 2.681 0.228 -0.069 6 -0.03 2.764 -0.069 2.1751 -0.0555
% 1744640683.264975 robobot/cmd/ti/rc 0.090 -0.066 1744640683.264808
1744640683.264988 120 2.681 0.228 -0.069 6 -0.03 2.766 -0.069 2.1765 -0.0555
1744640683.273248 120 2.682 0.228 -0.069 6 -0.03 2.766 -0.069 2.1765 -0.0555
% 1744640683.273417 robobot/cmd/ti/rc 0.090 -0.050 1744640683.273311
1744640683.273428 120 2.682 0.228 -0.069 6 -0.03 2.766 -0.069 2.1765 -0.0555
% 1744640683.283307 robobot/cmd/ti/rc 0.090 -0.067 1744640683.2832289
1744640683.283318 120 2.683 0.228 -0.070 6 -0.03 2.767 -0.070 2.1779 -0.0566
1744640683.2878132 120 2.683 0.228 -0.069 6 -0.03 2.767 -0.069 2.1779 -0.0555
% 1744640683.292576 robobot/cmd/ti/rc 0.090 -0.050 1744640683.2924569
1744640683.2925959 120 2.684 0.228 -0.069 6 -0.03 2.768 -0.069 2.1792 -0.0555
1744640683.30187 120 2.685 0.228 -0.070 6 -0.03 2.768 -0.070 2.1792 -0.0566
% 1744640683.307557 robobot/cmd/ti/rc 0.090 -0.066 1744640683.307433
1744640683.3075771 120 2.685 0.228 -0.070 6 -0.03 2.768 -0.070 2.1792 -0.0566
% 1744640683.316514 robobot/cmd/ti/rc 0.090 -0.050 1744640683.316353
1744640683.316534 120 2.686 0.228 -0.072 6 -0.03 2.770 -0.072 2.1807 -0.0578
1744640683.322813 120 2.686 0.228 -0.072 6 -0.03 2.770 -0.072 2.1807 -0.0578
% 1744640683.332086 robobot/cmd/ti/rc 0.090 -0.067 1744640683.331945
1744640683.3321059 120 2.687 0.228 -0.073 6 -0.03 2.771 -0.073 2.1819 -0.0590
1744640683.3409688 120 2.688 0.228 -0.073 6 -0.03 2.771 -0.073 2.1819 -0.0590
% 1744640683.341218 robobot/cmd/ti/rc 0.090 -0.050 1744640683.341089
1744640683.341239 120 2.688 0.228 -0.073 6 -0.03 2.771 -0.073 2.1819 -0.0590
% 1744640683.346454 robobot/cmd/ti/rc 0.090 -0.066 1744640683.346287
1744640683.346478 120 2.688 0.228 -0.074 6 -0.03 2.772 -0.074 2.1834 -0.0601
1744640683.3511748 120 2.689 0.228 -0.073 6 -0.03 2.772 -0.073 2.1834 -0.0590
% 1744640683.356928 robobot/cmd/ti/rc 0.090 -0.050 1744640683.3567538
1744640683.35695 120 2.689 0.228 -0.074 6 -0.03 2.774 -0.074 2.1847 -0.0601
1744640683.366661 120 2.690 0.227 -0.075 6 -0.03 2.774 -0.075 2.1847 -0.0613
% 1744640683.367088 robobot/cmd/ti/rc 0.090 -0.067 1744640683.366893
1744640683.367109 120 2.690 0.227 -0.075 6 -0.03 2.774 -0.075 2.1847 -0.0613
% 1744640683.3788302 robobot/cmd/ti/rc 0.090 -0.050 1744640683.378602
1744640683.378848 120 2.691 0.227 -0.075 6 -0.03 2.775 -0.075 2.1861 -0.0613
1744640683.3790689 120 2.692 0.227 -0.075 6 -0.03 2.775 -0.075 2.1861 -0.0613
% 1744640683.387177 robobot/cmd/ti/rc 0.090 -0.067 1744640683.386948
1744640683.387197 120 2.692 0.227 -0.075 6 -0.03 2.776 -0.075 2.1874 -0.0613
1744640683.393096 120 2.693 0.227 -0.076 6 -0.03 2.776 -0.076 2.1874 -0.0624
% 1744640683.3935082 robobot/cmd/ti/rc 0.090 -0.050 1744640683.3932312
1744640683.3935308 120 2.693 0.227 -0.076 6 -0.03 2.776 -0.076 2.1874 -0.0624
% 1744640683.4109929 robobot/cmd/ti/rc 0.090 -0.066 1744640683.410757
1744640683.4110138 120 2.694 0.227 -0.077 6 -0.03 2.778 -0.077 2.1888 -0.0636
1744640683.411286 120 2.694 0.227 -0.077 6 -0.03 2.778 -0.077 2.1888 -0.0636
% 1744640683.41952 robobot/cmd/ti/rc 0.090 -0.050 1744640683.419314
1744640683.419542 120 2.695 0.227 -0.077 6 -0.03 2.779 -0.077 2.1901 -0.0636
1744640683.42509 120 2.696 0.227 -0.079 6 -0.03 2.779 -0.079 2.1901 -0.0647
% 1744640683.4254432 robobot/cmd/ti/rc 0.090 -0.066 1744640683.42522
1744640683.425466 120 2.696 0.227 -0.079 6 -0.03 2.779 -0.079 2.1901 -0.0647
% 1744640683.435897 robobot/cmd/ti/rc 0.090 -0.050 1744640683.435709
1744640683.435919 120 2.697 0.227 -0.080 6 -0.03 2.780 -0.080 2.1915 -0.0659
1744640683.4443352 120 2.697 0.227 -0.080 6 -0.03 2.780 -0.080 2.1915 -0.0659
% 1744640683.456094 robobot/cmd/ti/rc 0.090 -0.066 1744640683.455925
1744640683.456115 120 2.697 0.227 -0.080 6 -0.04 2.782 -0.080 2.1928 -0.0659
1744640683.465734 120 2.698 0.227 -0.081 6 -0.04 2.782 -0.081 2.1928 -0.0670
% 1744640683.46606 robobot/cmd/ti/rc 0.090 -0.050 1744640683.4658718
1744640683.466083 120 2.698 0.227 -0.081 6 -0.04 2.782 -0.081 2.1928 -0.0670
% 1744640683.467098 robobot/cmd/ti/rc 0.090 -0.068 1744640683.466969
1744640683.4671202 120 2.699 0.227 -0.080 6 -0.03 2.783 -0.080 2.1942 -0.0659
1744640683.521652 120 2.700 0.227 -0.081 6 -0.03 2.783 -0.081 2.1942 -0.0670
% 1744640683.522162 robobot/cmd/ti/rc 0.090 -0.050 1744640683.522018
1744640683.522184 120 2.700 0.227 -0.081 6 -0.03 2.784 -0.081 2.1955 -0.0670
1744640683.541885 120 2.701 0.227 -0.081 6 -0.03 2.784 -0.081 2.1955 -0.0670
% 1744640683.542155 robobot/cmd/ti/rc 0.090 -0.067 1744640683.54202
1744640683.542177 120 2.701 0.227 -0.081 6 -0.04 2.784 -0.081 2.1955 -0.0670
% 1744640683.542996 robobot/cmd/ti/rc 0.090 -0.050 1744640683.542896
1744640683.543017 120 2.702 0.227 -0.082 6 -0.04 2.786 -0.082 2.1969 -0.0682
1744640683.543371 120 2.702 0.227 -0.082 6 -0.04 2.786 -0.082 2.1969 -0.0682
% 1744640683.543767 robobot/cmd/ti/rc 0.090 -0.067 1744640683.543666
1744640683.543788 120 2.703 0.226 -0.082 6 -0.04 2.787 -0.082 2.1982 -0.0682
1744640683.5442429 120 2.704 0.226 -0.082 6 -0.04 2.787 -0.082 2.1982 -0.0682
% 1744640683.544439 robobot/cmd/ti/rc 0.090 -0.050 1744640683.544353
1744640683.544458 120 2.704 0.226 -0.082 6 -0.04 2.787 -0.082 2.1982 -0.0682
% 1744640683.564299 robobot/cmd/ti/rc 0.090 -0.067 1744640683.5642052
1744640683.564319 120 2.704 0.226 -0.084 6 -0.04 2.789 -0.084 2.1996 -0.0705
1744640683.56464 120 2.705 0.226 -0.083 6 -0.04 2.789 -0.083 2.1996 -0.0694
% 1744640683.5650828 robobot/cmd/ti/rc 0.090 -0.050 1744640683.564992
1744640683.5651042 120 2.705 0.226 -0.083 6 -0.04 2.790 -0.083 2.2009 -0.0694
1744640683.565546 120 2.706 0.226 -0.084 6 -0.04 2.790 -0.084 2.2009 -0.0705
% 1744640683.565732 robobot/cmd/ti/rc 0.090 -0.068 1744640683.565651
1744640683.565751 120 2.706 0.226 -0.084 6 -0.04 2.790 -0.084 2.2009 -0.0705
% 1744640683.5713978 robobot/cmd/ti/rc 0.090 -0.050 1744640683.571311
1744640683.571418 120 2.707 0.226 -0.086 6 -0.04 2.791 -0.086 2.2023 -0.0717
1744640683.571724 120 2.708 0.226 -0.086 6 -0.04 2.791 -0.086 2.2023 -0.0717
% 1744640683.572147 robobot/cmd/ti/rc 0.090 -0.068 1744640683.572062
1744640683.572167 120 2.708 0.226 -0.086 6 -0.04 2.793 -0.086 2.2037 -0.0717
1744640683.659053 120 2.709 0.226 -0.086 6 -0.04 2.793 -0.086 2.2037 -0.0717
% 1744640683.659311 robobot/cmd/ti/rc 0.090 -0.050 1744640683.659185
1744640683.6593332 120 2.709 0.226 -0.086 6 -0.04 2.793 -0.086 2.2037 -0.0717
% 1744640683.66022 robobot/cmd/ti/rc 0.090 -0.068 1744640683.66012
1744640683.6602418 120 2.710 0.226 -0.087 6 -0.04 2.794 -0.087 2.2050 -0.0728
1744640683.660716 120 2.710 0.226 -0.087 6 -0.04 2.794 -0.087 2.2050 -0.0728
% 1744640683.661081 robobot/cmd/ti/rc 0.090 -0.050 1744640683.6609979
1744640683.661101 120 2.711 0.226 -0.087 6 -0.04 2.795 -0.087 2.2063 -0.0728
1744640683.661518 120 2.712 0.226 -0.087 6 -0.04 2.795 -0.087 2.2063 -0.0728
% 1744640683.6617029 robobot/cmd/ti/rc 0.090 -0.068 1744640683.661626
1744640683.6617239 120 2.712 0.226 -0.087 6 -0.04 2.795 -0.087 2.2063 -0.0728
% 1744640683.662539 robobot/cmd/ti/rc 0.090 -0.050 1744640683.662446
1744640683.66256 120 2.712 0.226 -0.087 6 -0.04 2.797 -0.087 2.2077 -0.0728
1744640683.662882 120 2.713 0.226 -0.088 6 -0.04 2.797 -0.088 2.2077 -0.0740
% 1744640683.663239 robobot/cmd/ti/rc 0.090 -0.065 1744640683.663161
1744640683.6632588 120 2.713 0.226 -0.088 6 -0.05 2.798 -0.088 2.2090 -0.0740
1744640683.6636539 120 2.714 0.225 -0.089 6 -0.05 2.798 -0.089 2.2090 -0.0751
% 1744640683.663847 robobot/cmd/ti/rc 0.090 0.537 1744640683.663769
1744640683.663867 120 2.714 0.225 -0.089 6 -0.08 2.798 -0.089 2.2090 -0.0751
% 1744640683.664623 robobot/cmd/ti/rc 0.090 0.561 1744640683.664549
1744640683.664643 120 2.715 0.225 -0.090 6 -0.08 2.799 -0.090 2.2104 -0.0763
1744640683.664862 120 2.715 0.225 -0.090 6 -0.08 2.799 -0.090 2.2104 -0.0763
% 1744640683.68448 robobot/cmd/ti/rc 0.090 0.008 1744640683.6843882
1744640683.684503 120 2.716 0.225 -0.090 6 -0.08 2.801 -0.090 2.2117 -0.0763
1744640683.684952 120 2.717 0.225 -0.091 6 -0.08 2.801 -0.091 2.2117 -0.0775
% 1744640683.685157 robobot/cmd/ti/rc 0.090 0.363 1744640683.685067
1744640683.685178 120 2.717 0.225 -0.091 6 -0.10 2.801 -0.091 2.2117 -0.0775
% 1744640683.713679 robobot/cmd/ti/rc 0.090 0.366 1744640683.713574
1744640683.713701 120 2.718 0.225 -0.091 6 -0.10 2.802 -0.091 2.2130 -0.0775
1744640683.714009 120 2.718 0.225 -0.092 6 -0.10 2.802 -0.092 2.2130 -0.0786
% 1744640683.7143738 robobot/cmd/ti/rc 0.090 0.133 1744640683.7142951
1744640683.7143948 120 2.719 0.225 -0.092 6 -0.10 2.803 -0.092 2.2144 -0.0786
1744640683.714817 120 2.719 0.225 -0.092 6 -0.10 2.803 -0.092 2.2144 -0.0786
% 1744640683.715001 robobot/cmd/ti/rc 0.090 0.142 1744640683.714925
1744640683.7150211 120 2.719 0.225 -0.092 6 -0.10 2.803 -0.092 2.2144 -0.0786
% 1744640683.739278 robobot/cmd/ti/rc 0.090 -0.004 1744640683.73918
1744640683.739298 120 2.720 0.225 -0.094 6 -0.10 2.805 -0.094 2.2157 -0.0798
1744640683.739657 120 2.721 0.225 -0.094 6 -0.10 2.805 -0.094 2.2157 -0.0798
% 1744640683.740082 robobot/cmd/ti/rc 0.090 0.005 1744640683.74
1744640683.7401018 120 2.721 0.225 -0.094 6 -0.10 2.806 -0.094 2.2171 -0.0798
1744640683.7405188 120 2.722 0.225 -0.094 6 -0.10 2.806 -0.094 2.2171 -0.0798
% 1744640683.740705 robobot/cmd/ti/rc 0.090 0.131 1744640683.740627
1744640683.740725 120 2.722 0.225 -0.094 6 -0.11 2.806 -0.094 2.2171 -0.0798
% 1744640683.7461782 robobot/cmd/ti/rc 0.090 0.230 1744640683.7460978
1744640683.7461991 120 2.723 0.225 -0.090 6 -0.11 2.807 -0.090 2.2184 -0.0763
1744640683.74655 120 2.724 0.225 -0.089 6 -0.11 2.807 -0.089 2.2184 -0.0751
% 1744640683.746902 robobot/cmd/ti/rc 0.090 0.160 1744640683.746828
1744640683.746921 120 2.724 0.225 -0.088 6 -0.11 2.809 -0.088 2.2199 -0.0740
1744640683.7531168 120 2.725 0.224 -0.087 6 -0.11 2.809 -0.087 2.2199 -0.0728
% 1744640683.7533078 robobot/cmd/ti/rc 0.090 0.116 1744640683.75323
1744640683.7533288 120 2.725 0.224 -0.087 6 -0.11 2.809 -0.087 2.2199 -0.0728
% 1744640683.765151 robobot/cmd/ti/rc 0.090 0.040 1744640683.765017
1744640683.765171 120 2.726 0.224 -0.086 6 -0.11 2.810 -0.086 2.2214 -0.0717
1744640683.769461 120 2.726 0.224 -0.084 6 -0.11 2.810 -0.084 2.2214 -0.0705
% 1744640683.777334 robobot/cmd/ti/rc 0.090 0.055 1744640683.777163
1744640683.7773561 120 2.727 0.224 -0.084 6 -0.11 2.812 -0.084 2.2229 -0.0705
1744640683.782708 120 2.728 0.224 -0.084 6 -0.11 2.812 -0.084 2.2229 -0.0705
% 1744640683.782994 robobot/cmd/ti/rc 0.090 0.042 1744640683.78282
1744640683.7830138 120 2.728 0.224 -0.084 6 -0.11 2.812 -0.084 2.2229 -0.0705
% 1744640683.793131 robobot/cmd/ti/rc 0.090 0.062 1744640683.792991
1744640683.793152 120 2.729 0.224 -0.086 6 -0.12 2.813 -0.086 2.2241 -0.0717
1744640683.799306 120 2.729 0.224 -0.086 6 -0.12 2.813 -0.086 2.2241 -0.0717
% 1744640683.804019 robobot/cmd/ti/rc 0.090 0.064 1744640683.803812
1744640683.804042 120 2.730 0.224 -0.087 6 -0.11 2.815 -0.087 2.2255 -0.0728
1744640683.81624 120 2.731 0.224 -0.087 6 -0.11 2.815 -0.087 2.2255 -0.0728
% 1744640683.816604 robobot/cmd/ti/rc 0.090 0.070 1744640683.816376
1744640683.8166258 120 2.731 0.224 -0.087 6 -0.12 2.815 -0.087 2.2255 -0.0728
% 1744640683.824775 robobot/cmd/ti/rc 0.090 0.141 1744640683.8246138
1744640683.8247948 120 2.731 0.224 -0.087 6 -0.12 2.816 -0.087 2.2269 -0.0728
1744640683.831428 120 2.732 0.224 -0.088 6 -0.12 2.816 -0.088 2.2269 -0.0740
% 1744640683.8358889 robobot/cmd/ti/rc 0.090 0.122 1744640683.835666
1744640683.8359098 120 2.732 0.224 -0.088 6 -0.12 2.817 -0.088 2.2283 -0.0740
% 1744640683.8467379 robobot/cmd/ti/rc 0.090 0.095 1744640683.846596
1744640683.8467588 120 2.733 0.224 -0.086 6 -0.12 2.817 -0.086 2.2283 -0.0717
1744640683.8470669 120 2.733 0.224 -0.087 6 -0.12 2.817 -0.087 2.2283 -0.0728
% 1744640683.853024 robobot/cmd/ti/rc 0.090 0.108 1744640683.852848
1744640683.853046 120 2.734 0.224 -0.086 6 -0.12 2.819 -0.086 2.2295 -0.0717
1744640683.862724 120 2.734 0.224 -0.084 6 -0.12 2.819 -0.084 2.2295 -0.0705
% 1744640683.868607 robobot/cmd/ti/rc 0.090 0.120 1744640683.868487
1744640683.86862 120 2.734 0.224 -0.084 6 -0.13 2.820 -0.084 2.2308 -0.0705
% 1744640683.872996 robobot/cmd/ti/rc 0.090 0.139 1744640683.872843
1744640683.873018 120 2.735 0.224 -0.084 6 -0.13 2.820 -0.084 2.2308 -0.0705
1744640683.88015 120 2.736 0.224 -0.086 6 -0.13 2.820 -0.086 2.2308 -0.0717
% 1744640683.884546 robobot/cmd/ti/rc 0.090 0.118 1744640683.884429
1744640683.884566 120 2.736 0.224 -0.084 6 -0.13 2.821 -0.084 2.2321 -0.0705
1744640683.890194 120 2.737 0.223 -0.084 6 -0.13 2.821 -0.084 2.2321 -0.0705
% 1744640683.8948128 robobot/cmd/ti/rc 0.090 0.099 1744640683.894696
1744640683.8948338 120 2.737 0.223 -0.084 6 -0.13 2.822 -0.084 2.2334 -0.0705
% 1744640683.906129 robobot/cmd/ti/rc 0.090 0.132 1744640683.905984
1744640683.9061499 120 2.738 0.223 -0.084 6 -0.13 2.822 -0.084 2.2334 -0.0705
1744640683.9064572 120 2.738 0.223 -0.084 6 -0.13 2.822 -0.084 2.2334 -0.0705
% 1744640683.91748 robobot/cmd/ti/rc 0.090 0.104 1744640683.917311
1744640683.9175 120 2.739 0.223 -0.086 6 -0.13 2.824 -0.086 2.2348 -0.0717
1744640683.922536 120 2.740 0.223 -0.084 6 -0.13 2.824 -0.084 2.2348 -0.0705
% 1744640683.923004 robobot/cmd/ti/rc 0.090 0.081 1744640683.922773
1744640683.923027 120 2.740 0.223 -0.084 6 -0.13 2.825 -0.084 2.2361 -0.0705
% 1744640683.93457 robobot/cmd/ti/rc 0.090 0.086 1744640683.934355
1744640683.934593 120 2.741 0.223 -0.084 6 -0.14 2.825 -0.084 2.2361 -0.0705
1744640683.934863 120 2.741 0.223 -0.086 6 -0.14 2.825 -0.086 2.2361 -0.0717
% 1744640683.960732 robobot/cmd/ti/rc 0.090 0.146 1744640683.9605591
1744640683.960753 120 2.742 0.223 -0.084 6 -0.14 2.826 -0.084 2.2375 -0.0705
1744640683.961121 120 2.742 0.223 -0.083 6 -0.14 2.826 -0.083 2.2375 -0.0694
% 1744640683.9614358 robobot/cmd/ti/rc 0.090 0.107 1744640683.96135
1744640683.961456 120 2.742 0.223 -0.083 6 -0.14 2.828 -0.083 2.2387 -0.0694
% 1744640683.967959 robobot/cmd/ti/rc 0.090 0.087 1744640683.967875
1744640683.9679801 120 2.743 0.223 -0.083 6 -0.14 2.828 -0.083 2.2387 -0.0694
1744640683.968317 120 2.744 0.223 -0.083 6 -0.14 2.828 -0.083 2.2387 -0.0694
% 1744640683.977509 robobot/cmd/ti/rc 0.090 0.150 1744640683.9774258
1744640683.97753 120 2.744 0.223 -0.083 6 -0.14 2.829 -0.083 2.2401 -0.0694
1744640683.98457 120 2.745 0.223 -0.082 6 -0.14 2.829 -0.082 2.2401 -0.0682
% 1744640683.984875 robobot/cmd/ti/rc 0.090 0.128 1744640683.984799
1744640683.984895 120 2.745 0.223 -0.082 6 -0.14 2.830 -0.082 2.2414 -0.0682
% 1744640683.9946911 robobot/cmd/ti/rc 0.090 0.093 1744640683.9945269
1744640683.994711 120 2.746 0.223 -0.083 6 -0.15 2.830 -0.083 2.2414 -0.0694
1744640683.9949608 120 2.746 0.223 -0.082 6 -0.15 2.830 -0.082 2.2414 -0.0682
% 1744640684.00507 robobot/cmd/ti/rc 0.090 0.125 1744640684.004884
1744640684.005246 120 2.747 0.223 -0.082 6 -0.15 2.832 -0.082 2.2427 -0.0682
1744640684.011456 120 2.748 0.223 -0.082 6 -0.15 2.832 -0.082 2.2427 -0.0682
% 1744640684.020034 robobot/cmd/ti/rc 0.090 0.127 1744640684.019897
1744640684.020055 120 2.748 0.223 -0.082 6 -0.15 2.833 -0.082 2.2441 -0.0682
% 1744640684.026709 robobot/cmd/ti/rc 0.090 0.117 1744640684.026583
1744640684.0267289 120 2.749 0.222 -0.081 6 -0.15 2.833 -0.081 2.2441 -0.0670
1744640684.027138 120 2.749 0.222 -0.081 6 -0.15 2.833 -0.081 2.2441 -0.0670
% 1744640684.0394938 robobot/cmd/ti/rc 0.090 0.123 1744640684.03935
1744640684.0395148 120 2.749 0.222 -0.081 6 -0.15 2.835 -0.081 2.2455 -0.0670
1744640684.047455 120 2.750 0.222 -0.080 6 -0.15 2.835 -0.080 2.2455 -0.0659
% 1744640684.048129 robobot/cmd/ti/rc 0.090 0.124 1744640684.047675
1744640684.04815 120 2.750 0.222 -0.080 6 -0.15 2.836 -0.080 2.2468 -0.0659
% 1744640684.0576 robobot/cmd/ti/rc 0.090 0.127 1744640684.057419
1744640684.057622 120 2.751 0.222 -0.080 6 -0.15 2.836 -0.080 2.2468 -0.0659
1744640684.057875 120 2.752 0.222 -0.079 6 -0.15 2.836 -0.079 2.2468 -0.0647
% 1744640684.0852532 robobot/cmd/ti/rc 0.090 0.097 1744640684.085075
1744640684.0852742 120 2.752 0.222 -0.079 6 -0.16 2.837 -0.079 2.2481 -0.0647
1744640684.097412 120 2.753 0.222 -0.077 6 -0.16 2.837 -0.077 2.2481 -0.0636
% 1744640684.097625 robobot/cmd/ti/rc 0.090 0.096 1744640684.097559
1744640684.0976331 120 2.753 0.222 -0.077 6 -0.16 2.839 -0.077 2.2496 -0.0636
% 1744640684.097955 robobot/cmd/ti/rc 0.090 0.098 1744640684.09791
1744640684.097963 120 2.754 0.222 -0.076 6 -0.16 2.839 -0.076 2.2496 -0.0624
1744640684.0981061 120 2.754 0.222 -0.077 6 -0.16 2.839 -0.077 2.2496 -0.0636
% 1744640684.120049 robobot/cmd/ti/rc 0.090 0.102 1744640684.119971
1744640684.12006 120 2.755 0.222 -0.075 6 -0.16 2.840 -0.075 2.2509 -0.0613
1744640684.120288 120 2.756 0.222 -0.075 6 -0.16 2.840 -0.075 2.2509 -0.0613
% 1744640684.1376529 robobot/cmd/ti/rc 0.090 0.087 1744640684.1375208
1744640684.137679 120 2.756 0.222 -0.075 6 -0.16 2.841 -0.075 2.2523 -0.0613
% 1744640684.138361 robobot/cmd/ti/rc 0.090 0.086 1744640684.138251
1744640684.1383832 120 2.757 0.222 -0.073 6 -0.16 2.841 -0.073 2.2523 -0.0590
1744640684.138762 120 2.757 0.222 -0.073 6 -0.16 2.841 -0.073 2.2523 -0.0590
% 1744640684.139263 robobot/cmd/ti/rc 0.090 0.097 1744640684.139161
1744640684.139283 120 2.758 0.222 -0.073 6 -0.16 2.843 -0.073 2.2537 -0.0590
1744640684.13978 120 2.758 0.222 -0.072 6 -0.16 2.843 -0.072 2.2537 -0.0578
% 1744640684.1458418 robobot/cmd/ti/rc 0.090 0.092 1744640684.145758
1744640684.1458628 120 2.758 0.222 -0.072 6 -0.16 2.844 -0.072 2.2550 -0.0578
% 1744640684.1512 robobot/cmd/ti/rc 0.090 0.078 1744640684.15111
1744640684.151221 120 2.759 0.222 -0.070 6 -0.16 2.844 -0.070 2.2550 -0.0566
1744640684.151592 120 2.760 0.222 -0.069 6 -0.16 2.844 -0.069 2.2550 -0.0555
% 1744640684.164405 robobot/cmd/ti/rc 0.090 0.060 1744640684.1642299
1744640684.164426 120 2.760 0.222 -0.069 6 -0.16 2.845 -0.069 2.2564 -0.0555
1744640684.175176 120 2.761 0.222 -0.067 6 -0.16 2.845 -0.067 2.2564 -0.0532
% 1744640684.175634 robobot/cmd/ti/rc 0.090 0.059 1744640684.175476
1744640684.175655 120 2.761 0.222 -0.067 6 -0.16 2.847 -0.067 2.2578 -0.0532
% 1744640684.1817658 robobot/cmd/ti/rc 0.090 0.079 1744640684.181609
1744640684.1817868 120 2.762 0.221 -0.066 6 -0.16 2.847 -0.066 2.2578 -0.0520
1744640684.18206 120 2.762 0.221 -0.065 6 -0.16 2.847 -0.065 2.2578 -0.0509
% 1744640684.207503 robobot/cmd/ti/rc 0.090 0.080 1744640684.2073338
1744640684.207525 120 2.763 0.221 -0.065 6 -0.16 2.848 -0.065 2.2590 -0.0509
1744640684.207904 120 2.764 0.221 -0.064 6 -0.16 2.848 -0.064 2.2590 -0.0497
% 1744640684.214287 robobot/cmd/ti/rc 0.090 0.059 1744640684.214116
1744640684.2143092 120 2.764 0.221 -0.064 6 -0.16 2.849 -0.064 2.2605 -0.0497
% 1744640684.214806 robobot/cmd/ti/rc 0.090 0.056 1744640684.214726
1744640684.2148259 120 2.765 0.221 -0.062 6 -0.16 2.849 -0.062 2.2605 -0.0485
1744640684.2151859 120 2.765 0.221 -0.062 6 -0.16 2.849 -0.062 2.2605 -0.0485
% 1744640684.2156758 robobot/cmd/ti/rc 0.090 0.102 1744640684.215592
1744640684.2156959 120 2.766 0.221 -0.060 6 -0.16 2.851 -0.060 2.2619 -0.0462
1744640684.227975 120 2.766 0.221 -0.059 6 -0.16 2.851 -0.059 2.2619 -0.0451
% 1744640684.228301 robobot/cmd/ti/rc 0.090 -0.483 1744640684.228213
1744640684.228321 120 2.766 0.221 -0.059 6 -0.13 2.852 -0.059 2.2632 -0.0451
% 1744640684.239069 robobot/cmd/ti/rc 0.090 -0.353 1744640684.238975
1744640684.2390919 120 2.767 0.221 -0.058 6 -0.14 2.852 -0.058 2.2632 -0.0439
1744640684.239403 120 2.768 0.221 -0.057 6 -0.14 2.852 -0.057 2.2632 -0.0428
% 1744640684.253997 robobot/cmd/ti/rc 0.090 0.488 1744640684.2539158
1744640684.254017 120 2.768 0.221 -0.057 6 -0.15 2.853 -0.057 2.2644 -0.0428
1744640684.254411 120 2.769 0.221 -0.056 6 -0.15 2.853 -0.056 2.2644 -0.0416
% 1744640684.282966 robobot/cmd/ti/rc 0.090 0.333 1744640684.282878
1744640684.282987 120 2.769 0.221 -0.056 6 -0.15 2.855 -0.056 2.2659 -0.0416
% 1744640684.283673 robobot/cmd/ti/rc 0.090 0.127 1744640684.2835898
1744640684.283693 120 2.770 0.221 -0.057 6 -0.15 2.855 -0.057 2.2659 -0.0428
1744640684.2839968 120 2.770 0.221 -0.057 6 -0.15 2.855 -0.057 2.2659 -0.0428
% 1744640684.284411 robobot/cmd/ti/rc 0.090 -0.073 1744640684.2843351
1744640684.2844312 120 2.771 0.221 -0.058 6 -0.15 2.856 -0.058 2.2673 -0.0439
1744640684.2936141 120 2.772 0.221 -0.061 6 -0.15 2.856 -0.061 2.2673 -0.0474
% 1744640684.293849 robobot/cmd/ti/rc 0.090 0.134 1744640684.2937841
1744640684.2938628 120 2.772 0.221 -0.061 6 -0.15 2.858 -0.061 2.2687 -0.0474
% 1744640684.301789 robobot/cmd/ti/rc 0.090 0.191 1744640684.301715
1744640684.3018088 120 2.773 0.221 -0.064 6 -0.15 2.858 -0.064 2.2687 -0.0497
1744640684.302132 120 2.773 0.221 -0.064 6 -0.15 2.858 -0.064 2.2687 -0.0497
% 1744640684.3137321 robobot/cmd/ti/rc 0.090 0.123 1744640684.313579
1744640684.3137531 120 2.773 0.221 -0.064 6 -0.16 2.859 -0.064 2.2701 -0.0497
1744640684.31406 120 2.774 0.221 -0.062 6 -0.16 2.859 -0.062 2.2701 -0.0485
% 1744640684.3190799 robobot/cmd/ti/rc 0.090 0.056 1744640684.318965
1744640684.3191 120 2.774 0.221 -0.062 6 -0.15 2.860 -0.062 2.2714 -0.0485
% 1744640684.3264709 robobot/cmd/ti/rc 0.090 -0.025 1744640684.326325
1744640684.326493 120 2.775 0.221 -0.057 6 -0.15 2.860 -0.057 2.2714 -0.0428
1744640684.326754 120 2.776 0.221 -0.056 6 -0.15 2.860 -0.056 2.2714 -0.0416
% 1744640684.3434088 robobot/cmd/ti/rc 0.090 0.033 1744640684.3431869
1744640684.343434 120 2.776 0.221 -0.053 6 -0.15 2.862 -0.053 2.2729 -0.0393
1744640684.353996 120 2.777 0.221 -0.052 6 -0.15 2.862 -0.052 2.2729 -0.0381
% 1744640684.354363 robobot/cmd/ti/rc 0.090 -0.035 1744640684.354231
1744640684.354383 120 2.777 0.221 -0.052 6 -0.14 2.863 -0.052 2.2742 -0.0381
% 1744640684.363285 robobot/cmd/ti/rc 0.090 -0.093 1744640684.363113
1744640684.363307 120 2.778 0.221 -0.051 6 -0.14 2.863 -0.051 2.2742 -0.0370
1744640684.3637278 120 2.778 0.221 -0.053 6 -0.14 2.863 -0.053 2.2742 -0.0393
% 1744640684.376788 robobot/cmd/ti/rc 0.090 -0.116 1744640684.376624
1744640684.376808 120 2.779 0.220 -0.054 6 -0.13 2.864 -0.054 2.2754 -0.0404
1744640684.3771222 120 2.780 0.220 -0.056 6 -0.13 2.864 -0.056 2.2754 -0.0416
% 1744640684.377419 robobot/cmd/ti/rc 0.090 -0.049 1744640684.377342
1744640684.377438 120 2.780 0.220 -0.056 6 -0.13 2.866 -0.056 2.2768 -0.0416
% 1744640684.382553 robobot/cmd/ti/rc 0.090 -0.043 1744640684.3824692
1744640684.382574 120 2.781 0.220 -0.057 6 -0.13 2.866 -0.057 2.2768 -0.0428
1744640684.3978271 120 2.781 0.220 -0.056 6 -0.13 2.866 -0.056 2.2768 -0.0416
% 1744640684.411883 robobot/cmd/ti/rc 0.090 -0.033 1744640684.4116411
1744640684.4118998 120 2.782 0.220 -0.053 6 -0.13 2.867 -0.053 2.2783 -0.0393
1744640684.412184 120 2.782 0.220 -0.053 6 -0.13 2.867 -0.053 2.2783 -0.0393
% 1744640684.4124632 robobot/cmd/ti/rc 0.090 -0.022 1744640684.412367
1744640684.412477 120 2.782 0.220 -0.053 6 -0.12 2.869 -0.053 2.2796 -0.0393
% 1744640684.4253619 robobot/cmd/ti/rc 0.090 0.002 1744640684.42521
1744640684.425386 120 2.783 0.220 -0.052 6 -0.12 2.869 -0.052 2.2796 -0.0381
1744640684.4256608 120 2.784 0.220 -0.052 6 -0.12 2.869 -0.052 2.2796 -0.0381
% 1744640684.437245 robobot/cmd/ti/rc 0.090 0.025 1744640684.437073
1744640684.437276 120 2.784 0.220 -0.054 6 -0.12 2.870 -0.054 2.2810 -0.0404
1744640684.437796 120 2.785 0.220 -0.054 6 -0.12 2.870 -0.054 2.2810 -0.0404
% 1744640684.4381921 robobot/cmd/ti/rc 0.090 0.054 1744640684.438058
1744640684.4382138 120 2.785 0.220 -0.054 6 -0.12 2.871 -0.054 2.2824 -0.0404
% 1744640684.4491289 robobot/cmd/ti/rc 0.090 0.033 1744640684.449002
1744640684.449151 120 2.786 0.220 -0.054 6 -0.12 2.871 -0.054 2.2824 -0.0404
1744640684.449501 120 2.786 0.220 -0.054 6 -0.12 2.871 -0.054 2.2824 -0.0404
% 1744640684.479709 robobot/cmd/ti/rc 0.090 -0.029 1744640684.479579
1744640684.479734 120 2.786 0.220 -0.052 6 -0.12 2.872 -0.052 2.2835 -0.0381
1744640684.4802802 120 2.787 0.220 -0.052 6 -0.12 2.872 -0.052 2.2835 -0.0381
% 1744640684.48068 robobot/cmd/ti/rc 0.090 -0.017 1744640684.480582
1744640684.4807 120 2.787 0.220 -0.052 6 -0.11 2.874 -0.052 2.2848 -0.0381
% 1744640684.481279 robobot/cmd/ti/rc 0.090 0.001 1744640684.481179
1744640684.4812999 120 2.788 0.220 -0.052 6 -0.11 2.874 -0.052 2.2848 -0.0381
1744640684.487811 120 2.789 0.220 -0.051 6 -0.11 2.874 -0.051 2.2848 -0.0370
% 1744640684.4882681 robobot/cmd/ti/rc 0.090 0.022 1744640684.4881659
1744640684.488288 120 2.789 0.220 -0.050 6 -0.11 2.875 -0.050 2.2861 -0.0358
1744640684.5002549 120 2.790 0.220 -0.050 6 -0.11 2.875 -0.050 2.2861 -0.0358
% 1744640684.500585 robobot/cmd/ti/rc 0.090 -0.003 1744640684.500488
1744640684.500606 120 2.790 0.220 -0.050 6 -0.11 2.876 -0.050 2.2874 -0.0358
% 1744640684.50998 robobot/cmd/ti/rc 0.090 -0.012 1744640684.509899
1744640684.510001 120 2.791 0.220 -0.050 6 -0.11 2.876 -0.050 2.2874 -0.0358
1744640684.510421 120 2.791 0.220 -0.049 6 -0.11 2.878 -0.049 2.2887 -0.0347
% 1744640684.51907 robobot/cmd/ti/rc 0.090 -0.013 1744640684.518995
1744640684.51909 120 2.792 0.220 -0.050 6 -0.10 2.878 -0.050 2.2887 -0.0358
1744640684.530988 120 2.793 0.220 -0.050 6 -0.10 2.879 -0.050 2.2900 -0.0358
% 1744640684.5311968 robobot/cmd/ti/rc 0.090 -0.005 1744640684.531109
1744640684.5312169 120 2.793 0.220 -0.050 6 -0.10 2.879 -0.050 2.2900 -0.0358
% 1744640684.5462499 robobot/cmd/ti/rc 0.090 -0.013 1744640684.5461519
1744640684.546273 120 2.793 0.220 -0.050 6 -0.10 2.879 -0.050 2.2900 -0.0358
1744640684.5468328 120 2.794 0.220 -0.050 6 -0.10 2.880 -0.050 2.2913 -0.0358
% 1744640684.5516958 robobot/cmd/ti/rc 0.090 -0.034 1744640684.551619
1744640684.551718 120 2.794 0.220 -0.050 6 -0.10 2.880 -0.050 2.2913 -0.0358
1744640684.552288 120 2.795 0.220 -0.049 6 -0.10 2.881 -0.049 2.2925 -0.0347
% 1744640684.582977 robobot/cmd/ti/rc 0.090 -0.029 1744640684.582895
1744640684.582998 120 2.795 0.220 -0.049 6 -0.09 2.881 -0.049 2.2925 -0.0347
% 1744640684.583637 robobot/cmd/ti/rc 0.090 -0.007 1744640684.583561
1744640684.583658 120 2.796 0.220 -0.050 6 -0.09 2.881 -0.050 2.2925 -0.0358
1744640684.597461 120 2.796 0.220 -0.049 6 -0.09 2.883 -0.049 2.2939 -0.0347
% 1744640684.597779 robobot/cmd/ti/rc 0.090 0.012 1744640684.5976992
1744640684.5978 120 2.797 0.220 -0.049 6 -0.09 2.883 -0.049 2.2939 -0.0347
1744640684.598309 120 2.798 0.220 -0.049 6 -0.09 2.884 -0.049 2.2953 -0.0347
% 1744640684.598491 robobot/cmd/ti/rc 0.090 0.002 1744640684.598419
1744640684.5985112 120 2.798 0.220 -0.049 6 -0.09 2.884 -0.049 2.2953 -0.0347
% 1744640684.600019 robobot/cmd/ti/rc 0.090 -0.036 1744640684.5999491
1744640684.600039 120 2.799 0.219 -0.049 6 -0.09 2.884 -0.049 2.2953 -0.0347
1744640684.600501 120 2.799 0.219 -0.049 6 -0.09 2.886 -0.049 2.2967 -0.0347
% 1744640684.6065128 robobot/cmd/ti/rc 0.090 -0.039 1744640684.606441
1744640684.606535 120 2.800 0.219 -0.049 6 -0.08 2.886 -0.049 2.2967 -0.0347
1744640684.654403 120 2.800 0.219 -0.049 6 -0.08 2.887 -0.049 2.2980 -0.0347
% 1744640684.6546109 robobot/cmd/ti/rc 0.090 -0.008 1744640684.654519
1744640684.654631 120 2.800 0.219 -0.049 6 -0.08 2.887 -0.049 2.2980 -0.0347
% 1744640684.65518 robobot/cmd/ti/rc 0.090 -0.045 1744640684.655103
1744640684.6552 120 2.801 0.219 -0.050 6 -0.08 2.887 -0.050 2.2980 -0.0358
1744640684.655693 120 2.802 0.219 -0.050 6 -0.08 2.888 -0.050 2.2994 -0.0358
% 1744640684.655933 robobot/cmd/ti/rc 0.090 -0.063 1744640684.65586
1744640684.655953 120 2.802 0.219 -0.049 6 -0.07 2.888 -0.049 2.2994 -0.0347
1744640684.6564858 120 2.803 0.219 -0.049 6 -0.07 2.890 -0.049 2.3006 -0.0347
% 1744640684.65666 robobot/cmd/ti/rc 0.090 -0.054 1744640684.6565912
1744640684.656679 120 2.803 0.219 -0.049 6 -0.07 2.890 -0.049 2.3006 -0.0347
% 1744640684.686404 robobot/cmd/ti/rc 0.090 -0.075 1744640684.686301
1744640684.6864269 120 2.804 0.219 -0.047 6 -0.07 2.890 -0.047 2.3006 -0.0335
1744640684.6868742 120 2.805 0.219 -0.047 6 -0.07 2.891 -0.047 2.3021 -0.0335
% 1744640684.6881092 robobot/cmd/ti/rc 0.090 -0.095 1744640684.688016
1744640684.688133 120 2.805 0.219 -0.047 6 -0.06 2.891 -0.047 2.3021 -0.0335
1744640684.6888058 120 2.806 0.219 -0.047 6 -0.06 2.892 -0.047 2.3035 -0.0335
% 1744640684.689006 robobot/cmd/ti/rc 0.090 -0.050 1744640684.688916
1744640684.689025 120 2.806 0.219 -0.047 6 -0.06 2.892 -0.047 2.3035 -0.0335
% 1744640684.6895602 robobot/cmd/ti/rc 0.090 -0.050 1744640684.689486
1744640684.68958 120 2.807 0.219 -0.047 6 -0.05 2.892 -0.047 2.3035 -0.0335
1744640684.70945 120 2.807 0.219 -0.046 6 -0.05 2.894 -0.046 2.3049 -0.0324
% 1744640684.72096 robobot/cmd/ti/rc 0.090 -0.050 1744640684.7208588
1744640684.720982 120 2.808 0.219 -0.045 6 -0.05 2.894 -0.045 2.3049 -0.0312
1744640684.721477 120 2.809 0.219 -0.046 6 -0.05 2.895 -0.046 2.3062 -0.0324
% 1744640684.721668 robobot/cmd/ti/rc 0.090 -0.050 1744640684.721588
1744640684.721688 120 2.809 0.219 -0.046 6 -0.05 2.895 -0.046 2.3062 -0.0324
% 1744640684.7222662 robobot/cmd/ti/rc 0.090 -0.050 1744640684.7221959
1744640684.722286 120 2.809 0.219 -0.046 6 -0.04 2.895 -0.046 2.3062 -0.0324
1744640684.7351942 120 2.810 0.219 -0.046 6 -0.04 2.897 -0.046 2.3076 -0.0324
% 1744640684.735522 robobot/cmd/ti/rc 0.090 -0.050 1744640684.735431
1744640684.735542 120 2.810 0.219 -0.046 6 -0.04 2.897 -0.046 2.3076 -0.0324
1744640684.736118 120 2.811 0.219 -0.046 6 -0.04 2.898 -0.046 2.3089 -0.0324
% 1744640684.736301 robobot/cmd/ti/rc 0.090 -0.051 1744640684.736226
1744640684.736321 120 2.811 0.219 -0.046 6 -0.03 2.898 -0.046 2.3089 -0.0324
% 1744640684.774229 robobot/cmd/ti/rc 0.090 -0.050 1744640684.774092
1744640684.7742531 120 2.812 0.219 -0.046 6 -0.03 2.898 -0.046 2.3089 -0.0324
1744640684.7747421 120 2.813 0.219 -0.046 6 -0.03 2.899 -0.046 2.3103 -0.0324
% 1744640684.775035 robobot/cmd/ti/rc 0.090 -0.064 1744640684.774962
1744640684.7750552 120 2.813 0.219 -0.045 6 -0.02 2.899 -0.045 2.3103 -0.0312
1744640684.7756119 120 2.814 0.219 -0.046 6 -0.02 2.901 -0.046 2.3115 -0.0324
% 1744640684.775785 robobot/cmd/ti/rc 0.090 -0.050 1744640684.775715
1744640684.7758038 120 2.814 0.219 -0.046 6 -0.02 2.901 -0.046 2.3115 -0.0324
% 1744640684.776324 robobot/cmd/ti/rc 0.090 -0.068 1744640684.776254
1744640684.776343 120 2.815 0.219 -0.046 6 -0.01 2.901 -0.046 2.3115 -0.0324
1744640684.801291 120 2.815 0.219 -0.046 6 -0.01 2.902 -0.046 2.3129 -0.0324
% 1744640684.801651 robobot/cmd/ti/rc 0.090 -0.050 1744640684.8015308
1744640684.801672 120 2.816 0.219 -0.047 6 -0.01 2.902 -0.047 2.3129 -0.0335
1744640684.802262 120 2.817 0.219 -0.046 6 -0.01 2.903 -0.046 2.3143 -0.0324
% 1744640684.804395 robobot/cmd/ti/rc 0.090 -0.069 1744640684.804297
1744640684.804416 120 2.817 0.219 -0.046 6 0.00 2.903 -0.046 2.3143 -0.0324
% 1744640684.8346272 robobot/cmd/ti/rc 0.090 0.050 1744640684.834529
1744640684.8346481 120 2.818 0.219 -0.047 6 0.00 2.903 -0.047 2.3143 -0.0335
1744640684.835087 120 2.818 0.219 -0.047 6 0.00 2.905 -0.047 2.3157 -0.0335
% 1744640684.8354838 robobot/cmd/ti/rc 0.090 0.050 1744640684.8353941
1744640684.835505 120 2.818 0.219 -0.047 6 0.01 2.905 -0.047 2.3157 -0.0335
1744640684.836009 120 2.819 0.218 -0.049 6 0.01 2.906 -0.049 2.3169 -0.0347
% 1744640684.8361962 robobot/cmd/ti/rc 0.090 -2.125 1744640684.836119
1744640684.836216 120 2.819 0.218 -0.049 6 0.32 2.906 -0.049 2.3169 -0.0347
% 1744640684.836749 robobot/cmd/ti/rc 0.090 -2.550 1744640684.8366752
1744640684.836769 120 2.820 0.218 -0.049 6 0.32 2.906 -0.049 2.3169 -0.0347
1744640684.844322 120 2.821 0.218 -0.049 6 0.32 2.907 -0.049 2.3182 -0.0347
% 1744640684.874631 robobot/cmd/ti/rc 0.090 -0.371 1744640684.874443
1744640684.8746529 120 2.821 0.218 -0.050 6 0.33 2.907 -0.050 2.3182 -0.0358
1744640684.875034 120 2.822 0.218 -0.050 6 0.33 2.909 -0.050 2.3196 -0.0358
% 1744640684.9067461 robobot/cmd/ti/rc 0.090 -0.614 1744640684.9066439
1744640684.90677 120 2.822 0.218 -0.050 6 0.34 2.909 -0.050 2.3196 -0.0358
% 1744640684.9074318 robobot/cmd/ti/rc 0.090 -0.527 1744640684.907352
1744640684.9074528 120 2.823 0.218 -0.050 6 0.35 2.909 -0.050 2.3196 -0.0358
1744640684.907902 120 2.823 0.218 -0.051 6 0.35 2.910 -0.051 2.3210 -0.0370
% 1744640684.908213 robobot/cmd/ti/rc 0.090 -0.459 1744640684.908132
1744640684.908233 120 2.824 0.218 -0.052 6 0.36 2.910 -0.052 2.3210 -0.0381
1744640684.913248 120 2.825 0.218 -0.061 6 0.36 2.912 -0.061 2.3225 -0.0474
% 1744640684.9134452 robobot/cmd/ti/rc 0.090 -0.647 1744640684.9133608
1744640684.913465 120 2.825 0.218 -0.061 6 0.38 2.912 -0.061 2.3225 -0.0474
% 1744640684.9164941 robobot/cmd/ti/rc 0.090 -0.492 1744640684.916438
1744640684.916506 120 2.826 0.218 -0.072 6 0.38 2.912 -0.072 2.3225 -0.0578
1744640684.9167411 120 2.827 0.218 -0.080 6 0.38 2.913 -0.080 2.3244 -0.0659
% 1744640684.916935 robobot/cmd/ti/rc 0.090 -0.314 1744640684.916866
1744640684.916947 120 2.827 0.218 -0.083 6 0.38 2.913 -0.083 2.3244 -0.0694
1744640684.919211 120 2.828 0.218 -0.089 6 0.38 2.915 -0.089 2.3260 -0.0751
% 1744640684.919372 robobot/cmd/ti/rc 0.090 -0.159 1744640684.919313
1744640684.919382 120 2.828 0.218 -0.089 6 0.38 2.915 -0.089 2.3260 -0.0751
% 1744640684.927891 robobot/cmd/ti/rc 0.090 -0.110 1744640684.9278011
1744640684.927907 120 2.829 0.218 -0.095 6 0.38 2.915 -0.095 2.3260 -0.0809
1744640684.928255 120 2.829 0.218 -0.100 6 0.38 2.916 -0.100 2.3272 -0.0856
% 1744640684.946003 robobot/cmd/ti/rc 0.090 -0.154 1744640684.9458072
1744640684.946026 120 2.829 0.218 -0.102 6 0.38 2.916 -0.102 2.3272 -0.0879
1744640684.94652 120 2.830 0.218 -0.111 6 0.38 2.918 -0.111 2.3286 -0.0971
% 1744640684.946731 robobot/cmd/ti/rc 0.090 -0.243 1744640684.946636
1744640684.946752 120 2.830 0.218 -0.111 6 0.39 2.918 -0.111 2.3286 -0.0971
% 1744640684.9603121 robobot/cmd/ti/rc 0.090 -0.211 1744640684.960174
1744640684.960333 120 2.831 0.218 -0.119 6 0.39 2.918 -0.119 2.3286 -0.1052
1744640684.960744 120 2.832 0.218 -0.123 6 0.39 2.919 -0.123 2.3301 -0.1087
% 1744640684.966045 robobot/cmd/ti/rc 0.090 -0.121 1744640684.9659111
1744640684.966066 120 2.832 0.218 -0.124 6 0.39 2.919 -0.124 2.3301 -0.1098
1744640684.973773 120 2.833 0.217 -0.130 6 0.39 2.920 -0.130 2.3312 -0.1156
% 1744640684.974049 robobot/cmd/ti/rc 0.090 -0.159 1744640684.9738922
1744640684.9740689 120 2.833 0.217 -0.130 6 0.39 2.920 -0.130 2.3312 -0.1156
% 1744640684.9856908 robobot/cmd/ti/rc 0.090 -0.189 1744640684.98547
1744640684.985713 120 2.834 0.217 -0.135 6 0.39 2.920 -0.135 2.3312 -0.1214
1744640684.9910789 120 2.834 0.217 -0.139 6 0.39 2.921 -0.139 2.3324 -0.1249
% 1744640684.998147 robobot/cmd/ti/rc 0.090 -0.146 1744640684.997738
1744640684.998212 120 2.835 0.217 -0.141 6 0.39 2.921 -0.141 2.3324 -0.1272
1744640685.005366 120 2.835 0.217 -0.148 6 0.39 2.923 -0.148 2.3337 -0.1341
% 1744640685.005623 robobot/cmd/ti/rc 0.090 -0.182 1744640685.005435
1744640685.005634 120 2.835 0.217 -0.148 6 0.39 2.923 -0.148 2.3337 -0.1341
% 1744640685.021364 robobot/cmd/ti/rc 0.090 -0.154 1744640685.021122
1744640685.021389 120 2.836 0.217 -0.155 6 0.39 2.923 -0.155 2.3337 -0.1411
1744640685.0217988 120 2.837 0.217 -0.158 6 0.39 2.924 -0.158 2.3350 -0.1445
% 1744640685.0271811 robobot/cmd/ti/rc 0.090 -0.175 1744640685.026946
1744640685.0272052 120 2.837 0.217 -0.161 6 0.39 2.924 -0.161 2.3350 -0.1468
1744640685.035989 120 2.838 0.217 -0.164 6 0.39 2.925 -0.164 2.3360 -0.1503
% 1744640685.036375 robobot/cmd/ti/rc 0.090 -0.192 1744640685.0361679
1744640685.036396 120 2.838 0.217 -0.164 6 0.39 2.925 -0.164 2.3360 -0.1503
% 1744640685.0474958 robobot/cmd/ti/rc 0.090 -0.187 1744640685.047287
1744640685.0475168 120 2.838 0.217 -0.170 6 0.39 2.925 -0.170 2.3360 -0.1561
1744640685.052371 120 2.839 0.216 -0.171 6 0.39 2.926 -0.171 2.3371 -0.1573
% 1744640685.071136 robobot/cmd/ti/rc 0.090 -0.153 1744640685.070972
1744640685.071157 120 2.839 0.216 -0.172 6 0.39 2.926 -0.172 2.3371 -0.1584
1744640685.0718458 120 2.841 0.216 -0.173 6 0.39 2.928 -0.173 2.3386 -0.1596
% 1744640685.072067 robobot/cmd/ti/rc 0.090 -0.133 1744640685.071959
1744640685.0720892 120 2.841 0.216 -0.173 6 0.39 2.928 -0.173 2.3386 -0.1596
% 1744640685.078516 robobot/cmd/ti/rc 0.090 -0.110 1744640685.078448
1744640685.078528 120 2.842 0.216 -0.173 6 0.39 2.928 -0.173 2.3386 -0.1596
1744640685.0787652 120 2.842 0.216 -0.176 6 0.39 2.929 -0.176 2.3404 -0.1619
% 1744640685.086574 robobot/cmd/ti/rc 0.090 -0.205 1744640685.0864918
1744640685.086594 120 2.842 0.216 -0.178 6 0.39 2.929 -0.178 2.3404 -0.1642
1744640685.0917141 120 2.843 0.216 -0.183 6 0.39 2.931 -0.183 2.3417 -0.1688
% 1744640685.0964859 robobot/cmd/ti/rc 0.090 -0.232 1744640685.096318
1744640685.0965078 120 2.843 0.216 -0.183 6 0.39 2.931 -0.183 2.3417 -0.1688
% 1744640685.107477 robobot/cmd/ti/rc 0.090 -0.158 1744640685.107302
1744640685.1074991 120 2.844 0.216 -0.187 6 0.39 2.931 -0.187 2.3417 -0.1734
1744640685.1078699 120 2.844 0.216 -0.191 6 0.39 2.932 -0.191 2.3429 -0.1769
% 1744640685.1137862 robobot/cmd/ti/rc 0.090 -0.186 1744640685.113615
1744640685.113808 120 2.844 0.216 -0.193 6 0.39 2.932 -0.193 2.3429 -0.1792
1744640685.124778 120 2.845 0.215 -0.195 6 0.39 2.933 -0.195 2.3440 -0.1815
% 1744640685.125103 robobot/cmd/ti/rc 0.090 -0.207 1744640685.124955
1744640685.125124 120 2.845 0.215 -0.195 6 0.39 2.933 -0.195 2.3440 -0.1815
% 1744640685.136001 robobot/cmd/ti/rc 0.090 -0.207 1744640685.135804
1744640685.136023 120 2.846 0.215 -0.198 6 0.39 2.933 -0.198 2.3440 -0.1839
1744640685.1365829 120 2.847 0.215 -0.198 6 0.39 2.934 -0.198 2.3451 -0.1839
% 1744640685.153224 robobot/cmd/ti/rc 0.090 -0.196 1744640685.153055
1744640685.153245 120 2.847 0.215 -0.199 6 0.39 2.934 -0.199 2.3451 -0.1850
1744640685.153625 120 2.848 0.215 -0.199 6 0.39 2.936 -0.199 2.3468 -0.1850
% 1744640685.159843 robobot/cmd/ti/rc 0.090 -0.197 1744640685.1597152
1744640685.159864 120 2.848 0.215 -0.199 6 0.40 2.936 -0.199 2.3468 -0.1850
% 1744640685.1667268 robobot/cmd/ti/rc 0.090 -0.193 1744640685.166572
1744640685.1667478 120 2.849 0.215 -0.201 6 0.40 2.936 -0.201 2.3468 -0.1873
1744640685.1672041 120 2.849 0.215 -0.203 6 0.40 2.937 -0.203 2.3482 -0.1896
% 1744640685.1865 robobot/cmd/ti/rc 0.090 -0.212 1744640685.1860359
1744640685.186522 120 2.850 0.214 -0.205 6 0.40 2.937 -0.205 2.3482 -0.1908
1744640685.1921659 120 2.850 0.214 -0.208 6 0.40 2.938 -0.208 2.3495 -0.1943
% 1744640685.192449 robobot/cmd/ti/rc 0.090 -0.226 1744640685.1922739
1744640685.192469 120 2.850 0.214 -0.208 6 0.40 2.938 -0.208 2.3495 -0.1943
% 1744640685.1974368 robobot/cmd/ti/rc 0.090 -0.201 1744640685.1973
1744640685.1974568 120 2.851 0.214 -0.209 6 0.40 2.938 -0.209 2.3495 -0.1954
1744640685.1980648 120 2.852 0.214 -0.210 6 0.40 2.940 -0.210 2.3506 -0.1966
% 1744640685.203323 robobot/cmd/ti/rc 0.090 -0.207 1744640685.203198
1744640685.2033432 120 2.852 0.214 -0.212 6 0.40 2.940 -0.212 2.3506 -0.1977
1744640685.21836 120 2.853 0.214 -0.214 6 0.40 2.941 -0.214 2.3520 -0.2000
% 1744640685.218646 robobot/cmd/ti/rc 0.090 -0.199 1744640685.218473
1744640685.218666 120 2.853 0.214 -0.214 6 0.40 2.941 -0.214 2.3520 -0.2000
% 1744640685.226221 robobot/cmd/ti/rc 0.090 -0.208 1744640685.226041
1744640685.226241 120 2.854 0.214 -0.217 6 0.40 2.941 -0.217 2.3520 -0.2035
1744640685.231791 120 2.854 0.214 -0.219 6 0.40 2.942 -0.219 2.3532 -0.2047
% 1744640685.237186 robobot/cmd/ti/rc 0.090 -0.209 1744640685.23692
1744640685.237211 120 2.854 0.213 -0.221 6 0.40 2.942 -0.221 2.3532 -0.2070
1744640685.24384 120 2.855 0.213 -0.224 6 0.40 2.944 -0.224 2.3546 -0.2105
% 1744640685.244128 robobot/cmd/ti/rc 0.090 -0.205 1744640685.243914
1744640685.244142 120 2.855 0.213 -0.224 6 0.40 2.944 -0.224 2.3546 -0.2105
% 1744640685.2535942 robobot/cmd/ti/rc 0.090 -0.214 1744640685.253392
1744640685.253771 120 2.856 0.213 -0.226 6 0.40 2.944 -0.226 2.3546 -0.2116
1744640685.266165 120 2.857 0.213 -0.227 6 0.40 2.945 -0.227 2.3558 -0.2128
% 1744640685.266598 robobot/cmd/ti/rc 0.090 -0.216 1744640685.266403
1744640685.266622 120 2.857 0.213 -0.228 6 0.40 2.945 -0.228 2.3558 -0.2139
1744640685.2725399 120 2.858 0.213 -0.232 6 0.40 2.946 -0.232 2.3572 -0.2185
% 1744640685.277615 robobot/cmd/ti/rc 0.090 -0.188 1744640685.277457
1744640685.277636 120 2.858 0.213 -0.232 6 0.40 2.946 -0.232 2.3572 -0.2185
% 1744640685.285608 robobot/cmd/ti/rc 0.090 -0.184 1744640685.28547
1744640685.285629 120 2.858 0.213 -0.236 6 0.40 2.946 -0.236 2.3572 -0.2220
1744640685.2937338 120 2.859 0.212 -0.237 6 0.40 2.947 -0.237 2.3584 -0.2232
% 1744640685.299862 robobot/cmd/ti/rc 0.090 -0.184 1744640685.299654
1744640685.299882 120 2.859 0.212 -0.237 6 0.40 2.947 -0.237 2.3584 -0.2232
1744640685.3003101 120 2.860 0.212 -0.239 6 0.40 2.949 -0.239 2.3597 -0.2255
% 1744640685.308104 robobot/cmd/ti/rc 0.090 -0.212 1744640685.307891
1744640685.308129 120 2.860 0.212 -0.239 6 0.40 2.949 -0.239 2.3597 -0.2255
% 1744640685.3241348 robobot/cmd/ti/rc 0.090 -0.224 1744640685.3239481
1744640685.3241558 120 2.861 0.212 -0.243 6 0.40 2.949 -0.243 2.3597 -0.2290
1744640685.332278 120 2.861 0.212 -0.244 6 0.40 2.950 -0.244 2.3610 -0.2301
% 1744640685.3326862 robobot/cmd/ti/rc 0.090 -0.152 1744640685.33247
1744640685.332706 120 2.862 0.212 -0.244 6 0.40 2.950 -0.244 2.3610 -0.2301
1744640685.3332071 120 2.863 0.211 -0.247 6 0.40 2.951 -0.247 2.3623 -0.2336
% 1744640685.341556 robobot/cmd/ti/rc 0.090 -0.188 1744640685.341342
1744640685.341579 120 2.863 0.211 -0.247 6 0.40 2.951 -0.247 2.3623 -0.2336
% 1744640685.3494651 robobot/cmd/ti/rc 0.090 -0.246 1744640685.349272
1744640685.349487 120 2.864 0.211 -0.250 6 0.40 2.951 -0.250 2.3623 -0.2359
1744640685.3499641 120 2.864 0.211 -0.251 6 0.40 2.953 -0.251 2.3636 -0.2371
% 1744640685.3559868 robobot/cmd/ti/rc 0.090 -0.183 1744640685.355819
1744640685.356008 120 2.864 0.211 -0.253 6 0.40 2.953 -0.253 2.3636 -0.2394
1744640685.36404 120 2.865 0.211 -0.254 6 0.40 2.954 -0.254 2.3649 -0.2405
% 1744640685.368057 robobot/cmd/ti/rc 0.090 -0.180 1744640685.3679008
1744640685.3680792 120 2.865 0.211 -0.254 6 0.40 2.954 -0.254 2.3649 -0.2405
% 1744640685.3763871 robobot/cmd/ti/rc 0.090 -0.184 1744640685.376245
1744640685.376408 120 2.866 0.211 -0.258 6 0.40 2.954 -0.258 2.3649 -0.2440
1744640685.384468 120 2.866 0.211 -0.259 6 0.40 2.955 -0.259 2.3663 -0.2451
% 1744640685.384871 robobot/cmd/ti/rc 0.090 -0.159 1744640685.3846521
1744640685.384892 120 2.867 0.210 -0.260 6 0.40 2.955 -0.260 2.3663 -0.2463
1744640685.393692 120 2.868 0.210 -0.261 6 0.40 2.957 -0.261 2.3675 -0.2475
% 1744640685.3985732 robobot/cmd/ti/rc 0.090 -0.202 1744640685.398418
1744640685.3985941 120 2.868 0.210 -0.261 6 0.40 2.957 -0.261 2.3675 -0.2475
% 1744640685.407018 robobot/cmd/ti/rc 0.090 -0.225 1744640685.406871
1744640685.407038 120 2.869 0.210 -0.265 6 0.40 2.957 -0.265 2.3675 -0.2509
1744640685.4118478 120 2.869 0.210 -0.266 6 0.40 2.958 -0.266 2.3689 -0.2521
% 1744640685.4172428 robobot/cmd/ti/rc 0.090 -0.215 1744640685.417074
1744640685.417265 120 2.869 0.210 -0.266 6 0.40 2.958 -0.266 2.3689 -0.2521
1744640685.4235709 120 2.870 0.209 -0.270 6 0.40 2.959 -0.270 2.3702 -0.2556
% 1744640685.4239051 robobot/cmd/ti/rc 0.090 -0.491 1744640685.42369
1744640685.423926 120 2.870 0.209 -0.270 6 0.42 2.959 -0.270 2.3702 -0.2556
% 1744640685.4347022 robobot/cmd/ti/rc 0.090 -0.516 1744640685.434439
1744640685.434725 120 2.871 0.209 -0.272 6 0.42 2.959 -0.272 2.3702 -0.2579
1744640685.441417 120 2.871 0.209 -0.273 6 0.42 2.961 -0.273 2.3716 -0.2590
% 1744640685.44654 robobot/cmd/ti/rc 0.090 -0.399 1744640685.446334
1744640685.446557 120 2.872 0.209 -0.274 6 0.43 2.961 -0.274 2.3716 -0.2602
1744640685.452278 120 2.873 0.209 -0.278 6 0.43 2.962 -0.278 2.3730 -0.2637
% 1744640685.471494 robobot/cmd/ti/rc 0.090 -0.715 1744640685.471217
1744640685.471526 120 2.873 0.209 -0.278 6 0.44 2.962 -0.278 2.3730 -0.2637
% 1744640685.472391 robobot/cmd/ti/rc 0.090 -0.509 1744640685.47226
1744640685.472414 120 2.874 0.208 -0.282 6 0.44 2.962 -0.282 2.3730 -0.2683
1744640685.480791 120 2.874 0.208 -0.283 6 0.44 2.963 -0.283 2.3745 -0.2694
% 1744640685.481104 robobot/cmd/ti/rc 0.090 -0.306 1744640685.480983
1744640685.481125 120 2.875 0.208 -0.286 6 0.45 2.963 -0.286 2.3745 -0.2717
1744640685.481743 120 2.876 0.208 -0.287 6 0.45 2.965 -0.287 2.3758 -0.2729
% 1744640685.486978 robobot/cmd/ti/rc 0.090 -0.435 1744640685.48688
1744640685.486998 120 2.876 0.208 -0.287 6 0.45 2.965 -0.287 2.3758 -0.2729
% 1744640685.493289 robobot/cmd/ti/rc 0.090 -0.373 1744640685.493168
1744640685.49331 120 2.876 0.208 -0.290 6 0.46 2.965 -0.290 2.3758 -0.2764
1744640685.501478 120 2.877 0.208 -0.293 6 0.46 2.966 -0.293 2.3772 -0.2787
% 1744640685.508128 robobot/cmd/ti/rc 0.090 -0.427 1744640685.507905
1744640685.508152 120 2.877 0.207 -0.295 6 0.47 2.966 -0.295 2.3772 -0.2810
1744640685.5166469 120 2.878 0.207 -0.297 6 0.47 2.968 -0.297 2.3787 -0.2833
% 1744640685.516938 robobot/cmd/ti/rc 0.090 -0.435 1744640685.516727
1744640685.5169501 120 2.878 0.207 -0.297 6 0.47 2.968 -0.297 2.3787 -0.2833
% 1744640685.526519 robobot/cmd/ti/rc 0.090 -0.393 1744640685.526337
1744640685.5265322 120 2.879 0.207 -0.299 6 0.47 2.968 -0.299 2.3787 -0.2856
1744640685.5268521 120 2.880 0.207 -0.302 6 0.47 2.969 -0.302 2.3800 -0.2879
% 1744640685.539298 robobot/cmd/ti/rc 0.090 -0.421 1744640685.539231
1744640685.5393112 120 2.880 0.207 -0.304 6 0.48 2.969 -0.304 2.3800 -0.2903
1744640685.543827 120 2.881 0.206 -0.308 6 0.48 2.971 -0.308 2.3816 -0.2937
% 1744640685.5439072 robobot/cmd/ti/rc 0.090 -0.362 1744640685.543864
1744640685.543917 120 2.881 0.206 -0.308 6 0.48 2.971 -0.308 2.3816 -0.2937
% 1744640685.5582662 robobot/cmd/ti/rc 0.090 -0.323 1744640685.558208
1744640685.558275 120 2.882 0.206 -0.311 6 0.48 2.971 -0.311 2.3816 -0.2972
1744640685.558439 120 2.882 0.206 -0.311 6 0.48 2.972 -0.311 2.3830 -0.2972
% 1744640685.563251 robobot/cmd/ti/rc 0.090 -0.285 1744640685.563215
1744640685.5632598 120 2.883 0.206 -0.313 6 0.48 2.972 -0.313 2.3830 -0.2995
1744640685.5716789 120 2.884 0.205 -0.318 6 0.48 2.973 -0.318 2.3845 -0.3041
% 1744640685.575827 robobot/cmd/ti/rc 0.090 -0.278 1744640685.5757902
1744640685.575836 120 2.884 0.205 -0.318 6 0.48 2.973 -0.318 2.3845 -0.3041
% 1744640685.582735 robobot/cmd/ti/rc 0.090 -0.256 1744640685.582701
1744640685.582743 120 2.885 0.205 -0.322 6 0.48 2.973 -0.322 2.3845 -0.3076
1744640685.5879629 120 2.885 0.205 -0.323 6 0.48 2.975 -0.323 2.3859 -0.3088
% 1744640685.592509 robobot/cmd/ti/rc 0.090 -0.299 1744640685.5924711
1744640685.5925171 120 2.886 0.205 -0.325 6 0.49 2.975 -0.325 2.3859 -0.3111
1744640685.603175 120 2.886 0.205 -0.330 6 0.49 2.976 -0.330 2.3873 -0.3157
% 1744640685.6032488 robobot/cmd/ti/rc 0.090 -0.341 1744640685.60321
1744640685.6032588 120 2.886 0.205 -0.330 6 0.49 2.976 -0.330 2.3873 -0.3157
% 1744640685.619822 robobot/cmd/ti/rc 0.090 -0.314 1744640685.619781
1744640685.6198342 120 2.887 0.204 -0.331 6 0.49 2.976 -0.331 2.3873 -0.3169
1744640685.6200042 120 2.887 0.204 -0.333 6 0.49 2.978 -0.333 2.3886 -0.3192
% 1744640685.634022 robobot/cmd/ti/rc 0.090 -0.330 1744640685.633774
1744640685.634039 120 2.888 0.204 -0.334 6 0.49 2.978 -0.334 2.3886 -0.3203
1744640685.634475 120 2.889 0.204 -0.338 6 0.49 2.979 -0.338 2.3900 -0.3238
% 1744640685.641248 robobot/cmd/ti/rc 0.090 -0.271 1744640685.641072
1744640685.641262 120 2.889 0.204 -0.338 6 0.49 2.979 -0.338 2.3900 -0.3238
% 1744640685.653685 robobot/cmd/ti/rc 0.090 -0.337 1744640685.6535418
1744640685.653698 120 2.890 0.203 -0.341 6 0.49 2.979 -0.341 2.3900 -0.3273
1744640685.654191 120 2.890 0.203 -0.341 6 0.49 2.981 -0.341 2.3916 -0.3273
% 1744640685.663571 robobot/cmd/ti/rc 0.090 -0.338 1744640685.663454
1744640685.663583 120 2.891 0.203 -0.344 6 0.49 2.981 -0.344 2.3916 -0.3296
1744640685.663966 120 2.892 0.203 -0.347 6 0.49 2.982 -0.347 2.3930 -0.3330
% 1744640685.670086 robobot/cmd/ti/rc 0.090 -0.286 1744640685.6699378
1744640685.6701021 120 2.892 0.203 -0.347 6 0.49 2.982 -0.347 2.3930 -0.3330
% 1744640685.674696 robobot/cmd/ti/rc 0.090 -0.320 1744640685.674525
1744640685.674874 120 2.892 0.202 -0.349 6 0.50 2.982 -0.349 2.3930 -0.3354
1744640685.6846561 120 2.893 0.202 -0.350 6 0.50 2.983 -0.350 2.3944 -0.3365
% 1744640685.689753 robobot/cmd/ti/rc 0.090 -0.337 1744640685.689625
1744640685.689774 120 2.893 0.202 -0.353 6 0.50 2.983 -0.353 2.3944 -0.3388
1744640685.7045062 120 2.894 0.202 -0.357 6 0.50 2.985 -0.357 2.3956 -0.3434
% 1744640685.704753 robobot/cmd/ti/rc 0.090 -0.300 1744640685.704621
1744640685.7047732 120 2.894 0.202 -0.357 6 0.50 2.985 -0.357 2.3956 -0.3434
% 1744640685.725043 robobot/cmd/ti/rc 0.090 -0.331 1744640685.724861
1744640685.725065 120 2.895 0.201 -0.360 6 0.50 2.985 -0.360 2.3956 -0.3458
1744640685.725493 120 2.895 0.201 -0.360 6 0.50 2.986 -0.360 2.3970 -0.3458
% 1744640685.7365708 robobot/cmd/ti/rc 0.090 -0.315 1744640685.7364612
1744640685.7365918 120 2.896 0.201 -0.362 6 0.50 2.986 -0.362 2.3970 -0.3481
1744640685.737216 120 2.897 0.201 -0.365 6 0.50 2.987 -0.365 2.3983 -0.3515
% 1744640685.7374039 robobot/cmd/ti/rc 0.090 -0.239 1744640685.7373319
1744640685.737424 120 2.897 0.201 -0.365 6 0.50 2.987 -0.365 2.3983 -0.3515
% 1744640685.738017 robobot/cmd/ti/rc 0.090 -0.274 1744640685.737947
1744640685.738037 120 2.897 0.200 -0.368 6 0.50 2.987 -0.368 2.3983 -0.3539
1744640685.741214 120 2.898 0.200 -0.369 6 0.50 2.989 -0.369 2.3996 -0.3550
% 1744640685.747892 robobot/cmd/ti/rc 0.090 -0.304 1744640685.747711
1744640685.747914 120 2.898 0.200 -0.370 6 0.50 2.989 -0.370 2.3996 -0.3562
1744640685.7522812 120 2.899 0.200 -0.373 6 0.50 2.990 -0.373 2.4010 -0.3596
% 1744640685.752552 robobot/cmd/ti/rc 0.090 -0.338 1744640685.7523909
1744640685.752575 120 2.899 0.200 -0.373 6 0.50 2.990 -0.373 2.4010 -0.3596
% 1744640685.762512 robobot/cmd/ti/rc 0.090 -0.309 1744640685.762391
1744640685.762534 120 2.900 0.200 -0.379 6 0.50 2.990 -0.379 2.4010 -0.3654
1744640685.7700639 120 2.900 0.199 -0.381 6 0.50 2.991 -0.381 2.4022 -0.3666
% 1744640685.777537 robobot/cmd/ti/rc 0.090 -0.259 1744640685.777421
1744640685.777557 120 2.900 0.199 -0.382 6 0.50 2.991 -0.382 2.4022 -0.3677
1744640685.792701 120 2.901 0.199 -0.385 6 0.50 2.992 -0.385 2.4034 -0.3712
% 1744640685.8078878 robobot/cmd/ti/rc 0.090 -0.291 1744640685.807727
1744640685.807908 120 2.901 0.199 -0.385 6 0.50 2.992 -0.385 2.4034 -0.3712
% 1744640685.808436 robobot/cmd/ti/rc 0.090 -0.329 1744640685.808361
1744640685.808456 120 2.902 0.199 -0.387 6 0.50 2.992 -0.387 2.4034 -0.3735
1744640685.808959 120 2.903 0.198 -0.389 6 0.50 2.994 -0.389 2.4047 -0.3747
% 1744640685.837145 robobot/cmd/ti/rc 0.090 -0.323 1744640685.837049
1744640685.837167 120 2.903 0.198 -0.390 6 0.50 2.994 -0.390 2.4047 -0.3758
1744640685.8377862 120 2.904 0.198 -0.392 6 0.50 2.995 -0.392 2.4062 -0.3781
% 1744640685.8379788 robobot/cmd/ti/rc 0.090 -0.265 1744640685.837897
1744640685.837999 120 2.904 0.198 -0.392 6 0.50 2.995 -0.392 2.4062 -0.3781
% 1744640685.8399591 robobot/cmd/ti/rc 0.090 -0.282 1744640685.8398788
1744640685.8399801 120 2.905 0.197 -0.396 6 0.50 2.995 -0.396 2.4062 -0.3816
1744640685.840447 120 2.905 0.197 -0.397 6 0.50 2.997 -0.397 2.4077 -0.3828
% 1744640685.840706 robobot/cmd/ti/rc 0.090 -0.278 1744640685.840628
1744640685.840726 120 2.906 0.197 -0.397 6 0.50 2.997 -0.397 2.4077 -0.3828
1744640685.8429272 120 2.907 0.197 -0.400 6 0.50 2.998 -0.400 2.4091 -0.3862
% 1744640685.8431191 robobot/cmd/ti/rc 0.090 -0.297 1744640685.843044
1744640685.8431392 120 2.907 0.197 -0.400 6 0.50 2.998 -0.400 2.4091 -0.3862
% 1744640685.871915 robobot/cmd/ti/rc 0.090 -0.290 1744640685.871725
1744640685.871938 120 2.907 0.196 -0.404 6 0.50 2.998 -0.404 2.4091 -0.3897
1744640685.872531 120 2.908 0.196 -0.406 6 0.50 3.000 -0.406 2.4106 -0.3920
% 1744640685.8797922 robobot/cmd/ti/rc 0.090 -0.248 1744640685.879623
1744640685.879812 120 2.908 0.196 -0.408 6 0.50 3.000 -0.408 2.4106 -0.3943
1744640685.880247 120 2.909 0.196 -0.412 6 0.50 3.001 -0.412 2.4120 -0.3978
% 1744640685.8804321 robobot/cmd/ti/rc 0.090 -0.276 1744640685.880356
1744640685.880451 120 2.909 0.196 -0.412 6 0.50 3.001 -0.412 2.4120 -0.3978
% 1744640685.888795 robobot/cmd/ti/rc 0.090 -0.305 1744640685.8887072
1744640685.888816 120 2.910 0.195 -0.413 6 0.50 3.001 -0.413 2.4120 -0.3990
1744640685.88942 120 2.910 0.195 -0.415 6 0.50 3.002 -0.415 2.4132 -0.4013
% 1744640685.926091 robobot/cmd/ti/rc 0.090 -0.262 1744640685.9259598
1744640685.926115 120 2.911 0.195 -0.417 6 0.50 3.002 -0.417 2.4132 -0.4036
1744640685.926646 120 2.912 0.195 -0.420 6 0.50 3.003 -0.420 2.4145 -0.4059
% 1744640685.92687 robobot/cmd/ti/rc 0.090 -0.234 1744640685.926765
1744640685.926891 120 2.912 0.195 -0.420 6 0.50 3.003 -0.420 2.4145 -0.4059
% 1744640685.9275289 robobot/cmd/ti/rc 0.090 -0.173 1744640685.9274318
1744640685.927549 120 2.912 0.194 -0.423 6 0.49 3.003 -0.423 2.4145 -0.4094
1744640685.958245 120 2.913 0.194 -0.424 6 0.49 3.005 -0.424 2.4160 -0.4105
% 1744640685.958535 robobot/cmd/ti/rc 0.090 -0.226 1744640685.958428
1744640685.958555 120 2.913 0.194 -0.427 6 0.49 3.005 -0.427 2.4160 -0.4128
1744640685.959462 120 2.914 0.194 -0.429 6 0.49 3.006 -0.429 2.4173 -0.4152
% 1744640685.959659 robobot/cmd/ti/rc 0.090 -0.287 1744640685.959572
1744640685.959679 120 2.914 0.194 -0.429 6 0.49 3.006 -0.429 2.4173 -0.4152
% 1744640685.9611 robobot/cmd/ti/rc 0.090 -0.240 1744640685.96102
1744640685.96112 120 2.915 0.193 -0.432 6 0.49 3.006 -0.432 2.4173 -0.4186
1744640685.961626 120 2.915 0.193 -0.434 6 0.49 3.008 -0.434 2.4187 -0.4198
% 1744640685.961868 robobot/cmd/ti/rc 0.090 -0.227 1744640685.961792
1744640685.961888 120 2.916 0.193 -0.436 6 0.49 3.008 -0.436 2.4187 -0.4221
1744640685.9635851 120 2.916 0.192 -0.438 6 0.49 3.009 -0.438 2.4200 -0.4244
% 1744640685.963777 robobot/cmd/ti/rc 0.090 -0.266 1744640685.963697
1744640685.963796 120 2.916 0.192 -0.438 6 0.49 3.009 -0.438 2.4200 -0.4244
% 1744640685.991966 robobot/cmd/ti/rc 0.090 -0.231 1744640685.9918778
1744640685.991986 120 2.917 0.192 -0.441 6 0.48 3.009 -0.441 2.4200 -0.4267
1744640685.9924679 120 2.918 0.192 -0.443 6 0.48 3.010 -0.443 2.4214 -0.4290
% 1744640685.992724 robobot/cmd/ti/rc 0.090 -0.206 1744640685.992639
1744640685.992745 120 2.918 0.192 -0.443 6 0.48 3.010 -0.443 2.4214 -0.4290
1744640685.995745 120 2.919 0.191 -0.446 6 0.48 3.012 -0.446 2.4228 -0.4325
% 1744640685.9959419 robobot/cmd/ti/rc 0.090 -0.220 1744640685.9958599
1744640685.9959621 120 2.919 0.191 -0.446 6 0.48 3.012 -0.446 2.4228 -0.4325
% 1744640686.011801 robobot/cmd/ti/rc 0.090 -0.201 1744640686.01171
1744640686.011822 120 2.920 0.191 -0.448 6 0.47 3.012 -0.448 2.4228 -0.4337
1744640686.012314 120 2.920 0.191 -0.450 6 0.47 3.013 -0.450 2.4242 -0.4360
% 1744640686.021271 robobot/cmd/ti/rc 0.090 -0.268 1744640686.021186
1744640686.02129 120 2.921 0.190 -0.451 6 0.48 3.013 -0.451 2.4242 -0.4371
1744640686.021934 120 2.921 0.190 -0.452 6 0.48 3.014 -0.452 2.4255 -0.4383
% 1744640686.042955 robobot/cmd/ti/rc 0.090 1.741 1744640686.0428748
1744640686.042975 120 2.921 0.190 -0.452 6 0.33 3.014 -0.452 2.4255 -0.4383
% 1744640686.0500438 robobot/cmd/ti/rc 0.090 1.951 1744640686.049956
1744640686.050066 120 2.922 0.190 -0.453 6 0.33 3.014 -0.453 2.4255 -0.4394
1744640686.05059 120 2.923 0.189 -0.456 6 0.33 3.016 -0.456 2.4269 -0.4418
% 1744640686.0508428 robobot/cmd/ti/rc 0.090 -0.049 1744640686.050758
1744640686.050863 120 2.923 0.189 -0.457 6 0.31 3.016 -0.457 2.4269 -0.4429
1744640686.0773299 120 2.924 0.189 -0.459 6 0.31 3.017 -0.459 2.4283 -0.4452
% 1744640686.077645 robobot/cmd/ti/rc 0.090 0.214 1744640686.077471
1744640686.077667 120 2.924 0.189 -0.459 6 0.31 3.017 -0.459 2.4283 -0.4452
% 1744640686.078196 robobot/cmd/ti/rc 0.090 -0.150 1744640686.078122
1744640686.0782158 120 2.925 0.188 -0.461 6 0.30 3.017 -0.461 2.4283 -0.4475
1744640686.0786839 120 2.925 0.188 -0.464 6 0.30 3.019 -0.464 2.4296 -0.4498
% 1744640686.089298 robobot/cmd/ti/rc 0.090 -0.197 1744640686.089213
1744640686.08932 120 2.925 0.188 -0.465 6 0.31 3.019 -0.465 2.4296 -0.4510
1744640686.089823 120 2.926 0.188 -0.467 6 0.31 3.020 -0.467 2.4309 -0.4533
% 1744640686.090011 robobot/cmd/ti/rc 0.090 -0.226 1744640686.0899332
1744640686.0900302 120 2.926 0.188 -0.467 6 0.30 3.020 -0.467 2.4309 -0.4533
% 1744640686.1009762 robobot/cmd/ti/rc 0.090 -0.180 1744640686.100898
1744640686.101195 120 2.927 0.187 -0.471 6 0.30 3.020 -0.471 2.4309 -0.4568
1744640686.1016169 120 2.927 0.187 -0.471 6 0.30 3.021 -0.471 2.4322 -0.4568
% 1744640686.106654 robobot/cmd/ti/rc 0.090 -0.200 1744640686.1065788
1744640686.106675 120 2.928 0.187 -0.472 6 0.30 3.021 -0.472 2.4322 -0.4579
1744640686.1158662 120 2.928 0.186 -0.472 6 0.30 3.023 -0.472 2.4335 -0.4579
% 1744640686.116344 robobot/cmd/ti/rc 0.090 -0.216 1744640686.1159759
1744640686.116365 120 2.928 0.186 -0.472 6 0.30 3.023 -0.472 2.4335 -0.4579
% 1744640686.131524 robobot/cmd/ti/rc 0.090 -0.208 1744640686.131399
1744640686.131545 120 2.929 0.186 -0.473 6 0.30 3.023 -0.473 2.4335 -0.4591
1744640686.132113 120 2.929 0.186 -0.474 6 0.30 3.024 -0.474 2.4347 -0.4603
% 1744640686.1412559 robobot/cmd/ti/rc 0.090 -0.202 1744640686.141067
1744640686.1412811 120 2.930 0.186 -0.476 6 0.30 3.024 -0.476 2.4347 -0.4626
1744640686.148038 120 2.930 0.186 -0.479 6 0.30 3.025 -0.479 2.4358 -0.4649
% 1744640686.148315 robobot/cmd/ti/rc 0.090 -0.275 1744640686.148156
1744640686.1483362 120 2.930 0.186 -0.479 6 0.30 3.025 -0.479 2.4358 -0.4649
% 1744640686.152763 robobot/cmd/ti/rc 0.090 -0.197 1744640686.152642
1744640686.1527839 120 2.931 0.185 -0.479 6 0.29 3.025 -0.479 2.4358 -0.4649
1744640686.157913 120 2.932 0.185 -0.481 6 0.29 3.026 -0.481 2.4371 -0.4672
% 1744640686.168226 robobot/cmd/ti/rc 0.090 -0.186 1744640686.1680262
1744640686.1682482 120 2.932 0.185 -0.482 6 0.29 3.026 -0.482 2.4371 -0.4684
1744640686.176929 120 2.933 0.184 -0.485 6 0.29 3.028 -0.485 2.4388 -0.4707
% 1744640686.1772249 robobot/cmd/ti/rc 0.090 -0.204 1744640686.177044
1744640686.177247 120 2.933 0.184 -0.485 6 0.29 3.028 -0.485 2.4388 -0.4707
% 1744640686.184909 robobot/cmd/ti/rc 0.090 -0.227 1744640686.184727
1744640686.18493 120 2.934 0.184 -0.487 6 0.29 3.028 -0.487 2.4388 -0.4730
1744640686.190154 120 2.934 0.184 -0.490 6 0.29 3.029 -0.490 2.4401 -0.4764
% 1744640686.1963909 robobot/cmd/ti/rc 0.090 -0.179 1744640686.196258
1744640686.1964118 120 2.934 0.183 -0.490 6 0.29 3.029 -0.490 2.4401 -0.4764
1744640686.202157 120 2.935 0.183 -0.491 6 0.29 3.030 -0.491 2.4413 -0.4776
% 1744640686.207631 robobot/cmd/ti/rc 0.090 -0.192 1744640686.20751
1744640686.207652 120 2.935 0.183 -0.491 6 0.29 3.030 -0.491 2.4413 -0.4776
% 1744640686.221409 robobot/cmd/ti/rc 0.090 -0.245 1744640686.221258
1744640686.221432 120 2.936 0.183 -0.494 6 0.29 3.030 -0.494 2.4413 -0.4799
1744640686.2272909 120 2.936 0.182 -0.496 6 0.29 3.032 -0.496 2.4425 -0.4822
% 1744640686.2276921 robobot/cmd/ti/rc 0.090 -0.213 1744640686.227469
1744640686.227715 120 2.937 0.182 -0.497 6 0.29 3.032 -0.497 2.4425 -0.4834
1744640686.23664 120 2.937 0.182 -0.501 6 0.29 3.033 -0.501 2.4439 -0.4869
% 1744640686.236984 robobot/cmd/ti/rc 0.090 -0.244 1744640686.236764
1744640686.237005 120 2.937 0.182 -0.501 6 0.28 3.033 -0.501 2.4439 -0.4869
% 1744640686.2565491 robobot/cmd/ti/rc 0.090 -0.194 1744640686.2563589
1744640686.2565708 120 2.938 0.181 -0.503 6 0.28 3.033 -0.503 2.4439 -0.4892
1744640686.257057 120 2.939 0.181 -0.504 6 0.28 3.034 -0.504 2.4451 -0.4903
% 1744640686.26438 robobot/cmd/ti/rc 0.090 -0.205 1744640686.264243
1744640686.2643998 120 2.939 0.181 -0.504 6 0.28 3.034 -0.504 2.4451 -0.4903
1744640686.264996 120 2.940 0.180 -0.506 6 0.28 3.036 -0.506 2.4466 -0.4926
% 1744640686.265207 robobot/cmd/ti/rc 0.090 -0.202 1744640686.2651148
1744640686.265228 120 2.940 0.180 -0.506 6 0.28 3.036 -0.506 2.4466 -0.4926
% 1744640686.2742348 robobot/cmd/ti/rc 0.090 -0.185 1744640686.274057
1744640686.274256 120 2.940 0.180 -0.509 6 0.28 3.036 -0.509 2.4466 -0.4950
1744640686.2796428 120 2.941 0.180 -0.511 6 0.28 3.037 -0.511 2.4479 -0.4973
% 1744640686.283957 robobot/cmd/ti/rc 0.090 -0.215 1744640686.283788
1744640686.283978 120 2.941 0.180 -0.512 6 0.28 3.037 -0.512 2.4479 -0.4984
1744640686.296855 120 2.942 0.179 -0.515 6 0.28 3.038 -0.515 2.4491 -0.5007
% 1744640686.297091 robobot/cmd/ti/rc 0.090 -0.188 1744640686.296968
1744640686.297112 120 2.942 0.179 -0.515 6 0.27 3.038 -0.515 2.4491 -0.5007
% 1744640686.3100789 robobot/cmd/ti/rc 0.090 -0.212 1744640686.309591
1744640686.3101 120 2.943 0.179 -0.518 6 0.27 3.038 -0.518 2.4491 -0.5042
1744640686.31057 120 2.943 0.179 -0.518 6 0.27 3.039 -0.518 2.4503 -0.5042
% 1744640686.315901 robobot/cmd/ti/rc 0.090 -0.194 1744640686.315755
1744640686.315922 120 2.943 0.178 -0.518 6 0.27 3.039 -0.518 2.4503 -0.5042
1744640686.327061 120 2.944 0.178 -0.522 6 0.27 3.041 -0.522 2.4518 -0.5077
% 1744640686.327293 robobot/cmd/ti/rc 0.090 -0.190 1744640686.327171
1744640686.3273118 120 2.944 0.178 -0.522 6 0.27 3.041 -0.522 2.4518 -0.5077
% 1744640686.3365262 robobot/cmd/ti/rc 0.090 -0.236 1744640686.336403
1744640686.3365471 120 2.945 0.178 -0.524 6 0.27 3.041 -0.524 2.4518 -0.5100
1744640686.347033 120 2.945 0.177 -0.525 6 0.27 3.042 -0.525 2.4532 -0.5111
% 1744640686.347384 robobot/cmd/ti/rc 0.090 -0.189 1744640686.347218
1744640686.347404 120 2.946 0.177 -0.526 6 0.27 3.042 -0.526 2.4532 -0.5123
1744640686.358433 120 2.946 0.177 -0.530 6 0.27 3.043 -0.530 2.4545 -0.5158
% 1744640686.358798 robobot/cmd/ti/rc 0.090 -0.170 1744640686.3585541
1744640686.3588202 120 2.946 0.177 -0.530 6 0.26 3.043 -0.530 2.4545 -0.5158
% 1744640686.36515 robobot/cmd/ti/rc 0.090 -0.197 1744640686.36495
1744640686.365171 120 2.947 0.176 -0.531 6 0.26 3.043 -0.531 2.4545 -0.5169
1744640686.378005 120 2.948 0.176 -0.532 6 0.26 3.045 -0.532 2.4556 -0.5181
% 1744640686.3884401 robobot/cmd/ti/rc 0.090 -0.184 1744640686.388268
1744640686.388462 120 2.948 0.176 -0.532 6 0.26 3.045 -0.532 2.4556 -0.5181
1744640686.3890061 120 2.949 0.175 -0.535 6 0.26 3.046 -0.535 2.4571 -0.5216
% 1744640686.389222 robobot/cmd/ti/rc 0.090 -0.153 1744640686.389121
1744640686.3892422 120 2.949 0.175 -0.535 6 0.26 3.046 -0.535 2.4571 -0.5216
% 1744640686.394283 robobot/cmd/ti/rc 0.090 -0.160 1744640686.3941891
1744640686.394304 120 2.950 0.175 -0.538 6 0.25 3.046 -0.538 2.4571 -0.5239
1744640686.4025578 120 2.950 0.175 -0.539 6 0.25 3.047 -0.539 2.4584 -0.5250
% 1744640686.420854 robobot/cmd/ti/rc 0.090 -0.195 1744640686.4205272
1744640686.420876 120 2.950 0.174 -0.540 6 0.25 3.047 -0.540 2.4584 -0.5262
1744640686.421619 120 2.951 0.174 -0.543 6 0.25 3.049 -0.543 2.4598 -0.5296
% 1744640686.421859 robobot/cmd/ti/rc 0.090 -0.183 1744640686.421739
1744640686.42188 120 2.951 0.174 -0.543 6 0.25 3.049 -0.543 2.4598 -0.5296
% 1744640686.4405491 robobot/cmd/ti/rc 0.090 -0.178 1744640686.440373
1744640686.44057 120 2.952 0.174 -0.543 6 0.25 3.049 -0.543 2.4598 -0.5296
1744640686.441128 120 2.952 0.173 -0.545 6 0.25 3.050 -0.545 2.4611 -0.5308
% 1744640686.453412 robobot/cmd/ti/rc 0.090 -0.163 1744640686.4531991
1744640686.453432 120 2.952 0.173 -0.546 6 0.24 3.050 -0.546 2.4611 -0.5320
1744640686.45394 120 2.953 0.173 -0.547 6 0.24 3.051 -0.547 2.4624 -0.5331
% 1744640686.454138 robobot/cmd/ti/rc 0.090 -0.187 1744640686.454049
1744640686.454157 120 2.953 0.173 -0.547 6 0.24 3.051 -0.547 2.4624 -0.5331
% 1744640686.473622 robobot/cmd/ti/rc 0.090 -0.189 1744640686.473472
1744640686.4736462 120 2.954 0.172 -0.549 6 0.24 3.051 -0.549 2.4624 -0.5354
1744640686.4742022 120 2.954 0.172 -0.550 6 0.24 3.053 -0.550 2.4637 -0.5366
% 1744640686.474577 robobot/cmd/ti/rc 0.090 -0.129 1744640686.474457
1744640686.474598 120 2.955 0.172 -0.552 6 0.24 3.053 -0.552 2.4637 -0.5377
1744640686.4870021 120 2.955 0.171 -0.554 6 0.24 3.054 -0.554 2.4649 -0.5401
% 1744640686.487234 robobot/cmd/ti/rc 0.090 -0.143 1744640686.487103
1744640686.4872499 120 2.955 0.171 -0.554 6 0.23 3.054 -0.554 2.4649 -0.5401
% 1744640686.495239 robobot/cmd/ti/rc 0.090 -0.155 1744640686.495125
1744640686.495251 120 2.956 0.171 -0.555 6 0.23 3.054 -0.555 2.4649 -0.5412
1744640686.495928 120 2.957 0.171 -0.556 6 0.23 3.055 -0.556 2.4663 -0.5424
% 1744640686.496456 robobot/cmd/ti/rc 0.090 -0.150 1744640686.496076
1744640686.496468 120 2.957 0.170 -0.559 6 0.23 3.055 -0.559 2.4663 -0.5447
1744640686.505362 120 2.958 0.170 -0.560 6 0.23 3.057 -0.560 2.4678 -0.5458
% 1744640686.5056481 robobot/cmd/ti/rc 0.090 -0.152 1744640686.505495
1744640686.5056698 120 2.958 0.170 -0.560 6 0.22 3.057 -0.560 2.4678 -0.5458
% 1744640686.5178308 robobot/cmd/ti/rc 0.090 -0.149 1744640686.5176132
1744640686.518045 120 2.959 0.169 -0.562 6 0.22 3.057 -0.562 2.4678 -0.5481
1744640686.5186 120 2.959 0.169 -0.562 6 0.22 3.058 -0.562 2.4690 -0.5481
% 1744640686.5260868 robobot/cmd/ti/rc 0.090 -0.166 1744640686.5258849
1744640686.5261078 120 2.959 0.169 -0.562 6 0.22 3.058 -0.562 2.4690 -0.5481
1744640686.5341709 120 2.960 0.168 -0.563 6 0.22 3.059 -0.563 2.4703 -0.5493
% 1744640686.540432 robobot/cmd/ti/rc 0.090 -0.151 1744640686.5402439
1744640686.540452 120 2.960 0.168 -0.563 6 0.22 3.059 -0.563 2.4703 -0.5493
% 1744640686.547903 robobot/cmd/ti/rc 0.090 -0.136 1744640686.547658
1744640686.547928 120 2.961 0.168 -0.566 6 0.21 3.059 -0.566 2.4703 -0.5516
1744640686.5542028 120 2.961 0.168 -0.567 6 0.21 3.061 -0.567 2.4716 -0.5528
% 1744640686.554612 robobot/cmd/ti/rc 0.090 -0.156 1744640686.5543969
1744640686.554636 120 2.961 0.167 -0.567 6 0.21 3.061 -0.567 2.4716 -0.5528
1744640686.569037 120 2.962 0.167 -0.570 6 0.21 3.062 -0.570 2.4730 -0.5562
% 1744640686.569344 robobot/cmd/ti/rc 0.090 -0.179 1744640686.569153
1744640686.569364 120 2.962 0.167 -0.570 6 0.21 3.062 -0.570 2.4730 -0.5562
% 1744640686.575548 robobot/cmd/ti/rc 0.090 -0.162 1744640686.5753741
1744640686.575568 120 2.963 0.167 -0.573 6 0.21 3.062 -0.573 2.4730 -0.5586
1744640686.5814002 120 2.963 0.166 -0.573 6 0.21 3.063 -0.573 2.4744 -0.5586
% 1744640686.585779 robobot/cmd/ti/rc 0.090 -0.113 1744640686.585622
1744640686.585799 120 2.964 0.166 -0.573 6 0.20 3.063 -0.573 2.4744 -0.5586
1744640686.598188 120 2.964 0.166 -0.575 6 0.20 3.065 -0.575 2.4759 -0.5609
% 1744640686.598513 robobot/cmd/ti/rc 0.090 -0.137 1744640686.598321
1744640686.5985348 120 2.964 0.166 -0.575 6 0.20 3.065 -0.575 2.4759 -0.5609
% 1744640686.605485 robobot/cmd/ti/rc 0.090 -0.108 1744640686.6053069
1744640686.605505 120 2.965 0.165 -0.576 6 0.19 3.065 -0.576 2.4759 -0.5620
1744640686.6111732 120 2.966 0.165 -0.577 6 0.19 3.066 -0.577 2.4772 -0.5632
% 1744640686.6169221 robobot/cmd/ti/rc 0.090 -0.117 1744640686.61677
1744640686.6169422 120 2.966 0.165 -0.577 6 0.19 3.066 -0.577 2.4772 -0.5632
1744640686.622729 120 2.967 0.164 -0.578 6 0.19 3.067 -0.578 2.4785 -0.5643
% 1744640686.627421 robobot/cmd/ti/rc 0.090 -0.147 1744640686.627269
1744640686.627441 120 2.967 0.164 -0.578 6 0.19 3.067 -0.578 2.4785 -0.5643
% 1744640686.633728 robobot/cmd/ti/rc 0.090 -0.050 1744640686.633573
1744640686.633749 120 2.967 0.164 -0.581 6 -0.03 3.067 -0.581 2.4785 -0.5667
1744640686.643073 120 2.968 0.163 -0.581 6 -0.03 3.069 -0.581 2.4797 -0.5667
% 1744640686.649683 robobot/cmd/ti/rc 0.090 -0.050 1744640686.6495318
1744640686.649703 120 2.968 0.163 -0.582 6 -0.04 3.069 -0.582 2.4797 -0.5678
1744640686.6699378 120 2.969 0.163 -0.584 6 -0.04 3.070 -0.584 2.4813 -0.5701
% 1744640686.670225 robobot/cmd/ti/rc 0.090 -0.050 1744640686.6700501
1744640686.6702452 120 2.969 0.163 -0.584 6 -0.04 3.070 -0.584 2.4813 -0.5701
% 1744640686.6778681 robobot/cmd/ti/rc 0.090 -0.050 1744640686.677664
1744640686.67789 120 2.970 0.162 -0.586 6 -0.05 3.070 -0.586 2.4813 -0.5724
1744640686.678335 120 2.970 0.162 -0.586 6 -0.05 3.072 -0.586 2.4826 -0.5724
% 1744640686.6785989 robobot/cmd/ti/rc 0.090 -0.050 1744640686.678508
1744640686.6786182 120 2.970 0.162 -0.588 6 -0.05 3.072 -0.588 2.4826 -0.5736
1744640686.688641 120 2.971 0.161 -0.589 6 -0.05 3.073 -0.589 2.4839 -0.5747
% 1744640686.688842 robobot/cmd/ti/rc 0.090 -0.053 1744640686.68875
1744640686.6888618 120 2.971 0.161 -0.589 6 -0.06 3.073 -0.589 2.4839 -0.5747
% 1744640686.6951292 robobot/cmd/ti/rc 0.090 0.166 1744640686.695046
1744640686.695149 120 2.972 0.161 -0.591 6 -0.06 3.073 -0.591 2.4839 -0.5771
1744640686.699745 120 2.972 0.160 -0.591 6 -0.06 3.074 -0.591 2.4853 -0.5771
% 1744640686.709783 robobot/cmd/ti/rc 0.090 0.285 1744640686.7096388
1744640686.709804 120 2.973 0.160 -0.592 6 -0.07 3.074 -0.592 2.4853 -0.5782
1744640686.714432 120 2.973 0.160 -0.592 6 -0.07 3.076 -0.592 2.4867 -0.5782
% 1744640686.714672 robobot/cmd/ti/rc 0.090 0.291 1744640686.714539
1744640686.714692 120 2.973 0.160 -0.592 6 -0.08 3.076 -0.592 2.4867 -0.5782
% 1744640686.7306051 robobot/cmd/ti/rc 0.090 0.254 1744640686.7304661
1744640686.730625 120 2.974 0.159 -0.593 6 -0.08 3.076 -0.593 2.4867 -0.5794
1744640686.731157 120 2.975 0.159 -0.593 6 -0.08 3.077 -0.593 2.4880 -0.5794
% 1744640686.7390468 robobot/cmd/ti/rc 0.090 0.166 1744640686.738914
1744640686.7390661 120 2.975 0.158 -0.593 6 -0.09 3.077 -0.593 2.4880 -0.5794
1744640686.750241 120 2.976 0.158 -0.594 6 -0.09 3.078 -0.594 2.4895 -0.5805
% 1744640686.7505422 robobot/cmd/ti/rc 0.090 0.134 1744640686.7503529
1744640686.750562 120 2.976 0.158 -0.594 6 -0.09 3.078 -0.594 2.4895 -0.5805
% 1744640686.758613 robobot/cmd/ti/rc 0.090 0.193 1744640686.758451
1744640686.758635 120 2.977 0.157 -0.593 6 -0.09 3.078 -0.593 2.4895 -0.5794
1744640686.765354 120 2.977 0.157 -0.593 6 -0.09 3.080 -0.593 2.4910 -0.5794
% 1744640686.765711 robobot/cmd/ti/rc 0.090 0.241 1744640686.76558
1744640686.765731 120 2.977 0.157 -0.593 6 -0.10 3.080 -0.593 2.4910 -0.5794
1744640686.779789 120 2.978 0.156 -0.592 6 -0.10 3.081 -0.592 2.4922 -0.5782
% 1744640686.78003 robobot/cmd/ti/rc 0.090 0.128 1744640686.779899
1744640686.7800488 120 2.978 0.156 -0.592 6 -0.10 3.081 -0.592 2.4922 -0.5782
% 1744640686.787437 robobot/cmd/ti/rc 0.090 0.119 1744640686.787264
1744640686.787457 120 2.979 0.156 -0.591 6 -0.10 3.081 -0.591 2.4922 -0.5771
1744640686.800003 120 2.979 0.156 -0.591 6 -0.10 3.083 -0.591 2.4937 -0.5771
% 1744640686.8003688 robobot/cmd/ti/rc 0.090 0.142 1744640686.800202
1744640686.80039 120 2.980 0.155 -0.591 6 -0.10 3.083 -0.591 2.4937 -0.5771
1744640686.805952 120 2.980 0.155 -0.589 6 -0.10 3.084 -0.589 2.4951 -0.5747
% 1744640686.806263 robobot/cmd/ti/rc 0.090 0.131 1744640686.8060741
1744640686.8062851 120 2.980 0.155 -0.589 6 -0.11 3.084 -0.589 2.4951 -0.5747
% 1744640686.815299 robobot/cmd/ti/rc 0.090 0.181 1744640686.815042
1744640686.8153212 120 2.981 0.154 -0.586 6 -0.11 3.084 -0.586 2.4951 -0.5724
1744640686.8240588 120 2.982 0.154 -0.585 6 -0.11 3.086 -0.585 2.4966 -0.5713
% 1744640686.830324 robobot/cmd/ti/rc 0.090 0.142 1744640686.830146
1744640686.830336 120 2.982 0.154 -0.585 6 -0.11 3.086 -0.585 2.4966 -0.5713
1744640686.838793 120 2.983 0.153 -0.584 6 -0.11 3.087 -0.584 2.4980 -0.5701
% 1744640686.839187 robobot/cmd/ti/rc 0.090 0.097 1744640686.838954
1744640686.8392088 120 2.983 0.153 -0.584 6 -0.12 3.087 -0.584 2.4980 -0.5701
% 1744640686.851927 robobot/cmd/ti/rc 0.090 0.037 1744640686.851694
1744640686.8519511 120 2.984 0.153 -0.582 6 -0.11 3.087 -0.582 2.4980 -0.5678
1744640686.852488 120 2.984 0.153 -0.579 6 -0.11 3.088 -0.579 2.4995 -0.5655
% 1744640686.8640409 robobot/cmd/ti/rc 0.090 0.032 1744640686.8638248
1744640686.864065 120 2.984 0.152 -0.579 6 -0.11 3.088 -0.579 2.4995 -0.5655
1744640686.875028 120 2.985 0.152 -0.577 6 -0.11 3.090 -0.577 2.5009 -0.5632
% 1744640686.875337 robobot/cmd/ti/rc 0.090 0.096 1744640686.8751428
1744640686.875357 120 2.985 0.152 -0.577 6 -0.12 3.090 -0.577 2.5009 -0.5632
% 1744640686.882357 robobot/cmd/ti/rc 0.090 0.042 1744640686.882165
1744640686.882378 120 2.986 0.151 -0.575 6 -0.11 3.090 -0.575 2.5009 -0.5609
1744640686.8828712 120 2.986 0.151 -0.574 6 -0.11 3.091 -0.574 2.5023 -0.5597
% 1744640686.891354 robobot/cmd/ti/rc 0.090 0.039 1744640686.891181
1744640686.891374 120 2.987 0.151 -0.573 6 -0.12 3.091 -0.573 2.5023 -0.5586
1744640686.900438 120 2.988 0.150 -0.571 6 -0.12 3.093 -0.571 2.5038 -0.5574
% 1744640686.900692 robobot/cmd/ti/rc 0.090 0.093 1744640686.9005492
1744640686.900712 120 2.988 0.150 -0.571 6 -0.12 3.093 -0.571 2.5038 -0.5574
% 1744640686.9103382 robobot/cmd/ti/rc 0.090 0.043 1744640686.910162
1744640686.91036 120 2.988 0.150 -0.569 6 -0.12 3.093 -0.569 2.5038 -0.5551
1744640686.916296 120 2.989 0.150 -0.568 6 -0.12 3.094 -0.568 2.5051 -0.5539
% 1744640686.916683 robobot/cmd/ti/rc 0.090 0.007 1744640686.9165251
1744640686.916703 120 2.989 0.149 -0.567 6 -0.11 3.094 -0.567 2.5051 -0.5528
1744640686.922577 120 2.990 0.149 -0.566 6 -0.11 3.095 -0.566 2.5064 -0.5516
% 1744640686.928271 robobot/cmd/ti/rc 0.090 0.002 1744640686.928045
1744640686.928295 120 2.990 0.149 -0.566 6 -0.11 3.095 -0.566 2.5064 -0.5516
% 1744640686.936766 robobot/cmd/ti/rc 0.090 -0.021 1744640686.936524
1744640686.936788 120 2.990 0.148 -0.563 6 -0.11 3.095 -0.563 2.5064 -0.5493
1744640686.9440372 120 2.991 0.148 -0.562 6 -0.11 3.097 -0.562 2.5077 -0.5481
% 1744640686.95259 robobot/cmd/ti/rc 0.090 0.020 1744640686.952367
1744640686.9526122 120 2.991 0.148 -0.562 6 -0.11 3.097 -0.562 2.5077 -0.5481
1744640686.9601762 120 2.992 0.147 -0.562 6 -0.11 3.098 -0.562 2.5090 -0.5481
% 1744640686.960455 robobot/cmd/ti/rc 0.090 0.028 1744640686.960296
1744640686.960475 120 2.992 0.147 -0.562 6 -0.11 3.098 -0.562 2.5090 -0.5481
% 1744640686.972922 robobot/cmd/ti/rc 0.090 0.002 1744640686.972768
1744640686.972942 120 2.993 0.147 -0.560 6 -0.11 3.098 -0.560 2.5090 -0.5458
1744640686.973527 120 2.993 0.147 -0.560 6 -0.11 3.099 -0.560 2.5103 -0.5458
% 1744640686.979768 robobot/cmd/ti/rc 0.090 -0.007 1744640686.9796119
1744640686.979789 120 2.993 0.146 -0.560 6 -0.11 3.099 -0.560 2.5103 -0.5458
1744640686.988417 120 2.994 0.146 -0.560 6 -0.11 3.101 -0.560 2.5116 -0.5458
% 1744640686.988724 robobot/cmd/ti/rc 0.090 0.000 1744640686.988528
1744640686.988744 120 2.994 0.146 -0.560 6 -0.11 3.101 -0.560 2.5116 -0.5458
% 1744640686.995002 robobot/cmd/ti/rc 0.090 0.010 1744640686.9948401
1744640686.995021 120 2.995 0.146 -0.560 6 -0.11 3.101 -0.560 2.5116 -0.5458
1744640687.003108 120 2.995 0.145 -0.559 6 -0.11 3.102 -0.559 2.5130 -0.5447
% 1744640687.007607 robobot/cmd/ti/rc 0.090 -0.020 1744640687.007445
1744640687.007628 120 2.996 0.145 -0.557 6 -0.10 3.102 -0.557 2.5130 -0.5435
1744640687.018621 120 2.996 0.145 -0.557 6 -0.10 3.103 -0.557 2.5142 -0.5435
% 1744640687.01889 robobot/cmd/ti/rc 0.090 -0.043 1744640687.018734
1744640687.018911 120 2.996 0.145 -0.557 6 -0.10 3.103 -0.557 2.5142 -0.5435
% 1744640687.024605 robobot/cmd/ti/rc 0.090 -0.020 1744640687.024467
1744640687.0246248 120 2.997 0.144 -0.557 6 -0.10 3.103 -0.557 2.5142 -0.5435
1744640687.030331 120 2.997 0.144 -0.556 6 -0.10 3.105 -0.556 2.5156 -0.5424
% 1744640687.0351229 robobot/cmd/ti/rc 0.090 0.002 1744640687.034944
1744640687.035143 120 2.998 0.144 -0.557 6 -0.10 3.105 -0.557 2.5156 -0.5435
1744640687.0470872 120 2.999 0.143 -0.556 6 -0.10 3.106 -0.556 2.5169 -0.5424
% 1744640687.047369 robobot/cmd/ti/rc 0.090 -0.041 1744640687.0472
1744640687.047391 120 2.999 0.143 -0.556 6 -0.10 3.106 -0.556 2.5169 -0.5424
% 1744640687.06764 robobot/cmd/ti/rc 0.090 -0.019 1744640687.067494
1744640687.06766 120 2.999 0.143 -0.556 6 -0.09 3.106 -0.556 2.5169 -0.5424
1744640687.074036 120 3.000 0.143 -0.556 6 -0.09 3.107 -0.556 2.5182 -0.5424
% 1744640687.074174 robobot/cmd/ti/rc 0.090 0.012 1744640687.074123
1744640687.0741818 120 3.000 0.142 -0.556 6 -0.09 3.107 -0.556 2.5182 -0.5424
1744640687.074377 120 3.001 0.142 -0.556 6 -0.09 3.109 -0.556 2.5197 -0.5424
% 1744640687.0744581 robobot/cmd/ti/rc 0.090 -0.058 1744640687.0744169
1744640687.0744672 120 3.001 0.142 -0.556 6 -0.09 3.109 -0.556 2.5197 -0.5424
% 1744640687.084376 robobot/cmd/ti/rc 0.090 -0.046 1744640687.084325
1744640687.084386 120 3.002 0.141 -0.555 6 -0.09 3.109 -0.555 2.5197 -0.5412
1744640687.093193 120 3.002 0.141 -0.555 6 -0.09 3.110 -0.555 2.5210 -0.5412
% 1744640687.0974662 robobot/cmd/ti/rc 0.090 0.004 1744640687.097364
1744640687.0974789 120 3.003 0.141 -0.555 6 -0.09 3.110 -0.555 2.5210 -0.5412
1744640687.107148 120 3.003 0.140 -0.554 6 -0.09 3.111 -0.554 2.5224 -0.5401
% 1744640687.1073742 robobot/cmd/ti/rc 0.090 -0.062 1744640687.1072252
1744640687.1073852 120 3.003 0.140 -0.554 6 -0.08 3.111 -0.554 2.5224 -0.5401
% 1744640687.1178849 robobot/cmd/ti/rc 0.090 -0.055 1744640687.117785
1744640687.117897 120 3.004 0.140 -0.554 6 -0.08 3.111 -0.554 2.5224 -0.5401
1744640687.118195 120 3.004 0.140 -0.555 6 -0.08 3.113 -0.555 2.5239 -0.5412
% 1744640687.127715 robobot/cmd/ti/rc 0.090 -0.047 1744640687.1275861
1744640687.1277351 120 3.005 0.139 -0.555 6 -0.08 3.113 -0.555 2.5239 -0.5412
1744640687.147701 120 3.005 0.139 -0.555 6 -0.08 3.114 -0.555 2.5251 -0.5412
% 1744640687.1571908 robobot/cmd/ti/rc 0.090 -0.034 1744640687.156965
1744640687.1572149 120 3.005 0.139 -0.555 6 -0.08 3.114 -0.555 2.5251 -0.5412
% 1744640687.157814 robobot/cmd/ti/rc 0.090 -0.064 1744640687.157705
1744640687.1578372 120 3.006 0.138 -0.555 6 -0.07 3.114 -0.555 2.5251 -0.5412
1744640687.1583529 120 3.007 0.138 -0.554 6 -0.07 3.116 -0.554 2.5266 -0.5401
% 1744640687.158619 robobot/cmd/ti/rc 0.090 -0.059 1744640687.158527
1744640687.1586392 120 3.007 0.138 -0.554 6 -0.07 3.116 -0.554 2.5266 -0.5401
1744640687.179005 120 3.008 0.137 -0.554 6 -0.07 3.117 -0.554 2.5280 -0.5401
% 1744640687.179349 robobot/cmd/ti/rc 0.090 -0.073 1744640687.17914
1744640687.179371 120 3.008 0.137 -0.554 6 -0.07 3.117 -0.554 2.5280 -0.5401
% 1744640687.184818 robobot/cmd/ti/rc 0.090 -0.067 1744640687.184643
1744640687.184839 120 3.009 0.137 -0.554 6 -0.07 3.117 -0.554 2.5280 -0.5401
1744640687.185278 120 3.009 0.137 -0.555 6 -0.07 3.118 -0.555 2.5295 -0.5412
% 1744640687.1855261 robobot/cmd/ti/rc 0.090 -0.061 1744640687.1854458
1744640687.185545 120 3.010 0.136 -0.554 6 -0.06 3.118 -0.554 2.5295 -0.5401
1744640687.193208 120 3.010 0.136 -0.556 6 -0.06 3.120 -0.556 2.5308 -0.5424
% 1744640687.1934001 robobot/cmd/ti/rc 0.090 -0.050 1744640687.193316
1744640687.19342 120 3.010 0.136 -0.556 6 -0.06 3.120 -0.556 2.5308 -0.5424
% 1744640687.204941 robobot/cmd/ti/rc 0.090 -0.050 1744640687.204799
1744640687.204961 120 3.011 0.136 -0.556 6 -0.06 3.120 -0.556 2.5308 -0.5424
1744640687.213769 120 3.011 0.135 -0.555 6 -0.06 3.121 -0.555 2.5321 -0.5412
% 1744640687.221397 robobot/cmd/ti/rc 0.090 -0.056 1744640687.2212539
1744640687.221418 120 3.012 0.135 -0.555 6 -0.05 3.121 -0.555 2.5321 -0.5412
1744640687.226791 120 3.012 0.135 -0.556 6 -0.05 3.122 -0.556 2.5333 -0.5424
% 1744640687.2270331 robobot/cmd/ti/rc 0.090 -0.050 1744640687.2269042
1744640687.227052 120 3.012 0.135 -0.556 6 -0.05 3.122 -0.556 2.5333 -0.5424
% 1744640687.2383392 robobot/cmd/ti/rc 0.090 -2.146 1744640687.238165
1744640687.238359 120 3.013 0.134 -0.555 6 0.14 3.122 -0.555 2.5333 -0.5412
1744640687.2444339 120 3.014 0.134 -0.555 6 0.14 3.124 -0.555 2.5346 -0.5412
% 1744640687.2450829 robobot/cmd/ti/rc 0.090 -2.102 1744640687.244609
1744640687.2451048 120 3.014 0.134 -0.556 6 0.13 3.124 -0.556 2.5346 -0.5424
1744640687.2649632 120 3.015 0.133 -0.555 6 0.13 3.125 -0.555 2.5360 -0.5412
% 1744640687.2652621 robobot/cmd/ti/rc 0.090 0.068 1744640687.26511
1744640687.265283 120 3.015 0.133 -0.555 6 0.14 3.125 -0.555 2.5360 -0.5412
% 1744640687.2732108 robobot/cmd/ti/rc 0.090 -0.334 1744640687.273074
1744640687.273221 120 3.016 0.133 -0.561 6 0.14 3.125 -0.561 2.5360 -0.5470
1744640687.2734652 120 3.016 0.133 -0.567 6 0.14 3.127 -0.567 2.5376 -0.5528
% 1744640687.277535 robobot/cmd/ti/rc 0.090 -0.401 1744640687.2774332
1744640687.2775471 120 3.016 0.132 -0.571 6 0.16 3.127 -0.571 2.5376 -0.5574
1744640687.284308 120 3.017 0.132 -0.579 6 0.16 3.128 -0.579 2.5390 -0.5655
% 1744640687.284462 robobot/cmd/ti/rc 0.090 -0.251 1744640687.2843661
1744640687.2844741 120 3.017 0.132 -0.579 6 0.15 3.128 -0.579 2.5390 -0.5655
% 1744640687.2962701 robobot/cmd/ti/rc 0.090 0.115 1744640687.296134
1744640687.2962902 120 3.018 0.131 -0.584 6 0.15 3.128 -0.584 2.5390 -0.5701
1744640687.3014479 120 3.018 0.131 -0.584 6 0.15 3.129 -0.584 2.5403 -0.5701
% 1744640687.306025 robobot/cmd/ti/rc 0.090 0.041 1744640687.305884
1744640687.306046 120 3.019 0.131 -0.585 6 0.14 3.129 -0.585 2.5403 -0.5713
1744640687.314843 120 3.019 0.130 -0.589 6 0.14 3.131 -0.589 2.5417 -0.5747
% 1744640687.3151329 robobot/cmd/ti/rc 0.090 0.077 1744640687.314956
1744640687.3151538 120 3.019 0.130 -0.589 6 0.14 3.131 -0.589 2.5417 -0.5747
% 1744640687.325535 robobot/cmd/ti/rc 0.090 0.091 1744640687.325414
1744640687.3255548 120 3.020 0.130 -0.593 6 0.13 3.131 -0.593 2.5417 -0.5794
1744640687.333091 120 3.021 0.129 -0.596 6 0.13 3.132 -0.596 2.5432 -0.5817
% 1744640687.339833 robobot/cmd/ti/rc 0.090 0.139 1744640687.3396559
1744640687.339852 120 3.021 0.129 -0.598 6 0.13 3.132 -0.598 2.5432 -0.5840
1744640687.348649 120 3.022 0.129 -0.601 6 0.13 3.134 -0.601 2.5448 -0.5875
% 1744640687.348929 robobot/cmd/ti/rc 0.090 0.015 1744640687.348757
1744640687.349115 120 3.022 0.129 -0.601 6 0.13 3.134 -0.601 2.5448 -0.5875
% 1744640687.3557591 robobot/cmd/ti/rc 0.090 -0.055 1744640687.355585
1744640687.3557792 120 3.022 0.129 -0.605 6 0.13 3.134 -0.605 2.5448 -0.5909
1744640687.3631492 120 3.022 0.128 -0.607 6 0.13 3.135 -0.607 2.5459 -0.5933
% 1744640687.371226 robobot/cmd/ti/rc 0.090 -0.068 1744640687.371076
1744640687.371246 120 3.022 0.128 -0.608 6 0.13 3.135 -0.608 2.5459 -0.5944
1744640687.378006 120 3.023 0.128 -0.610 6 0.13 3.136 -0.610 2.5469 -0.5956
% 1744640687.378381 robobot/cmd/ti/rc 0.090 -0.007 1744640687.378135
1744640687.378402 120 3.023 0.128 -0.610 6 0.13 3.136 -0.610 2.5469 -0.5956
% 1744640687.384035 robobot/cmd/ti/rc 0.090 -0.036 1744640687.3837628
1744640687.384059 120 3.024 0.127 -0.612 6 0.13 3.136 -0.612 2.5469 -0.5979
1744640687.3997 120 3.025 0.127 -0.614 6 0.13 3.137 -0.614 2.5482 -0.6002
% 1744640687.4055622 robobot/cmd/ti/rc 0.090 -0.049 1744640687.405354
1744640687.4055848 120 3.025 0.126 -0.614 6 0.13 3.137 -0.614 2.5482 -0.6002
1744640687.4062169 120 3.026 0.126 -0.616 6 0.13 3.139 -0.616 2.5497 -0.6025
% 1744640687.406452 robobot/cmd/ti/rc 0.090 -0.046 1744640687.406341
1744640687.406472 120 3.026 0.126 -0.616 6 0.13 3.139 -0.616 2.5497 -0.6025
% 1744640687.423635 robobot/cmd/ti/rc 0.090 -0.023 1744640687.423501
1744640687.423658 120 3.026 0.125 -0.619 6 0.13 3.139 -0.619 2.5497 -0.6048
1744640687.4311419 120 3.027 0.125 -0.620 6 0.13 3.140 -0.620 2.5513 -0.6060
% 1744640687.431447 robobot/cmd/ti/rc 0.090 0.033 1744640687.431338
1744640687.431468 120 3.027 0.125 -0.620 6 0.13 3.140 -0.620 2.5513 -0.6060
1744640687.437237 120 3.028 0.124 -0.620 6 0.13 3.142 -0.620 2.5526 -0.6060
% 1744640687.43787 robobot/cmd/ti/rc 0.090 0.079 1744640687.437739
1744640687.437891 120 3.028 0.124 -0.620 6 0.12 3.142 -0.620 2.5526 -0.6060
% 1744640687.46397 robobot/cmd/ti/rc 0.090 0.040 1744640687.4637299
1744640687.463993 120 3.029 0.124 -0.622 6 0.12 3.142 -0.622 2.5526 -0.6083
1744640687.4644349 120 3.029 0.124 -0.622 6 0.12 3.143 -0.622 2.5538 -0.6083
% 1744640687.464709 robobot/cmd/ti/rc 0.090 -0.036 1744640687.464607
1744640687.464729 120 3.029 0.123 -0.622 6 0.12 3.143 -0.622 2.5538 -0.6083
1744640687.470648 120 3.030 0.123 -0.623 6 0.12 3.144 -0.623 2.5550 -0.6094
% 1744640687.470808 robobot/cmd/ti/rc 0.090 -0.088 1744640687.470716
1744640687.470819 120 3.030 0.123 -0.623 6 0.12 3.144 -0.623 2.5550 -0.6094
% 1744640687.4843268 robobot/cmd/ti/rc 0.090 -0.110 1744640687.484129
1744640687.484355 120 3.031 0.122 -0.622 6 0.12 3.144 -0.622 2.5550 -0.6083
1744640687.4848268 120 3.031 0.122 -0.622 6 0.12 3.145 -0.622 2.5563 -0.6083
% 1744640687.4851 robobot/cmd/ti/rc 0.090 -0.043 1744640687.485004
1744640687.485121 120 3.031 0.122 -0.622 6 0.12 3.145 -0.622 2.5563 -0.6083
1744640687.495728 120 3.032 0.121 -0.622 6 0.12 3.147 -0.622 2.5577 -0.6083
% 1744640687.496032 robobot/cmd/ti/rc 0.090 -0.027 1744640687.495849
1744640687.496053 120 3.032 0.121 -0.622 6 0.12 3.147 -0.622 2.5577 -0.6083
% 1744640687.5093749 robobot/cmd/ti/rc 0.090 -0.095 1744640687.50911
1744640687.5094001 120 3.033 0.121 -0.626 6 0.12 3.147 -0.626 2.5577 -0.6118
1744640687.510035 120 3.033 0.121 -0.627 6 0.12 3.148 -0.627 2.5591 -0.6129
% 1744640687.532564 robobot/cmd/ti/rc 0.090 -0.078 1744640687.532313
1744640687.532578 120 3.033 0.120 -0.628 6 0.12 3.148 -0.628 2.5591 -0.6141
1744640687.53845 120 3.034 0.120 -0.628 6 0.12 3.149 -0.628 2.5603 -0.6141
% 1744640687.538784 robobot/cmd/ti/rc 0.090 -0.043 1744640687.5385349
1744640687.538795 120 3.034 0.120 -0.628 6 0.12 3.149 -0.628 2.5603 -0.6141
% 1744640687.5391831 robobot/cmd/ti/rc 0.090 -0.036 1744640687.539094
1744640687.5391932 120 3.035 0.119 -0.628 6 0.12 3.149 -0.628 2.5603 -0.6141
1744640687.539701 120 3.035 0.119 -0.629 6 0.12 3.150 -0.629 2.5615 -0.6152
% 1744640687.548683 robobot/cmd/ti/rc 0.090 -0.022 1744640687.5485399
1744640687.548706 120 3.035 0.119 -0.629 6 0.12 3.150 -0.629 2.5615 -0.6152
1744640687.554233 120 3.036 0.118 -0.631 6 0.12 3.152 -0.631 2.5629 -0.6175
% 1744640687.554542 robobot/cmd/ti/rc 0.090 -0.036 1744640687.554374
1744640687.554564 120 3.036 0.118 -0.631 6 0.12 3.152 -0.631 2.5629 -0.6175
% 1744640687.5698318 robobot/cmd/ti/rc 0.090 -0.069 1744640687.5696142
1744640687.569854 120 3.037 0.118 -0.633 6 0.12 3.152 -0.633 2.5629 -0.6187
1744640687.57987 120 3.037 0.117 -0.634 6 0.12 3.153 -0.634 2.5643 -0.6198
% 1744640687.5803149 robobot/cmd/ti/rc 0.090 -0.092 1744640687.580132
1744640687.5803368 120 3.038 0.117 -0.633 6 0.12 3.153 -0.633 2.5643 -0.6187
1744640687.587664 120 3.038 0.117 -0.634 6 0.12 3.155 -0.634 2.5657 -0.6198
% 1744640687.5879512 robobot/cmd/ti/rc 0.090 -0.098 1744640687.58778
1744640687.5879722 120 3.038 0.117 -0.634 6 0.12 3.155 -0.634 2.5657 -0.6198
% 1744640687.597266 robobot/cmd/ti/rc 0.090 -0.094 1744640687.597085
1744640687.597287 120 3.039 0.116 -0.634 6 0.13 3.155 -0.634 2.5657 -0.6198
1744640687.6090298 120 3.039 0.116 -0.635 6 0.13 3.156 -0.635 2.5670 -0.6210
% 1744640687.609387 robobot/cmd/ti/rc 0.090 -0.108 1744640687.6092029
1744640687.609406 120 3.040 0.116 -0.637 6 0.13 3.156 -0.637 2.5670 -0.6233
1744640687.620356 120 3.040 0.115 -0.638 6 0.13 3.157 -0.638 2.5683 -0.6245
% 1744640687.62065 robobot/cmd/ti/rc 0.090 -0.074 1744640687.620466
1744640687.6206698 120 3.040 0.115 -0.638 6 0.13 3.157 -0.638 2.5683 -0.6245
% 1744640687.6317708 robobot/cmd/ti/rc 0.090 -0.057 1744640687.631562
1744640687.631794 120 3.041 0.115 -0.639 6 0.13 3.157 -0.639 2.5683 -0.6256
1744640687.6428459 120 3.042 0.114 -0.639 6 0.13 3.159 -0.639 2.5695 -0.6256
% 1744640687.643201 robobot/cmd/ti/rc 0.090 -0.100 1744640687.643022
1744640687.643222 120 3.042 0.114 -0.642 6 0.13 3.159 -0.642 2.5695 -0.6279
1744640687.651892 120 3.043 0.114 -0.643 6 0.13 3.160 -0.643 2.5709 -0.6291
% 1744640687.6521971 robobot/cmd/ti/rc 0.090 -0.106 1744640687.652006
1744640687.652218 120 3.043 0.114 -0.643 6 0.13 3.160 -0.643 2.5709 -0.6291
% 1744640687.6826859 robobot/cmd/ti/rc 0.090 -0.104 1744640687.6824949
1744640687.682708 120 3.043 0.113 -0.643 6 0.13 3.160 -0.643 2.5709 -0.6291
1744640687.686317 120 3.043 0.113 -0.644 6 0.13 3.161 -0.644 2.5722 -0.6303
% 1744640687.68646 robobot/cmd/ti/rc 0.090 -0.109 1744640687.6864169
1744640687.686469 120 3.044 0.113 -0.645 6 0.13 3.161 -0.645 2.5722 -0.6314
1744640687.686683 120 3.045 0.112 -0.644 6 0.13 3.162 -0.644 2.5734 -0.6303
% 1744640687.686767 robobot/cmd/ti/rc 0.090 -0.109 1744640687.686732
1744640687.6867762 120 3.045 0.112 -0.644 6 0.13 3.162 -0.644 2.5734 -0.6303
% 1744640687.704441 robobot/cmd/ti/rc 0.090 -0.119 1744640687.7043562
1744640687.7044559 120 3.045 0.112 -0.646 6 0.14 3.162 -0.646 2.5734 -0.6326
1744640687.704766 120 3.045 0.111 -0.648 6 0.14 3.164 -0.648 2.5748 -0.6337
% 1744640687.724288 robobot/cmd/ti/rc 0.090 -0.122 1744640687.724171
1744640687.724309 120 3.046 0.111 -0.648 6 0.14 3.164 -0.648 2.5748 -0.6337
1744640687.724739 120 3.047 0.111 -0.648 6 0.14 3.165 -0.648 2.5761 -0.6337
% 1744640687.724907 robobot/cmd/ti/rc 0.090 -0.132 1744640687.724824
1744640687.724921 120 3.047 0.111 -0.648 6 0.14 3.165 -0.648 2.5761 -0.6337
% 1744640687.739242 robobot/cmd/ti/rc 0.090 -0.099 1744640687.739142
1744640687.739263 120 3.047 0.110 -0.650 6 0.14 3.165 -0.650 2.5761 -0.6360
1744640687.7397609 120 3.048 0.110 -0.650 6 0.14 3.166 -0.650 2.5773 -0.6360
% 1744640687.740022 robobot/cmd/ti/rc 0.090 -0.081 1744640687.739934
1744640687.740043 120 3.048 0.110 -0.651 6 0.14 3.166 -0.651 2.5773 -0.6372
1744640687.743386 120 3.049 0.109 -0.653 6 0.14 3.168 -0.653 2.5786 -0.6395
% 1744640687.743598 robobot/cmd/ti/rc 0.090 -0.113 1744640687.743505
1744640687.743619 120 3.049 0.109 -0.653 6 0.14 3.168 -0.653 2.5786 -0.6395
% 1744640687.749679 robobot/cmd/ti/rc 0.090 -0.122 1744640687.749587
1744640687.7497 120 3.049 0.109 -0.655 6 0.14 3.168 -0.655 2.5786 -0.6407
1744640687.7502542 120 3.050 0.108 -0.656 6 0.14 3.169 -0.656 2.5800 -0.6418
% 1744640687.7753248 robobot/cmd/ti/rc 0.090 -0.138 1744640687.775211
1744640687.775347 120 3.050 0.108 -0.656 6 0.14 3.169 -0.656 2.5800 -0.6418
1744640687.7759712 120 3.051 0.107 -0.658 6 0.14 3.170 -0.658 2.5813 -0.6441
% 1744640687.776181 robobot/cmd/ti/rc 0.090 -0.120 1744640687.776087
1744640687.776371 120 3.051 0.107 -0.658 6 0.15 3.170 -0.658 2.5813 -0.6441
% 1744640687.77685 robobot/cmd/ti/rc 0.090 -0.116 1744640687.776769
1744640687.776869 120 3.052 0.107 -0.659 6 0.15 3.170 -0.659 2.5813 -0.6453
1744640687.784684 120 3.052 0.107 -0.659 6 0.15 3.172 -0.659 2.5827 -0.6453
% 1744640687.791509 robobot/cmd/ti/rc 0.090 -0.094 1744640687.7914171
1744640687.79153 120 3.052 0.106 -0.660 6 0.15 3.172 -0.660 2.5827 -0.6464
1744640687.796561 120 3.053 0.106 -0.661 6 0.15 3.173 -0.661 2.5840 -0.6476
% 1744640687.796761 robobot/cmd/ti/rc 0.090 -0.102 1744640687.796672
1744640687.796782 120 3.053 0.106 -0.661 6 0.15 3.173 -0.661 2.5840 -0.6476
% 1744640687.8072078 robobot/cmd/ti/rc 0.090 -0.120 1744640687.807061
1744640687.807229 120 3.054 0.105 -0.661 6 0.15 3.173 -0.661 2.5840 -0.6476
1744640687.813044 120 3.054 0.105 -0.663 6 0.15 3.174 -0.663 2.5853 -0.6488
% 1744640687.817842 robobot/cmd/ti/rc 0.090 -0.110 1744640687.8176901
1744640687.817864 120 3.054 0.105 -0.663 6 0.15 3.174 -0.663 2.5853 -0.6488
1744640687.82384 120 3.055 0.104 -0.665 6 0.15 3.176 -0.665 2.5867 -0.6511
% 1744640687.834965 robobot/cmd/ti/rc 0.090 -0.129 1744640687.834826
1744640687.8349838 120 3.055 0.104 -0.665 6 0.15 3.176 -0.665 2.5867 -0.6511
% 1744640687.841707 robobot/cmd/ti/rc 0.090 -2.151 1744640687.8415282
1744640687.841729 120 3.056 0.104 -0.667 6 0.27 3.176 -0.667 2.5867 -0.6534
1744640687.842276 120 3.056 0.103 -0.667 6 0.27 3.177 -0.667 2.5881 -0.6534
% 1744640687.849591 robobot/cmd/ti/rc 0.090 -1.889 1744640687.8494
1744640687.849612 120 3.057 0.103 -0.667 6 0.25 3.177 -0.667 2.5881 -0.6534
1744640687.865914 120 3.057 0.102 -0.668 6 0.25 3.178 -0.668 2.5894 -0.6545
% 1744640687.866163 robobot/cmd/ti/rc 0.090 0.626 1744640687.866029
1744640687.8661828 120 3.057 0.102 -0.668 6 0.24 3.178 -0.668 2.5894 -0.6545
% 1744640687.875007 robobot/cmd/ti/rc 0.090 -0.007 1744640687.8748648
1744640687.875027 120 3.058 0.102 -0.678 6 0.24 3.178 -0.678 2.5894 -0.6638
1744640687.8757539 120 3.058 0.101 -0.682 6 0.24 3.180 -0.682 2.5912 -0.6684
% 1744640687.88588 robobot/cmd/ti/rc 0.090 -0.235 1744640687.885824
1744640687.885891 120 3.059 0.101 -0.689 6 0.24 3.180 -0.689 2.5912 -0.6754
1744640687.891636 120 3.059 0.101 -0.699 6 0.24 3.182 -0.699 2.5926 -0.6846
% 1744640687.891735 robobot/cmd/ti/rc 0.090 -0.273 1744640687.891685
1744640687.891745 120 3.059 0.101 -0.699 6 0.24 3.182 -0.699 2.5926 -0.6846
% 1744640687.896707 robobot/cmd/ti/rc 0.090 0.021 1744640687.896589
1744640687.896725 120 3.060 0.100 -0.700 6 0.24 3.182 -0.700 2.5926 -0.6858
1744640687.901556 120 3.060 0.100 -0.697 6 0.24 3.183 -0.697 2.5938 -0.6835
% 1744640687.905952 robobot/cmd/ti/rc 0.090 0.153 1744640687.9058502
1744640687.905963 120 3.061 0.099 -0.696 6 0.23 3.183 -0.696 2.5938 -0.6823
1744640687.9176161 120 3.062 0.099 -0.696 6 0.23 3.184 -0.696 2.5955 -0.6823
% 1744640687.9177878 robobot/cmd/ti/rc 0.090 0.132 1744640687.917681
1744640687.9178 120 3.062 0.099 -0.696 6 0.22 3.184 -0.696 2.5955 -0.6823
% 1744640687.932846 robobot/cmd/ti/rc 0.090 0.094 1744640687.932606
1744640687.932875 120 3.062 0.098 -0.701 6 0.22 3.184 -0.701 2.5955 -0.6869
1744640687.9333959 120 3.063 0.098 -0.704 6 0.22 3.186 -0.704 2.5972 -0.6904
% 1744640687.939007 robobot/cmd/ti/rc 0.090 0.021 1744640687.938858
1744640687.939029 120 3.063 0.098 -0.708 6 0.22 3.186 -0.708 2.5972 -0.6939
1744640687.945021 120 3.064 0.097 -0.715 6 0.22 3.188 -0.715 2.5989 -0.7008
% 1744640687.945279 robobot/cmd/ti/rc 0.090 -0.061 1744640687.945135
1744640687.9452999 120 3.064 0.097 -0.715 6 0.22 3.188 -0.715 2.5989 -0.7008
% 1744640687.9644659 robobot/cmd/ti/rc 0.090 -0.056 1744640687.964263
1744640687.9644868 120 3.064 0.097 -0.719 6 0.21 3.188 -0.719 2.5989 -0.7054
1744640687.9649339 120 3.064 0.096 -0.721 6 0.21 3.189 -0.721 2.6002 -0.7066
% 1744640687.971406 robobot/cmd/ti/rc 0.090 -0.052 1744640687.971227
1744640687.971427 120 3.065 0.096 -0.722 6 0.21 3.189 -0.722 2.6002 -0.7077
1744640687.979645 120 3.066 0.095 -0.722 6 0.21 3.190 -0.722 2.6013 -0.7077
% 1744640687.979914 robobot/cmd/ti/rc 0.090 -0.030 1744640687.9797602
1744640687.979934 120 3.066 0.095 -0.722 6 0.21 3.190 -0.722 2.6013 -0.7077
% 1744640687.984612 robobot/cmd/ti/rc 0.090 -0.040 1744640687.9844532
1744640687.984632 120 3.067 0.094 -0.723 6 0.21 3.190 -0.723 2.6013 -0.7089
1744640687.9931421 120 3.067 0.094 -0.723 6 0.21 3.192 -0.723 2.6030 -0.7089
% 1744640687.999416 robobot/cmd/ti/rc 0.090 -0.027 1744640687.99926
1744640687.9994361 120 3.067 0.094 -0.724 6 0.21 3.192 -0.724 2.6030 -0.7101
1744640688.0070531 120 3.068 0.093 -0.725 6 0.21 3.194 -0.725 2.6048 -0.7112
% 1744640688.0073018 robobot/cmd/ti/rc 0.090 -0.028 1744640688.007164
1744640688.007322 120 3.068 0.093 -0.725 6 0.20 3.194 -0.725 2.6048 -0.7112
% 1744640688.041636 robobot/cmd/ti/rc 0.090 -0.032 1744640688.041486
1744640688.041657 120 3.069 0.093 -0.727 6 0.20 3.194 -0.727 2.6048 -0.7135
1744640688.0421638 120 3.069 0.092 -0.727 6 0.20 3.195 -0.727 2.6062 -0.7135
% 1744640688.0424168 robobot/cmd/ti/rc 0.090 -0.074 1744640688.042336
1744640688.042437 120 3.069 0.092 -0.730 6 0.20 3.195 -0.730 2.6062 -0.7158
1744640688.0514119 120 3.070 0.092 -0.733 6 0.20 3.196 -0.733 2.6075 -0.7193
% 1744640688.051619 robobot/cmd/ti/rc 0.090 -0.045 1744640688.051533
1744640688.051639 120 3.070 0.092 -0.733 6 0.20 3.196 -0.733 2.6075 -0.7193
% 1744640688.071522 robobot/cmd/ti/rc 0.090 0.040 1744640688.071434
1744640688.071543 120 3.070 0.091 -0.736 6 0.20 3.196 -0.736 2.6075 -0.7216
1744640688.0720892 120 3.070 0.091 -0.737 6 0.20 3.197 -0.737 2.6084 -0.7228
% 1744640688.07234 robobot/cmd/ti/rc 0.090 0.022 1744640688.072258
1744640688.072364 120 3.071 0.091 -0.737 6 0.19 3.197 -0.737 2.6084 -0.7228
1744640688.072968 120 3.071 0.090 -0.736 6 0.19 3.198 -0.736 2.6095 -0.7216
% 1744640688.07316 robobot/cmd/ti/rc 0.090 -0.034 1744640688.07308
1744640688.07318 120 3.071 0.090 -0.736 6 0.19 3.198 -0.736 2.6095 -0.7216
% 1744640688.096148 robobot/cmd/ti/rc 0.090 -0.055 1744640688.0960572
1744640688.096169 120 3.072 0.089 -0.736 6 0.19 3.198 -0.736 2.6095 -0.7216
1744640688.096781 120 3.072 0.089 -0.734 6 0.19 3.200 -0.734 2.6110 -0.7205
% 1744640688.097026 robobot/cmd/ti/rc 0.090 -0.009 1744640688.096952
1744640688.097047 120 3.073 0.089 -0.736 6 0.19 3.200 -0.736 2.6110 -0.7216
1744640688.10759 120 3.073 0.089 -0.738 6 0.19 3.201 -0.738 2.6124 -0.7239
% 1744640688.107775 robobot/cmd/ti/rc 0.090 -0.030 1744640688.107701
1744640688.107795 120 3.073 0.089 -0.738 6 0.18 3.201 -0.738 2.6124 -0.7239
% 1744640688.1084049 robobot/cmd/ti/rc 0.090 -0.010 1744640688.108335
1744640688.108425 120 3.074 0.088 -0.739 6 0.18 3.201 -0.739 2.6124 -0.7251
1744640688.128412 120 3.074 0.088 -0.739 6 0.18 3.203 -0.739 2.6135 -0.7251
% 1744640688.128726 robobot/cmd/ti/rc 0.090 -0.036 1744640688.1286469
1744640688.128746 120 3.074 0.088 -0.740 6 0.18 3.203 -0.740 2.6135 -0.7262
1744640688.133149 120 3.075 0.087 -0.741 6 0.18 3.203 -0.741 2.6144 -0.7274
% 1744640688.133334 robobot/cmd/ti/rc 0.090 -0.035 1744640688.133263
1744640688.133354 120 3.075 0.087 -0.741 6 0.18 3.203 -0.741 2.6144 -0.7274
% 1744640688.139683 robobot/cmd/ti/rc 0.090 -0.015 1744640688.139597
1744640688.1397052 120 3.075 0.087 -0.741 6 0.18 3.203 -0.741 2.6144 -0.7274
1744640688.140355 120 3.076 0.086 -0.743 6 0.18 3.205 -0.743 2.6156 -0.7286
% 1744640688.150443 robobot/cmd/ti/rc 0.090 -0.025 1744640688.150356
1744640688.150464 120 3.076 0.086 -0.743 6 0.17 3.205 -0.743 2.6156 -0.7286
1744640688.1587899 120 3.076 0.086 -0.744 6 0.17 3.206 -0.744 2.6167 -0.7297
% 1744640688.158994 robobot/cmd/ti/rc 0.090 -0.066 1744640688.1589062
1744640688.159014 120 3.076 0.086 -0.744 6 0.17 3.206 -0.744 2.6167 -0.7297
% 1744640688.175509 robobot/cmd/ti/rc 0.090 -0.053 1744640688.175425
1744640688.17553 120 3.077 0.085 -0.745 6 0.17 3.206 -0.745 2.6167 -0.7309
1744640688.192956 120 3.077 0.085 -0.745 6 0.17 3.207 -0.745 2.6178 -0.7309
% 1744640688.193213 robobot/cmd/ti/rc 0.090 -0.024 1744640688.193127
1744640688.193233 120 3.077 0.085 -0.746 6 0.17 3.207 -0.746 2.6178 -0.7320
1744640688.207733 120 3.078 0.084 -0.747 6 0.17 3.208 -0.747 2.6189 -0.7332
% 1744640688.207937 robobot/cmd/ti/rc 0.090 -0.052 1744640688.207855
1744640688.208128 120 3.078 0.084 -0.747 6 0.17 3.208 -0.747 2.6189 -0.7332
% 1744640688.208972 robobot/cmd/ti/rc 0.090 -0.074 1744640688.208899
1744640688.208991 120 3.079 0.083 -0.748 6 0.17 3.208 -0.748 2.6189 -0.7343
1744640688.2094688 120 3.079 0.083 -0.749 6 0.17 3.209 -0.749 2.6202 -0.7355
% 1744640688.231135 robobot/cmd/ti/rc 0.090 -0.065 1744640688.231054
1744640688.2311559 120 3.079 0.083 -0.749 6 0.17 3.209 -0.749 2.6202 -0.7355
1744640688.231711 120 3.080 0.082 -0.749 6 0.17 3.210 -0.749 2.6215 -0.7355
% 1744640688.231897 robobot/cmd/ti/rc 0.090 -0.010 1744640688.23182
1744640688.231918 120 3.080 0.082 -0.749 6 0.16 3.210 -0.749 2.6215 -0.7355
% 1744640688.232434 robobot/cmd/ti/rc 0.090 -0.000 1744640688.232367
1744640688.232453 120 3.080 0.082 -0.749 6 0.16 3.210 -0.749 2.6215 -0.7355
1744640688.23452 120 3.081 0.082 -0.751 6 0.16 3.212 -0.751 2.6227 -0.7367
% 1744640688.242888 robobot/cmd/ti/rc 0.090 -0.017 1744640688.242784
1744640688.242909 120 3.081 0.081 -0.749 6 0.16 3.212 -0.749 2.6227 -0.7355
1744640688.2476642 120 3.082 0.081 -0.751 6 0.16 3.213 -0.751 2.6240 -0.7367
% 1744640688.247842 robobot/cmd/ti/rc 0.090 -0.031 1744640688.247772
1744640688.247862 120 3.082 0.081 -0.751 6 0.16 3.213 -0.751 2.6240 -0.7367
% 1744640688.267287 robobot/cmd/ti/rc 0.090 -0.052 1744640688.267179
1744640688.267308 120 3.082 0.080 -0.752 6 0.16 3.213 -0.752 2.6240 -0.7378
1744640688.267797 120 3.083 0.080 -0.751 6 0.16 3.214 -0.751 2.6252 -0.7367
% 1744640688.2680871 robobot/cmd/ti/rc 0.090 -0.052 1744640688.268016
1744640688.268107 120 3.083 0.079 -0.751 6 0.16 3.214 -0.751 2.6252 -0.7367
1744640688.281923 120 3.084 0.079 -0.752 6 0.16 3.216 -0.752 2.6267 -0.7378
% 1744640688.282145 robobot/cmd/ti/rc 0.090 -0.055 1744640688.282012
1744640688.282162 120 3.084 0.079 -0.752 6 0.15 3.216 -0.752 2.6267 -0.7378
% 1744640688.2892191 robobot/cmd/ti/rc 0.090 -0.057 1744640688.2890198
1744640688.289241 120 3.084 0.078 -0.753 6 0.15 3.216 -0.753 2.6267 -0.7390
1744640688.295357 120 3.085 0.078 -0.753 6 0.15 3.217 -0.753 2.6281 -0.7390
% 1744640688.2956958 robobot/cmd/ti/rc 0.090 -0.057 1744640688.2955468
1744640688.295716 120 3.085 0.078 -0.754 6 0.15 3.217 -0.754 2.6281 -0.7401
1744640688.337412 120 3.086 0.077 -0.753 6 0.15 3.218 -0.753 2.6294 -0.7390
% 1744640688.3377159 robobot/cmd/ti/rc 0.090 -0.071 1744640688.337538
1744640688.3377368 120 3.086 0.077 -0.753 6 0.15 3.218 -0.753 2.6294 -0.7390
% 1744640688.3383732 robobot/cmd/ti/rc 0.090 -0.042 1744640688.338279
1744640688.3383942 120 3.086 0.076 -0.753 6 0.15 3.218 -0.753 2.6294 -0.7390
1744640688.339073 120 3.087 0.076 -0.754 6 0.15 3.220 -0.754 2.6308 -0.7401
% 1744640688.341711 robobot/cmd/ti/rc 0.090 -0.044 1744640688.341619
1744640688.341732 120 3.087 0.076 -0.753 6 0.15 3.220 -0.753 2.6308 -0.7390
1744640688.342222 120 3.088 0.075 -0.754 6 0.15 3.221 -0.754 2.6322 -0.7401
% 1744640688.342417 robobot/cmd/ti/rc 0.090 -0.016 1744640688.3423371
1744640688.342437 120 3.088 0.075 -0.754 6 0.14 3.221 -0.754 2.6322 -0.7401
% 1744640688.352124 robobot/cmd/ti/rc 0.090 -0.058 1744640688.3520372
1744640688.3521438 120 3.088 0.074 -0.754 6 0.15 3.221 -0.754 2.6322 -0.7401
1744640688.359023 120 3.089 0.074 -0.754 6 0.15 3.222 -0.754 2.6334 -0.7401
% 1744640688.359275 robobot/cmd/ti/rc 0.090 -0.121 1744640688.359195
1744640688.359296 120 3.089 0.074 -0.755 6 0.14 3.222 -0.755 2.6334 -0.7413
1744640688.372044 120 3.090 0.073 -0.756 6 0.14 3.224 -0.756 2.6349 -0.7424
% 1744640688.372332 robobot/cmd/ti/rc 0.090 -0.090 1744640688.372169
1744640688.372354 120 3.090 0.073 -0.756 6 0.15 3.224 -0.756 2.6349 -0.7424
% 1744640688.3797472 robobot/cmd/ti/rc 0.090 -0.085 1744640688.37958
1744640688.3797681 120 3.090 0.073 -0.757 6 0.14 3.224 -0.757 2.6349 -0.7436
1744640688.400901 120 3.091 0.072 -0.757 6 0.14 3.225 -0.757 2.6364 -0.7436
% 1744640688.401249 robobot/cmd/ti/rc 0.090 -0.034 1744640688.401081
1744640688.401271 120 3.091 0.072 -0.757 6 0.14 3.225 -0.757 2.6364 -0.7436
1744640688.406914 120 3.092 0.071 -0.757 6 0.14 3.227 -0.757 2.6379 -0.7436
% 1744640688.407159 robobot/cmd/ti/rc 0.090 -0.071 1744640688.4070249
1744640688.407179 120 3.092 0.071 -0.757 6 0.14 3.227 -0.757 2.6379 -0.7436
% 1744640688.407678 robobot/cmd/ti/rc 0.090 -0.085 1744640688.407604
1744640688.407698 120 3.092 0.071 -0.759 6 0.14 3.227 -0.759 2.6379 -0.7447
1744640688.423437 120 3.093 0.070 -0.760 6 0.14 3.228 -0.760 2.6392 -0.7459
% 1744640688.429837 robobot/cmd/ti/rc 0.090 -0.073 1744640688.429605
1744640688.4298592 120 3.093 0.070 -0.760 6 0.14 3.228 -0.760 2.6392 -0.7459
% 1744640688.430471 robobot/cmd/ti/rc 0.090 -0.082 1744640688.4303858
1744640688.43049 120 3.094 0.069 -0.761 6 0.14 3.230 -0.761 2.6407 -0.7471
1744640688.430756 120 3.094 0.069 -0.761 6 0.14 3.230 -0.761 2.6407 -0.7471
% 1744640688.447985 robobot/cmd/ti/rc 0.090 -0.029 1744640688.447896
1744640688.448006 120 3.094 0.069 -0.761 6 0.14 3.230 -0.761 2.6407 -0.7471
1744640688.4725409 120 3.095 0.068 -0.762 6 0.14 3.231 -0.762 2.6421 -0.7482
% 1744640688.472768 robobot/cmd/ti/rc 0.090 0.334 1744640688.472672
1744640688.4727879 120 3.095 0.068 -0.762 6 0.12 3.231 -0.762 2.6421 -0.7482
% 1744640688.47349 robobot/cmd/ti/rc 0.090 0.173 1744640688.4734058
1744640688.4735098 120 3.096 0.068 -0.762 6 0.12 3.232 -0.762 2.6435 -0.7482
1744640688.473851 120 3.096 0.067 -0.763 6 0.12 3.232 -0.763 2.6435 -0.7494
% 1744640688.48188 robobot/cmd/ti/rc 0.090 -0.241 1744640688.481822
1744640688.481892 120 3.096 0.067 -0.764 6 0.12 3.232 -0.764 2.6435 -0.7505
1744640688.482183 120 3.097 0.066 -0.764 6 0.12 3.234 -0.764 2.6449 -0.7505
% 1744640688.4822888 robobot/cmd/ti/rc 0.090 0.051 1744640688.482243
1744640688.4822998 120 3.097 0.066 -0.764 6 0.12 3.234 -0.764 2.6449 -0.7505
% 1744640688.488362 robobot/cmd/ti/rc 0.090 0.064 1744640688.488246
1744640688.488373 120 3.097 0.066 -0.766 6 0.11 3.235 -0.766 2.6462 -0.7517
1744640688.488485 120 3.098 0.066 -0.764 6 0.11 3.235 -0.764 2.6462 -0.7505
% 1744640688.5009642 robobot/cmd/ti/rc 0.090 -0.195 1744640688.500779
1744640688.5009851 120 3.098 0.065 -0.766 6 0.12 3.235 -0.766 2.6462 -0.7517
1744640688.501514 120 3.099 0.065 -0.767 6 0.12 3.237 -0.767 2.6476 -0.7528
% 1744640688.505023 robobot/cmd/ti/rc 0.0 0.0
% 1744640688.505215 robobot/cmd/T0/leds 16 0 100 0
% 1744640688.505286 robobot/cmd/ti/rc 0.0 -0.80
1744640688.522562 120 3.099 0.065 -0.767 6 0.12 3.237 -0.767 0.0000 0.0000
1744640688.522895 120 3.099 0.064 -0.767 6 0.12 3.238 -0.767 0.0013 0.0000
1744640688.522999 120 3.100 0.064 -0.767 6 0.12 3.238 -0.767 0.0013 0.0000
1744640688.528826 120 3.100 0.063 -0.767 6 0.12 3.238 -0.767 0.0013 0.0000
1744640688.5293949 120 3.101 0.063 -0.767 6 0.12 3.239 -0.767 0.0026 0.0000
1744640688.535202 120 3.101 0.063 -0.767 6 0.12 3.239 -0.767 0.0026 0.0000
1744640688.551271 120 3.101 0.062 -0.767 6 0.12 3.241 -0.767 0.0040 0.0000
1744640688.5514119 120 3.102 0.062 -0.769 6 0.12 3.241 -0.769 0.0040 -0.0024
1744640688.56175 120 3.102 0.062 -0.770 6 0.12 3.241 -0.770 0.0040 -0.0035
1744640688.576298 120 3.102 0.061 -0.776 6 0.12 3.242 -0.776 0.0053 -0.0093
1744640688.5763898 120 3.102 0.061 -0.776 6 0.12 3.242 -0.776 0.0053 -0.0093
1744640688.588476 120 3.102 0.061 -0.781 6 0.12 3.243 -0.781 0.0059 -0.0139
1744640688.588761 120 3.102 0.061 -0.782 6 0.12 3.243 -0.782 0.0059 -0.0151
1744640688.594357 120 3.103 0.061 -0.783 6 0.12 3.243 -0.783 0.0059 -0.0162
1744640688.5951061 120 3.103 0.060 -0.786 6 0.12 3.243 -0.786 0.0065 -0.0197
1744640688.600867 120 3.103 0.060 -0.786 6 0.12 3.243 -0.786 0.0065 -0.0197
1744640688.607184 120 3.103 0.060 -0.791 6 0.12 3.244 -0.791 0.0069 -0.0243
1744640688.607424 120 3.103 0.060 -0.792 6 0.12 3.244 -0.792 0.0069 -0.0255
1744640688.6274261 120 3.104 0.060 -0.794 6 0.12 3.244 -0.794 0.0069 -0.0278
1744640688.6280131 120 3.104 0.060 -0.798 6 0.12 3.244 -0.798 0.0077 -0.0313
1744640688.6579 120 3.104 0.060 -0.798 6 0.12 3.244 -0.798 0.0077 -0.0313
1744640688.6584399 120 3.104 0.059 -0.804 6 0.12 3.245 -0.804 0.0083 -0.0370
1744640688.658738 120 3.104 0.059 -0.805 6 0.12 3.245 -0.805 0.0083 -0.0382
1744640688.658889 120 3.104 0.059 -0.808 6 0.12 3.245 -0.808 0.0083 -0.0417
1744640688.686974 120 3.104 0.059 -0.813 6 0.12 3.245 -0.813 0.0087 -0.0463
1744640688.687681 120 3.104 0.059 -0.813 6 0.12 3.245 -0.813 0.0087 -0.0463
1744640688.688214 120 3.104 0.059 -0.819 6 0.12 3.246 -0.819 0.0092 -0.0521
1744640688.6884558 120 3.104 0.059 -0.821 6 0.12 3.246 -0.821 0.0092 -0.0544
1744640688.693742 120 3.105 0.059 -0.825 6 0.12 3.246 -0.825 0.0092 -0.0579
1744640688.693907 120 3.105 0.059 -0.830 6 0.12 3.246 -0.830 0.0095 -0.0636
1744640688.693939 120 3.105 0.059 -0.830 6 0.12 3.246 -0.830 0.0095 -0.0636
1744640688.7107399 120 3.105 0.059 -0.835 6 0.12 3.246 -0.835 0.0097 -0.0683
1744640688.7108521 120 3.105 0.059 -0.837 6 0.12 3.246 -0.837 0.0097 -0.0706
1744640688.715589 120 3.105 0.059 -0.841 6 0.12 3.246 -0.841 0.0097 -0.0741
1744640688.715818 120 3.105 0.059 -0.848 6 0.12 3.246 -0.848 0.0097 -0.0810
1744640688.7158551 120 3.105 0.059 -0.848 6 0.12 3.246 -0.848 0.0097 -0.0810
1744640688.726243 120 3.105 0.059 -0.852 6 0.12 3.246 -0.852 0.0096 -0.0856
1744640688.7263749 120 3.105 0.059 -0.855 6 0.12 3.246 -0.855 0.0096 -0.0879
1744640688.748802 120 3.104 0.059 -0.858 6 0.12 3.246 -0.858 0.0096 -0.0914
1744640688.749323 120 3.104 0.059 -0.865 6 0.12 3.246 -0.865 0.0095 -0.0983
1744640688.749414 120 3.104 0.059 -0.865 6 0.12 3.246 -0.865 0.0095 -0.0983
1744640688.758029 120 3.104 0.059 -0.872 6 0.12 3.246 -0.872 0.0095 -0.1053
1744640688.7586071 120 3.104 0.059 -0.874 6 0.12 3.246 -0.874 0.0095 -0.1076
1744640688.767209 120 3.104 0.059 -0.879 6 0.12 3.246 -0.879 0.0095 -0.1122
1744640688.8084428 120 3.104 0.059 -0.887 6 0.12 3.246 -0.887 0.0094 -0.1203
1744640688.8085508 120 3.104 0.059 -0.887 6 0.12 3.246 -0.887 0.0094 -0.1203
1744640688.809042 120 3.104 0.059 -0.894 6 0.12 3.246 -0.894 0.0093 -0.1273
1744640688.809335 120 3.104 0.059 -0.897 6 0.12 3.246 -0.897 0.0093 -0.1307
1744640688.80948 120 3.104 0.059 -0.902 6 0.12 3.246 -0.902 0.0093 -0.1354
1744640688.834592 120 3.104 0.059 -0.910 6 0.12 3.246 -0.910 0.0093 -0.1434
1744640688.834686 120 3.104 0.059 -0.910 6 0.12 3.246 -0.910 0.0093 -0.1434
1744640688.8352141 120 3.104 0.059 -0.917 6 0.12 3.246 -0.917 0.0093 -0.1504
1744640688.835453 120 3.104 0.059 -0.921 6 0.12 3.246 -0.921 0.0093 -0.1539
1744640688.843364 120 3.104 0.059 -0.925 6 0.12 3.246 -0.925 0.0093 -0.1585
1744640688.843831 120 3.104 0.059 -0.933 6 0.12 3.246 -0.933 0.0092 -0.1666
1744640688.8439171 120 3.104 0.059 -0.933 6 0.12 3.246 -0.933 0.0092 -0.1666
1744640688.872065 120 3.104 0.059 -0.943 6 0.12 3.246 -0.943 0.0093 -0.1758
1744640688.872326 120 3.104 0.059 -0.945 6 0.12 3.246 -0.945 0.0093 -0.1781
1744640688.872482 120 3.104 0.059 -0.950 6 0.12 3.246 -0.950 0.0093 -0.1828
1744640688.881813 120 3.104 0.059 -0.958 6 0.12 3.246 -0.958 0.0093 -0.1909
1744640688.881866 120 3.104 0.059 -0.958 6 0.12 3.246 -0.958 0.0093 -0.1909
1744640688.882124 120 3.104 0.059 -0.967 6 0.12 3.246 -0.967 0.0094 -0.2001
1744640688.88225 120 3.105 0.059 -0.970 6 0.12 3.246 -0.970 0.0094 -0.2036
1744640688.8876271 120 3.105 0.059 -0.975 6 0.12 3.246 -0.975 0.0094 -0.2082
1744640688.907006 120 3.105 0.059 -0.984 6 0.12 3.246 -0.984 0.0095 -0.2175
1744640688.9195578 120 3.105 0.059 -0.984 6 0.12 3.246 -0.984 0.0095 -0.2175
1744640688.920089 120 3.105 0.059 -0.993 6 0.12 3.246 -0.993 0.0095 -0.2267
1744640688.920338 120 3.105 0.059 -0.996 6 0.12 3.246 -0.996 0.0095 -0.2290
1744640688.920545 120 3.105 0.059 -1.002 6 0.12 3.246 -1.002 0.0095 -0.2348
1744640688.9276931 120 3.105 0.059 -1.011 6 0.12 3.246 -1.011 0.0096 -0.2441
1744640688.9277859 120 3.105 0.059 -1.011 6 0.12 3.246 -1.011 0.0096 -0.2441
1744640688.937346 120 3.105 0.059 -1.020 6 0.12 3.246 -1.020 0.0097 -0.2533
1744640688.9376938 120 3.105 0.059 -1.024 6 0.12 3.246 -1.024 0.0097 -0.2568
1744640688.946621 120 3.105 0.059 -1.028 6 0.12 3.246 -1.028 0.0097 -0.2614
1744640688.952841 120 3.105 0.059 -1.037 6 0.12 3.246 -1.037 0.0097 -0.2707
1744640688.960822 120 3.105 0.059 -1.037 6 0.12 3.246 -1.037 0.0097 -0.2707
1744640688.9666371 120 3.105 0.059 -1.047 6 0.12 3.246 -1.047 0.0096 -0.2799
1744640688.966926 120 3.105 0.059 -1.049 6 0.12 3.246 -1.049 0.0096 -0.2822
1744640688.9769962 120 3.105 0.059 -1.056 6 0.12 3.246 -1.056 0.0096 -0.2892
1744640688.986957 120 3.105 0.059 -1.065 6 0.12 3.246 -1.065 0.0096 -0.2984
1744640688.991731 120 3.105 0.059 -1.065 6 0.12 3.246 -1.065 0.0096 -0.2984
1744640689.002215 120 3.105 0.059 -1.072 6 0.12 3.246 -1.072 0.0096 -0.3054
1744640689.002462 120 3.104 0.059 -1.075 6 0.12 3.246 -1.075 0.0096 -0.3088
1744640689.0219321 120 3.104 0.059 -1.080 6 0.12 3.246 -1.080 0.0096 -0.3134
1744640689.028297 120 3.104 0.059 -1.089 6 0.12 3.246 -1.089 0.0095 -0.3227
1744640689.02839 120 3.104 0.059 -1.089 6 0.12 3.246 -1.089 0.0095 -0.3227
1744640689.028855 120 3.104 0.059 -1.097 6 0.12 3.246 -1.097 0.0094 -0.3308
1744640689.029135 120 3.104 0.059 -1.101 6 0.12 3.246 -1.101 0.0094 -0.3343
1744640689.04719 120 3.104 0.059 -1.106 6 0.12 3.246 -1.106 0.0094 -0.3389
1744640689.0616279 120 3.104 0.059 -1.114 6 0.12 3.246 -1.114 0.0093 -0.3470
1744640689.061719 120 3.104 0.059 -1.114 6 0.12 3.246 -1.114 0.0093 -0.3470
1744640689.0680552 120 3.104 0.059 -1.123 6 0.12 3.246 -1.123 0.0093 -0.3562
1744640689.0683022 120 3.104 0.059 -1.128 6 0.12 3.246 -1.128 0.0093 -0.3609
1744640689.0684988 120 3.104 0.059 -1.130 6 0.12 3.246 -1.130 0.0093 -0.3632
1744640689.076395 120 3.104 0.059 -1.138 6 0.12 3.246 -1.138 0.0092 -0.3713
1744640689.076552 120 3.104 0.059 -1.138 6 0.12 3.246 -1.138 0.0092 -0.3713
1744640689.08999 120 3.104 0.059 -1.146 6 0.12 3.246 -1.146 0.0092 -0.3794
1744640689.090313 120 3.104 0.059 -1.152 6 0.12 3.246 -1.152 0.0092 -0.3852
1744640689.094846 120 3.104 0.059 -1.154 6 0.12 3.246 -1.154 0.0092 -0.3875
1744640689.107487 120 3.104 0.059 -1.161 6 0.12 3.246 -1.161 0.0091 -0.3944
1744640689.107579 120 3.104 0.059 -1.161 6 0.12 3.246 -1.161 0.0091 -0.3944
1744640689.116977 120 3.104 0.059 -1.169 6 0.12 3.246 -1.169 0.0092 -0.4025
1744640689.117335 120 3.104 0.059 -1.175 6 0.12 3.246 -1.175 0.0092 -0.4083
1744640689.1302981 120 3.104 0.059 -1.177 6 0.12 3.246 -1.177 0.0092 -0.4106
1744640689.140332 120 3.104 0.059 -1.184 6 0.12 3.246 -1.184 0.0092 -0.4175
1744640689.140427 120 3.104 0.059 -1.184 6 0.12 3.246 -1.184 0.0092 -0.4175
1744640689.145229 120 3.104 0.059 -1.191 6 0.12 3.246 -1.191 0.0091 -0.4245
1744640689.15477 120 3.104 0.059 -1.197 6 0.12 3.246 -1.197 0.0091 -0.4303
1744640689.159217 120 3.104 0.059 -1.199 6 0.12 3.246 -1.199 0.0091 -0.4326
1744640689.165987 120 3.104 0.059 -1.207 6 0.12 3.246 -1.207 0.0092 -0.4407
1744640689.166079 120 3.104 0.059 -1.207 6 0.12 3.246 -1.207 0.0092 -0.4407
1744640689.176217 120 3.104 0.059 -1.216 6 0.12 3.246 -1.216 0.0093 -0.4488
1744640689.180474 120 3.104 0.059 -1.220 6 0.12 3.246 -1.220 0.0093 -0.4534
1744640689.1875148 120 3.104 0.059 -1.222 6 0.12 3.246 -1.222 0.0093 -0.4557
1744640689.192568 120 3.104 0.059 -1.229 6 0.12 3.246 -1.229 0.0093 -0.4626
1744640689.198236 120 3.104 0.059 -1.229 6 0.12 3.246 -1.229 0.0093 -0.4626
1744640689.220334 120 3.104 0.059 -1.237 6 0.12 3.246 -1.237 0.0094 -0.4707
1744640689.220639 120 3.104 0.059 -1.241 6 0.12 3.246 -1.241 0.0094 -0.4742
1744640689.245195 120 3.105 0.059 -1.244 6 0.12 3.246 -1.244 0.0094 -0.4777
1744640689.245655 120 3.105 0.059 -1.251 6 0.12 3.246 -1.251 0.0095 -0.4846
1744640689.245743 120 3.105 0.059 -1.251 6 0.12 3.246 -1.251 0.0095 -0.4846
1744640689.246509 120 3.105 0.059 -1.259 6 0.12 3.246 -1.259 0.0096 -0.4927
1744640689.2468 120 3.105 0.059 -1.263 6 0.12 3.246 -1.263 0.0096 -0.4962
1744640689.246948 120 3.105 0.059 -1.266 6 0.12 3.246 -1.266 0.0096 -0.4996
1744640689.26428 120 3.105 0.059 -1.274 6 0.12 3.246 -1.274 0.0097 -0.5077
1744640689.264373 120 3.105 0.059 -1.274 6 0.12 3.246 -1.274 0.0097 -0.5077
1744640689.301404 120 3.105 0.059 -1.282 6 0.12 3.246 -1.282 0.0098 -0.5158
1744640689.3015401 120 3.105 0.058 -1.288 6 0.12 3.246 -1.288 0.0098 -0.5216
1744640689.301621 120 3.105 0.058 -1.291 6 0.12 3.246 -1.291 0.0098 -0.5239
1744640689.301866 120 3.105 0.058 -1.298 6 0.12 3.246 -1.298 0.0099 -0.5309
1744640689.301915 120 3.105 0.058 -1.298 6 0.12 3.246 -1.298 0.0099 -0.5309
1744640689.329761 120 3.105 0.058 -1.306 6 0.12 3.247 -1.306 0.0100 -0.5390
1744640689.330007 120 3.105 0.058 -1.310 6 0.12 3.247 -1.310 0.0100 -0.5436
1744640689.3303502 120 3.105 0.058 -1.314 6 0.12 3.247 -1.314 0.0100 -0.5471
1744640689.330862 120 3.105 0.058 -1.321 6 0.12 3.247 -1.321 0.0100 -0.5540
1744640689.355776 120 3.105 0.058 -1.321 6 0.12 3.247 -1.321 0.0100 -0.5540
1744640689.356274 120 3.105 0.058 -1.329 6 0.12 3.247 -1.329 0.0100 -0.5621
1744640689.356822 120 3.105 0.058 -1.333 6 0.12 3.247 -1.333 0.0100 -0.5667
1744640689.356972 120 3.105 0.058 -1.338 6 0.12 3.247 -1.338 0.0100 -0.5713
1744640689.3603961 120 3.105 0.058 -1.344 6 0.12 3.247 -1.344 0.0100 -0.5771
1744640689.360487 120 3.105 0.058 -1.344 6 0.12 3.247 -1.344 0.0100 -0.5771
1744640689.36095 120 3.105 0.058 -1.352 6 0.12 3.247 -1.352 0.0101 -0.5852
1744640689.361183 120 3.105 0.058 -1.357 6 0.12 3.247 -1.357 0.0101 -0.5899
1744640689.3690739 120 3.105 0.058 -1.360 6 0.12 3.247 -1.360 0.0101 -0.5933
1744640689.375316 120 3.105 0.058 -1.368 6 0.12 3.247 -1.368 0.0101 -0.6014
1744640689.375417 120 3.105 0.058 -1.368 6 0.12 3.247 -1.368 0.0101 -0.6014
1744640689.394089 120 3.105 0.058 -1.376 6 0.12 3.247 -1.376 0.0101 -0.6095
1744640689.3944268 120 3.105 0.058 -1.381 6 0.12 3.247 -1.381 0.0101 -0.6141
1744640689.404011 120 3.105 0.058 -1.384 6 0.12 3.247 -1.384 0.0101 -0.6176
1744640689.404514 120 3.105 0.058 -1.391 6 0.12 3.247 -1.391 0.0101 -0.6245
1744640689.416167 120 3.105 0.058 -1.391 6 0.12 3.247 -1.391 0.0101 -0.6245
1744640689.427806 120 3.105 0.058 -1.399 6 0.12 3.247 -1.399 0.0100 -0.6326
1744640689.428113 120 3.105 0.058 -1.405 6 0.12 3.247 -1.405 0.0100 -0.6384
1744640689.4405482 120 3.105 0.058 -1.407 6 0.12 3.247 -1.407 0.0100 -0.6407
1744640689.4410229 120 3.105 0.058 -1.417 6 0.12 3.247 -1.417 0.0100 -0.6500
1744640689.4411142 120 3.105 0.058 -1.417 6 0.12 3.247 -1.417 0.0100 -0.6500
1744640689.490286 120 3.105 0.058 -1.425 6 0.12 3.247 -1.425 0.0100 -0.6581
1744640689.4905422 120 3.105 0.058 -1.429 6 0.12 3.247 -1.429 0.0100 -0.6627
1744640689.490695 120 3.105 0.059 -1.433 6 0.12 3.247 -1.433 0.0100 -0.6662
1744640689.491222 120 3.105 0.058 -1.441 6 0.12 3.246 -1.441 0.0099 -0.6743
1744640689.491311 120 3.105 0.058 -1.441 6 0.12 3.246 -1.441 0.0099 -0.6743
1744640689.491808 120 3.105 0.059 -1.449 6 0.12 3.246 -1.449 0.0098 -0.6824
1744640689.492052 120 3.105 0.059 -1.455 6 0.12 3.246 -1.455 0.0098 -0.6882
1744640689.500594 120 3.105 0.059 -1.458 6 0.12 3.246 -1.458 0.0098 -0.6916
1744640689.500774 120 3.105 0.059 -1.466 6 0.12 3.246 -1.466 0.0097 -0.6997
1744640689.5008051 120 3.105 0.059 -1.466 6 0.12 3.246 -1.466 0.0097 -0.6997
1744640689.519109 120 3.105 0.059 -1.476 6 0.12 3.246 -1.476 0.0096 -0.7090
1744640689.519231 120 3.105 0.059 -1.480 6 0.12 3.246 -1.480 0.0096 -0.7136
1744640689.53149 120 3.105 0.059 -1.484 6 0.12 3.246 -1.484 0.0096 -0.7171
1744640689.5319319 120 3.105 0.059 -1.491 6 0.12 3.246 -1.491 0.0095 -0.7240
1744640689.5319738 120 3.105 0.059 -1.491 6 0.12 3.246 -1.491 0.0095 -0.7240
1744640689.5829701 120 3.105 0.059 -1.499 6 0.12 3.246 -1.499 0.0094 -0.7321
1744640689.5832908 120 3.105 0.059 -1.505 6 0.12 3.246 -1.505 0.0094 -0.7379
1744640689.583447 120 3.105 0.059 -1.507 6 0.12 3.246 -1.507 0.0094 -0.7402
1744640689.596281 120 3.105 0.059 -1.516 6 0.12 3.246 -1.516 0.0092 -0.7494
1744640689.5963871 120 3.105 0.059 -1.516 6 0.12 3.246 -1.516 0.0092 -0.7494
1744640690.746654 120 3.105 0.059 -1.523 6 0.12 3.245 -1.523 0.0080 -0.7564
1744640690.7469811 120 3.105 0.059 -1.530 6 0.12 3.245 -1.530 0.0080 -0.7633
1744640690.747303 120 3.105 0.059 -1.532 6 0.12 3.245 -1.532 0.0080 -0.7656
1744640690.747774 120 3.105 0.059 -1.540 6 0.12 3.245 -1.540 0.0080 -0.7737
1744640690.747872 120 3.105 0.059 -1.540 6 0.12 3.245 -1.540 0.0080 -0.7737
1744640690.748728 120 3.105 0.059 -1.548 6 0.12 3.245 -1.548 0.0080 -0.7818
1744640690.7489998 120 3.105 0.059 -1.553 6 0.12 3.245 -1.553 0.0080 -0.7865
1744640690.7491589 120 3.105 0.059 -1.557 6 0.12 3.245 -1.557 0.0080 -0.7899
1744640690.7497332 120 3.105 0.059 -1.565 6 0.12 3.245 -1.565 0.0080 -0.7980
1744640690.749828 120 3.105 0.059 -1.565 6 0.12 3.245 -1.565 0.0080 -0.7980
1744640690.750284 120 3.105 0.059 -1.574 6 0.12 3.245 -1.574 0.0080 -0.8073
1744640690.750589 120 3.105 0.059 -1.577 6 0.12 3.245 -1.577 0.0080 -0.8107
1744640690.750745 120 3.105 0.059 -1.581 6 0.12 3.245 -1.581 0.0080 -0.8142
1744640690.751214 120 3.105 0.059 -1.590 6 0.12 3.245 -1.590 0.0080 -0.8235
1744640690.751304 120 3.105 0.059 -1.590 6 0.12 3.245 -1.590 0.0080 -0.8235
1744640690.780587 120 3.105 0.059 -1.599 6 0.12 3.245 -1.599 0.0080 -0.8327
1744640690.780731 120 3.105 0.059 -1.604 6 0.12 3.245 -1.604 0.0080 -0.8373
1744640690.780843 120 3.105 0.059 -1.606 6 0.12 3.245 -1.606 0.0080 -0.8397
1744640690.781163 120 3.105 0.059 -1.616 6 0.12 3.245 -1.616 0.0080 -0.8489
1744640690.781214 120 3.105 0.059 -1.616 6 0.12 3.245 -1.616 0.0080 -0.8489
1744640690.781437 120 3.105 0.059 -1.624 6 0.12 3.245 -1.624 0.0080 -0.8570
1744640690.78162 120 3.105 0.059 -1.628 6 0.12 3.245 -1.628 0.0080 -0.8616
1744640690.781705 120 3.105 0.059 -1.632 6 0.12 3.245 -1.632 0.0080 -0.8651
1744640690.781922 120 3.105 0.059 -1.640 6 0.12 3.245 -1.640 0.0080 -0.8732
1744640690.7819679 120 3.105 0.059 -1.640 6 0.12 3.245 -1.640 0.0080 -0.8732
1744640690.782454 120 3.105 0.059 -1.649 6 0.12 3.245 -1.649 0.0080 -0.8824
1744640690.782576 120 3.105 0.059 -1.654 6 0.12 3.245 -1.654 0.0080 -0.8871
1744640690.78265 120 3.105 0.059 -1.656 6 0.12 3.245 -1.656 0.0080 -0.8894
1744640690.782885 120 3.105 0.059 -1.665 6 0.12 3.245 -1.665 0.0080 -0.8986
1744640690.78293 120 3.105 0.059 -1.665 6 0.12 3.245 -1.665 0.0080 -0.8986
1744640690.7831612 120 3.104 0.059 -2.510 6 0.12 3.245 -2.510 0.0080 -1.7429
1744640690.783233 120 3.104 0.059 -2.510 6 0.12 3.245 -2.510 0.0080 -1.7429
1744640690.7835011 120 3.104 0.059 -2.517 6 0.12 3.245 -2.517 0.0081 -1.7498
% 1744640690.799436 robobot/cmd/ti/rc 0.0 0.0
1744640690.8082502 120 3.104 0.059 -2.521 6 0.12 3.245 -2.521 0.0081 -1.7544
1744640690.808521 120 3.105 0.059 -2.522 6 0.12 3.245 -2.522 0.0081 -1.7556
1744640690.8166568 120 3.105 0.059 -2.530 6 0.12 3.245 -2.530 0.0081 -1.7637
1744640690.816809 120 3.105 0.059 -2.530 6 0.12 3.245 -2.530 0.0081 -1.7637
1744640690.817297 120 3.105 0.059 -2.537 6 0.12 3.244 -2.537 0.0079 -1.7706
1744640690.8175402 120 3.105 0.059 -2.542 6 0.12 3.244 -2.542 0.0079 -1.7753
1744640690.822655 120 3.105 0.059 -2.547 6 0.12 3.244 -2.547 0.0078 -1.7799
1744640690.823016 120 3.105 0.059 -2.554 6 0.12 3.244 -2.554 0.0078 -1.7868
1744640690.840579 120 3.105 0.059 -2.554 6 0.12 3.244 -2.554 0.0078 -1.7868
1744640690.84999 120 3.105 0.059 -2.559 6 0.12 3.245 -2.559 0.0079 -1.7926
1744640690.8502452 120 3.104 0.059 -2.563 6 0.12 3.245 -2.563 0.0079 -1.7961
1744640690.850608 120 3.104 0.059 -2.564 6 0.12 3.245 -2.564 0.0080 -1.7972
1744640690.873055 120 3.104 0.059 -2.565 6 0.12 3.245 -2.565 0.0080 -1.7984
1744640690.873206 120 3.104 0.059 -2.565 6 0.12 3.245 -2.565 0.0080 -1.7984
1744640690.873686 120 3.104 0.059 -2.566 6 0.12 3.245 -2.566 0.0081 -1.7995
1744640690.884963 120 3.105 0.059 -2.569 6 0.12 3.245 -2.569 0.0081 -1.8019
1744640690.88525 120 3.105 0.059 -2.570 6 0.12 3.245 -2.570 0.0082 -1.8030
1744640690.8855512 120 3.105 0.059 -2.573 6 0.12 3.245 -2.573 0.0082 -1.8065
1744640690.8856928 120 3.105 0.059 -2.573 6 0.12 3.245 -2.573 0.0082 -1.8065
1744640690.9491231 120 3.105 0.059 -2.575 6 0.12 3.245 -2.575 0.0080 -1.8088
1744640690.949395 120 3.104 0.059 -2.578 6 0.12 3.245 -2.578 0.0080 -1.8111
1744640690.9497 120 3.104 0.059 -2.579 6 0.12 3.244 -2.579 0.0079 -1.8123
1744640690.950007 120 3.104 0.059 -2.579 6 0.12 3.244 -2.579 0.0079 -1.8123
1744640690.950149 120 3.104 0.059 -2.579 6 0.12 3.244 -2.579 0.0079 -1.8123
1744640690.951015 120 3.104 0.059 -2.579 6 0.12 3.245 -2.579 0.0080 -1.8123
1744640690.951261 120 3.104 0.059 -2.579 6 0.12 3.245 -2.579 0.0080 -1.8123
1744640690.951522 120 3.104 0.059 -2.579 6 0.12 3.245 -2.579 0.0081 -1.8123
1744640690.951872 120 3.104 0.059 -2.579 6 0.12 3.245 -2.579 0.0081 -1.8123
1744640690.95201 120 3.104 0.059 -2.579 6 0.12 3.245 -2.579 0.0081 -1.8123
1744640690.9577181 120 3.104 0.059 -2.578 6 0.12 3.245 -2.578 0.0082 -1.8111
1744640690.958029 120 3.104 0.059 -2.577 6 0.12 3.245 -2.577 0.0082 -1.8100
1744640690.9680362 120 3.104 0.059 -2.575 6 0.12 3.245 -2.575 0.0083 -1.8088
1744640690.973272 120 3.104 0.059 -2.575 6 0.12 3.245 -2.575 0.0083 -1.8088
1744640690.9734788 120 3.104 0.059 -2.575 6 0.12 3.245 -2.575 0.0083 -1.8088
1744640690.99584 120 3.104 0.059 -2.575 6 0.12 3.245 -2.575 0.0084 -1.8088
1744640690.996089 120 3.104 0.059 -2.575 6 0.12 3.245 -2.575 0.0084 -1.8088
1744640690.9963992 120 3.104 0.059 -2.575 6 0.12 3.245 -2.575 0.0085 -1.8088
1744640691.007603 120 3.104 0.059 -2.575 6 0.12 3.245 -2.575 0.0085 -1.8088
1744640691.0077481 120 3.104 0.059 -2.575 6 0.12 3.245 -2.575 0.0085 -1.8088
1744640691.02107 120 3.104 0.059 -2.575 6 0.12 3.245 -2.575 0.0085 -1.8088
1744640691.0213702 120 3.104 0.059 -2.575 6 0.12 3.245 -2.575 0.0085 -1.8088
1744640691.0335932 120 3.104 0.059 -2.575 6 0.12 3.245 -2.575 0.0086 -1.8088
1744640691.0338922 120 3.104 0.059 -2.575 6 0.12 3.245 -2.575 0.0086 -1.8088
1744640691.049407 120 3.104 0.059 -2.575 6 0.12 3.245 -2.575 0.0086 -1.8088
1744640691.049937 120 3.104 0.059 -2.575 6 0.12 3.245 -2.575 0.0086 -1.8088
1744640691.05024 120 3.104 0.059 -2.574 6 0.12 3.245 -2.574 0.0086 -1.8076
1744640691.0822332 120 3.104 0.059 -2.574 6 0.12 3.245 -2.574 0.0087 -1.8076
1744640691.082539 120 3.104 0.059 -2.574 6 0.12 3.245 -2.574 0.0087 -1.8076
1744640691.08268 120 3.104 0.059 -2.574 6 0.12 3.245 -2.574 0.0087 -1.8076
1744640691.089793 120 3.104 0.059 -2.574 6 0.12 3.245 -2.574 0.0087 -1.8076
1744640691.089906 120 3.104 0.059 -2.574 6 0.12 3.245 -2.574 0.0087 -1.8076
1744640691.090028 120 3.104 0.059 -2.574 6 0.12 3.245 -2.574 0.0087 -1.8076
1744640691.0959518 120 3.104 0.059 -2.574 6 0.12 3.245 -2.574 0.0087 -1.8076
1744640691.096021 120 3.104 0.059 -2.574 6 0.12 3.245 -2.574 0.0087 -1.8076
1744640691.110658 120 3.104 0.059 -2.574 6 0.12 3.245 -2.574 0.0087 -1.8076
1744640691.110881 120 3.104 0.059 -2.574 6 0.12 3.245 -2.574 0.0087 -1.8076
1744640691.119073 120 3.104 0.059 -2.574 6 0.12 3.245 -2.574 0.0087 -1.8076
1744640691.12638 120 3.104 0.059 -2.574 6 0.12 3.245 -2.574 0.0087 -1.8076
1744640691.126525 120 3.104 0.059 -2.574 6 0.12 3.245 -2.574 0.0087 -1.8076
1744640691.1338491 120 3.104 0.059 -2.574 6 0.12 3.245 -2.574 0.0087 -1.8076
1744640691.142831 120 3.104 0.059 -2.574 6 0.12 3.245 -2.574 0.0087 -1.8076
1744640691.149465 120 3.104 0.059 -2.574 6 0.12 3.245 -2.574 0.0087 -1.8076
1744640691.173413 120 3.104 0.059 -2.574 6 0.12 3.245 -2.574 0.0087 -1.8076
1744640691.173558 120 3.104 0.059 -2.574 6 0.12 3.245 -2.574 0.0087 -1.8076
1744640691.184074 120 3.104 0.059 -2.574 6 0.12 3.245 -2.574 0.0087 -1.8076
1744640691.184402 120 3.104 0.059 -2.574 6 0.12 3.245 -2.574 0.0087 -1.8076
1744640691.1846778 120 3.104 0.059 -2.574 6 0.12 3.245 -2.574 0.0087 -1.8076
1744640691.184981 120 3.104 0.059 -2.574 6 0.12 3.245 -2.574 0.0087 -1.8076
1744640691.191533 120 3.104 0.059 -2.574 6 0.12 3.245 -2.574 0.0087 -1.8076
1744640691.2117429 120 3.104 0.059 -2.574 6 0.12 3.245 -2.574 0.0087 -1.8076
1744640691.211991 120 3.104 0.059 -2.574 6 0.12 3.245 -2.574 0.0087 -1.8076
1744640691.2207518 120 3.104 0.059 -2.574 6 0.12 3.245 -2.574 0.0087 -1.8076
1744640691.221057 120 3.104 0.059 -2.574 6 0.12 3.245 -2.574 0.0087 -1.8076
1744640691.2211971 120 3.104 0.059 -2.574 6 0.12 3.245 -2.574 0.0087 -1.8076
1744640691.2370439 120 3.104 0.059 -2.574 6 0.12 3.245 -2.574 0.0087 -1.8076
1744640691.237365 120 3.104 0.059 -2.574 6 0.12 3.245 -2.574 0.0087 -1.8076
1744640691.2459252 120 3.104 0.059 -2.574 6 0.12 3.245 -2.574 0.0088 -1.8076
1744640691.246279 120 3.104 0.059 -2.574 6 0.12 3.245 -2.574 0.0088 -1.8076
1744640691.24642 120 3.104 0.059 -2.574 6 0.12 3.245 -2.574 0.0088 -1.8076
1744640691.3104389 120 3.104 0.059 -2.574 6 0.12 3.245 -2.574 0.0088 -1.8076
1744640691.310708 120 3.104 0.059 -2.574 6 0.12 3.245 -2.574 0.0088 -1.8076
1744640691.310972 120 3.104 0.059 -2.574 6 0.12 3.245 -2.574 0.0088 -1.8076
1744640691.3113222 120 3.104 0.059 -2.574 6 0.12 3.245 -2.574 0.0088 -1.8076
1744640691.31148 120 3.104 0.059 -2.574 6 0.12 3.245 -2.574 0.0088 -1.8076
1744640691.31196 120 3.104 0.059 -2.574 6 0.12 3.245 -2.574 0.0088 -1.8076
1744640691.3121998 120 3.104 0.059 -2.574 6 0.12 3.245 -2.574 0.0088 -1.8076
1744640691.324022 120 3.104 0.059 -2.574 6 0.12 3.245 -2.574 0.0088 -1.8076
1744640691.324335 120 3.104 0.059 -2.574 6 0.12 3.245 -2.574 0.0088 -1.8076
1744640691.324477 120 3.104 0.059 -2.574 6 0.12 3.245 -2.574 0.0088 -1.8076
1744640691.32495 120 3.104 0.059 -2.574 6 0.12 3.245 -2.574 0.0088 -1.8076
1744640691.328798 120 3.104 0.059 -2.574 6 0.12 3.245 -2.574 0.0088 -1.8076
1744640691.344173 120 3.104 0.059 -2.574 6 0.12 3.245 -2.574 0.0088 -1.8076
1744640691.3444748 120 3.104 0.059 -2.574 6 0.12 3.245 -2.574 0.0088 -1.8076
1744640691.344616 120 3.104 0.059 -2.574 6 0.12 3.245 -2.574 0.0088 -1.8076
1744640691.3935602 120 3.104 0.059 -2.574 6 0.12 3.245 -2.574 0.0088 -1.8076
1744640691.393826 120 3.104 0.059 -2.574 6 0.12 3.245 -2.574 0.0088 -1.8076
1744640691.3940961 120 3.104 0.059 -2.574 6 0.12 3.245 -2.574 0.0088 -1.8076
1744640691.394403 120 3.104 0.059 -2.574 6 0.12 3.245 -2.574 0.0088 -1.8076
1744640691.394546 120 3.104 0.059 -2.574 6 0.12 3.245 -2.574 0.0088 -1.8076
1744640691.395082 120 3.104 0.059 -2.574 6 0.12 3.245 -2.574 0.0088 -1.8076
1744640691.3953438 120 3.104 0.059 -2.574 6 0.12 3.245 -2.574 0.0088 -1.8076
1744640691.396628 120 3.104 0.059 -2.574 6 0.12 3.245 -2.574 0.0088 -1.8076
1744640691.397003 120 3.104 0.059 -2.574 6 0.12 3.245 -2.574 0.0088 -1.8076
1744640691.39715 120 3.104 0.059 -2.574 6 0.12 3.245 -2.574 0.0088 -1.8076
1744640691.423105 120 3.104 0.059 -2.574 6 0.12 3.245 -2.574 0.0088 -1.8076
1744640691.423368 120 3.104 0.059 -2.574 6 0.12 3.245 -2.574 0.0088 -1.8076
1744640691.4236438 120 3.104 0.059 -2.574 6 0.12 3.245 -2.574 0.0088 -1.8076
1744640691.424006 120 3.104 0.059 -2.574 6 0.12 3.245 -2.574 0.0088 -1.8076
1744640691.429464 120 3.104 0.059 -2.574 6 0.12 3.245 -2.574 0.0088 -1.8076
1744640691.450248 120 3.104 0.059 -2.574 6 0.12 3.245 -2.574 0.0088 -1.8076
1744640691.450496 120 3.104 0.059 -2.574 6 0.12 3.245 -2.574 0.0088 -1.8076
1744640691.4508538 120 3.104 0.059 -2.574 6 0.12 3.245 -2.574 0.0088 -1.8076
1744640691.451155 120 3.104 0.059 -2.574 6 0.12 3.245 -2.574 0.0088 -1.8076
1744640691.505777 120 3.104 0.059 -2.574 6 0.12 3.245 -2.574 0.0088 -1.8076
1744640691.506279 120 3.104 0.059 -2.574 6 0.12 3.245 -2.574 0.0088 -1.8076
1744640691.506575 120 3.104 0.059 -2.574 6 0.12 3.245 -2.574 0.0088 -1.8076
1744640691.506835 120 3.104 0.059 -2.574 6 0.12 3.245 -2.574 0.0088 -1.8076
1744640691.507139 120 3.104 0.059 -2.574 6 0.12 3.245 -2.574 0.0088 -1.8076
1744640691.507602 120 3.104 0.059 -2.574 6 0.12 3.245 -2.574 0.0088 -1.8076
1744640691.508121 120 3.104 0.059 -2.574 6 0.12 3.245 -2.574 0.0088 -1.8076
1744640691.508356 120 3.104 0.059 -2.574 6 0.12 3.245 -2.574 0.0088 -1.8076
1744640691.508607 120 3.104 0.059 -2.574 6 0.12 3.245 -2.574 0.0088 -1.8076
1744640691.5461261 120 3.104 0.059 -2.574 6 0.12 3.245 -2.574 0.0088 -1.8076
1744640691.546284 120 3.104 0.059 -2.574 6 0.12 3.245 -2.574 0.0088 -1.8076
1744640691.5468202 120 3.104 0.059 -2.574 6 0.12 3.245 -2.574 0.0088 -1.8076
1744640691.547062 120 3.104 0.059 -2.574 6 0.12 3.245 -2.574 0.0088 -1.8076
1744640691.5473762 120 3.104 0.059 -2.574 6 0.12 3.245 -2.574 0.0088 -1.8076
1744640691.563176 120 3.104 0.059 -2.574 6 0.12 3.245 -2.574 0.0088 -1.8076
1744640691.563377 120 3.104 0.059 -2.574 6 0.12 3.245 -2.574 0.0088 -1.8076
1744640691.5639071 120 3.104 0.059 -2.574 6 0.12 3.245 -2.574 0.0088 -1.8076
1744640691.564151 120 3.104 0.059 -2.574 6 0.12 3.245 -2.574 0.0088 -1.8076
1744640691.569041 120 3.104 0.059 -2.574 6 0.12 3.245 -2.574 0.0088 -1.8076
1744640691.574054 120 3.104 0.059 -2.574 6 0.12 3.245 -2.574 0.0088 -1.8076
1744640691.5742779 120 3.104 0.059 -2.574 6 0.12 3.245 -2.574 0.0088 -1.8076
1744640691.584089 120 3.104 0.059 -2.574 6 0.12 3.245 -2.574 0.0088 -1.8076
1744640691.589159 120 3.104 0.059 -2.574 6 0.12 3.245 -2.574 0.0088 -1.8076
1744640691.595356 120 3.104 0.059 -2.574 6 0.12 3.245 -2.574 0.0088 -1.8076
1744640691.599923 120 3.104 0.059 -2.574 6 0.12 3.245 -2.574 0.0088 -1.8076
1744640691.608256 120 3.104 0.059 -2.574 6 0.12 3.245 -2.574 0.0088 -1.8076
% 1744640691.615909 robobot/cmd/ti/rc 0.0 0.0
% 1744640691.616048 robobot/cmd/T0/leds 16 0 0 0
1744640691.62499 120 3.104 0.059 -2.574 6 0.12 3.245 -2.574 0.0088 -1.8076
1744640691.62559 120 3.104 0.059 -2.574 6 0.12 3.245 -2.574 0.0088 -1.8076
1744640691.6334982 120 3.104 0.059 -2.574 6 0.12 3.245 -2.574 0.0088 -1.8076
1744640691.6337972 120 3.104 0.059 -2.574 6 0.12 3.245 -2.574 0.0088 -1.8076
1744640691.6625779 120 3.104 0.059 -2.574 6 0.12 3.245 -2.574 0.0088 -1.8076
1744640691.686715 120 3.104 0.059 -2.574 6 0.12 3.245 -2.574 0.0088 -1.8076
1744640691.687008 120 3.104 0.059 -2.574 6 0.12 3.245 -2.574 0.0088 -1.8076
1744640691.6872199 120 3.104 0.059 -2.574 6 0.12 3.245 -2.574 0.0088 -1.8076
1744640691.687432 120 3.104 0.059 -2.574 6 0.12 3.245 -2.574 0.0088 -1.8076
1744640691.687525 120 3.104 0.059 -2.574 6 0.12 3.245 -2.574 0.0088 -1.8076
1744640691.692547 120 3.104 0.059 -2.574 6 0.12 3.245 -2.574 0.0088 -1.8076
1744640691.692721 120 3.104 0.059 -2.574 6 0.12 3.245 -2.574 0.0088 -1.8076
1744640691.692896 120 3.104 0.059 -2.574 6 0.12 3.245 -2.574 0.0088 -1.8076
1744640691.6930969 120 3.104 0.059 -2.574 6 0.12 3.245 -2.574 0.0088 -1.8076
1744640691.697647 120 3.104 0.059 -2.574 6 0.12 3.245 -2.574 0.0088 -1.8076
1744640691.7107909 120 3.104 0.059 -2.574 6 0.12 3.245 -2.574 0.0088 -1.8076
1744640691.711064 120 3.104 0.059 -2.574 6 0.12 3.245 -2.574 0.0088 -1.8076
1744640691.71583 120 3.104 0.059 -2.574 6 0.12 3.245 -2.574 0.0088 -1.8076
1744640691.724375 120 3.104 0.059 -2.574 6 0.12 3.245 -2.574 0.0088 -1.8076
1744640691.7303932 120 3.104 0.059 -2.574 6 0.12 3.245 -2.574 0.0088 -1.8076
1744640691.735651 120 3.104 0.059 -2.574 6 0.12 3.245 -2.574 0.0088 -1.8076
1744640691.736005 120 3.104 0.059 -2.574 6 0.12 3.245 -2.574 0.0088 -1.8076
1744640691.752131 120 3.104 0.059 -2.574 6 0.12 3.245 -2.574 0.0088 -1.8076
1744640691.752617 120 3.104 0.059 -2.574 6 0.12 3.245 -2.574 0.0088 -1.8076
1744640691.775627 120 3.104 0.059 -2.574 6 0.12 3.245 -2.574 0.0088 -1.8076
1744640691.776133 120 3.104 0.059 -2.574 6 0.12 3.245 -2.574 0.0088 -1.8076
1744640691.785857 120 3.104 0.059 -2.574 6 0.12 3.245 -2.574 0.0088 -1.8076
1744640691.7861319 120 3.104 0.059 -2.574 6 0.12 3.245 -2.574 0.0088 -1.8076
1744640691.786449 120 3.104 0.059 -2.574 6 0.12 3.245 -2.574 0.0088 -1.8076
1744640691.786665 120 3.104 0.059 -2.574 6 0.12 3.245 -2.574 0.0088 -1.8076
1744640691.815139 120 3.104 0.059 -2.574 6 0.12 3.245 -2.574 0.0088 -1.8076
1744640691.815474 120 3.104 0.059 -2.574 6 0.12 3.245 -2.574 0.0088 -1.8076
1744640691.8174899 120 3.104 0.059 -2.574 6 0.12 3.245 -2.574 0.0088 -1.8076
1744640691.8177931 120 3.104 0.059 -2.574 6 0.12 3.245 -2.574 0.0088 -1.8076
1744640691.817935 120 3.104 0.059 -2.574 6 0.12 3.245 -2.574 0.0088 -1.8076
1744640691.823373 120 3.104 0.059 -2.574 6 0.12 3.245 -2.574 0.0088 -1.8076
1744640691.830173 120 3.104 0.059 -2.574 6 0.12 3.245 -2.574 0.0088 -1.8076
1744640691.847774 120 3.104 0.059 -2.574 6 0.12 3.245 -2.574 0.0088 -1.8076
1744640691.84815 120 3.104 0.059 -2.574 6 0.12 3.245 -2.574 0.0088 -1.8076
1744640691.848319 120 3.104 0.059 -2.574 6 0.12 3.245 -2.574 0.0088 -1.8076
1744640691.926784 120 3.104 0.059 -2.574 6 0.12 3.245 -2.574 0.0088 -1.8076
1744640691.927364 120 3.104 0.059 -2.574 6 0.12 3.245 -2.574 0.0088 -1.8076
1744640691.9276412 120 3.104 0.059 -2.574 6 0.12 3.245 -2.574 0.0088 -1.8076
1744640691.927996 120 3.104 0.059 -2.574 6 0.12 3.245 -2.574 0.0088 -1.8076
1744640691.928141 120 3.104 0.059 -2.574 6 0.12 3.245 -2.574 0.0088 -1.8076
1744640691.928611 120 3.104 0.059 -2.574 6 0.12 3.245 -2.574 0.0088 -1.8076
1744640691.928849 120 3.104 0.059 -2.574 6 0.12 3.245 -2.574 0.0088 -1.8076
% 1744640691.943755 robobot/cmd/T0/leds 16 0 100 0
% 1744640691.943817 robobot/cmd/ti/rc 0.0 0.80
1744640691.9449458 120 3.104 0.059 -2.574 7 0.12 3.245 -2.574 0.0000 0.0000
1744640691.9450371 120 3.104 0.059 -2.574 7 0.12 3.245 -2.574 0.0000 0.0000
1744640692.164059 120 3.104 0.059 -2.574 7 0.12 3.245 -2.574 0.0000 0.0000
1744640692.1646059 120 3.104 0.059 -2.574 7 0.12 3.245 -2.574 0.0000 0.0000
1744640692.164924 120 3.104 0.059 -2.574 7 0.12 3.245 -2.574 0.0000 0.0000
1744640692.165202 120 3.104 0.059 -2.574 7 0.12 3.245 -2.574 0.0000 0.0000
1744640692.167 120 3.104 0.059 -2.574 7 0.12 3.245 -2.574 0.0000 0.0000
1744640692.167156 120 3.104 0.059 -2.574 7 0.12 3.245 -2.574 0.0000 0.0000
1744640692.167659 120 3.104 0.059 -2.574 7 0.12 3.245 -2.574 0.0000 0.0000
1744640692.167972 120 3.104 0.059 -2.574 7 0.12 3.245 -2.574 0.0000 0.0000
1744640692.168181 120 3.104 0.059 -2.574 7 0.12 3.245 -2.574 0.0000 0.0000
1744640692.1684859 120 3.104 0.059 -2.574 7 0.12 3.245 -2.574 0.0000 0.0000
1744640692.168628 120 3.104 0.059 -2.574 7 0.12 3.245 -2.574 0.0000 0.0000
1744640692.169152 120 3.104 0.059 -2.574 7 0.12 3.245 -2.574 0.0000 0.0000
1744640692.169388 120 3.104 0.059 -2.574 7 0.12 3.245 -2.574 0.0000 0.0000
1744640692.169645 120 3.104 0.059 -2.574 7 0.12 3.245 -2.574 0.0000 0.0000
1744640692.169991 120 3.104 0.059 -2.574 7 0.12 3.245 -2.574 0.0000 0.0000
1744640692.1701288 120 3.104 0.059 -2.574 7 0.12 3.245 -2.574 0.0000 0.0000
1744640692.170604 120 3.104 0.059 -2.574 7 0.12 3.245 -2.574 0.0000 0.0000
1744640692.170722 120 3.104 0.059 -2.574 7 0.12 3.245 -2.574 0.0000 0.0000
1744640692.170806 120 3.104 0.059 -2.574 7 0.12 3.245 -2.574 0.0000 0.0000
1744640692.170979 120 3.104 0.059 -2.574 7 0.12 3.245 -2.574 0.0000 0.0000
1744640692.171038 120 3.104 0.059 -2.574 7 0.12 3.245 -2.574 0.0000 0.0000
1744640692.171215 120 3.104 0.059 -2.574 7 0.12 3.245 -2.574 0.0000 0.0000
1744640692.17132 120 3.104 0.059 -2.574 7 0.12 3.245 -2.574 0.0000 0.0000
1744640692.171446 120 3.104 0.059 -2.574 7 0.12 3.245 -2.574 0.0000 0.0000
1744640692.171768 120 3.104 0.059 -2.574 7 0.12 3.245 -2.574 0.0000 0.0000
1744640692.171891 120 3.104 0.059 -2.574 7 0.12 3.245 -2.574 0.0000 0.0000
1744640692.17212 120 3.104 0.059 -2.574 7 0.12 3.245 -2.574 0.0000 0.0000
1744640692.1722538 120 3.104 0.059 -2.574 7 0.12 3.245 -2.574 0.0000 0.0000
1744640692.172425 120 3.104 0.059 -2.572 7 0.12 3.245 -2.572 0.0000 0.0023
1744640692.172738 120 3.104 0.059 -2.557 7 0.12 3.245 -2.557 0.0000 0.0173
1744640692.1728058 120 3.104 0.059 -2.557 7 0.12 3.245 -2.557 0.0000 0.0173
1744640692.1730208 120 3.104 0.059 -2.542 7 0.12 3.245 -2.542 -0.0001 0.0323
1744640692.173119 120 3.104 0.059 -2.537 7 0.12 3.245 -2.537 -0.0001 0.0370
1744640692.1732218 120 3.105 0.059 -2.534 7 0.12 3.245 -2.534 -0.0003 0.0404
1744640692.1733398 120 3.104 0.059 -2.528 7 0.12 3.245 -2.528 -0.0003 0.0462
1744640692.173397 120 3.104 0.059 -2.528 7 0.12 3.245 -2.528 -0.0003 0.0462
1744640692.173603 120 3.104 0.059 -2.521 7 0.12 3.245 -2.521 -0.0003 0.0532
1744640692.1736991 120 3.104 0.059 -2.514 7 0.12 3.245 -2.514 -0.0003 0.0601
1744640692.1738 120 3.104 0.059 -2.510 7 0.12 3.245 -2.510 -0.0003 0.0647
1744640692.173943 120 3.105 0.059 -2.499 7 0.12 3.245 -2.499 -0.0003 0.0751
1744640692.174 120 3.105 0.059 -2.499 7 0.12 3.245 -2.499 -0.0003 0.0751
1744640692.174242 120 3.104 0.059 -2.489 7 0.12 3.245 -2.489 -0.0004 0.0855
1744640692.17434 120 3.104 0.059 -2.482 7 0.12 3.245 -2.482 -0.0004 0.0925
1744640692.1764312 120 3.105 0.059 -2.478 7 0.12 3.245 -2.478 -0.0003 0.0960
1744640692.182747 120 3.104 0.059 -2.466 7 0.12 3.245 -2.466 -0.0003 0.1087
1744640692.182807 120 3.104 0.059 -2.466 7 0.12 3.245 -2.466 -0.0003 0.1087
1744640692.190639 120 3.105 0.059 -2.453 7 0.12 3.245 -2.453 -0.0004 0.1214
1744640692.190772 120 3.104 0.059 -2.445 7 0.12 3.245 -2.445 -0.0004 0.1295
1744640692.198663 120 3.104 0.059 -2.440 7 0.12 3.245 -2.440 -0.0004 0.1341
1744640692.204063 120 3.104 0.059 -2.426 7 0.12 3.245 -2.426 -0.0004 0.1480
1744640692.20415 120 3.104 0.059 -2.426 7 0.12 3.245 -2.426 -0.0004 0.1480
1744640692.2158039 120 3.105 0.059 -2.414 7 0.12 3.245 -2.414 -0.0004 0.1607
1744640692.2205389 120 3.105 0.059 -2.404 7 0.12 3.245 -2.404 -0.0004 0.1700
1744640692.232778 120 3.105 0.059 -2.400 7 0.12 3.245 -2.400 -0.0004 0.1746
1744640692.2331688 120 3.105 0.059 -2.386 7 0.12 3.245 -2.386 -0.0004 0.1885
1744640692.23965 120 3.105 0.059 -2.386 7 0.12 3.245 -2.386 -0.0004 0.1885
1744640692.276295 120 3.105 0.059 -2.374 7 0.12 3.245 -2.374 -0.0005 0.2000
1744640692.2765398 120 3.105 0.059 -2.367 7 0.12 3.245 -2.367 -0.0005 0.2070
1744640692.276802 120 3.104 0.059 -2.364 7 0.12 3.245 -2.364 -0.0005 0.2104
1744640692.2839391 120 3.105 0.059 -2.353 7 0.12 3.245 -2.353 -0.0005 0.2209
1744640692.284089 120 3.105 0.059 -2.353 7 0.12 3.245 -2.353 -0.0005 0.2209
1744640692.284626 120 3.105 0.059 -2.342 7 0.12 3.245 -2.342 -0.0005 0.2324
1744640692.284866 120 3.105 0.059 -2.336 7 0.12 3.245 -2.336 -0.0005 0.2382
1744640692.3151271 120 3.105 0.059 -2.332 7 0.12 3.245 -2.332 -0.0006 0.2428
1744640692.315491 120 3.105 0.059 -2.319 7 0.12 3.245 -2.319 -0.0006 0.2556
1744640692.315636 120 3.105 0.059 -2.319 7 0.12 3.245 -2.319 -0.0006 0.2556
1744640692.3176599 120 3.105 0.059 -2.308 7 0.12 3.245 -2.308 -0.0008 0.2660
1744640692.317912 120 3.105 0.059 -2.303 7 0.12 3.245 -2.303 -0.0008 0.2717
1744640692.318173 120 3.105 0.059 -2.298 7 0.12 3.244 -2.298 -0.0010 0.2764
1744640692.349347 120 3.105 0.059 -2.286 7 0.12 3.244 -2.286 -0.0010 0.2879
1744640692.349514 120 3.105 0.059 -2.286 7 0.12 3.244 -2.286 -0.0010 0.2879
1744640692.353429 120 3.105 0.060 -2.276 7 0.12 3.244 -2.276 -0.0011 0.2983
1744640692.353677 120 3.105 0.059 -2.270 7 0.12 3.244 -2.270 -0.0011 0.3041
1744640692.3539982 120 3.105 0.060 -2.267 7 0.12 3.244 -2.267 -0.0011 0.3076
1744640692.3542972 120 3.105 0.060 -2.257 7 0.12 3.244 -2.257 -0.0011 0.3169
1744640692.3618538 120 3.105 0.060 -2.257 7 0.12 3.244 -2.257 -0.0011 0.3169
1744640692.3705332 120 3.105 0.060 -2.247 7 0.12 3.244 -2.247 -0.0012 0.3273
1744640692.370854 120 3.105 0.060 -2.242 7 0.12 3.244 -2.242 -0.0012 0.3319
1744640692.378101 120 3.105 0.060 -2.239 7 0.12 3.244 -2.239 -0.0013 0.3354
1744640692.383391 120 3.105 0.060 -2.231 7 0.12 3.244 -2.231 -0.0013 0.3435
1744640692.383544 120 3.105 0.060 -2.231 7 0.12 3.244 -2.231 -0.0013 0.3435
1744640692.402965 120 3.105 0.060 -2.223 7 0.12 3.244 -2.223 -0.0013 0.3515
1744640692.403313 120 3.105 0.060 -2.218 7 0.12 3.244 -2.218 -0.0013 0.3562
1744640692.426881 120 3.105 0.060 -2.215 7 0.12 3.244 -2.215 -0.0014 0.3596
1744640692.4272032 120 3.105 0.060 -2.207 7 0.12 3.244 -2.207 -0.0014 0.3677
1744640692.4273531 120 3.105 0.060 -2.207 7 0.12 3.244 -2.207 -0.0014 0.3677
1744640692.459761 120 3.105 0.060 -2.199 7 0.12 3.244 -2.199 -0.0014 0.3758
1744640692.460373 120 3.105 0.060 -2.195 7 0.12 3.244 -2.195 -0.0014 0.3793
1744640692.47647 120 3.105 0.060 -2.193 7 0.12 3.244 -2.193 -0.0013 0.3816
1744640692.4768362 120 3.105 0.060 -2.186 7 0.12 3.244 -2.186 -0.0013 0.3886
1744640692.4769778 120 3.105 0.060 -2.186 7 0.12 3.244 -2.186 -0.0013 0.3886
1744640692.4774468 120 3.105 0.059 -2.179 7 0.12 3.244 -2.179 -0.0012 0.3955
1744640692.4795148 120 3.105 0.059 -2.173 7 0.12 3.244 -2.173 -0.0012 0.4013
1744640692.47979 120 3.105 0.059 -2.171 7 0.12 3.244 -2.171 -0.0011 0.4036
1744640692.480136 120 3.105 0.059 -2.164 7 0.12 3.244 -2.164 -0.0011 0.4105
1744640692.480277 120 3.105 0.059 -2.164 7 0.12 3.244 -2.164 -0.0011 0.4105
1744640692.485857 120 3.105 0.059 -2.156 7 0.12 3.244 -2.156 -0.0011 0.4186
1744640692.535352 120 3.105 0.059 -2.152 7 0.12 3.244 -2.152 -0.0011 0.4221
1744640692.53574 120 3.105 0.059 -2.151 7 0.12 3.244 -2.151 -0.0010 0.4232
1744640692.536143 120 3.105 0.059 -2.145 7 0.12 3.244 -2.145 -0.0010 0.4290
1744640692.536295 120 3.105 0.059 -2.145 7 0.12 3.244 -2.145 -0.0010 0.4290
1744640692.5367901 120 3.105 0.059 -2.139 7 0.12 3.244 -2.139 -0.0010 0.4348
1744640692.537098 120 3.105 0.059 -2.135 7 0.12 3.244 -2.135 -0.0010 0.4394
1744640692.549359 120 3.105 0.059 -2.132 7 0.12 3.244 -2.132 -0.0009 0.4418
1744640692.549678 120 3.105 0.059 -2.126 7 0.12 3.244 -2.126 -0.0009 0.4487
1744640692.54984 120 3.105 0.059 -2.126 7 0.12 3.244 -2.126 -0.0009 0.4487
1744640692.559791 120 3.105 0.059 -2.121 7 0.12 3.244 -2.121 -0.0010 0.4533
1744640692.560041 120 3.105 0.059 -2.118 7 0.12 3.244 -2.118 -0.0010 0.4568
1744640692.5796962 120 3.105 0.059 -2.115 7 0.12 3.244 -2.115 -0.0010 0.4591
1744640692.5800278 120 3.105 0.059 -2.107 7 0.12 3.244 -2.107 -0.0010 0.4672
1744640692.580179 120 3.105 0.059 -2.107 7 0.12 3.244 -2.107 -0.0010 0.4672
1744640692.5938501 120 3.105 0.059 -2.103 7 0.12 3.244 -2.103 -0.0010 0.4718
1744640692.5941162 120 3.105 0.059 -2.099 7 0.12 3.244 -2.099 -0.0010 0.4753
1744640692.594388 120 3.105 0.059 -2.097 7 0.12 3.244 -2.097 -0.0009 0.4776
1744640692.594771 120 3.105 0.059 -2.089 7 0.12 3.244 -2.089 -0.0009 0.4857
1744640692.594922 120 3.105 0.059 -2.089 7 0.12 3.244 -2.089 -0.0009 0.4857
1744640692.620419 120 3.105 0.059 -2.083 7 0.12 3.244 -2.083 -0.0009 0.4915
1744640692.620663 120 3.105 0.059 -2.078 7 0.12 3.244 -2.078 -0.0009 0.4961
1744640692.621264 120 3.105 0.059 -2.075 7 0.12 3.244 -2.075 -0.0009 0.4996
1744640692.623533 120 3.105 0.059 -2.069 7 0.12 3.244 -2.069 -0.0009 0.5054
1744640692.634479 120 3.105 0.059 -2.069 7 0.12 3.244 -2.069 -0.0009 0.5054
1744640692.648999 120 3.105 0.059 -2.061 7 0.12 3.244 -2.061 -0.0010 0.5135
1744640692.6492548 120 3.105 0.059 -2.057 7 0.12 3.244 -2.057 -0.0010 0.5169
1744640692.692557 120 3.105 0.059 -2.054 7 0.12 3.244 -2.054 -0.0010 0.5204
1744640692.692897 120 3.105 0.059 -2.046 7 0.12 3.244 -2.046 -0.0010 0.5285
1744640692.6930501 120 3.105 0.059 -2.046 7 0.12 3.244 -2.046 -0.0010 0.5285
1744640692.693578 120 3.105 0.059 -2.039 7 0.12 3.244 -2.039 -0.0011 0.5354
1744640692.6938891 120 3.105 0.059 -2.034 7 0.12 3.244 -2.034 -0.0011 0.5401
1744640692.694159 120 3.105 0.059 -2.030 7 0.12 3.244 -2.030 -0.0011 0.5447
1744640692.7045708 120 3.105 0.059 -2.023 7 0.12 3.244 -2.023 -0.0011 0.5516
1744640692.704746 120 3.105 0.059 -2.023 7 0.12 3.244 -2.023 -0.0011 0.5516
1744640692.705316 120 3.105 0.059 -2.013 7 0.12 3.244 -2.013 -0.0011 0.5609
1744640692.7055721 120 3.105 0.059 -2.009 7 0.12 3.244 -2.009 -0.0011 0.5655
1744640692.722469 120 3.105 0.060 -2.005 7 0.12 3.244 -2.005 -0.0012 0.5690
1744640692.722702 120 3.105 0.060 -1.996 7 0.12 3.244 -1.996 -0.0012 0.5782
1744640692.74862 120 3.105 0.060 -1.996 7 0.12 3.244 -1.996 -0.0012 0.5782
1744640692.749231 120 3.105 0.059 -1.988 7 0.12 3.244 -1.988 -0.0012 0.5863
1744640692.749493 120 3.105 0.059 -1.983 7 0.12 3.244 -1.983 -0.0012 0.5909
1744640692.764205 120 3.105 0.059 -1.979 7 0.12 3.244 -1.979 -0.0011 0.5956
1744640692.7645981 120 3.105 0.060 -1.971 7 0.12 3.244 -1.971 -0.0011 0.6037
1744640692.76475 120 3.105 0.060 -1.971 7 0.12 3.244 -1.971 -0.0011 0.6037
1744640692.76526 120 3.105 0.060 -1.961 7 0.12 3.244 -1.961 -0.0012 0.6129
1744640692.7687712 120 3.105 0.060 -1.957 7 0.12 3.244 -1.957 -0.0012 0.6175
1744640692.769064 120 3.105 0.060 -1.953 7 0.12 3.244 -1.953 -0.0012 0.6210
1744640692.773869 120 3.105 0.060 -1.944 7 0.12 3.244 -1.944 -0.0012 0.6303
1744640692.774026 120 3.105 0.060 -1.944 7 0.12 3.244 -1.944 -0.0012 0.6303
1744640692.8116858 120 3.105 0.060 -1.936 7 0.12 3.244 -1.936 -0.0013 0.6384
1744640692.811949 120 3.105 0.060 -1.931 7 0.12 3.244 -1.931 -0.0013 0.6430
1744640692.8122828 120 3.105 0.060 -1.928 7 0.12 3.244 -1.928 -0.0013 0.6464
1744640692.812595 120 3.105 0.060 -1.921 7 0.12 3.244 -1.921 -0.0013 0.6534
1744640692.813096 120 3.105 0.060 -1.921 7 0.12 3.244 -1.921 -0.0013 0.6534
1744640692.819455 120 3.105 0.060 -1.913 7 0.12 3.244 -1.913 -0.0013 0.6615
1744640692.819751 120 3.105 0.060 -1.908 7 0.12 3.244 -1.908 -0.0013 0.6661
1744640692.828578 120 3.105 0.060 -1.904 7 0.12 3.244 -1.904 -0.0012 0.6707
1744640692.843978 120 3.105 0.060 -1.897 7 0.12 3.244 -1.897 -0.0012 0.6777
1744640692.844026 120 3.105 0.060 -1.897 7 0.12 3.244 -1.897 -0.0012 0.6777
1744640692.8441641 120 3.105 0.060 -1.887 7 0.12 3.244 -1.887 -0.0012 0.6869
1744640692.8830771 120 3.105 0.060 -1.882 7 0.12 3.244 -1.882 -0.0012 0.6927
1744640692.883159 120 3.105 0.060 -1.878 7 0.12 3.244 -1.878 -0.0013 0.6962
1744640692.883234 120 3.105 0.060 -1.869 7 0.12 3.244 -1.869 -0.0013 0.7054
1744640692.89016 120 3.105 0.060 -1.869 7 0.12 3.244 -1.869 -0.0013 0.7054
1744640692.890293 120 3.105 0.060 -1.861 7 0.12 3.244 -1.861 -0.0013 0.7135
1744640692.890353 120 3.105 0.060 -1.856 7 0.12 3.244 -1.856 -0.0013 0.7182
1744640692.9167411 120 3.105 0.060 -1.853 7 0.12 3.244 -1.853 -0.0013 0.7216
1744640692.9169369 120 3.105 0.060 -1.843 7 0.12 3.244 -1.843 -0.0013 0.7309
1744640692.916987 120 3.105 0.060 -1.843 7 0.12 3.244 -1.843 -0.0013 0.7309
1744640692.917151 120 3.105 0.059 -1.835 7 0.12 3.244 -1.835 -0.0012 0.7390
1744640692.927732 120 3.105 0.060 -1.831 7 0.12 3.244 -1.831 -0.0012 0.7436
1744640692.9278212 120 3.105 0.060 -1.827 7 0.12 3.244 -1.827 -0.0012 0.7471
1744640692.9279392 120 3.105 0.060 -1.818 7 0.12 3.244 -1.818 -0.0012 0.7563
1744640692.9279869 120 3.105 0.060 -1.818 7 0.12 3.244 -1.818 -0.0012 0.7563
1744640692.959681 120 3.105 0.060 -1.809 7 0.12 3.244 -1.809 -0.0013 0.7656
1744640692.9598668 120 3.105 0.060 -1.806 7 0.12 3.244 -1.806 -0.0013 0.7679
1744640692.9600608 120 3.105 0.060 -1.802 7 0.12 3.244 -1.802 -0.0012 0.7725
1744640692.9753149 120 3.105 0.060 -1.792 7 0.12 3.244 -1.792 -0.0012 0.7818
1744640692.9754481 120 3.105 0.060 -1.792 7 0.12 3.244 -1.792 -0.0012 0.7818
1744640692.9758148 120 3.105 0.060 -1.786 7 0.12 3.244 -1.786 -0.0012 0.7887
1744640692.976031 120 3.105 0.060 -1.782 7 0.12 3.244 -1.782 -0.0012 0.7922
1744640692.9824939 120 3.105 0.060 -1.776 7 0.12 3.244 -1.776 -0.0012 0.7979
1744640692.9827929 120 3.105 0.060 -1.771 7 0.12 3.244 -1.771 -0.0012 0.8037
1744640693.0607738 120 3.105 0.060 -1.771 7 0.12 3.244 -1.771 -0.0012 0.8037
1744640693.072432 120 3.105 0.060 -1.764 7 0.12 3.244 -1.764 -0.0012 0.8107
1744640693.0726998 120 3.105 0.060 -1.760 7 0.12 3.244 -1.760 -0.0012 0.8141
1744640693.0729768 120 3.105 0.060 -1.756 7 0.12 3.244 -1.756 -0.0013 0.8188
1744640693.073279 120 3.105 0.059 -1.747 7 0.12 3.244 -1.747 -0.0013 0.8269
1744640693.073434 120 3.105 0.059 -1.747 7 0.12 3.244 -1.747 -0.0013 0.8269
1744640693.073971 120 3.105 0.060 -1.742 7 0.12 3.244 -1.742 -0.0012 0.8326
1744640693.074208 120 3.105 0.060 -1.738 7 0.12 3.244 -1.738 -0.0012 0.8361
1744640693.074462 120 3.105 0.060 -1.734 7 0.12 3.244 -1.734 -0.0011 0.8407
1744640693.084521 120 3.105 0.060 -1.724 7 0.12 3.244 -1.724 -0.0011 0.8500
1744640693.0846741 120 3.105 0.060 -1.724 7 0.12 3.244 -1.724 -0.0011 0.8500
1744640693.085152 120 3.105 0.060 -1.716 7 0.12 3.244 -1.716 -0.0013 0.8581
1744640693.085393 120 3.105 0.060 -1.714 7 0.12 3.244 -1.714 -0.0013 0.8604
1744640693.085647 120 3.105 0.060 -1.709 7 0.12 3.244 -1.709 -0.0014 0.8650
1744640693.085993 120 3.105 0.060 -1.702 7 0.12 3.244 -1.702 -0.0014 0.8720
1744640693.086194 120 3.105 0.060 -1.702 7 0.12 3.244 -1.702 -0.0014 0.8720
1744640693.1201978 120 3.105 0.060 -1.694 7 0.12 3.244 -1.694 -0.0014 0.8801
1744640693.120447 120 3.105 0.060 -1.692 7 0.12 3.244 -1.692 -0.0014 0.8824
1744640693.1207628 120 3.105 0.060 -1.687 7 0.12 3.244 -1.687 -0.0013 0.8870
1744640693.1210618 120 3.105 0.060 -1.679 7 0.12 3.244 -1.679 -0.0013 0.8951
1744640693.121204 120 3.105 0.060 -1.679 7 0.12 3.244 -1.679 -0.0013 0.8951
1744640693.152686 120 3.105 0.060 -1.672 7 0.12 3.244 -1.672 -0.0012 0.9020
1744640693.152867 120 3.105 0.060 -1.670 7 0.12 3.244 -1.670 -0.0012 0.9043
1744640693.153014 120 3.105 0.059 -1.664 7 0.12 3.244 -1.664 -0.0012 0.9101
1744640693.153184 120 3.105 0.060 -1.656 7 0.12 3.244 -1.656 -0.0012 0.9182
1744640693.153267 120 3.105 0.060 -1.656 7 0.12 3.244 -1.656 -0.0012 0.9182
1744640693.153575 120 3.105 0.060 -1.648 7 0.12 3.244 -1.648 -0.0011 0.9263
1744640693.165372 120 3.105 0.060 -1.645 7 0.12 3.244 -1.645 -0.0011 0.9298
1744640693.165549 120 3.105 0.060 -1.640 7 0.12 3.244 -1.640 -0.0012 0.9344
1744640693.165708 120 3.105 0.060 -1.632 7 0.12 3.244 -1.632 -0.0012 0.9425
1744640693.165778 120 3.105 0.060 -1.632 7 0.12 3.244 -1.632 -0.0012 0.9425
1744640693.186661 120 3.105 0.060 -1.624 7 0.12 3.244 -1.624 -0.0012 0.9506
1744640693.1868632 120 3.105 0.060 -1.620 7 0.12 3.244 -1.620 -0.0012 0.9541
1744640693.187347 120 3.105 0.060 -1.617 7 0.12 3.244 -1.617 -0.0012 0.9575
1744640693.196085 120 3.105 0.060 -1.610 7 0.12 3.244 -1.610 -0.0012 0.9645
1744640693.196197 120 3.105 0.060 -1.610 7 0.12 3.244 -1.610 -0.0012 0.9645
1744640693.207198 120 3.105 0.060 -1.602 7 0.12 3.244 -1.602 -0.0012 0.9726
1744640693.215054 120 3.105 0.060 -1.598 7 0.12 3.244 -1.598 -0.0012 0.9760
1744640693.2153192 120 3.105 0.060 -1.594 7 0.12 3.244 -1.594 -0.0012 0.9807
1744640693.242197 120 3.105 0.060 -1.587 7 0.12 3.244 -1.587 -0.0012 0.9876
1744640693.24235 120 3.105 0.060 -1.587 7 0.12 3.244 -1.587 -0.0012 0.9876
1744640693.267221 120 3.105 0.060 -1.580 7 0.12 3.244 -1.580 -0.0012 0.9946
1744640693.267471 120 3.105 0.060 -1.575 7 0.12 3.244 -1.575 -0.0012 0.9992
1744640693.267786 120 3.105 0.060 -1.571 7 0.12 3.244 -1.571 -0.0013 1.0038
1744640693.268086 120 3.105 0.060 -1.562 7 0.12 3.244 -1.562 -0.0013 1.0119
1744640693.296577 120 3.105 0.060 -1.562 7 0.12 3.244 -1.562 -0.0013 1.0119
1744640693.297112 120 3.105 0.060 -1.554 7 0.12 3.244 -1.554 -0.0014 1.0200
1744640693.29741 120 3.105 0.060 -1.552 7 0.12 3.244 -1.552 -0.0014 1.0223
1744640693.297674 120 3.105 0.060 -1.548 7 0.12 3.244 -1.548 -0.0014 1.0258
1744640693.340649 120 3.105 0.060 -1.539 7 0.12 3.244 -1.539 -0.0014 1.0350
1744640693.340759 120 3.105 0.060 -1.539 7 0.12 3.244 -1.539 -0.0014 1.0350
1744640693.341134 120 3.105 0.060 -1.532 7 0.12 3.244 -1.532 -0.0015 1.0420
1744640693.3413 120 3.105 0.060 -1.530 7 0.12 3.244 -1.530 -0.0015 1.0443
1744640693.341481 120 3.105 0.060 -1.525 7 0.12 3.244 -1.525 -0.0014 1.0489
1744640693.341692 120 3.105 0.060 -1.518 7 0.12 3.244 -1.518 -0.0014 1.0558
1744640693.341794 120 3.105 0.060 -1.518 7 0.12 3.244 -1.518 -0.0014 1.0558
1744640693.3421628 120 3.105 0.060 -1.512 7 0.12 3.244 -1.512 -0.0014 1.0628
1744640693.3423302 120 3.105 0.060 -1.507 7 0.12 3.244 -1.507 -0.0014 1.0674
1744640693.350713 120 3.105 0.060 -1.502 7 0.12 3.244 -1.502 -0.0015 1.0720
1744640693.3510668 120 3.105 0.060 -1.494 7 0.12 3.244 -1.494 -0.0015 1.0801
1744640693.351216 120 3.105 0.060 -1.494 7 0.12 3.244 -1.494 -0.0015 1.0801
1744640693.3898208 120 3.105 0.060 -1.486 7 0.12 3.244 -1.486 -0.0015 1.0882
1744640693.3900712 120 3.105 0.060 -1.484 7 0.12 3.244 -1.484 -0.0015 1.0905
1744640693.390335 120 3.105 0.060 -1.479 7 0.12 3.244 -1.479 -0.0016 1.0952
1744640693.391567 120 3.105 0.060 -1.470 7 0.12 3.244 -1.470 -0.0016 1.1044
1744640693.391718 120 3.105 0.060 -1.470 7 0.12 3.244 -1.470 -0.0016 1.1044
1744640693.392192 120 3.105 0.060 -1.463 7 0.12 3.244 -1.463 -0.0016 1.1114
1744640693.392427 120 3.105 0.060 -1.460 7 0.12 3.244 -1.460 -0.0016 1.1148
1744640693.416254 120 3.105 0.060 -1.455 7 0.12 3.244 -1.455 -0.0016 1.1195
% 1744640693.422127 robobot/cmd/ti/rc 0.0 0.0
1744640693.433056 120 3.105 0.060 -1.448 7 0.12 3.244 -1.448 -0.0016 1.1264
1744640693.433208 120 3.105 0.060 -1.448 7 0.12 3.244 -1.448 -0.0016 1.1264
1744640693.4337358 120 3.105 0.060 -1.440 7 0.12 3.244 -1.440 -0.0015 1.1345
1744640693.434026 120 3.105 0.060 -1.436 7 0.12 3.244 -1.436 -0.0015 1.1380
1744640693.449908 120 3.105 0.060 -1.432 7 0.12 3.244 -1.432 -0.0015 1.1426
1744640693.450204 120 3.105 0.060 -1.424 7 0.12 3.244 -1.424 -0.0015 1.1507
1744640693.450351 120 3.105 0.060 -1.424 7 0.12 3.244 -1.424 -0.0015 1.1507
1744640693.469766 120 3.105 0.060 -1.417 7 0.12 3.244 -1.417 -0.0014 1.1576
1744640693.470011 120 3.105 0.060 -1.412 7 0.12 3.244 -1.412 -0.0014 1.1622
1744640693.470274 120 3.105 0.060 -1.410 7 0.12 3.244 -1.410 -0.0016 1.1646
1744640693.470568 120 3.105 0.061 -1.405 7 0.12 3.244 -1.405 -0.0016 1.1692
1744640693.470709 120 3.105 0.061 -1.405 7 0.12 3.244 -1.405 -0.0016 1.1692
1744640693.4940312 120 3.105 0.061 -1.404 7 0.12 3.244 -1.404 -0.0017 1.1703
1744640693.4942772 120 3.105 0.061 -1.403 7 0.12 3.244 -1.403 -0.0017 1.1715
1744640693.494553 120 3.105 0.061 -1.398 7 0.12 3.243 -1.398 -0.0021 1.1761
1744640693.504606 120 3.105 0.062 -1.396 7 0.12 3.243 -1.396 -0.0021 1.1784
1744640693.504749 120 3.105 0.062 -1.396 7 0.12 3.243 -1.396 -0.0021 1.1784
1744640693.510446 120 3.105 0.062 -1.391 7 0.12 3.243 -1.391 -0.0026 1.1831
1744640693.51058 120 3.105 0.062 -1.390 7 0.12 3.243 -1.390 -0.0026 1.1842
1744640693.524297 120 3.105 0.062 -1.390 7 0.12 3.242 -1.390 -0.0030 1.1842
1744640693.524618 120 3.105 0.062 -1.389 7 0.12 3.242 -1.389 -0.0030 1.1854
1744640693.5384262 120 3.105 0.062 -1.389 7 0.12 3.242 -1.389 -0.0030 1.1854
1744640693.549841 120 3.105 0.062 -1.388 7 0.12 3.242 -1.388 -0.0033 1.1865
1744640693.550082 120 3.105 0.062 -1.388 7 0.12 3.242 -1.388 -0.0033 1.1865
1744640693.5503922 120 3.105 0.062 -1.387 7 0.12 3.242 -1.387 -0.0035 1.1877
1744640693.556607 120 3.105 0.063 -1.384 7 0.12 3.242 -1.384 -0.0035 1.1900
1744640693.5567539 120 3.105 0.063 -1.384 7 0.12 3.242 -1.384 -0.0035 1.1900
1744640693.583214 120 3.105 0.063 -1.383 7 0.12 3.242 -1.383 -0.0037 1.1912
1744640693.583513 120 3.105 0.063 -1.383 7 0.12 3.242 -1.383 -0.0037 1.1912
1744640693.614413 120 3.105 0.063 -1.383 7 0.12 3.241 -1.383 -0.0039 1.1912
1744640693.614721 120 3.105 0.063 -1.383 7 0.12 3.241 -1.383 -0.0039 1.1912
1744640693.614861 120 3.105 0.063 -1.383 7 0.12 3.241 -1.383 -0.0039 1.1912
1744640693.615384 120 3.105 0.063 -1.383 7 0.12 3.241 -1.383 -0.0041 1.1912
1744640693.6156201 120 3.105 0.063 -1.383 7 0.12 3.241 -1.383 -0.0041 1.1912
1744640693.61588 120 3.105 0.063 -1.383 7 0.12 3.241 -1.383 -0.0042 1.1912
1744640693.6423879 120 3.105 0.063 -1.383 7 0.12 3.241 -1.383 -0.0042 1.1912
1744640693.642538 120 3.105 0.063 -1.383 7 0.12 3.241 -1.383 -0.0042 1.1912
1744640693.643008 120 3.105 0.063 -1.383 7 0.12 3.241 -1.383 -0.0043 1.1912
1744640693.643242 120 3.105 0.063 -1.383 7 0.12 3.241 -1.383 -0.0043 1.1912
1744640693.672079 120 3.105 0.063 -1.383 7 0.12 3.241 -1.383 -0.0044 1.1912
1744640693.672517 120 3.105 0.063 -1.383 7 0.12 3.241 -1.383 -0.0044 1.1912
1744640693.672608 120 3.105 0.063 -1.383 7 0.12 3.241 -1.383 -0.0044 1.1912
1744640693.673449 120 3.105 0.063 -1.383 7 0.12 3.241 -1.383 -0.0044 1.1912
1744640693.673708 120 3.105 0.063 -1.383 7 0.12 3.241 -1.383 -0.0044 1.1912
1744640693.674021 120 3.105 0.063 -1.383 7 0.12 3.241 -1.383 -0.0045 1.1912
1744640693.6743639 120 3.105 0.063 -1.384 7 0.12 3.241 -1.384 -0.0045 1.1900
1744640693.6744509 120 3.105 0.063 -1.384 7 0.12 3.241 -1.384 -0.0045 1.1900
1744640693.686222 120 3.105 0.063 -1.384 7 0.12 3.241 -1.384 -0.0045 1.1900
1744640693.6942668 120 3.105 0.063 -1.384 7 0.12 3.241 -1.384 -0.0045 1.1900
1744640693.7150211 120 3.105 0.063 -1.384 7 0.12 3.241 -1.384 -0.0045 1.1900
1744640693.721536 120 3.105 0.063 -1.384 7 0.12 3.241 -1.384 -0.0045 1.1900
1744640693.7216299 120 3.105 0.063 -1.384 7 0.12 3.241 -1.384 -0.0045 1.1900
1744640693.722168 120 3.105 0.063 -1.384 7 0.12 3.241 -1.384 -0.0045 1.1900
1744640693.722409 120 3.105 0.063 -1.384 7 0.12 3.241 -1.384 -0.0045 1.1900
1744640693.7273312 120 3.105 0.063 -1.384 7 0.12 3.241 -1.384 -0.0045 1.1900
1744640693.7497668 120 3.105 0.063 -1.384 7 0.12 3.241 -1.384 -0.0045 1.1900
1744640693.757801 120 3.105 0.063 -1.384 7 0.12 3.241 -1.384 -0.0045 1.1900
1744640693.7582562 120 3.105 0.063 -1.384 7 0.12 3.241 -1.384 -0.0045 1.1900
1744640693.7586932 120 3.105 0.063 -1.384 7 0.12 3.241 -1.384 -0.0045 1.1900
1744640693.786485 120 3.105 0.063 -1.384 7 0.12 3.241 -1.384 -0.0045 1.1900
1744640693.786918 120 3.105 0.063 -1.384 7 0.12 3.241 -1.384 -0.0045 1.1900
1744640693.787071 120 3.105 0.063 -1.384 7 0.12 3.241 -1.384 -0.0045 1.1900
1744640693.787568 120 3.105 0.063 -1.384 7 0.12 3.241 -1.384 -0.0046 1.1900
1744640693.787816 120 3.105 0.063 -1.384 7 0.12 3.241 -1.384 -0.0046 1.1900
1744640693.791649 120 3.105 0.063 -1.384 7 0.12 3.241 -1.384 -0.0046 1.1900
1744640693.802161 120 3.105 0.063 -1.384 7 0.12 3.241 -1.384 -0.0046 1.1900
1744640693.8022861 120 3.105 0.063 -1.384 7 0.12 3.241 -1.384 -0.0046 1.1900
1744640693.813736 120 3.105 0.063 -1.384 7 0.12 3.241 -1.384 -0.0046 1.1900
1744640693.814007 120 3.105 0.063 -1.384 7 0.12 3.241 -1.384 -0.0046 1.1900
1744640693.839553 120 3.105 0.063 -1.384 7 0.12 3.241 -1.384 -0.0046 1.1900
1744640693.839936 120 3.105 0.063 -1.384 7 0.12 3.241 -1.384 -0.0046 1.1900
1744640693.840029 120 3.105 0.063 -1.384 7 0.12 3.241 -1.384 -0.0046 1.1900
1744640693.8429382 120 3.105 0.063 -1.384 7 0.12 3.241 -1.384 -0.0046 1.1900
1744640693.843206 120 3.105 0.063 -1.384 7 0.12 3.241 -1.384 -0.0046 1.1900
1744640693.868206 120 3.105 0.063 -1.384 7 0.12 3.241 -1.384 -0.0046 1.1900
1744640693.8685749 120 3.105 0.063 -1.384 7 0.12 3.241 -1.384 -0.0046 1.1900
1744640693.868667 120 3.105 0.063 -1.384 7 0.12 3.241 -1.384 -0.0046 1.1900
1744640693.890775 120 3.105 0.063 -1.384 7 0.12 3.241 -1.384 -0.0046 1.1900
1744640693.890887 120 3.105 0.063 -1.384 7 0.12 3.241 -1.384 -0.0046 1.1900
1744640693.891007 120 3.105 0.063 -1.384 7 0.12 3.241 -1.384 -0.0046 1.1900
1744640693.910048 120 3.105 0.063 -1.384 7 0.12 3.241 -1.384 -0.0046 1.1900
1744640693.91011 120 3.105 0.063 -1.384 7 0.12 3.241 -1.384 -0.0046 1.1900
1744640693.910416 120 3.105 0.063 -1.384 7 0.12 3.241 -1.384 -0.0046 1.1900
1744640693.91055 120 3.105 0.063 -1.384 7 0.12 3.241 -1.384 -0.0046 1.1900
1744640693.9563808 120 3.105 0.063 -1.384 7 0.12 3.241 -1.384 -0.0046 1.1900
1744640693.956766 120 3.105 0.063 -1.384 7 0.12 3.241 -1.384 -0.0046 1.1900
1744640693.956915 120 3.105 0.063 -1.384 7 0.12 3.241 -1.384 -0.0046 1.1900
1744640693.957422 120 3.105 0.063 -1.384 7 0.12 3.241 -1.384 -0.0046 1.1900
1744640693.957685 120 3.105 0.063 -1.384 7 0.12 3.241 -1.384 -0.0046 1.1900
1744640693.957951 120 3.105 0.063 -1.384 7 0.12 3.241 -1.384 -0.0046 1.1900
1744640693.958702 120 3.105 0.063 -1.384 7 0.12 3.241 -1.384 -0.0046 1.1900
1744640693.958792 120 3.105 0.063 -1.384 7 0.12 3.241 -1.384 -0.0046 1.1900
1744640693.961233 120 3.105 0.063 -1.384 7 0.12 3.241 -1.384 -0.0046 1.1900
1744640693.961487 120 3.105 0.063 -1.384 7 0.12 3.241 -1.384 -0.0046 1.1900
1744640693.97964 120 3.105 0.063 -1.384 7 0.12 3.241 -1.384 -0.0046 1.1900
1744640693.999834 120 3.105 0.063 -1.384 7 0.12 3.241 -1.384 -0.0046 1.1900
1744640693.999934 120 3.105 0.063 -1.384 7 0.12 3.241 -1.384 -0.0046 1.1900
1744640694.000434 120 3.105 0.063 -1.384 7 0.12 3.241 -1.384 -0.0046 1.1900
1744640694.006409 120 3.105 0.063 -1.384 7 0.12 3.241 -1.384 -0.0046 1.1900
1744640694.006755 120 3.105 0.063 -1.384 7 0.12 3.241 -1.384 -0.0046 1.1900
1744640694.007144 120 3.105 0.063 -1.384 7 0.12 3.241 -1.384 -0.0046 1.1900
1744640694.0072372 120 3.105 0.063 -1.384 7 0.12 3.241 -1.384 -0.0046 1.1900
1744640694.020277 120 3.105 0.063 -1.384 7 0.12 3.241 -1.384 -0.0047 1.1900
1744640694.02064 120 3.105 0.063 -1.384 7 0.12 3.241 -1.384 -0.0047 1.1900
1744640694.02855 120 3.105 0.063 -1.384 7 0.12 3.241 -1.384 -0.0047 1.1900
1744640694.03938 120 3.105 0.063 -1.384 7 0.12 3.241 -1.384 -0.0047 1.1900
1744640694.039475 120 3.105 0.063 -1.384 7 0.12 3.241 -1.384 -0.0047 1.1900
1744640694.045624 120 3.105 0.063 -1.384 7 0.12 3.241 -1.384 -0.0047 1.1900
1744640694.052398 120 3.105 0.063 -1.384 7 0.12 3.241 -1.384 -0.0047 1.1900
1744640694.0638158 120 3.105 0.063 -1.384 7 0.12 3.241 -1.384 -0.0047 1.1900
1744640694.069417 120 3.105 0.063 -1.384 7 0.12 3.241 -1.384 -0.0047 1.1900
1744640694.069501 120 3.105 0.063 -1.384 7 0.12 3.241 -1.384 -0.0047 1.1900
1744640694.076858 120 3.105 0.063 -1.384 7 0.12 3.241 -1.384 -0.0047 1.1900
1744640694.082176 120 3.105 0.063 -1.384 7 0.12 3.241 -1.384 -0.0047 1.1900
1744640694.086574 120 3.105 0.063 -1.384 7 0.12 3.241 -1.384 -0.0047 1.1900
1744640694.098994 120 3.105 0.063 -1.384 7 0.12 3.241 -1.384 -0.0047 1.1900
1744640694.0990841 120 3.105 0.063 -1.384 7 0.12 3.241 -1.384 -0.0047 1.1900
1744640694.110005 120 3.105 0.063 -1.384 7 0.12 3.241 -1.384 -0.0047 1.1900
1744640694.110304 120 3.105 0.063 -1.384 7 0.12 3.241 -1.384 -0.0047 1.1900
1744640694.114628 120 3.105 0.063 -1.384 7 0.12 3.241 -1.384 -0.0046 1.1900
1744640694.124779 120 3.105 0.063 -1.384 7 0.12 3.241 -1.384 -0.0046 1.1900
1744640694.1248698 120 3.105 0.063 -1.384 7 0.12 3.241 -1.384 -0.0046 1.1900
1744640694.136327 120 3.105 0.063 -1.384 7 0.12 3.241 -1.384 -0.0046 1.1900
1744640694.143986 120 3.105 0.063 -1.384 7 0.12 3.241 -1.384 -0.0046 1.1900
1744640694.1493702 120 3.105 0.063 -1.384 7 0.12 3.241 -1.384 -0.0046 1.1900
1744640694.1559849 120 3.105 0.063 -1.384 7 0.12 3.241 -1.384 -0.0046 1.1900
1744640694.156081 120 3.105 0.063 -1.384 7 0.12 3.241 -1.384 -0.0046 1.1900
1744640694.166463 120 3.105 0.063 -1.384 7 0.12 3.241 -1.384 -0.0046 1.1900
1744640694.171345 120 3.105 0.063 -1.384 7 0.12 3.241 -1.384 -0.0046 1.1900
1744640694.176826 120 3.105 0.063 -1.384 7 0.12 3.241 -1.384 -0.0046 1.1900
1744640694.187226 120 3.105 0.063 -1.384 7 0.12 3.241 -1.384 -0.0046 1.1900
1744640694.187317 120 3.105 0.063 -1.384 7 0.12 3.241 -1.384 -0.0046 1.1900
1744640694.197599 120 3.105 0.063 -1.384 7 0.12 3.241 -1.384 -0.0046 1.1900
1744640694.2036438 120 3.105 0.063 -1.384 7 0.12 3.241 -1.384 -0.0046 1.1900
1744640694.207992 120 3.105 0.063 -1.384 7 0.12 3.241 -1.384 -0.0046 1.1900
1744640694.216928 120 3.105 0.063 -1.384 7 0.12 3.241 -1.384 -0.0046 1.1900
1744640694.217076 120 3.105 0.063 -1.384 7 0.12 3.241 -1.384 -0.0046 1.1900
1744640694.2303302 120 3.105 0.063 -1.384 7 0.12 3.241 -1.384 -0.0046 1.1900
1744640694.23057 120 3.105 0.063 -1.384 7 0.12 3.241 -1.384 -0.0046 1.1900
1744640694.237819 120 3.105 0.063 -1.384 7 0.12 3.241 -1.384 -0.0046 1.1900
% 1744640694.238304 robobot/cmd/ti/rc 0.0 0.0
% 1744640694.238404 robobot/cmd/T0/leds 16 0 0 0
1744640694.247621 120 3.105 0.063 -1.384 7 0.12 3.241 -1.384 -0.0046 1.1900
1744640694.247728 120 3.105 0.063 -1.384 7 0.12 3.241 -1.384 -0.0046 1.1900
1744640694.2630231 120 3.105 0.063 -1.384 7 0.12 3.241 -1.384 -0.0046 1.1900
1744640694.263391 120 3.105 0.063 -1.384 7 0.12 3.241 -1.384 -0.0046 1.1900
1744640694.26995 120 3.105 0.063 -1.384 7 0.12 3.241 -1.384 -0.0046 1.1900
1744640694.274376 120 3.105 0.063 -1.384 7 0.12 3.241 -1.384 -0.0046 1.1900
1744640694.2744162 120 3.105 0.063 -1.384 7 0.12 3.241 -1.384 -0.0046 1.1900
1744640694.283962 120 3.105 0.063 -1.384 7 0.12 3.241 -1.384 -0.0046 1.1900
1744640694.289004 120 3.105 0.063 -1.384 7 0.12 3.241 -1.384 -0.0046 1.1900
1744640694.299938 120 3.105 0.063 -1.384 7 0.12 3.241 -1.384 -0.0046 1.1900
1744640694.30548 120 3.105 0.063 -1.384 7 0.12 3.241 -1.384 -0.0046 1.1900
1744640694.30555 120 3.105 0.063 -1.384 7 0.12 3.241 -1.384 -0.0046 1.1900
1744640694.314115 120 3.105 0.063 -1.384 7 0.12 3.241 -1.384 -0.0046 1.1900
1744640694.319339 120 3.105 0.063 -1.384 7 0.12 3.241 -1.384 -0.0046 1.1900
1744640694.324333 120 3.105 0.063 -1.384 7 0.12 3.241 -1.384 -0.0046 1.1900
1744640694.338742 120 3.105 0.063 -1.384 7 0.12 3.241 -1.384 -0.0046 1.1900
1744640694.338835 120 3.105 0.063 -1.384 7 0.12 3.241 -1.384 -0.0046 1.1900
1744640694.351156 120 3.105 0.063 -1.384 7 0.12 3.241 -1.384 -0.0046 1.1900
1744640694.3514009 120 3.105 0.063 -1.384 7 0.12 3.241 -1.384 -0.0046 1.1900
1744640694.358597 120 3.105 0.063 -1.384 7 0.12 3.241 -1.384 -0.0046 1.1900
1744640694.3769379 120 3.105 0.063 -1.384 7 0.12 3.241 -1.384 -0.0046 1.1900
1744640694.377078 120 3.105 0.063 -1.384 7 0.12 3.241 -1.384 -0.0046 1.1900
1744640694.377544 120 3.105 0.063 -1.384 7 0.12 3.241 -1.384 -0.0046 1.1900
1744640694.383242 120 3.105 0.063 -1.384 7 0.12 3.241 -1.384 -0.0046 1.1900
1744640694.390631 120 3.105 0.063 -1.384 7 0.12 3.241 -1.384 -0.0046 1.1900
1744640694.395751 120 3.105 0.063 -1.384 7 0.12 3.241 -1.384 -0.0046 1.1900
1744640694.3958411 120 3.105 0.063 -1.384 7 0.12 3.241 -1.384 -0.0046 1.1900
1744640694.413574 120 3.105 0.063 -1.384 7 0.12 3.241 -1.384 -0.0046 1.1900
1744640694.413821 120 3.105 0.063 -1.384 7 0.12 3.241 -1.384 -0.0046 1.1900
1744640694.419612 120 3.105 0.063 -1.384 7 0.12 3.241 -1.384 -0.0046 1.1900
1744640694.426273 120 3.105 0.063 -1.384 7 0.12 3.241 -1.384 -0.0046 1.1900
1744640694.4263659 120 3.105 0.063 -1.384 7 0.12 3.241 -1.384 -0.0046 1.1900
1744640694.44049 120 3.105 0.063 -1.384 7 0.12 3.241 -1.384 -0.0046 1.1900
1744640694.440733 120 3.105 0.063 -1.384 7 0.12 3.241 -1.384 -0.0046 1.1900
1744640694.4489322 120 3.105 0.063 -1.384 7 0.12 3.241 -1.384 -0.0046 1.1900
1744640694.4909341 120 3.105 0.063 -1.384 8 0.12 3.241 -1.384 -0.0046 1.1900
% 1744640694.4913652 robobot/cmd/ti/rc 0.090 2.437 1744640694.491031
1744640694.491384 120 3.105 0.063 -1.384 8 -1.40 3.241 -1.384 -0.0046 1.1900
% 1744640694.491921 robobot/cmd/ti/rc 0.090 4.000 1744640694.4918091
1744640694.491935 120 3.105 0.063 -1.384 8 -1.40 3.241 -1.384 -0.0046 1.1900
1744640694.492138 120 3.105 0.063 -1.384 8 -1.40 3.241 -1.384 -0.0046 1.1900
% 1744640694.499615 robobot/cmd/ti/rc 0.090 1.892 1744640694.499451
1744640694.499638 120 3.105 0.063 -1.384 8 -1.40 3.241 -1.384 -0.0046 1.1900
1744640694.499939 120 3.105 0.063 -1.384 8 -1.40 3.241 -1.384 -0.0046 1.1900
% 1744640694.5000908 robobot/cmd/ti/rc 0.090 0.506 1744640694.500007
1744640694.5001018 120 3.105 0.063 -1.384 8 -1.40 3.241 -1.384 -0.0046 1.1900
% 1744640694.500532 robobot/cmd/ti/rc 0.090 0.477 1744640694.500463
1744640694.5005429 120 3.105 0.063 -1.384 8 -1.40 3.241 -1.384 -0.0046 1.1900
1744640694.503947 120 3.105 0.063 -1.384 8 -1.40 3.241 -1.384 -0.0046 1.1900
% 1744640694.510816 robobot/cmd/ti/rc 0.090 0.461 1744640694.510201
1744640694.5108328 120 3.105 0.063 -1.384 8 -1.40 3.241 -1.384 -0.0046 1.1900
1744640694.5173619 120 3.105 0.062 -1.379 8 -1.40 3.241 -1.379 -0.0046 1.1958
% 1744640694.517636 robobot/cmd/ti/rc 0.090 0.467 1744640694.517473
1744640694.517649 120 3.105 0.062 -1.379 8 -1.40 3.241 -1.379 -0.0046 1.1958
% 1744640694.5313432 robobot/cmd/ti/rc 0.090 0.465 1744640694.53114
1744640694.531368 120 3.105 0.062 -1.368 8 -1.40 3.241 -1.368 -0.0044 1.2062
1744640694.539563 120 3.105 0.061 -1.366 8 -1.40 3.241 -1.366 -0.0044 1.2085
% 1744640694.540085 robobot/cmd/ti/rc 0.090 0.469 1744640694.5398788
1744640694.5401049 120 3.105 0.061 -1.363 8 -1.40 3.242 -1.363 -0.0030 1.2108
1744640694.545867 120 3.105 0.061 -1.362 8 -1.40 3.242 -1.362 -0.0030 1.2120
% 1744640694.546413 robobot/cmd/ti/rc 0.090 0.458 1744640694.546011
1744640694.546436 120 3.105 0.061 -1.362 8 -1.40 3.242 -1.362 -0.0030 1.2120
% 1744640694.5668259 robobot/cmd/ti/rc 0.090 0.461 1744640694.566545
1744640694.566863 120 3.105 0.061 -1.360 8 -1.40 3.243 -1.360 -0.0023 1.2143
1744640694.56723 120 3.105 0.061 -1.359 8 -1.40 3.243 -1.359 -0.0023 1.2154
% 1744640694.573024 robobot/cmd/ti/rc 0.090 0.472 1744640694.5728042
1744640694.573048 120 3.105 0.060 -1.357 8 -1.40 3.244 -1.357 -0.0019 1.2178
1744640694.578302 120 3.105 0.060 -1.354 8 -1.40 3.244 -1.354 -0.0019 1.2201
% 1744640694.578589 robobot/cmd/ti/rc 0.090 0.019 1744640694.5784278
1744640694.57861 120 3.105 0.060 -1.354 8 -1.37 3.244 -1.354 -0.0019 1.2201
% 1744640694.586227 robobot/cmd/ti/rc 0.090 0.147 1744640694.586043
1744640694.586247 120 3.105 0.059 -1.352 8 -1.38 3.244 -1.352 -0.0013 1.2224
1744640694.591221 120 3.105 0.059 -1.351 8 -1.38 3.244 -1.351 -0.0013 1.2235
% 1744640694.595873 robobot/cmd/ti/rc 0.090 0.957 1744640694.595674
1744640694.595894 120 3.105 0.059 -1.348 8 -1.40 3.245 -1.348 -0.0006 1.2259
1744640694.607861 120 3.105 0.058 -1.345 8 -1.40 3.245 -1.345 -0.0006 1.2293
% 1744640694.608087 robobot/cmd/ti/rc 0.090 1.046 1744640694.607971
1744640694.608107 120 3.105 0.058 -1.345 8 -1.41 3.245 -1.345 -0.0006 1.2293
% 1744640694.619925 robobot/cmd/ti/rc 0.090 0.840 1744640694.6197371
1744640694.6199539 120 3.106 0.058 -1.340 8 -1.42 3.245 -1.340 0.0001 1.2339
1744640694.6313138 120 3.106 0.058 -1.337 8 -1.42 3.245 -1.337 0.0001 1.2374
% 1744640694.631753 robobot/cmd/ti/rc 0.090 0.681 1744640694.631615
1744640694.631773 120 3.106 0.057 -1.333 8 -1.42 3.246 -1.333 0.0010 1.2409
1744640694.644369 120 3.106 0.057 -1.328 8 -1.42 3.246 -1.328 0.0010 1.2467
% 1744640694.6446059 robobot/cmd/ti/rc 0.090 0.764 1744640694.6444778
1744640694.644626 120 3.106 0.057 -1.328 8 -1.43 3.246 -1.328 0.0010 1.2467
% 1744640694.650381 robobot/cmd/ti/rc 0.090 0.804 1744640694.6502762
1744640694.650401 120 3.106 0.056 -1.322 8 -1.44 3.247 -1.322 0.0021 1.2525
1744640694.650743 120 3.106 0.055 -1.318 8 -1.44 3.247 -1.318 0.0021 1.2559
% 1744640694.666058 robobot/cmd/ti/rc 0.090 0.791 1744640694.665919
1744640694.66608 120 3.106 0.055 -1.315 8 -1.44 3.249 -1.315 0.0032 1.2594
1744640694.666549 120 3.107 0.054 -1.307 8 -1.44 3.249 -1.307 0.0032 1.2675
% 1744640694.666817 robobot/cmd/ti/rc 0.090 0.768 1744640694.6667259
1744640694.666838 120 3.107 0.054 -1.307 8 -1.45 3.249 -1.307 0.0032 1.2675
% 1744640694.679747 robobot/cmd/ti/rc 0.090 0.820 1744640694.679681
1744640694.679762 120 3.107 0.053 -1.300 8 -1.46 3.250 -1.300 0.0046 1.2744
1744640694.680031 120 3.107 0.053 -1.296 8 -1.46 3.250 -1.296 0.0046 1.2779
% 1744640694.687401 robobot/cmd/ti/rc 0.090 0.878 1744640694.6873229
1744640694.6879911 120 3.107 0.053 -1.293 8 -1.47 3.251 -1.293 0.0060 1.2814
1744640694.699253 120 3.107 0.052 -1.285 8 -1.47 3.251 -1.285 0.0060 1.2895
% 1744640694.699456 robobot/cmd/ti/rc 0.090 1.022 1744640694.699372
1744640694.699476 120 3.107 0.052 -1.285 8 -1.48 3.251 -1.285 0.0060 1.2895
% 1744640694.708225 robobot/cmd/ti/rc 0.090 1.013 1744640694.7081459
1744640694.708245 120 3.107 0.051 -1.277 8 -1.49 3.253 -1.277 0.0073 1.2976
1744640694.713451 120 3.108 0.050 -1.273 8 -1.49 3.253 -1.273 0.0073 1.3010
% 1744640694.7179751 robobot/cmd/ti/rc 0.090 0.922 1744640694.717803
1744640694.7179961 120 3.108 0.050 -1.269 8 -1.50 3.254 -1.269 0.0087 1.3057
1744640694.728579 120 3.108 0.049 -1.261 8 -1.50 3.254 -1.261 0.0087 1.3137
% 1744640694.7288609 robobot/cmd/ti/rc 0.090 0.927 1744640694.728693
1744640694.728881 120 3.108 0.049 -1.261 8 -1.51 3.254 -1.261 0.0087 1.3137
% 1744640694.735997 robobot/cmd/ti/rc 0.090 0.983 1744640694.735889
1744640694.736018 120 3.108 0.048 -1.251 8 -1.52 3.255 -1.251 0.0100 1.3230
1744640694.744687 120 3.109 0.047 -1.248 8 -1.52 3.255 -1.248 0.0100 1.3265
% 1744640694.750336 robobot/cmd/ti/rc 0.090 0.946 1744640694.75022
1744640694.750356 120 3.109 0.047 -1.242 8 -1.53 3.257 -1.242 0.0119 1.3323
% 1744640694.755473 robobot/cmd/ti/rc 0.090 0.943 1744640694.75536
1744640694.7554932 120 3.109 0.046 -1.236 8 -1.54 3.257 -1.236 0.0119 1.3380
1744640694.755903 120 3.109 0.046 -1.232 8 -1.54 3.257 -1.232 0.0119 1.3427
% 1744640694.777193 robobot/cmd/ti/rc 0.090 0.858 1744640694.7769191
1744640694.7772238 120 3.109 0.045 -1.226 8 -1.55 3.259 -1.226 0.0137 1.3484
1744640694.777622 120 3.110 0.044 -1.217 8 -1.55 3.259 -1.217 0.0137 1.3577
% 1744640694.777963 robobot/cmd/ti/rc 0.090 0.857 1744640694.777857
1744640694.777984 120 3.110 0.044 -1.217 8 -1.56 3.261 -1.217 0.0152 1.3577
% 1744640694.789183 robobot/cmd/ti/rc 0.090 0.882 1744640694.78898
1744640694.789196 120 3.110 0.043 -1.206 8 -1.56 3.261 -1.206 0.0152 1.3681
1744640694.789353 120 3.110 0.043 -1.203 8 -1.56 3.261 -1.203 0.0152 1.3716
% 1744640694.801884 robobot/cmd/ti/rc 0.090 0.843 1744640694.801601
1744640694.801911 120 3.110 0.042 -1.197 8 -1.57 3.262 -1.197 0.0168 1.3774
1744640694.802306 120 3.111 0.041 -1.188 8 -1.57 3.262 -1.188 0.0168 1.3866
% 1744640694.8087192 robobot/cmd/ti/rc 0.090 0.870 1744640694.8084748
1744640694.8087401 120 3.111 0.041 -1.188 8 -1.57 3.264 -1.188 0.0185 1.3866
% 1744640694.818995 robobot/cmd/ti/rc 0.090 0.870 1744640694.818757
1744640694.819018 120 3.111 0.040 -1.178 8 -1.58 3.264 -1.178 0.0185 1.3959
1744640694.819296 120 3.111 0.040 -1.174 8 -1.58 3.264 -1.174 0.0185 1.4005
% 1744640694.826079 robobot/cmd/ti/rc 0.090 0.881 1744640694.825873
1744640694.8260999 120 3.112 0.039 -1.169 8 -1.59 3.265 -1.169 0.0201 1.4051
1744640694.835619 120 3.112 0.038 -1.160 8 -1.59 3.265 -1.160 0.0201 1.4144
% 1744640694.8360598 robobot/cmd/ti/rc 0.090 0.884 1744640694.835859
1744640694.83608 120 3.112 0.038 -1.160 8 -1.59 3.267 -1.160 0.0218 1.4144
% 1744640694.868547 robobot/cmd/ti/rc 0.090 0.839 1744640694.868375
1744640694.8685691 120 3.113 0.037 -1.149 8 -1.60 3.267 -1.149 0.0218 1.4248
1744640694.868958 120 3.113 0.037 -1.146 8 -1.60 3.267 -1.146 0.0218 1.4282
% 1744640694.869378 robobot/cmd/ti/rc 0.090 0.826 1744640694.869271
1744640694.869399 120 3.113 0.036 -1.140 8 -1.60 3.269 -1.140 0.0234 1.4340
1744640694.876627 120 3.113 0.035 -1.131 8 -1.60 3.269 -1.131 0.0234 1.4433
% 1744640694.8769999 robobot/cmd/ti/rc 0.090 0.782 1744640694.876891
1744640694.8770208 120 3.113 0.035 -1.131 8 -1.60 3.270 -1.131 0.0250 1.4433
% 1744640694.877769 robobot/cmd/ti/rc 0.090 0.835 1744640694.877673
1744640694.877789 120 3.114 0.034 -1.123 8 -1.61 3.270 -1.123 0.0250 1.4514
1744640694.8781528 120 3.114 0.034 -1.118 8 -1.61 3.270 -1.118 0.0250 1.4560
% 1744640694.88834 robobot/cmd/ti/rc 0.090 0.876 1744640694.888264
1744640694.888352 120 3.114 0.033 -1.114 8 -1.61 3.272 -1.114 0.0265 1.4606
1744640694.901809 120 3.115 0.032 -1.104 8 -1.61 3.272 -1.104 0.0265 1.4699
% 1744640694.902007 robobot/cmd/ti/rc 0.090 0.859 1744640694.901935
1744640694.902018 120 3.115 0.032 -1.104 8 -1.62 3.274 -1.104 0.0282 1.4699
% 1744640694.907594 robobot/cmd/ti/rc 0.090 0.840 1744640694.9074728
1744640694.907608 120 3.115 0.032 -1.095 8 -1.62 3.274 -1.095 0.0282 1.4791
1744640694.9077241 120 3.116 0.031 -1.091 8 -1.62 3.274 -1.091 0.0282 1.4838
% 1744640694.915052 robobot/cmd/ti/rc 0.090 0.819 1744640694.9149492
1744640694.915062 120 3.116 0.031 -1.086 8 -1.62 3.275 -1.086 0.0297 1.4884
1744640694.9240692 120 3.116 0.030 -1.077 8 -1.62 3.275 -1.077 0.0297 1.4976
% 1744640694.933253 robobot/cmd/ti/rc 0.090 0.850 1744640694.933085
1744640694.933265 120 3.116 0.030 -1.077 8 -1.63 3.277 -1.077 0.0312 1.4976
% 1744640694.939067 robobot/cmd/ti/rc 0.090 0.812 1744640694.9389162
1744640694.939081 120 3.117 0.029 -1.069 8 -1.63 3.277 -1.069 0.0312 1.5057
1744640694.939266 120 3.117 0.029 -1.065 8 -1.63 3.277 -1.065 0.0312 1.5092
% 1744640694.94461 robobot/cmd/ti/rc 0.090 0.796 1744640694.944464
1744640694.944631 120 3.117 0.028 -1.059 8 -1.63 3.278 -1.059 0.0326 1.5150
1744640694.95002 120 3.118 0.027 -1.050 8 -1.63 3.278 -1.050 0.0326 1.5242
% 1744640694.958981 robobot/cmd/ti/rc 0.090 0.792 1744640694.958832
1744640694.959002 120 3.118 0.027 -1.050 8 -1.63 3.280 -1.050 0.0342 1.5242
% 1744640694.9668212 robobot/cmd/ti/rc 0.090 0.800 1744640694.966681
1744640694.966841 120 3.118 0.027 -1.043 8 -1.64 3.280 -1.043 0.0342 1.5312
1744640694.967232 120 3.118 0.026 -1.040 8 -1.64 3.280 -1.040 0.0342 1.5346
% 1744640694.981214 robobot/cmd/ti/rc 0.090 0.807 1744640694.981071
1744640694.981235 120 3.119 0.026 -1.035 8 -1.64 3.281 -1.035 0.0355 1.5393
1744640694.981677 120 3.119 0.025 -1.027 8 -1.64 3.281 -1.027 0.0355 1.5474
% 1744640694.9873228 robobot/cmd/ti/rc 0.090 0.811 1744640694.987176
1744640694.987345 120 3.119 0.025 -1.027 8 -1.64 3.282 -1.027 0.0370 1.5474
% 1744640695.003602 robobot/cmd/ti/rc 0.090 0.813 1744640695.003398
1744640695.003621 120 3.120 0.024 -1.018 8 -1.64 3.282 -1.018 0.0370 1.5566
1744640695.0038662 120 3.120 0.024 -1.015 8 -1.64 3.282 -1.015 0.0370 1.5589
% 1744640695.008873 robobot/cmd/ti/rc 0.090 0.773 1744640695.0086951
1744640695.008886 120 3.120 0.023 -1.011 8 -1.64 3.284 -1.011 0.0383 1.5635
1744640695.015702 120 3.120 0.023 -1.003 8 -1.64 3.284 -1.003 0.0383 1.5716
% 1744640695.016133 robobot/cmd/ti/rc 0.090 0.778 1744640695.01589
1744640695.016146 120 3.120 0.023 -1.003 8 -1.64 3.285 -1.003 0.0397 1.5716
% 1744640695.027214 robobot/cmd/ti/rc 0.090 0.784 1744640695.0269928
1744640695.0272331 120 3.121 0.022 -0.995 8 -1.64 3.285 -0.995 0.0397 1.5797
1744640695.027422 120 3.121 0.021 -0.991 8 -1.64 3.285 -0.991 0.0397 1.5832
% 1744640695.039862 robobot/cmd/ti/rc 0.090 0.804 1744640695.039607
1744640695.039888 120 3.122 0.021 -0.987 8 -1.64 3.286 -0.987 0.0410 1.5878
1744640695.045943 120 3.122 0.020 -0.978 8 -1.64 3.286 -0.978 0.0410 1.5959
% 1744640695.046454 robobot/cmd/ti/rc 0.090 0.831 1744640695.046196
1744640695.0464818 120 3.122 0.020 -0.978 8 -1.65 3.288 -0.978 0.0431 1.5959
% 1744640695.062953 robobot/cmd/ti/rc 0.090 0.767 1744640695.062748
1744640695.062976 120 3.122 0.020 -0.971 8 -1.64 3.288 -0.971 0.0431 1.6029
1744640695.063348 120 3.123 0.019 -0.969 8 -1.64 3.288 -0.969 0.0431 1.6052
% 1744640695.069031 robobot/cmd/ti/rc 0.090 0.755 1744640695.0689101
1744640695.069046 120 3.123 0.019 -0.966 8 -1.64 3.290 -0.966 0.0443 1.6087
1744640695.073482 120 3.123 0.018 -0.959 8 -1.64 3.290 -0.959 0.0443 1.6156
% 1744640695.0791051 robobot/cmd/ti/rc 0.090 0.792 1744640695.078998
1744640695.079127 120 3.123 0.018 -0.959 8 -1.64 3.291 -0.959 0.0454 1.6156
% 1744640695.086645 robobot/cmd/ti/rc 0.090 0.797 1744640695.0864708
1744640695.086669 120 3.124 0.018 -0.952 8 -1.64 3.291 -0.952 0.0454 1.6225
1744640695.086963 120 3.124 0.017 -0.948 8 -1.64 3.291 -0.948 0.0454 1.6260
% 1744640695.0986738 robobot/cmd/ti/rc 0.090 0.803 1744640695.098494
1744640695.098696 120 3.124 0.017 -0.944 8 -1.64 3.292 -0.944 0.0466 1.6306
1744640695.110402 120 3.125 0.016 -0.933 8 -1.64 3.292 -0.933 0.0466 1.6410
% 1744640695.110742 robobot/cmd/ti/rc 0.090 0.807 1744640695.1106381
1744640695.11094 120 3.125 0.016 -0.933 8 -1.64 3.294 -0.933 0.0481 1.6410
% 1744640695.116512 robobot/cmd/ti/rc 0.090 0.795 1744640695.116409
1744640695.1165318 120 3.125 0.015 -0.925 8 -1.64 3.294 -0.925 0.0481 1.6491
1744640695.116958 120 3.126 0.015 -0.922 8 -1.64 3.294 -0.922 0.0481 1.6526
% 1744640695.129899 robobot/cmd/ti/rc 0.090 0.774 1744640695.129727
1744640695.129927 120 3.126 0.015 -0.917 8 -1.64 3.295 -0.917 0.0495 1.6572
1744640695.137642 120 3.126 0.014 -0.909 8 -1.64 3.295 -0.909 0.0495 1.6653
% 1744640695.1379142 robobot/cmd/ti/rc 0.090 0.777 1744640695.137792
1744640695.1379259 120 3.126 0.014 -0.909 8 -1.64 3.296 -0.909 0.0509 1.6653
% 1744640695.148685 robobot/cmd/ti/rc 0.090 0.753 1744640695.148484
1744640695.1487129 120 3.127 0.014 -0.900 8 -1.64 3.296 -0.900 0.0509 1.6746
1744640695.148978 120 3.127 0.013 -0.897 8 -1.64 3.296 -0.897 0.0509 1.6769
% 1744640695.1541739 robobot/cmd/ti/rc 0.090 0.737 1744640695.1541178
1744640695.154183 120 3.127 0.013 -0.893 8 -1.64 3.297 -0.893 0.0521 1.6815
1744640695.1643798 120 3.128 0.012 -0.885 8 -1.64 3.297 -0.885 0.0521 1.6896
% 1744640695.169739 robobot/cmd/ti/rc 0.090 0.773 1744640695.169643
1744640695.169759 120 3.128 0.012 -0.885 8 -1.64 3.299 -0.885 0.0532 1.6896
% 1744640695.177525 robobot/cmd/ti/rc 0.090 -0.955 1744640695.177433
1744640695.177545 120 3.128 0.012 -0.878 8 -1.54 3.299 -0.878 0.0532 1.6965
1744640695.1779141 120 3.128 0.012 -0.873 8 -1.54 3.299 -0.873 0.0532 1.7012
% 1744640695.198379 robobot/cmd/ti/rc 0.090 -1.736 1744640695.198189
1744640695.1984031 120 3.129 0.011 -0.870 8 -1.50 3.300 -0.870 0.0543 1.7046
1744640695.1989708 120 3.129 0.011 -0.862 8 -1.50 3.300 -0.862 0.0543 1.7127
% 1744640695.199384 robobot/cmd/ti/rc 0.090 -0.049 1744640695.199223
1744640695.199454 120 3.129 0.011 -0.862 8 -1.49 3.301 -0.862 0.0555 1.7127
% 1744640695.209161 robobot/cmd/ti/rc 0.090 0.525 1744640695.209076
1744640695.209182 120 3.130 0.010 -0.856 8 -1.49 3.301 -0.856 0.0555 1.7185
1744640695.2095208 120 3.130 0.010 -0.856 8 -1.49 3.301 -0.856 0.0555 1.7185
% 1744640695.2224152 robobot/cmd/ti/rc 0.090 0.945 1744640695.22228
1744640695.2224371 120 3.130 0.010 -0.857 8 -1.50 3.302 -0.857 0.0570 1.7174
1744640695.257965 120 3.131 0.009 -0.863 8 -1.50 3.302 -0.863 0.0570 1.7116
% 1744640695.258353 robobot/cmd/ti/rc 0.090 0.896 1744640695.258224
1744640695.258375 120 3.131 0.009 -0.863 8 -1.49 3.304 -0.863 0.0583 1.7116
% 1744640695.270747 robobot/cmd/ti/rc 0.090 0.628 1744640695.2706418
1744640695.2707682 120 3.131 0.009 -0.866 8 -1.49 3.304 -0.866 0.0583 1.7081
1744640695.271135 120 3.131 0.008 -0.864 8 -1.49 3.304 -0.864 0.0583 1.7104
% 1744640695.271615 robobot/cmd/ti/rc 0.090 0.580 1744640695.2715409
1744640695.271635 120 3.132 0.008 -0.859 8 -1.48 3.305 -0.859 0.0595 1.7150
1744640695.2720141 120 3.132 0.007 -0.850 8 -1.48 3.305 -0.850 0.0595 1.7243
% 1744640695.272301 robobot/cmd/ti/rc 0.090 0.662 1744640695.272234
1744640695.272321 120 3.132 0.007 -0.850 8 -1.48 3.307 -0.850 0.0611 1.7243
% 1744640695.2729542 robobot/cmd/ti/rc 0.090 0.746 1744640695.2729118
1744640695.2729652 120 3.133 0.007 -0.838 8 -1.48 3.307 -0.838 0.0611 1.7359
1744640695.273175 120 3.133 0.007 -0.836 8 -1.48 3.307 -0.836 0.0611 1.7382
% 1744640695.283663 robobot/cmd/ti/rc 0.090 0.795 1744640695.283593
1744640695.283683 120 3.133 0.006 -0.832 8 -1.48 3.308 -0.832 0.0625 1.7428
1744640695.2840378 120 3.133 0.006 -0.827 8 -1.48 3.308 -0.827 0.0625 1.7474
% 1744640695.29168 robobot/cmd/ti/rc 0.090 0.664 1744640695.291612
1744640695.291701 120 3.133 0.006 -0.827 8 -1.47 3.309 -0.827 0.0632 1.7474
% 1744640695.296324 robobot/cmd/ti/rc 0.090 0.574 1744640695.296258
1744640695.296344 120 3.134 0.006 -0.822 8 -1.46 3.309 -0.822 0.0632 1.7521
1744640695.296671 120 3.134 0.005 -0.820 8 -1.46 3.309 -0.820 0.0632 1.7544
% 1744640695.309153 robobot/cmd/ti/rc 0.090 0.560 1744640695.309056
1744640695.309174 120 3.134 0.005 -0.817 8 -1.46 3.309 -0.817 0.0639 1.7578
1744640695.31558 120 3.135 0.005 -0.811 8 -1.46 3.309 -0.811 0.0639 1.7636
% 1744640695.315907 robobot/cmd/ti/rc 0.090 0.661 1744640695.31581
1744640695.315926 120 3.135 0.005 -0.811 8 -1.45 3.310 -0.811 0.0647 1.7636
% 1744640695.3303711 robobot/cmd/ti/rc 0.090 0.674 1744640695.330273
1744640695.330391 120 3.135 0.004 -0.805 8 -1.45 3.310 -0.805 0.0647 1.7694
1744640695.330712 120 3.135 0.004 -0.804 8 -1.45 3.310 -0.804 0.0647 1.7706
% 1744640695.336395 robobot/cmd/ti/rc 0.090 0.594 1744640695.336297
1744640695.336415 120 3.135 0.004 -0.800 8 -1.44 3.311 -0.800 0.0655 1.7740
1744640695.343581 120 3.136 0.003 -0.793 8 -1.44 3.311 -0.793 0.0655 1.7810
% 1744640695.349347 robobot/cmd/ti/rc 0.090 0.603 1744640695.34925
1744640695.3493671 120 3.136 0.003 -0.793 8 -1.44 3.312 -0.793 0.0664 1.7810
% 1744640695.355176 robobot/cmd/ti/rc 0.090 0.645 1744640695.355083
1744640695.355196 120 3.136 0.003 -0.788 8 -1.43 3.312 -0.788 0.0664 1.7867
1744640695.35922 120 3.137 0.002 -0.784 8 -1.43 3.312 -0.784 0.0664 1.7902
% 1744640695.365191 robobot/cmd/ti/rc 0.090 0.692 1744640695.365099
1744640695.3652108 120 3.137 0.002 -0.781 8 -1.43 3.313 -0.781 0.0674 1.7937
1744640695.370101 120 3.138 0.001 -0.775 8 -1.43 3.313 -0.775 0.0674 1.7995
% 1744640695.376864 robobot/cmd/ti/rc 0.090 0.723 1744640695.376773
1744640695.376884 120 3.138 0.001 -0.775 8 -1.42 3.314 -0.775 0.0685 1.7995
% 1744640695.390337 robobot/cmd/ti/rc 0.090 0.591 1744640695.390235
1744640695.390357 120 3.138 0.001 -0.768 8 -1.42 3.314 -0.768 0.0685 1.8064
1744640695.390717 120 3.139 0.001 -0.764 8 -1.42 3.314 -0.764 0.0685 1.8099
% 1744640695.396012 robobot/cmd/ti/rc 0.090 0.565 1744640695.395912
1744640695.396031 120 3.139 0.000 -0.761 8 -1.41 3.315 -0.761 0.0697 1.8133
1744640695.4051468 120 3.140 -0.000 -0.755 8 -1.41 3.315 -0.755 0.0697 1.8191
% 1744640695.410959 robobot/cmd/ti/rc 0.090 0.620 1744640695.4108632
1744640695.410979 120 3.140 -0.000 -0.755 8 -1.40 3.316 -0.755 0.0709 1.8191
% 1744640695.418504 robobot/cmd/ti/rc 0.090 0.618 1744640695.4183948
1744640695.418525 120 3.140 -0.001 -0.750 8 -1.40 3.316 -0.750 0.0709 1.8238
1744640695.4189372 120 3.141 -0.001 -0.748 8 -1.40 3.316 -0.748 0.0709 1.8261
% 1744640695.4269729 robobot/cmd/ti/rc 0.090 0.601 1744640695.426778
1744640695.4269938 120 3.141 -0.002 -0.747 8 -1.39 3.318 -0.747 0.0722 1.8272
1744640695.432329 120 3.142 -0.003 -0.741 8 -1.39 3.318 -0.741 0.0722 1.8330
% 1744640695.437361 robobot/cmd/ti/rc 0.090 0.595 1744640695.437241
1744640695.437381 120 3.142 -0.003 -0.741 8 -1.38 3.319 -0.741 0.0739 1.8330
% 1744640695.4520729 robobot/cmd/ti/rc 0.090 0.619 1744640695.451968
1744640695.4520938 120 3.143 -0.003 -0.736 8 -1.38 3.319 -0.736 0.0739 1.8388
1744640695.452404 120 3.143 -0.003 -0.732 8 -1.38 3.319 -0.732 0.0739 1.8423
% 1744640695.4655821 robobot/cmd/ti/rc 0.090 0.618 1744640695.465483
1744640695.4656022 120 3.143 -0.004 -0.727 8 -1.37 3.321 -0.727 0.0756 1.8469
1744640695.465997 120 3.144 -0.004 -0.721 8 -1.37 3.321 -0.721 0.0756 1.8538
% 1744640695.471204 robobot/cmd/ti/rc 0.090 0.594 1744640695.4710941
1744640695.471221 120 3.144 -0.004 -0.721 8 -1.36 3.323 -0.721 0.0771 1.8538
% 1744640695.4767191 robobot/cmd/ti/rc 0.090 0.593 1744640695.4766562
1744640695.4767308 120 3.145 -0.005 -0.714 8 -1.36 3.323 -0.714 0.0771 1.8608
1744640695.4768791 120 3.145 -0.005 -0.711 8 -1.36 3.323 -0.711 0.0771 1.8631
% 1744640695.4861681 robobot/cmd/ti/rc 0.090 0.579 1744640695.4860659
1744640695.486182 120 3.145 -0.006 -0.707 8 -1.35 3.324 -0.707 0.0787 1.8677
1744640695.493616 120 3.146 -0.006 -0.700 8 -1.35 3.324 -0.700 0.0787 1.8746
% 1744640695.5000079 robobot/cmd/ti/rc 0.090 0.531 1744640695.499823
1744640695.5000231 120 3.146 -0.006 -0.700 8 -1.34 3.325 -0.700 0.0801 1.8746
% 1744640695.5082822 robobot/cmd/ti/rc 0.090 0.559 1744640695.5081449
1744640695.5082939 120 3.147 -0.007 -0.693 8 -1.33 3.325 -0.693 0.0801 1.8816
1744640695.508449 120 3.147 -0.007 -0.690 8 -1.33 3.325 -0.690 0.0801 1.8839
% 1744640695.518888 robobot/cmd/ti/rc 0.090 0.606 1744640695.51865
1744640695.5189068 120 3.148 -0.007 -0.686 8 -1.33 3.327 -0.686 0.0815 1.8885
1744640695.5298061 120 3.148 -0.008 -0.680 8 -1.33 3.327 -0.680 0.0815 1.8943
% 1744640695.53021 robobot/cmd/ti/rc 0.090 0.562 1744640695.530001
1744640695.530405 120 3.148 -0.008 -0.680 8 -1.32 3.328 -0.680 0.0829 1.8943
% 1744640695.536171 robobot/cmd/ti/rc 0.090 0.539 1744640695.5360918
1744640695.536182 120 3.149 -0.008 -0.673 8 -1.31 3.328 -0.673 0.0829 1.9012
1744640695.536285 120 3.149 -0.009 -0.670 8 -1.31 3.328 -0.670 0.0829 1.9047
% 1744640695.547872 robobot/cmd/ti/rc 0.090 0.609 1744640695.547821
1744640695.547882 120 3.149 -0.009 -0.666 8 -1.30 3.330 -0.666 0.0842 1.9082
1744640695.553159 120 3.150 -0.009 -0.659 8 -1.30 3.330 -0.659 0.0842 1.9151
% 1744640695.5583181 robobot/cmd/ti/rc 0.090 0.617 1744640695.558274
1744640695.5583282 120 3.150 -0.009 -0.659 8 -1.30 3.331 -0.659 0.0855 1.9151
% 1744640695.5652668 robobot/cmd/ti/rc 0.090 0.584 1744640695.565231
1744640695.565276 120 3.151 -0.010 -0.651 8 -1.29 3.331 -0.651 0.0855 1.9232
1744640695.570549 120 3.151 -0.010 -0.648 8 -1.29 3.331 -0.648 0.0855 1.9267
% 1744640695.5753129 robobot/cmd/ti/rc 0.090 0.559 1744640695.575271
1744640695.5753222 120 3.151 -0.010 -0.644 8 -1.28 3.332 -0.644 0.0869 1.9302
1744640695.5807 120 3.152 -0.011 -0.637 8 -1.28 3.332 -0.637 0.0869 1.9371
% 1744640695.586518 robobot/cmd/ti/rc 0.090 0.545 1744640695.586483
1744640695.5865269 120 3.152 -0.011 -0.637 8 -1.27 3.334 -0.637 0.0882 1.9371
% 1744640695.599416 robobot/cmd/ti/rc 0.090 0.499 1744640695.599376
1744640695.599424 120 3.153 -0.011 -0.631 8 -1.26 3.334 -0.631 0.0882 1.9429
1744640695.599506 120 3.153 -0.012 -0.627 8 -1.26 3.334 -0.627 0.0882 1.9475
% 1744640695.608726 robobot/cmd/ti/rc 0.090 0.511 1744640695.608682
1744640695.608737 120 3.153 -0.012 -0.625 8 -1.25 3.335 -0.625 0.0894 1.9498
1744640695.6157598 120 3.154 -0.012 -0.619 8 -1.25 3.335 -0.619 0.0894 1.9556
% 1744640695.6158872 robobot/cmd/ti/rc 0.090 0.547 1744640695.615842
1744640695.6158981 120 3.154 -0.012 -0.619 8 -1.24 3.336 -0.619 0.0906 1.9556
% 1744640695.6383948 robobot/cmd/ti/rc 0.090 0.471 1744640695.6382442
1744640695.6384242 120 3.155 -0.013 -0.612 8 -1.23 3.336 -0.612 0.0906 1.9625
1744640695.638581 120 3.155 -0.013 -0.608 8 -1.23 3.336 -0.608 0.0906 1.9660
% 1744640695.6438432 robobot/cmd/ti/rc 0.090 0.471 1744640695.643771
1744640695.6438541 120 3.155 -0.013 -0.605 8 -1.22 3.337 -0.605 0.0918 1.9695
1744640695.6442611 120 3.156 -0.014 -0.600 8 -1.22 3.337 -0.600 0.0918 1.9741
% 1744640695.649745 robobot/cmd/ti/rc 0.090 0.495 1744640695.649653
1744640695.649756 120 3.156 -0.014 -0.600 8 -1.21 3.338 -0.600 0.0930 1.9741
% 1744640695.6586828 robobot/cmd/ti/rc 0.090 0.455 1744640695.6585789
1744640695.658695 120 3.157 -0.014 -0.594 8 -1.20 3.338 -0.594 0.0930 1.9799
1744640695.6633222 120 3.157 -0.014 -0.592 8 -1.20 3.338 -0.592 0.0930 1.9822
% 1744640695.672232 robobot/cmd/ti/rc 0.090 0.411 1744640695.6721642
1744640695.6722429 120 3.158 -0.015 -0.589 8 -1.19 3.340 -0.589 0.0942 1.9857
1744640695.6724648 120 3.158 -0.015 -0.584 8 -1.19 3.340 -0.584 0.0942 1.9903
% 1744640695.6818292 robobot/cmd/ti/rc 0.090 0.415 1744640695.681731
1744640695.681849 120 3.158 -0.015 -0.584 8 -1.18 3.341 -0.584 0.0955 1.9903
% 1744640695.688832 robobot/cmd/ti/rc 0.090 0.438 1744640695.6887329
1744640695.688853 120 3.159 -0.016 -0.579 8 -1.17 3.341 -0.579 0.0955 1.9949
1744640695.689184 120 3.159 -0.016 -0.576 8 -1.17 3.341 -0.576 0.0955 1.9984
% 1744640695.6981618 robobot/cmd/ti/rc 0.090 0.387 1744640695.698067
1744640695.6981819 120 3.160 -0.016 -0.575 8 -1.16 3.342 -0.575 0.0967 1.9995
1744640695.708663 120 3.161 -0.017 -0.569 8 -1.16 3.342 -0.569 0.0967 2.0053
% 1744640695.708983 robobot/cmd/ti/rc 0.090 0.383 1744640695.708891
1744640695.709003 120 3.161 -0.017 -0.569 8 -1.14 3.343 -0.569 0.0981 2.0053
% 1744640695.719605 robobot/cmd/ti/rc 0.090 0.392 1744640695.719509
1744640695.719625 120 3.161 -0.017 -0.564 8 -1.13 3.343 -0.564 0.0981 2.0099
1744640695.720025 120 3.162 -0.017 -0.562 8 -1.13 3.343 -0.562 0.0981 2.0123
% 1744640695.725554 robobot/cmd/ti/rc 0.090 0.363 1744640695.725395
1744640695.725576 120 3.162 -0.018 -0.560 8 -1.12 3.345 -0.560 0.0993 2.0146
1744640695.743228 120 3.163 -0.018 -0.555 8 -1.12 3.345 -0.555 0.0993 2.0192
% 1744640695.74355 robobot/cmd/ti/rc 0.090 0.350 1744640695.743456
1744640695.743569 120 3.163 -0.018 -0.555 8 -1.11 3.346 -0.555 0.1007 2.0192
% 1744640695.7505448 robobot/cmd/ti/rc 0.090 0.339 1744640695.750452
1744640695.750565 120 3.163 -0.019 -0.550 8 -1.10 3.346 -0.550 0.1007 2.0238
1744640695.75086 120 3.164 -0.019 -0.546 8 -1.10 3.346 -0.546 0.1007 2.0285
% 1744640695.75942 robobot/cmd/ti/rc 0.090 0.337 1744640695.759315
1744640695.759441 120 3.164 -0.019 -0.545 8 -1.08 3.347 -0.545 0.1020 2.0296
1744640695.765904 120 3.165 -0.019 -0.540 8 -1.08 3.347 -0.540 0.1020 2.0342
% 1744640695.766227 robobot/cmd/ti/rc 0.090 0.309 1744640695.766127
1744640695.7662458 120 3.165 -0.019 -0.540 8 -1.07 3.349 -0.540 0.1032 2.0342
% 1744640695.779744 robobot/cmd/ti/rc 0.090 -1.803 1744640695.779586
1744640695.7797692 120 3.166 -0.020 -0.537 8 -0.20 3.349 -0.537 0.1032 2.0377
1744640695.779968 120 3.166 -0.020 -0.534 8 -0.20 3.349 -0.534 0.1032 2.0400
% 1744640695.786284 robobot/cmd/ti/rc 0.090 -3.182 1744640695.786182
1744640695.786304 120 3.166 -0.020 -0.534 8 -0.19 3.350 -0.534 0.1045 2.0400
1744640695.797322 120 3.167 -0.021 -0.528 8 -0.19 3.350 -0.528 0.1045 2.0458
% 1744640695.797715 robobot/cmd/ti/rc 0.090 -1.569 1744640695.797554
1744640695.797737 120 3.167 -0.021 -0.528 8 -0.16 3.351 -0.528 0.1058 2.0458
% 1744640695.808008 robobot/cmd/ti/rc 0.090 -0.305 1744640695.807842
1744640695.808032 120 3.168 -0.021 -0.531 8 -0.14 3.351 -0.531 0.1058 2.0435
1744640695.808395 120 3.169 -0.022 -0.539 8 -0.14 3.351 -0.539 0.1058 2.0354
% 1744640695.819386 robobot/cmd/ti/rc 0.090 -0.404 1744640695.819233
1744640695.819405 120 3.169 -0.022 -0.547 8 -0.11 3.353 -0.547 0.1073 2.0273
1744640695.8296 120 3.170 -0.022 -0.560 8 -0.11 3.353 -0.560 0.1073 2.0146
% 1744640695.830322 robobot/cmd/ti/rc 0.090 -0.525 1744640695.8297899
1744640695.830335 120 3.170 -0.022 -0.560 8 -0.09 3.354 -0.560 0.1088 2.0146
% 1744640695.870882 robobot/cmd/ti/rc 0.090 -0.206 1744640695.870624
1744640695.870921 120 3.171 -0.023 -0.566 8 -0.08 3.354 -0.566 0.1088 2.0088
1744640695.871304 120 3.171 -0.023 -0.564 8 -0.08 3.354 -0.564 0.1088 2.0099
% 1744640695.873152 robobot/cmd/ti/rc 0.090 0.114 1744640695.87303
1744640695.873174 120 3.172 -0.023 -0.563 8 -0.07 3.356 -0.563 0.1104 2.0111
1744640695.8736389 120 3.173 -0.024 -0.564 8 -0.07 3.356 -0.564 0.1104 2.0099
% 1744640695.874024 robobot/cmd/ti/rc 0.090 0.177 1744640695.8739042
1744640695.874045 120 3.173 -0.024 -0.564 8 -0.06 3.357 -0.564 0.1119 2.0099
% 1744640695.876519 robobot/cmd/ti/rc 0.090 -0.050 1744640695.876415
1744640695.876541 120 3.173 -0.025 -0.571 8 -0.05 3.357 -0.571 0.1119 2.0030
1744640695.877054 120 3.174 -0.025 -0.575 8 -0.05 3.357 -0.575 0.1119 1.9995
% 1744640695.8774889 robobot/cmd/ti/rc 0.090 -0.050 1744640695.877373
1744640695.8775098 120 3.174 -0.025 -0.578 8 -0.03 3.359 -0.578 0.1138 1.9961
1744640695.881779 120 3.175 -0.025 -0.584 8 -0.03 3.359 -0.584 0.1138 1.9903
% 1744640695.887469 robobot/cmd/ti/rc 0.090 -0.050 1744640695.887317
1744640695.8874838 120 3.175 -0.025 -0.584 8 -0.02 3.361 -0.584 0.1153 1.9903
% 1744640695.901367 robobot/cmd/ti/rc 0.090 -0.050 1744640695.901172
1744640695.901388 120 3.175 -0.026 -0.588 8 -0.01 3.361 -0.588 0.1153 1.9868
1744640695.901651 120 3.176 -0.026 -0.589 8 -0.01 3.361 -0.589 0.1153 1.9857
% 1744640695.921897 robobot/cmd/ti/rc 0.090 0.050 1744640695.92168
1744640695.921918 120 3.176 -0.026 -0.592 8 0.01 3.362 -0.592 0.1165 1.9822
1744640695.92224 120 3.177 -0.027 -0.598 8 0.01 3.362 -0.598 0.1165 1.9764
% 1744640695.922554 robobot/cmd/ti/rc 0.090 0.074 1744640695.922466
1744640695.922577 120 3.177 -0.027 -0.598 8 0.01 3.363 -0.598 0.1179 1.9764
% 1744640695.9413881 robobot/cmd/ti/rc 0.090 0.050 1744640695.9412868
1744640695.941409 120 3.178 -0.027 -0.604 8 0.02 3.363 -0.604 0.1179 1.9706
1744640695.941729 120 3.178 -0.028 -0.607 8 0.02 3.363 -0.607 0.1179 1.9672
% 1744640695.962251 robobot/cmd/ti/rc 0.090 0.064 1744640695.9621592
1744640695.962271 120 3.178 -0.028 -0.608 8 0.03 3.365 -0.608 0.1193 1.9660
1744640695.9628081 120 3.179 -0.029 -0.611 8 0.03 3.365 -0.611 0.1193 1.9637
% 1744640695.963319 robobot/cmd/ti/rc 0.090 0.050 1744640695.9632242
1744640695.96334 120 3.179 -0.029 -0.611 8 0.04 3.366 -0.611 0.1205 1.9637
% 1744640695.974401 robobot/cmd/ti/rc 0.090 0.063 1744640695.974315
1744640695.974422 120 3.180 -0.029 -0.614 8 0.05 3.366 -0.614 0.1205 1.9602
1744640695.974807 120 3.180 -0.029 -0.616 8 0.05 3.366 -0.616 0.1205 1.9579
% 1744640695.9751759 robobot/cmd/ti/rc 0.090 0.050 1744640695.975096
1744640695.9751968 120 3.181 -0.030 -0.618 8 0.06 3.367 -0.618 0.1219 1.9568
1744640695.9756281 120 3.182 -0.030 -0.620 8 0.06 3.367 -0.620 0.1219 1.9544
% 1744640695.9954822 robobot/cmd/ti/rc 0.090 -0.074 1744640695.995311
1744640695.9955041 120 3.182 -0.030 -0.620 8 0.06 3.369 -0.620 0.1234 1.9544
% 1744640696.00398 robobot/cmd/ti/rc 0.090 -0.295 1744640696.003825
1744640696.004 120 3.182 -0.031 -0.621 8 0.07 3.369 -0.621 0.1234 1.9533
1744640696.0042539 120 3.183 -0.031 -0.623 8 0.07 3.369 -0.623 0.1234 1.9510
% 1744640696.0046778 robobot/cmd/ti/rc 0.090 -0.224 1744640696.004598
1744640696.004698 120 3.183 -0.031 -0.625 8 0.08 3.370 -0.625 0.1248 1.9498
1744640696.005117 120 3.184 -0.032 -0.627 8 0.08 3.370 -0.627 0.1248 1.9475
% 1744640696.0094578 robobot/cmd/ti/rc 0.090 -0.270 1744640696.009376
1744640696.00948 120 3.184 -0.032 -0.627 8 0.08 3.372 -0.627 0.1262 1.9475
% 1744640696.0155818 robobot/cmd/ti/rc 0.090 -0.304 1744640696.015498
1744640696.0156028 120 3.184 -0.032 -0.628 8 0.09 3.372 -0.628 0.1262 1.9463
1744640696.020291 120 3.185 -0.032 -0.628 8 0.09 3.372 -0.628 0.1262 1.9463
% 1744640696.029082 robobot/cmd/ti/rc 0.090 -0.269 1744640696.028874
1744640696.029105 120 3.185 -0.033 -0.629 8 0.10 3.373 -0.629 0.1274 1.9452
1744640696.034322 120 3.186 -0.033 -0.630 8 0.10 3.373 -0.630 0.1274 1.9440
% 1744640696.043093 robobot/cmd/ti/rc 0.090 -0.277 1744640696.042917
1744640696.043114 120 3.186 -0.033 -0.630 8 0.10 3.374 -0.630 0.1285 1.9440
% 1744640696.050118 robobot/cmd/ti/rc 0.090 -0.325 1744640696.049984
1744640696.050138 120 3.186 -0.034 -0.631 8 0.11 3.374 -0.631 0.1285 1.9429
1744640696.050485 120 3.187 -0.034 -0.631 8 0.11 3.374 -0.631 0.1285 1.9429
% 1744640696.064436 robobot/cmd/ti/rc 0.090 -0.347 1744640696.0643032
1744640696.064458 120 3.187 -0.034 -0.633 8 0.12 3.375 -0.633 0.1299 1.9417
1744640696.074782 120 3.188 -0.035 -0.634 8 0.12 3.375 -0.634 0.1299 1.9406
% 1744640696.075209 robobot/cmd/ti/rc 0.090 -0.329 1744640696.0750232
1744640696.07523 120 3.188 -0.035 -0.634 8 0.13 3.377 -0.634 0.1312 1.9406
% 1744640696.082714 robobot/cmd/ti/rc 0.090 -0.317 1744640696.082588
1744640696.082736 120 3.188 -0.035 -0.635 8 0.14 3.377 -0.635 0.1312 1.9394
1744640696.083046 120 3.189 -0.035 -0.637 8 0.14 3.377 -0.637 0.1312 1.9371
% 1744640696.10245 robobot/cmd/ti/rc 0.090 -0.352 1744640696.1022668
1744640696.10247 120 3.189 -0.036 -0.637 8 0.14 3.378 -0.637 0.1324 1.9371
1744640696.10284 120 3.190 -0.036 -0.639 8 0.14 3.378 -0.639 0.1324 1.9348
% 1744640696.103132 robobot/cmd/ti/rc 0.090 -0.361 1744640696.10306
1744640696.103152 120 3.190 -0.036 -0.639 8 0.15 3.379 -0.639 0.1336 1.9348
% 1744640696.108483 robobot/cmd/ti/rc 0.090 -0.378 1744640696.1084008
1744640696.108503 120 3.190 -0.037 -0.643 8 0.16 3.379 -0.643 0.1336 1.9313
1744640696.108834 120 3.191 -0.037 -0.643 8 0.16 3.379 -0.643 0.1336 1.9313
% 1744640696.118858 robobot/cmd/ti/rc 0.090 -0.374 1744640696.118691
1744640696.118879 120 3.191 -0.037 -0.643 8 0.17 3.380 -0.643 0.1349 1.9313
1744640696.1238642 120 3.192 -0.038 -0.646 8 0.17 3.380 -0.646 0.1349 1.9278
% 1744640696.1308749 robobot/cmd/ti/rc 0.090 -0.367 1744640696.130709
1744640696.1309 120 3.192 -0.038 -0.646 8 0.18 3.382 -0.646 0.1365 1.9278
% 1744640696.138411 robobot/cmd/ti/rc 0.090 -0.368 1744640696.138301
1744640696.138431 120 3.193 -0.038 -0.648 8 0.19 3.382 -0.648 0.1365 1.9267
1744640696.138759 120 3.193 -0.039 -0.649 8 0.19 3.382 -0.649 0.1365 1.9255
% 1744640696.146122 robobot/cmd/ti/rc 0.090 -0.399 1744640696.145953
1744640696.146142 120 3.194 -0.039 -0.650 8 0.20 3.383 -0.650 0.1379 1.9244
1744640696.1537101 120 3.194 -0.040 -0.653 8 0.20 3.383 -0.653 0.1379 1.9209
% 1744640696.1581461 robobot/cmd/ti/rc 0.090 -0.416 1744640696.158016
1744640696.158169 120 3.194 -0.040 -0.653 8 0.20 3.385 -0.653 0.1395 1.9209
% 1744640696.1705 robobot/cmd/ti/rc 0.090 -0.408 1744640696.170385
1744640696.17052 120 3.195 -0.040 -0.655 8 0.21 3.385 -0.655 0.1395 1.9197
1744640696.170891 120 3.196 -0.041 -0.657 8 0.21 3.385 -0.657 0.1395 1.9174
% 1744640696.176223 robobot/cmd/ti/rc 0.090 -0.392 1744640696.176106
1744640696.1762428 120 3.196 -0.041 -0.657 8 0.22 3.386 -0.657 0.1410 1.9174
1744640696.181752 120 3.197 -0.041 -0.659 8 0.22 3.386 -0.659 0.1410 1.9151
% 1744640696.186656 robobot/cmd/ti/rc 0.090 -0.381 1744640696.186552
1744640696.186676 120 3.197 -0.041 -0.659 8 0.23 3.388 -0.659 0.1426 1.9151
% 1744640696.197099 robobot/cmd/ti/rc 0.090 -0.387 1744640696.1969879
1744640696.19712 120 3.198 -0.042 -0.663 8 0.24 3.388 -0.663 0.1426 1.9116
1744640696.197474 120 3.198 -0.042 -0.664 8 0.24 3.388 -0.664 0.1426 1.9105
% 1744640696.209258 robobot/cmd/ti/rc 0.090 -0.394 1744640696.209145
1744640696.2092779 120 3.198 -0.043 -0.666 8 0.25 3.389 -0.666 0.1441 1.9082
1744640696.214325 120 3.199 -0.043 -0.670 8 0.25 3.389 -0.670 0.1441 1.9047
% 1744640696.2194948 robobot/cmd/ti/rc 0.090 -0.398 1744640696.2193868
1744640696.2195158 120 3.199 -0.043 -0.670 8 0.25 3.391 -0.670 0.1456 1.9047
% 1744640696.224968 robobot/cmd/ti/rc 0.090 -0.415 1744640696.224853
1744640696.224989 120 3.200 -0.044 -0.673 8 0.26 3.391 -0.673 0.1456 1.9012
1744640696.2328162 120 3.200 -0.044 -0.675 8 0.26 3.391 -0.675 0.1456 1.8989
% 1744640696.238038 robobot/cmd/ti/rc 0.090 -0.383 1744640696.2378318
1744640696.238061 120 3.201 -0.044 -0.678 8 0.27 3.393 -0.678 0.1471 1.8966
1744640696.2466571 120 3.201 -0.045 -0.681 8 0.27 3.393 -0.681 0.1471 1.8931
% 1744640696.247099 robobot/cmd/ti/rc 0.090 -0.420 1744640696.246899
1744640696.24712 120 3.201 -0.045 -0.681 8 0.28 3.394 -0.681 0.1486 1.8931
% 1744640696.2716758 robobot/cmd/ti/rc 0.090 -0.466 1744640696.271509
1744640696.271698 120 3.202 -0.046 -0.686 8 0.29 3.394 -0.686 0.1486 1.8885
1744640696.272013 120 3.202 -0.046 -0.689 8 0.29 3.394 -0.689 0.1486 1.8850
% 1744640696.277408 robobot/cmd/ti/rc 0.090 -0.427 1744640696.2773051
1744640696.277419 120 3.203 -0.046 -0.693 8 0.30 3.395 -0.693 0.1499 1.8816
1744640696.277598 120 3.203 -0.047 -0.697 8 0.30 3.395 -0.697 0.1499 1.8770
% 1744640696.277744 robobot/cmd/ti/rc 0.090 -0.382 1744640696.277704
1744640696.277754 120 3.203 -0.047 -0.697 8 0.30 3.397 -0.697 0.1513 1.8770
% 1744640696.287437 robobot/cmd/ti/rc 0.090 -0.385 1744640696.28736
1744640696.28745 120 3.204 -0.047 -0.703 8 0.31 3.397 -0.703 0.1513 1.8712
1744640696.287613 120 3.204 -0.047 -0.707 8 0.31 3.397 -0.707 0.1513 1.8677
% 1744640696.296691 robobot/cmd/ti/rc 0.090 -0.389 1744640696.296618
1744640696.2967029 120 3.204 -0.048 -0.709 8 0.32 3.398 -0.709 0.1525 1.8654
1744640696.302656 120 3.205 -0.048 -0.716 8 0.32 3.398 -0.716 0.1525 1.8585
% 1744640696.309846 robobot/cmd/ti/rc 0.090 -0.369 1744640696.309695
1744640696.309868 120 3.205 -0.048 -0.716 8 0.32 3.399 -0.716 0.1538 1.8585
% 1744640696.315501 robobot/cmd/ti/rc 0.090 -0.340 1744640696.315392
1744640696.315522 120 3.205 -0.049 -0.722 8 0.33 3.399 -0.722 0.1538 1.8527
1744640696.322294 120 3.206 -0.049 -0.725 8 0.33 3.399 -0.725 0.1538 1.8492
% 1744640696.328179 robobot/cmd/ti/rc 0.090 -0.350 1744640696.3280509
1744640696.328201 120 3.206 -0.049 -0.727 8 0.34 3.400 -0.727 0.1550 1.8469
1744640696.334752 120 3.207 -0.050 -0.736 8 0.34 3.400 -0.736 0.1550 1.8388
% 1744640696.3418298 robobot/cmd/ti/rc 0.090 -0.384 1744640696.341708
1744640696.34185 120 3.207 -0.050 -0.736 8 0.34 3.402 -0.736 0.1562 1.8388
% 1744640696.347175 robobot/cmd/ti/rc 0.090 -0.359 1744640696.347025
1744640696.3471968 120 3.207 -0.050 -0.741 8 0.35 3.402 -0.741 0.1562 1.8330
1744640696.347448 120 3.207 -0.050 -0.744 8 0.35 3.402 -0.744 0.1562 1.8307
% 1744640696.3586292 robobot/cmd/ti/rc 0.090 -0.324 1744640696.358388
1744640696.358655 120 3.208 -0.050 -0.747 8 0.35 3.403 -0.747 0.1574 1.8272
1744640696.365283 120 3.208 -0.051 -0.753 8 0.35 3.403 -0.753 0.1574 1.8214
% 1744640696.3659048 robobot/cmd/ti/rc 0.090 -0.339 1744640696.3657029
1744640696.3659258 120 3.208 -0.051 -0.753 8 0.36 3.404 -0.753 0.1584 1.8214
% 1744640696.3757818 robobot/cmd/ti/rc 0.090 -2.377 1744640696.375572
1744640696.375803 120 3.209 -0.051 -0.759 8 0.69 3.404 -0.759 0.1584 1.8157
1744640696.383395 120 3.209 -0.052 -0.760 8 0.69 3.404 -0.760 0.1584 1.8145
% 1744640696.388011 robobot/cmd/ti/rc 0.090 -2.695 1744640696.387834
1744640696.388032 120 3.209 -0.052 -0.764 8 0.68 3.405 -0.764 0.1596 1.8099
1744640696.3938482 120 3.210 -0.053 -0.768 8 0.68 3.405 -0.768 0.1596 1.8064
% 1744640696.3987808 robobot/cmd/ti/rc 0.090 -0.218 1744640696.398548
1744640696.3988018 120 3.210 -0.053 -0.768 8 0.67 3.406 -0.768 0.1606 1.8064
% 1744640696.411168 robobot/cmd/ti/rc 0.090 0.069 1744640696.410975
1744640696.411188 120 3.211 -0.053 -0.774 8 0.66 3.406 -0.774 0.1606 1.8006
1744640696.411443 120 3.211 -0.054 -0.779 8 0.66 3.406 -0.779 0.1606 1.7948
% 1744640696.418905 robobot/cmd/ti/rc 0.090 0.069 1744640696.418744
1744640696.418925 120 3.211 -0.054 -0.785 8 0.65 3.407 -0.785 0.1619 1.7891
1744640696.424475 120 3.212 -0.055 -0.789 8 0.65 3.407 -0.789 0.1619 1.7856
% 1744640696.426464 robobot/cmd/ti/rc 0.090 -0.040 1744640696.426115
1744640696.4265149 120 3.212 -0.055 -0.789 8 0.65 3.409 -0.789 0.1634 1.7856
% 1744640696.43874 robobot/cmd/ti/rc 0.090 -0.189 1744640696.4385521
1744640696.438762 120 3.213 -0.055 -0.791 8 0.65 3.409 -0.791 0.1634 1.7833
1744640696.4390981 120 3.213 -0.055 -0.791 8 0.65 3.409 -0.791 0.1634 1.7833
% 1744640696.450494 robobot/cmd/ti/rc 0.090 -0.129 1744640696.450291
1744640696.450516 120 3.213 -0.056 -0.792 8 0.64 3.410 -0.792 0.1647 1.7821
1744640696.457626 120 3.214 -0.057 -0.793 8 0.64 3.410 -0.793 0.1647 1.7810
% 1744640696.458036 robobot/cmd/ti/rc 0.090 -0.113 1744640696.457888
1744640696.458056 120 3.214 -0.057 -0.793 8 0.64 3.412 -0.793 0.1662 1.7810
% 1744640696.469873 robobot/cmd/ti/rc 0.090 -0.237 1744640696.469745
1744640696.4698849 120 3.214 -0.057 -0.799 8 0.64 3.412 -0.799 0.1662 1.7752
1744640696.4700549 120 3.215 -0.058 -0.803 8 0.64 3.412 -0.803 0.1662 1.7717
% 1744640696.48092 robobot/cmd/ti/rc 0.090 -0.290 1744640696.4807749
1744640696.480941 120 3.215 -0.058 -0.807 8 0.64 3.413 -0.807 0.1678 1.7671
1744640696.486173 120 3.216 -0.059 -0.814 8 0.64 3.413 -0.814 0.1678 1.7602
% 1744640696.4865448 robobot/cmd/ti/rc 0.090 -0.266 1744640696.486409
1744640696.4865658 120 3.216 -0.059 -0.814 8 0.64 3.415 -0.814 0.1695 1.7602
% 1744640696.500648 robobot/cmd/ti/rc 0.090 -0.279 1744640696.500503
1744640696.500669 120 3.216 -0.059 -0.821 8 0.64 3.415 -0.821 0.1695 1.7532
1744640696.500993 120 3.216 -0.059 -0.823 8 0.64 3.415 -0.823 0.1695 1.7509
% 1744640696.506182 robobot/cmd/ti/rc 0.090 -0.241 1744640696.505982
1744640696.506204 120 3.217 -0.060 -0.825 8 0.64 3.416 -0.825 0.1709 1.7497
1744640696.51616 120 3.217 -0.060 -0.827 8 0.64 3.416 -0.827 0.1709 1.7474
% 1744640696.516591 robobot/cmd/ti/rc 0.090 -0.244 1744640696.5164
1744640696.516613 120 3.217 -0.060 -0.827 8 0.64 3.417 -0.827 0.1720 1.7474
% 1744640696.52629 robobot/cmd/ti/rc 0.090 -0.236 1744640696.526124
1744640696.52631 120 3.218 -0.061 -0.828 8 0.64 3.417 -0.828 0.1720 1.7463
1744640696.530774 120 3.219 -0.062 -0.830 8 0.64 3.417 -0.830 0.1720 1.7440
% 1744640696.5372329 robobot/cmd/ti/rc 0.090 -0.181 1744640696.537101
1744640696.5372539 120 3.219 -0.062 -0.830 8 0.63 3.419 -0.830 0.1735 1.7440
1744640696.5432708 120 3.220 -0.063 -0.835 8 0.63 3.419 -0.835 0.1735 1.7393
% 1744640696.5495198 robobot/cmd/ti/rc 0.090 -0.174 1744640696.549386
1744640696.54954 120 3.220 -0.063 -0.835 8 0.63 3.421 -0.835 0.1752 1.7393
% 1744640696.557121 robobot/cmd/ti/rc 0.090 -0.205 1744640696.556969
1744640696.557143 120 3.220 -0.063 -0.841 8 0.63 3.421 -0.841 0.1752 1.7336
1744640696.5661912 120 3.220 -0.063 -0.842 8 0.63 3.421 -0.842 0.1752 1.7324
% 1744640696.57234 robobot/cmd/ti/rc 0.090 -0.252 1744640696.572211
1744640696.57236 120 3.220 -0.064 -0.845 8 0.63 3.422 -0.845 0.1767 1.7289
1744640696.5727758 120 3.221 -0.064 -0.850 8 0.63 3.422 -0.850 0.1767 1.7243
% 1744640696.578975 robobot/cmd/ti/rc 0.090 -0.253 1744640696.578858
1744640696.578994 120 3.221 -0.064 -0.850 8 0.63 3.423 -0.850 0.1778 1.7243
% 1744640696.588075 robobot/cmd/ti/rc 0.090 -0.239 1744640696.587918
1744640696.588096 120 3.221 -0.065 -0.854 8 0.63 3.423 -0.854 0.1778 1.7208
1744640696.594178 120 3.222 -0.065 -0.855 8 0.63 3.423 -0.855 0.1778 1.7197
% 1744640696.598788 robobot/cmd/ti/rc 0.090 -0.302 1744640696.598646
1744640696.598809 120 3.222 -0.065 -0.857 8 0.63 3.424 -0.857 0.1789 1.7174
1744640696.604755 120 3.223 -0.066 -0.858 8 0.63 3.424 -0.858 0.1789 1.7162
% 1744640696.6113029 robobot/cmd/ti/rc 0.090 -0.207 1744640696.611146
1744640696.611325 120 3.223 -0.066 -0.858 8 0.62 3.425 -0.858 0.1801 1.7162
% 1744640696.6169448 robobot/cmd/ti/rc 0.090 -0.147 1744640696.616821
1744640696.616965 120 3.223 -0.067 -0.859 8 0.62 3.425 -0.859 0.1801 1.7150
1744640696.6173608 120 3.224 -0.067 -0.860 8 0.62 3.425 -0.860 0.1801 1.7139
% 1744640696.627414 robobot/cmd/ti/rc 0.090 -0.282 1744640696.627292
1744640696.627435 120 3.224 -0.068 -0.863 8 0.62 3.427 -0.863 0.1817 1.7116
1744640696.632586 120 3.224 -0.068 -0.865 8 0.62 3.427 -0.865 0.1817 1.7093
% 1744640696.638933 robobot/cmd/ti/rc 0.090 -0.277 1744640696.638777
1744640696.638953 120 3.224 -0.068 -0.865 8 0.62 3.428 -0.865 0.1830 1.7093
% 1744640696.648664 robobot/cmd/ti/rc 0.090 -0.214 1744640696.648483
1744640696.6486862 120 3.225 -0.068 -0.870 8 0.62 3.428 -0.870 0.1830 1.7046
1744640696.648942 120 3.225 -0.069 -0.871 8 0.62 3.428 -0.871 0.1830 1.7035
% 1744640696.656638 robobot/cmd/ti/rc 0.090 -0.239 1744640696.656505
1744640696.656658 120 3.225 -0.069 -0.873 8 0.62 3.429 -0.873 0.1841 1.7012
1744640696.6636071 120 3.226 -0.070 -0.877 8 0.62 3.429 -0.877 0.1841 1.6977
% 1744640696.6681888 robobot/cmd/ti/rc 0.090 -0.221 1744640696.668128
1744640696.668201 120 3.226 -0.070 -0.877 8 0.62 3.431 -0.877 0.1852 1.6977
% 1744640696.6775858 robobot/cmd/ti/rc 0.090 -0.222 1744640696.6774552
1744640696.677599 120 3.226 -0.070 -0.878 8 0.61 3.431 -0.878 0.1852 1.6965
1744640696.677711 120 3.226 -0.071 -0.879 8 0.61 3.431 -0.879 0.1852 1.6954
% 1744640696.6859798 robobot/cmd/ti/rc 0.090 -0.261 1744640696.685872
1744640696.6859899 120 3.227 -0.071 -0.881 8 0.61 3.432 -0.881 0.1865 1.6931
1744640696.695112 120 3.227 -0.072 -0.886 8 0.61 3.432 -0.886 0.1865 1.6885
% 1744640696.695349 robobot/cmd/ti/rc 0.090 -0.275 1744640696.695241
1744640696.6953611 120 3.227 -0.072 -0.886 8 0.61 3.433 -0.886 0.1879 1.6885
% 1744640696.705492 robobot/cmd/ti/rc 0.090 -0.254 1744640696.705386
1744640696.705507 120 3.228 -0.072 -0.889 8 0.61 3.433 -0.889 0.1879 1.6850
1744640696.709833 120 3.228 -0.073 -0.890 8 0.61 3.433 -0.890 0.1879 1.6838
% 1744640696.719286 robobot/cmd/ti/rc 0.090 -0.263 1744640696.719095
1744640696.719307 120 3.228 -0.073 -0.892 8 0.61 3.435 -0.892 0.1892 1.6827
1744640696.724481 120 3.229 -0.073 -0.894 8 0.61 3.435 -0.894 0.1892 1.6804
% 1744640696.728891 robobot/cmd/ti/rc 0.090 -0.267 1744640696.728739
1744640696.7289119 120 3.229 -0.073 -0.894 8 0.61 3.436 -0.894 0.1902 1.6804
% 1744640696.7381692 robobot/cmd/ti/rc 0.090 -0.244 1744640696.738042
1744640696.7381902 120 3.229 -0.074 -0.897 8 0.61 3.436 -0.897 0.1902 1.6769
1744640696.738488 120 3.229 -0.074 -0.899 8 0.61 3.436 -0.899 0.1902 1.6757
% 1744640696.748379 robobot/cmd/ti/rc 0.090 -0.240 1744640696.748202
1744640696.7484002 120 3.230 -0.075 -0.899 8 0.61 3.437 -0.899 0.1915 1.6757
1744640696.75499 120 3.230 -0.075 -0.902 8 0.61 3.437 -0.902 0.1915 1.6723
% 1744640696.7598348 robobot/cmd/ti/rc 0.090 -0.267 1744640696.759679
1744640696.759855 120 3.230 -0.075 -0.902 8 0.61 3.438 -0.902 0.1926 1.6723
% 1744640696.767651 robobot/cmd/ti/rc 0.090 -0.294 1744640696.767524
1744640696.767673 120 3.231 -0.076 -0.907 8 0.61 3.438 -0.907 0.1926 1.6676
1744640696.7754612 120 3.231 -0.076 -0.907 8 0.61 3.438 -0.907 0.1926 1.6676
% 1744640696.7807832 robobot/cmd/ti/rc 0.090 -0.263 1744640696.780658
1744640696.780803 120 3.231 -0.077 -0.909 8 0.60 3.439 -0.909 0.1940 1.6653
1744640696.786572 120 3.232 -0.077 -0.911 8 0.60 3.439 -0.911 0.1940 1.6630
% 1744640696.786918 robobot/cmd/ti/rc 0.090 -0.243 1744640696.7868009
1744640696.7869382 120 3.232 -0.077 -0.911 8 0.60 3.441 -0.911 0.1952 1.6630
% 1744640696.799191 robobot/cmd/ti/rc 0.090 -0.216 1744640696.798949
1744640696.7992141 120 3.232 -0.078 -0.914 8 0.60 3.441 -0.914 0.1952 1.6607
1744640696.7994869 120 3.232 -0.078 -0.915 8 0.60 3.441 -0.915 0.1952 1.6595
% 1744640696.806083 robobot/cmd/ti/rc 0.090 -0.223 1744640696.805898
1744640696.8061042 120 3.233 -0.079 -0.916 8 0.60 3.442 -0.916 0.1965 1.6584
1744640696.816133 120 3.233 -0.079 -0.919 8 0.60 3.442 -0.919 0.1965 1.6549
% 1744640696.816531 robobot/cmd/ti/rc 0.090 -0.249 1744640696.816371
1744640696.816551 120 3.233 -0.079 -0.919 8 0.60 3.443 -0.919 0.1978 1.6549
% 1744640696.8253708 robobot/cmd/ti/rc 0.090 -0.288 1744640696.8251882
1744640696.8253922 120 3.234 -0.080 -0.920 8 0.60 3.443 -0.920 0.1978 1.6538
1744640696.829659 120 3.234 -0.080 -0.923 8 0.60 3.443 -0.923 0.1978 1.6514
% 1744640696.838996 robobot/cmd/ti/rc 0.090 -0.288 1744640696.838741
1744640696.83902 120 3.234 -0.081 -0.925 8 0.59 3.444 -0.925 0.1990 1.6491
1744640696.848777 120 3.235 -0.081 -0.927 8 0.59 3.444 -0.927 0.1990 1.6468
% 1744640696.849345 robobot/cmd/ti/rc 0.090 -0.231 1744640696.8490381
1744640696.849368 120 3.235 -0.081 -0.927 8 0.59 3.446 -0.927 0.2003 1.6468
% 1744640696.865611 robobot/cmd/ti/rc 0.090 -0.253 1744640696.865422
1744640696.865626 120 3.235 -0.082 -0.930 8 0.59 3.446 -0.930 0.2003 1.6445
1744640696.8658571 120 3.236 -0.082 -0.930 8 0.59 3.446 -0.930 0.2003 1.6445
% 1744640696.871043 robobot/cmd/ti/rc 0.090 -0.246 1744640696.8708029
1744640696.8710568 120 3.236 -0.083 -0.932 8 0.59 3.447 -0.932 0.2017 1.6422
1744640696.875408 120 3.236 -0.084 -0.937 8 0.59 3.447 -0.937 0.2017 1.6376
% 1744640696.875854 robobot/cmd/ti/rc 0.090 -0.224 1744640696.875641
1744640696.87587 120 3.236 -0.084 -0.937 8 0.59 3.448 -0.937 0.2031 1.6376
% 1744640696.8905442 robobot/cmd/ti/rc 0.090 -0.232 1744640696.890314
1744640696.8905668 120 3.237 -0.084 -0.938 8 0.58 3.448 -0.938 0.2031 1.6364
1744640696.89085 120 3.237 -0.085 -0.939 8 0.58 3.448 -0.939 0.2031 1.6353
% 1744640696.896924 robobot/cmd/ti/rc 0.090 -0.243 1744640696.896717
1744640696.896946 120 3.237 -0.085 -0.941 8 0.58 3.450 -0.941 0.2044 1.6329
1744640696.90576 120 3.238 -0.086 -0.944 8 0.58 3.450 -0.944 0.2044 1.6306
% 1744640696.906235 robobot/cmd/ti/rc 0.090 -0.235 1744640696.906013
1744640696.906261 120 3.238 -0.086 -0.944 8 0.58 3.451 -0.944 0.2058 1.6306
% 1744640696.9191098 robobot/cmd/ti/rc 0.090 -0.271 1744640696.918889
1744640696.9191308 120 3.239 -0.087 -0.946 8 0.58 3.451 -0.946 0.2058 1.6283
1744640696.9242592 120 3.239 -0.087 -0.947 8 0.58 3.451 -0.947 0.2058 1.6272
% 1744640696.929356 robobot/cmd/ti/rc 0.090 -0.274 1744640696.929164
1744640696.929378 120 3.239 -0.087 -0.948 8 0.58 3.453 -0.948 0.2072 1.6260
1744640696.938706 120 3.240 -0.088 -0.951 8 0.58 3.453 -0.951 0.2072 1.6237
% 1744640696.939177 robobot/cmd/ti/rc 0.090 -0.228 1744640696.938957
1744640696.9392 120 3.240 -0.088 -0.951 8 0.57 3.454 -0.951 0.2086 1.6237
% 1744640696.948032 robobot/cmd/ti/rc 0.090 -0.224 1744640696.947847
1744640696.948053 120 3.240 -0.089 -0.953 8 0.57 3.454 -0.953 0.2086 1.6214
1744640696.9483159 120 3.240 -0.089 -0.953 8 0.57 3.454 -0.953 0.2086 1.6214
% 1744640696.979757 robobot/cmd/ti/rc 0.090 -0.225 1744640696.979545
1744640696.979779 120 3.241 -0.090 -0.955 8 0.57 3.455 -0.955 0.2100 1.6191
1744640697.102945 120 3.241 -0.090 -0.958 8 0.57 3.455 -0.958 0.2100 1.6168
% 1744640697.1057322 robobot/cmd/ti/rc 0.090 -0.238 1744640697.105453
1744640697.105758 120 3.241 -0.090 -0.958 8 0.57 3.470 -0.958 0.2243 1.6168
% 1744640697.1066592 robobot/cmd/ti/rc 0.090 -0.264 1744640697.106539
1744640697.106682 120 3.242 -0.091 -0.960 8 0.57 3.470 -0.960 0.2243 1.6144
1744640697.1070342 120 3.242 -0.091 -0.960 8 0.57 3.470 -0.960 0.2243 1.6144
% 1744640697.1073961 robobot/cmd/ti/rc 0.090 1.771 1744640697.107295
1744640697.107417 120 3.242 -0.092 -0.962 8 0.39 3.470 -0.962 0.2244 1.6121
1744640697.1079638 120 3.243 -0.093 -0.965 8 0.39 3.470 -0.965 0.2244 1.6098
% 1744640697.1082492 robobot/cmd/ti/rc 0.090 1.652 1744640697.108147
1744640697.1082702 120 3.243 -0.093 -0.965 8 0.41 3.470 -0.965 0.2244 1.6098
% 1744640697.108895 robobot/cmd/ti/rc 0.090 -0.678 1744640697.108808
1744640697.108916 120 3.243 -0.093 -0.967 8 0.41 3.470 -0.967 0.2244 1.6075
1744640697.109186 120 3.244 -0.094 -0.967 8 0.41 3.470 -0.967 0.2244 1.6075
% 1744640697.109374 robobot/cmd/ti/rc 0.090 -0.205 1744640697.1093178
1744640697.109385 120 3.244 -0.094 -0.969 8 0.41 3.470 -0.969 0.2245 1.6052
1744640697.1096342 120 3.245 -0.095 -0.970 8 0.41 3.470 -0.970 0.2245 1.6040
% 1744640697.1097841 robobot/cmd/ti/rc 0.090 -0.146 1744640697.10973
1744640697.1097941 120 3.245 -0.095 -0.970 8 0.40 3.470 -0.970 0.2246 1.6040
% 1744640697.110198 robobot/cmd/ti/rc 0.090 0.143 1744640697.110135
1744640697.1102111 120 3.245 -0.096 -0.974 8 0.38 3.470 -0.974 0.2246 1.6006
1744640697.110392 120 3.245 -0.096 -0.975 8 0.38 3.470 -0.975 0.2246 1.5994
% 1744640697.110601 robobot/cmd/ti/rc 0.090 0.091 1744640697.110551
1744640697.110611 120 3.246 -0.097 -0.974 8 0.38 3.470 -0.974 0.2247 1.6006
1744640697.110864 120 3.246 -0.098 -0.977 8 0.38 3.470 -0.977 0.2247 1.5971
% 1744640697.1110148 robobot/cmd/ti/rc 0.090 -0.098 1744640697.110961
1744640697.1110258 120 3.246 -0.098 -0.977 8 0.37 3.470 -0.977 0.2248 1.5971
% 1744640697.111464 robobot/cmd/ti/rc 0.090 -0.095 1744640697.111367
1744640697.111476 120 3.247 -0.098 -0.981 8 0.37 3.470 -0.981 0.2248 1.5936
1744640697.111774 120 3.247 -0.099 -0.982 8 0.37 3.470 -0.982 0.2248 1.5925
% 1744640697.112156 robobot/cmd/ti/rc 0.090 -0.052 1744640697.112051
1744640697.1121678 120 3.247 -0.099 -0.983 8 0.36 3.470 -0.983 0.2249 1.5913
1744640697.112431 120 3.248 -0.100 -0.985 8 0.36 3.470 -0.985 0.2249 1.5890
% 1744640697.1126232 robobot/cmd/ti/rc 0.090 -0.047 1744640697.112534
1744640697.1126342 120 3.248 -0.100 -0.985 8 0.36 3.470 -0.985 0.2249 1.5890
% 1744640697.1133351 robobot/cmd/ti/rc 0.090 -0.047 1744640697.113258
1744640697.113347 120 3.248 -0.101 -0.987 8 0.35 3.470 -0.987 0.2249 1.5878
1744640697.1135519 120 3.249 -0.101 -0.988 8 0.35 3.470 -0.988 0.2249 1.5867
% 1744640697.11375 robobot/cmd/ti/rc 0.090 -0.120 1744640697.113684
1744640697.113761 120 3.249 -0.102 -0.990 8 0.35 3.470 -0.990 0.2251 1.5844
1744640697.117279 120 3.250 -0.103 -0.992 8 0.35 3.470 -0.992 0.2251 1.5821
% 1744640697.117564 robobot/cmd/ti/rc 0.090 -0.064 1744640697.117441
1744640697.117575 120 3.250 -0.103 -0.992 8 0.34 3.471 -0.992 0.2252 1.5821
% 1744640697.136235 robobot/cmd/ti/rc 0.090 -0.055 1744640697.136174
1744640697.1362472 120 3.250 -0.103 -0.993 8 0.34 3.471 -0.993 0.2252 1.5809
1744640697.136405 120 3.250 -0.104 -0.996 8 0.34 3.471 -0.996 0.2252 1.5786
% 1744640697.140825 robobot/cmd/ti/rc 0.090 -0.088 1744640697.1407611
1744640697.140836 120 3.251 -0.104 -0.996 8 0.33 3.472 -0.996 0.2266 1.5786
1744640697.145437 120 3.251 -0.105 -0.998 8 0.33 3.472 -0.998 0.2266 1.5763
% 1744640697.145597 robobot/cmd/ti/rc 0.090 -0.061 1744640697.1455412
1744640697.145607 120 3.251 -0.105 -0.998 8 0.33 3.473 -0.998 0.2279 1.5763
% 1744640697.159116 robobot/cmd/ti/rc 0.090 -0.019 1744640697.158911
1744640697.159144 120 3.252 -0.106 -1.000 8 0.32 3.473 -1.000 0.2279 1.5740
1744640697.1592598 120 3.252 -0.106 -1.002 8 0.32 3.473 -1.002 0.2279 1.5728
% 1744640697.171243 robobot/cmd/ti/rc 0.090 0.070 1744640697.1711109
1744640697.1712582 120 3.252 -0.106 -1.004 8 0.31 3.475 -1.004 0.2294 1.5705
1744640697.176936 120 3.253 -0.107 -1.006 8 0.31 3.475 -1.006 0.2294 1.5682
% 1744640697.1771462 robobot/cmd/ti/rc 0.090 0.016 1744640697.1770759
1744640697.1771572 120 3.253 -0.107 -1.006 8 0.30 3.476 -1.006 0.2308 1.5682
% 1744640697.1874208 robobot/cmd/ti/rc 0.090 -0.006 1744640697.18736
1744640697.187433 120 3.253 -0.108 -1.007 8 0.30 3.476 -1.007 0.2308 1.5670
1744640697.193322 120 3.253 -0.108 -1.010 8 0.30 3.476 -1.010 0.2308 1.5647
% 1744640697.198548 robobot/cmd/ti/rc 0.090 -0.009 1744640697.198453
1744640697.198569 120 3.254 -0.109 -1.010 8 0.29 3.478 -1.010 0.2323 1.5647
1744640697.2041411 120 3.254 -0.110 -1.012 8 0.29 3.478 -1.012 0.2323 1.5624
% 1744640697.250251 robobot/cmd/ti/rc 0.090 -0.025 1744640697.250089
1744640697.250276 120 3.254 -0.110 -1.012 8 0.28 3.479 -1.012 0.2336 1.5624
% 1744640697.2509818 robobot/cmd/ti/rc 0.090 -0.008 1744640697.250907
1744640697.2510028 120 3.255 -0.110 -1.013 8 0.28 3.479 -1.013 0.2336 1.5612
1744640697.251403 120 3.255 -0.111 -1.014 8 0.28 3.479 -1.014 0.2336 1.5601
% 1744640697.251761 robobot/cmd/ti/rc 0.090 0.040 1744640697.251688
1744640697.251782 120 3.255 -0.111 -1.014 8 0.27 3.480 -1.014 0.2351 1.5601
1744640697.252073 120 3.256 -0.112 -1.015 8 0.27 3.480 -1.015 0.2351 1.5589
% 1744640697.252235 robobot/cmd/ti/rc 0.090 0.001 1744640697.2521951
1744640697.252246 120 3.256 -0.112 -1.015 8 0.26 3.482 -1.015 0.2364 1.5589
% 1744640697.2526112 robobot/cmd/ti/rc 0.090 -0.038 1744640697.252576
1744640697.2526221 120 3.256 -0.113 -1.016 8 0.26 3.482 -1.016 0.2364 1.5578
1744640697.252776 120 3.256 -0.113 -1.016 8 0.26 3.482 -1.016 0.2364 1.5578
% 1744640697.279128 robobot/cmd/ti/rc 0.090 0.016 1744640697.2790458
1744640697.2791512 120 3.256 -0.113 -1.016 8 0.25 3.483 -1.016 0.2379 1.5578
1744640697.279586 120 3.257 -0.114 -1.019 8 0.25 3.483 -1.019 0.2379 1.5555
% 1744640697.2798772 robobot/cmd/ti/rc 0.090 0.011 1744640697.27981
1744640697.279897 120 3.257 -0.114 -1.019 8 0.24 3.485 -1.019 0.2391 1.5555
% 1744640697.280531 robobot/cmd/ti/rc 0.090 0.015 1744640697.2804658
1744640697.280551 120 3.257 -0.115 -1.019 8 0.24 3.485 -1.019 0.2391 1.5555
1744640697.303275 120 3.258 -0.115 -1.019 8 0.24 3.485 -1.019 0.2391 1.5555
% 1744640697.303699 robobot/cmd/ti/rc 0.090 -0.024 1744640697.3035982
1744640697.30372 120 3.258 -0.116 -1.019 8 0.23 3.486 -1.019 0.2405 1.5555
1744640697.3042119 120 3.258 -0.116 -1.018 8 0.23 3.486 -1.018 0.2405 1.5566
% 1744640697.304543 robobot/cmd/ti/rc 0.090 -0.025 1744640697.30446
1744640697.304564 120 3.258 -0.116 -1.018 8 0.22 3.487 -1.018 0.2418 1.5566
% 1744640697.309736 robobot/cmd/ti/rc 0.090 0.026 1744640697.3096619
1744640697.3097558 120 3.259 -0.117 -1.019 8 0.22 3.487 -1.019 0.2418 1.5555
1744640697.3100748 120 3.259 -0.117 -1.019 8 0.22 3.487 -1.019 0.2418 1.5555
% 1744640697.335994 robobot/cmd/ti/rc 0.090 0.047 1744640697.3358889
1744640697.336017 120 3.259 -0.118 -1.019 8 0.21 3.489 -1.019 0.2432 1.5555
1744640697.3364532 120 3.260 -0.119 -1.019 8 0.21 3.489 -1.019 0.2432 1.5555
% 1744640697.3367748 robobot/cmd/ti/rc 0.090 0.032 1744640697.336691
1744640697.3367958 120 3.260 -0.119 -1.019 8 0.20 3.490 -1.019 0.2445 1.5555
% 1744640697.337421 robobot/cmd/ti/rc 0.090 0.004 1744640697.337348
1744640697.337441 120 3.260 -0.119 -1.018 8 0.20 3.490 -1.018 0.2445 1.5566
1744640697.349422 120 3.260 -0.120 -1.016 8 0.20 3.490 -1.016 0.2445 1.5578
% 1744640697.3613791 robobot/cmd/ti/rc 0.090 0.024 1744640697.361206
1744640697.361399 120 3.261 -0.120 -1.016 8 0.19 3.491 -1.016 0.2458 1.5578
1744640697.361713 120 3.261 -0.121 -1.015 8 0.19 3.491 -1.015 0.2458 1.5589
% 1744640697.362011 robobot/cmd/ti/rc 0.090 0.022 1744640697.361941
1744640697.3620312 120 3.261 -0.121 -1.015 8 0.18 3.492 -1.015 0.2469 1.5589
% 1744640697.3702872 robobot/cmd/ti/rc 0.090 0.012 1744640697.370212
1744640697.3703082 120 3.261 -0.121 -1.015 8 0.18 3.492 -1.015 0.2469 1.5589
1744640697.3706791 120 3.262 -0.122 -1.014 8 0.18 3.492 -1.014 0.2469 1.5601
% 1744640697.37643 robobot/cmd/ti/rc 0.090 0.030 1744640697.376357
1744640697.376451 120 3.262 -0.122 -1.013 8 0.17 3.494 -1.013 0.2482 1.5612
1744640697.389763 120 3.262 -0.123 -1.014 8 0.17 3.494 -1.014 0.2482 1.5601
% 1744640697.3901 robobot/cmd/ti/rc 0.090 0.020 1744640697.389996
1744640697.39012 120 3.262 -0.123 -1.014 8 0.16 3.495 -1.014 0.2495 1.5601
% 1744640697.397589 robobot/cmd/ti/rc 0.090 0.016 1744640697.3974762
1744640697.39761 120 3.263 -0.123 -1.013 8 0.16 3.495 -1.013 0.2495 1.5612
1744640697.416178 120 3.263 -0.124 -1.012 8 0.16 3.495 -1.012 0.2495 1.5624
% 1744640697.4212449 robobot/cmd/ti/rc 0.090 0.045 1744640697.4209971
1744640697.421268 120 3.263 -0.124 -1.012 8 0.15 3.496 -1.012 0.2508 1.5624
1744640697.4215941 120 3.264 -0.125 -1.011 8 0.15 3.496 -1.011 0.2508 1.5636
% 1744640697.4218931 robobot/cmd/ti/rc 0.090 0.018 1744640697.421816
1744640697.4219131 120 3.264 -0.125 -1.011 8 0.14 3.497 -1.011 0.2520 1.5636
% 1744640697.427125 robobot/cmd/ti/rc 0.090 0.027 1744640697.427032
1744640697.427148 120 3.264 -0.126 -1.011 8 0.14 3.497 -1.011 0.2520 1.5636
1744640697.4383519 120 3.264 -0.126 -1.011 8 0.14 3.497 -1.011 0.2520 1.5636
% 1744640697.443307 robobot/cmd/ti/rc 0.090 0.009 1744640697.443124
1744640697.443328 120 3.265 -0.126 -1.011 8 0.13 3.499 -1.011 0.2534 1.5636
1744640697.443698 120 3.265 -0.127 -1.010 8 0.13 3.499 -1.010 0.2534 1.5647
% 1744640697.450515 robobot/cmd/ti/rc 0.090 -0.007 1744640697.4503539
1744640697.450536 120 3.265 -0.127 -1.010 8 0.13 3.500 -1.010 0.2547 1.5647
% 1744640697.463901 robobot/cmd/ti/rc 0.090 0.020 1744640697.4637911
1744640697.463922 120 3.266 -0.128 -1.008 8 0.12 3.500 -1.008 0.2547 1.5659
1744640697.480971 120 3.266 -0.128 -1.010 8 0.12 3.500 -1.010 0.2547 1.5647
% 1744640697.481421 robobot/cmd/ti/rc 0.090 0.044 1744640697.481289
1744640697.481442 120 3.266 -0.129 -1.008 8 0.11 3.501 -1.008 0.2560 1.5659
1744640697.4893599 120 3.266 -0.129 -1.007 8 0.11 3.501 -1.007 0.2560 1.5670
% 1744640697.4897459 robobot/cmd/ti/rc 0.090 0.060 1744640697.489608
1744640697.489769 120 3.266 -0.129 -1.007 8 0.11 3.503 -1.007 0.2573 1.5670
% 1744640697.490366 robobot/cmd/ti/rc 0.090 0.034 1744640697.49029
1744640697.490388 120 3.267 -0.130 -1.008 8 0.10 3.503 -1.008 0.2573 1.5659
1744640697.49071 120 3.267 -0.131 -1.007 8 0.10 3.503 -1.007 0.2573 1.5670
% 1744640697.496576 robobot/cmd/ti/rc 0.090 0.022 1744640697.496501
1744640697.496597 120 3.267 -0.131 -1.007 8 0.09 3.504 -1.007 0.2587 1.5670
1744640697.50763 120 3.268 -0.132 -1.007 8 0.09 3.504 -1.007 0.2587 1.5670
% 1744640697.507972 robobot/cmd/ti/rc 0.090 0.045 1744640697.507863
1744640697.507992 120 3.268 -0.132 -1.007 8 0.09 3.505 -1.007 0.2601 1.5670
% 1744640697.536114 robobot/cmd/ti/rc 0.090 0.060 1744640697.5360022
1744640697.536135 120 3.268 -0.132 -1.006 8 0.08 3.505 -1.006 0.2601 1.5682
1744640697.5365188 120 3.269 -0.133 -1.007 8 0.08 3.505 -1.007 0.2601 1.5670
% 1744640697.541711 robobot/cmd/ti/rc 0.090 0.034 1744640697.541562
1744640697.541732 120 3.269 -0.133 -1.007 8 0.07 3.507 -1.007 0.2614 1.5670
1744640697.542355 120 3.269 -0.134 -1.006 8 0.07 3.507 -1.006 0.2614 1.5682
% 1744640697.542644 robobot/cmd/ti/rc 0.090 0.026 1744640697.5425751
1744640697.5426629 120 3.269 -0.134 -1.006 8 0.07 3.508 -1.006 0.2628 1.5682
% 1744640697.550364 robobot/cmd/ti/rc 0.090 0.029 1744640697.550294
1744640697.550384 120 3.270 -0.135 -1.007 8 0.06 3.508 -1.007 0.2628 1.5670
1744640697.5506968 120 3.270 -0.135 -1.007 8 0.06 3.508 -1.007 0.2628 1.5670
% 1744640697.5557928 robobot/cmd/ti/rc 0.090 0.050 1744640697.555723
1744640697.5558138 120 3.270 -0.136 -1.006 8 0.06 3.510 -1.006 0.2642 1.5682
1744640697.5691788 120 3.271 -0.136 -1.006 8 0.06 3.510 -1.006 0.2642 1.5682
% 1744640697.5695229 robobot/cmd/ti/rc 0.090 0.050 1744640697.569411
1744640697.569543 120 3.271 -0.136 -1.006 8 0.05 3.511 -1.006 0.2656 1.5682
% 1744640697.581803 robobot/cmd/ti/rc 0.090 0.050 1744640697.581662
1744640697.581824 120 3.271 -0.137 -1.004 8 0.05 3.511 -1.004 0.2656 1.5705
1744640697.587687 120 3.271 -0.137 -1.006 8 0.05 3.511 -1.006 0.2656 1.5682
% 1744640697.58811 robobot/cmd/ti/rc 0.090 2.192 1744640697.587988
1744640697.58813 120 3.272 -0.138 -1.005 8 -0.34 3.512 -1.005 0.2668 1.5693
1744640697.606438 120 3.272 -0.139 -1.004 8 -0.34 3.512 -1.004 0.2668 1.5705
% 1744640697.6068459 robobot/cmd/ti/rc 0.090 2.868 1744640697.606673
1744640697.606866 120 3.272 -0.139 -1.004 8 -0.35 3.514 -1.004 0.2682 1.5705
% 1744640697.6073742 robobot/cmd/ti/rc 0.090 0.750 1744640697.607307
1744640697.607394 120 3.273 -0.139 -1.000 8 -0.36 3.514 -1.000 0.2682 1.5740
1744640697.6129868 120 3.273 -0.140 -0.995 8 -0.36 3.514 -0.995 0.2682 1.5797
% 1744640697.625042 robobot/cmd/ti/rc 0.090 0.108 1744640697.624919
1744640697.62522 120 3.273 -0.140 -0.990 8 -0.35 3.515 -0.990 0.2696 1.5844
1744640697.631316 120 3.274 -0.141 -0.980 8 -0.35 3.515 -0.980 0.2696 1.5948
% 1744640697.631706 robobot/cmd/ti/rc 0.090 -0.154 1744640697.631547
1744640697.6317272 120 3.274 -0.141 -0.980 8 -0.34 3.517 -0.980 0.2713 1.5948
% 1744640697.647645 robobot/cmd/ti/rc 0.090 0.167 1744640697.647506
1744640697.647666 120 3.274 -0.142 -0.971 8 -0.35 3.517 -0.971 0.2713 1.6029
1744640697.664028 120 3.275 -0.142 -0.968 8 -0.35 3.517 -0.968 0.2713 1.6063
% 1744640697.6644638 robobot/cmd/ti/rc 0.090 0.226 1744640697.664385
1744640697.664484 120 3.275 -0.142 -0.966 8 -0.35 3.518 -0.966 0.2728 1.6087
1744640697.664872 120 3.275 -0.143 -0.962 8 -0.35 3.518 -0.962 0.2728 1.6121
% 1744640697.670039 robobot/cmd/ti/rc 0.090 0.104 1744640697.6699631
1744640697.67006 120 3.275 -0.143 -0.962 8 -0.35 3.519 -0.962 0.2738 1.6121
% 1744640697.67066 robobot/cmd/ti/rc 0.090 0.031 1744640697.670588
1744640697.670681 120 3.276 -0.144 -0.958 8 -0.34 3.519 -0.958 0.2738 1.6168
1744640697.671048 120 3.276 -0.144 -0.955 8 -0.34 3.519 -0.955 0.2738 1.6191
% 1744640697.6774569 robobot/cmd/ti/rc 0.090 -0.082 1744640697.6774
1744640697.677472 120 3.276 -0.145 -0.954 8 -0.34 3.520 -0.954 0.2751 1.6202
1744640697.684763 120 3.277 -0.145 -0.948 8 -0.34 3.520 -0.948 0.2751 1.6260
% 1744640697.689995 robobot/cmd/ti/rc 0.090 -0.021 1744640697.689894
1744640697.690016 120 3.277 -0.145 -0.948 8 -0.33 3.522 -0.948 0.2765 1.6260
% 1744640697.705696 robobot/cmd/ti/rc 0.090 0.071 1744640697.705547
1744640697.705717 120 3.278 -0.146 -0.943 8 -0.33 3.522 -0.943 0.2765 1.6318
1744640697.705971 120 3.278 -0.147 -0.939 8 -0.33 3.522 -0.939 0.2765 1.6353
% 1744640697.71228 robobot/cmd/ti/rc 0.090 0.071 1744640697.71218
1744640697.7123 120 3.278 -0.147 -0.937 8 -0.33 3.523 -0.937 0.2781 1.6376
1744640697.725384 120 3.279 -0.148 -0.931 8 -0.33 3.523 -0.931 0.2781 1.6434
% 1744640697.726048 robobot/cmd/ti/rc 0.090 0.036 1744640697.725615
1744640697.726069 120 3.279 -0.148 -0.931 8 -0.33 3.525 -0.931 0.2798 1.6434
% 1744640697.726642 robobot/cmd/ti/rc 0.090 0.077 1744640697.726568
1744640697.7266612 120 3.279 -0.149 -0.929 8 -0.33 3.525 -0.929 0.2798 1.6457
1744640697.73237 120 3.280 -0.149 -0.927 8 -0.33 3.525 -0.927 0.2798 1.6468
% 1744640697.746473 robobot/cmd/ti/rc 0.090 0.070 1744640697.746372
1744640697.746494 120 3.280 -0.149 -0.927 8 -0.33 3.526 -0.927 0.2811 1.6468
1744640697.746926 120 3.280 -0.150 -0.924 8 -0.33 3.526 -0.924 0.2811 1.6503
% 1744640697.747217 robobot/cmd/ti/rc 0.090 0.117 1744640697.747148
1744640697.7472372 120 3.280 -0.150 -0.924 8 -0.33 3.528 -0.924 0.2823 1.6503
% 1744640697.761655 robobot/cmd/ti/rc 0.090 0.071 1744640697.7615411
1744640697.7616751 120 3.281 -0.151 -0.922 8 -0.32 3.528 -0.922 0.2823 1.6526
1744640697.7620459 120 3.281 -0.151 -0.919 8 -0.32 3.528 -0.919 0.2823 1.6549
% 1744640697.770559 robobot/cmd/ti/rc 0.090 -0.026 1744640697.770418
1744640697.7705789 120 3.281 -0.151 -0.919 8 -0.32 3.529 -0.919 0.2834 1.6549
1744640697.778406 120 3.282 -0.152 -0.916 8 -0.32 3.529 -0.916 0.2834 1.6584
% 1744640697.77877 robobot/cmd/ti/rc 0.090 -0.021 1744640697.778634
1744640697.778791 120 3.282 -0.152 -0.916 8 -0.31 3.530 -0.916 0.2847 1.6584
% 1744640697.79281 robobot/cmd/ti/rc 0.090 0.026 1744640697.792681
1744640697.792831 120 3.282 -0.153 -0.914 8 -0.31 3.530 -0.914 0.2847 1.6607
1744640697.793087 120 3.283 -0.153 -0.912 8 -0.31 3.530 -0.912 0.2847 1.6619
% 1744640697.799482 robobot/cmd/ti/rc 0.090 0.077 1744640697.799387
1744640697.7995021 120 3.283 -0.154 -0.912 8 -0.31 3.532 -0.912 0.2862 1.6619
1744640697.805792 120 3.284 -0.154 -0.911 8 -0.31 3.532 -0.911 0.2862 1.6630
% 1744640697.806116 robobot/cmd/ti/rc 0.090 0.083 1744640697.806019
1744640697.806135 120 3.284 -0.154 -0.911 8 -0.31 3.533 -0.911 0.2876 1.6630
% 1744640697.8155892 robobot/cmd/ti/rc 0.090 0.085 1744640697.8154938
1744640697.815609 120 3.284 -0.155 -0.911 8 -0.31 3.533 -0.911 0.2876 1.6630
1744640697.8212538 120 3.284 -0.155 -0.910 8 -0.31 3.533 -0.910 0.2876 1.6642
% 1744640697.826082 robobot/cmd/ti/rc 0.090 0.112 1744640697.825981
1744640697.826102 120 3.285 -0.156 -0.909 8 -0.31 3.534 -0.909 0.2888 1.6653
1744640697.8424032 120 3.285 -0.156 -0.905 8 -0.31 3.534 -0.905 0.2888 1.6688
% 1744640697.842773 robobot/cmd/ti/rc 0.090 0.113 1744640697.842637
1744640697.842793 120 3.285 -0.156 -0.905 8 -0.31 3.535 -0.905 0.2901 1.6688
% 1744640697.850255 robobot/cmd/ti/rc 0.090 0.136 1744640697.8501272
1744640697.850275 120 3.286 -0.157 -0.904 8 -0.31 3.535 -0.904 0.2901 1.6699
1744640697.850602 120 3.286 -0.157 -0.903 8 -0.31 3.535 -0.903 0.2901 1.6711
% 1744640697.875735 robobot/cmd/ti/rc 0.090 0.143 1744640697.875607
1744640697.875765 120 3.286 -0.158 -0.902 8 -0.31 3.537 -0.902 0.2916 1.6723
1744640697.876253 120 3.287 -0.158 -0.900 8 -0.31 3.537 -0.900 0.2916 1.6746
% 1744640697.888111 robobot/cmd/ti/rc 0.090 0.085 1744640697.8879108
1744640697.888134 120 3.287 -0.158 -0.900 8 -0.31 3.538 -0.900 0.2928 1.6746
% 1744640697.888948 robobot/cmd/ti/rc 0.090 0.070 1744640697.8888478
1744640697.888968 120 3.287 -0.159 -0.899 8 -0.31 3.538 -0.899 0.2928 1.6757
1744640697.889299 120 3.288 -0.159 -0.899 8 -0.31 3.538 -0.899 0.2928 1.6757
% 1744640697.889693 robobot/cmd/ti/rc 0.090 0.101 1744640697.889606
1744640697.889708 120 3.288 -0.160 -0.897 8 -0.30 3.539 -0.897 0.2940 1.6769
1744640697.9084501 120 3.288 -0.160 -0.895 8 -0.30 3.539 -0.895 0.2940 1.6792
% 1744640697.9088361 robobot/cmd/ti/rc 0.090 0.057 1744640697.908631
1744640697.908847 120 3.288 -0.160 -0.895 8 -0.30 3.541 -0.895 0.2954 1.6792
% 1744640697.916621 robobot/cmd/ti/rc 0.090 0.055 1744640697.916353
1744640697.9166431 120 3.289 -0.161 -0.894 8 -0.30 3.541 -0.894 0.2954 1.6804
1744640697.916929 120 3.289 -0.161 -0.893 8 -0.30 3.541 -0.893 0.2954 1.6815
% 1744640697.917346 robobot/cmd/ti/rc 0.090 0.113 1744640697.917232
1744640697.917366 120 3.289 -0.162 -0.892 8 -0.30 3.542 -0.892 0.2966 1.6827
1744640697.936223 120 3.290 -0.162 -0.890 8 -0.30 3.542 -0.890 0.2966 1.6838
% 1744640697.936727 robobot/cmd/ti/rc 0.090 0.080 1744640697.93649
1744640697.9367502 120 3.290 -0.162 -0.890 8 -0.30 3.543 -0.890 0.2979 1.6838
% 1744640697.937338 robobot/cmd/ti/rc 0.090 0.119 1744640697.937231
1744640697.937359 120 3.291 -0.163 -0.888 8 -0.30 3.543 -0.888 0.2979 1.6861
1744640697.9652412 120 3.291 -0.163 -0.887 8 -0.30 3.543 -0.887 0.2979 1.6873
% 1744640697.965877 robobot/cmd/ti/rc 0.090 0.163 1744640697.965648
1744640697.965899 120 3.291 -0.164 -0.886 8 -0.30 3.545 -0.886 0.2992 1.6885
1744640697.966229 120 3.292 -0.164 -0.885 8 -0.30 3.545 -0.885 0.2992 1.6896
% 1744640697.966562 robobot/cmd/ti/rc 0.090 0.066 1744640697.966463
1744640697.966583 120 3.292 -0.164 -0.885 8 -0.30 3.546 -0.885 0.3004 1.6896
% 1744640697.973102 robobot/cmd/ti/rc 0.090 0.059 1744640697.973002
1744640697.973123 120 3.292 -0.165 -0.882 8 -0.29 3.546 -0.882 0.3004 1.6919
1744640697.9735858 120 3.292 -0.165 -0.882 8 -0.29 3.546 -0.882 0.3004 1.6919
% 1744640697.98123 robobot/cmd/ti/rc 0.090 0.114 1744640697.981128
1744640697.98125 120 3.293 -0.166 -0.881 8 -0.29 3.547 -0.881 0.3017 1.6931
1744640697.992243 120 3.293 -0.166 -0.881 8 -0.29 3.547 -0.881 0.3017 1.6931
% 1744640697.992597 robobot/cmd/ti/rc 0.090 0.107 1744640697.992469
1744640697.9926121 120 3.293 -0.166 -0.881 8 -0.29 3.548 -0.881 0.3029 1.6931
% 1744640697.998074 robobot/cmd/ti/rc 0.090 0.044 1744640697.997969
1744640697.998087 120 3.294 -0.167 -0.879 8 -0.29 3.548 -0.879 0.3029 1.6954
1744640698.012962 120 3.294 -0.167 -0.879 8 -0.29 3.548 -0.879 0.3029 1.6954
% 1744640698.013438 robobot/cmd/ti/rc 0.090 0.029 1744640698.01331
1744640698.01346 120 3.294 -0.168 -0.879 8 -0.29 3.550 -0.879 0.3043 1.6954
1744640698.0179799 120 3.295 -0.168 -0.878 8 -0.29 3.550 -0.878 0.3043 1.6965
% 1744640698.018353 robobot/cmd/ti/rc 0.090 0.087 1744640698.018243
1744640698.018374 120 3.295 -0.168 -0.878 8 -0.29 3.551 -0.878 0.3055 1.6965
% 1744640698.029216 robobot/cmd/ti/rc 0.090 0.137 1744640698.029004
1744640698.029238 120 3.295 -0.169 -0.875 8 -0.29 3.551 -0.875 0.3055 1.6989
1744640698.038118 120 3.296 -0.169 -0.877 8 -0.29 3.551 -0.877 0.3055 1.6977
% 1744640698.0387928 robobot/cmd/ti/rc 0.090 0.091 1744640698.03861
1744640698.038814 120 3.296 -0.170 -0.875 8 -0.28 3.552 -0.875 0.3068 1.6989
1744640698.048736 120 3.296 -0.170 -0.874 8 -0.28 3.552 -0.874 0.3068 1.7000
% 1744640698.049192 robobot/cmd/ti/rc 0.090 0.035 1744640698.048981
1744640698.049213 120 3.296 -0.170 -0.874 8 -0.28 3.554 -0.874 0.3082 1.7000
% 1744640698.075734 robobot/cmd/ti/rc 0.090 0.067 1744640698.075566
1744640698.0757551 120 3.297 -0.171 -0.874 8 -0.28 3.554 -0.874 0.3082 1.7000
1744640698.080543 120 3.297 -0.171 -0.872 8 -0.28 3.554 -0.872 0.3082 1.7023
% 1744640698.080959 robobot/cmd/ti/rc 0.090 0.076 1744640698.080857
1744640698.0809789 120 3.298 -0.172 -0.872 8 -0.28 3.555 -0.872 0.3095 1.7023
1744640698.0814898 120 3.298 -0.172 -0.871 8 -0.28 3.555 -0.871 0.3095 1.7035
% 1744640698.0818172 robobot/cmd/ti/rc 0.090 0.108 1744640698.081722
1744640698.081837 120 3.298 -0.172 -0.871 8 -0.28 3.556 -0.871 0.3108 1.7035
% 1744640698.0988328 robobot/cmd/ti/rc 0.090 0.115 1744640698.098681
1744640698.0988438 120 3.299 -0.173 -0.870 8 -0.28 3.556 -0.870 0.3108 1.7046
1744640698.098971 120 3.299 -0.173 -0.871 8 -0.28 3.556 -0.871 0.3108 1.7035
% 1744640698.106205 robobot/cmd/ti/rc 0.090 0.111 1744640698.106095
1744640698.106217 120 3.299 -0.174 -0.870 8 -0.28 3.558 -0.870 0.3123 1.7046
1744640698.1063879 120 3.300 -0.174 -0.869 8 -0.28 3.558 -0.869 0.3123 1.7058
% 1744640698.11402 robobot/cmd/ti/rc 0.090 0.123 1744640698.113923
1744640698.114032 120 3.300 -0.174 -0.869 8 -0.28 3.559 -0.869 0.3136 1.7058
% 1744640698.1209788 robobot/cmd/ti/rc 0.090 0.054 1744640698.120862
1744640698.120994 120 3.301 -0.175 -0.867 8 -0.27 3.559 -0.867 0.3136 1.7070
1744640698.1212108 120 3.301 -0.176 -0.867 8 -0.27 3.559 -0.867 0.3136 1.7070
% 1744640698.1264992 robobot/cmd/ti/rc 0.090 0.062 1744640698.126325
1744640698.1265202 120 3.301 -0.176 -0.867 8 -0.27 3.560 -0.867 0.3150 1.7070
1744640698.148405 120 3.302 -0.177 -0.866 8 -0.27 3.560 -0.866 0.3150 1.7081
% 1744640698.148832 robobot/cmd/ti/rc 0.090 0.108 1744640698.148652
1744640698.1488519 120 3.302 -0.177 -0.866 8 -0.27 3.562 -0.866 0.3165 1.7081
% 1744640698.149427 robobot/cmd/ti/rc 0.090 0.023 1744640698.149348
1744640698.149447 120 3.302 -0.177 -0.865 8 -0.27 3.562 -0.865 0.3165 1.7093
1744640698.1597388 120 3.303 -0.178 -0.865 8 -0.27 3.562 -0.865 0.3165 1.7093
% 1744640698.16013 robobot/cmd/ti/rc 0.090 0.041 1744640698.160042
1744640698.16015 120 3.303 -0.178 -0.864 8 -0.26 3.563 -0.864 0.3179 1.7104
1744640698.193381 120 3.304 -0.179 -0.864 8 -0.26 3.563 -0.864 0.3179 1.7104
% 1744640698.193779 robobot/cmd/ti/rc 0.090 0.097 1744640698.193655
1744640698.1938 120 3.304 -0.179 -0.864 8 -0.26 3.565 -0.864 0.3192 1.7104
% 1744640698.203557 robobot/cmd/ti/rc 0.090 0.087 1744640698.203438
1744640698.203577 120 3.304 -0.180 -0.863 8 -0.26 3.565 -0.863 0.3192 1.7116
1744640698.203939 120 3.305 -0.180 -0.863 8 -0.26 3.565 -0.863 0.3192 1.7116
% 1744640698.2043462 robobot/cmd/ti/rc 0.090 -1.897 1744640698.2042382
1744640698.204366 120 3.305 -0.180 -0.863 8 -0.15 3.566 -0.863 0.3208 1.7116
1744640698.208143 120 3.305 -0.181 -0.862 8 -0.15 3.566 -0.862 0.3208 1.7127
% 1744640698.208502 robobot/cmd/ti/rc 0.090 -1.910 1744640698.208404
1744640698.208523 120 3.305 -0.181 -0.862 8 -0.16 3.567 -0.862 0.3221 1.7127
% 1744640698.20929 robobot/cmd/ti/rc 0.090 0.212 1744640698.2092009
1744640698.20931 120 3.306 -0.182 -0.860 8 -0.15 3.567 -0.860 0.3221 1.7139
1744640698.217618 120 3.306 -0.182 -0.862 8 -0.15 3.567 -0.862 0.3221 1.7127
% 1744640698.2180119 robobot/cmd/ti/rc 0.090 -0.172 1744640698.2179258
1744640698.2180321 120 3.307 -0.182 -0.860 8 -0.15 3.569 -0.860 0.3235 1.7139
1744640698.252693 120 3.307 -0.183 -0.859 8 -0.15 3.569 -0.859 0.3235 1.7151
% 1744640698.253258 robobot/cmd/ti/rc 0.090 0.008 1744640698.2529721
1744640698.2532868 120 3.307 -0.183 -0.859 8 -0.14 3.570 -0.859 0.3248 1.7151
% 1744640698.253938 robobot/cmd/ti/rc 0.090 0.091 1744640698.253828
1744640698.253958 120 3.308 -0.184 -0.858 8 -0.15 3.570 -0.858 0.3248 1.7162
1744640698.2543292 120 3.308 -0.184 -0.858 8 -0.15 3.570 -0.858 0.3248 1.7162
% 1744640698.293391 robobot/cmd/ti/rc 0.090 0.097 1744640698.2932649
1744640698.2934139 120 3.308 -0.184 -0.857 8 -0.14 3.572 -0.857 0.3263 1.7174
1744640698.293844 120 3.309 -0.185 -0.858 8 -0.14 3.572 -0.858 0.3263 1.7162
% 1744640698.294179 robobot/cmd/ti/rc 0.090 0.003 1744640698.294084
1744640698.294199 120 3.309 -0.185 -0.858 8 -0.14 3.573 -0.858 0.3276 1.7162
% 1744640698.294869 robobot/cmd/ti/rc 0.090 0.085 1744640698.29478
1744640698.294889 120 3.310 -0.186 -0.857 8 -0.14 3.573 -0.857 0.3276 1.7174
1744640698.295126 120 3.310 -0.186 -0.857 8 -0.14 3.573 -0.857 0.3276 1.7174
% 1744640698.295357 robobot/cmd/ti/rc 0.090 0.074 1744640698.295288
1744640698.295369 120 3.310 -0.186 -0.857 8 -0.14 3.574 -0.857 0.3290 1.7174
1744640698.29559 120 3.311 -0.187 -0.856 8 -0.14 3.574 -0.856 0.3290 1.7185
% 1744640698.300609 robobot/cmd/ti/rc 0.090 -0.042 1744640698.300546
1744640698.30062 120 3.311 -0.187 -0.856 8 -0.13 3.576 -0.856 0.3304 1.7185
% 1744640698.301026 robobot/cmd/ti/rc 0.090 -0.022 1744640698.300975
1744640698.301037 120 3.311 -0.188 -0.857 8 -0.13 3.576 -0.857 0.3304 1.7174
1744640698.3012109 120 3.312 -0.188 -0.857 8 -0.13 3.576 -0.857 0.3304 1.7174
% 1744640698.3131819 robobot/cmd/ti/rc 0.090 0.044 1744640698.3131
1744640698.3132029 120 3.312 -0.188 -0.856 8 -0.13 3.577 -0.856 0.3317 1.7185
1744640698.319833 120 3.313 -0.189 -0.857 8 -0.13 3.577 -0.857 0.3317 1.7174
% 1744640698.320111 robobot/cmd/ti/rc 0.090 0.091 1744640698.320021
1744640698.320132 120 3.313 -0.189 -0.857 8 -0.13 3.579 -0.857 0.3332 1.7174
% 1744640698.33101 robobot/cmd/ti/rc 0.090 0.130 1744640698.3309162
1744640698.331031 120 3.313 -0.190 -0.856 8 -0.13 3.579 -0.856 0.3332 1.7185
1744640698.341907 120 3.313 -0.190 -0.856 8 -0.13 3.579 -0.856 0.3332 1.7185
% 1744640698.3422909 robobot/cmd/ti/rc 0.090 0.031 1744640698.342207
1744640698.3423119 120 3.314 -0.190 -0.857 8 -0.13 3.580 -0.857 0.3344 1.7174
1744640698.3476648 120 3.314 -0.191 -0.856 8 -0.13 3.580 -0.856 0.3344 1.7185
% 1744640698.347975 robobot/cmd/ti/rc 0.090 0.024 1744640698.347893
1744640698.3479948 120 3.314 -0.191 -0.856 8 -0.13 3.581 -0.856 0.3357 1.7185
% 1744640698.372579 robobot/cmd/ti/rc 0.090 0.087 1744640698.372436
1744640698.3726 120 3.315 -0.192 -0.855 8 -0.13 3.581 -0.855 0.3357 1.7197
1744640698.3729432 120 3.315 -0.192 -0.856 8 -0.13 3.581 -0.856 0.3357 1.7185
% 1744640698.373308 robobot/cmd/ti/rc 0.090 0.074 1744640698.373229
1744640698.373328 120 3.315 -0.192 -0.855 8 -0.12 3.583 -0.855 0.3372 1.7197
1744640698.385586 120 3.316 -0.193 -0.856 8 -0.12 3.583 -0.856 0.3372 1.7185
% 1744640698.385962 robobot/cmd/ti/rc 0.090 -0.014 1744640698.3858151
1744640698.385983 120 3.316 -0.193 -0.856 8 -0.12 3.584 -0.856 0.3384 1.7185
% 1744640698.40062 robobot/cmd/ti/rc 0.090 -0.003 1744640698.400459
1744640698.400633 120 3.317 -0.194 -0.855 8 -0.12 3.584 -0.855 0.3384 1.7197
1744640698.400785 120 3.317 -0.194 -0.855 8 -0.12 3.584 -0.855 0.3384 1.7197
% 1744640698.401045 robobot/cmd/ti/rc 0.090 -0.023 1744640698.400977
1744640698.4010549 120 3.317 -0.194 -0.855 8 -0.12 3.585 -0.855 0.3398 1.7197
1744640698.406799 120 3.318 -0.195 -0.854 8 -0.12 3.585 -0.854 0.3398 1.7208
% 1744640698.40698 robobot/cmd/ti/rc 0.090 0.075 1744640698.4069152
1744640698.406989 120 3.318 -0.195 -0.854 8 -0.12 3.587 -0.854 0.3412 1.7208
% 1744640698.426068 robobot/cmd/ti/rc 0.090 0.058 1744640698.4258912
1744640698.4260821 120 3.318 -0.196 -0.854 8 -0.11 3.587 -0.854 0.3412 1.7208
1744640698.4328651 120 3.319 -0.196 -0.854 8 -0.11 3.587 -0.854 0.3412 1.7208
% 1744640698.433213 robobot/cmd/ti/rc 0.090 0.046 1744640698.433086
1744640698.433228 120 3.319 -0.196 -0.854 8 -0.11 3.588 -0.854 0.3425 1.7208
1744640698.4397042 120 3.319 -0.197 -0.854 8 -0.11 3.588 -0.854 0.3425 1.7208
% 1744640698.440078 robobot/cmd/ti/rc 0.090 0.042 1744640698.439938
1744640698.440097 120 3.319 -0.197 -0.854 8 -0.11 3.589 -0.854 0.3439 1.7208
% 1744640698.44657 robobot/cmd/ti/rc 0.090 -0.024 1744640698.446431
1744640698.44659 120 3.320 -0.198 -0.852 8 -0.11 3.589 -0.852 0.3439 1.7220
1744640698.464829 120 3.320 -0.198 -0.852 8 -0.11 3.589 -0.852 0.3439 1.7220
% 1744640698.4919522 robobot/cmd/ti/rc 0.090 0.029 1744640698.49181
1744640698.4919732 120 3.321 -0.198 -0.852 8 -0.11 3.591 -0.852 0.3452 1.7220
1744640698.492367 120 3.321 -0.199 -0.852 8 -0.11 3.591 -0.852 0.3452 1.7220
% 1744640698.492681 robobot/cmd/ti/rc 0.090 0.021 1744640698.492594
1744640698.4927008 120 3.321 -0.199 -0.852 8 -0.10 3.592 -0.852 0.3466 1.7220
% 1744640698.497845 robobot/cmd/ti/rc 0.090 0.079 1744640698.497785
1744640698.497856 120 3.322 -0.200 -0.854 8 -0.11 3.592 -0.854 0.3466 1.7208
1744640698.498098 120 3.322 -0.200 -0.854 8 -0.11 3.592 -0.854 0.3466 1.7208
% 1744640698.498306 robobot/cmd/ti/rc 0.090 0.065 1744640698.498253
1744640698.498317 120 3.323 -0.201 -0.852 8 -0.10 3.593 -0.852 0.3480 1.7220
1744640698.498546 120 3.323 -0.201 -0.852 8 -0.10 3.593 -0.852 0.3480 1.7220
% 1744640698.499627 robobot/cmd/ti/rc 0.090 0.006 1744640698.499573
1744640698.499639 120 3.323 -0.201 -0.852 8 -0.10 3.595 -0.852 0.3494 1.7220
% 1744640698.5059168 robobot/cmd/ti/rc 0.090 0.007 1744640698.505871
1744640698.505928 120 3.324 -0.202 -0.852 8 -0.10 3.595 -0.852 0.3494 1.7220
1744640698.5164459 120 3.324 -0.202 -0.854 8 -0.10 3.595 -0.854 0.3494 1.7208
% 1744640698.523057 robobot/cmd/ti/rc 0.090 -0.010 1744640698.522898
1744640698.523079 120 3.324 -0.203 -0.855 8 -0.09 3.596 -0.855 0.3508 1.7197
1744640698.530189 120 3.325 -0.203 -0.854 8 -0.09 3.596 -0.854 0.3508 1.7208
% 1744640698.5305989 robobot/cmd/ti/rc 0.090 -0.007 1744640698.530426
1744640698.5306208 120 3.325 -0.203 -0.854 8 -0.09 3.598 -0.854 0.3522 1.7208
% 1744640698.541962 robobot/cmd/ti/rc 0.090 0.019 1744640698.541823
1744640698.541985 120 3.325 -0.204 -0.854 8 -0.09 3.598 -0.854 0.3522 1.7208
1744640698.5422962 120 3.326 -0.204 -0.855 8 -0.09 3.598 -0.855 0.3522 1.7197
% 1744640698.549381 robobot/cmd/ti/rc 0.090 0.045 1744640698.549259
1744640698.549402 120 3.326 -0.205 -0.854 8 -0.09 3.599 -0.854 0.3535 1.7208
1744640698.559894 120 3.327 -0.205 -0.855 8 -0.09 3.599 -0.855 0.3535 1.7197
% 1744640698.560277 robobot/cmd/ti/rc 0.090 0.048 1744640698.5601192
1744640698.560297 120 3.327 -0.205 -0.855 8 -0.09 3.600 -0.855 0.3550 1.7197
% 1744640698.5699131 robobot/cmd/ti/rc 0.090 0.032 1744640698.5697842
1744640698.5699341 120 3.327 -0.206 -0.854 8 -0.09 3.600 -0.854 0.3550 1.7208
1744640698.576195 120 3.328 -0.206 -0.855 8 -0.09 3.600 -0.855 0.3550 1.7197
% 1744640698.5767 robobot/cmd/ti/rc 0.090 0.017 1744640698.5765529
1744640698.576719 120 3.328 -0.207 -0.855 8 -0.08 3.602 -0.855 0.3563 1.7197
1744640698.594959 120 3.328 -0.207 -0.855 8 -0.08 3.602 -0.855 0.3563 1.7197
% 1744640698.595339 robobot/cmd/ti/rc 0.090 0.046 1744640698.59519
1744640698.595359 120 3.328 -0.207 -0.855 8 -0.08 3.603 -0.855 0.3577 1.7197
% 1744640698.601053 robobot/cmd/ti/rc 0.090 0.031 1744640698.6009002
1744640698.601074 120 3.329 -0.208 -0.855 8 -0.08 3.603 -0.855 0.3577 1.7197
1744640698.609462 120 3.330 -0.209 -0.855 8 -0.08 3.603 -0.855 0.3577 1.7197
% 1744640698.6099079 robobot/cmd/ti/rc 0.090 0.024 1744640698.609754
1744640698.609928 120 3.330 -0.209 -0.855 8 -0.08 3.605 -0.855 0.3592 1.7197
1744640698.626374 120 3.330 -0.209 -0.855 8 -0.08 3.605 -0.855 0.3592 1.7197
% 1744640698.6268082 robobot/cmd/ti/rc 0.090 0.050 1744640698.6266692
1744640698.6268291 120 3.330 -0.209 -0.855 8 -0.08 3.606 -0.855 0.3604 1.7197
% 1744640698.633404 robobot/cmd/ti/rc 0.090 -0.015 1744640698.633278
1744640698.6334238 120 3.331 -0.210 -0.855 8 -0.08 3.606 -0.855 0.3604 1.7197
1744640698.6337159 120 3.331 -0.211 -0.855 8 -0.08 3.606 -0.855 0.3604 1.7197
% 1744640698.6507268 robobot/cmd/ti/rc 0.090 -0.044 1744640698.650562
1744640698.650748 120 3.331 -0.211 -0.855 8 -0.07 3.607 -0.855 0.3619 1.7197
1744640698.6821802 120 3.332 -0.211 -0.854 8 -0.07 3.607 -0.854 0.3619 1.7208
% 1744640698.68249 robobot/cmd/ti/rc 0.090 -0.016 1744640698.682406
1744640698.6825101 120 3.332 -0.211 -0.854 8 -0.07 3.609 -0.854 0.3632 1.7208
% 1744640698.6831229 robobot/cmd/ti/rc 0.090 0.032 1744640698.6830442
1744640698.683143 120 3.333 -0.212 -0.854 8 -0.07 3.609 -0.854 0.3632 1.7208
1744640698.683485 120 3.333 -0.213 -0.855 8 -0.07 3.609 -0.855 0.3632 1.7197
% 1744640698.688679 robobot/cmd/ti/rc 0.090 0.042 1744640698.688601
1744640698.6886988 120 3.333 -0.213 -0.854 8 -0.07 3.610 -0.854 0.3645 1.7208
1744640698.689097 120 3.334 -0.213 -0.855 8 -0.07 3.610 -0.855 0.3645 1.7197
% 1744640698.689383 robobot/cmd/ti/rc 0.090 0.039 1744640698.689313
1744640698.6894028 120 3.334 -0.213 -0.855 8 -0.06 3.611 -0.855 0.3658 1.7197
% 1744640698.699349 robobot/cmd/ti/rc 0.090 0.011 1744640698.699317
1744640698.699357 120 3.334 -0.214 -0.854 8 -0.06 3.611 -0.854 0.3658 1.7208
1744640698.6994581 120 3.335 -0.214 -0.852 8 -0.06 3.611 -0.852 0.3658 1.7220
% 1744640698.709952 robobot/cmd/ti/rc 0.090 -0.050 1744640698.709922
1744640698.70996 120 3.335 -0.215 -0.852 8 -0.06 3.612 -0.852 0.3671 1.7220
1744640698.7100742 120 3.335 -0.215 -0.854 8 -0.06 3.612 -0.854 0.3671 1.7208
% 1744640698.710208 robobot/cmd/ti/rc 0.090 -0.050 1744640698.7101572
1744640698.710217 120 3.335 -0.215 -0.854 8 -0.06 3.614 -0.854 0.3684 1.7208
% 1744640698.717109 robobot/cmd/ti/rc 0.090 -0.050 1744640698.71708
1744640698.717118 120 3.336 -0.216 -0.854 8 -0.06 3.614 -0.854 0.3684 1.7208
1744640698.72784 120 3.336 -0.216 -0.854 8 -0.06 3.614 -0.854 0.3684 1.7208
% 1744640698.7280471 robobot/cmd/ti/rc 0.090 -0.052 1744640698.7279801
1744640698.728056 120 3.336 -0.217 -0.854 8 -0.05 3.615 -0.854 0.3696 1.7208
1744640698.743497 120 3.337 -0.217 -0.854 8 -0.05 3.615 -0.854 0.3696 1.7208
% 1744640698.743683 robobot/cmd/ti/rc 0.090 -0.050 1744640698.743614
1744640698.743693 120 3.337 -0.217 -0.854 8 -0.05 3.616 -0.854 0.3709 1.7208
% 1744640698.752529 robobot/cmd/ti/rc 0.090 -0.066 1744640698.7524621
1744640698.7525399 120 3.337 -0.218 -0.854 8 -0.05 3.616 -0.854 0.3709 1.7208
1744640698.752705 120 3.338 -0.218 -0.854 8 -0.05 3.616 -0.854 0.3709 1.7208
% 1744640698.761434 robobot/cmd/ti/rc 0.090 -0.050 1744640698.7613282
1744640698.761448 120 3.338 -0.218 -0.854 8 -0.05 3.617 -0.854 0.3720 1.7208
1744640698.766675 120 3.339 -0.219 -0.854 8 -0.05 3.617 -0.854 0.3720 1.7208
% 1744640698.766996 robobot/cmd/ti/rc 0.090 -0.069 1744640698.766897
1744640698.767015 120 3.339 -0.219 -0.854 8 -0.05 3.619 -0.854 0.3734 1.7208
% 1744640698.7839649 robobot/cmd/ti/rc 0.090 -0.050 1744640698.7838662
1744640698.783985 120 3.339 -0.220 -0.854 8 -0.04 3.619 -0.854 0.3734 1.7208
1744640698.784327 120 3.339 -0.220 -0.854 8 -0.04 3.619 -0.854 0.3734 1.7208
% 1744640698.7968671 robobot/cmd/ti/rc 0.090 -2.145 1744640698.796752
1744640698.796888 120 3.340 -0.220 -0.854 8 0.14 3.620 -0.854 0.3746 1.7208
1744640698.7973409 120 3.340 -0.221 -0.855 8 0.14 3.620 -0.855 0.3746 1.7197
% 1744640698.803197 robobot/cmd/ti/rc 0.090 -1.523 1744640698.803093
1744640698.803218 120 3.340 -0.221 -0.855 8 0.10 3.621 -0.855 0.3757 1.7197
% 1744640698.814364 robobot/cmd/ti/rc 0.090 0.886 1744640698.81412
1744640698.814389 120 3.341 -0.222 -0.854 8 0.09 3.621 -0.854 0.3757 1.7208
1744640698.8146932 120 3.341 -0.222 -0.855 8 0.09 3.621 -0.855 0.3757 1.7197
% 1744640698.8226922 robobot/cmd/ti/rc 0.090 0.023 1744640698.8224928
1744640698.8227148 120 3.341 -0.222 -0.854 8 0.09 3.623 -0.854 0.3771 1.7208
1744640698.840054 120 3.342 -0.223 -0.859 8 0.09 3.623 -0.859 0.3771 1.7151
% 1744640698.840427 robobot/cmd/ti/rc 0.090 0.154 1744640698.840291
1744640698.840447 120 3.342 -0.223 -0.859 8 0.08 3.624 -0.859 0.3785 1.7151
% 1744640698.841076 robobot/cmd/ti/rc 0.090 0.097 1744640698.8409972
1744640698.841096 120 3.343 -0.224 -0.867 8 0.08 3.624 -0.867 0.3785 1.7070
1744640698.848031 120 3.343 -0.224 -0.867 8 0.08 3.624 -0.867 0.3785 1.7070
% 1744640698.848508 robobot/cmd/ti/rc 0.090 0.147 1744640698.848403
1744640698.8485289 120 3.343 -0.224 -0.865 8 0.07 3.626 -0.865 0.3803 1.7093
1744640698.8825479 120 3.344 -0.225 -0.863 8 0.07 3.626 -0.863 0.3803 1.7116
% 1744640698.882879 robobot/cmd/ti/rc 0.090 0.104 1744640698.8827899
1744640698.882899 120 3.344 -0.225 -0.863 8 0.07 3.627 -0.863 0.3816 1.7116
% 1744640698.883649 robobot/cmd/ti/rc 0.090 0.003 1744640698.883573
1744640698.883859 120 3.344 -0.225 -0.864 8 0.07 3.627 -0.864 0.3816 1.7104
1744640698.884115 120 3.344 -0.226 -0.865 8 0.07 3.627 -0.865 0.3816 1.7093
% 1744640698.8879309 robobot/cmd/ti/rc 0.090 0.029 1744640698.8878489
1744640698.8879519 120 3.345 -0.226 -0.866 8 0.07 3.628 -0.866 0.3829 1.7081
1744640698.888353 120 3.345 -0.227 -0.871 8 0.07 3.628 -0.871 0.3829 1.7035
% 1744640698.888673 robobot/cmd/ti/rc 0.090 0.067 1744640698.888586
1744640698.888693 120 3.345 -0.227 -0.871 8 0.07 3.630 -0.871 0.3845 1.7035
% 1744640698.902633 robobot/cmd/ti/rc 0.090 -0.032 1744640698.902514
1744640698.902655 120 3.346 -0.228 -0.872 8 0.07 3.630 -0.872 0.3845 1.7023
1744640698.9030201 120 3.346 -0.228 -0.872 8 0.07 3.630 -0.872 0.3845 1.7023
% 1744640698.91259 robobot/cmd/ti/rc 0.090 -0.058 1744640698.91236
1744640698.9126132 120 3.346 -0.228 -0.871 8 0.07 3.631 -0.871 0.3859 1.7035
1744640698.9212239 120 3.347 -0.229 -0.872 8 0.07 3.631 -0.872 0.3859 1.7023
% 1744640698.92165 robobot/cmd/ti/rc 0.090 -0.109 1744640698.9214258
1744640698.921675 120 3.347 -0.229 -0.872 8 0.07 3.632 -0.872 0.3871 1.7023
% 1744640698.937001 robobot/cmd/ti/rc 0.090 -0.064 1744640698.9367511
1744640698.9370189 120 3.348 -0.230 -0.872 8 0.07 3.632 -0.872 0.3871 1.7023
1744640698.9372091 120 3.348 -0.230 -0.874 8 0.07 3.632 -0.874 0.3871 1.7000
% 1744640698.9433632 robobot/cmd/ti/rc 0.090 -0.055 1744640698.94311
1744640698.943378 120 3.348 -0.230 -0.875 8 0.07 3.634 -0.875 0.3886 1.6989
1744640698.948778 120 3.349 -0.231 -0.873 8 0.07 3.634 -0.873 0.3886 1.7012
% 1744640698.94931 robobot/cmd/ti/rc 0.090 -0.047 1744640698.949057
1744640698.949331 120 3.349 -0.231 -0.873 8 0.07 3.635 -0.873 0.3900 1.7012
% 1744640698.958011 robobot/cmd/ti/rc 0.090 -0.064 1744640698.957782
1744640698.958035 120 3.349 -0.232 -0.872 8 0.08 3.635 -0.872 0.3900 1.7023
1744640698.966746 120 3.350 -0.232 -0.872 8 0.08 3.635 -0.872 0.3900 1.7023
% 1744640698.974915 robobot/cmd/ti/rc 0.090 -0.060 1744640698.9746969
1744640698.9749372 120 3.350 -0.232 -0.873 8 0.08 3.637 -0.873 0.3915 1.7012
1744640698.9842129 120 3.351 -0.233 -0.875 8 0.08 3.637 -0.875 0.3915 1.6989
% 1744640698.9846568 robobot/cmd/ti/rc 0.090 -0.054 1744640698.984461
1744640698.9846778 120 3.351 -0.233 -0.875 8 0.08 3.638 -0.875 0.3928 1.6989
% 1744640698.990622 robobot/cmd/ti/rc 0.090 -0.068 1744640698.990443
1744640698.9906418 120 3.351 -0.234 -0.877 8 0.08 3.638 -0.877 0.3928 1.6977
1744640698.997248 120 3.352 -0.234 -0.875 8 0.08 3.638 -0.875 0.3928 1.6989
% 1744640698.997798 robobot/cmd/ti/rc 0.090 -0.039 1744640698.9976058
1744640698.997819 120 3.352 -0.234 -0.875 8 0.08 3.640 -0.875 0.3942 1.6989
1744640699.012405 120 3.352 -0.235 -0.877 8 0.08 3.640 -0.877 0.3942 1.6977
% 1744640699.012824 robobot/cmd/ti/rc 0.090 -0.085 1744640699.012641
1744640699.012846 120 3.352 -0.235 -0.877 8 0.08 3.641 -0.877 0.3954 1.6977
% 1744640699.020648 robobot/cmd/ti/rc 0.090 -0.066 1744640699.020473
1744640699.0206678 120 3.353 -0.236 -0.878 8 0.08 3.641 -0.878 0.3954 1.6965
1744640699.052554 120 3.353 -0.236 -0.879 8 0.08 3.641 -0.879 0.3954 1.6954
% 1744640699.0531042 robobot/cmd/ti/rc 0.090 0.002 1744640699.052874
1744640699.053128 120 3.354 -0.237 -0.879 8 0.08 3.642 -0.879 0.3970 1.6954
1744640699.053466 120 3.354 -0.237 -0.879 8 0.08 3.642 -0.879 0.3970 1.6954
% 1744640699.053792 robobot/cmd/ti/rc 0.090 0.034 1744640699.053696
1744640699.053812 120 3.354 -0.237 -0.879 8 0.08 3.644 -0.879 0.3983 1.6954
% 1744640699.083037 robobot/cmd/ti/rc 0.090 0.015 1744640699.082925
1744640699.0830579 120 3.355 -0.238 -0.880 8 0.08 3.644 -0.880 0.3983 1.6942
1744640699.0833988 120 3.355 -0.238 -0.881 8 0.08 3.644 -0.881 0.3983 1.6931
% 1744640699.083775 robobot/cmd/ti/rc 0.090 -0.015 1744640699.0836842
1744640699.0837948 120 3.355 -0.239 -0.880 8 0.07 3.645 -0.880 0.3997 1.6942
1744640699.084194 120 3.356 -0.239 -0.882 8 0.07 3.645 -0.882 0.3997 1.6919
% 1744640699.084547 robobot/cmd/ti/rc 0.090 0.026 1744640699.084464
1744640699.084567 120 3.356 -0.239 -0.882 8 0.07 3.647 -0.882 0.4012 1.6919
% 1744640699.089228 robobot/cmd/ti/rc 0.090 -0.005 1744640699.089138
1744640699.089248 120 3.356 -0.240 -0.882 8 0.07 3.647 -0.882 0.4012 1.6919
1744640699.089582 120 3.357 -0.241 -0.882 8 0.07 3.647 -0.882 0.4012 1.6919
% 1744640699.089945 robobot/cmd/ti/rc 0.090 -0.019 1744640699.0898602
1744640699.089965 120 3.357 -0.241 -0.885 8 0.07 3.648 -0.885 0.4025 1.6896
1744640699.099381 120 3.358 -0.242 -0.885 8 0.07 3.648 -0.885 0.4025 1.6896
% 1744640699.0997078 robobot/cmd/ti/rc 0.090 0.026 1744640699.099562
1744640699.0997288 120 3.358 -0.242 -0.885 8 0.07 3.649 -0.885 0.4039 1.6896
% 1744640699.171097 robobot/cmd/ti/rc 0.090 0.007 1744640699.170918
1744640699.1711202 120 3.358 -0.242 -0.885 8 0.07 3.649 -0.885 0.4039 1.6896
1744640699.171384 120 3.359 -0.243 -0.886 8 0.07 3.649 -0.886 0.4039 1.6885
% 1744640699.171812 robobot/cmd/ti/rc 0.090 -0.013 1744640699.171735
1744640699.171833 120 3.359 -0.243 -0.886 8 0.07 3.651 -0.886 0.4053 1.6885
1744640699.1723032 120 3.359 -0.244 -0.887 8 0.07 3.651 -0.887 0.4053 1.6873
% 1744640699.172547 robobot/cmd/ti/rc 0.090 -0.001 1744640699.172472
1744640699.1725671 120 3.359 -0.244 -0.887 8 0.07 3.652 -0.887 0.4068 1.6873
% 1744640699.194857 robobot/cmd/ti/rc 0.090 0.023 1744640699.194775
1744640699.1948779 120 3.360 -0.244 -0.887 8 0.07 3.652 -0.887 0.4068 1.6873
1744640699.1952379 120 3.360 -0.245 -0.886 8 0.07 3.652 -0.886 0.4068 1.6885
% 1744640699.195673 robobot/cmd/ti/rc 0.090 0.068 1744640699.195591
1744640699.195694 120 3.361 -0.245 -0.887 8 0.06 3.653 -0.887 0.4081 1.6873
1744640699.196099 120 3.361 -0.246 -0.887 8 0.06 3.653 -0.887 0.4081 1.6873
% 1744640699.196413 robobot/cmd/ti/rc 0.090 0.075 1744640699.196331
1744640699.1964328 120 3.361 -0.246 -0.887 8 0.06 3.655 -0.887 0.4095 1.6873
% 1744640699.196838 robobot/cmd/ti/rc 0.090 0.050 1744640699.196793
1744640699.1968489 120 3.362 -0.247 -0.887 8 0.06 3.655 -0.887 0.4095 1.6873
1744640699.1970098 120 3.362 -0.247 -0.887 8 0.06 3.655 -0.887 0.4095 1.6873
% 1744640699.197202 robobot/cmd/ti/rc 0.090 0.050 1744640699.19716
1744640699.197213 120 3.362 -0.247 -0.887 8 0.05 3.656 -0.887 0.4109 1.6873
1744640699.197448 120 3.363 -0.248 -0.887 8 0.05 3.656 -0.887 0.4109 1.6873
% 1744640699.197577 robobot/cmd/ti/rc 0.090 0.050 1744640699.197535
1744640699.197587 120 3.363 -0.248 -0.887 8 0.05 3.658 -0.887 0.4122 1.6873
% 1744640699.228288 robobot/cmd/ti/rc 0.090 0.050 1744640699.228207
1744640699.228308 120 3.363 -0.248 -0.888 8 0.05 3.658 -0.888 0.4122 1.6861
1744640699.228698 120 3.364 -0.249 -0.888 8 0.05 3.658 -0.888 0.4122 1.6861
% 1744640699.229069 robobot/cmd/ti/rc 0.090 0.050 1744640699.228991
1744640699.229089 120 3.364 -0.249 -0.889 8 0.05 3.659 -0.889 0.4134 1.6850
1744640699.2312582 120 3.365 -0.250 -0.890 8 0.05 3.659 -0.890 0.4134 1.6838
% 1744640699.2315571 robobot/cmd/ti/rc 0.090 0.050 1744640699.231484
1744640699.2315772 120 3.365 -0.250 -0.890 8 0.05 3.660 -0.890 0.4150 1.6838
% 1744640699.232563 robobot/cmd/ti/rc 0.090 0.050 1744640699.232183
1744640699.232584 120 3.365 -0.251 -0.889 8 0.05 3.660 -0.889 0.4150 1.6850
1744640699.2329102 120 3.365 -0.251 -0.889 8 0.05 3.660 -0.889 0.4150 1.6850
% 1744640699.244918 robobot/cmd/ti/rc 0.090 0.050 1744640699.244844
1744640699.244938 120 3.366 -0.251 -0.889 8 0.05 3.662 -0.889 0.4163 1.6850
1744640699.251664 120 3.366 -0.252 -0.888 8 0.05 3.662 -0.888 0.4163 1.6861
% 1744640699.2519429 robobot/cmd/ti/rc 0.090 0.050 1744640699.25185
1744640699.251971 120 3.366 -0.252 -0.888 8 0.04 3.663 -0.888 0.4177 1.6861
% 1744640699.277345 robobot/cmd/ti/rc 0.090 0.050 1744640699.27726
1744640699.277366 120 3.367 -0.253 -0.887 8 0.04 3.663 -0.887 0.4177 1.6873
1744640699.2819688 120 3.367 -0.253 -0.887 8 0.04 3.663 -0.887 0.4177 1.6873
% 1744640699.282392 robobot/cmd/ti/rc 0.090 0.050 1744640699.2823172
1744640699.282412 120 3.367 -0.254 -0.887 8 0.04 3.664 -0.887 0.4190 1.6873
1744640699.282827 120 3.368 -0.254 -0.887 8 0.04 3.664 -0.887 0.4190 1.6873
% 1744640699.283138 robobot/cmd/ti/rc 0.090 0.064 1744640699.283057
1744640699.283158 120 3.368 -0.254 -0.887 8 0.03 3.666 -0.887 0.4204 1.6873
% 1744640699.29502 robobot/cmd/ti/rc 0.090 0.050 1744640699.294919
1744640699.2951639 120 3.369 -0.255 -0.887 8 0.03 3.666 -0.887 0.4204 1.6873
1744640699.295308 120 3.369 -0.255 -0.888 8 0.03 3.666 -0.888 0.4204 1.6861
% 1744640699.3013818 robobot/cmd/ti/rc 0.090 0.067 1744640699.301265
1744640699.3013928 120 3.369 -0.256 -0.888 8 0.03 3.667 -0.888 0.4217 1.6861
1744640699.3102322 120 3.370 -0.256 -0.888 8 0.03 3.667 -0.888 0.4217 1.6861
% 1744640699.3105211 robobot/cmd/ti/rc 0.090 0.050 1744640699.3104
1744640699.3105412 120 3.370 -0.256 -0.888 8 0.03 3.669 -0.888 0.4231 1.6861
% 1744640699.3197482 robobot/cmd/ti/rc 0.090 0.068 1744640699.3196
1744640699.3197691 120 3.370 -0.257 -0.888 8 0.03 3.669 -0.888 0.4231 1.6861
1744640699.336509 120 3.371 -0.257 -0.888 8 0.03 3.669 -0.888 0.4231 1.6861
% 1744640699.336982 robobot/cmd/ti/rc 0.090 0.050 1744640699.3368099
1744640699.337002 120 3.371 -0.258 -0.888 8 0.02 3.670 -0.888 0.4245 1.6861
1744640699.345153 120 3.371 -0.259 -0.887 8 0.02 3.670 -0.887 0.4245 1.6873
% 1744640699.3454971 robobot/cmd/ti/rc 0.090 0.068 1744640699.345328
1744640699.3455172 120 3.371 -0.259 -0.887 8 0.02 3.671 -0.887 0.4258 1.6873
% 1744640699.3519769 robobot/cmd/ti/rc 0.090 0.050 1744640699.351843
1744640699.351997 120 3.372 -0.259 -0.886 8 0.02 3.671 -0.886 0.4258 1.6885
1744640699.3523898 120 3.372 -0.259 -0.886 8 0.02 3.671 -0.886 0.4258 1.6885
% 1744640699.361026 robobot/cmd/ti/rc 0.090 0.068 1744640699.3609128
1744640699.361046 120 3.372 -0.260 -0.886 8 0.01 3.672 -0.886 0.4271 1.6885
1744640699.369246 120 3.373 -0.260 -0.887 8 0.01 3.672 -0.887 0.4271 1.6873
% 1744640699.3695722 robobot/cmd/ti/rc 0.090 0.050 1744640699.3694642
1744640699.369592 120 3.373 -0.260 -0.887 8 0.01 3.674 -0.887 0.4283 1.6873
% 1744640699.385374 robobot/cmd/ti/rc 0.090 0.066 1744640699.385272
1744640699.385395 120 3.373 -0.261 -0.887 8 0.01 3.674 -0.887 0.4283 1.6873
1744640699.385707 120 3.374 -0.261 -0.887 8 0.01 3.674 -0.887 0.4283 1.6873
% 1744640699.399317 robobot/cmd/ti/rc 0.090 1.983 1744640699.399161
1744640699.399338 120 3.374 -0.262 -0.887 8 -0.10 3.675 -0.887 0.4295 1.6873
1744640699.399704 120 3.374 -0.262 -0.887 8 -0.10 3.675 -0.887 0.4295 1.6873
% 1744640699.3999438 robobot/cmd/ti/rc 0.090 2.841 1744640699.399874
1744640699.3999639 120 3.374 -0.262 -0.887 8 -0.14 3.676 -0.887 0.4309 1.6873
% 1744640699.4089239 robobot/cmd/ti/rc 0.090 0.624 1744640699.408854
1744640699.4089441 120 3.375 -0.263 -0.887 8 -0.14 3.676 -0.887 0.4309 1.6873
1744640699.416692 120 3.375 -0.263 -0.887 8 -0.14 3.676 -0.887 0.4309 1.6873
% 1744640699.42767 robobot/cmd/ti/rc 0.090 0.291 1744640699.427478
1744640699.42769 120 3.376 -0.264 -0.887 8 -0.15 3.678 -0.887 0.4321 1.6873
1744640699.435203 120 3.376 -0.264 -0.875 8 -0.15 3.678 -0.875 0.4321 1.6989
% 1744640699.43551 robobot/cmd/ti/rc 0.090 0.145 1744640699.435373
1744640699.43553 120 3.376 -0.264 -0.875 8 -0.14 3.679 -0.875 0.4335 1.6989
% 1744640699.443475 robobot/cmd/ti/rc 0.090 -0.235 1744640699.443317
1744640699.443496 120 3.377 -0.265 -0.864 8 -0.14 3.679 -0.864 0.4335 1.7104
1744640699.443757 120 3.377 -0.265 -0.862 8 -0.14 3.679 -0.862 0.4335 1.7127
% 1744640699.465356 robobot/cmd/ti/rc 0.090 0.026 1744640699.46518
1744640699.465376 120 3.377 -0.265 -0.859 8 -0.14 3.680 -0.859 0.4347 1.7151
1744640699.484084 120 3.378 -0.266 -0.860 8 -0.14 3.680 -0.860 0.4347 1.7139
% 1744640699.4843462 robobot/cmd/ti/rc 0.090 0.100 1744640699.484262
1744640699.4843662 120 3.378 -0.266 -0.860 8 -0.14 3.681 -0.860 0.4357 1.7139
% 1744640699.485088 robobot/cmd/ti/rc 0.090 0.024 1744640699.48501
1744640699.485108 120 3.378 -0.267 -0.863 8 -0.14 3.681 -0.863 0.4357 1.7116
1744640699.485454 120 3.379 -0.267 -0.864 8 -0.14 3.681 -0.864 0.4357 1.7104
% 1744640699.4858198 robobot/cmd/ti/rc 0.090 -0.069 1744640699.4857411
1744640699.4858391 120 3.379 -0.268 -0.864 8 -0.13 3.683 -0.864 0.4374 1.7104
1744640699.506022 120 3.380 -0.269 -0.863 8 -0.13 3.683 -0.863 0.4374 1.7116
% 1744640699.506288 robobot/cmd/ti/rc 0.090 -0.203 1744640699.5062048
1744640699.506309 120 3.380 -0.269 -0.863 8 -0.13 3.684 -0.863 0.4390 1.7116
% 1744640699.507021 robobot/cmd/ti/rc 0.090 -0.131 1744640699.506942
1744640699.507041 120 3.381 -0.270 -0.859 8 -0.12 3.684 -0.859 0.4390 1.7151
1744640699.511651 120 3.381 -0.270 -0.857 8 -0.12 3.684 -0.857 0.4390 1.7174
% 1744640699.5120242 robobot/cmd/ti/rc 0.090 -0.018 1744640699.511949
1744640699.512044 120 3.381 -0.270 -0.854 8 -0.12 3.686 -0.854 0.4407 1.7208
1744640699.5666182 120 3.382 -0.271 -0.850 8 -0.12 3.686 -0.850 0.4407 1.7243
% 1744640699.566955 robobot/cmd/ti/rc 0.090 0.083 1744640699.566866
1744640699.566976 120 3.382 -0.271 -0.850 8 -0.12 3.688 -0.850 0.4423 1.7243
% 1744640699.56763 robobot/cmd/ti/rc 0.090 0.120 1744640699.567557
1744640699.56765 120 3.382 -0.272 -0.848 8 -0.12 3.688 -0.848 0.4423 1.7266
1744640699.568025 120 3.383 -0.272 -0.845 8 -0.12 3.688 -0.845 0.4423 1.7289
% 1744640699.568369 robobot/cmd/ti/rc 0.090 0.035 1744640699.568299
1744640699.568388 120 3.383 -0.272 -0.845 8 -0.12 3.689 -0.845 0.4436 1.7289
1744640699.5688288 120 3.383 -0.273 -0.848 8 -0.12 3.689 -0.848 0.4436 1.7266
% 1744640699.56907 robobot/cmd/ti/rc 0.090 0.075 1744640699.5689988
1744640699.5690901 120 3.383 -0.273 -0.848 8 -0.13 3.690 -0.848 0.4447 1.7266
% 1744640699.569727 robobot/cmd/ti/rc 0.090 0.166 1744640699.569658
1744640699.569747 120 3.384 -0.274 -0.848 8 -0.13 3.690 -0.848 0.4447 1.7266
1744640699.5700889 120 3.384 -0.274 -0.849 8 -0.13 3.690 -0.849 0.4447 1.7255
% 1744640699.575985 robobot/cmd/ti/rc 0.090 0.196 1744640699.5759082
1744640699.5760052 120 3.385 -0.274 -0.850 8 -0.13 3.691 -0.850 0.4460 1.7243
1744640699.582162 120 3.385 -0.275 -0.850 8 -0.13 3.691 -0.850 0.4460 1.7243
% 1744640699.5824158 robobot/cmd/ti/rc 0.090 0.149 1744640699.582345
1744640699.582437 120 3.385 -0.275 -0.850 8 -0.14 3.693 -0.850 0.4476 1.7243
% 1744640699.609222 robobot/cmd/ti/rc 0.090 0.165 1744640699.609097
1744640699.6092422 120 3.386 -0.276 -0.850 8 -0.14 3.693 -0.850 0.4476 1.7243
1744640699.609536 120 3.386 -0.276 -0.850 8 -0.14 3.693 -0.850 0.4476 1.7243
% 1744640699.609941 robobot/cmd/ti/rc 0.090 0.247 1744640699.6098702
1744640699.6099598 120 3.387 -0.276 -0.848 8 -0.15 3.694 -0.848 0.4490 1.7266
1744640699.630399 120 3.387 -0.277 -0.847 8 -0.15 3.694 -0.847 0.4490 1.7278
% 1744640699.6307032 robobot/cmd/ti/rc 0.090 0.250 1744640699.630583
1744640699.630723 120 3.387 -0.277 -0.847 8 -0.15 3.696 -0.847 0.4505 1.7278
% 1744640699.652364 robobot/cmd/ti/rc 0.090 0.187 1744640699.652281
1744640699.652384 120 3.388 -0.278 -0.843 8 -0.15 3.696 -0.843 0.4505 1.7312
1744640699.652692 120 3.388 -0.278 -0.841 8 -0.15 3.696 -0.841 0.4505 1.7336
% 1744640699.6530392 robobot/cmd/ti/rc 0.090 0.171 1744640699.652969
1744640699.653059 120 3.388 -0.278 -0.841 8 -0.16 3.697 -0.841 0.4519 1.7336
1744640699.653422 120 3.389 -0.279 -0.838 8 -0.16 3.697 -0.838 0.4519 1.7359
% 1744640699.653653 robobot/cmd/ti/rc 0.090 0.195 1744640699.653585
1744640699.653673 120 3.389 -0.279 -0.838 8 -0.16 3.699 -0.838 0.4532 1.7359
% 1744640699.67977 robobot/cmd/ti/rc 0.090 0.162 1744640699.679678
1744640699.67979 120 3.389 -0.279 -0.836 8 -0.16 3.699 -0.836 0.4532 1.7382
1744640699.680115 120 3.390 -0.280 -0.836 8 -0.16 3.699 -0.836 0.4532 1.7382
% 1744640699.680476 robobot/cmd/ti/rc 0.090 0.181 1744640699.680397
1744640699.6804962 120 3.390 -0.280 -0.835 8 -0.17 3.700 -0.835 0.4544 1.7393
1744640699.682797 120 3.391 -0.281 -0.834 8 -0.17 3.700 -0.834 0.4544 1.7405
% 1744640699.682942 robobot/cmd/ti/rc 0.090 0.192 1744640699.6828978
1744640699.6829498 120 3.391 -0.281 -0.834 8 -0.17 3.701 -0.834 0.4556 1.7405
% 1744640699.683234 robobot/cmd/ti/rc 0.090 0.137 1744640699.683198
1744640699.683242 120 3.391 -0.281 -0.832 8 -0.17 3.701 -0.832 0.4556 1.7428
1744640699.683399 120 3.392 -0.282 -0.830 8 -0.17 3.701 -0.830 0.4556 1.7440
% 1744640699.6916292 robobot/cmd/ti/rc 0.090 0.097 1744640699.691589
1744640699.691638 120 3.392 -0.282 -0.832 8 -0.17 3.702 -0.832 0.4571 1.7428
1744640699.702801 120 3.392 -0.283 -0.830 8 -0.17 3.702 -0.830 0.4571 1.7440
% 1744640699.702958 robobot/cmd/ti/rc 0.090 0.175 1744640699.702893
1744640699.7029681 120 3.392 -0.283 -0.830 8 -0.17 3.704 -0.830 0.4583 1.7440
% 1744640699.713408 robobot/cmd/ti/rc 0.090 0.191 1744640699.713345
1744640699.713422 120 3.393 -0.283 -0.830 8 -0.18 3.704 -0.830 0.4583 1.7440
1744640699.713703 120 3.393 -0.284 -0.830 8 -0.18 3.704 -0.830 0.4583 1.7440
% 1744640699.725107 robobot/cmd/ti/rc 0.090 0.131 1744640699.7249439
1744640699.725127 120 3.393 -0.284 -0.829 8 -0.18 3.705 -0.829 0.4595 1.7451
1744640699.735074 120 3.394 -0.285 -0.828 8 -0.18 3.705 -0.828 0.4595 1.7463
% 1744640699.7354538 robobot/cmd/ti/rc 0.090 0.149 1744640699.735261
1744640699.7354748 120 3.394 -0.285 -0.828 8 -0.18 3.706 -0.828 0.4607 1.7463
% 1744640699.745666 robobot/cmd/ti/rc 0.090 0.170 1744640699.745472
1744640699.745686 120 3.395 -0.285 -0.828 8 -0.18 3.706 -0.828 0.4607 1.7463
1744640699.773941 120 3.395 -0.285 -0.828 8 -0.18 3.706 -0.828 0.4607 1.7463
% 1744640699.774425 robobot/cmd/ti/rc 0.090 0.141 1744640699.7742999
1744640699.774445 120 3.395 -0.286 -0.827 8 -0.18 3.707 -0.827 0.4621 1.7474
1744640699.7748768 120 3.396 -0.286 -0.826 8 -0.18 3.707 -0.826 0.4621 1.7486
% 1744640699.7751281 robobot/cmd/ti/rc 0.090 0.159 1744640699.77505
1744640699.775148 120 3.396 -0.286 -0.826 8 -0.19 3.709 -0.826 0.4632 1.7486
% 1744640699.775842 robobot/cmd/ti/rc 0.090 0.147 1744640699.775768
1744640699.775862 120 3.396 -0.287 -0.825 8 -0.19 3.709 -0.825 0.4632 1.7497
1744640699.776178 120 3.397 -0.287 -0.823 8 -0.19 3.709 -0.823 0.4632 1.7509
% 1744640699.7848818 robobot/cmd/ti/rc 0.090 0.124 1744640699.784798
1744640699.7849028 120 3.397 -0.288 -0.822 8 -0.19 3.710 -0.822 0.4646 1.7521
1744640699.794469 120 3.397 -0.288 -0.822 8 -0.19 3.710 -0.822 0.4646 1.7521
% 1744640699.794718 robobot/cmd/ti/rc 0.090 0.130 1744640699.7946408
1744640699.79474 120 3.397 -0.288 -0.822 8 -0.19 3.711 -0.822 0.4658 1.7521
% 1744640699.817163 robobot/cmd/ti/rc 0.090 0.146 1744640699.81708
1744640699.817183 120 3.398 -0.289 -0.821 8 -0.19 3.711 -0.821 0.4658 1.7532
1744640699.817502 120 3.398 -0.289 -0.821 8 -0.19 3.711 -0.821 0.4658 1.7532
% 1744640699.817857 robobot/cmd/ti/rc 0.090 0.166 1744640699.81778
1744640699.817877 120 3.399 -0.289 -0.820 8 -0.19 3.713 -0.820 0.4671 1.7544
1744640699.854806 120 3.399 -0.290 -0.820 8 -0.19 3.713 -0.820 0.4671 1.7544
% 1744640699.8551219 robobot/cmd/ti/rc 0.090 0.103 1744640699.855038
1744640699.8551419 120 3.399 -0.290 -0.820 8 -0.19 3.714 -0.820 0.4685 1.7544
% 1744640699.855892 robobot/cmd/ti/rc 0.090 0.077 1744640699.855812
1744640699.855912 120 3.400 -0.291 -0.818 8 -0.19 3.714 -0.818 0.4685 1.7567
1744640699.8562481 120 3.400 -0.291 -0.818 8 -0.19 3.714 -0.818 0.4685 1.7567
% 1744640699.8566651 robobot/cmd/ti/rc 0.090 0.108 1744640699.8565361
1744640699.8566778 120 3.400 -0.291 -0.817 8 -0.19 3.715 -0.817 0.4699 1.7578
% 1744640699.857066 robobot/cmd/ti/rc 0.090 0.135 1744640699.857004
1744640699.857078 120 3.401 -0.292 -0.815 8 -0.20 3.715 -0.815 0.4699 1.7590
1744640699.8700821 120 3.401 -0.292 -0.815 8 -0.20 3.715 -0.815 0.4699 1.7590
% 1744640699.870516 robobot/cmd/ti/rc 0.090 0.106 1744640699.870425
1744640699.8705359 120 3.401 -0.292 -0.813 8 -0.20 3.717 -0.813 0.4712 1.7613
1744640699.883251 120 3.402 -0.293 -0.812 8 -0.20 3.717 -0.812 0.4712 1.7625
% 1744640699.883583 robobot/cmd/ti/rc 0.090 0.080 1744640699.883494
1744640699.883604 120 3.402 -0.293 -0.812 8 -0.20 3.718 -0.812 0.4725 1.7625
% 1744640699.8905642 robobot/cmd/ti/rc 0.090 0.103 1744640699.890489
1744640699.890584 120 3.403 -0.294 -0.811 8 -0.20 3.718 -0.811 0.4725 1.7636
1744640699.890948 120 3.403 -0.294 -0.809 8 -0.20 3.719 -0.809 0.4739 1.7648
% 1744640699.891294 robobot/cmd/ti/rc 0.090 0.114 1744640699.8912199
1744640699.891314 120 3.403 -0.294 -0.809 8 -0.20 3.719 -0.809 0.4739 1.7648
1744640699.897824 120 3.404 -0.295 -0.809 8 -0.20 3.721 -0.809 0.4753 1.7648
% 1744640699.898101 robobot/cmd/ti/rc 0.090 0.101 1744640699.898002
1744640699.8981209 120 3.404 -0.295 -0.809 8 -0.20 3.721 -0.809 0.4753 1.7648
% 1744640699.917918 robobot/cmd/ti/rc 0.090 0.089 1744640699.917784
1744640699.917939 120 3.404 -0.296 -0.807 8 -0.20 3.721 -0.807 0.4753 1.7671
1744640699.9183402 120 3.405 -0.296 -0.806 8 -0.20 3.722 -0.806 0.4765 1.7682
% 1744640699.924583 robobot/cmd/ti/rc 0.090 0.101 1744640699.9244008
1744640699.924604 120 3.405 -0.296 -0.806 8 -0.20 3.722 -0.806 0.4765 1.7682
1744640699.925045 120 3.406 -0.297 -0.806 8 -0.20 3.723 -0.806 0.4780 1.7682
% 1744640699.942477 robobot/cmd/ti/rc 0.090 0.073 1744640699.942302
1744640699.942498 120 3.406 -0.297 -0.806 8 -0.20 3.723 -0.806 0.4780 1.7682
% 1744640699.9430668 robobot/cmd/ti/rc 0.090 0.071 1744640699.94297
1744640699.943088 120 3.406 -0.298 -0.805 8 -0.20 3.723 -0.805 0.4780 1.7694
1744640699.943487 120 3.407 -0.298 -0.804 8 -0.20 3.725 -0.804 0.4794 1.7706
% 1744640699.9529128 robobot/cmd/ti/rc 0.090 0.053 1744640699.9528
1744640699.952933 120 3.407 -0.298 -0.803 8 -0.19 3.725 -0.803 0.4794 1.7717
1744640699.958744 120 3.408 -0.299 -0.800 8 -0.19 3.725 -0.800 0.4794 1.7740
% 1744640699.959041 robobot/cmd/ti/rc 0.090 0.053 1744640699.9589372
1744640699.959056 120 3.408 -0.299 -0.800 8 -0.19 3.726 -0.800 0.4808 1.7740
% 1744640699.983027 robobot/cmd/ti/rc 0.090 0.048 1744640699.982763
1744640699.983053 120 3.408 -0.300 -0.799 8 -0.19 3.726 -0.799 0.4808 1.7752
1744640699.9835782 120 3.408 -0.300 -0.799 8 -0.19 3.726 -0.799 0.4808 1.7752
% 1744640699.991929 robobot/cmd/ti/rc 0.090 0.036 1744640699.9917178
1744640699.991951 120 3.409 -0.300 -0.799 8 -0.19 3.727 -0.799 0.4820 1.7752
1744640699.9924328 120 3.409 -0.301 -0.797 8 -0.19 3.727 -0.797 0.4820 1.7775
% 1744640699.9931688 robobot/cmd/ti/rc 0.090 -0.408 1744640699.9930382
1744640699.993191 120 3.409 -0.301 -0.797 8 -0.16 3.729 -0.797 0.4833 1.7775
% 1744640699.999576 robobot/cmd/ti/rc 0.090 -1.100 1744640699.99946
1744640699.999597 120 3.410 -0.301 -0.797 8 -0.13 3.729 -0.797 0.4833 1.7775
1744640699.9999518 120 3.410 -0.302 -0.796 8 -0.13 3.729 -0.796 0.4833 1.7787
% 1744640700.0153332 robobot/cmd/ti/rc 0.090 -0.641 1744640700.014857
1744640700.015363 120 3.411 -0.302 -0.796 8 -0.12 3.730 -0.796 0.4847 1.7787
1744640700.016119 120 3.411 -0.303 -0.796 8 -0.12 3.730 -0.796 0.4847 1.7787
% 1744640700.023099 robobot/cmd/ti/rc 0.090 -0.097 1744640700.0228531
1744640700.02312 120 3.411 -0.303 -0.796 8 -0.12 3.731 -0.796 0.4861 1.7787
% 1744640700.031807 robobot/cmd/ti/rc 0.090 -0.150 1744640700.031544
1744640700.0318341 120 3.412 -0.303 -0.794 8 -0.11 3.731 -0.794 0.4861 1.7798
1744640700.0321379 120 3.412 -0.304 -0.798 8 -0.11 3.731 -0.798 0.4861 1.7763
% 1744640700.03999 robobot/cmd/ti/rc 0.090 0.027 1744640700.039798
1744640700.040017 120 3.413 -0.304 -0.803 8 -0.11 3.733 -0.803 0.4875 1.7717
1744640700.051851 120 3.413 -0.305 -0.811 8 -0.11 3.733 -0.811 0.4875 1.7636
% 1744640700.0522618 robobot/cmd/ti/rc 0.090 0.013 1744640700.052088
1744640700.052282 120 3.413 -0.305 -0.811 8 -0.11 3.735 -0.811 0.4893 1.7636
% 1744640700.079208 robobot/cmd/ti/rc 0.090 -0.059 1744640700.078996
1744640700.0792289 120 3.414 -0.305 -0.814 8 -0.11 3.735 -0.814 0.4893 1.7602
1744640700.0795038 120 3.414 -0.306 -0.814 8 -0.11 3.735 -0.814 0.4893 1.7602
% 1744640700.079951 robobot/cmd/ti/rc 0.090 0.068 1744640700.079859
1744640700.0799701 120 3.414 -0.306 -0.814 8 -0.11 3.736 -0.814 0.4907 1.7602
1744640700.080479 120 3.415 -0.306 -0.811 8 -0.11 3.736 -0.811 0.4907 1.7636
% 1744640700.087507 robobot/cmd/ti/rc 0.090 0.093 1744640700.0874329
1744640700.087519 120 3.415 -0.306 -0.811 8 -0.11 3.737 -0.811 0.4919 1.7636
% 1744640700.08784 robobot/cmd/ti/rc 0.090 0.019 1744640700.087786
1744640700.087851 120 3.415 -0.307 -0.807 8 -0.11 3.737 -0.807 0.4919 1.7671
1744640700.088038 120 3.416 -0.307 -0.806 8 -0.11 3.737 -0.806 0.4919 1.7682
% 1744640700.10673 robobot/cmd/ti/rc 0.090 0.021 1744640700.106539
1744640700.10675 120 3.416 -0.308 -0.804 8 -0.11 3.739 -0.804 0.4933 1.7706
1744640700.113889 120 3.417 -0.308 -0.805 8 -0.11 3.739 -0.805 0.4933 1.7694
% 1744640700.114264 robobot/cmd/ti/rc 0.090 0.038 1744640700.114131
1744640700.114284 120 3.417 -0.308 -0.805 8 -0.11 3.740 -0.805 0.4947 1.7694
% 1744640700.136111 robobot/cmd/ti/rc 0.090 0.004 1744640700.135947
1744640700.136132 120 3.417 -0.309 -0.807 8 -0.10 3.740 -0.807 0.4947 1.7671
1744640700.136629 120 3.418 -0.309 -0.808 8 -0.10 3.740 -0.808 0.4947 1.7659
% 1744640700.1370492 robobot/cmd/ti/rc 0.090 0.032 1744640700.136964
1744640700.137069 120 3.418 -0.310 -0.808 8 -0.10 3.741 -0.808 0.4961 1.7659
1744640700.1464279 120 3.418 -0.310 -0.809 8 -0.10 3.741 -0.809 0.4961 1.7648
% 1744640700.146755 robobot/cmd/ti/rc 0.090 -0.003 1744640700.146668
1744640700.146775 120 3.418 -0.310 -0.809 8 -0.10 3.743 -0.809 0.4975 1.7648
% 1744640700.192435 robobot/cmd/ti/rc 0.090 -0.049 1744640700.19235
1744640700.192456 120 3.419 -0.311 -0.808 8 -0.10 3.743 -0.808 0.4975 1.7659
1744640700.19282 120 3.419 -0.311 -0.807 8 -0.10 3.743 -0.807 0.4975 1.7671
% 1744640700.193244 robobot/cmd/ti/rc 0.090 0.000 1744640700.1931598
1744640700.193263 120 3.419 -0.311 -0.807 8 -0.10 3.744 -0.807 0.4985 1.7671
1744640700.1936471 120 3.420 -0.312 -0.806 8 -0.10 3.744 -0.806 0.4985 1.7682
% 1744640700.193959 robobot/cmd/ti/rc 0.090 0.051 1744640700.193877
1744640700.19398 120 3.420 -0.312 -0.806 8 -0.10 3.745 -0.806 0.4995 1.7682
% 1744640700.1948879 robobot/cmd/ti/rc 0.090 0.061 1744640700.194806
1744640700.194908 120 3.421 -0.313 -0.806 8 -0.10 3.745 -0.806 0.4995 1.7682
1744640700.195092 120 3.421 -0.313 -0.806 8 -0.10 3.745 -0.806 0.4995 1.7682
% 1744640700.203321 robobot/cmd/ti/rc 0.090 0.021 1744640700.203254
1744640700.2033331 120 3.422 -0.313 -0.805 8 -0.09 3.746 -0.805 0.5010 1.7694
1744640700.2036211 120 3.422 -0.314 -0.805 8 -0.09 3.746 -0.805 0.5010 1.7694
% 1744640700.2037928 robobot/cmd/ti/rc 0.090 0.001 1744640700.20374
1744640700.2038028 120 3.422 -0.314 -0.805 8 -0.09 3.748 -0.805 0.5027 1.7694
% 1744640700.208255 robobot/cmd/ti/rc 0.090 -0.004 1744640700.208181
1744640700.208276 120 3.423 -0.315 -0.804 8 -0.09 3.748 -0.804 0.5027 1.7706
1744640700.208599 120 3.423 -0.315 -0.804 8 -0.09 3.748 -0.804 0.5027 1.7706
% 1744640700.2241669 robobot/cmd/ti/rc 0.090 0.024 1744640700.22401
1744640700.2241879 120 3.423 -0.315 -0.804 8 -0.09 3.749 -0.804 0.5040 1.7706
1744640700.2399511 120 3.424 -0.316 -0.804 8 -0.09 3.749 -0.804 0.5040 1.7706
% 1744640700.240342 robobot/cmd/ti/rc 0.090 0.035 1744640700.240188
1744640700.2403631 120 3.424 -0.316 -0.804 8 -0.09 3.750 -0.804 0.5051 1.7706
% 1744640700.283829 robobot/cmd/ti/rc 0.090 0.022 1744640700.283596
1744640700.2838569 120 3.424 -0.316 -0.805 8 -0.09 3.750 -0.805 0.5051 1.7694
1744640700.28413 120 3.424 -0.316 -0.805 8 -0.09 3.750 -0.805 0.5051 1.7694
% 1744640700.293421 robobot/cmd/ti/rc 0.090 0.006 1744640700.29323
1744640700.2934458 120 3.425 -0.317 -0.804 8 -0.09 3.752 -0.804 0.5063 1.7706
1744640700.294361 120 3.426 -0.318 -0.803 8 -0.09 3.752 -0.803 0.5063 1.7717
% 1744640700.294959 robobot/cmd/ti/rc 0.090 -0.023 1744640700.294751
1744640700.294982 120 3.426 -0.318 -0.803 8 -0.08 3.753 -0.803 0.5078 1.7717
% 1744640700.295692 robobot/cmd/ti/rc 0.090 -0.050 1744640700.295577
1744640700.295716 120 3.426 -0.318 -0.803 8 -0.08 3.753 -0.803 0.5078 1.7717
1744640700.296145 120 3.427 -0.319 -0.803 8 -0.08 3.753 -0.803 0.5078 1.7717
% 1744640700.296465 robobot/cmd/ti/rc 0.090 -0.013 1744640700.296371
1744640700.2964811 120 3.427 -0.319 -0.803 8 -0.08 3.755 -0.803 0.5091 1.7717
1744640700.296719 120 3.428 -0.320 -0.801 8 -0.08 3.755 -0.801 0.5091 1.7729
% 1744640700.296926 robobot/cmd/ti/rc 0.090 0.034 1744640700.296854
1744640700.296941 120 3.428 -0.320 -0.801 8 -0.08 3.756 -0.801 0.5106 1.7729
% 1744640700.330862 robobot/cmd/ti/rc 0.090 -0.021 1744640700.3307781
1744640700.3308742 120 3.428 -0.320 -0.801 8 -0.07 3.756 -0.801 0.5106 1.7729
1744640700.33105 120 3.428 -0.320 -0.800 8 -0.07 3.756 -0.800 0.5106 1.7740
% 1744640700.331323 robobot/cmd/ti/rc 0.090 -0.042 1744640700.3312619
1744640700.3313339 120 3.429 -0.321 -0.800 8 -0.07 3.757 -0.800 0.5119 1.7740
1744640700.331531 120 3.429 -0.322 -0.800 8 -0.07 3.757 -0.800 0.5119 1.7740
% 1744640700.331695 robobot/cmd/ti/rc 0.090 -0.028 1744640700.3316412
1744640700.3317041 120 3.429 -0.322 -0.800 8 -0.07 3.759 -0.800 0.5133 1.7740
% 1744640700.332022 robobot/cmd/ti/rc 0.090 -0.032 1744640700.3319628
1744640700.332031 120 3.430 -0.322 -0.799 8 -0.07 3.759 -0.799 0.5133 1.7752
1744640700.3321831 120 3.430 -0.322 -0.799 8 -0.07 3.759 -0.799 0.5133 1.7752
% 1744640700.357753 robobot/cmd/ti/rc 0.090 -0.028 1744640700.357656
1744640700.357773 120 3.431 -0.323 -0.799 8 -0.06 3.760 -0.799 0.5147 1.7752
1744640700.358208 120 3.431 -0.324 -0.798 8 -0.06 3.760 -0.798 0.5147 1.7763
% 1744640700.3675961 robobot/cmd/ti/rc 0.090 -0.050 1744640700.3675048
1744640700.3676171 120 3.431 -0.324 -0.798 8 -0.06 3.761 -0.798 0.5161 1.7763
% 1744640700.368175 robobot/cmd/ti/rc 0.090 -0.050 1744640700.3680892
1744640700.368195 120 3.432 -0.324 -0.797 8 -0.06 3.761 -0.797 0.5161 1.7775
1744640700.3685608 120 3.432 -0.324 -0.798 8 -0.06 3.761 -0.798 0.5161 1.7763
% 1744640700.376201 robobot/cmd/ti/rc 0.090 -0.050 1744640700.3761148
1744640700.376222 120 3.433 -0.325 -0.797 8 -0.06 3.763 -0.797 0.5174 1.7775
1744640700.376703 120 3.433 -0.325 -0.796 8 -0.06 3.763 -0.796 0.5174 1.7787
% 1744640700.3868082 robobot/cmd/ti/rc 0.090 -0.050 1744640700.3867252
1744640700.386828 120 3.433 -0.325 -0.796 8 -0.05 3.764 -0.796 0.5187 1.7787
% 1744640700.392246 robobot/cmd/ti/rc 0.090 -0.050 1744640700.392164
1744640700.392267 120 3.434 -0.326 -0.796 8 -0.05 3.764 -0.796 0.5187 1.7787
1744640700.39258 120 3.434 -0.326 -0.794 8 -0.05 3.764 -0.794 0.5187 1.7798
% 1744640700.403743 robobot/cmd/ti/rc 0.090 -0.050 1744640700.403597
1744640700.403765 120 3.434 -0.327 -0.794 8 -0.05 3.765 -0.794 0.5201 1.7798
1744640700.4248161 120 3.435 -0.327 -0.796 8 -0.05 3.765 -0.796 0.5201 1.7787
% 1744640700.425188 robobot/cmd/ti/rc 0.090 -0.050 1744640700.425069
1744640700.425209 120 3.435 -0.327 -0.796 8 -0.04 3.767 -0.796 0.5215 1.7787
% 1744640700.425785 robobot/cmd/ti/rc 0.090 -0.050 1744640700.425685
1744640700.425805 120 3.436 -0.328 -0.793 8 -0.04 3.767 -0.793 0.5215 1.7810
1744640700.426218 120 3.436 -0.328 -0.794 8 -0.04 3.767 -0.794 0.5215 1.7798
% 1744640700.43736 robobot/cmd/ti/rc 0.090 -0.050 1744640700.437265
1744640700.43738 120 3.436 -0.329 -0.794 8 -0.04 3.768 -0.794 0.5227 1.7798
1744640700.43777 120 3.437 -0.329 -0.794 8 -0.04 3.768 -0.794 0.5227 1.7798
% 1744640700.4849641 robobot/cmd/ti/rc 0.090 -0.050 1744640700.484859
1744640700.4849842 120 3.437 -0.329 -0.794 8 -0.03 3.769 -0.794 0.5240 1.7798
% 1744640700.485644 robobot/cmd/ti/rc 0.090 -0.050 1744640700.485517
1744640700.485666 120 3.437 -0.330 -0.794 8 -0.03 3.769 -0.794 0.5240 1.7798
1744640700.485971 120 3.438 -0.330 -0.794 8 -0.03 3.769 -0.794 0.5240 1.7798
% 1744640700.486398 robobot/cmd/ti/rc 0.090 -0.050 1744640700.486308
1744640700.486418 120 3.438 -0.330 -0.793 8 -0.03 3.771 -0.793 0.5252 1.7810
1744640700.48684 120 3.439 -0.331 -0.794 8 -0.03 3.771 -0.794 0.5252 1.7798
% 1744640700.487159 robobot/cmd/ti/rc 0.090 -0.059 1744640700.487069
1744640700.487179 120 3.439 -0.331 -0.794 8 -0.02 3.772 -0.794 0.5264 1.7798
% 1744640700.48755 robobot/cmd/ti/rc 0.090 -0.050 1744640700.487492
1744640700.48756 120 3.439 -0.332 -0.793 8 -0.02 3.772 -0.793 0.5264 1.7810
1744640700.487751 120 3.440 -0.332 -0.793 8 -0.02 3.772 -0.793 0.5264 1.7810
% 1744640700.4922829 robobot/cmd/ti/rc 0.090 -0.066 1744640700.492218
1744640700.4922938 120 3.440 -0.332 -0.793 8 -0.02 3.773 -0.793 0.5278 1.7810
1744640700.513806 120 3.440 -0.333 -0.794 8 -0.02 3.773 -0.794 0.5278 1.7798
% 1744640700.5141408 robobot/cmd/ti/rc 0.090 -0.050 1744640700.514047
1744640700.5141618 120 3.440 -0.333 -0.794 8 -0.01 3.774 -0.794 0.5290 1.7798
% 1744640700.5147479 robobot/cmd/ti/rc 0.090 -0.067 1744640700.514654
1744640700.51477 120 3.441 -0.333 -0.794 8 -0.01 3.774 -0.794 0.5290 1.7798
1744640700.5151832 120 3.441 -0.334 -0.796 8 -0.01 3.774 -0.796 0.5290 1.7787
% 1744640700.524617 robobot/cmd/ti/rc 0.090 -0.050 1744640700.52453
1744640700.524627 120 3.442 -0.334 -0.796 8 -0.01 3.776 -0.796 0.5303 1.7787
1744640700.530538 120 3.442 -0.335 -0.796 8 -0.01 3.776 -0.796 0.5303 1.7787
% 1744640700.530684 robobot/cmd/ti/rc 0.090 -0.067 1744640700.53064
1744640700.530693 120 3.442 -0.335 -0.796 8 -0.00 3.777 -0.796 0.5316 1.7787
% 1744640700.541217 robobot/cmd/ti/rc 0.090 -0.050 1744640700.5411599
1744640700.541284 120 3.443 -0.335 -0.796 8 -0.00 3.777 -0.796 0.5316 1.7787
1744640700.541358 120 3.443 -0.335 -0.797 8 -0.00 3.777 -0.797 0.5316 1.7775
% 1744640700.5571089 robobot/cmd/ti/rc 0.090 -0.066 1744640700.557027
1744640700.557118 120 3.443 -0.336 -0.797 8 0.00 3.778 -0.797 0.5330 1.7775
1744640700.5573828 120 3.444 -0.336 -0.797 8 0.00 3.778 -0.797 0.5330 1.7775
% 1744640700.566088 robobot/cmd/ti/rc 0.090 0.050 1744640700.566045
1744640700.5660968 120 3.444 -0.336 -0.797 8 0.00 3.780 -0.797 0.5343 1.7775
% 1744640700.570921 robobot/cmd/ti/rc 0.090 0.050 1744640700.5708869
1744640700.57093 120 3.445 -0.337 -0.798 8 0.01 3.780 -0.798 0.5343 1.7763
1744640700.571022 120 3.445 -0.337 -0.798 8 0.01 3.780 -0.798 0.5343 1.7763
% 1744640700.579971 robobot/cmd/ti/rc 0.090 0.050 1744640700.5799308
1744640700.5799801 120 3.445 -0.338 -0.798 8 0.01 3.781 -0.798 0.5357 1.7763
1744640700.5882251 120 3.446 -0.338 -0.798 8 0.01 3.781 -0.798 0.5357 1.7763
% 1744640700.592692 robobot/cmd/ti/rc 0.090 0.050 1744640700.592659
1744640700.592701 120 3.446 -0.338 -0.798 8 0.01 3.782 -0.798 0.5370 1.7763
% 1744640700.5976079 robobot/cmd/ti/rc 0.090 -2.066 1744640700.597569
1744640700.5976179 120 3.447 -0.339 -0.799 8 0.17 3.782 -0.799 0.5370 1.7752
1744640700.603319 120 3.447 -0.339 -0.799 8 0.17 3.782 -0.799 0.5370 1.7752
% 1744640700.611546 robobot/cmd/ti/rc 0.090 -2.390 1744640700.61151
1744640700.611555 120 3.447 -0.340 -0.800 8 0.18 3.784 -0.800 0.5385 1.7740
1744640700.617345 120 3.448 -0.340 -0.799 8 0.18 3.784 -0.799 0.5385 1.7752
% 1744640700.623578 robobot/cmd/ti/rc 0.090 -0.201 1744640700.6235368
1744640700.623589 120 3.448 -0.340 -0.799 8 0.18 3.785 -0.799 0.5398 1.7752
% 1744640700.628892 robobot/cmd/ti/rc 0.090 -0.453 1744640700.628852
1744640700.628903 120 3.449 -0.341 -0.804 8 0.19 3.785 -0.804 0.5398 1.7706
1744640700.6289961 120 3.449 -0.341 -0.808 8 0.19 3.785 -0.808 0.5398 1.7659
% 1744640700.643659 robobot/cmd/ti/rc 0.090 -0.351 1744640700.643533
1744640700.6436741 120 3.449 -0.342 -0.812 8 0.20 3.787 -0.812 0.5415 1.7625
1744640700.653506 120 3.450 -0.342 -0.815 8 0.20 3.787 -0.815 0.5415 1.7590
% 1744640700.653749 robobot/cmd/ti/rc 0.090 -0.196 1744640700.653641
1744640700.653761 120 3.450 -0.342 -0.815 8 0.20 3.789 -0.815 0.5433 1.7590
% 1744640700.679011 robobot/cmd/ti/rc 0.090 -0.234 1744640700.6788428
1744640700.6790369 120 3.450 -0.343 -0.817 8 0.21 3.789 -0.817 0.5433 1.7578
1744640700.6793962 120 3.451 -0.344 -0.819 8 0.21 3.789 -0.819 0.5433 1.7555
% 1744640700.6874769 robobot/cmd/ti/rc 0.090 -0.220 1744640700.687443
1744640700.687486 120 3.451 -0.344 -0.821 8 0.21 3.790 -0.821 0.5446 1.7532
1744640700.687618 120 3.452 -0.345 -0.827 8 0.21 3.790 -0.827 0.5446 1.7474
% 1744640700.687729 robobot/cmd/ti/rc 0.090 -0.135 1744640700.6876988
1744640700.687737 120 3.452 -0.345 -0.827 8 0.21 3.791 -0.827 0.5460 1.7474
% 1744640700.6886961 robobot/cmd/ti/rc 0.090 -0.095 1744640700.688669
1744640700.688704 120 3.452 -0.345 -0.832 8 0.21 3.791 -0.832 0.5460 1.7428
1744640700.694623 120 3.453 -0.345 -0.833 8 0.21 3.791 -0.833 0.5460 1.7416
% 1744640700.700902 robobot/cmd/ti/rc 0.090 -0.076 1744640700.7008598
1744640700.700913 120 3.453 -0.346 -0.835 8 0.21 3.793 -0.835 0.5475 1.7393
1744640700.705512 120 3.453 -0.346 -0.840 8 0.21 3.793 -0.840 0.5475 1.7347
% 1744640700.710387 robobot/cmd/ti/rc 0.090 -0.088 1744640700.710332
1744640700.710398 120 3.453 -0.346 -0.840 8 0.21 3.794 -0.840 0.5487 1.7347
% 1744640700.723596 robobot/cmd/ti/rc 0.090 -0.056 1744640700.72348
1744640700.7236109 120 3.454 -0.347 -0.844 8 0.21 3.794 -0.844 0.5487 1.7301
1744640700.731659 120 3.454 -0.348 -0.845 8 0.21 3.794 -0.845 0.5487 1.7289
% 1744640700.731946 robobot/cmd/ti/rc 0.090 -0.068 1744640700.731839
1744640700.731956 120 3.455 -0.348 -0.847 8 0.21 3.796 -0.847 0.5501 1.7278
1744640700.738867 120 3.455 -0.349 -0.850 8 0.21 3.796 -0.850 0.5501 1.7243
% 1744640700.73932 robobot/cmd/ti/rc 0.090 -0.077 1744640700.739004
1744640700.7393332 120 3.455 -0.349 -0.850 8 0.21 3.797 -0.850 0.5515 1.7243
% 1744640700.7633438 robobot/cmd/ti/rc 0.090 -0.056 1744640700.763176
1744640700.763365 120 3.456 -0.349 -0.852 8 0.21 3.797 -0.852 0.5515 1.7220
1744640700.763626 120 3.456 -0.350 -0.855 8 0.21 3.797 -0.855 0.5515 1.7197
% 1744640700.76404 robobot/cmd/ti/rc 0.090 -0.063 1744640700.763964
1744640700.76406 120 3.456 -0.350 -0.855 8 0.21 3.798 -0.855 0.5528 1.7197
1744640700.7688 120 3.457 -0.351 -0.857 8 0.21 3.798 -0.857 0.5528 1.7174
% 1744640700.7691112 robobot/cmd/ti/rc 0.090 -0.071 1744640700.769035
1744640700.769131 120 3.457 -0.351 -0.857 8 0.21 3.800 -0.857 0.5541 1.7174
% 1744640700.7785778 robobot/cmd/ti/rc 0.090 -0.094 1744640700.778503
1744640700.778599 120 3.458 -0.351 -0.862 8 0.21 3.800 -0.862 0.5541 1.7127
1744640700.785557 120 3.458 -0.352 -0.862 8 0.21 3.800 -0.862 0.5541 1.7127
% 1744640700.7974882 robobot/cmd/ti/rc 0.090 -0.089 1744640700.797371
1744640700.7975092 120 3.458 -0.352 -0.863 8 0.21 3.801 -0.863 0.5556 1.7116
1744640700.797986 120 3.459 -0.353 -0.866 8 0.21 3.801 -0.866 0.5556 1.7081
% 1744640700.804457 robobot/cmd/ti/rc 0.090 -0.096 1744640700.804323
1744640700.804479 120 3.459 -0.353 -0.866 8 0.21 3.802 -0.866 0.5569 1.7081
% 1744640700.811638 robobot/cmd/ti/rc 0.090 -0.105 1744640700.8115149
1744640700.811659 120 3.459 -0.353 -0.869 8 0.21 3.802 -0.869 0.5569 1.7058
1744640700.812007 120 3.460 -0.354 -0.870 8 0.21 3.802 -0.870 0.5569 1.7046
% 1744640700.818413 robobot/cmd/ti/rc 0.090 -0.148 1744640700.81826
1744640700.818433 120 3.460 -0.354 -0.870 8 0.21 3.803 -0.870 0.5581 1.7046
1744640700.824564 120 3.460 -0.354 -0.871 8 0.21 3.803 -0.871 0.5581 1.7035
% 1744640700.829601 robobot/cmd/ti/rc 0.090 -0.108 1744640700.829447
1744640700.829622 120 3.460 -0.354 -0.871 8 0.21 3.805 -0.871 0.5593 1.7035
% 1744640700.837316 robobot/cmd/ti/rc 0.090 -0.054 1744640700.8371992
1744640700.837337 120 3.461 -0.355 -0.872 8 0.21 3.805 -0.872 0.5593 1.7023
1744640700.846859 120 3.461 -0.356 -0.873 8 0.21 3.805 -0.873 0.5593 1.7012
% 1744640700.852502 robobot/cmd/ti/rc 0.090 -0.097 1744640700.852329
1744640700.852522 120 3.462 -0.356 -0.873 8 0.21 3.806 -0.873 0.5608 1.7012
1744640700.865089 120 3.462 -0.357 -0.874 8 0.21 3.806 -0.874 0.5608 1.7000
% 1744640700.8655128 robobot/cmd/ti/rc 0.090 -0.105 1744640700.8653529
1744640700.865556 120 3.462 -0.357 -0.874 8 0.21 3.808 -0.874 0.5622 1.7000
% 1744640700.871618 robobot/cmd/ti/rc 0.090 -0.118 1744640700.871493
1744640700.871629 120 3.463 -0.357 -0.877 8 0.21 3.808 -0.877 0.5622 1.6977
1744640700.871785 120 3.463 -0.358 -0.877 8 0.21 3.808 -0.877 0.5622 1.6977
% 1744640700.881566 robobot/cmd/ti/rc 0.090 -0.119 1744640700.881412
1744640700.881578 120 3.463 -0.358 -0.878 8 0.21 3.809 -0.878 0.5635 1.6965
1744640700.918777 120 3.464 -0.358 -0.880 8 0.21 3.809 -0.880 0.5635 1.6942
% 1744640700.919304 robobot/cmd/ti/rc 0.090 -0.064 1744640700.919074
1744640700.919329 120 3.464 -0.358 -0.880 8 0.21 3.810 -0.880 0.5646 1.6942
% 1744640700.919968 robobot/cmd/ti/rc 0.090 -0.094 1744640700.9198499
1744640700.919988 120 3.464 -0.359 -0.881 8 0.21 3.810 -0.881 0.5646 1.6931
1744640700.9205701 120 3.465 -0.359 -0.881 8 0.21 3.810 -0.881 0.5646 1.6931
% 1744640700.92122 robobot/cmd/ti/rc 0.090 -0.129 1744640700.921109
1744640700.92124 120 3.465 -0.360 -0.882 8 0.21 3.811 -0.882 0.5658 1.6919
1744640700.923868 120 3.465 -0.360 -0.882 8 0.21 3.811 -0.882 0.5658 1.6919
% 1744640700.9242141 robobot/cmd/ti/rc 0.090 -0.111 1744640700.9241128
1744640700.924234 120 3.465 -0.360 -0.882 8 0.21 3.813 -0.882 0.5672 1.6919
% 1744640700.9360719 robobot/cmd/ti/rc 0.090 -0.131 1744640700.9358652
1744640700.936091 120 3.466 -0.361 -0.885 8 0.22 3.813 -0.885 0.5672 1.6896
1744640700.936364 120 3.466 -0.361 -0.887 8 0.22 3.813 -0.887 0.5672 1.6873
% 1744640700.940722 robobot/cmd/ti/rc 0.090 -0.149 1744640700.940581
1744640700.940736 120 3.466 -0.362 -0.887 8 0.22 3.814 -0.887 0.5685 1.6873
1744640700.9559948 120 3.467 -0.362 -0.890 8 0.22 3.814 -0.890 0.5685 1.6838
% 1744640700.9565902 robobot/cmd/ti/rc 0.090 -0.129 1744640700.9562829
1744640700.9566138 120 3.467 -0.362 -0.890 8 0.22 3.815 -0.890 0.5697 1.6838
% 1744640700.9643772 robobot/cmd/ti/rc 0.090 -0.130 1744640700.964128
1744640700.9645782 120 3.467 -0.363 -0.892 8 0.22 3.815 -0.892 0.5697 1.6827
1744640700.964875 120 3.468 -0.363 -0.892 8 0.22 3.815 -0.892 0.5697 1.6827
% 1744640700.9707341 robobot/cmd/ti/rc 0.090 -0.101 1744640700.9704828
1744640700.970756 120 3.468 -0.364 -0.892 8 0.22 3.816 -0.892 0.5709 1.6827
1744640700.979538 120 3.469 -0.364 -0.893 8 0.22 3.816 -0.893 0.5709 1.6815
% 1744640700.980046 robobot/cmd/ti/rc 0.090 -0.091 1744640700.979786
1744640700.9800682 120 3.469 -0.364 -0.893 8 0.22 3.818 -0.893 0.5725 1.6815
% 1744640701.006733 robobot/cmd/ti/rc 0.090 -0.103 1744640701.0064871
1744640701.0067651 120 3.469 -0.365 -0.895 8 0.22 3.818 -0.895 0.5725 1.6792
1744640701.006947 120 3.469 -0.365 -0.896 8 0.22 3.818 -0.896 0.5725 1.6780
% 1744640701.013816 robobot/cmd/ti/rc 0.090 -0.142 1744640701.0136
1744640701.013835 120 3.470 -0.366 -0.897 8 0.22 3.819 -0.897 0.5738 1.6769
1744640701.014079 120 3.470 -0.366 -0.899 8 0.22 3.819 -0.899 0.5738 1.6757
% 1744640701.014334 robobot/cmd/ti/rc 0.090 -0.153 1744640701.014252
1744640701.014349 120 3.470 -0.366 -0.899 8 0.22 3.820 -0.899 0.5751 1.6757
% 1744640701.030216 robobot/cmd/ti/rc 0.090 -0.129 1744640701.030092
1744640701.0302389 120 3.471 -0.367 -0.900 8 0.22 3.820 -0.900 0.5751 1.6746
1744640701.030715 120 3.471 -0.367 -0.900 8 0.22 3.820 -0.900 0.5751 1.6746
% 1744640701.03889 robobot/cmd/ti/rc 0.090 -0.151 1744640701.038775
1744640701.038914 120 3.471 -0.368 -0.901 8 0.22 3.822 -0.901 0.5764 1.6734
1744640701.039308 120 3.472 -0.368 -0.903 8 0.22 3.822 -0.903 0.5764 1.6711
% 1744640701.045495 robobot/cmd/ti/rc 0.090 -0.104 1744640701.045404
1744640701.045516 120 3.472 -0.368 -0.903 8 0.22 3.823 -0.903 0.5779 1.6711
% 1744640701.052615 robobot/cmd/ti/rc 0.090 -0.126 1744640701.0525298
1744640701.052636 120 3.472 -0.369 -0.905 8 0.22 3.823 -0.905 0.5779 1.6688
1744640701.052944 120 3.473 -0.370 -0.907 8 0.22 3.823 -0.907 0.5779 1.6676
% 1744640701.065548 robobot/cmd/ti/rc 0.090 -0.129 1744640701.065451
1744640701.065569 120 3.473 -0.370 -0.907 8 0.22 3.825 -0.907 0.5792 1.6676
1744640701.0728478 120 3.473 -0.371 -0.908 8 0.22 3.825 -0.908 0.5792 1.6665
% 1744640701.0732338 robobot/cmd/ti/rc 0.090 -0.099 1744640701.073118
1744640701.073258 120 3.473 -0.371 -0.908 8 0.22 3.826 -0.908 0.5805 1.6665
% 1744640701.080609 robobot/cmd/ti/rc 0.090 -0.118 1744640701.080541
1744640701.08062 120 3.474 -0.371 -0.909 8 0.22 3.826 -0.909 0.5805 1.6653
1744640701.080827 120 3.474 -0.372 -0.910 8 0.22 3.826 -0.910 0.5805 1.6642
% 1744640701.094177 robobot/cmd/ti/rc 0.090 -0.108 1744640701.0939982
1744640701.094197 120 3.475 -0.372 -0.910 8 0.22 3.827 -0.910 0.5819 1.6642
1744640701.1028008 120 3.475 -0.373 -0.912 8 0.22 3.827 -0.912 0.5819 1.6619
% 1744640701.103186 robobot/cmd/ti/rc 0.090 -0.114 1744640701.103035
1744640701.1032069 120 3.475 -0.373 -0.912 8 0.22 3.829 -0.912 0.5832 1.6619
% 1744640701.108551 robobot/cmd/ti/rc 0.090 -0.131 1744640701.108374
1744640701.1085708 120 3.476 -0.373 -0.915 8 0.23 3.829 -0.915 0.5832 1.6595
1744640701.1088252 120 3.476 -0.374 -0.915 8 0.23 3.829 -0.915 0.5832 1.6595
% 1744640701.132138 robobot/cmd/ti/rc 0.090 -0.136 1744640701.132004
1744640701.132158 120 3.476 -0.374 -0.915 8 0.23 3.830 -0.915 0.5845 1.6595
1744640701.1326249 120 3.477 -0.375 -0.916 8 0.23 3.830 -0.916 0.5845 1.6584
% 1744640701.132939 robobot/cmd/ti/rc 0.090 -0.123 1744640701.132855
1744640701.132959 120 3.477 -0.375 -0.916 8 0.23 3.831 -0.916 0.5859 1.6584
% 1744640701.141421 robobot/cmd/ti/rc 0.090 -0.130 1744640701.141341
1744640701.141441 120 3.477 -0.375 -0.918 8 0.23 3.831 -0.918 0.5859 1.6561
1744640701.1417768 120 3.478 -0.376 -0.920 8 0.23 3.831 -0.920 0.5859 1.6538
% 1744640701.152118 robobot/cmd/ti/rc 0.090 -0.118 1744640701.151969
1744640701.152141 120 3.478 -0.376 -0.923 8 0.23 3.833 -0.923 0.5873 1.6514
1744640701.159434 120 3.478 -0.377 -0.923 8 0.23 3.833 -0.923 0.5873 1.6514
% 1744640701.159853 robobot/cmd/ti/rc 0.090 -0.120 1744640701.1596742
1744640701.159873 120 3.478 -0.377 -0.923 8 0.23 3.834 -0.923 0.5886 1.6514
% 1744640701.175363 robobot/cmd/ti/rc 0.090 -0.131 1744640701.175241
1744640701.175383 120 3.479 -0.378 -0.923 8 0.23 3.834 -0.923 0.5886 1.6514
1744640701.1757922 120 3.479 -0.378 -0.924 8 0.23 3.834 -0.924 0.5886 1.6503
% 1744640701.184387 robobot/cmd/ti/rc 0.090 -0.128 1744640701.184211
1744640701.1844091 120 3.479 -0.378 -0.924 8 0.23 3.835 -0.924 0.5900 1.6503
1744640701.1911218 120 3.480 -0.379 -0.926 8 0.23 3.835 -0.926 0.5900 1.6480
% 1744640701.191467 robobot/cmd/ti/rc 0.090 -0.096 1744640701.191351
1744640701.191487 120 3.480 -0.379 -0.926 8 0.23 3.837 -0.926 0.5914 1.6480
% 1744640701.198295 robobot/cmd/ti/rc 0.090 0.429 1744640701.1981308
1744640701.198315 120 3.480 -0.380 -0.929 8 0.20 3.837 -0.929 0.5914 1.6457
1744640701.216023 120 3.481 -0.380 -0.931 8 0.20 3.837 -0.931 0.5914 1.6434
% 1744640701.221931 robobot/cmd/ti/rc 0.090 0.824 1744640701.221766
1744640701.221951 120 3.481 -0.380 -0.931 8 0.18 3.838 -0.931 0.5926 1.6434
1744640701.222263 120 3.482 -0.381 -0.932 8 0.18 3.838 -0.932 0.5926 1.6422
% 1744640701.222559 robobot/cmd/ti/rc 0.090 0.602 1744640701.22249
1744640701.22258 120 3.482 -0.381 -0.932 8 0.16 3.839 -0.932 0.5941 1.6422
% 1744640701.229474 robobot/cmd/ti/rc 0.090 0.525 1744640701.2294002
1744640701.229495 120 3.482 -0.382 -0.932 8 0.14 3.839 -0.932 0.5941 1.6422
1744640701.234498 120 3.483 -0.382 -0.932 8 0.14 3.839 -0.932 0.5941 1.6422
% 1744640701.2439091 robobot/cmd/ti/rc 0.090 0.416 1744640701.243786
1744640701.243932 120 3.483 -0.383 -0.932 8 0.13 3.841 -0.932 0.5956 1.6422
1744640701.255903 120 3.483 -0.383 -0.930 8 0.13 3.841 -0.930 0.5956 1.6445
% 1744640701.2562501 robobot/cmd/ti/rc 0.090 0.450 1744640701.256135
1744640701.2562702 120 3.483 -0.383 -0.930 8 0.12 3.842 -0.930 0.5970 1.6445
% 1744640701.264261 robobot/cmd/ti/rc 0.090 0.588 1744640701.264147
1744640701.2642822 120 3.484 -0.384 -0.926 8 0.10 3.842 -0.926 0.5970 1.6480
1744640701.264641 120 3.484 -0.384 -0.923 8 0.10 3.842 -0.923 0.5970 1.6514
% 1744640701.273417 robobot/cmd/ti/rc 0.090 0.589 1744640701.273283
1744640701.273429 120 3.484 -0.384 -0.923 8 0.08 3.844 -0.923 0.5982 1.6514
1744640701.27777 120 3.485 -0.385 -0.922 8 0.08 3.844 -0.922 0.5982 1.6526
% 1744640701.2781272 robobot/cmd/ti/rc 0.090 0.462 1744640701.277966
1744640701.278144 120 3.485 -0.385 -0.922 8 0.07 3.845 -0.922 0.5993 1.6526
% 1744640701.2907672 robobot/cmd/ti/rc 0.090 0.181 1744640701.290638
1744640701.2907882 120 3.485 -0.386 -0.920 8 0.05 3.845 -0.920 0.5993 1.6538
1744640701.291109 120 3.486 -0.387 -0.919 8 0.05 3.845 -0.919 0.5993 1.6549
% 1744640701.301445 robobot/cmd/ti/rc 0.090 -0.055 1744640701.301327
1744640701.301465 120 3.486 -0.387 -0.918 8 0.05 3.846 -0.918 0.6009 1.6561
1744640701.312043 120 3.486 -0.388 -0.914 8 0.05 3.846 -0.914 0.6009 1.6607
% 1744640701.312415 robobot/cmd/ti/rc 0.090 0.050 1744640701.3122811
1744640701.3124359 120 3.486 -0.388 -0.914 8 0.04 3.848 -0.914 0.6027 1.6607
% 1744640701.317852 robobot/cmd/ti/rc 0.090 0.050 1744640701.317733
1744640701.317872 120 3.487 -0.388 -0.910 8 0.03 3.848 -0.910 0.6027 1.6642
1744640701.318269 120 3.487 -0.389 -0.908 8 0.03 3.848 -0.908 0.6027 1.6665
% 1744640701.3319051 robobot/cmd/ti/rc 0.090 0.050 1744640701.3317811
1744640701.331926 120 3.487 -0.389 -0.905 8 0.02 3.849 -0.905 0.6039 1.6688
1744640701.3433652 120 3.488 -0.390 -0.901 8 0.02 3.849 -0.901 0.6039 1.6734
% 1744640701.34374 robobot/cmd/ti/rc 0.090 0.053 1744640701.3435898
1744640701.343761 120 3.488 -0.390 -0.901 8 0.02 3.851 -0.901 0.6053 1.6734
% 1744640701.35133 robobot/cmd/ti/rc 0.090 0.050 1744640701.351151
1744640701.351351 120 3.489 -0.390 -0.896 8 0.01 3.851 -0.896 0.6053 1.6780
1744640701.351618 120 3.489 -0.391 -0.895 8 0.01 3.851 -0.895 0.6053 1.6792
% 1744640701.3582568 robobot/cmd/ti/rc 0.090 0.063 1744640701.358075
1744640701.3582778 120 3.489 -0.391 -0.894 8 0.01 3.852 -0.894 0.6066 1.6804
1744640701.364693 120 3.490 -0.392 -0.892 8 0.01 3.852 -0.892 0.6066 1.6827
% 1744640701.376134 robobot/cmd/ti/rc 0.090 0.050 1744640701.375935
1744640701.376157 120 3.490 -0.392 -0.892 8 0.00 3.853 -0.892 0.6081 1.6827
% 1744640701.385844 robobot/cmd/ti/rc 0.090 0.065 1744640701.3857028
1744640701.38604 120 3.491 -0.393 -0.889 8 0.00 3.853 -0.889 0.6081 1.6850
1744640701.386312 120 3.491 -0.393 -0.888 8 0.00 3.853 -0.888 0.6081 1.6861
% 1744640701.3971279 robobot/cmd/ti/rc 0.090 0.050 1744640701.396946
1744640701.3971488 120 3.491 -0.393 -0.886 8 0.00 3.855 -0.886 0.6096 1.6885
1744640701.404137 120 3.491 -0.394 -0.882 8 0.00 3.855 -0.882 0.6096 1.6919
% 1744640701.4045372 robobot/cmd/ti/rc 0.090 0.065 1744640701.4043741
1744640701.404557 120 3.491 -0.394 -0.882 8 0.00 3.856 -0.882 0.6109 1.6919
% 1744640701.4146738 robobot/cmd/ti/rc 0.090 -0.050 1744640701.414506
1744640701.414696 120 3.492 -0.394 -0.878 8 -0.00 3.856 -0.878 0.6109 1.6965
1744640701.414955 120 3.492 -0.395 -0.875 8 -0.00 3.856 -0.875 0.6109 1.6989
% 1744640701.425261 robobot/cmd/ti/rc 0.090 -0.050 1744640701.425048
1744640701.4252841 120 3.492 -0.395 -0.873 8 -0.00 3.857 -0.873 0.6121 1.7012
1744640701.435489 120 3.493 -0.395 -0.870 8 -0.00 3.857 -0.870 0.6121 1.7046
% 1744640701.435925 robobot/cmd/ti/rc 0.090 -0.050 1744640701.435731
1744640701.435946 120 3.493 -0.395 -0.870 8 -0.00 3.859 -0.870 0.6132 1.7046
% 1744640701.445467 robobot/cmd/ti/rc 0.090 -0.050 1744640701.4453042
1744640701.445487 120 3.493 -0.396 -0.869 8 -0.00 3.859 -0.869 0.6132 1.7058
1744640701.445746 120 3.494 -0.396 -0.869 8 -0.00 3.859 -0.869 0.6132 1.7058
% 1744640701.468296 robobot/cmd/ti/rc 0.090 -0.050 1744640701.4681559
1744640701.468317 120 3.494 -0.397 -0.870 8 -0.00 3.860 -0.870 0.6142 1.7046
1744640701.468726 120 3.495 -0.398 -0.871 8 -0.00 3.860 -0.871 0.6142 1.7035
% 1744640701.4847538 robobot/cmd/ti/rc 0.090 -0.050 1744640701.484597
1744640701.4847739 120 3.495 -0.398 -0.871 8 -0.00 3.861 -0.871 0.6159 1.7035
% 1744640701.485348 robobot/cmd/ti/rc 0.090 -0.050 1744640701.485249
1744640701.485368 120 3.495 -0.399 -0.872 8 -0.00 3.861 -0.872 0.6159 1.7023
1744640701.485779 120 3.496 -0.399 -0.872 8 -0.00 3.861 -0.872 0.6159 1.7023
% 1744640701.496232 robobot/cmd/ti/rc 0.090 -0.052 1744640701.4961689
1744640701.496244 120 3.496 -0.399 -0.870 8 -0.00 3.863 -0.870 0.6174 1.7046
1744640701.49648 120 3.496 -0.400 -0.869 8 -0.00 3.863 -0.869 0.6174 1.7058
% 1744640701.4966521 robobot/cmd/ti/rc 0.090 -0.050 1744640701.496601
1744640701.496662 120 3.496 -0.400 -0.869 8 -0.00 3.864 -0.869 0.6188 1.7058
% 1744640701.517527 robobot/cmd/ti/rc 0.090 -0.061 1744640701.517438
1744640701.517547 120 3.497 -0.400 -0.866 8 -0.00 3.864 -0.866 0.6188 1.7081
1744640701.518018 120 3.497 -0.401 -0.867 8 -0.00 3.864 -0.867 0.6188 1.7070
% 1744640701.5258958 robobot/cmd/ti/rc 0.090 -0.050 1744640701.525774
1744640701.525919 120 3.497 -0.401 -0.867 8 -0.00 3.865 -0.867 0.6198 1.7070
1744640701.52634 120 3.498 -0.402 -0.867 8 -0.00 3.865 -0.867 0.6198 1.7070
% 1744640701.5266812 robobot/cmd/ti/rc 0.090 -0.063 1744640701.526576
1744640701.526701 120 3.498 -0.402 -0.867 8 -0.00 3.867 -0.867 0.6213 1.7070
% 1744640701.534425 robobot/cmd/ti/rc 0.090 0.050 1744640701.534317
1744640701.534446 120 3.499 -0.402 -0.866 8 0.00 3.867 -0.866 0.6213 1.7081
1744640701.534785 120 3.499 -0.403 -0.866 8 0.00 3.867 -0.866 0.6213 1.7081
% 1744640701.5457642 robobot/cmd/ti/rc 0.090 0.050 1744640701.5455658
1744640701.5457869 120 3.499 -0.403 -0.866 8 0.00 3.868 -0.866 0.6227 1.7081
1744640701.559623 120 3.500 -0.404 -0.865 8 0.00 3.868 -0.865 0.6227 1.7093
% 1744640701.559995 robobot/cmd/ti/rc 0.090 0.050 1744640701.5598521
1744640701.5600152 120 3.500 -0.404 -0.865 8 0.00 3.869 -0.865 0.6240 1.7093
% 1744640701.5650969 robobot/cmd/ti/rc 0.090 0.050 1744640701.5649269
1744640701.5651178 120 3.500 -0.404 -0.864 8 0.00 3.869 -0.864 0.6240 1.7104
1744640701.565373 120 3.501 -0.405 -0.864 8 0.00 3.869 -0.864 0.6240 1.7104
% 1744640701.57116 robobot/cmd/ti/rc 0.090 0.050 1744640701.571027
1744640701.571181 120 3.501 -0.405 -0.864 8 0.00 3.871 -0.864 0.6252 1.7104
1744640701.57984 120 3.501 -0.406 -0.862 8 0.00 3.871 -0.862 0.6252 1.7127
% 1744640701.580193 robobot/cmd/ti/rc 0.090 0.050 1744640701.580061
1744640701.5802119 120 3.501 -0.406 -0.862 8 0.00 3.872 -0.862 0.6267 1.7127
% 1744640701.593091 robobot/cmd/ti/rc 0.090 0.050 1744640701.592886
1744640701.5931132 120 3.502 -0.406 -0.863 8 0.00 3.872 -0.863 0.6267 1.7116
1744640701.6033971 120 3.502 -0.407 -0.862 8 0.00 3.872 -0.862 0.6267 1.7127
% 1744640701.6039329 robobot/cmd/ti/rc 0.090 0.053 1744640701.603797
1744640701.6039522 120 3.503 -0.407 -0.860 8 0.01 3.873 -0.860 0.6280 1.7139
1744640701.610703 120 3.503 -0.408 -0.860 8 0.01 3.873 -0.860 0.6280 1.7139
% 1744640701.61109 robobot/cmd/ti/rc 0.090 0.050 1744640701.610923
1744640701.611109 120 3.503 -0.408 -0.860 8 0.01 3.875 -0.860 0.6294 1.7139
% 1744640701.6191611 robobot/cmd/ti/rc 0.090 0.061 1744640701.6190279
1744640701.6191812 120 3.504 -0.409 -0.859 8 0.01 3.875 -0.859 0.6294 1.7151
1744640701.628372 120 3.504 -0.409 -0.859 8 0.01 3.875 -0.859 0.6294 1.7151
% 1744640701.6340811 robobot/cmd/ti/rc 0.090 0.050 1744640701.6338959
1744640701.634101 120 3.504 -0.409 -0.859 8 0.01 3.876 -0.859 0.6308 1.7151
1744640701.639421 120 3.505 -0.410 -0.859 8 0.01 3.876 -0.859 0.6308 1.7151
% 1744640701.6398132 robobot/cmd/ti/rc 0.090 0.064 1744640701.639643
1744640701.6398342 120 3.505 -0.410 -0.859 8 0.01 3.877 -0.859 0.6321 1.7151
% 1744640701.663622 robobot/cmd/ti/rc 0.090 0.050 1744640701.66349
1744640701.6636438 120 3.506 -0.410 -0.858 8 0.01 3.877 -0.858 0.6321 1.7162
1744640701.663968 120 3.506 -0.411 -0.857 8 0.01 3.877 -0.857 0.6321 1.7174
% 1744640701.671129 robobot/cmd/ti/rc 0.090 0.064 1744640701.670966
1744640701.6711411 120 3.506 -0.411 -0.857 8 0.01 3.879 -0.857 0.6334 1.7174
1744640701.67136 120 3.507 -0.412 -0.856 8 0.01 3.879 -0.856 0.6334 1.7185
% 1744640701.671575 robobot/cmd/ti/rc 0.090 0.050 1744640701.67151
1744640701.671585 120 3.507 -0.412 -0.856 8 0.01 3.880 -0.856 0.6348 1.7185
% 1744640701.682573 robobot/cmd/ti/rc 0.090 0.064 1744640701.682365
1744640701.6825962 120 3.507 -0.413 -0.855 8 0.02 3.880 -0.855 0.6348 1.7197
1744640701.683006 120 3.508 -0.413 -0.855 8 0.02 3.880 -0.855 0.6348 1.7197
% 1744640701.689951 robobot/cmd/ti/rc 0.090 0.050 1744640701.689753
1744640701.689972 120 3.508 -0.413 -0.854 8 0.02 3.882 -0.854 0.6363 1.7208
1744640701.696656 120 3.509 -0.414 -0.852 8 0.02 3.882 -0.852 0.6363 1.7220
% 1744640701.7025762 robobot/cmd/ti/rc 0.090 0.064 1744640701.702427
1744640701.7025962 120 3.509 -0.414 -0.852 8 0.02 3.883 -0.852 0.6377 1.7220
% 1744640701.709837 robobot/cmd/ti/rc 0.090 0.050 1744640701.7097301
1744640701.709857 120 3.509 -0.415 -0.852 8 0.03 3.883 -0.852 0.6377 1.7220
1744640701.710189 120 3.510 -0.415 -0.851 8 0.03 3.883 -0.851 0.6377 1.7231
% 1744640701.727221 robobot/cmd/ti/rc 0.090 0.064 1744640701.727061
1744640701.727241 120 3.510 -0.415 -0.851 8 0.03 3.884 -0.851 0.6391 1.7231
1744640701.727694 120 3.511 -0.416 -0.850 8 0.03 3.884 -0.850 0.6391 1.7243
% 1744640701.728009 robobot/cmd/ti/rc 0.090 0.050 1744640701.727916
1744640701.7280278 120 3.511 -0.416 -0.850 8 0.03 3.886 -0.850 0.6406 1.7243
% 1744640701.73973 robobot/cmd/ti/rc 0.090 0.064 1744640701.739577
1744640701.73975 120 3.511 -0.417 -0.848 8 0.04 3.886 -0.848 0.6406 1.7266
1744640701.740098 120 3.511 -0.417 -0.849 8 0.04 3.886 -0.849 0.6406 1.7255
% 1744640701.748501 robobot/cmd/ti/rc 0.090 0.050 1744640701.748323
1744640701.748523 120 3.512 -0.417 -0.849 8 0.04 3.887 -0.849 0.6419 1.7255
1744640701.756873 120 3.512 -0.418 -0.847 8 0.04 3.887 -0.847 0.6419 1.7278
% 1744640701.761918 robobot/cmd/ti/rc 0.090 0.064 1744640701.761727
1744640701.761939 120 3.512 -0.418 -0.847 8 0.05 3.889 -0.847 0.6433 1.7278
% 1744640701.7683892 robobot/cmd/ti/rc 0.090 0.050 1744640701.7682471
1744640701.7684102 120 3.513 -0.419 -0.847 8 0.06 3.889 -0.847 0.6433 1.7278
1744640701.775973 120 3.513 -0.419 -0.845 8 0.06 3.889 -0.845 0.6433 1.7289
% 1744640701.7811542 robobot/cmd/ti/rc 0.090 -0.050 1744640701.78093
1744640701.781177 120 3.513 -0.419 -0.844 8 0.07 3.890 -0.844 0.6446 1.7301
1744640701.78776 120 3.514 -0.420 -0.844 8 0.07 3.890 -0.844 0.6446 1.7301
% 1744640701.7881641 robobot/cmd/ti/rc 0.090 -0.307 1744640701.7879958
1744640701.7881842 120 3.514 -0.420 -0.844 8 0.07 3.891 -0.844 0.6459 1.7301
% 1744640701.7997 robobot/cmd/ti/rc 0.090 -2.327 1744640701.799525
1744640701.799886 120 3.514 -0.421 -0.844 8 0.50 3.891 -0.844 0.6459 1.7301
1744640701.800142 120 3.515 -0.421 -0.844 8 0.50 3.891 -0.844 0.6459 1.7301
% 1744640701.8141062 robobot/cmd/ti/rc 0.090 -3.055 1744640701.813969
1744640701.8141272 120 3.515 -0.421 -0.842 8 0.51 3.892 -0.842 0.6471 1.7324
1744640701.819368 120 3.516 -0.422 -0.843 8 0.51 3.892 -0.843 0.6471 1.7312
% 1744640701.8197389 robobot/cmd/ti/rc 0.090 -0.945 1744640701.8196049
1744640701.8197591 120 3.516 -0.422 -0.843 8 0.51 3.894 -0.843 0.6484 1.7312
% 1744640701.832423 robobot/cmd/ti/rc 0.090 -0.363 1744640701.832296
1744640701.832444 120 3.516 -0.423 -0.848 8 0.52 3.894 -0.848 0.6484 1.7266
1744640701.832772 120 3.516 -0.423 -0.851 8 0.52 3.894 -0.851 0.6484 1.7231
% 1744640701.8401191 robobot/cmd/ti/rc 0.090 -0.181 1744640701.8399308
1744640701.840141 120 3.517 -0.423 -0.857 8 0.51 3.895 -0.857 0.6499 1.7174
1744640701.845644 120 3.517 -0.424 -0.864 8 0.51 3.895 -0.864 0.6499 1.7104
% 1744640701.85309 robobot/cmd/ti/rc 0.090 -0.109 1744640701.852917
1744640701.853111 120 3.517 -0.424 -0.864 8 0.51 3.897 -0.864 0.6517 1.7104
% 1744640701.8615959 robobot/cmd/ti/rc 0.090 -0.210 1744640701.861462
1744640701.8616161 120 3.518 -0.424 -0.869 8 0.52 3.897 -0.869 0.6517 1.7058
1744640701.8619342 120 3.518 -0.425 -0.870 8 0.52 3.897 -0.870 0.6517 1.7046
% 1744640701.866755 robobot/cmd/ti/rc 0.090 -0.173 1744640701.866678
1744640701.866765 120 3.518 -0.425 -0.872 8 0.51 3.898 -0.872 0.6529 1.7023
1744640701.8790069 120 3.519 -0.425 -0.877 8 0.51 3.898 -0.877 0.6529 1.6977
% 1744640701.8792598 robobot/cmd/ti/rc 0.090 -0.117 1744640701.879134
1744640701.879271 120 3.519 -0.425 -0.877 8 0.51 3.899 -0.877 0.6539 1.6977
% 1744640701.891687 robobot/cmd/ti/rc 0.090 -0.155 1744640701.891507
1744640701.891707 120 3.519 -0.426 -0.882 8 0.51 3.899 -0.882 0.6539 1.6919
1744640701.891955 120 3.520 -0.426 -0.886 8 0.51 3.899 -0.886 0.6539 1.6885
% 1744640701.9012659 robobot/cmd/ti/rc 0.090 -0.205 1744640701.901108
1744640701.901286 120 3.520 -0.427 -0.888 8 0.51 3.901 -0.888 0.6553 1.6861
1744640701.906941 120 3.520 -0.427 -0.893 8 0.51 3.901 -0.893 0.6553 1.6815
% 1744640701.911444 robobot/cmd/ti/rc 0.090 -0.183 1744640701.9113238
1744640701.911465 120 3.520 -0.427 -0.893 8 0.51 3.902 -0.893 0.6563 1.6815
% 1744640701.917927 robobot/cmd/ti/rc 0.090 -0.129 1744640701.917772
1744640701.917949 120 3.521 -0.428 -0.897 8 0.51 3.902 -0.897 0.6563 1.6769
1744640701.923264 120 3.521 -0.428 -0.900 8 0.51 3.902 -0.900 0.6563 1.6746
% 1744640701.927985 robobot/cmd/ti/rc 0.090 -0.130 1744640701.927814
1744640701.928006 120 3.521 -0.428 -0.903 8 0.51 3.903 -0.903 0.6574 1.6711
1744640701.934583 120 3.522 -0.429 -0.908 8 0.51 3.903 -0.908 0.6574 1.6665
% 1744640701.942111 robobot/cmd/ti/rc 0.090 -0.115 1744640701.941922
1744640701.942132 120 3.522 -0.429 -0.908 8 0.50 3.904 -0.908 0.6586 1.6665
% 1744640701.9479759 robobot/cmd/ti/rc 0.090 -0.101 1744640701.947795
1744640701.9480052 120 3.522 -0.430 -0.912 8 0.50 3.904 -0.912 0.6586 1.6619
1744640701.9540339 120 3.522 -0.430 -0.914 8 0.50 3.904 -0.914 0.6586 1.6607
% 1744640701.959018 robobot/cmd/ti/rc 0.090 -0.097 1744640701.9588218
1744640701.959038 120 3.523 -0.431 -0.915 8 0.50 3.905 -0.915 0.6597 1.6595
1744640701.968009 120 3.523 -0.431 -0.918 8 0.50 3.905 -0.918 0.6597 1.6561
% 1744640701.968406 robobot/cmd/ti/rc 0.090 -0.125 1744640701.96825
1744640701.968426 120 3.523 -0.431 -0.918 8 0.50 3.906 -0.918 0.6610 1.6561
% 1744640701.9825768 robobot/cmd/ti/rc 0.090 -0.099 1744640701.982408
1744640701.9825978 120 3.524 -0.432 -0.923 8 0.49 3.906 -0.923 0.6610 1.6514
1744640701.9828439 120 3.524 -0.432 -0.924 8 0.49 3.906 -0.924 0.6610 1.6503
% 1744640701.9885921 robobot/cmd/ti/rc 0.090 -0.104 1744640701.98846
1744640701.9886122 120 3.524 -0.433 -0.925 8 0.49 3.908 -0.925 0.6624 1.6491
1744640701.997972 120 3.525 -0.433 -0.927 8 0.49 3.908 -0.927 0.6624 1.6468
% 1744640701.998373 robobot/cmd/ti/rc 0.090 -0.154 1744640701.998204
1744640701.998393 120 3.525 -0.433 -0.927 8 0.49 3.909 -0.927 0.6637 1.6468
% 1744640702.011723 robobot/cmd/ti/rc 0.090 -0.126 1744640702.011561
1744640702.011745 120 3.525 -0.434 -0.930 8 0.49 3.909 -0.930 0.6637 1.6445
1744640702.012007 120 3.526 -0.434 -0.930 8 0.49 3.909 -0.930 0.6637 1.6445
% 1744640702.019414 robobot/cmd/ti/rc 0.090 -0.087 1744640702.019201
1744640702.019437 120 3.526 -0.435 -0.931 8 0.48 3.910 -0.931 0.6651 1.6433
1744640702.031322 120 3.527 -0.436 -0.933 8 0.48 3.910 -0.933 0.6651 1.6410
% 1744640702.031855 robobot/cmd/ti/rc 0.090 -0.143 1744640702.031594
1744640702.03188 120 3.527 -0.436 -0.933 8 0.48 3.912 -0.933 0.6665 1.6410
% 1744640702.039652 robobot/cmd/ti/rc 0.090 -0.155 1744640702.039419
1744640702.039671 120 3.527 -0.436 -0.934 8 0.48 3.912 -0.934 0.6665 1.6399
1744640702.046049 120 3.528 -0.437 -0.936 8 0.48 3.912 -0.936 0.6665 1.6387
% 1744640702.058347 robobot/cmd/ti/rc 0.090 -0.137 1744640702.058159
1744640702.058372 120 3.528 -0.437 -0.936 8 0.48 3.913 -0.936 0.6680 1.6387
1744640702.066188 120 3.528 -0.438 -0.939 8 0.48 3.913 -0.939 0.6680 1.6353
% 1744640702.066889 robobot/cmd/ti/rc 0.090 -0.127 1744640702.0664032
1744640702.0669062 120 3.528 -0.438 -0.939 8 0.48 3.915 -0.939 0.6695 1.6353
% 1744640702.073923 robobot/cmd/ti/rc 0.090 -0.128 1744640702.073697
1744640702.073946 120 3.529 -0.439 -0.940 8 0.48 3.915 -0.940 0.6695 1.6341
1744640702.074274 120 3.529 -0.439 -0.941 8 0.48 3.915 -0.941 0.6695 1.6329
% 1744640702.100545 robobot/cmd/ti/rc 0.090 -0.128 1744640702.100312
1744640702.100568 120 3.529 -0.439 -0.944 8 0.47 3.916 -0.944 0.6709 1.6306
1744640702.100898 120 3.530 -0.440 -0.946 8 0.47 3.916 -0.946 0.6709 1.6283
% 1744640702.1012192 robobot/cmd/ti/rc 0.090 -0.148 1744640702.101127
1744640702.101239 120 3.530 -0.440 -0.946 8 0.47 3.918 -0.946 0.6724 1.6283
% 1744640702.110098 robobot/cmd/ti/rc 0.090 -0.145 1744640702.109984
1744640702.110113 120 3.530 -0.441 -0.947 8 0.47 3.918 -0.947 0.6724 1.6272
1744640702.110406 120 3.531 -0.441 -0.947 8 0.47 3.918 -0.947 0.6724 1.6272
% 1744640702.1107788 robobot/cmd/ti/rc 0.090 -0.136 1744640702.11068
1744640702.110794 120 3.531 -0.442 -0.948 8 0.47 3.919 -0.948 0.6737 1.6260
1744640702.117624 120 3.532 -0.443 -0.950 8 0.47 3.919 -0.950 0.6737 1.6248
% 1744640702.1178849 robobot/cmd/ti/rc 0.090 -0.139 1744640702.11778
1744640702.1178958 120 3.532 -0.443 -0.950 8 0.47 3.920 -0.950 0.6751 1.6248
% 1744640702.1299999 robobot/cmd/ti/rc 0.090 -0.123 1744640702.129766
1744640702.130028 120 3.532 -0.443 -0.953 8 0.46 3.920 -0.953 0.6751 1.6214
1744640702.135357 120 3.532 -0.444 -0.953 8 0.46 3.920 -0.953 0.6751 1.6214
% 1744640702.142093 robobot/cmd/ti/rc 0.090 -0.117 1744640702.1418948
1744640702.142116 120 3.533 -0.444 -0.955 8 0.46 3.922 -0.955 0.6766 1.6191
1744640702.151823 120 3.533 -0.445 -0.955 8 0.46 3.922 -0.955 0.6766 1.6191
% 1744640702.152272 robobot/cmd/ti/rc 0.090 -0.128 1744640702.152073
1744640702.1522932 120 3.533 -0.445 -0.955 8 0.46 3.923 -0.955 0.6779 1.6191
% 1744640702.160655 robobot/cmd/ti/rc 0.090 -0.137 1744640702.1605241
1744640702.160676 120 3.534 -0.445 -0.958 8 0.46 3.923 -0.958 0.6779 1.6168
1744640702.17077 120 3.534 -0.446 -0.958 8 0.46 3.923 -0.958 0.6779 1.6168
% 1744640702.176625 robobot/cmd/ti/rc 0.090 -0.113 1744640702.1764228
1744640702.176648 120 3.534 -0.446 -0.958 8 0.45 3.925 -0.958 0.6793 1.6168
1744640702.1770308 120 3.535 -0.447 -0.960 8 0.45 3.925 -0.960 0.6793 1.6144
% 1744640702.1834 robobot/cmd/ti/rc 0.090 -0.118 1744640702.183201
1744640702.183421 120 3.535 -0.447 -0.960 8 0.45 3.926 -0.960 0.6807 1.6144
% 1744640702.191107 robobot/cmd/ti/rc 0.090 -0.117 1744640702.190916
1744640702.191128 120 3.535 -0.448 -0.962 8 0.45 3.926 -0.962 0.6807 1.6121
1744640702.1959949 120 3.535 -0.448 -0.965 8 0.45 3.926 -0.965 0.6807 1.6098
% 1744640702.201519 robobot/cmd/ti/rc 0.090 -0.113 1744640702.2013729
1744640702.20154 120 3.536 -0.448 -0.963 8 0.45 3.927 -0.963 0.6820 1.6110
1744640702.213093 120 3.536 -0.449 -0.966 8 0.45 3.927 -0.966 0.6820 1.6087
% 1744640702.213462 robobot/cmd/ti/rc 0.090 -0.162 1744640702.213323
1744640702.213482 120 3.536 -0.449 -0.966 8 0.45 3.929 -0.966 0.6834 1.6087
% 1744640702.240587 robobot/cmd/ti/rc 0.090 -0.158 1744640702.2404091
1744640702.2408051 120 3.537 -0.450 -0.967 8 0.44 3.929 -0.967 0.6834 1.6075
1744640702.2411258 120 3.537 -0.450 -0.967 8 0.44 3.929 -0.967 0.6834 1.6075
% 1744640702.241547 robobot/cmd/ti/rc 0.090 -0.144 1744640702.24146
1744640702.241567 120 3.537 -0.451 -0.969 8 0.44 3.930 -0.969 0.6849 1.6052
1744640702.24193 120 3.538 -0.451 -0.971 8 0.44 3.930 -0.971 0.6849 1.6029
% 1744640702.242249 robobot/cmd/ti/rc 0.090 -0.141 1744640702.242163
1744640702.24227 120 3.538 -0.451 -0.971 8 0.44 3.932 -0.971 0.6862 1.6029
% 1744640702.280201 robobot/cmd/ti/rc 0.090 -0.139 1744640702.2800179
1744640702.280224 120 3.538 -0.452 -0.973 8 0.44 3.932 -0.973 0.6862 1.6017
1744640702.2806048 120 3.539 -0.453 -0.974 8 0.44 3.932 -0.974 0.6862 1.6006
% 1744640702.2810519 robobot/cmd/ti/rc 0.090 -0.135 1744640702.280957
1744640702.2810721 120 3.539 -0.453 -0.973 8 0.44 3.933 -0.973 0.6876 1.6017
1744640702.2855392 120 3.539 -0.454 -0.975 8 0.44 3.933 -0.975 0.6876 1.5994
% 1744640702.285698 robobot/cmd/ti/rc 0.090 -0.136 1744640702.285643
1744640702.285706 120 3.539 -0.454 -0.975 8 0.43 3.934 -0.975 0.6891 1.5994
% 1744640702.285952 robobot/cmd/ti/rc 0.090 -0.159 1744640702.285912
1744640702.28596 120 3.540 -0.455 -0.977 8 0.43 3.934 -0.977 0.6891 1.5971
1744640702.286091 120 3.540 -0.455 -0.978 8 0.43 3.934 -0.978 0.6891 1.5959
% 1744640702.293812 robobot/cmd/ti/rc 0.090 -0.155 1744640702.293695
1744640702.293823 120 3.540 -0.455 -0.981 8 0.43 3.936 -0.981 0.6904 1.5936
1744640702.2981179 120 3.541 -0.456 -0.982 8 0.43 3.936 -0.982 0.6904 1.5925
% 1744640702.298341 robobot/cmd/ti/rc 0.090 -0.166 1744640702.2982342
1744640702.298351 120 3.541 -0.456 -0.982 8 0.43 3.937 -0.982 0.6917 1.5925
% 1744640702.312336 robobot/cmd/ti/rc 0.090 -0.172 1744640702.3122208
1744640702.312347 120 3.541 -0.457 -0.982 8 0.43 3.937 -0.982 0.6917 1.5925
1744640702.312486 120 3.542 -0.457 -0.983 8 0.43 3.937 -0.983 0.6917 1.5913
% 1744640702.3409238 robobot/cmd/ti/rc 0.090 -0.143 1744640702.3407428
1744640702.340945 120 3.542 -0.457 -0.984 8 0.43 3.938 -0.984 0.6930 1.5902
1744640702.3413079 120 3.542 -0.458 -0.985 8 0.43 3.938 -0.985 0.6930 1.5890
% 1744640702.3416162 robobot/cmd/ti/rc 0.090 -0.141 1744640702.3415291
1744640702.3416362 120 3.542 -0.458 -0.985 8 0.42 3.940 -0.985 0.6945 1.5890
% 1744640702.3643851 robobot/cmd/ti/rc 0.090 -0.186 1744640702.364297
1744640702.364406 120 3.543 -0.459 -0.988 8 0.42 3.940 -0.988 0.6945 1.5867
1744640702.364726 120 3.543 -0.459 -0.989 8 0.42 3.940 -0.989 0.6945 1.5855
% 1744640702.365202 robobot/cmd/ti/rc 0.090 -0.166 1744640702.36512
1744640702.365222 120 3.543 -0.460 -0.990 8 0.42 3.941 -0.990 0.6957 1.5844
1744640702.389499 120 3.544 -0.460 -0.991 8 0.42 3.941 -0.991 0.6957 1.5832
% 1744640702.389992 robobot/cmd/ti/rc 0.090 -0.159 1744640702.389764
1744640702.390014 120 3.544 -0.460 -0.991 8 0.42 3.942 -0.991 0.6971 1.5832
% 1744640702.390524 robobot/cmd/ti/rc 0.090 -0.169 1744640702.3904262
1744640702.3905432 120 3.544 -0.461 -0.992 8 0.42 3.942 -0.992 0.6971 1.5821
1744640702.39093 120 3.545 -0.462 -0.993 8 0.42 3.942 -0.993 0.6971 1.5809
% 1744640702.397739 robobot/cmd/ti/rc 0.090 -0.179 1744640702.39764
1744640702.397759 120 3.545 -0.462 -0.993 8 0.42 3.944 -0.993 0.6985 1.5809
1744640702.39814 120 3.545 -0.463 -0.996 8 0.42 3.944 -0.996 0.6985 1.5786
% 1744640702.398457 robobot/cmd/ti/rc 0.090 -0.158 1744640702.398367
1744640702.398477 120 3.545 -0.463 -0.996 8 0.42 3.945 -0.996 0.6999 1.5786
% 1744640702.4010592 robobot/cmd/ti/rc 0.090 1.078 1744640702.400974
1744640702.401079 120 3.546 -0.463 -0.998 8 0.35 3.945 -0.998 0.6999 1.5763
1744640702.409663 120 3.546 -0.464 -0.998 8 0.35 3.945 -0.998 0.6999 1.5763
% 1744640702.410105 robobot/cmd/ti/rc 0.090 1.234 1744640702.410014
1744640702.410125 120 3.546 -0.464 -0.999 8 0.34 3.946 -0.999 0.7011 1.5751
1744640702.430324 120 3.547 -0.465 -1.000 8 0.34 3.946 -1.000 0.7011 1.5740
% 1744640702.435319 robobot/cmd/ti/rc 0.090 -0.150 1744640702.435113
1744640702.435342 120 3.547 -0.465 -1.000 8 0.34 3.948 -1.000 0.7025 1.5740
% 1744640702.4359071 robobot/cmd/ti/rc 0.090 -0.105 1744640702.435816
1744640702.4359272 120 3.547 -0.466 -1.003 8 0.34 3.948 -1.003 0.7025 1.5716
1744640702.436265 120 3.547 -0.466 -1.004 8 0.34 3.948 -1.004 0.7025 1.5705
% 1744640702.446208 robobot/cmd/ti/rc 0.090 -0.195 1744640702.4461179
1744640702.446229 120 3.548 -0.466 -1.004 8 0.34 3.949 -1.004 0.7039 1.5705
1744640702.446665 120 3.548 -0.467 -1.002 8 0.34 3.949 -1.002 0.7039 1.5728
% 1744640702.4628139 robobot/cmd/ti/rc 0.090 -0.090 1744640702.462713
1744640702.462836 120 3.548 -0.467 -1.002 8 0.33 3.951 -1.002 0.7052 1.5728
% 1744640702.463369 robobot/cmd/ti/rc 0.090 -0.020 1744640702.4632902
1744640702.463389 120 3.548 -0.467 -0.996 8 0.33 3.951 -0.996 0.7052 1.5786
1744640702.46997 120 3.549 -0.468 -0.992 8 0.33 3.951 -0.992 0.7052 1.5821
% 1744640702.470426 robobot/cmd/ti/rc 0.090 -0.063 1744640702.470331
1744640702.470446 120 3.549 -0.468 -0.990 8 0.32 3.952 -0.990 0.7066 1.5844
1744640702.478851 120 3.549 -0.469 -0.990 8 0.32 3.952 -0.990 0.7066 1.5844
% 1744640702.484123 robobot/cmd/ti/rc 0.090 -0.176 1744640702.4839308
1744640702.484145 120 3.549 -0.469 -0.990 8 0.33 3.953 -0.990 0.7079 1.5844
% 1744640702.489562 robobot/cmd/ti/rc 0.090 -0.236 1744640702.489395
1744640702.489583 120 3.550 -0.469 -0.989 8 0.33 3.953 -0.989 0.7079 1.5855
1744640702.507514 120 3.550 -0.470 -0.990 8 0.33 3.953 -0.990 0.7079 1.5844
% 1744640702.531521 robobot/cmd/ti/rc 0.090 -0.111 1744640702.531316
1744640702.531543 120 3.550 -0.470 -0.989 8 0.32 3.954 -0.989 0.7091 1.5855
1744640702.531869 120 3.551 -0.471 -0.987 8 0.32 3.954 -0.987 0.7091 1.5878
% 1744640702.532193 robobot/cmd/ti/rc 0.090 -0.097 1744640702.532096
1744640702.532213 120 3.551 -0.471 -0.987 8 0.32 3.956 -0.987 0.7107 1.5878
% 1744640702.535805 robobot/cmd/ti/rc 0.090 -0.115 1744640702.535701
1744640702.53583 120 3.551 -0.472 -0.985 8 0.32 3.956 -0.985 0.7107 1.5890
1744640702.536204 120 3.552 -0.472 -0.985 8 0.32 3.956 -0.985 0.7107 1.5890
% 1744640702.536628 robobot/cmd/ti/rc 0.090 -0.133 1744640702.536542
1744640702.5366468 120 3.552 -0.473 -0.984 8 0.32 3.958 -0.984 0.7122 1.5902
1744640702.541868 120 3.552 -0.473 -0.984 8 0.32 3.958 -0.984 0.7122 1.5902
% 1744640702.542185 robobot/cmd/ti/rc 0.090 -0.107 1744640702.542102
1744640702.5422049 120 3.552 -0.473 -0.984 8 0.31 3.959 -0.984 0.7136 1.5902
% 1744640702.55142 robobot/cmd/ti/rc 0.090 -0.132 1744640702.5512881
1744640702.551441 120 3.553 -0.474 -0.984 8 0.31 3.959 -0.984 0.7136 1.5902
1744640702.551738 120 3.553 -0.475 -0.984 8 0.31 3.959 -0.984 0.7136 1.5902
% 1744640702.559794 robobot/cmd/ti/rc 0.090 -0.160 1744640702.5596669
1744640702.559814 120 3.553 -0.475 -0.983 8 0.31 3.960 -0.983 0.7148 1.5913
1744640702.571396 120 3.554 -0.476 -0.983 8 0.31 3.960 -0.983 0.7148 1.5913
% 1744640702.571746 robobot/cmd/ti/rc 0.090 -0.159 1744640702.571626
1744640702.571766 120 3.554 -0.476 -0.983 8 0.31 3.961 -0.983 0.7161 1.5913
% 1744640702.578563 robobot/cmd/ti/rc 0.090 -0.135 1744640702.5784352
1744640702.578584 120 3.554 -0.477 -0.982 8 0.31 3.961 -0.982 0.7161 1.5925
1744640702.584355 120 3.555 -0.477 -0.982 8 0.31 3.961 -0.982 0.7161 1.5925
% 1744640702.590977 robobot/cmd/ti/rc 0.090 -0.133 1744640702.590861
1744640702.590997 120 3.555 -0.477 -0.981 8 0.31 3.963 -0.981 0.7176 1.5936
1744640702.601334 120 3.555 -0.478 -0.982 8 0.31 3.963 -0.982 0.7176 1.5925
% 1744640702.6016908 robobot/cmd/ti/rc 0.090 -0.142 1744640702.601568
1744640702.601711 120 3.555 -0.478 -0.982 8 0.30 3.964 -0.982 0.7190 1.5925
% 1744640702.607986 robobot/cmd/ti/rc 0.090 -0.107 1744640702.607817
1744640702.608007 120 3.556 -0.479 -0.983 8 0.30 3.964 -0.983 0.7190 1.5913
1744640702.612374 120 3.556 -0.479 -0.983 8 0.30 3.964 -0.983 0.7190 1.5913
% 1744640702.617383 robobot/cmd/ti/rc 0.090 -0.116 1744640702.617265
1744640702.6174028 120 3.556 -0.479 -0.984 8 0.30 3.966 -0.984 0.7203 1.5902
1744640702.6287491 120 3.557 -0.480 -0.985 8 0.30 3.966 -0.985 0.7203 1.5890
% 1744640702.629122 robobot/cmd/ti/rc 0.090 -0.172 1744640702.628994
1744640702.629142 120 3.557 -0.480 -0.985 8 0.30 3.967 -0.985 0.7215 1.5890
% 1744640702.639563 robobot/cmd/ti/rc 0.090 -0.163 1744640702.6394072
1744640702.639738 120 3.557 -0.481 -0.987 8 0.30 3.967 -0.987 0.7215 1.5878
1744640702.646187 120 3.557 -0.481 -0.987 8 0.30 3.967 -0.987 0.7215 1.5878
% 1744640702.65255 robobot/cmd/ti/rc 0.090 -0.109 1744640702.6524029
1744640702.652571 120 3.558 -0.481 -0.987 8 0.29 3.968 -0.987 0.7228 1.5878
1744640702.658504 120 3.558 -0.482 -0.987 8 0.29 3.968 -0.987 0.7228 1.5878
% 1744640702.658931 robobot/cmd/ti/rc 0.090 -0.112 1744640702.6587431
1744640702.658953 120 3.558 -0.482 -0.987 8 0.29 3.970 -0.987 0.7242 1.5878
% 1744640702.6681821 robobot/cmd/ti/rc 0.090 -0.120 1744640702.6680782
1744640702.668194 120 3.559 -0.483 -0.988 8 0.29 3.970 -0.988 0.7242 1.5867
1744640702.6723819 120 3.559 -0.483 -0.988 8 0.29 3.970 -0.988 0.7242 1.5867
% 1744640702.6845388 robobot/cmd/ti/rc 0.090 -0.117 1744640702.684396
1744640702.684561 120 3.559 -0.484 -0.988 8 0.29 3.971 -0.988 0.7255 1.5867
1744640702.689636 120 3.560 -0.484 -0.989 8 0.29 3.971 -0.989 0.7255 1.5855
% 1744640702.689997 robobot/cmd/ti/rc 0.090 -0.119 1744640702.6898718
1744640702.690017 120 3.560 -0.484 -0.989 8 0.28 3.972 -0.989 0.7268 1.5855
% 1744640702.705516 robobot/cmd/ti/rc 0.090 -0.100 1744640702.7053561
1744640702.705536 120 3.560 -0.485 -0.990 8 0.28 3.972 -0.990 0.7268 1.5844
1744640702.7058198 120 3.560 -0.486 -0.990 8 0.28 3.972 -0.990 0.7268 1.5844
% 1744640702.7120068 robobot/cmd/ti/rc 0.090 -0.099 1744640702.71189
1744640702.7120268 120 3.561 -0.486 -0.990 8 0.28 3.974 -0.990 0.7281 1.5844
1744640702.723259 120 3.561 -0.487 -0.992 8 0.28 3.974 -0.992 0.7281 1.5821
% 1744640702.7236469 robobot/cmd/ti/rc 0.090 -0.111 1744640702.7235441
1744640702.723667 120 3.561 -0.487 -0.992 8 0.28 3.975 -0.992 0.7294 1.5821
% 1744640702.730109 robobot/cmd/ti/rc 0.090 -0.129 1744640702.729994
1744640702.73013 120 3.562 -0.488 -0.992 8 0.27 3.975 -0.992 0.7294 1.5821
1744640702.737549 120 3.562 -0.488 -0.993 8 0.27 3.975 -0.993 0.7294 1.5809
% 1744640702.742904 robobot/cmd/ti/rc 0.090 -0.116 1744640702.7427871
1744640702.742924 120 3.562 -0.488 -0.993 8 0.27 3.976 -0.993 0.7308 1.5809
1744640702.7482429 120 3.563 -0.489 -0.995 8 0.27 3.976 -0.995 0.7308 1.5797
% 1744640702.748596 robobot/cmd/ti/rc 0.090 -0.120 1744640702.7484758
1744640702.748616 120 3.563 -0.489 -0.995 8 0.27 3.978 -0.995 0.7321 1.5797
% 1744640702.761447 robobot/cmd/ti/rc 0.090 -0.122 1744640702.761327
1744640702.761467 120 3.563 -0.490 -0.996 8 0.27 3.978 -0.996 0.7321 1.5786
1744640702.761775 120 3.563 -0.490 -0.997 8 0.27 3.978 -0.997 0.7321 1.5774
% 1744640702.772783 robobot/cmd/ti/rc 0.090 -0.120 1744640702.772639
1744640702.772803 120 3.564 -0.491 -0.997 8 0.27 3.979 -0.997 0.7337 1.5774
1744640702.7797382 120 3.564 -0.491 -0.997 8 0.27 3.979 -0.997 0.7337 1.5774
% 1744640702.780117 robobot/cmd/ti/rc 0.090 -0.119 1744640702.7799628
1744640702.7801359 120 3.564 -0.491 -0.997 8 0.26 3.980 -0.997 0.7350 1.5774
% 1744640702.791806 robobot/cmd/ti/rc 0.090 -0.114 1744640702.791666
1744640702.7918248 120 3.565 -0.492 -0.998 8 0.26 3.980 -0.998 0.7350 1.5763
1744640702.7920692 120 3.565 -0.492 -0.999 8 0.26 3.980 -0.999 0.7350 1.5751
% 1744640702.799721 robobot/cmd/ti/rc 0.090 -0.104 1744640702.7995808
1744640702.799741 120 3.565 -0.493 -1.000 8 0.26 3.982 -1.000 0.7364 1.5740
1744640702.813754 120 3.566 -0.494 -1.000 8 0.26 3.982 -1.000 0.7364 1.5740
% 1744640702.8194618 robobot/cmd/ti/rc 0.090 -0.126 1744640702.819304
1744640702.819482 120 3.566 -0.494 -1.000 8 0.26 3.983 -1.000 0.7378 1.5740
% 1744640702.820211 robobot/cmd/ti/rc 0.090 -0.137 1744640702.8201432
1744640702.82023 120 3.566 -0.495 -1.002 8 0.25 3.983 -1.002 0.7378 1.5728
1744640702.829067 120 3.566 -0.495 -1.002 8 0.25 3.983 -1.002 0.7378 1.5728
% 1744640702.839094 robobot/cmd/ti/rc 0.090 -0.128 1744640702.838968
1744640702.839114 120 3.567 -0.495 -1.002 8 0.25 3.985 -1.002 0.7393 1.5728
1744640702.839479 120 3.567 -0.496 -1.003 8 0.25 3.985 -1.003 0.7393 1.5716
% 1744640702.839765 robobot/cmd/ti/rc 0.090 -0.120 1744640702.839697
1744640702.8397849 120 3.567 -0.496 -1.003 8 0.25 3.986 -1.003 0.7407 1.5716
% 1744640702.8528981 robobot/cmd/ti/rc 0.090 -0.092 1744640702.8527832
1744640702.852918 120 3.568 -0.497 -1.004 8 0.25 3.986 -1.004 0.7407 1.5705
1744640702.8532548 120 3.568 -0.497 -1.004 8 0.25 3.986 -1.004 0.7407 1.5705
% 1744640702.861084 robobot/cmd/ti/rc 0.090 -0.114 1744640702.8609731
1744640702.861104 120 3.568 -0.498 -1.004 8 0.25 3.988 -1.004 0.7422 1.5705
1744640702.867829 120 3.569 -0.499 -1.005 8 0.25 3.988 -1.005 0.7422 1.5693
% 1744640702.868041 robobot/cmd/ti/rc 0.090 -0.140 1744640702.8679569
1744640702.868052 120 3.569 -0.499 -1.005 8 0.24 3.989 -1.005 0.7436 1.5693
% 1744640702.8813639 robobot/cmd/ti/rc 0.090 -0.108 1744640702.8812149
1744640702.881384 120 3.569 -0.499 -1.006 8 0.24 3.989 -1.006 0.7436 1.5682
1744640702.881662 120 3.569 -0.500 -1.005 8 0.24 3.989 -1.005 0.7436 1.5693
% 1744640702.887637 robobot/cmd/ti/rc 0.090 -0.133 1744640702.887507
1744640702.8876579 120 3.570 -0.500 -1.007 8 0.24 3.990 -1.007 0.7450 1.5670
1744640702.8983738 120 3.570 -0.501 -1.007 8 0.24 3.990 -1.007 0.7450 1.5670
% 1744640702.90331 robobot/cmd/ti/rc 0.090 -0.144 1744640702.903114
1744640702.903332 120 3.570 -0.501 -1.007 8 0.24 3.992 -1.007 0.7464 1.5670
% 1744640702.9088771 robobot/cmd/ti/rc 0.090 -0.103 1744640702.9087071
1744640702.908897 120 3.571 -0.502 -1.008 8 0.23 3.992 -1.008 0.7464 1.5659
1744640702.9147468 120 3.571 -0.502 -1.007 8 0.23 3.992 -1.007 0.7464 1.5670
% 1744640702.9194849 robobot/cmd/ti/rc 0.090 -0.114 1744640702.919227
1744640702.919508 120 3.571 -0.502 -1.008 8 0.23 3.993 -1.008 0.7478 1.5659
1744640702.934037 120 3.572 -0.503 -1.011 8 0.23 3.993 -1.011 0.7478 1.5636
% 1744640702.9345868 robobot/cmd/ti/rc 0.090 -0.146 1744640702.934292
1744640702.934608 120 3.572 -0.503 -1.011 8 0.23 3.994 -1.011 0.7491 1.5636
% 1744640702.94198 robobot/cmd/ti/rc 0.090 -0.113 1744640702.941731
1744640702.9420018 120 3.572 -0.504 -1.011 8 0.23 3.994 -1.011 0.7491 1.5636
1744640702.942285 120 3.572 -0.504 -1.011 8 0.23 3.994 -1.011 0.7491 1.5636
% 1744640702.9533901 robobot/cmd/ti/rc 0.090 -0.135 1744640702.9531698
1744640702.9534101 120 3.573 -0.505 -1.011 8 0.23 3.996 -1.011 0.7505 1.5636
1744640702.964682 120 3.573 -0.505 -1.012 8 0.23 3.996 -1.012 0.7505 1.5624
% 1744640702.9651892 robobot/cmd/ti/rc 0.090 -0.130 1744640702.964965
1744640702.965209 120 3.573 -0.505 -1.012 8 0.22 3.997 -1.012 0.7518 1.5624
% 1744640702.973653 robobot/cmd/ti/rc 0.090 -0.123 1744640702.973409
1744640702.973675 120 3.573 -0.506 -1.013 8 0.22 3.997 -1.013 0.7518 1.5612
1744640702.974006 120 3.574 -0.506 -1.014 8 0.22 3.997 -1.014 0.7518 1.5601
% 1744640702.979823 robobot/cmd/ti/rc 0.090 -0.145 1744640702.9796128
1744640702.9798431 120 3.574 -0.507 -1.014 8 0.22 3.999 -1.014 0.7532 1.5601
1744640702.9905221 120 3.574 -0.508 -1.015 8 0.22 3.999 -1.015 0.7532 1.5589
% 1744640702.9910028 robobot/cmd/ti/rc 0.090 -0.146 1744640702.990771
1744640702.991025 120 3.574 -0.508 -1.015 8 0.22 4.000 -1.015 0.7544 1.5589
% 1744640703.001665 robobot/cmd/ti/rc 0.090 1.341 1744640703.001487
1744640703.001686 120 3.575 -0.508 -1.016 8 0.14 4.000 -1.016 0.7544 1.5578
1744640703.010089 120 3.575 -0.509 -1.018 8 0.14 4.000 -1.018 0.7544 1.5566
% 1744640703.010973 robobot/cmd/ti/rc 0.090 1.634 1744640703.0108109
1744640703.010993 120 3.575 -0.509 -1.018 8 0.13 4.001 -1.018 0.7557 1.5566
1744640703.019797 120 3.576 -0.510 -1.019 8 0.13 4.001 -1.019 0.7557 1.5555
% 1744640703.0202181 robobot/cmd/ti/rc 0.090 0.148 1744640703.020041
1744640703.020237 120 3.576 -0.510 -1.019 8 0.11 4.002 -1.019 0.7570 1.5555
% 1744640703.028183 robobot/cmd/ti/rc 0.090 0.222 1744640703.0279849
1744640703.0282052 120 3.576 -0.510 -1.015 8 0.11 4.002 -1.015 0.7570 1.5589
1744640703.035991 120 3.576 -0.511 -1.012 8 0.11 4.002 -1.012 0.7570 1.5624
% 1744640703.0516 robobot/cmd/ti/rc 0.090 -0.038 1744640703.051334
1744640703.0516238 120 3.577 -0.511 -1.006 8 0.11 4.004 -1.006 0.7585 1.5682
1744640703.052049 120 3.577 -0.512 -1.000 8 0.11 4.004 -1.000 0.7585 1.5740
% 1744640703.052526 robobot/cmd/ti/rc 0.090 -0.124 1744640703.052406
1744640703.052546 120 3.577 -0.512 -1.000 8 0.11 4.006 -1.000 0.7601 1.5740
% 1744640703.062193 robobot/cmd/ti/rc 0.090 -0.064 1744640703.062082
1744640703.062342 120 3.578 -0.513 -1.000 8 0.10 4.006 -1.000 0.7601 1.5740
1744640703.068544 120 3.578 -0.513 -1.002 8 0.10 4.006 -1.002 0.7601 1.5728
% 1744640703.068985 robobot/cmd/ti/rc 0.090 -0.115 1744640703.0688598
1744640703.069001 120 3.578 -0.513 -1.005 8 0.10 4.007 -1.005 0.7613 1.5693
1744640703.0841548 120 3.578 -0.514 -1.010 8 0.10 4.007 -1.010 0.7613 1.5647
% 1744640703.084707 robobot/cmd/ti/rc 0.090 -0.123 1744640703.084382
1744640703.0847201 120 3.578 -0.514 -1.010 8 0.10 4.008 -1.010 0.7627 1.5647
% 1744640703.090581 robobot/cmd/ti/rc 0.090 -0.079 1744640703.0903091
1744640703.090604 120 3.579 -0.515 -1.012 8 0.10 4.008 -1.012 0.7627 1.5624
1744640703.097151 120 3.579 -0.515 -1.011 8 0.10 4.008 -1.011 0.7627 1.5636
% 1744640703.097982 robobot/cmd/ti/rc 0.090 -0.110 1744640703.097714
1744640703.098003 120 3.579 -0.516 -1.010 8 0.10 4.009 -1.010 0.7639 1.5647
1744640703.107219 120 3.580 -0.516 -1.008 8 0.10 4.009 -1.008 0.7639 1.5659
% 1744640703.107826 robobot/cmd/ti/rc 0.090 -0.102 1744640703.107635
1744640703.107847 120 3.580 -0.516 -1.008 8 0.10 4.011 -1.008 0.7655 1.5659
% 1744640703.118846 robobot/cmd/ti/rc 0.090 -0.080 1744640703.118578
1744640703.1188731 120 3.580 -0.517 -1.006 8 0.09 4.011 -1.006 0.7655 1.5682
1744640703.12313 120 3.581 -0.517 -1.006 8 0.09 4.011 -1.006 0.7655 1.5682
% 1744640703.136854 robobot/cmd/ti/rc 0.090 -0.092 1744640703.1365829
1744640703.136877 120 3.581 -0.518 -1.005 8 0.09 4.012 -1.005 0.7670 1.5693
1744640703.142418 120 3.581 -0.518 -1.008 8 0.09 4.012 -1.008 0.7670 1.5659
% 1744640703.14291 robobot/cmd/ti/rc 0.090 -0.114 1744640703.1426728
1744640703.142931 120 3.581 -0.518 -1.008 8 0.09 4.014 -1.008 0.7682 1.5659
% 1744640703.151124 robobot/cmd/ti/rc 0.090 -0.074 1744640703.1508942
1744640703.151146 120 3.581 -0.519 -1.012 8 0.09 4.014 -1.012 0.7682 1.5624
1744640703.1514099 120 3.581 -0.519 -1.014 8 0.09 4.014 -1.014 0.7682 1.5601
% 1744640703.164917 robobot/cmd/ti/rc 0.090 -0.087 1744640703.1646972
1744640703.164939 120 3.582 -0.519 -1.015 8 0.09 4.015 -1.015 0.7693 1.5589
1744640703.175406 120 3.582 -0.520 -1.016 8 0.09 4.015 -1.016 0.7693 1.5578
% 1744640703.17591 robobot/cmd/ti/rc 0.090 -0.092 1744640703.1756759
1744640703.175931 120 3.582 -0.520 -1.016 8 0.08 4.016 -1.016 0.7703 1.5578
% 1744640703.1818628 robobot/cmd/ti/rc 0.090 -0.062 1744640703.181621
1744640703.181888 120 3.583 -0.521 -1.015 8 0.08 4.016 -1.015 0.7703 1.5589
1744640703.1821911 120 3.583 -0.521 -1.014 8 0.08 4.016 -1.014 0.7703 1.5601
% 1744640703.188712 robobot/cmd/ti/rc 0.090 -0.060 1744640703.188434
1744640703.188736 120 3.583 -0.521 -1.013 8 0.08 4.017 -1.013 0.7715 1.5612
1744640703.201293 120 3.584 -0.522 -1.013 8 0.08 4.017 -1.013 0.7715 1.5612
% 1744640703.201812 robobot/cmd/ti/rc 0.090 -0.061 1744640703.2015622
1744640703.201834 120 3.584 -0.522 -1.013 8 0.08 4.018 -1.013 0.7731 1.5612
% 1744640703.208992 robobot/cmd/ti/rc 0.090 -0.092 1744640703.208811
1744640703.209012 120 3.584 -0.523 -1.012 8 0.07 4.018 -1.012 0.7731 1.5624
1744640703.215109 120 3.584 -0.523 -1.012 8 0.07 4.018 -1.012 0.7731 1.5624
% 1744640703.2201102 robobot/cmd/ti/rc 0.090 -0.089 1744640703.219881
1744640703.2201312 120 3.584 -0.524 -1.014 8 0.07 4.020 -1.014 0.7744 1.5601
1744640703.227545 120 3.585 -0.524 -1.014 8 0.07 4.020 -1.014 0.7744 1.5601
% 1744640703.23255 robobot/cmd/ti/rc 0.090 -0.073 1744640703.2323148
1744640703.232574 120 3.585 -0.524 -1.014 8 0.07 4.021 -1.014 0.7756 1.5601
% 1744640703.2455318 robobot/cmd/ti/rc 0.090 -0.070 1744640703.2452962
1744640703.245554 120 3.585 -0.525 -1.014 8 0.07 4.021 -1.014 0.7756 1.5601
1744640703.2458382 120 3.585 -0.525 -1.015 8 0.07 4.021 -1.015 0.7756 1.5589
% 1744640703.253477 robobot/cmd/ti/rc 0.090 -0.070 1744640703.253246
1744640703.2535 120 3.586 -0.526 -1.015 8 0.07 4.022 -1.015 0.7766 1.5589
1744640703.259952 120 3.586 -0.526 -1.015 8 0.07 4.022 -1.015 0.7766 1.5589
% 1744640703.260433 robobot/cmd/ti/rc 0.090 -0.090 1744640703.260224
1744640703.2604532 120 3.586 -0.526 -1.015 8 0.06 4.023 -1.015 0.7778 1.5589
% 1744640703.2707698 robobot/cmd/ti/rc 0.090 -0.074 1744640703.270603
1744640703.270782 120 3.587 -0.527 -1.016 8 0.06 4.023 -1.016 0.7778 1.5578
1744640703.2748969 120 3.587 -0.527 -1.015 8 0.06 4.023 -1.015 0.7778 1.5589
% 1744640703.2806048 robobot/cmd/ti/rc 0.090 -0.096 1744640703.2804291
1744640703.2806149 120 3.587 -0.528 -1.015 8 0.06 4.025 -1.015 0.7792 1.5589
1744640703.286304 120 3.587 -0.528 -1.015 8 0.06 4.025 -1.015 0.7792 1.5589
% 1744640703.290932 robobot/cmd/ti/rc 0.090 -0.057 1744640703.2907698
1744640703.290943 120 3.587 -0.528 -1.015 8 0.06 4.026 -1.015 0.7806 1.5589
% 1744640703.3017468 robobot/cmd/ti/rc 0.090 0.050 1744640703.301565
1744640703.301759 120 3.588 -0.529 -1.016 8 0.06 4.026 -1.016 0.7806 1.5578
1744640703.302573 120 3.588 -0.530 -1.018 8 0.06 4.026 -1.018 0.7806 1.5566
% 1744640703.311316 robobot/cmd/ti/rc 0.090 0.050 1744640703.310975
1744640703.311341 120 3.588 -0.530 -1.018 8 0.05 4.027 -1.018 0.7819 1.5566
1744640703.3226728 120 3.589 -0.531 -1.019 8 0.05 4.027 -1.019 0.7819 1.5555
% 1744640703.323185 robobot/cmd/ti/rc 0.090 0.050 1744640703.322925
1744640703.323206 120 3.589 -0.531 -1.019 8 0.05 4.029 -1.019 0.7832 1.5555
% 1744640703.329925 robobot/cmd/ti/rc 0.090 0.052 1744640703.329708
1744640703.329946 120 3.589 -0.532 -1.019 8 0.05 4.029 -1.019 0.7832 1.5555
1744640703.334344 120 3.589 -0.532 -1.019 8 0.05 4.029 -1.019 0.7832 1.5555
% 1744640703.3400698 robobot/cmd/ti/rc 0.090 0.050 1744640703.339836
1744640703.340091 120 3.590 -0.532 -1.019 8 0.05 4.030 -1.019 0.7845 1.5555
1744640703.34866 120 3.590 -0.533 -1.019 8 0.05 4.030 -1.019 0.7845 1.5555
% 1744640703.349142 robobot/cmd/ti/rc 0.090 0.066 1744640703.3489091
1744640703.349161 120 3.590 -0.533 -1.019 8 0.05 4.031 -1.019 0.7859 1.5555
% 1744640703.358964 robobot/cmd/ti/rc 0.090 0.050 1744640703.358778
1744640703.358984 120 3.591 -0.534 -1.019 8 0.05 4.031 -1.019 0.7859 1.5555
1744640703.371653 120 3.591 -0.534 -1.018 8 0.05 4.031 -1.018 0.7859 1.5566
% 1744640703.379699 robobot/cmd/ti/rc 0.090 0.068 1744640703.3794591
1744640703.3797219 120 3.591 -0.535 -1.018 8 0.04 4.033 -1.018 0.7875 1.5566
1744640703.3801339 120 3.592 -0.536 -1.018 8 0.04 4.033 -1.018 0.7875 1.5566
% 1744640703.387423 robobot/cmd/ti/rc 0.090 0.050 1744640703.386915
1744640703.387445 120 3.592 -0.536 -1.018 8 0.04 4.034 -1.018 0.7888 1.5566
% 1744640703.395115 robobot/cmd/ti/rc 0.090 0.069 1744640703.3948412
1744640703.395138 120 3.592 -0.536 -1.019 8 0.04 4.034 -1.019 0.7888 1.5555
1744640703.395433 120 3.592 -0.537 -1.020 8 0.04 4.034 -1.020 0.7888 1.5543
% 1744640703.402556 robobot/cmd/ti/rc 0.090 0.050 1744640703.402287
1744640703.4025779 120 3.593 -0.537 -1.020 8 0.04 4.036 -1.020 0.7903 1.5543
1744640703.4082298 120 3.593 -0.538 -1.020 8 0.04 4.036 -1.020 0.7903 1.5543
% 1744640703.413345 robobot/cmd/ti/rc 0.090 0.069 1744640703.41311
1744640703.413367 120 3.593 -0.538 -1.020 8 0.03 4.037 -1.020 0.7917 1.5543
% 1744640703.420759 robobot/cmd/ti/rc 0.090 0.050 1744640703.420489
1744640703.4207811 120 3.594 -0.539 -1.020 8 0.03 4.037 -1.020 0.7917 1.5543
1744640703.425972 120 3.594 -0.539 -1.020 8 0.03 4.037 -1.020 0.7917 1.5543
% 1744640703.4318569 robobot/cmd/ti/rc 0.090 0.068 1744640703.4316459
1744640703.4318788 120 3.594 -0.539 -1.019 8 0.03 4.038 -1.019 0.7931 1.5555
1744640703.4411259 120 3.595 -0.540 -1.020 8 0.03 4.038 -1.020 0.7931 1.5543
% 1744640703.4460669 robobot/cmd/ti/rc 0.090 0.050 1744640703.445826
1744640703.446089 120 3.595 -0.540 -1.020 8 0.03 4.040 -1.020 0.7945 1.5543
% 1744640703.452256 robobot/cmd/ti/rc 0.090 0.068 1744640703.451908
1744640703.4523141 120 3.595 -0.541 -1.019 8 0.03 4.040 -1.019 0.7945 1.5555
1744640703.452725 120 3.595 -0.541 -1.020 8 0.03 4.040 -1.020 0.7945 1.5543
% 1744640703.467992 robobot/cmd/ti/rc 0.090 0.050 1744640703.4676979
1744640703.4680011 120 3.596 -0.542 -1.020 8 0.02 4.041 -1.020 0.7959 1.5543
1744640703.4682071 120 3.596 -0.543 -1.021 8 0.02 4.041 -1.021 0.7959 1.5531
% 1744640703.473275 robobot/cmd/ti/rc 0.090 0.067 1744640703.473123
1744640703.4732852 120 3.596 -0.543 -1.021 8 0.02 4.043 -1.021 0.7973 1.5531
% 1744640703.478993 robobot/cmd/ti/rc 0.090 0.050 1744640703.478831
1744640703.47913 120 3.597 -0.544 -1.021 8 0.02 4.043 -1.021 0.7973 1.5531
% 1744640703.479699 robobot/cmd/ti/rc 0.0 0.0
% 1744640703.479796 robobot/cmd/T0/leds 16 0 100 0
% 1744640703.479913 robobot/cmd/ti/rc 0.0 -0.80
1744640703.486163 120 3.597 -0.544 -1.021 8 0.02 4.043 -1.021 0.0000 0.0000
1744640703.4918988 120 3.597 -0.544 -1.021 8 0.02 4.044 -1.021 0.0015 0.0000
1744640703.4965482 120 3.598 -0.545 -1.020 8 0.02 4.044 -1.020 0.0015 0.0012
1744640703.503933 120 3.598 -0.545 -1.020 8 0.02 4.045 -1.020 0.0028 0.0012
1744640703.509013 120 3.598 -0.546 -1.021 8 0.02 4.045 -1.021 0.0028 0.0000
1744640703.515612 120 3.598 -0.546 -1.022 8 0.02 4.045 -1.022 0.0028 -0.0011
1744640703.521206 120 3.598 -0.546 -1.027 8 0.02 4.047 -1.027 0.0041 -0.0057
1744640703.526114 120 3.598 -0.546 -1.032 8 0.02 4.047 -1.032 0.0041 -0.0104
1744640703.531293 120 3.598 -0.546 -1.032 8 0.02 4.047 -1.032 0.0045 -0.0104
1744640703.550974 120 3.599 -0.547 -1.035 8 0.02 4.047 -1.035 0.0045 -0.0138
1744640703.551135 120 3.599 -0.547 -1.036 8 0.02 4.047 -1.036 0.0045 -0.0150
1744640703.551336 120 3.599 -0.547 -1.038 8 0.02 4.048 -1.038 0.0052 -0.0173
1744640703.558423 120 3.599 -0.548 -1.043 8 0.02 4.048 -1.043 0.0052 -0.0219
1744640703.5625951 120 3.599 -0.548 -1.043 8 0.02 4.049 -1.043 0.0061 -0.0219
1744640703.5683808 120 3.599 -0.548 -1.047 8 0.02 4.049 -1.047 0.0061 -0.0254
1744640703.573457 120 3.599 -0.548 -1.049 8 0.02 4.049 -1.049 0.0061 -0.0277
1744640703.58164 120 3.600 -0.548 -1.052 8 0.02 4.050 -1.052 0.0069 -0.0312
1744640703.586315 120 3.600 -0.548 -1.056 8 0.02 4.050 -1.056 0.0069 -0.0347
1744640703.5906339 120 3.600 -0.548 -1.056 8 0.02 4.050 -1.056 0.0075 -0.0347
1744640703.60252 120 3.600 -0.549 -1.060 8 0.02 4.050 -1.060 0.0075 -0.0393
1744640703.607627 120 3.600 -0.549 -1.064 8 0.02 4.051 -1.064 0.0081 -0.0427
1744640703.612447 120 3.600 -0.549 -1.065 8 0.02 4.051 -1.065 0.0081 -0.0439
1744640703.620621 120 3.600 -0.548 -1.071 8 0.02 4.051 -1.071 0.0082 -0.0497
1744640703.620733 120 3.600 -0.548 -1.071 8 0.02 4.051 -1.071 0.0082 -0.0497
1744640703.630678 120 3.600 -0.549 -1.077 8 0.02 4.051 -1.077 0.0082 -0.0555
1744640703.635405 120 3.600 -0.549 -1.081 8 0.02 4.051 -1.081 0.0082 -0.0601
1744640703.6408472 120 3.600 -0.549 -1.084 8 0.02 4.051 -1.084 0.0082 -0.0624
1744640703.6484532 120 3.600 -0.548 -1.091 8 0.02 4.051 -1.091 0.0081 -0.0693
1744640703.658611 120 3.600 -0.548 -1.091 8 0.02 4.051 -1.091 0.0081 -0.0693
1744640703.6675231 120 3.600 -0.548 -1.096 8 0.02 4.051 -1.096 0.0081 -0.0751
1744640703.668054 120 3.600 -0.548 -1.101 8 0.02 4.051 -1.101 0.0080 -0.0798
1744640703.673583 120 3.600 -0.548 -1.103 8 0.02 4.051 -1.103 0.0080 -0.0821
1744640703.681324 120 3.600 -0.548 -1.110 8 0.02 4.050 -1.110 0.0078 -0.0890
1744640703.681451 120 3.600 -0.548 -1.110 8 0.02 4.050 -1.110 0.0078 -0.0890
1744640703.6957152 120 3.599 -0.548 -1.118 8 0.02 4.050 -1.118 0.0078 -0.0971
1744640703.70062 120 3.599 -0.548 -1.122 8 0.02 4.050 -1.122 0.0077 -0.1006
1744640703.70089 120 3.599 -0.548 -1.125 8 0.02 4.050 -1.125 0.0077 -0.1040
1744640703.7110999 120 3.599 -0.548 -1.132 8 0.02 4.050 -1.132 0.0076 -0.1110
1744640703.71544 120 3.599 -0.548 -1.132 8 0.02 4.050 -1.132 0.0076 -0.1110
1744640703.722135 120 3.599 -0.548 -1.139 8 0.02 4.050 -1.139 0.0076 -0.1179
1744640703.7278879 120 3.599 -0.548 -1.146 8 0.02 4.050 -1.146 0.0074 -0.1249
1744640703.732998 120 3.599 -0.548 -1.148 8 0.02 4.050 -1.148 0.0074 -0.1272
1744640703.737761 120 3.599 -0.548 -1.157 8 0.02 4.050 -1.157 0.0074 -0.1353
1744640703.7438211 120 3.599 -0.548 -1.157 8 0.02 4.050 -1.157 0.0074 -0.1353
1744640703.749207 120 3.599 -0.548 -1.166 8 0.02 4.050 -1.166 0.0074 -0.1445
1744640703.7542331 120 3.599 -0.548 -1.170 8 0.02 4.050 -1.170 0.0073 -0.1491
1744640703.7586088 120 3.599 -0.548 -1.174 8 0.02 4.050 -1.174 0.0073 -0.1526
1744640703.7679 120 3.599 -0.548 -1.184 8 0.02 4.050 -1.184 0.0072 -0.1630
1744640703.773321 120 3.599 -0.548 -1.184 8 0.02 4.050 -1.184 0.0072 -0.1630
1744640703.777888 120 3.599 -0.548 -1.194 8 0.02 4.050 -1.194 0.0072 -0.1723
1744640703.782539 120 3.599 -0.548 -1.198 8 0.02 4.050 -1.198 0.0072 -0.1769
1744640703.793213 120 3.599 -0.548 -1.202 8 0.02 4.050 -1.202 0.0072 -0.1804
1744640703.798125 120 3.599 -0.548 -1.211 8 0.02 4.050 -1.211 0.0072 -0.1896
1744640703.803079 120 3.599 -0.548 -1.211 8 0.02 4.050 -1.211 0.0072 -0.1896
1744640703.8094652 120 3.599 -0.548 -1.220 8 0.02 4.050 -1.220 0.0072 -0.1989
1744640703.814454 120 3.599 -0.548 -1.225 8 0.02 4.050 -1.225 0.0072 -0.2035
1744640703.822963 120 3.599 -0.548 -1.228 8 0.02 4.050 -1.228 0.0072 -0.2070
1744640703.8308952 120 3.599 -0.548 -1.237 8 0.02 4.050 -1.237 0.0073 -0.2162
1744640703.8309991 120 3.599 -0.548 -1.237 8 0.02 4.050 -1.237 0.0073 -0.2162
1744640703.839799 120 3.599 -0.548 -1.247 8 0.02 4.050 -1.247 0.0073 -0.2255
1744640703.846084 120 3.599 -0.548 -1.252 8 0.02 4.050 -1.252 0.0073 -0.2313
1744640703.855434 120 3.599 -0.548 -1.256 8 0.02 4.050 -1.256 0.0073 -0.2347
1744640703.861156 120 3.599 -0.548 -1.264 8 0.02 4.050 -1.264 0.0074 -0.2428
1744640703.861325 120 3.599 -0.548 -1.264 8 0.02 4.050 -1.264 0.0074 -0.2428
1744640703.8703601 120 3.599 -0.548 -1.273 8 0.02 4.050 -1.273 0.0074 -0.2521
1744640703.87482 120 3.599 -0.548 -1.279 8 0.02 4.050 -1.279 0.0075 -0.2579
1744640703.8818681 120 3.599 -0.548 -1.284 8 0.02 4.050 -1.284 0.0075 -0.2625
1744640703.895231 120 3.599 -0.548 -1.291 8 0.02 4.050 -1.291 0.0076 -0.2694
1744640703.895424 120 3.599 -0.548 -1.291 8 0.02 4.050 -1.291 0.0076 -0.2694
1744640703.900152 120 3.599 -0.548 -1.298 8 0.02 4.050 -1.298 0.0076 -0.2764
1744640703.905737 120 3.599 -0.548 -1.304 8 0.02 4.050 -1.304 0.0076 -0.2833
1744640703.9113228 120 3.599 -0.548 -1.307 8 0.02 4.050 -1.307 0.0076 -0.2856
1744640703.9233139 120 3.599 -0.548 -1.316 8 0.02 4.050 -1.316 0.0076 -0.2949
1744640703.9235258 120 3.599 -0.548 -1.316 8 0.02 4.050 -1.316 0.0076 -0.2949
1744640703.930424 120 3.599 -0.548 -1.323 8 0.02 4.050 -1.323 0.0076 -0.3018
1744640703.9359622 120 3.599 -0.548 -1.328 8 0.02 4.050 -1.328 0.0076 -0.3064
1744640703.940516 120 3.599 -0.548 -1.331 8 0.02 4.050 -1.331 0.0076 -0.3099
1744640703.9512792 120 3.599 -0.548 -1.340 8 0.02 4.050 -1.340 0.0076 -0.3191
1744640703.951443 120 3.599 -0.548 -1.340 8 0.02 4.050 -1.340 0.0076 -0.3191
1744640703.960403 120 3.599 -0.548 -1.348 8 0.02 4.050 -1.348 0.0076 -0.3272
1744640703.9651031 120 3.599 -0.548 -1.353 8 0.02 4.050 -1.353 0.0077 -0.3319
1744640703.97074 120 3.599 -0.548 -1.355 8 0.02 4.050 -1.355 0.0077 -0.3342
1744640703.979727 120 3.599 -0.548 -1.363 8 0.02 4.050 -1.363 0.0078 -0.3423
1744640703.9799109 120 3.599 -0.548 -1.363 8 0.02 4.050 -1.363 0.0078 -0.3423
1744640703.990273 120 3.599 -0.548 -1.372 8 0.02 4.050 -1.372 0.0078 -0.3504
1744640703.9947221 120 3.599 -0.548 -1.376 8 0.02 4.050 -1.376 0.0078 -0.3550
1744640703.999116 120 3.599 -0.548 -1.380 8 0.02 4.050 -1.380 0.0078 -0.3585
1744640704.00778 120 3.599 -0.548 -1.388 8 0.02 4.050 -1.388 0.0078 -0.3666
1744640704.013314 120 3.599 -0.548 -1.388 8 0.02 4.050 -1.388 0.0078 -0.3666
1744640704.024296 120 3.599 -0.548 -1.395 8 0.02 4.050 -1.395 0.0078 -0.3735
1744640704.024666 120 3.599 -0.548 -1.399 8 0.02 4.050 -1.399 0.0078 -0.3781
1744640704.030507 120 3.599 -0.548 -1.404 8 0.02 4.050 -1.404 0.0078 -0.3828
1744640704.04117 120 3.599 -0.548 -1.411 8 0.02 4.050 -1.411 0.0078 -0.3897
1744640704.041263 120 3.599 -0.548 -1.411 8 0.02 4.050 -1.411 0.0078 -0.3897
1744640704.06587 120 3.599 -0.548 -1.419 8 0.02 4.050 -1.419 0.0078 -0.3978
1744640704.066205 120 3.599 -0.548 -1.424 8 0.02 4.050 -1.424 0.0078 -0.4024
1744640704.071875 120 3.599 -0.548 -1.428 8 0.02 4.050 -1.428 0.0078 -0.4070
1744640704.072077 120 3.599 -0.548 -1.438 8 0.02 4.051 -1.438 0.0079 -0.4163
1744640704.072122 120 3.599 -0.548 -1.438 8 0.02 4.051 -1.438 0.0079 -0.4163
1744640704.0805671 120 3.599 -0.548 -1.444 8 0.02 4.051 -1.444 0.0079 -0.4232
1744640704.086881 120 3.599 -0.548 -1.449 8 0.02 4.051 -1.449 0.0079 -0.4279
1744640704.092032 120 3.599 -0.548 -1.451 8 0.02 4.051 -1.451 0.0079 -0.4302
1744640704.1033118 120 3.599 -0.548 -1.460 8 0.02 4.051 -1.460 0.0079 -0.4383
1744640704.1034229 120 3.599 -0.548 -1.460 8 0.02 4.051 -1.460 0.0079 -0.4383
1744640704.116008 120 3.599 -0.548 -1.466 8 0.02 4.051 -1.466 0.0079 -0.4452
1744640704.116271 120 3.599 -0.548 -1.471 8 0.02 4.050 -1.471 0.0078 -0.4498
1744640704.12109 120 3.599 -0.548 -1.476 8 0.02 4.050 -1.476 0.0078 -0.4545
1744640704.133003 120 3.599 -0.548 -1.483 8 0.02 4.050 -1.483 0.0078 -0.4614
1744640704.1331232 120 3.599 -0.548 -1.483 8 0.02 4.050 -1.483 0.0078 -0.4614
1744640704.143488 120 3.599 -0.548 -1.492 8 0.02 4.050 -1.492 0.0078 -0.4706
1744640704.143861 120 3.599 -0.548 -1.496 8 0.02 4.050 -1.496 0.0078 -0.4753
1744640704.148767 120 3.599 -0.548 -1.499 8 0.02 4.050 -1.499 0.0078 -0.4776
1744640704.15828 120 3.599 -0.548 -1.507 8 0.02 4.051 -1.507 0.0079 -0.4857
1744640704.1585221 120 3.599 -0.548 -1.507 8 0.02 4.051 -1.507 0.0079 -0.4857
1744640704.172436 120 3.599 -0.548 -1.516 8 0.02 4.051 -1.516 0.0079 -0.4949
1744640704.172939 120 3.599 -0.548 -1.521 8 0.02 4.051 -1.521 0.0079 -0.4996
1744640704.182744 120 3.599 -0.548 -1.523 8 0.02 4.051 -1.523 0.0079 -0.5019
1744640704.1922162 120 3.599 -0.548 -1.531 8 0.02 4.050 -1.531 0.0079 -0.5100
1744640704.1923149 120 3.599 -0.548 -1.531 8 0.02 4.050 -1.531 0.0079 -0.5100
1744640704.201637 120 3.599 -0.548 -1.538 8 0.02 4.050 -1.538 0.0079 -0.5169
1744640704.2072089 120 3.599 -0.548 -1.543 8 0.02 4.050 -1.543 0.0078 -0.5215
1744640704.211732 120 3.599 -0.548 -1.546 8 0.02 4.050 -1.546 0.0078 -0.5250
1744640704.2249532 120 3.599 -0.548 -1.556 8 0.02 4.050 -1.556 0.0077 -0.5343
1744640704.225323 120 3.599 -0.548 -1.556 8 0.02 4.050 -1.556 0.0077 -0.5343
1744640704.232678 120 3.599 -0.548 -1.563 8 0.02 4.050 -1.563 0.0077 -0.5423
1744640704.23317 120 3.599 -0.548 -1.567 8 0.02 4.050 -1.567 0.0077 -0.5458
1744640704.241049 120 3.599 -0.548 -1.572 8 0.02 4.050 -1.572 0.0077 -0.5504
1744640704.251478 120 3.599 -0.548 -1.579 8 0.02 4.050 -1.579 0.0076 -0.5574
1744640704.2516558 120 3.599 -0.548 -1.579 8 0.02 4.050 -1.579 0.0076 -0.5574
1744640704.273185 120 3.599 -0.548 -1.588 8 0.02 4.050 -1.588 0.0076 -0.5666
1744640704.273293 120 3.599 -0.548 -1.590 8 0.02 4.050 -1.590 0.0077 -0.5689
1744640704.2733572 120 3.599 -0.548 -1.596 8 0.02 4.050 -1.596 0.0077 -0.5747
1744640704.28321 120 3.599 -0.548 -1.603 8 0.02 4.050 -1.603 0.0076 -0.5817
1744640704.2832441 120 3.599 -0.548 -1.603 8 0.02 4.050 -1.603 0.0076 -0.5817
1744640704.296336 120 3.599 -0.548 -1.610 8 0.02 4.050 -1.610 0.0076 -0.5886
1744640704.2964559 120 3.599 -0.548 -1.613 8 0.02 4.050 -1.613 0.0075 -0.5921
1744640704.30078 120 3.599 -0.548 -1.619 8 0.02 4.050 -1.619 0.0075 -0.5979
1744640704.309986 120 3.599 -0.548 -1.627 8 0.02 4.050 -1.627 0.0075 -0.6060
1744640704.3100889 120 3.599 -0.548 -1.627 8 0.02 4.050 -1.627 0.0075 -0.6060
1744640704.321735 120 3.599 -0.548 -1.635 8 0.02 4.050 -1.635 0.0075 -0.6141
1744640704.326453 120 3.599 -0.548 -1.640 8 0.02 4.050 -1.640 0.0075 -0.6187
1744640704.3309739 120 3.599 -0.548 -1.645 8 0.02 4.050 -1.645 0.0075 -0.6233
1744640704.34045 120 3.599 -0.548 -1.651 8 0.02 4.050 -1.651 0.0075 -0.6302
1744640704.340508 120 3.599 -0.548 -1.651 8 0.02 4.050 -1.651 0.0075 -0.6302
1744640704.350504 120 3.599 -0.548 -1.661 8 0.02 4.050 -1.661 0.0075 -0.6395
1744640704.355176 120 3.599 -0.548 -1.663 8 0.02 4.050 -1.663 0.0075 -0.6418
1744640704.362783 120 3.599 -0.548 -1.668 8 0.02 4.050 -1.668 0.0075 -0.6464
1744640704.372087 120 3.599 -0.548 -1.675 8 0.02 4.050 -1.675 0.0075 -0.6534
1744640704.372187 120 3.599 -0.548 -1.675 8 0.02 4.050 -1.675 0.0075 -0.6534
1744640704.3800662 120 3.599 -0.548 -1.683 8 0.02 4.050 -1.683 0.0075 -0.6615
1744640704.386059 120 3.599 -0.548 -1.686 8 0.02 4.050 -1.686 0.0074 -0.6649
1744640704.392658 120 3.599 -0.548 -1.691 8 0.02 4.050 -1.691 0.0074 -0.6696
1744640704.402569 120 3.599 -0.548 -1.700 8 0.02 4.050 -1.700 0.0075 -0.6788
1744640704.4026701 120 3.599 -0.548 -1.700 8 0.02 4.050 -1.700 0.0075 -0.6788
1744640704.409695 120 3.599 -0.548 -1.707 8 0.02 4.050 -1.707 0.0075 -0.6858
1744640704.415852 120 3.599 -0.548 -1.709 8 0.02 4.050 -1.709 0.0075 -0.6881
1744640704.422131 120 3.599 -0.548 -1.715 8 0.02 4.050 -1.715 0.0075 -0.6938
1744640704.434861 120 3.599 -0.548 -1.722 8 0.02 4.050 -1.722 0.0075 -0.7008
1744640704.43502 120 3.599 -0.548 -1.722 8 0.02 4.050 -1.722 0.0075 -0.7008
1744640704.4396522 120 3.599 -0.548 -1.730 8 0.02 4.050 -1.730 0.0075 -0.7089
1744640704.450152 120 3.599 -0.548 -1.732 8 0.02 4.050 -1.732 0.0075 -0.7112
1744640704.459397 120 3.599 -0.548 -1.737 8 0.02 4.050 -1.737 0.0075 -0.7158
1744640704.469768 120 3.599 -0.548 -1.745 8 0.02 4.050 -1.745 0.0075 -0.7239
1744640704.469825 120 3.599 -0.548 -1.745 8 0.02 4.050 -1.745 0.0075 -0.7239
1744640704.4774232 120 3.599 -0.548 -1.753 8 0.02 4.050 -1.753 0.0075 -0.7320
1744640704.477876 120 3.599 -0.548 -1.757 8 0.02 4.050 -1.757 0.0075 -0.7355
1744640704.482868 120 3.599 -0.548 -1.760 8 0.02 4.050 -1.760 0.0075 -0.7390
1744640704.494208 120 3.599 -0.548 -1.767 8 0.02 4.050 -1.767 0.0075 -0.7459
1744640704.494316 120 3.599 -0.548 -1.767 8 0.02 4.050 -1.767 0.0075 -0.7459
1744640704.499252 120 3.599 -0.548 -1.775 8 0.02 4.050 -1.775 0.0075 -0.7540
1744640704.509291 120 3.599 -0.548 -1.779 8 0.02 4.050 -1.779 0.0076 -0.7575
1744640704.5148768 120 3.599 -0.548 -1.783 8 0.02 4.050 -1.783 0.0076 -0.7621
1744640704.520072 120 3.599 -0.548 -1.791 8 0.02 4.050 -1.791 0.0076 -0.7702
1744640704.520173 120 3.599 -0.548 -1.791 8 0.02 4.050 -1.791 0.0076 -0.7702
1744640704.5316522 120 3.599 -0.548 -1.798 8 0.02 4.050 -1.798 0.0076 -0.7771
1744640704.540962 120 3.599 -0.548 -1.802 8 0.02 4.050 -1.802 0.0076 -0.7806
1744640704.547839 120 3.599 -0.548 -1.808 8 0.02 4.050 -1.808 0.0076 -0.7864
1744640704.5567958 120 3.599 -0.548 -1.815 8 0.02 4.050 -1.815 0.0076 -0.7933
1744640704.556898 120 3.599 -0.548 -1.815 8 0.02 4.050 -1.815 0.0076 -0.7933
1744640704.562328 120 3.599 -0.548 -1.824 8 0.02 4.050 -1.824 0.0076 -0.8026
1744640704.569676 120 3.599 -0.548 -1.826 8 0.02 4.050 -1.826 0.0076 -0.8049
1744640704.5747468 120 3.599 -0.548 -1.829 8 0.02 4.050 -1.829 0.0076 -0.8083
1744640704.579964 120 3.599 -0.548 -1.839 8 0.02 4.050 -1.839 0.0075 -0.8176
1744640704.58006 120 3.599 -0.548 -1.839 8 0.02 4.050 -1.839 0.0075 -0.8176
1744640704.590854 120 3.599 -0.548 -1.846 8 0.02 4.050 -1.846 0.0075 -0.8245
1744640704.5991879 120 3.599 -0.548 -1.850 8 0.02 4.050 -1.850 0.0075 -0.8292
1744640704.605986 120 3.599 -0.548 -1.855 8 0.02 4.050 -1.855 0.0075 -0.8338
1744640704.614961 120 3.599 -0.548 -1.862 8 0.02 4.050 -1.862 0.0075 -0.8407
1744640704.61512 120 3.599 -0.548 -1.862 8 0.02 4.050 -1.862 0.0075 -0.8407
1744640704.621026 120 3.600 -0.548 -1.870 8 0.02 4.050 -1.870 0.0075 -0.8488
1744640704.626632 120 3.600 -0.548 -1.875 8 0.02 4.050 -1.875 0.0074 -0.8534
1744640704.6310341 120 3.600 -0.548 -1.878 8 0.02 4.050 -1.878 0.0074 -0.8569
1744640704.6428192 120 3.600 -0.548 -1.886 8 0.02 4.050 -1.886 0.0073 -0.8650
1744640704.64293 120 3.600 -0.548 -1.886 8 0.02 4.050 -1.886 0.0073 -0.8650
1744640704.6566432 120 3.600 -0.548 -1.893 8 0.02 4.050 -1.893 0.0073 -0.8719
1744640704.673961 120 3.599 -0.548 -1.897 8 0.02 4.050 -1.897 0.0074 -0.8754
1744640704.6740968 120 3.600 -0.548 -1.902 8 0.02 4.050 -1.902 0.0074 -0.8812
1744640704.674347 120 3.600 -0.548 -1.909 8 0.02 4.050 -1.909 0.0074 -0.8881
1744640704.6743958 120 3.600 -0.548 -1.909 8 0.02 4.050 -1.909 0.0074 -0.8881
1744640704.6812491 120 3.600 -0.548 -1.917 8 0.02 4.050 -1.917 0.0074 -0.8962
1744640704.686778 120 3.600 -0.548 -1.920 8 0.02 4.050 -1.920 0.0073 -0.8985
1744640704.692001 120 3.600 -0.548 -1.923 8 0.02 4.050 -1.923 0.0073 -0.9020
1744640704.702821 120 3.600 -0.548 -1.933 8 0.02 4.050 -1.933 0.0073 -0.9113
1744640704.702934 120 3.600 -0.548 -1.933 8 0.02 4.050 -1.933 0.0073 -0.9113
1744640704.707963 120 3.600 -0.548 -1.942 8 0.02 4.050 -1.942 0.0073 -0.9205
1744640704.722236 120 3.600 -0.548 -1.944 8 0.02 4.050 -1.944 0.0073 -0.9228
1744640704.7290199 120 3.600 -0.548 -1.949 8 0.02 4.050 -1.949 0.0073 -0.9275
1744640704.729501 120 3.600 -0.548 -1.956 8 0.02 4.050 -1.956 0.0073 -0.9344
1744640704.7295911 120 3.600 -0.548 -1.956 8 0.02 4.050 -1.956 0.0073 -0.9344
1744640704.741934 120 3.600 -0.548 -1.964 8 0.02 4.050 -1.964 0.0073 -0.9425
1744640704.7477388 120 3.600 -0.548 -1.966 8 0.02 4.050 -1.966 0.0073 -0.9448
1744640704.752764 120 3.600 -0.548 -1.972 8 0.02 4.050 -1.972 0.0073 -0.9506
1744640704.768466 120 3.600 -0.548 -1.981 8 0.02 4.050 -1.981 0.0073 -0.9598
1744640704.7685492 120 3.600 -0.548 -1.981 8 0.02 4.050 -1.981 0.0073 -0.9598
1744640704.768969 120 3.600 -0.548 -1.988 8 0.02 4.050 -1.988 0.0073 -0.9668
1744640704.779208 120 3.600 -0.548 -1.990 8 0.02 4.050 -1.990 0.0074 -0.9691
1744640704.7793841 120 3.600 -0.548 -1.995 8 0.02 4.050 -1.995 0.0074 -0.9737
1744640704.788939 120 3.600 -0.548 -2.003 8 0.02 4.050 -2.003 0.0073 -0.9818
1744640704.7890391 120 3.600 -0.548 -2.003 8 0.02 4.050 -2.003 0.0073 -0.9818
1744640704.802659 120 3.600 -0.548 -2.011 8 0.02 4.050 -2.011 0.0073 -0.9899
1744640704.807543 120 3.600 -0.548 -2.016 8 0.02 4.050 -2.016 0.0073 -0.9945
1744640704.814108 120 3.600 -0.548 -2.018 8 0.02 4.050 -2.018 0.0073 -0.9968
1744640704.8198578 120 3.600 -0.548 -2.027 8 0.02 4.050 -2.027 0.0074 -1.0061
1744640704.819961 120 3.600 -0.548 -2.027 8 0.02 4.050 -2.027 0.0074 -1.0061
1744640704.8313322 120 3.600 -0.548 -2.034 8 0.02 4.050 -2.034 0.0074 -1.0130
1744640704.837038 120 3.600 -0.548 -2.039 8 0.02 4.050 -2.039 0.0073 -1.0177
1744640704.842506 120 3.600 -0.548 -2.043 8 0.02 4.050 -2.043 0.0073 -1.0223
1744640704.8534012 120 3.599 -0.548 -2.049 8 0.02 4.050 -2.049 0.0074 -1.0281
1744640704.853504 120 3.599 -0.548 -2.049 8 0.02 4.050 -2.049 0.0074 -1.0281
1744640704.8621771 120 3.599 -0.548 -2.054 8 0.02 4.050 -2.054 0.0074 -1.0327
1744640704.870462 120 3.599 -0.548 -2.063 8 0.02 4.050 -2.063 0.0075 -1.0420
1744640704.880058 120 3.599 -0.548 -2.063 8 0.02 4.050 -2.063 0.0075 -1.0420
1744640704.8862631 120 3.599 -0.548 -2.070 8 0.02 4.050 -2.070 0.0075 -1.0489
1744640704.886354 120 3.599 -0.548 -2.072 8 0.02 4.050 -2.072 0.0075 -1.0512
1744640704.8921301 120 3.599 -0.548 -2.077 8 0.02 4.050 -2.077 0.0075 -1.0558
1744640704.900369 120 3.599 -0.548 -2.083 8 0.02 4.050 -2.083 0.0075 -1.0616
1744640704.900596 120 3.599 -0.548 -2.083 8 0.02 4.050 -2.083 0.0075 -1.0616
% 1744640704.907261 robobot/cmd/ti/rc 0.0 0.0
1744640704.913868 120 3.599 -0.548 -2.092 8 0.02 4.050 -2.092 0.0076 -1.0709
1744640704.913968 120 3.599 -0.548 -2.095 8 0.02 4.050 -2.095 0.0076 -1.0743
1744640704.924672 120 3.599 -0.548 -2.098 8 0.02 4.050 -2.098 0.0076 -1.0766
1744640704.929418 120 3.599 -0.548 -2.106 8 0.02 4.050 -2.106 0.0077 -1.0847
1744640704.929585 120 3.599 -0.548 -2.106 8 0.02 4.050 -2.106 0.0077 -1.0847
1744640704.941183 120 3.599 -0.548 -2.112 8 0.02 4.050 -2.112 0.0077 -1.0905
1744640704.941273 120 3.599 -0.548 -2.112 8 0.02 4.050 -2.112 0.0077 -1.0905
1744640704.9526882 120 3.599 -0.548 -2.114 8 0.02 4.050 -2.114 0.0077 -1.0928
1744640704.957856 120 3.599 -0.549 -2.114 8 0.02 4.051 -2.114 0.0080 -1.0928
1744640704.962132 120 3.599 -0.549 -2.114 8 0.02 4.051 -2.114 0.0080 -1.0928
1744640704.9737868 120 3.599 -0.549 -2.114 8 0.02 4.051 -2.114 0.0083 -1.0928
1744640704.97407 120 3.599 -0.549 -2.114 8 0.02 4.051 -2.114 0.0083 -1.0928
1744640704.982841 120 3.599 -0.549 -2.114 8 0.02 4.051 -2.114 0.0083 -1.0928
1744640704.987526 120 3.599 -0.549 -2.116 8 0.02 4.051 -2.116 0.0084 -1.0952
1744640704.992337 120 3.599 -0.549 -2.116 8 0.02 4.051 -2.116 0.0084 -1.0952
1744640705.00192 120 3.599 -0.549 -2.119 8 0.02 4.051 -2.119 0.0084 -1.0975
1744640705.0022762 120 3.599 -0.549 -2.120 8 0.02 4.051 -2.120 0.0084 -1.0986
1744640705.025383 120 3.599 -0.549 -2.122 8 0.02 4.051 -2.122 0.0084 -1.1009
1744640705.025829 120 3.599 -0.549 -2.124 8 0.02 4.051 -2.124 0.0087 -1.1032
1744640705.025996 120 3.599 -0.549 -2.124 8 0.02 4.051 -2.124 0.0087 -1.1032
1744640705.03121 120 3.599 -0.549 -2.124 8 0.02 4.052 -2.124 0.0090 -1.1032
1744640705.031682 120 3.599 -0.549 -2.124 8 0.02 4.052 -2.124 0.0090 -1.1032
1744640705.042148 120 3.599 -0.549 -2.123 8 0.02 4.052 -2.123 0.0090 -1.1021
1744640705.049908 120 3.599 -0.549 -2.123 8 0.02 4.052 -2.123 0.0090 -1.1021
1744640705.063937 120 3.599 -0.549 -2.123 8 0.02 4.052 -2.123 0.0090 -1.1021
1744640705.069483 120 3.599 -0.549 -2.123 8 0.02 4.052 -2.123 0.0090 -1.1021
1744640705.0696142 120 3.599 -0.549 -2.123 8 0.02 4.052 -2.123 0.0090 -1.1021
1744640705.069691 120 3.599 -0.549 -2.123 8 0.02 4.052 -2.123 0.0090 -1.1021
1744640705.0755808 120 3.599 -0.549 -2.123 8 0.02 4.052 -2.123 0.0091 -1.1021
1744640705.081113 120 3.599 -0.549 -2.123 8 0.02 4.052 -2.123 0.0091 -1.1021
1744640705.092041 120 3.599 -0.549 -2.123 8 0.02 4.052 -2.123 0.0091 -1.1021
1744640705.092436 120 3.599 -0.549 -2.122 8 0.02 4.052 -2.122 0.0091 -1.1009
1744640705.101578 120 3.599 -0.549 -2.122 8 0.02 4.052 -2.122 0.0091 -1.1009
1744640705.11004 120 3.599 -0.549 -2.122 8 0.02 4.052 -2.122 0.0090 -1.1009
1744640705.115222 120 3.599 -0.549 -2.122 8 0.02 4.052 -2.122 0.0090 -1.1009
1744640705.121345 120 3.599 -0.549 -2.122 8 0.02 4.052 -2.122 0.0089 -1.1009
1744640705.1216 120 3.599 -0.549 -2.122 8 0.02 4.052 -2.122 0.0089 -1.1009
1744640705.135496 120 3.599 -0.549 -2.122 8 0.02 4.052 -2.122 0.0089 -1.1009
1744640705.135982 120 3.599 -0.549 -2.122 8 0.02 4.051 -2.122 0.0088 -1.1009
1744640705.141897 120 3.599 -0.549 -2.122 8 0.02 4.051 -2.122 0.0088 -1.1009
1744640705.155662 120 3.599 -0.549 -2.122 8 0.02 4.051 -2.122 0.0088 -1.1009
1744640705.155891 120 3.599 -0.549 -2.122 8 0.02 4.051 -2.122 0.0088 -1.1009
1744640705.162484 120 3.599 -0.549 -2.122 8 0.02 4.051 -2.122 0.0088 -1.1009
1744640705.1693199 120 3.599 -0.549 -2.122 8 0.02 4.051 -2.122 0.0087 -1.1009
1744640705.169504 120 3.599 -0.549 -2.122 8 0.02 4.051 -2.122 0.0087 -1.1009
1744640705.182512 120 3.599 -0.549 -2.122 8 0.02 4.051 -2.122 0.0086 -1.1009
1744640705.1829 120 3.599 -0.549 -2.122 8 0.02 4.051 -2.122 0.0086 -1.1009
1744640705.192978 120 3.599 -0.549 -2.122 8 0.02 4.051 -2.122 0.0086 -1.1009
1744640705.198515 120 3.599 -0.549 -2.122 8 0.02 4.051 -2.122 0.0086 -1.1009
1744640705.198745 120 3.599 -0.549 -2.122 8 0.02 4.051 -2.122 0.0086 -1.1009
1744640705.214283 120 3.599 -0.549 -2.122 8 0.02 4.051 -2.122 0.0085 -1.1009
1744640705.214558 120 3.599 -0.549 -2.122 8 0.02 4.051 -2.122 0.0085 -1.1009
1744640705.2196631 120 3.599 -0.549 -2.122 8 0.02 4.051 -2.122 0.0085 -1.1009
1744640705.245444 120 3.599 -0.549 -2.122 8 0.02 4.051 -2.122 0.0085 -1.1009
1744640705.2456052 120 3.599 -0.549 -2.122 8 0.02 4.051 -2.122 0.0085 -1.1009
1744640705.280159 120 3.599 -0.549 -2.122 8 0.02 4.051 -2.122 0.0084 -1.1009
1744640705.280427 120 3.599 -0.549 -2.122 8 0.02 4.051 -2.122 0.0084 -1.1009
1744640705.280638 120 3.599 -0.549 -2.122 8 0.02 4.051 -2.122 0.0084 -1.1009
1744640705.2810729 120 3.599 -0.549 -2.122 8 0.02 4.051 -2.122 0.0084 -1.1009
1744640705.281224 120 3.599 -0.549 -2.122 8 0.02 4.051 -2.122 0.0084 -1.1009
1744640705.281721 120 3.599 -0.549 -2.122 8 0.02 4.051 -2.122 0.0083 -1.1009
1744640705.282279 120 3.599 -0.549 -2.122 8 0.02 4.051 -2.122 0.0083 -1.1009
1744640705.300742 120 3.599 -0.549 -2.122 8 0.02 4.051 -2.122 0.0083 -1.1009
1744640705.3012202 120 3.599 -0.549 -2.122 8 0.02 4.051 -2.122 0.0083 -1.1009
1744640705.344859 120 3.599 -0.549 -2.122 8 0.02 4.051 -2.122 0.0083 -1.1009
1744640705.345454 120 3.599 -0.549 -2.122 8 0.02 4.051 -2.122 0.0082 -1.1009
1744640705.34571 120 3.599 -0.549 -2.122 8 0.02 4.051 -2.122 0.0082 -1.1009
1744640705.345866 120 3.599 -0.549 -2.122 8 0.02 4.051 -2.122 0.0082 -1.1009
1744640705.346303 120 3.599 -0.549 -2.122 8 0.02 4.051 -2.122 0.0082 -1.1009
1744640705.3464499 120 3.599 -0.549 -2.122 8 0.02 4.051 -2.122 0.0082 -1.1009
1744640705.347011 120 3.599 -0.549 -2.122 8 0.02 4.051 -2.122 0.0081 -1.1009
1744640705.357121 120 3.599 -0.549 -2.122 8 0.02 4.051 -2.122 0.0081 -1.1009
1744640705.357288 120 3.599 -0.549 -2.122 8 0.02 4.051 -2.122 0.0081 -1.1009
1744640705.3577359 120 3.599 -0.549 -2.122 8 0.02 4.051 -2.122 0.0081 -1.1009
1744640705.357939 120 3.599 -0.549 -2.122 8 0.02 4.051 -2.122 0.0081 -1.1009
1744640705.3691819 120 3.599 -0.549 -2.122 8 0.02 4.051 -2.122 0.0080 -1.1009
1744640705.369476 120 3.599 -0.549 -2.122 8 0.02 4.051 -2.122 0.0080 -1.1009
1744640705.376479 120 3.599 -0.549 -2.122 8 0.02 4.051 -2.122 0.0080 -1.1009
1744640705.3770182 120 3.599 -0.549 -2.122 8 0.02 4.051 -2.122 0.0080 -1.1009
1744640705.382006 120 3.599 -0.549 -2.122 8 0.02 4.051 -2.122 0.0080 -1.1009
1744640705.3986208 120 3.599 -0.549 -2.122 8 0.02 4.051 -2.122 0.0080 -1.1009
1744640705.398925 120 3.599 -0.549 -2.122 8 0.02 4.051 -2.122 0.0080 -1.1009
1744640705.410675 120 3.599 -0.549 -2.122 8 0.02 4.051 -2.122 0.0080 -1.1009
1744640705.420793 120 3.599 -0.549 -2.122 8 0.02 4.051 -2.122 0.0079 -1.1009
1744640705.421029 120 3.599 -0.549 -2.122 8 0.02 4.051 -2.122 0.0079 -1.1009
1744640705.421785 120 3.599 -0.549 -2.122 8 0.02 4.051 -2.122 0.0079 -1.1009
1744640705.422007 120 3.599 -0.549 -2.122 8 0.02 4.051 -2.122 0.0079 -1.1009
1744640705.435113 120 3.599 -0.549 -2.122 8 0.02 4.051 -2.122 0.0079 -1.1009
1744640705.435603 120 3.599 -0.549 -2.122 8 0.02 4.051 -2.122 0.0079 -1.1009
1744640705.44783 120 3.599 -0.549 -2.122 8 0.02 4.051 -2.122 0.0079 -1.1009
1744640705.4702232 120 3.599 -0.549 -2.122 8 0.02 4.051 -2.122 0.0079 -1.1009
1744640705.4704762 120 3.599 -0.549 -2.122 8 0.02 4.051 -2.122 0.0079 -1.1009
1744640705.47063 120 3.599 -0.549 -2.122 8 0.02 4.051 -2.122 0.0079 -1.1009
1744640705.490457 120 3.599 -0.549 -2.122 8 0.02 4.051 -2.122 0.0079 -1.1009
1744640705.490649 120 3.599 -0.549 -2.122 8 0.02 4.051 -2.122 0.0079 -1.1009
1744640705.520407 120 3.599 -0.549 -2.122 8 0.02 4.051 -2.122 0.0079 -1.1009
1744640705.520698 120 3.599 -0.549 -2.122 8 0.02 4.051 -2.122 0.0079 -1.1009
1744640705.5208619 120 3.599 -0.549 -2.122 8 0.02 4.051 -2.122 0.0079 -1.1009
1744640705.521291 120 3.599 -0.549 -2.122 8 0.02 4.051 -2.122 0.0079 -1.1009
1744640705.521495 120 3.599 -0.549 -2.122 8 0.02 4.051 -2.122 0.0079 -1.1009
1744640705.5452642 120 3.599 -0.549 -2.122 8 0.02 4.051 -2.122 0.0079 -1.1009
1744640705.545419 120 3.599 -0.549 -2.122 8 0.02 4.051 -2.122 0.0079 -1.1009
1744640705.545505 120 3.599 -0.549 -2.122 8 0.02 4.051 -2.122 0.0079 -1.1009
1744640705.5457668 120 3.599 -0.549 -2.122 8 0.02 4.051 -2.122 0.0079 -1.1009
1744640705.548791 120 3.599 -0.549 -2.122 8 0.02 4.051 -2.122 0.0079 -1.1009
1744640705.54901 120 3.599 -0.549 -2.122 8 0.02 4.051 -2.122 0.0079 -1.1009
1744640705.549112 120 3.599 -0.549 -2.122 8 0.02 4.051 -2.122 0.0079 -1.1009
1744640705.549193 120 3.599 -0.549 -2.122 8 0.02 4.051 -2.122 0.0079 -1.1009
1744640705.588574 120 3.599 -0.549 -2.122 8 0.02 4.051 -2.122 0.0079 -1.1009
1744640705.5896509 120 3.599 -0.549 -2.122 8 0.02 4.051 -2.122 0.0079 -1.1009
1744640705.5897758 120 3.599 -0.549 -2.122 8 0.02 4.050 -2.122 0.0079 -1.1009
1744640705.589837 120 3.599 -0.549 -2.122 8 0.02 4.050 -2.122 0.0079 -1.1009
1744640705.5899022 120 3.599 -0.549 -2.122 8 0.02 4.050 -2.122 0.0079 -1.1009
1744640705.5966458 120 3.599 -0.549 -2.122 8 0.02 4.050 -2.122 0.0079 -1.1009
1744640705.596682 120 3.599 -0.549 -2.122 8 0.02 4.050 -2.122 0.0079 -1.1009
1744640705.6039848 120 3.599 -0.549 -2.122 8 0.02 4.050 -2.122 0.0079 -1.1009
1744640705.604053 120 3.599 -0.549 -2.122 8 0.02 4.050 -2.122 0.0079 -1.1009
1744640705.642752 120 3.599 -0.549 -2.122 8 0.02 4.050 -2.122 0.0079 -1.1009
1744640705.6429179 120 3.599 -0.549 -2.122 8 0.02 4.050 -2.122 0.0079 -1.1009
1744640705.642975 120 3.599 -0.549 -2.122 8 0.02 4.050 -2.122 0.0079 -1.1009
1744640705.643179 120 3.599 -0.549 -2.122 8 0.02 4.050 -2.122 0.0079 -1.1009
1744640705.650545 120 3.599 -0.549 -2.122 8 0.02 4.050 -2.122 0.0079 -1.1009
1744640705.650678 120 3.599 -0.549 -2.122 8 0.02 4.050 -2.122 0.0079 -1.1009
1744640705.650923 120 3.599 -0.549 -2.122 8 0.02 4.050 -2.122 0.0079 -1.1009
1744640705.651191 120 3.599 -0.549 -2.122 8 0.02 4.050 -2.122 0.0079 -1.1009
1744640705.6661608 120 3.599 -0.549 -2.122 8 0.02 4.050 -2.122 0.0079 -1.1009
% 1744640705.67027 robobot/cmd/ti/rc 0.0 0.0
% 1744640705.670343 robobot/cmd/T0/leds 16 0 0 0
1744640705.672956 120 3.599 -0.549 -2.122 8 0.02 4.050 -2.122 0.0079 -1.1009
1744640705.6731489 120 3.599 -0.549 -2.122 8 0.02 4.050 -2.122 0.0079 -1.1009
1744640705.685559 120 3.599 -0.549 -2.122 8 0.02 4.050 -2.122 0.0079 -1.1009
1744640705.6969888 120 3.599 -0.549 -2.122 8 0.02 4.050 -2.122 0.0079 -1.1009
1744640705.6973708 120 3.599 -0.549 -2.122 8 0.02 4.050 -2.122 0.0079 -1.1009
1744640705.697664 120 3.599 -0.549 -2.122 8 0.02 4.050 -2.122 0.0079 -1.1009
1744640705.703308 120 3.599 -0.549 -2.122 8 0.02 4.050 -2.122 0.0079 -1.1009
1744640705.708553 120 3.599 -0.549 -2.122 8 0.02 4.050 -2.122 0.0079 -1.1009
1744640705.7086132 120 3.599 -0.549 -2.122 8 0.02 4.050 -2.122 0.0079 -1.1009
1744640705.72001 120 3.599 -0.549 -2.122 8 0.02 4.050 -2.122 0.0079 -1.1009
1744640705.743489 120 3.599 -0.549 -2.122 8 0.02 4.050 -2.122 0.0079 -1.1009
1744640705.7596679 120 3.599 -0.549 -2.122 8 0.02 4.050 -2.122 0.0079 -1.1009
1744640705.760066 120 3.599 -0.549 -2.122 8 0.02 4.050 -2.122 0.0079 -1.1009
1744640705.760138 120 3.599 -0.549 -2.122 8 0.02 4.050 -2.122 0.0079 -1.1009
1744640705.762047 120 3.599 -0.549 -2.122 8 0.02 4.050 -2.122 0.0079 -1.1009
1744640705.7623072 120 3.599 -0.549 -2.122 8 0.02 4.050 -2.122 0.0079 -1.1009
1744640705.76246 120 3.599 -0.549 -2.122 8 0.02 4.050 -2.122 0.0079 -1.1009
1744640705.769578 120 3.599 -0.549 -2.122 8 0.02 4.050 -2.122 0.0079 -1.1009
1744640705.7739909 120 3.599 -0.549 -2.122 8 0.02 4.050 -2.122 0.0079 -1.1009
1744640705.779027 120 3.599 -0.549 -2.122 8 0.02 4.050 -2.122 0.0079 -1.1009
1744640705.784277 120 3.599 -0.549 -2.122 8 0.02 4.050 -2.122 0.0079 -1.1009
1744640705.819422 120 3.599 -0.549 -2.122 8 0.02 4.050 -2.122 0.0079 -1.1009
1744640705.819927 120 3.599 -0.549 -2.122 8 0.02 4.050 -2.122 0.0079 -1.1009
1744640705.820074 120 3.599 -0.549 -2.122 8 0.02 4.050 -2.122 0.0079 -1.1009
1744640705.8205671 120 3.599 -0.549 -2.122 8 0.02 4.050 -2.122 0.0079 -1.1009
1744640705.8279521 120 3.599 -0.549 -2.122 8 0.02 4.050 -2.122 0.0079 -1.1009
1744640705.828129 120 3.599 -0.549 -2.122 8 0.02 4.050 -2.122 0.0079 -1.1009
1744640705.828683 120 3.599 -0.549 -2.122 8 0.02 4.050 -2.122 0.0079 -1.1009
1744640705.8320231 120 3.599 -0.549 -2.122 8 0.02 4.050 -2.122 0.0079 -1.1009
1744640705.842243 120 3.599 -0.549 -2.122 8 0.02 4.050 -2.122 0.0079 -1.1009
1744640705.8424692 120 3.599 -0.549 -2.122 8 0.02 4.050 -2.122 0.0079 -1.1009
1744640705.867897 120 3.599 -0.549 -2.122 8 0.02 4.050 -2.122 0.0079 -1.1009
1744640705.868563 120 3.599 -0.549 -2.122 8 0.02 4.050 -2.122 0.0079 -1.1009
1744640705.86866 120 3.599 -0.549 -2.122 8 0.02 4.050 -2.122 0.0079 -1.1009
1744640705.8732622 120 3.599 -0.549 -2.122 8 0.02 4.050 -2.122 0.0079 -1.1009
1744640705.8734689 120 3.599 -0.549 -2.122 8 0.02 4.050 -2.122 0.0079 -1.1009
1744640705.89469 120 3.599 -0.549 -2.122 8 0.02 4.050 -2.122 0.0079 -1.1009
1744640705.901616 120 3.599 -0.549 -2.122 8 0.02 4.050 -2.122 0.0079 -1.1009
1744640705.90171 120 3.599 -0.549 -2.122 8 0.02 4.050 -2.122 0.0079 -1.1009
1744640705.902263 120 3.599 -0.549 -2.122 8 0.02 4.050 -2.122 0.0079 -1.1009
1744640705.9067378 120 3.599 -0.549 -2.122 8 0.02 4.050 -2.122 0.0079 -1.1009
1744640705.915791 120 3.599 -0.549 -2.122 8 0.02 4.050 -2.122 0.0079 -1.1009
1744640705.925034 120 3.599 -0.549 -2.122 8 0.02 4.050 -2.122 0.0079 -1.1009
1744640705.9251351 120 3.599 -0.549 -2.122 8 0.02 4.050 -2.122 0.0079 -1.1009
1744640705.945838 120 3.599 -0.549 -2.122 8 0.02 4.050 -2.122 0.0079 -1.1009
1744640705.946097 120 3.599 -0.549 -2.122 8 0.02 4.050 -2.122 0.0079 -1.1009
1744640705.946252 120 3.599 -0.549 -2.122 8 0.02 4.050 -2.122 0.0079 -1.1009
1744640705.950777 120 3.599 -0.549 -2.122 8 0.02 4.050 -2.122 0.0079 -1.1009
1744640705.95094 120 3.599 -0.549 -2.122 8 0.02 4.050 -2.122 0.0079 -1.1009
1744640705.9751701 120 3.599 -0.549 -2.122 8 0.02 4.050 -2.122 0.0079 -1.1009
1744640705.975422 120 3.599 -0.549 -2.122 8 0.02 4.050 -2.122 0.0079 -1.1009
1744640705.975578 120 3.599 -0.549 -2.122 8 0.02 4.050 -2.122 0.0079 -1.1009
1744640706.005465 120 3.599 -0.549 -2.122 8 0.02 4.050 -2.122 0.0079 -1.1009
1744640706.005573 120 3.599 -0.549 -2.122 8 0.02 4.050 -2.122 0.0079 -1.1009
1744640706.00811 120 3.599 -0.549 -2.122 8 0.02 4.050 -2.122 0.0079 -1.1009
1744640706.0083761 120 3.599 -0.549 -2.122 8 0.02 4.050 -2.122 0.0079 -1.1009
1744640706.008588 120 3.599 -0.549 -2.122 8 0.02 4.050 -2.122 0.0079 -1.1009
1744640706.0107388 120 3.599 -0.549 -2.122 8 0.02 4.050 -2.122 0.0079 -1.1009
1744640706.011061 120 3.599 -0.549 -2.122 8 0.02 4.050 -2.122 0.0079 -1.1009
1744640706.022145 120 3.599 -0.549 -2.122 8 0.02 4.050 -2.122 0.0079 -1.1009
1744640706.0224042 120 3.599 -0.549 -2.122 8 0.02 4.050 -2.122 0.0079 -1.1009
1744640706.040128 120 3.599 -0.549 -2.122 8 0.02 4.050 -2.122 0.0079 -1.1009
1744640706.040894 120 3.599 -0.549 -2.122 8 0.02 4.050 -2.122 0.0079 -1.1009
1744640706.0478878 120 3.599 -0.549 -2.122 8 0.02 4.050 -2.122 0.0079 -1.1009
1744640706.062189 120 3.599 -0.549 -2.122 8 0.02 4.050 -2.122 0.0079 -1.1009
1744640706.0624561 120 3.599 -0.549 -2.122 8 0.02 4.050 -2.122 0.0079 -1.1009
% 1744640706.0828679 robobot/cmd/T0/leds 16 0 100 0
% 1744640706.082933 robobot/cmd/ti/rc 0.0 0.80
1744640706.0883431 120 3.599 -0.549 -2.122 9 0.02 4.050 -2.122 0.0000 0.0000
1744640706.088552 120 3.599 -0.549 -2.122 9 0.02 4.050 -2.122 0.0000 0.0000
1744640706.111299 120 3.599 -0.549 -2.122 9 0.02 4.050 -2.122 0.0000 0.0000
1744640706.1115441 120 3.599 -0.549 -2.122 9 0.02 4.050 -2.122 0.0000 0.0000
1744640706.111628 120 3.599 -0.549 -2.122 9 0.02 4.050 -2.122 0.0000 0.0000
1744640706.111679 120 3.599 -0.549 -2.122 9 0.02 4.050 -2.122 0.0000 0.0000
1744640706.120018 120 3.599 -0.549 -2.122 9 0.02 4.050 -2.122 0.0000 0.0000
1744640706.120076 120 3.599 -0.549 -2.122 9 0.02 4.050 -2.122 0.0000 0.0000
1744640706.120279 120 3.599 -0.549 -2.122 9 0.02 4.050 -2.122 0.0000 0.0000
1744640706.120377 120 3.599 -0.549 -2.122 9 0.02 4.050 -2.122 0.0000 0.0000
1744640706.1253839 120 3.599 -0.549 -2.122 9 0.02 4.050 -2.122 0.0000 0.0000
1744640706.129461 120 3.599 -0.549 -2.120 9 0.02 4.050 -2.120 0.0000 0.0023
1744640706.129526 120 3.599 -0.549 -2.120 9 0.02 4.050 -2.120 0.0000 0.0023
1744640706.1469572 120 3.599 -0.549 -2.120 9 0.02 4.050 -2.120 0.0000 0.0023
1744640706.147212 120 3.599 -0.549 -2.119 9 0.02 4.050 -2.119 0.0000 0.0034
1744640706.1519759 120 3.599 -0.549 -2.118 9 0.02 4.050 -2.118 0.0000 0.0046
1744640706.156611 120 3.599 -0.549 -2.115 9 0.02 4.050 -2.115 0.0000 0.0069
1744640706.161812 120 3.599 -0.549 -2.115 9 0.02 4.050 -2.115 0.0000 0.0069
1744640706.1719291 120 3.599 -0.549 -2.113 9 0.02 4.050 -2.113 -0.0000 0.0092
1744640706.1722088 120 3.599 -0.549 -2.112 9 0.02 4.050 -2.112 -0.0000 0.0104
1744640706.18821 120 3.599 -0.549 -2.108 9 0.02 4.050 -2.108 -0.0000 0.0138
1744640706.1953201 120 3.599 -0.549 -2.105 9 0.02 4.050 -2.105 -0.0002 0.0173
1744640706.195382 120 3.599 -0.549 -2.105 9 0.02 4.050 -2.105 -0.0002 0.0173
1744640706.202558 120 3.599 -0.549 -2.099 9 0.02 4.050 -2.099 -0.0003 0.0231
1744640706.202961 120 3.599 -0.549 -2.097 9 0.02 4.050 -2.097 -0.0003 0.0254
1744640706.2125351 120 3.599 -0.549 -2.093 9 0.02 4.050 -2.093 -0.0003 0.0289
1744640706.2180421 120 3.599 -0.549 -2.087 9 0.02 4.050 -2.087 -0.0005 0.0347
1744640706.227206 120 3.599 -0.549 -2.087 9 0.02 4.050 -2.087 -0.0005 0.0347
1744640706.232125 120 3.599 -0.549 -2.079 9 0.02 4.050 -2.079 -0.0007 0.0428
1744640706.2325351 120 3.599 -0.549 -2.076 9 0.02 4.050 -2.076 -0.0007 0.0462
1744640706.240061 120 3.599 -0.549 -2.072 9 0.02 4.050 -2.072 -0.0007 0.0497
1744640706.2493062 120 3.599 -0.549 -2.064 9 0.02 4.050 -2.064 -0.0008 0.0578
1744640706.249467 120 3.599 -0.549 -2.064 9 0.02 4.050 -2.064 -0.0008 0.0578
1744640706.2682722 120 3.599 -0.549 -2.055 9 0.02 4.050 -2.055 -0.0010 0.0670
1744640706.268511 120 3.599 -0.548 -2.052 9 0.02 4.050 -2.052 -0.0010 0.0705
1744640706.273217 120 3.599 -0.549 -2.046 9 0.02 4.050 -2.046 -0.0010 0.0763
1744640706.2818592 120 3.599 -0.549 -2.037 9 0.02 4.050 -2.037 -0.0010 0.0855
1744640706.2819881 120 3.599 -0.549 -2.037 9 0.02 4.050 -2.037 -0.0010 0.0855
1744640706.29478 120 3.599 -0.548 -2.026 9 0.02 4.049 -2.026 -0.0011 0.0960
1744640706.295155 120 3.599 -0.548 -2.023 9 0.02 4.049 -2.023 -0.0011 0.0994
1744640706.305096 120 3.599 -0.548 -2.016 9 0.02 4.049 -2.016 -0.0011 0.1064
1744640706.3113458 120 3.599 -0.548 -2.005 9 0.02 4.049 -2.005 -0.0013 0.1168
1744640706.311458 120 3.599 -0.548 -2.005 9 0.02 4.049 -2.005 -0.0013 0.1168
1744640706.3230588 120 3.599 -0.548 -1.996 9 0.02 4.049 -1.996 -0.0013 0.1260
1744640706.323359 120 3.599 -0.548 -1.993 9 0.02 4.049 -1.993 -0.0013 0.1295
1744640706.3314078 120 3.599 -0.548 -1.987 9 0.02 4.049 -1.987 -0.0013 0.1353
1744640706.34604 120 3.599 -0.548 -1.976 9 0.02 4.049 -1.976 -0.0013 0.1457
1744640706.346144 120 3.599 -0.548 -1.976 9 0.02 4.049 -1.976 -0.0013 0.1457
1744640706.3515751 120 3.599 -0.548 -1.967 9 0.02 4.049 -1.967 -0.0013 0.1549
1744640706.35203 120 3.599 -0.548 -1.964 9 0.02 4.049 -1.964 -0.0013 0.1584
1744640706.364118 120 3.599 -0.548 -1.958 9 0.02 4.049 -1.958 -0.0013 0.1642
1744640706.370433 120 3.599 -0.548 -1.949 9 0.02 4.049 -1.949 -0.0012 0.1734
1744640706.370542 120 3.599 -0.548 -1.949 9 0.02 4.049 -1.949 -0.0012 0.1734
1744640706.379976 120 3.599 -0.548 -1.939 9 0.02 4.049 -1.939 -0.0011 0.1827
1744640706.384725 120 3.599 -0.548 -1.935 9 0.02 4.049 -1.935 -0.0011 0.1873
1744640706.3913422 120 3.599 -0.548 -1.928 9 0.02 4.049 -1.928 -0.0011 0.1943
1744640706.4016562 120 3.599 -0.548 -1.919 9 0.02 4.049 -1.919 -0.0012 0.2035
1744640706.4066591 120 3.599 -0.548 -1.919 9 0.02 4.049 -1.919 -0.0012 0.2035
1744640706.4118242 120 3.599 -0.548 -1.908 9 0.02 4.049 -1.908 -0.0012 0.2139
1744640706.412288 120 3.599 -0.548 -1.905 9 0.02 4.049 -1.905 -0.0012 0.2174
1744640706.423462 120 3.599 -0.548 -1.899 9 0.02 4.049 -1.899 -0.0012 0.2232
1744640706.429014 120 3.599 -0.548 -1.889 9 0.02 4.049 -1.889 -0.0014 0.2336
1744640706.4291148 120 3.599 -0.548 -1.889 9 0.02 4.049 -1.889 -0.0014 0.2336
1744640706.445772 120 3.599 -0.548 -1.879 9 0.02 4.049 -1.879 -0.0014 0.2428
1744640706.451469 120 3.599 -0.548 -1.876 9 0.02 4.049 -1.876 -0.0014 0.2463
1744640706.451703 120 3.599 -0.548 -1.871 9 0.02 4.049 -1.871 -0.0014 0.2509
1744640706.459884 120 3.599 -0.548 -1.862 9 0.02 4.049 -1.862 -0.0015 0.2602
1744640706.4647858 120 3.599 -0.548 -1.862 9 0.02 4.049 -1.862 -0.0015 0.2602
1744640706.473187 120 3.599 -0.548 -1.854 9 0.02 4.049 -1.854 -0.0017 0.2683
1744640706.473451 120 3.599 -0.548 -1.849 9 0.02 4.049 -1.849 -0.0017 0.2729
1744640706.485672 120 3.599 -0.548 -1.845 9 0.02 4.049 -1.845 -0.0017 0.2775
1744640706.4862652 120 3.599 -0.548 -1.835 9 0.02 4.049 -1.835 -0.0017 0.2868
1744640706.4926562 120 3.599 -0.548 -1.835 9 0.02 4.049 -1.835 -0.0017 0.2868
1744640706.5027761 120 3.599 -0.548 -1.827 9 0.02 4.049 -1.827 -0.0018 0.2949
1744640706.5031419 120 3.599 -0.548 -1.824 9 0.02 4.049 -1.824 -0.0018 0.2983
1744640706.512597 120 3.599 -0.548 -1.819 9 0.02 4.049 -1.819 -0.0018 0.3030
1744640706.521051 120 3.599 -0.548 -1.810 9 0.02 4.049 -1.810 -0.0019 0.3122
1744640706.533217 120 3.599 -0.548 -1.810 9 0.02 4.049 -1.810 -0.0019 0.3122
1744640706.5405152 120 3.599 -0.548 -1.803 9 0.02 4.049 -1.803 -0.0019 0.3192
1744640706.54077 120 3.599 -0.548 -1.800 9 0.02 4.049 -1.800 -0.0019 0.3226
1744640706.540925 120 3.599 -0.548 -1.796 9 0.02 4.049 -1.796 -0.0019 0.3261
1744640706.546432 120 3.599 -0.547 -1.786 9 0.02 4.049 -1.786 -0.0020 0.3365
1744640706.552327 120 3.599 -0.547 -1.786 9 0.02 4.049 -1.786 -0.0020 0.3365
1744640706.5624971 120 3.599 -0.547 -1.779 9 0.02 4.048 -1.779 -0.0021 0.3434
1744640706.562867 120 3.600 -0.547 -1.775 9 0.02 4.048 -1.775 -0.0021 0.3469
1744640706.576017 120 3.599 -0.547 -1.772 9 0.02 4.048 -1.772 -0.0021 0.3504
1744640706.5767438 120 3.599 -0.548 -1.766 9 0.02 4.048 -1.766 -0.0022 0.3562
1744640706.581308 120 3.599 -0.548 -1.766 9 0.02 4.048 -1.766 -0.0022 0.3562
1744640706.5939252 120 3.599 -0.547 -1.758 9 0.02 4.048 -1.758 -0.0020 0.3643
1744640706.5946481 120 3.599 -0.547 -1.756 9 0.02 4.048 -1.756 -0.0020 0.3666
1744640706.599075 120 3.599 -0.547 -1.751 9 0.02 4.048 -1.751 -0.0020 0.3712
1744640706.612221 120 3.599 -0.547 -1.744 9 0.02 4.048 -1.744 -0.0021 0.3781
1744640706.61232 120 3.599 -0.547 -1.744 9 0.02 4.048 -1.744 -0.0021 0.3781
1744640706.621324 120 3.599 -0.548 -1.738 9 0.02 4.048 -1.738 -0.0020 0.3839
1744640706.626063 120 3.599 -0.548 -1.735 9 0.02 4.048 -1.735 -0.0020 0.3874
1744640706.631426 120 3.599 -0.548 -1.732 9 0.02 4.048 -1.732 -0.0020 0.3897
1744640706.63645 120 3.599 -0.548 -1.724 9 0.02 4.049 -1.724 -0.0019 0.3978
1744640706.64429 120 3.599 -0.548 -1.724 9 0.02 4.049 -1.724 -0.0019 0.3978
1744640706.650065 120 3.599 -0.548 -1.718 9 0.02 4.049 -1.718 -0.0018 0.4036
1744640706.657064 120 3.599 -0.548 -1.715 9 0.02 4.049 -1.715 -0.0018 0.4070
1744640706.663431 120 3.599 -0.548 -1.710 9 0.02 4.049 -1.710 -0.0018 0.4117
1744640706.669739 120 3.599 -0.548 -1.702 9 0.02 4.049 -1.702 -0.0019 0.4198
1744640706.669835 120 3.599 -0.548 -1.702 9 0.02 4.049 -1.702 -0.0019 0.4198
1744640706.685175 120 3.599 -0.548 -1.695 9 0.02 4.049 -1.695 -0.0019 0.4267
1744640706.685557 120 3.599 -0.548 -1.693 9 0.02 4.049 -1.693 -0.0019 0.4290
1744640706.690753 120 3.599 -0.548 -1.690 9 0.02 4.049 -1.690 -0.0019 0.4325
1744640706.700512 120 3.599 -0.548 -1.683 9 0.02 4.049 -1.683 -0.0018 0.4394
1744640706.700664 120 3.599 -0.548 -1.683 9 0.02 4.049 -1.683 -0.0018 0.4394
1744640706.7138739 120 3.599 -0.548 -1.675 9 0.02 4.049 -1.675 -0.0017 0.4475
1744640706.714251 120 3.599 -0.548 -1.673 9 0.02 4.049 -1.673 -0.0017 0.4487
1744640706.719362 120 3.599 -0.548 -1.669 9 0.02 4.049 -1.669 -0.0017 0.4533
1744640706.729138 120 3.599 -0.548 -1.663 9 0.02 4.049 -1.663 -0.0015 0.4591
1744640706.729235 120 3.599 -0.548 -1.663 9 0.02 4.049 -1.663 -0.0015 0.4591
1744640706.7424262 120 3.599 -0.548 -1.656 9 0.02 4.049 -1.656 -0.0013 0.4660
1744640706.742792 120 3.599 -0.548 -1.653 9 0.02 4.049 -1.653 -0.0013 0.4695
1744640706.752136 120 3.599 -0.548 -1.649 9 0.02 4.049 -1.649 -0.0013 0.4730
1744640706.7570062 120 3.599 -0.548 -1.642 9 0.02 4.049 -1.642 -0.0011 0.4799
1744640706.763836 120 3.599 -0.548 -1.642 9 0.02 4.049 -1.642 -0.0011 0.4799
1744640706.769415 120 3.599 -0.549 -1.634 9 0.02 4.050 -1.634 -0.0009 0.4880
1744640706.781924 120 3.599 -0.549 -1.632 9 0.02 4.050 -1.632 -0.0009 0.4903
1744640706.7915552 120 3.599 -0.549 -1.627 9 0.02 4.050 -1.627 -0.0009 0.4949
1744640706.7924092 120 3.599 -0.549 -1.618 9 0.02 4.050 -1.618 -0.0008 0.5042
1744640706.800129 120 3.599 -0.549 -1.618 9 0.02 4.050 -1.618 -0.0008 0.5042
1744640706.811595 120 3.599 -0.549 -1.611 9 0.02 4.050 -1.611 -0.0007 0.5111
1744640706.811866 120 3.599 -0.549 -1.609 9 0.02 4.050 -1.609 -0.0007 0.5134
1744640706.81202 120 3.599 -0.549 -1.603 9 0.02 4.050 -1.603 -0.0007 0.5192
1744640706.8199449 120 3.599 -0.549 -1.596 9 0.02 4.050 -1.596 -0.0006 0.5262
1744640706.824236 120 3.599 -0.549 -1.596 9 0.02 4.050 -1.596 -0.0006 0.5262
1744640706.829557 120 3.599 -0.549 -1.587 9 0.02 4.050 -1.587 -0.0005 0.5354
1744640706.8406909 120 3.599 -0.549 -1.584 9 0.02 4.050 -1.584 -0.0005 0.5377
1744640706.8473668 120 3.599 -0.549 -1.580 9 0.02 4.050 -1.580 -0.0005 0.5424
1744640706.8648992 120 3.599 -0.549 -1.572 9 0.02 4.050 -1.572 -0.0006 0.5505
1744640706.865071 120 3.599 -0.549 -1.572 9 0.02 4.050 -1.572 -0.0006 0.5505
1744640706.8788118 120 3.599 -0.549 -1.565 9 0.02 4.050 -1.565 -0.0005 0.5574
1744640706.878916 120 3.599 -0.549 -1.559 9 0.02 4.050 -1.559 -0.0005 0.5632
1744640706.878975 120 3.599 -0.549 -1.557 9 0.02 4.050 -1.557 -0.0005 0.5655
1744640706.8859122 120 3.599 -0.549 -1.547 9 0.02 4.050 -1.547 -0.0005 0.5747
1744640706.885962 120 3.599 -0.549 -1.547 9 0.02 4.050 -1.547 -0.0005 0.5747
1744640706.892724 120 3.599 -0.549 -1.540 9 0.02 4.050 -1.540 -0.0006 0.5817
1744640706.893019 120 3.599 -0.549 -1.536 9 0.02 4.050 -1.536 -0.0006 0.5863
% 1744640706.899789 robobot/cmd/ti/rc 0.0 0.0
1744640706.916359 120 3.599 -0.549 -1.534 9 0.02 4.050 -1.534 -0.0006 0.5886
1744640706.916807 120 3.599 -0.549 -1.525 9 0.02 4.050 -1.525 -0.0006 0.5967
1744640706.916884 120 3.599 -0.549 -1.525 9 0.02 4.050 -1.525 -0.0006 0.5967
1744640706.941844 120 3.599 -0.549 -1.516 9 0.02 4.050 -1.516 -0.0007 0.6060
1744640706.942131 120 3.599 -0.549 -1.512 9 0.02 4.050 -1.512 -0.0007 0.6106
1744640706.949609 120 3.599 -0.549 -1.509 9 0.02 4.050 -1.509 -0.0007 0.6129
1744640706.950128 120 3.599 -0.549 -1.508 9 0.02 4.050 -1.508 -0.0007 0.6141
1744640706.9502258 120 3.599 -0.549 -1.508 9 0.02 4.050 -1.508 -0.0007 0.6141
1744640706.955474 120 3.599 -0.549 -1.508 9 0.02 4.050 -1.508 -0.0007 0.6141
1744640706.955907 120 3.599 -0.549 -1.508 9 0.02 4.050 -1.508 -0.0007 0.6141
1744640706.963472 120 3.599 -0.549 -1.508 9 0.02 4.050 -1.508 -0.0007 0.6141
1744640706.968401 120 3.599 -0.549 -1.507 9 0.02 4.050 -1.507 -0.0008 0.6152
1744640706.97261 120 3.599 -0.549 -1.507 9 0.02 4.050 -1.507 -0.0008 0.6152
1744640706.9835122 120 3.599 -0.549 -1.503 9 0.02 4.050 -1.503 -0.0008 0.6187
1744640706.983894 120 3.599 -0.549 -1.502 9 0.02 4.050 -1.502 -0.0008 0.6198
1744640706.999546 120 3.599 -0.549 -1.502 9 0.02 4.050 -1.502 -0.0008 0.6198
1744640707.0000489 120 3.599 -0.548 -1.499 9 0.02 4.050 -1.499 -0.0008 0.6233
1744640707.000196 120 3.599 -0.548 -1.499 9 0.02 4.050 -1.499 -0.0008 0.6233
1744640707.009676 120 3.599 -0.548 -1.499 9 0.02 4.050 -1.499 -0.0009 0.6233
1744640707.016513 120 3.599 -0.548 -1.499 9 0.02 4.050 -1.499 -0.0009 0.6233
1744640707.021209 120 3.599 -0.548 -1.499 9 0.02 4.050 -1.499 -0.0009 0.6233
1744640707.033529 120 3.599 -0.549 -1.500 9 0.02 4.050 -1.500 -0.0009 0.6222
1744640707.033636 120 3.599 -0.549 -1.500 9 0.02 4.050 -1.500 -0.0009 0.6222
1744640707.0442612 120 3.599 -0.549 -1.500 9 0.02 4.050 -1.500 -0.0009 0.6222
1744640707.044629 120 3.599 -0.549 -1.499 9 0.02 4.050 -1.499 -0.0009 0.6233
1744640707.062273 120 3.599 -0.549 -1.499 9 0.02 4.050 -1.499 -0.0009 0.6233
1744640707.0705652 120 3.599 -0.549 -1.499 9 0.02 4.050 -1.499 -0.0008 0.6233
1744640707.070631 120 3.599 -0.549 -1.499 9 0.02 4.050 -1.499 -0.0008 0.6233
1744640707.075379 120 3.599 -0.549 -1.499 9 0.02 4.050 -1.499 -0.0008 0.6233
1744640707.0755682 120 3.599 -0.549 -1.499 9 0.02 4.050 -1.499 -0.0008 0.6233
1744640707.0801668 120 3.599 -0.549 -1.499 9 0.02 4.050 -1.499 -0.0008 0.6233
1744640707.090183 120 3.599 -0.549 -1.499 9 0.02 4.050 -1.499 -0.0008 0.6233
1744640707.090283 120 3.599 -0.549 -1.499 9 0.02 4.050 -1.499 -0.0008 0.6233
1744640707.108057 120 3.599 -0.549 -1.499 9 0.02 4.050 -1.499 -0.0008 0.6233
1744640707.108418 120 3.599 -0.549 -1.499 9 0.02 4.050 -1.499 -0.0008 0.6233
1744640707.1173508 120 3.599 -0.549 -1.499 9 0.02 4.050 -1.499 -0.0008 0.6233
1744640707.123258 120 3.599 -0.549 -1.499 9 0.02 4.050 -1.499 -0.0008 0.6233
1744640707.1233542 120 3.599 -0.549 -1.499 9 0.02 4.050 -1.499 -0.0008 0.6233
1744640707.130256 120 3.599 -0.549 -1.499 9 0.02 4.050 -1.499 -0.0007 0.6233
1744640707.138433 120 3.599 -0.549 -1.499 9 0.02 4.050 -1.499 -0.0007 0.6233
1744640707.142911 120 3.599 -0.549 -1.499 9 0.02 4.050 -1.499 -0.0007 0.6233
1744640707.149339 120 3.599 -0.549 -1.499 9 0.02 4.050 -1.499 -0.0007 0.6233
1744640707.149493 120 3.599 -0.549 -1.499 9 0.02 4.050 -1.499 -0.0007 0.6233
1744640707.1616929 120 3.599 -0.549 -1.499 9 0.02 4.050 -1.499 -0.0007 0.6233
1744640707.168274 120 3.599 -0.549 -1.499 9 0.02 4.050 -1.499 -0.0007 0.6233
1744640707.17332 120 3.599 -0.549 -1.499 9 0.02 4.050 -1.499 -0.0007 0.6233
1744640707.186361 120 3.599 -0.549 -1.499 9 0.02 4.050 -1.499 -0.0007 0.6233
1744640707.1864588 120 3.599 -0.549 -1.499 9 0.02 4.050 -1.499 -0.0007 0.6233
1744640707.194026 120 3.599 -0.549 -1.499 9 0.02 4.050 -1.499 -0.0007 0.6233
1744640707.19939 120 3.599 -0.549 -1.499 9 0.02 4.050 -1.499 -0.0007 0.6233
1744640707.199611 120 3.599 -0.549 -1.499 9 0.02 4.050 -1.499 -0.0007 0.6233
1744640707.210712 120 3.599 -0.549 -1.499 9 0.02 4.050 -1.499 -0.0007 0.6233
1744640707.210847 120 3.599 -0.549 -1.499 9 0.02 4.050 -1.499 -0.0007 0.6233
1744640707.221548 120 3.599 -0.549 -1.499 9 0.02 4.050 -1.499 -0.0006 0.6233
1744640707.226919 120 3.599 -0.549 -1.499 9 0.02 4.050 -1.499 -0.0006 0.6233
1744640707.2364218 120 3.599 -0.549 -1.499 9 0.02 4.050 -1.499 -0.0006 0.6233
1744640707.241353 120 3.599 -0.549 -1.499 9 0.02 4.050 -1.499 -0.0006 0.6233
1744640707.241467 120 3.599 -0.549 -1.499 9 0.02 4.050 -1.499 -0.0006 0.6233
1744640707.252438 120 3.599 -0.549 -1.499 9 0.02 4.050 -1.499 -0.0006 0.6233
1744640707.259451 120 3.599 -0.549 -1.499 9 0.02 4.050 -1.499 -0.0006 0.6233
1744640707.2596369 120 3.599 -0.549 -1.499 9 0.02 4.050 -1.499 -0.0006 0.6233
1744640707.268695 120 3.599 -0.549 -1.499 9 0.02 4.050 -1.499 -0.0005 0.6233
1744640707.272924 120 3.599 -0.549 -1.499 9 0.02 4.050 -1.499 -0.0005 0.6233
1744640707.283144 120 3.599 -0.549 -1.499 9 0.02 4.050 -1.499 -0.0005 0.6233
1744640707.283519 120 3.599 -0.549 -1.499 9 0.02 4.050 -1.499 -0.0005 0.6233
1744640707.296649 120 3.599 -0.549 -1.499 9 0.02 4.050 -1.499 -0.0005 0.6233
1744640707.3047009 120 3.599 -0.549 -1.499 9 0.02 4.050 -1.499 -0.0005 0.6233
1744640707.304853 120 3.599 -0.549 -1.499 9 0.02 4.050 -1.499 -0.0005 0.6233
1744640707.311454 120 3.599 -0.549 -1.499 9 0.02 4.050 -1.499 -0.0005 0.6233
1744640707.3168588 120 3.599 -0.549 -1.499 9 0.02 4.050 -1.499 -0.0005 0.6233
1744640707.322144 120 3.599 -0.549 -1.499 9 0.02 4.050 -1.499 -0.0005 0.6233
1744640707.328335 120 3.599 -0.549 -1.499 9 0.02 4.050 -1.499 -0.0005 0.6233
1744640707.3328068 120 3.599 -0.549 -1.499 9 0.02 4.050 -1.499 -0.0005 0.6233
1744640707.3423162 120 3.599 -0.549 -1.499 9 0.02 4.050 -1.499 -0.0004 0.6233
1744640707.346656 120 3.599 -0.549 -1.499 9 0.02 4.050 -1.499 -0.0004 0.6233
1744640707.3511481 120 3.599 -0.549 -1.499 9 0.02 4.050 -1.499 -0.0004 0.6233
1744640707.361305 120 3.599 -0.549 -1.499 9 0.02 4.050 -1.499 -0.0004 0.6233
1744640707.361411 120 3.599 -0.549 -1.499 9 0.02 4.050 -1.499 -0.0004 0.6233
1744640707.37078 120 3.599 -0.549 -1.499 9 0.02 4.050 -1.499 -0.0004 0.6233
1744640707.375556 120 3.599 -0.549 -1.499 9 0.02 4.050 -1.499 -0.0004 0.6233
1744640707.380021 120 3.599 -0.549 -1.499 9 0.02 4.050 -1.499 -0.0004 0.6233
1744640707.392759 120 3.599 -0.549 -1.499 9 0.02 4.050 -1.499 -0.0004 0.6233
1744640707.392828 120 3.599 -0.549 -1.499 9 0.02 4.050 -1.499 -0.0004 0.6233
1744640707.403643 120 3.599 -0.549 -1.499 9 0.02 4.050 -1.499 -0.0004 0.6233
1744640707.403767 120 3.599 -0.549 -1.499 9 0.02 4.050 -1.499 -0.0004 0.6233
1744640707.412699 120 3.599 -0.549 -1.499 9 0.02 4.050 -1.499 -0.0004 0.6233
1744640707.418249 120 3.599 -0.549 -1.499 9 0.02 4.050 -1.499 -0.0004 0.6233
1744640707.42452 120 3.599 -0.549 -1.499 9 0.02 4.050 -1.499 -0.0004 0.6233
1744640707.431275 120 3.599 -0.549 -1.499 9 0.02 4.050 -1.499 -0.0003 0.6233
1744640707.436073 120 3.599 -0.549 -1.499 9 0.02 4.050 -1.499 -0.0003 0.6233
1744640707.4409542 120 3.599 -0.549 -1.499 9 0.02 4.050 -1.499 -0.0003 0.6233
1744640707.452186 120 3.599 -0.549 -1.499 9 0.02 4.050 -1.499 -0.0003 0.6233
1744640707.452309 120 3.599 -0.549 -1.499 9 0.02 4.050 -1.499 -0.0003 0.6233
1744640707.465536 120 3.599 -0.549 -1.499 9 0.02 4.050 -1.499 -0.0003 0.6233
1744640707.465837 120 3.599 -0.549 -1.499 9 0.02 4.050 -1.499 -0.0003 0.6233
1744640707.471188 120 3.599 -0.549 -1.499 9 0.02 4.050 -1.499 -0.0003 0.6233
1744640707.481833 120 3.599 -0.549 -1.499 9 0.02 4.050 -1.499 -0.0003 0.6233
1744640707.481924 120 3.599 -0.549 -1.499 9 0.02 4.050 -1.499 -0.0003 0.6233
1744640707.4909801 120 3.599 -0.549 -1.499 9 0.02 4.050 -1.499 -0.0003 0.6233
1744640707.496018 120 3.599 -0.549 -1.499 9 0.02 4.050 -1.499 -0.0003 0.6233
1744640707.501648 120 3.599 -0.549 -1.499 9 0.02 4.050 -1.499 -0.0003 0.6233
1744640707.5132768 120 3.599 -0.549 -1.499 9 0.02 4.050 -1.499 -0.0003 0.6233
1744640707.513397 120 3.599 -0.549 -1.499 9 0.02 4.050 -1.499 -0.0003 0.6233
1744640707.520274 120 3.599 -0.549 -1.499 9 0.02 4.050 -1.499 -0.0003 0.6233
1744640707.526645 120 3.599 -0.549 -1.499 9 0.02 4.050 -1.499 -0.0003 0.6233
1744640707.532031 120 3.599 -0.549 -1.499 9 0.02 4.050 -1.499 -0.0003 0.6233
1744640707.541646 120 3.599 -0.549 -1.499 9 0.02 4.050 -1.499 -0.0003 0.6233
1744640707.542207 120 3.599 -0.549 -1.499 9 0.02 4.050 -1.499 -0.0003 0.6233
1744640707.5529642 120 3.599 -0.549 -1.499 9 0.02 4.050 -1.499 -0.0003 0.6233
1744640707.562096 120 3.599 -0.549 -1.499 9 0.02 4.050 -1.499 -0.0003 0.6233
1744640707.562301 120 3.599 -0.549 -1.499 9 0.02 4.050 -1.499 -0.0003 0.6233
1744640707.568269 120 3.599 -0.549 -1.499 9 0.02 4.050 -1.499 -0.0003 0.6233
1744640707.573339 120 3.599 -0.549 -1.499 9 0.02 4.050 -1.499 -0.0003 0.6233
1744640707.5795782 120 3.599 -0.549 -1.499 9 0.02 4.050 -1.499 -0.0003 0.6233
1744640707.584314 120 3.599 -0.549 -1.499 9 0.02 4.050 -1.499 -0.0003 0.6233
1744640707.593015 120 3.599 -0.549 -1.499 9 0.02 4.050 -1.499 -0.0003 0.6233
1744640707.598259 120 3.599 -0.549 -1.499 9 0.02 4.050 -1.499 -0.0003 0.6233
1744640707.604011 120 3.599 -0.549 -1.499 9 0.02 4.050 -1.499 -0.0003 0.6233
1744640707.609368 120 3.599 -0.549 -1.499 9 0.02 4.050 -1.499 -0.0003 0.6233
% 1744640707.6146932 robobot/cmd/ti/rc 0.0 0.0
% 1744640707.614892 robobot/cmd/T0/leds 16 0 0 0
1744640707.615211 120 3.599 -0.549 -1.499 9 0.02 4.050 -1.499 0.0000 0.0000
% 1744640707.6155221 robobot/cmd/T0/leds 16 0 100 0
% 1744640707.615689 robobot/cmd/ti/rc 0.20 0.0
1744640707.6210308 120 3.599 -0.549 -1.499 9 0.02 4.050 -1.499 0.0000 0.0000
1744640707.629674 120 3.599 -0.549 -1.499 9 0.02 4.050 -1.499 0.0000 0.0000
1744640707.6348748 120 3.599 -0.549 -1.499 9 0.02 4.050 -1.499 0.0000 0.0000
1744640707.6412659 120 3.599 -0.549 -1.499 9 0.02 4.050 -1.499 0.0000 0.0000
1744640707.646969 120 3.599 -0.549 -1.499 9 0.02 4.050 -1.499 0.0000 0.0000
1744640707.650972 120 3.599 -0.549 -1.498 9 0.02 4.050 -1.498 0.0000 0.0012
1744640707.659446 120 3.599 -0.550 -1.498 9 0.02 4.050 -1.498 0.0000 0.0012
1744640707.6661499 120 3.599 -0.550 -1.498 9 0.02 4.050 -1.498 0.0000 0.0012
1744640707.67451 120 3.599 -0.550 -1.499 9 0.02 4.051 -1.499 0.0003 0.0000
1744640707.674676 120 3.599 -0.551 -1.498 9 0.02 4.051 -1.498 0.0003 0.0012
1744640707.680403 120 3.599 -0.551 -1.498 9 0.02 4.051 -1.498 0.0003 0.0012
1744640707.690569 120 3.600 -0.552 -1.498 9 0.02 4.052 -1.498 0.0015 0.0012
1744640707.690836 120 3.600 -0.552 -1.498 9 0.02 4.052 -1.498 0.0015 0.0012
1744640707.70478 120 3.600 -0.553 -1.498 9 0.02 4.053 -1.498 0.0029 0.0012
1744640707.705208 120 3.600 -0.553 -1.498 9 0.02 4.053 -1.498 0.0029 0.0012
1744640707.7116601 120 3.600 -0.554 -1.498 9 0.02 4.053 -1.498 0.0029 0.0012
1744640707.722382 120 3.600 -0.555 -1.496 9 0.02 4.055 -1.496 0.0045 0.0023
1744640707.722523 120 3.600 -0.555 -1.496 9 0.02 4.055 -1.496 0.0045 0.0023
1744640707.7390652 120 3.600 -0.557 -1.496 9 0.02 4.057 -1.496 0.0065 0.0023
1744640707.739499 120 3.600 -0.558 -1.498 9 0.02 4.057 -1.498 0.0065 0.0012
1744640707.7465239 120 3.600 -0.559 -1.496 9 0.02 4.057 -1.496 0.0065 0.0023
1744640707.755339 120 3.600 -0.560 -1.496 9 0.02 4.059 -1.496 0.0090 0.0023
1744640707.7555351 120 3.600 -0.560 -1.496 9 0.02 4.059 -1.496 0.0090 0.0023
1744640707.761743 120 3.600 -0.562 -1.496 9 0.02 4.062 -1.496 0.0116 0.0023
1744640707.766894 120 3.600 -0.563 -1.496 9 0.02 4.062 -1.496 0.0116 0.0023
1744640707.771498 120 3.600 -0.564 -1.496 9 0.02 4.062 -1.496 0.0116 0.0023
1744640707.793092 120 3.601 -0.567 -1.496 9 0.02 4.065 -1.496 0.0148 0.0023
1744640707.793167 120 3.601 -0.567 -1.496 9 0.02 4.065 -1.496 0.0148 0.0023
1744640707.7933109 120 3.601 -0.569 -1.496 9 0.02 4.068 -1.496 0.0180 0.0023
1744640707.800205 120 3.601 -0.570 -1.495 9 0.02 4.068 -1.495 0.0180 0.0035
1744640707.8050182 120 3.601 -0.571 -1.495 9 0.02 4.068 -1.495 0.0180 0.0035
1744640707.809389 120 3.601 -0.573 -1.495 9 0.02 4.072 -1.495 0.0216 0.0035
1744640707.8094568 120 3.601 -0.573 -1.495 9 0.02 4.072 -1.495 0.0216 0.0035
1744640707.8230689 120 3.601 -0.576 -1.495 9 0.02 4.075 -1.495 0.0250 0.0035
1744640707.8294232 120 3.601 -0.577 -1.495 9 0.02 4.075 -1.495 0.0250 0.0035
1744640707.829584 120 3.601 -0.578 -1.495 9 0.02 4.075 -1.495 0.0250 0.0035
1744640707.845927 120 3.602 -0.580 -1.495 9 0.02 4.079 -1.495 0.0288 0.0035
1744640707.8465931 120 3.602 -0.580 -1.495 9 0.02 4.079 -1.495 0.0288 0.0035
1744640707.8525922 120 3.602 -0.583 -1.496 9 0.02 4.083 -1.496 0.0326 0.0023
1744640707.861589 120 3.602 -0.584 -1.495 9 0.02 4.083 -1.495 0.0326 0.0035
1744640707.87026 120 3.602 -0.585 -1.496 9 0.02 4.083 -1.496 0.0326 0.0023
1744640707.8902268 120 3.602 -0.588 -1.498 9 0.02 4.086 -1.498 0.0358 0.0012
1744640707.8903208 120 3.602 -0.588 -1.498 9 0.02 4.086 -1.498 0.0358 0.0012
1744640707.9040499 120 3.602 -0.590 -1.499 9 0.02 4.090 -1.499 0.0394 0.0000
1744640707.904321 120 3.602 -0.591 -1.499 9 0.02 4.090 -1.499 0.0394 0.0000
1744640707.904397 120 3.603 -0.592 -1.499 9 0.02 4.090 -1.499 0.0394 0.0000
1744640707.912169 120 3.603 -0.594 -1.498 9 0.02 4.093 -1.498 0.0426 0.0012
1744640707.912381 120 3.603 -0.594 -1.498 9 0.02 4.093 -1.498 0.0426 0.0012
1744640707.923425 120 3.603 -0.597 -1.496 9 0.02 4.096 -1.496 0.0462 0.0023
1744640707.923674 120 3.603 -0.598 -1.498 9 0.02 4.096 -1.498 0.0462 0.0012
1744640707.9241421 120 3.603 -0.599 -1.495 9 0.02 4.096 -1.495 0.0462 0.0035
1744640707.942389 120 3.603 -0.601 -1.495 9 0.02 4.100 -1.495 0.0496 0.0035
1744640707.94243 120 3.603 -0.601 -1.495 9 0.02 4.100 -1.495 0.0496 0.0035
1744640707.948447 120 3.603 -0.604 -1.495 9 0.02 4.103 -1.495 0.0531 0.0035
1744640707.948617 120 3.603 -0.604 -1.495 9 0.02 4.103 -1.495 0.0531 0.0035
1744640707.954624 120 3.604 -0.606 -1.496 9 0.02 4.103 -1.496 0.0531 0.0023
1744640707.961623 120 3.604 -0.608 -1.495 9 0.02 4.107 -1.495 0.0563 0.0035
1744640707.961666 120 3.604 -0.608 -1.495 9 0.02 4.107 -1.495 0.0563 0.0035
1744640707.9762812 120 3.604 -0.610 -1.495 9 0.02 4.110 -1.495 0.0598 0.0035
1744640707.976361 120 3.604 -0.611 -1.496 9 0.02 4.110 -1.496 0.0598 0.0023
1744640707.982914 120 3.604 -0.612 -1.496 9 0.02 4.110 -1.496 0.0598 0.0023
1744640707.990147 120 3.604 -0.614 -1.498 9 0.02 4.113 -1.498 0.0629 0.0012
1744640707.995553 120 3.604 -0.614 -1.498 9 0.02 4.113 -1.498 0.0629 0.0012
1744640708.001413 120 3.604 -0.616 -1.498 9 0.02 4.116 -1.498 0.0659 0.0012
1744640708.007287 120 3.604 -0.617 -1.498 9 0.02 4.116 -1.498 0.0659 0.0012
1744640708.011413 120 3.604 -0.618 -1.498 9 0.02 4.116 -1.498 0.0659 0.0012
1744640708.023615 120 3.605 -0.620 -1.498 9 0.02 4.119 -1.498 0.0690 0.0012
1744640708.023644 120 3.605 -0.620 -1.498 9 0.02 4.119 -1.498 0.0690 0.0012
1744640708.0296588 120 3.605 -0.622 -1.498 9 0.02 4.122 -1.498 0.0719 0.0012
1744640708.034631 120 3.605 -0.623 -1.498 9 0.02 4.122 -1.498 0.0719 0.0012
1744640708.047961 120 3.605 -0.624 -1.498 9 0.02 4.122 -1.498 0.0719 0.0012
1744640708.066473 120 3.605 -0.626 -1.499 9 0.02 4.125 -1.499 0.0750 0.0000
1744640708.0665212 120 3.605 -0.626 -1.499 9 0.02 4.125 -1.499 0.0750 0.0000
1744640708.071536 120 3.605 -0.628 -1.499 9 0.02 4.128 -1.499 0.0778 0.0000
1744640708.071619 120 3.605 -0.629 -1.499 9 0.02 4.128 -1.499 0.0778 0.0000
1744640708.071657 120 3.605 -0.630 -1.499 9 0.02 4.128 -1.499 0.0778 0.0000
1744640708.083956 120 3.605 -0.632 -1.499 9 0.02 4.131 -1.499 0.0807 0.0000
1744640708.08398 120 3.605 -0.632 -1.499 9 0.02 4.131 -1.499 0.0807 0.0000
1744640708.0900211 120 3.606 -0.634 -1.500 9 0.02 4.134 -1.500 0.0837 -0.0011
1744640708.0946748 120 3.606 -0.635 -1.500 9 0.02 4.134 -1.500 0.0837 -0.0011
1744640708.098832 120 3.606 -0.636 -1.500 9 0.02 4.134 -1.500 0.0837 -0.0011
1744640708.1109471 120 3.606 -0.638 -1.500 9 0.02 4.137 -1.500 0.0866 -0.0011
1744640708.110972 120 3.606 -0.638 -1.500 9 0.02 4.137 -1.500 0.0866 -0.0011
1744640708.125921 120 3.606 -0.640 -1.500 9 0.02 4.140 -1.500 0.0896 -0.0011
1744640708.1260102 120 3.606 -0.641 -1.500 9 0.02 4.140 -1.500 0.0896 -0.0011
1744640708.131279 120 3.606 -0.642 -1.500 9 0.02 4.140 -1.500 0.0896 -0.0011
1744640708.148113 120 3.606 -0.644 -1.500 9 0.02 4.143 -1.500 0.0925 -0.0011
1744640708.148169 120 3.606 -0.644 -1.500 9 0.02 4.143 -1.500 0.0925 -0.0011
1744640708.1533709 120 3.606 -0.646 -1.500 9 0.02 4.146 -1.500 0.0953 -0.0011
1744640708.158842 120 3.607 -0.646 -1.500 9 0.02 4.146 -1.500 0.0953 -0.0011
1744640708.174217 120 3.607 -0.648 -1.500 9 0.02 4.146 -1.500 0.0953 -0.0011
1744640708.182266 120 3.607 -0.650 -1.501 9 0.02 4.149 -1.501 0.0983 -0.0023
1744640708.182292 120 3.607 -0.650 -1.501 9 0.02 4.149 -1.501 0.0983 -0.0023
1744640708.1824262 120 3.607 -0.651 -1.501 9 0.02 4.151 -1.501 0.1010 -0.0023
1744640708.1869912 120 3.607 -0.652 -1.500 9 0.02 4.151 -1.500 0.1010 -0.0011
1744640708.195489 120 3.607 -0.653 -1.501 9 0.02 4.151 -1.501 0.1010 -0.0023
1744640708.201113 120 3.607 -0.655 -1.501 9 0.02 4.154 -1.501 0.1040 -0.0023
1744640708.2011452 120 3.607 -0.655 -1.501 9 0.02 4.154 -1.501 0.1040 -0.0023
1744640708.212908 120 3.607 -0.657 -1.502 9 0.02 4.157 -1.502 0.1068 -0.0035
1744640708.217094 120 3.607 -0.658 -1.501 9 0.02 4.157 -1.501 0.1068 -0.0023
1744640708.222655 120 3.607 -0.659 -1.501 9 0.02 4.157 -1.501 0.1068 -0.0023
1744640708.237869 120 3.608 -0.661 -1.501 9 0.02 4.160 -1.501 0.1098 -0.0023
1744640708.237906 120 3.608 -0.661 -1.501 9 0.02 4.160 -1.501 0.1098 -0.0023
1744640708.242343 120 3.608 -0.663 -1.502 9 0.02 4.163 -1.502 0.1126 -0.0035
1744640708.251434 120 3.608 -0.664 -1.501 9 0.02 4.163 -1.501 0.1126 -0.0023
1744640708.260973 120 3.608 -0.665 -1.501 9 0.02 4.163 -1.501 0.1126 -0.0023
1744640708.266249 120 3.608 -0.667 -1.502 9 0.02 4.166 -1.502 0.1157 -0.0035
1744640708.266282 120 3.608 -0.667 -1.502 9 0.02 4.166 -1.502 0.1157 -0.0035
1744640708.2707222 120 3.608 -0.669 -1.502 9 0.02 4.169 -1.502 0.1187 -0.0035
1744640708.2757142 120 3.608 -0.670 -1.502 9 0.02 4.169 -1.502 0.1187 -0.0035
1744640708.2879171 120 3.608 -0.671 -1.502 9 0.02 4.169 -1.502 0.1187 -0.0035
1744640708.293922 120 3.608 -0.673 -1.502 9 0.02 4.172 -1.502 0.1216 -0.0035
1744640708.293961 120 3.608 -0.673 -1.502 9 0.02 4.172 -1.502 0.1216 -0.0035
1744640708.303141 120 3.608 -0.675 -1.502 9 0.02 4.175 -1.502 0.1248 -0.0035
1744640708.3082309 120 3.609 -0.676 -1.502 9 0.02 4.175 -1.502 0.1248 -0.0035
1744640708.314379 120 3.609 -0.677 -1.502 9 0.02 4.175 -1.502 0.1248 -0.0035
1744640708.321308 120 3.609 -0.679 -1.502 9 0.02 4.178 -1.502 0.1278 -0.0035
1744640708.32613 120 3.609 -0.679 -1.502 9 0.02 4.178 -1.502 0.1278 -0.0035
1744640708.330446 120 3.609 -0.681 -1.502 9 0.02 4.181 -1.502 0.1309 -0.0035
1744640708.336889 120 3.609 -0.682 -1.502 9 0.02 4.181 -1.502 0.1309 -0.0035
1744640708.3410618 120 3.609 -0.683 -1.502 9 0.02 4.181 -1.502 0.1309 -0.0035
1744640708.355097 120 3.609 -0.685 -1.502 9 0.02 4.184 -1.502 0.1338 -0.0035
1744640708.3551822 120 3.609 -0.685 -1.502 9 0.02 4.184 -1.502 0.1338 -0.0035
1744640708.360262 120 3.609 -0.687 -1.502 9 0.02 4.187 -1.502 0.1368 -0.0035
1744640708.365505 120 3.609 -0.688 -1.503 9 0.02 4.187 -1.503 0.1368 -0.0046
1744640708.370891 120 3.609 -0.689 -1.502 9 0.02 4.187 -1.502 0.1368 -0.0035
1744640708.3817248 120 3.610 -0.691 -1.502 9 0.02 4.190 -1.502 0.1398 -0.0035
1744640708.381879 120 3.610 -0.691 -1.502 9 0.02 4.190 -1.502 0.1398 -0.0035
1744640708.391784 120 3.610 -0.693 -1.502 9 0.02 4.193 -1.502 0.1429 -0.0035
1744640708.396512 120 3.610 -0.694 -1.502 9 0.02 4.193 -1.502 0.1429 -0.0035
1744640708.4036 120 3.610 -0.695 -1.502 9 0.02 4.193 -1.502 0.1429 -0.0035
1744640708.416873 120 3.610 -0.697 -1.503 9 0.02 4.196 -1.503 0.1458 -0.0046
1744640708.417016 120 3.610 -0.697 -1.503 9 0.02 4.196 -1.503 0.1458 -0.0046
1744640708.422137 120 3.610 -0.699 -1.502 9 0.02 4.199 -1.502 0.1489 -0.0035
1744640708.428355 120 3.610 -0.700 -1.502 9 0.02 4.199 -1.502 0.1489 -0.0035
1744640708.432812 120 3.610 -0.701 -1.502 9 0.02 4.199 -1.502 0.1489 -0.0035
1744640708.4399621 120 3.610 -0.703 -1.502 9 0.02 4.202 -1.502 0.1519 -0.0035
1744640708.440081 120 3.610 -0.703 -1.502 9 0.02 4.202 -1.502 0.1519 -0.0035
1744640708.449458 120 3.611 -0.705 -1.502 9 0.02 4.205 -1.502 0.1551 -0.0035
1744640708.464563 120 3.611 -0.706 -1.503 9 0.02 4.205 -1.503 0.1551 -0.0046
1744640708.469082 120 3.611 -0.707 -1.503 9 0.02 4.205 -1.503 0.1551 -0.0046
1744640708.469389 120 3.611 -0.709 -1.502 9 0.02 4.208 -1.502 0.1580 -0.0035
1744640708.4695659 120 3.611 -0.709 -1.502 9 0.02 4.208 -1.502 0.1580 -0.0035
1744640708.4855611 120 3.611 -0.711 -1.502 9 0.02 4.211 -1.502 0.1611 -0.0035
1744640708.4923441 120 3.611 -0.712 -1.503 9 0.02 4.211 -1.503 0.1611 -0.0046
1744640708.492447 120 3.611 -0.713 -1.503 9 0.02 4.211 -1.503 0.1611 -0.0046
1744640708.502081 120 3.611 -0.715 -1.502 9 0.02 4.214 -1.502 0.1641 -0.0035
1744640708.5021582 120 3.611 -0.715 -1.502 9 0.02 4.214 -1.502 0.1641 -0.0035
1744640708.517807 120 3.611 -0.717 -1.503 9 0.02 4.217 -1.503 0.1672 -0.0046
1744640708.5183349 120 3.611 -0.718 -1.502 9 0.02 4.217 -1.502 0.1672 -0.0035
1744640708.5225239 120 3.612 -0.719 -1.502 9 0.02 4.217 -1.502 0.1672 -0.0035
1744640708.5353768 120 3.612 -0.721 -1.502 9 0.02 4.220 -1.502 0.1701 -0.0035
1744640708.535489 120 3.612 -0.721 -1.502 9 0.02 4.220 -1.502 0.1701 -0.0035
1744640708.5407171 120 3.612 -0.723 -1.503 9 0.02 4.223 -1.503 0.1732 -0.0046
1744640708.545473 120 3.612 -0.724 -1.503 9 0.02 4.223 -1.503 0.1732 -0.0046
1744640708.560863 120 3.612 -0.725 -1.503 9 0.02 4.223 -1.503 0.1732 -0.0046
1744640708.570034 120 3.612 -0.727 -1.502 9 0.02 4.227 -1.502 0.1763 -0.0035
1744640708.570152 120 3.612 -0.727 -1.502 9 0.02 4.227 -1.502 0.1763 -0.0035
1744640708.5759208 120 3.612 -0.729 -1.503 9 0.02 4.229 -1.503 0.1792 -0.0046
1744640708.5764768 120 3.612 -0.730 -1.503 9 0.02 4.229 -1.503 0.1792 -0.0046
1744640708.580862 120 3.612 -0.731 -1.505 9 0.02 4.229 -1.505 0.1792 -0.0058
1744640708.5915258 120 3.612 -0.733 -1.503 9 0.02 4.232 -1.503 0.1821 -0.0046
1744640708.591601 120 3.612 -0.733 -1.503 9 0.02 4.232 -1.503 0.1821 -0.0046
1744640708.602819 120 3.613 -0.735 -1.505 9 0.02 4.235 -1.505 0.1851 -0.0058
1744640708.608304 120 3.613 -0.736 -1.503 9 0.02 4.235 -1.503 0.1851 -0.0046
1744640708.6227021 120 3.613 -0.737 -1.503 9 0.02 4.235 -1.503 0.1851 -0.0046
1744640708.630974 120 3.613 -0.739 -1.503 9 0.02 4.238 -1.503 0.1881 -0.0046
1744640708.631008 120 3.613 -0.739 -1.503 9 0.02 4.238 -1.503 0.1881 -0.0046
1744640708.63119 120 3.613 -0.741 -1.503 9 0.02 4.241 -1.503 0.1912 -0.0046
1744640708.647425 120 3.613 -0.742 -1.505 9 0.02 4.241 -1.505 0.1912 -0.0058
1744640708.647634 120 3.613 -0.743 -1.503 9 0.02 4.241 -1.503 0.1912 -0.0046
1744640708.664362 120 3.613 -0.745 -1.503 9 0.02 4.244 -1.503 0.1941 -0.0046
1744640708.664424 120 3.613 -0.745 -1.503 9 0.02 4.244 -1.503 0.1941 -0.0046
1744640708.67806 120 3.613 -0.747 -1.503 9 0.02 4.248 -1.503 0.1973 -0.0046
1744640708.678211 120 3.613 -0.748 -1.502 9 0.02 4.248 -1.502 0.1973 -0.0035
1744640708.6783009 120 3.614 -0.749 -1.503 9 0.02 4.248 -1.503 0.1973 -0.0046
1744640708.685455 120 3.614 -0.751 -1.503 9 0.02 4.250 -1.503 0.2002 -0.0046
1744640708.685527 120 3.614 -0.751 -1.503 9 0.02 4.250 -1.503 0.2002 -0.0046
% 1744640708.686489 robobot/cmd/ti/rc 0.0 0.0
1744640708.694388 120 3.614 -0.753 -1.503 9 0.02 4.253 -1.503 0.2032 -0.0046
1744640708.700453 120 3.614 -0.754 -1.503 9 0.02 4.253 -1.503 0.2032 -0.0046
1744640708.700772 120 3.614 -0.755 -1.503 9 0.02 4.253 -1.503 0.2032 -0.0046
1744640708.712796 120 3.614 -0.757 -1.503 9 0.02 4.256 -1.503 0.2061 -0.0046
1744640708.712896 120 3.614 -0.757 -1.503 9 0.02 4.256 -1.503 0.2061 -0.0046
1744640708.726353 120 3.614 -0.758 -1.503 9 0.02 4.259 -1.503 0.2088 -0.0046
1744640708.726878 120 3.614 -0.758 -1.505 9 0.02 4.259 -1.505 0.2088 -0.0058
1744640708.731982 120 3.614 -0.758 -1.502 9 0.02 4.259 -1.502 0.2088 -0.0035
1744640708.743932 120 3.614 -0.759 -1.501 9 0.02 4.260 -1.501 0.2095 -0.0023
1744640708.744041 120 3.614 -0.759 -1.501 9 0.02 4.260 -1.501 0.2095 -0.0023
1744640708.759743 120 3.614 -0.760 -1.499 9 0.02 4.261 -1.499 0.2106 0.0000
1744640708.760191 120 3.614 -0.761 -1.499 9 0.02 4.261 -1.499 0.2106 0.0000
1744640708.7667441 120 3.614 -0.761 -1.500 9 0.02 4.261 -1.500 0.2106 -0.0011
1744640708.77246 120 3.614 -0.762 -1.502 9 0.02 4.263 -1.502 0.2128 -0.0035
1744640708.772565 120 3.614 -0.762 -1.502 9 0.02 4.263 -1.502 0.2128 -0.0035
1744640708.782196 120 3.614 -0.763 -1.503 9 0.02 4.265 -1.503 0.2146 -0.0046
1744640708.787916 120 3.614 -0.763 -1.503 9 0.02 4.265 -1.503 0.2146 -0.0046
% 1744640708.788584 robobot/cmd/ti/rc 0.0 0.0
% 1744640708.788737 robobot/cmd/T0/leds 16 0 0 0
% 1744640708.788954 robobot/cmd/T0/leds 16 0 100 0
% 1744640708.789182 robobot/cmd/ti/rc 0.2 0.0
1744640708.797663 120 3.614 -0.763 -1.503 9 0.02 4.265 -1.503 0.0000 0.0000
1744640708.804001 120 3.614 -0.763 -1.503 9 0.02 4.266 -1.503 0.0008 0.0000
1744640708.804064 120 3.614 -0.763 -1.503 9 0.02 4.266 -1.503 0.0008 0.0000
1744640708.810944 120 3.614 -0.763 -1.505 9 0.02 4.266 -1.505 0.0012 -0.0012
1744640708.815298 120 3.614 -0.763 -1.505 9 0.02 4.266 -1.505 0.0012 -0.0012
1744640708.82003 120 3.614 -0.763 -1.505 9 0.02 4.266 -1.505 0.0012 -0.0012
1744640708.8313541 120 3.615 -0.764 -1.505 9 0.02 4.266 -1.505 0.0017 -0.0012
1744640708.831431 120 3.615 -0.764 -1.505 9 0.02 4.266 -1.505 0.0017 -0.0012
1744640708.8465111 120 3.615 -0.766 -1.505 9 0.02 4.268 -1.505 0.0030 -0.0012
1744640708.851385 120 3.615 -0.766 -1.506 9 0.02 4.268 -1.506 0.0030 -0.0023
1744640708.851563 120 3.615 -0.766 -1.507 9 0.02 4.268 -1.507 0.0030 -0.0035
1744640708.86318 120 3.615 -0.767 -1.509 9 0.02 4.270 -1.509 0.0048 -0.0058
1744640708.8632488 120 3.615 -0.767 -1.509 9 0.02 4.270 -1.509 0.0048 -0.0058
1744640708.874461 120 3.615 -0.767 -1.508 9 0.02 4.271 -1.508 0.0058 -0.0046
1744640708.88996 120 3.615 -0.767 -1.509 9 0.02 4.271 -1.509 0.0058 -0.0058
1744640708.894907 120 3.615 -0.767 -1.510 9 0.02 4.271 -1.510 0.0058 -0.0070
1744640708.895415 120 3.615 -0.768 -1.510 9 0.02 4.271 -1.510 0.0063 -0.0070
1744640708.895514 120 3.615 -0.768 -1.510 9 0.02 4.271 -1.510 0.0063 -0.0070
1744640708.904861 120 3.615 -0.769 -1.509 9 0.02 4.272 -1.509 0.0073 -0.0058
1744640708.9052339 120 3.615 -0.769 -1.510 9 0.02 4.272 -1.510 0.0073 -0.0070
1744640708.915182 120 3.615 -0.770 -1.510 9 0.02 4.272 -1.510 0.0073 -0.0070
1744640708.9275851 120 3.615 -0.772 -1.509 9 0.02 4.274 -1.509 0.0089 -0.0058
1744640708.927656 120 3.615 -0.772 -1.509 9 0.02 4.274 -1.509 0.0089 -0.0058
1744640708.941021 120 3.615 -0.773 -1.510 9 0.02 4.276 -1.510 0.0113 -0.0070
1744640708.945672 120 3.615 -0.774 -1.509 9 0.02 4.276 -1.509 0.0113 -0.0058
1744640708.945786 120 3.615 -0.775 -1.509 9 0.02 4.276 -1.509 0.0113 -0.0058
1744640708.950572 120 3.615 -0.777 -1.509 9 0.02 4.279 -1.509 0.0138 -0.0058
1744640708.95063 120 3.615 -0.777 -1.509 9 0.02 4.279 -1.509 0.0138 -0.0058
1744640708.9660318 120 3.615 -0.779 -1.509 9 0.02 4.282 -1.509 0.0167 -0.0058
1744640708.966198 120 3.616 -0.780 -1.509 9 0.02 4.282 -1.509 0.0167 -0.0058
1744640708.974147 120 3.616 -0.781 -1.510 9 0.02 4.282 -1.510 0.0167 -0.0070
1744640708.983933 120 3.616 -0.783 -1.512 9 0.02 4.285 -1.512 0.0199 -0.0081
1744640708.984035 120 3.616 -0.783 -1.512 9 0.02 4.285 -1.512 0.0199 -0.0081
1744640708.992409 120 3.616 -0.786 -1.510 9 0.02 4.288 -1.510 0.0234 -0.0070
1744640709.010367 120 3.616 -0.787 -1.512 9 0.02 4.288 -1.512 0.0234 -0.0081
1744640709.014724 120 3.616 -0.788 -1.513 9 0.02 4.288 -1.513 0.0234 -0.0093
1744640709.015212 120 3.616 -0.790 -1.513 9 0.02 4.292 -1.513 0.0268 -0.0093
1744640709.015305 120 3.616 -0.790 -1.513 9 0.02 4.292 -1.513 0.0268 -0.0093
1744640709.022815 120 3.616 -0.793 -1.513 9 0.02 4.295 -1.513 0.0305 -0.0093
1744640709.030617 120 3.616 -0.794 -1.514 9 0.02 4.295 -1.514 0.0305 -0.0104
1744640709.037081 120 3.616 -0.795 -1.513 9 0.02 4.295 -1.513 0.0305 -0.0093
1744640709.0428932 120 3.617 -0.797 -1.512 9 0.02 4.299 -1.512 0.0340 -0.0081
1744640709.043008 120 3.617 -0.797 -1.512 9 0.02 4.299 -1.512 0.0340 -0.0081
1744640709.067117 120 3.617 -0.800 -1.512 9 0.02 4.302 -1.512 0.0376 -0.0081
1744640709.068002 120 3.617 -0.801 -1.512 9 0.02 4.302 -1.512 0.0376 -0.0081
1744640709.0733418 120 3.617 -0.802 -1.510 9 0.02 4.302 -1.510 0.0376 -0.0070
1744640709.073643 120 3.617 -0.805 -1.510 9 0.02 4.306 -1.510 0.0410 -0.0070
1744640709.073696 120 3.617 -0.805 -1.510 9 0.02 4.306 -1.510 0.0410 -0.0070
1744640709.0808861 120 3.617 -0.807 -1.512 9 0.02 4.309 -1.512 0.0444 -0.0081
1744640709.089387 120 3.617 -0.808 -1.512 9 0.02 4.309 -1.512 0.0444 -0.0081
1744640709.093539 120 3.617 -0.809 -1.512 9 0.02 4.309 -1.512 0.0444 -0.0081
1744640709.1033092 120 3.617 -0.811 -1.513 9 0.02 4.313 -1.513 0.0481 -0.0093
1744640709.103405 120 3.617 -0.811 -1.513 9 0.02 4.313 -1.513 0.0481 -0.0093
1744640709.112701 120 3.618 -0.814 -1.513 9 0.02 4.316 -1.513 0.0514 -0.0093
1744640709.11954 120 3.618 -0.815 -1.513 9 0.02 4.316 -1.513 0.0514 -0.0093
1744640709.123734 120 3.618 -0.816 -1.514 9 0.02 4.316 -1.514 0.0514 -0.0104
1744640709.1348531 120 3.618 -0.818 -1.514 9 0.02 4.320 -1.514 0.0549 -0.0104
1744640709.135029 120 3.618 -0.818 -1.514 9 0.02 4.320 -1.514 0.0549 -0.0104
1744640709.1458502 120 3.618 -0.820 -1.515 9 0.02 4.323 -1.515 0.0581 -0.0116
1744640709.150221 120 3.618 -0.821 -1.516 9 0.02 4.323 -1.516 0.0581 -0.0127
1744640709.150316 120 3.618 -0.823 -1.516 9 0.02 4.323 -1.516 0.0581 -0.0127
1744640709.167447 120 3.618 -0.825 -1.516 9 0.02 4.326 -1.516 0.0616 -0.0127
1744640709.16753 120 3.618 -0.825 -1.516 9 0.02 4.326 -1.516 0.0616 -0.0127
1744640709.17291 120 3.618 -0.827 -1.517 9 0.02 4.330 -1.517 0.0647 -0.0139
1744640709.1795452 120 3.618 -0.828 -1.517 9 0.02 4.330 -1.517 0.0647 -0.0139
1744640709.179596 120 3.618 -0.829 -1.517 9 0.02 4.330 -1.517 0.0647 -0.0139
1744640709.193089 120 3.619 -0.831 -1.517 9 0.02 4.333 -1.517 0.0681 -0.0139
1744640709.193117 120 3.619 -0.831 -1.517 9 0.02 4.333 -1.517 0.0681 -0.0139
1744640709.202053 120 3.619 -0.833 -1.518 9 0.02 4.336 -1.518 0.0711 -0.0150
1744640709.209952 120 3.619 -0.834 -1.518 9 0.02 4.336 -1.518 0.0711 -0.0150
1744640709.214237 120 3.619 -0.835 -1.518 9 0.02 4.336 -1.518 0.0711 -0.0150
1744640709.223386 120 3.619 -0.837 -1.520 9 0.02 4.339 -1.520 0.0743 -0.0162
1744640709.2234108 120 3.619 -0.837 -1.520 9 0.02 4.339 -1.520 0.0743 -0.0162
1744640709.2347488 120 3.619 -0.839 -1.518 9 0.02 4.342 -1.518 0.0772 -0.0150
1744640709.239378 120 3.619 -0.840 -1.518 9 0.02 4.342 -1.518 0.0772 -0.0150
1744640709.243503 120 3.619 -0.842 -1.518 9 0.02 4.342 -1.518 0.0772 -0.0150
1744640709.285474 120 3.619 -0.843 -1.520 9 0.02 4.345 -1.520 0.0803 -0.0162
1744640709.285604 120 3.619 -0.843 -1.520 9 0.02 4.345 -1.520 0.0803 -0.0162
1744640709.28589 120 3.619 -0.845 -1.520 9 0.02 4.348 -1.520 0.0832 -0.0162
1744640709.2860081 120 3.619 -0.846 -1.520 9 0.02 4.348 -1.520 0.0832 -0.0162
1744640709.286122 120 3.619 -0.847 -1.521 9 0.02 4.348 -1.521 0.0832 -0.0174
1744640709.3090408 120 3.619 -0.849 -1.521 9 0.02 4.351 -1.521 0.0859 -0.0174
1744640709.309112 120 3.619 -0.849 -1.521 9 0.02 4.351 -1.521 0.0859 -0.0174
1744640709.3093581 120 3.620 -0.851 -1.521 9 0.02 4.354 -1.521 0.0888 -0.0174
1744640709.309482 120 3.620 -0.852 -1.521 9 0.02 4.354 -1.521 0.0888 -0.0174
1744640709.314333 120 3.620 -0.853 -1.521 9 0.02 4.354 -1.521 0.0888 -0.0174
1744640709.314579 120 3.620 -0.855 -1.521 9 0.02 4.356 -1.521 0.0915 -0.0174
1744640709.3146272 120 3.620 -0.855 -1.521 9 0.02 4.356 -1.521 0.0915 -0.0174
1744640709.329947 120 3.620 -0.856 -1.521 9 0.02 4.359 -1.521 0.0944 -0.0174
1744640709.3302772 120 3.620 -0.857 -1.521 9 0.02 4.359 -1.521 0.0944 -0.0174
1744640709.360908 120 3.620 -0.858 -1.521 9 0.02 4.359 -1.521 0.0944 -0.0174
1744640709.3610392 120 3.620 -0.860 -1.518 9 0.02 4.362 -1.518 0.0971 -0.0150
1744640709.361063 120 3.620 -0.860 -1.518 9 0.02 4.362 -1.518 0.0971 -0.0150
1744640709.3660579 120 3.620 -0.862 -1.518 9 0.02 4.365 -1.518 0.1000 -0.0150
1744640709.366121 120 3.620 -0.863 -1.518 9 0.02 4.365 -1.518 0.1000 -0.0150
1744640709.3661618 120 3.620 -0.864 -1.518 9 0.02 4.365 -1.518 0.1000 -0.0150
1744640709.3779352 120 3.620 -0.866 -1.517 9 0.02 4.368 -1.517 0.1030 -0.0139
1744640709.377963 120 3.620 -0.866 -1.517 9 0.02 4.368 -1.517 0.1030 -0.0139
1744640709.401685 120 3.620 -0.868 -1.517 9 0.02 4.370 -1.517 0.1057 -0.0139
1744640709.401768 120 3.620 -0.869 -1.517 9 0.02 4.370 -1.517 0.1057 -0.0139
1744640709.40182 120 3.620 -0.870 -1.517 9 0.02 4.370 -1.517 0.1057 -0.0139
1744640709.406698 120 3.621 -0.872 -1.516 9 0.02 4.373 -1.516 0.1087 -0.0127
1744640709.406736 120 3.621 -0.872 -1.516 9 0.02 4.373 -1.516 0.1087 -0.0127
1744640709.4139478 120 3.621 -0.874 -1.516 9 0.02 4.376 -1.516 0.1115 -0.0127
1744640709.4240909 120 3.621 -0.874 -1.515 9 0.02 4.376 -1.515 0.1115 -0.0116
1744640709.424156 120 3.621 -0.876 -1.516 9 0.02 4.376 -1.516 0.1115 -0.0127
1744640709.432822 120 3.621 -0.877 -1.516 9 0.02 4.379 -1.516 0.1143 -0.0127
1744640709.4328551 120 3.621 -0.877 -1.516 9 0.02 4.379 -1.516 0.1143 -0.0127
1744640709.445251 120 3.621 -0.879 -1.515 9 0.02 4.382 -1.515 0.1173 -0.0116
1744640709.4680781 120 3.621 -0.880 -1.515 9 0.02 4.382 -1.515 0.1173 -0.0116
1744640709.468155 120 3.621 -0.882 -1.515 9 0.02 4.382 -1.515 0.1173 -0.0116
1744640709.4826539 120 3.621 -0.884 -1.514 9 0.02 4.385 -1.514 0.1203 -0.0104
1744640709.482687 120 3.621 -0.884 -1.514 9 0.02 4.385 -1.514 0.1203 -0.0104
1744640709.4828138 120 3.621 -0.886 -1.515 9 0.02 4.388 -1.515 0.1234 -0.0116
1744640709.4828942 120 3.621 -0.886 -1.514 9 0.02 4.388 -1.514 0.1234 -0.0104
1744640709.491638 120 3.621 -0.887 -1.515 9 0.02 4.388 -1.515 0.1234 -0.0116
1744640709.495829 120 3.622 -0.889 -1.514 9 0.02 4.391 -1.514 0.1262 -0.0104
1744640709.495855 120 3.622 -0.889 -1.514 9 0.02 4.391 -1.514 0.1262 -0.0104
1744640709.5261528 120 3.622 -0.892 -1.514 9 0.02 4.394 -1.514 0.1294 -0.0104
1744640709.52622 120 3.622 -0.892 -1.514 9 0.02 4.394 -1.514 0.1294 -0.0104
1744640709.526258 120 3.622 -0.894 -1.514 9 0.02 4.394 -1.514 0.1294 -0.0104
1744640709.5323431 120 3.622 -0.896 -1.514 9 0.02 4.397 -1.514 0.1324 -0.0104
1744640709.5323699 120 3.622 -0.896 -1.514 9 0.02 4.397 -1.514 0.1324 -0.0104
1744640709.53251 120 3.622 -0.897 -1.513 9 0.02 4.400 -1.513 0.1354 -0.0093
1744640709.538701 120 3.622 -0.898 -1.513 9 0.02 4.400 -1.513 0.1354 -0.0093
1744640709.544368 120 3.622 -0.899 -1.514 9 0.02 4.400 -1.514 0.1354 -0.0104
1744640709.5543082 120 3.622 -0.901 -1.513 9 0.02 4.403 -1.513 0.1384 -0.0093
1744640709.5543349 120 3.622 -0.901 -1.513 9 0.02 4.403 -1.513 0.1384 -0.0093
1744640709.568129 120 3.622 -0.904 -1.513 9 0.02 4.406 -1.513 0.1415 -0.0093
1744640709.572393 120 3.622 -0.905 -1.513 9 0.02 4.406 -1.513 0.1415 -0.0093
1744640709.572417 120 3.622 -0.905 -1.513 9 0.02 4.406 -1.513 0.1415 -0.0093
1744640709.5848908 120 3.623 -0.907 -1.513 9 0.02 4.409 -1.513 0.1444 -0.0093
1744640709.584942 120 3.623 -0.908 -1.513 9 0.02 4.409 -1.513 0.1444 -0.0093
1744640709.5954418 120 3.623 -0.909 -1.513 9 0.02 4.412 -1.513 0.1477 -0.0093
1744640709.59554 120 3.623 -0.911 -1.513 9 0.02 4.412 -1.513 0.1477 -0.0093
1744640709.6035619 120 3.623 -0.911 -1.513 9 0.02 4.412 -1.513 0.1477 -0.0093
1744640709.612323 120 3.623 -0.913 -1.512 9 0.02 4.415 -1.512 0.1507 -0.0081
1744640709.612376 120 3.623 -0.914 -1.512 9 0.02 4.415 -1.512 0.1507 -0.0081
1744640709.6269581 120 3.623 -0.915 -1.513 9 0.02 4.419 -1.513 0.1538 -0.0093
1744640709.6334028 120 3.623 -0.917 -1.512 9 0.02 4.419 -1.512 0.1538 -0.0081
1744640709.633431 120 3.623 -0.917 -1.512 9 0.02 4.419 -1.512 0.1538 -0.0081
1744640709.64416 120 3.623 -0.919 -1.512 9 0.02 4.422 -1.512 0.1569 -0.0081
1744640709.644227 120 3.623 -0.920 -1.510 9 0.02 4.422 -1.510 0.1569 -0.0070
1744640709.6587908 120 3.623 -0.921 -1.512 9 0.02 4.425 -1.512 0.1602 -0.0081
1744640709.663092 120 3.624 -0.923 -1.510 9 0.02 4.425 -1.510 0.1602 -0.0070
1744640709.663132 120 3.624 -0.923 -1.510 9 0.02 4.425 -1.510 0.1602 -0.0070
1744640709.681967 120 3.624 -0.925 -1.509 9 0.02 4.428 -1.509 0.1631 -0.0058
1744640709.682136 120 3.624 -0.926 -1.509 9 0.02 4.428 -1.509 0.1631 -0.0058
1744640709.6900978 120 3.624 -0.927 -1.510 9 0.02 4.431 -1.510 0.1660 -0.0070
1744640709.69026 120 3.624 -0.929 -1.509 9 0.02 4.431 -1.509 0.1660 -0.0058
1744640709.690363 120 3.624 -0.929 -1.509 9 0.02 4.431 -1.509 0.1660 -0.0058
1744640709.701949 120 3.624 -0.931 -1.509 9 0.02 4.434 -1.509 0.1692 -0.0058
1744640709.7021482 120 3.624 -0.932 -1.509 9 0.02 4.434 -1.509 0.1692 -0.0058
1744640709.711021 120 3.624 -0.933 -1.509 9 0.02 4.437 -1.509 0.1720 -0.0058
1744640709.717737 120 3.624 -0.935 -1.509 9 0.02 4.437 -1.509 0.1720 -0.0058
1744640709.723757 120 3.624 -0.935 -1.509 9 0.02 4.437 -1.509 0.1720 -0.0058
1744640709.734106 120 3.624 -0.937 -1.509 9 0.02 4.440 -1.509 0.1751 -0.0058
1744640709.7344089 120 3.624 -0.938 -1.509 9 0.02 4.440 -1.509 0.1751 -0.0058
1744640709.740272 120 3.625 -0.939 -1.509 9 0.02 4.443 -1.509 0.1779 -0.0058
1744640709.745803 120 3.625 -0.941 -1.509 9 0.02 4.443 -1.509 0.1779 -0.0058
1744640709.7503831 120 3.625 -0.941 -1.509 9 0.02 4.443 -1.509 0.1779 -0.0058
1744640709.76289 120 3.625 -0.943 -1.508 9 0.02 4.446 -1.508 0.1809 -0.0046
1744640709.763173 120 3.625 -0.944 -1.508 9 0.02 4.446 -1.508 0.1809 -0.0046
1744640709.7741451 120 3.625 -0.945 -1.509 9 0.02 4.448 -1.509 0.1837 -0.0058
1744640709.780826 120 3.625 -0.947 -1.508 9 0.02 4.448 -1.508 0.1837 -0.0046
1744640709.780925 120 3.625 -0.947 -1.508 9 0.02 4.448 -1.508 0.1837 -0.0046
1744640709.7915149 120 3.625 -0.949 -1.509 9 0.02 4.452 -1.509 0.1868 -0.0058
1744640709.7918022 120 3.625 -0.950 -1.509 9 0.02 4.452 -1.509 0.1868 -0.0058
1744640709.8007839 120 3.625 -0.951 -1.509 9 0.02 4.454 -1.509 0.1896 -0.0058
1744640709.809763 120 3.625 -0.953 -1.508 9 0.02 4.454 -1.508 0.1896 -0.0046
1744640709.8099031 120 3.625 -0.953 -1.508 9 0.02 4.454 -1.508 0.1896 -0.0046
1744640709.8253 120 3.626 -0.955 -1.508 9 0.02 4.457 -1.508 0.1926 -0.0046
1744640709.825602 120 3.626 -0.956 -1.508 9 0.02 4.457 -1.508 0.1926 -0.0046
1744640709.830698 120 3.626 -0.957 -1.508 9 0.02 4.460 -1.508 0.1957 -0.0046
1744640709.835823 120 3.626 -0.959 -1.508 9 0.02 4.460 -1.508 0.1957 -0.0046
1744640709.840779 120 3.626 -0.959 -1.508 9 0.02 4.460 -1.508 0.1957 -0.0046
1744640709.85273 120 3.626 -0.961 -1.508 9 0.02 4.463 -1.508 0.1986 -0.0046
1744640709.8530781 120 3.626 -0.961 -1.508 9 0.02 4.463 -1.508 0.1986 -0.0046
1744640709.8678699 120 3.626 -0.963 -1.508 9 0.02 4.466 -1.508 0.2017 -0.0046
1744640709.868063 120 3.626 -0.965 -1.508 9 0.02 4.466 -1.508 0.2017 -0.0046
1744640709.8723829 120 3.626 -0.965 -1.508 9 0.02 4.466 -1.508 0.2017 -0.0046
1744640709.8851058 120 3.626 -0.967 -1.508 9 0.02 4.469 -1.508 0.2046 -0.0046
1744640709.8853388 120 3.626 -0.967 -1.509 9 0.02 4.469 -1.509 0.2046 -0.0058
1744640709.891856 120 3.626 -0.969 -1.508 9 0.02 4.472 -1.508 0.2075 -0.0046
1744640709.896825 120 3.627 -0.971 -1.509 9 0.02 4.472 -1.509 0.2075 -0.0058
1744640709.900982 120 3.627 -0.971 -1.509 9 0.02 4.472 -1.509 0.2075 -0.0058
1744640709.912134 120 3.627 -0.973 -1.508 9 0.02 4.475 -1.508 0.2106 -0.0046
1744640709.912569 120 3.627 -0.973 -1.508 9 0.02 4.475 -1.508 0.2106 -0.0046
1744640709.922571 120 3.627 -0.975 -1.508 9 0.02 4.478 -1.508 0.2137 -0.0046
1744640709.92738 120 3.627 -0.977 -1.508 9 0.02 4.478 -1.508 0.2137 -0.0046
1744640709.931774 120 3.627 -0.977 -1.508 9 0.02 4.478 -1.508 0.2137 -0.0046
1744640709.946475 120 3.627 -0.979 -1.509 9 0.02 4.481 -1.509 0.2166 -0.0058
1744640709.946885 120 3.627 -0.979 -1.508 9 0.02 4.481 -1.508 0.2166 -0.0046
1744640709.954226 120 3.627 -0.981 -1.508 9 0.02 4.484 -1.508 0.2194 -0.0046
1744640710.001353 120 3.627 -0.982 -1.508 9 0.02 4.484 -1.508 0.2194 -0.0046
1744640710.001504 120 3.627 -0.982 -1.508 9 0.02 4.484 -1.508 0.2194 -0.0046
1744640710.002172 120 3.627 -0.985 -1.508 9 0.02 4.487 -1.508 0.2225 -0.0046
1744640710.0024588 120 3.627 -0.985 -1.508 9 0.02 4.487 -1.508 0.2225 -0.0046
1744640710.00288 120 3.628 -0.987 -1.509 9 0.02 4.490 -1.509 0.2254 -0.0058
1744640710.0032158 120 3.628 -0.989 -1.508 9 0.02 4.490 -1.508 0.2254 -0.0046
1744640710.003312 120 3.628 -0.989 -1.508 9 0.02 4.490 -1.508 0.2254 -0.0046
1744640710.008609 120 3.628 -0.991 -1.507 9 0.02 4.493 -1.507 0.2286 -0.0035
1744640710.0088398 120 3.628 -0.991 -1.507 9 0.02 4.493 -1.507 0.2286 -0.0035
1744640710.015438 120 3.628 -0.993 -1.507 9 0.02 4.496 -1.507 0.2315 -0.0035
1744640710.026544 120 3.628 -0.995 -1.508 9 0.02 4.496 -1.508 0.2315 -0.0046
1744640710.026617 120 3.628 -0.995 -1.508 9 0.02 4.496 -1.508 0.2315 -0.0046
1744640710.059427 120 3.628 -0.997 -1.507 9 0.02 4.499 -1.507 0.2347 -0.0035
1744640710.059856 120 3.628 -0.997 -1.507 9 0.02 4.499 -1.507 0.2347 -0.0035
1744640710.0645912 120 3.628 -0.999 -1.507 9 0.02 4.502 -1.507 0.2375 -0.0035
1744640710.064949 120 3.628 -1.001 -1.507 9 0.02 4.502 -1.507 0.2375 -0.0035
1744640710.065115 120 3.628 -1.001 -1.507 9 0.02 4.502 -1.507 0.2375 -0.0035
1744640710.093389 120 3.629 -1.003 -1.508 9 0.02 4.505 -1.508 0.2406 -0.0046
1744640710.0938659 120 3.629 -1.003 -1.508 9 0.02 4.505 -1.508 0.2406 -0.0046
1744640710.094173 120 3.629 -1.005 -1.507 9 0.02 4.508 -1.507 0.2435 -0.0035
1744640710.101129 120 3.629 -1.007 -1.506 9 0.02 4.508 -1.506 0.2435 -0.0023
1744640710.1012359 120 3.629 -1.007 -1.506 9 0.02 4.508 -1.506 0.2435 -0.0023
1744640710.1016781 120 3.629 -1.009 -1.507 9 0.02 4.511 -1.507 0.2467 -0.0035
1744640710.101853 120 3.629 -1.009 -1.507 9 0.02 4.511 -1.507 0.2467 -0.0035
1744640710.11104 120 3.629 -1.011 -1.507 9 0.02 4.514 -1.507 0.2496 -0.0035
1744640710.1113641 120 3.629 -1.013 -1.507 9 0.02 4.514 -1.507 0.2496 -0.0035
1744640710.1114612 120 3.629 -1.013 -1.507 9 0.02 4.514 -1.507 0.2496 -0.0035
1744640710.12741 120 3.629 -1.015 -1.507 9 0.02 4.518 -1.507 0.2527 -0.0035
1744640710.127674 120 3.629 -1.016 -1.507 9 0.02 4.518 -1.507 0.2527 -0.0035
1744640710.1436548 120 3.629 -1.017 -1.507 9 0.02 4.520 -1.507 0.2556 -0.0035
1744640710.152152 120 3.630 -1.019 -1.507 9 0.02 4.520 -1.507 0.2556 -0.0035
1744640710.152235 120 3.630 -1.019 -1.507 9 0.02 4.520 -1.507 0.2556 -0.0035
1744640710.160446 120 3.630 -1.021 -1.507 9 0.02 4.523 -1.507 0.2587 -0.0035
1744640710.1605911 120 3.630 -1.021 -1.507 9 0.02 4.523 -1.507 0.2587 -0.0035
1744640710.165896 120 3.630 -1.023 -1.508 9 0.02 4.526 -1.508 0.2615 -0.0046
1744640710.170403 120 3.630 -1.025 -1.507 9 0.02 4.526 -1.507 0.2615 -0.0035
1744640710.170474 120 3.630 -1.025 -1.507 9 0.02 4.526 -1.507 0.2615 -0.0035
1744640710.18198 120 3.630 -1.027 -1.508 9 0.02 4.529 -1.508 0.2646 -0.0046
1744640710.182274 120 3.630 -1.027 -1.508 9 0.02 4.529 -1.508 0.2646 -0.0046
1744640710.191963 120 3.630 -1.029 -1.507 9 0.02 4.532 -1.507 0.2675 -0.0035
1744640710.1965382 120 3.630 -1.031 -1.508 9 0.02 4.532 -1.508 0.2675 -0.0046
1744640710.2009459 120 3.630 -1.031 -1.508 9 0.02 4.532 -1.508 0.2675 -0.0046
1744640710.210776 120 3.630 -1.032 -1.508 9 0.02 4.535 -1.508 0.2704 -0.0046
1744640710.211081 120 3.630 -1.033 -1.508 9 0.02 4.535 -1.508 0.2704 -0.0046
1744640710.226783 120 3.631 -1.034 -1.508 9 0.02 4.538 -1.508 0.2736 -0.0046
1744640710.234478 120 3.631 -1.036 -1.508 9 0.02 4.538 -1.508 0.2736 -0.0046
1744640710.234584 120 3.631 -1.036 -1.508 9 0.02 4.538 -1.508 0.2736 -0.0046
1744640710.2469919 120 3.631 -1.038 -1.508 9 0.02 4.541 -1.508 0.2765 -0.0046
1744640710.247272 120 3.631 -1.039 -1.508 9 0.02 4.541 -1.508 0.2765 -0.0046
1744640710.2521548 120 3.631 -1.040 -1.507 9 0.02 4.544 -1.507 0.2794 -0.0035
1744640710.2631512 120 3.631 -1.042 -1.508 9 0.02 4.544 -1.508 0.2794 -0.0046
1744640710.267393 120 3.631 -1.042 -1.508 9 0.02 4.544 -1.508 0.2794 -0.0046
1744640710.2738938 120 3.631 -1.044 -1.507 9 0.02 4.547 -1.507 0.2826 -0.0035
1744640710.2740831 120 3.631 -1.045 -1.507 9 0.02 4.547 -1.507 0.2826 -0.0035
1744640710.284381 120 3.631 -1.046 -1.508 9 0.02 4.550 -1.508 0.2855 -0.0046
1744640710.289242 120 3.631 -1.048 -1.507 9 0.02 4.550 -1.507 0.2855 -0.0035
1744640710.293566 120 3.631 -1.048 -1.507 9 0.02 4.550 -1.507 0.2855 -0.0035
1744640710.304269 120 3.632 -1.050 -1.508 9 0.02 4.553 -1.508 0.2887 -0.0046
1744640710.3044858 120 3.632 -1.051 -1.508 9 0.02 4.553 -1.508 0.2887 -0.0046
1744640710.317206 120 3.632 -1.053 -1.508 9 0.02 4.556 -1.508 0.2916 -0.0046
% 1744640710.3180978 robobot/cmd/ti/rc 0.0 0.0
1744640710.325341 120 3.632 -1.055 -1.507 9 0.02 4.556 -1.507 0.2916 -0.0035
1744640710.3254359 120 3.632 -1.055 -1.507 9 0.02 4.556 -1.507 0.2916 -0.0035
1744640710.331546 120 3.632 -1.057 -1.508 9 0.02 4.560 -1.508 0.2947 -0.0046
1744640710.337155 120 3.632 -1.057 -1.509 9 0.02 4.560 -1.509 0.2947 -0.0058
1744640710.344081 120 3.632 -1.058 -1.508 9 0.02 4.562 -1.508 0.2972 -0.0046
1744640710.3489149 120 3.632 -1.058 -1.509 9 0.02 4.562 -1.509 0.2972 -0.0058
1744640710.3545558 120 3.632 -1.058 -1.509 9 0.02 4.562 -1.509 0.2972 -0.0058
1744640710.3630762 120 3.632 -1.058 -1.510 9 0.02 4.563 -1.510 0.2985 -0.0070
1744640710.3682802 120 3.632 -1.059 -1.510 9 0.02 4.563 -1.510 0.2985 -0.0070
1744640710.373326 120 3.632 -1.059 -1.508 9 0.02 4.564 -1.508 0.2993 -0.0046
1744640710.3807878 120 3.632 -1.060 -1.506 9 0.02 4.564 -1.506 0.2993 -0.0023
1744640710.3852339 120 3.632 -1.060 -1.506 9 0.02 4.564 -1.506 0.2993 -0.0023
1744640710.389934 120 3.632 -1.062 -1.503 9 0.02 4.566 -1.503 0.3011 0.0000
1744640710.394164 120 3.632 -1.062 -1.503 9 0.02 4.566 -1.503 0.3011 0.0000
1744640710.408452 120 3.632 -1.062 -1.503 9 0.02 4.567 -1.503 0.3024 0.0000
1744640710.413016 120 3.632 -1.062 -1.503 9 0.02 4.567 -1.503 0.3024 0.0000
1744640710.413109 120 3.632 -1.062 -1.503 9 0.02 4.567 -1.503 0.3024 0.0000
1744640710.423101 120 3.632 -1.063 -1.503 9 0.02 4.568 -1.503 0.3033 0.0000
1744640710.423429 120 3.632 -1.063 -1.503 9 0.02 4.568 -1.503 0.3033 0.0000
1744640710.434526 120 3.632 -1.063 -1.503 9 0.02 4.569 -1.503 0.3039 0.0000
1744640710.439917 120 3.632 -1.063 -1.503 9 0.02 4.569 -1.503 0.3039 0.0000
1744640710.444274 120 3.632 -1.063 -1.503 9 0.02 4.569 -1.503 0.3039 0.0000
1744640710.4571872 120 3.632 -1.062 -1.505 9 0.02 4.569 -1.505 0.3043 -0.0012
1744640710.457474 120 3.632 -1.062 -1.506 9 0.02 4.569 -1.506 0.3043 -0.0023
1744640710.4629178 120 3.632 -1.062 -1.505 9 0.02 4.569 -1.505 0.3044 -0.0012
1744640710.467529 120 3.632 -1.062 -1.506 9 0.02 4.569 -1.506 0.3044 -0.0023
1744640710.477101 120 3.632 -1.062 -1.506 9 0.02 4.569 -1.506 0.3044 -0.0023
1744640710.4814029 120 3.632 -1.062 -1.505 9 0.02 4.569 -1.505 0.3043 -0.0012
1744640710.493967 120 3.632 -1.062 -1.505 9 0.02 4.569 -1.505 0.3043 -0.0012
1744640710.507447 120 3.632 -1.062 -1.505 9 0.02 4.569 -1.505 0.3043 -0.0012
1744640710.507663 120 3.632 -1.062 -1.505 9 0.02 4.569 -1.505 0.3043 -0.0012
1744640710.514544 120 3.632 -1.062 -1.505 9 0.02 4.569 -1.505 0.3043 -0.0012
1744640710.514849 120 3.632 -1.062 -1.505 9 0.02 4.569 -1.505 0.3042 -0.0012
1744640710.515023 120 3.632 -1.062 -1.506 9 0.02 4.569 -1.506 0.3042 -0.0023
1744640710.527377 120 3.632 -1.062 -1.506 9 0.02 4.569 -1.506 0.3041 -0.0023
1744640710.527862 120 3.632 -1.062 -1.503 9 0.02 4.569 -1.503 0.3041 0.0000
1744640710.5335622 120 3.632 -1.062 -1.503 9 0.02 4.569 -1.503 0.3041 0.0000
1744640710.547301 120 3.632 -1.061 -1.503 9 0.02 4.569 -1.503 0.3039 0.0000
1744640710.547478 120 3.632 -1.061 -1.502 9 0.02 4.569 -1.502 0.3039 0.0011
1744640710.554726 120 3.632 -1.061 -1.502 9 0.02 4.568 -1.502 0.3036 0.0011
1744640710.559399 120 3.632 -1.061 -1.500 9 0.02 4.568 -1.500 0.3036 0.0035
1744640710.564645 120 3.632 -1.061 -1.500 9 0.02 4.568 -1.500 0.3036 0.0035
1744640710.5707421 120 3.632 -1.060 -1.501 9 0.02 4.568 -1.501 0.3033 0.0023
1744640710.5750241 120 3.632 -1.060 -1.502 9 0.02 4.568 -1.502 0.3033 0.0011
1744640710.596905 120 3.632 -1.060 -1.502 9 0.02 4.568 -1.502 0.3029 0.0011
1744640710.596983 120 3.632 -1.060 -1.503 9 0.02 4.568 -1.503 0.3029 0.0000
1744640710.597007 120 3.632 -1.060 -1.503 9 0.02 4.568 -1.503 0.3029 0.0000
1744640710.6052291 120 3.632 -1.060 -1.503 9 0.02 4.567 -1.503 0.3025 0.0000
1744640710.6053078 120 3.632 -1.060 -1.505 9 0.02 4.567 -1.505 0.3025 -0.0012
1744640710.617741 120 3.632 -1.060 -1.505 9 0.02 4.567 -1.505 0.3024 -0.0012
1744640710.617845 120 3.632 -1.060 -1.505 9 0.02 4.567 -1.505 0.3024 -0.0012
1744640710.621919 120 3.632 -1.060 -1.505 9 0.02 4.567 -1.505 0.3024 -0.0012
1744640710.631039 120 3.632 -1.060 -1.505 9 0.02 4.567 -1.505 0.3022 -0.0012
1744640710.635851 120 3.632 -1.060 -1.505 9 0.02 4.567 -1.505 0.3022 -0.0012
1744640710.641282 120 3.632 -1.060 -1.505 9 0.02 4.567 -1.505 0.3020 -0.0012
1744640710.651367 120 3.632 -1.060 -1.505 9 0.02 4.567 -1.505 0.3020 -0.0012
1744640710.6514308 120 3.632 -1.060 -1.505 9 0.02 4.567 -1.505 0.3020 -0.0012
1744640710.6625972 120 3.632 -1.060 -1.505 9 0.02 4.567 -1.505 0.3019 -0.0012
1744640710.662703 120 3.632 -1.060 -1.505 9 0.02 4.567 -1.505 0.3019 -0.0012
1744640710.671324 120 3.632 -1.060 -1.505 9 0.02 4.566 -1.505 0.3017 -0.0012
1744640710.680097 120 3.632 -1.060 -1.505 9 0.02 4.566 -1.505 0.3017 -0.0012
1744640710.687545 120 3.632 -1.060 -1.505 9 0.02 4.566 -1.505 0.3017 -0.0012
1744640710.692107 120 3.632 -1.060 -1.505 9 0.02 4.566 -1.505 0.3016 -0.0012
1744640710.6961899 120 3.632 -1.060 -1.505 9 0.02 4.566 -1.505 0.3016 -0.0012
1744640710.7027478 120 3.632 -1.060 -1.505 9 0.02 4.566 -1.505 0.3015 -0.0012
1744640710.7076192 120 3.632 -1.060 -1.505 9 0.02 4.566 -1.505 0.3015 -0.0012
1744640710.711823 120 3.632 -1.060 -1.505 9 0.02 4.566 -1.505 0.3015 -0.0012
1744640710.722131 120 3.632 -1.060 -1.505 9 0.02 4.566 -1.505 0.3014 -0.0012
1744640710.726515 120 3.632 -1.060 -1.505 9 0.02 4.566 -1.505 0.3014 -0.0012
1744640710.7312288 120 3.632 -1.060 -1.505 9 0.02 4.566 -1.505 0.3013 -0.0012
1744640710.736474 120 3.632 -1.060 -1.505 9 0.02 4.566 -1.505 0.3013 -0.0012
1744640710.741853 120 3.632 -1.060 -1.505 9 0.02 4.566 -1.505 0.3013 -0.0012
1744640710.750559 120 3.632 -1.060 -1.505 9 0.02 4.566 -1.505 0.3012 -0.0012
1744640710.756057 120 3.632 -1.060 -1.505 9 0.02 4.566 -1.505 0.3012 -0.0012
1744640710.760941 120 3.632 -1.060 -1.505 9 0.02 4.566 -1.505 0.3011 -0.0012
1744640710.7700741 120 3.632 -1.060 -1.505 9 0.02 4.566 -1.505 0.3011 -0.0012
1744640710.770111 120 3.632 -1.060 -1.505 9 0.02 4.566 -1.505 0.3011 -0.0012
1744640710.785256 120 3.632 -1.060 -1.505 9 0.02 4.566 -1.505 0.3011 -0.0012
1744640710.785435 120 3.632 -1.060 -1.505 9 0.02 4.566 -1.505 0.3011 -0.0012
1744640710.798789 120 3.632 -1.060 -1.505 9 0.02 4.566 -1.505 0.3010 -0.0012
1744640710.799062 120 3.632 -1.060 -1.505 9 0.02 4.566 -1.505 0.3010 -0.0012
1744640710.8032131 120 3.632 -1.060 -1.505 9 0.02 4.566 -1.505 0.3010 -0.0012
1744640710.813998 120 3.632 -1.060 -1.505 9 0.02 4.566 -1.505 0.3010 -0.0012
1744640710.814175 120 3.632 -1.060 -1.505 9 0.02 4.566 -1.505 0.3010 -0.0012
1744640710.824269 120 3.632 -1.060 -1.505 9 0.02 4.566 -1.505 0.3009 -0.0012
1744640710.8311749 120 3.632 -1.060 -1.505 9 0.02 4.566 -1.505 0.3009 -0.0012
1744640710.835184 120 3.632 -1.060 -1.505 9 0.02 4.566 -1.505 0.3009 -0.0012
1744640710.841483 120 3.632 -1.060 -1.505 9 0.02 4.566 -1.505 0.3009 -0.0012
1744640710.851563 120 3.632 -1.060 -1.505 9 0.02 4.566 -1.505 0.3009 -0.0012
1744640710.8606222 120 3.632 -1.060 -1.505 9 0.02 4.566 -1.505 0.3009 -0.0012
1744640710.861032 120 3.632 -1.060 -1.505 9 0.02 4.566 -1.505 0.3009 -0.0012
1744640710.865898 120 3.632 -1.060 -1.505 9 0.02 4.566 -1.505 0.3009 -0.0012
1744640710.874065 120 3.632 -1.060 -1.505 9 0.02 4.566 -1.505 0.3008 -0.0012
1744640710.874207 120 3.632 -1.060 -1.505 9 0.02 4.566 -1.505 0.3008 -0.0012
1744640710.8855329 120 3.632 -1.060 -1.505 9 0.02 4.566 -1.505 0.3008 -0.0012
1744640710.890812 120 3.632 -1.060 -1.505 9 0.02 4.566 -1.505 0.3008 -0.0012
1744640710.8909109 120 3.632 -1.060 -1.505 9 0.02 4.566 -1.505 0.3008 -0.0012
1744640710.91626 120 3.632 -1.060 -1.505 9 0.02 4.566 -1.505 0.3008 -0.0012
1744640710.916515 120 3.632 -1.060 -1.505 9 0.02 4.566 -1.505 0.3008 -0.0012
1744640710.9213839 120 3.632 -1.060 -1.505 9 0.02 4.566 -1.505 0.3007 -0.0012
1744640710.921769 120 3.632 -1.060 -1.505 9 0.02 4.566 -1.505 0.3007 -0.0012
1744640710.9218628 120 3.632 -1.060 -1.505 9 0.02 4.566 -1.505 0.3007 -0.0012
1744640710.9345548 120 3.632 -1.060 -1.505 9 0.02 4.565 -1.505 0.3007 -0.0012
1744640710.934869 120 3.632 -1.060 -1.505 9 0.02 4.565 -1.505 0.3007 -0.0012
1744640710.94381 120 3.632 -1.060 -1.505 9 0.02 4.565 -1.505 0.3007 -0.0012
1744640710.951079 120 3.632 -1.060 -1.505 9 0.02 4.565 -1.505 0.3007 -0.0012
1744640710.951253 120 3.632 -1.060 -1.505 9 0.02 4.565 -1.505 0.3007 -0.0012
1744640710.962087 120 3.632 -1.060 -1.505 9 0.02 4.565 -1.505 0.3006 -0.0012
1744640710.962389 120 3.632 -1.060 -1.505 9 0.02 4.565 -1.505 0.3006 -0.0012
1744640710.976894 120 3.632 -1.060 -1.505 9 0.02 4.565 -1.505 0.3006 -0.0012
1744640710.984952 120 3.632 -1.060 -1.505 9 0.02 4.565 -1.505 0.3006 -0.0012
1744640710.9850502 120 3.632 -1.060 -1.505 9 0.02 4.565 -1.505 0.3006 -0.0012
1744640710.998165 120 3.632 -1.060 -1.505 9 0.02 4.565 -1.505 0.3006 -0.0012
1744640710.998462 120 3.632 -1.060 -1.505 9 0.02 4.565 -1.505 0.3006 -0.0012
1744640711.002699 120 3.632 -1.060 -1.505 9 0.02 4.565 -1.505 0.3005 -0.0012
1744640711.007004 120 3.632 -1.060 -1.505 9 0.02 4.565 -1.505 0.3005 -0.0012
1744640711.010994 120 3.632 -1.060 -1.505 9 0.02 4.565 -1.505 0.3005 -0.0012
1744640711.0240262 120 3.632 -1.060 -1.505 9 0.02 4.565 -1.505 0.3005 -0.0012
1744640711.02427 120 3.632 -1.060 -1.505 9 0.02 4.565 -1.505 0.3005 -0.0012
1744640711.03003 120 3.632 -1.060 -1.505 9 0.02 4.565 -1.505 0.3005 -0.0012
1744640711.0392199 120 3.632 -1.060 -1.505 9 0.02 4.565 -1.505 0.3005 -0.0012
1744640711.043808 120 3.632 -1.060 -1.505 9 0.02 4.565 -1.505 0.3005 -0.0012
1744640711.0584488 120 3.632 -1.060 -1.505 9 0.02 4.565 -1.505 0.3005 -0.0012
1744640711.05873 120 3.632 -1.060 -1.505 9 0.02 4.565 -1.505 0.3005 -0.0012
1744640711.064517 120 3.632 -1.060 -1.505 9 0.02 4.565 -1.505 0.3005 -0.0012
1744640711.074036 120 3.632 -1.060 -1.505 9 0.02 4.565 -1.505 0.3005 -0.0012
1744640711.074285 120 3.632 -1.060 -1.505 9 0.02 4.565 -1.505 0.3005 -0.0012
1744640711.090645 120 3.632 -1.060 -1.505 9 0.02 4.565 -1.505 0.3005 -0.0012
1744640711.090928 120 3.632 -1.060 -1.505 9 0.02 4.565 -1.505 0.3005 -0.0012
1744640711.1027358 120 3.632 -1.060 -1.505 9 0.02 4.565 -1.505 0.3005 -0.0012
1744640711.1075299 120 3.632 -1.060 -1.505 9 0.02 4.565 -1.505 0.3005 -0.0012
1744640711.10769 120 3.632 -1.060 -1.505 9 0.02 4.565 -1.505 0.3005 -0.0012
1744640711.112482 120 3.632 -1.060 -1.505 9 0.02 4.565 -1.505 0.3005 -0.0012
1744640711.112865 120 3.632 -1.060 -1.505 9 0.02 4.565 -1.505 0.3005 -0.0012
1744640711.124446 120 3.632 -1.060 -1.505 9 0.02 4.565 -1.505 0.3005 -0.0012
1744640711.129853 120 3.632 -1.060 -1.505 9 0.02 4.565 -1.505 0.3005 -0.0012
% 1744640711.133525 robobot/cmd/ti/rc 0.0 0.0
% 1744640711.1336489 robobot/cmd/T0/leds 16 0 0 0
1744640711.1361432 120 3.632 -1.060 -1.505 9 0.02 4.565 -1.505 0.3005 -0.0012
1744640711.1412952 120 3.632 -1.060 -1.505 9 0.02 4.565 -1.505 0.3005 -0.0012
1744640711.151925 120 3.632 -1.060 -1.505 9 0.02 4.565 -1.505 0.3005 -0.0012
1744640711.162772 120 3.632 -1.060 -1.505 9 0.02 4.565 -1.505 0.3005 -0.0012
1744640711.162941 120 3.632 -1.060 -1.505 9 0.02 4.565 -1.505 0.3005 -0.0012
1744640711.162988 120 3.632 -1.060 -1.505 9 0.02 4.565 -1.505 0.3005 -0.0012
1744640711.173402 120 3.632 -1.060 -1.505 9 0.02 4.565 -1.505 0.3005 -0.0012
1744640711.173743 120 3.632 -1.060 -1.505 9 0.02 4.565 -1.505 0.3005 -0.0012
1744640711.1897569 120 3.632 -1.060 -1.505 9 0.02 4.565 -1.505 0.3005 -0.0012
1744640711.190061 120 3.632 -1.060 -1.505 9 0.02 4.565 -1.505 0.3005 -0.0012
1744640711.207925 120 3.632 -1.060 -1.505 9 0.02 4.565 -1.505 0.3005 -0.0012
1744640711.208692 120 3.632 -1.060 -1.505 9 0.02 4.565 -1.505 0.3005 -0.0012
1744640711.215561 120 3.632 -1.060 -1.505 9 0.02 4.565 -1.505 0.3005 -0.0012
1744640711.215872 120 3.632 -1.060 -1.505 9 0.02 4.565 -1.505 0.3005 -0.0012
1744640711.2211761 120 3.632 -1.060 -1.505 9 0.02 4.565 -1.505 0.3005 -0.0012
1744640711.221282 120 3.632 -1.060 -1.505 9 0.02 4.565 -1.505 0.3005 -0.0012
1744640711.2350001 120 3.632 -1.060 -1.505 9 0.02 4.565 -1.505 0.3005 -0.0012
1744640711.235405 120 3.632 -1.060 -1.505 9 0.02 4.565 -1.505 0.3005 -0.0012
1744640711.244176 120 3.632 -1.060 -1.505 9 0.02 4.565 -1.505 0.3005 -0.0012
1744640711.249127 120 3.632 -1.060 -1.505 9 0.02 4.565 -1.505 0.3005 -0.0012
1744640711.260704 120 3.632 -1.060 -1.505 9 0.02 4.565 -1.505 0.3005 -0.0012
1744640711.266068 120 3.632 -1.060 -1.505 9 0.02 4.565 -1.505 0.3005 -0.0012
1744640711.266345 120 3.632 -1.060 -1.505 9 0.02 4.565 -1.505 0.3005 -0.0012
1744640711.2720451 120 3.632 -1.060 -1.505 9 0.02 4.565 -1.505 0.3005 -0.0012
1744640711.281433 120 3.632 -1.060 -1.505 9 0.02 4.565 -1.505 0.3005 -0.0012
1744640711.2814999 120 3.632 -1.060 -1.505 9 0.02 4.565 -1.505 0.3005 -0.0012
1744640711.299604 120 3.632 -1.060 -1.505 9 0.02 4.565 -1.505 0.3005 -0.0012
1744640711.299705 120 3.632 -1.060 -1.505 9 0.02 4.565 -1.505 0.3005 -0.0012
1744640711.3103669 120 3.632 -1.060 -1.505 9 0.02 4.565 -1.505 0.3005 -0.0012
1744640711.310486 120 3.632 -1.060 -1.505 9 0.02 4.565 -1.505 0.3005 -0.0012
1744640711.314707 120 3.632 -1.060 -1.505 9 0.02 4.565 -1.505 0.3005 -0.0012
1744640711.320807 120 3.632 -1.060 -1.505 9 0.02 4.565 -1.505 0.3005 -0.0012
1744640711.3266292 120 3.632 -1.060 -1.505 9 0.02 4.565 -1.505 0.3005 -0.0012
1744640711.331816 120 3.632 -1.060 -1.505 9 0.02 4.565 -1.505 0.3005 -0.0012
1744640711.3416908 120 3.632 -1.060 -1.505 9 0.02 4.565 -1.505 0.3005 -0.0012
1744640711.3418088 120 3.632 -1.060 -1.505 9 0.02 4.565 -1.505 0.3005 -0.0012
1744640711.351447 120 3.632 -1.060 -1.505 9 0.02 4.565 -1.505 0.3005 -0.0012
1744640711.3562508 120 3.632 -1.060 -1.505 9 0.02 4.565 -1.505 0.3005 -0.0012
1744640711.3609421 120 3.632 -1.060 -1.505 9 0.02 4.565 -1.505 0.3005 -0.0012
1744640711.370144 120 3.632 -1.060 -1.505 9 0.02 4.565 -1.505 0.3005 -0.0012
1744640711.3775759 120 3.632 -1.060 -1.505 9 0.02 4.565 -1.505 0.3005 -0.0012
1744640711.3868642 120 3.632 -1.060 -1.505 9 0.02 4.565 -1.505 0.3005 -0.0012
1744640711.3871932 120 3.632 -1.060 -1.505 9 0.02 4.565 -1.505 0.3005 -0.0012
1744640711.394881 120 3.632 -1.060 -1.505 9 0.02 4.565 -1.505 0.3005 -0.0012
1744640711.401867 120 3.632 -1.060 -1.505 9 0.02 4.565 -1.505 0.3005 -0.0012
1744640711.402046 120 3.632 -1.060 -1.505 9 0.02 4.565 -1.505 0.3005 -0.0012
1744640711.417672 120 3.632 -1.060 -1.505 9 0.02 4.565 -1.505 0.3005 -0.0012
1744640711.418109 120 3.632 -1.060 -1.505 9 0.02 4.565 -1.505 0.3005 -0.0012
1744640711.4236538 120 3.632 -1.060 -1.505 9 0.02 4.565 -1.505 0.3005 -0.0012
1744640711.428874 120 3.632 -1.060 -1.505 9 0.02 4.565 -1.505 0.3005 -0.0012
1744640711.433255 120 3.632 -1.060 -1.505 9 0.02 4.565 -1.505 0.3005 -0.0012
1744640711.44926 120 3.632 -1.060 -1.505 9 0.02 4.565 -1.505 0.3005 -0.0012
1744640711.4495628 120 3.632 -1.060 -1.505 9 0.02 4.565 -1.505 0.3005 -0.0012
1744640711.460557 120 3.632 -1.060 -1.505 9 0.02 4.565 -1.505 0.3005 -0.0012
1744640711.465079 120 3.632 -1.060 -1.505 9 0.02 4.565 -1.505 0.3005 -0.0012
1744640711.465188 120 3.632 -1.060 -1.505 9 0.02 4.565 -1.505 0.3005 -0.0012
1744640711.473618 120 3.632 -1.060 -1.505 10 0.02 4.565 -1.505 0.3005 -0.0012
1744640711.478273 120 3.632 -1.060 -1.505 10 0.02 4.565 -1.505 0.3005 -0.0012
1744640711.4829051 120 3.632 -1.060 -1.505 10 0.02 4.565 -1.505 0.3005 -0.0012
1744640711.489381 120 3.632 -1.060 -1.505 10 0.02 4.565 -1.505 0.3005 -0.0012
1744640711.494957 120 3.632 -1.060 -1.505 10 0.02 4.565 -1.505 0.3005 -0.0012
1744640711.506926 120 3.632 -1.060 -1.505 10 0.02 4.565 -1.505 0.3005 -0.0012
1744640711.5073972 120 3.632 -1.060 -1.505 10 0.02 4.565 -1.505 0.3005 -0.0012
1744640711.511935 120 3.632 -1.060 -1.505 10 0.02 4.565 -1.505 0.3005 -0.0012
1744640711.5230231 120 3.632 -1.060 -1.505 10 0.02 4.565 -1.505 0.3005 -0.0012
1744640711.52309 120 3.632 -1.060 -1.505 10 0.02 4.565 -1.505 0.3005 -0.0012
1744640711.534009 120 3.632 -1.060 -1.505 10 0.02 4.565 -1.505 0.3005 -0.0012
1744640711.534252 120 3.632 -1.060 -1.505 10 0.02 4.565 -1.505 0.3005 -0.0012
1744640711.542561 120 3.632 -1.060 -1.505 10 0.02 4.565 -1.505 0.3005 -0.0012
1744640711.549799 120 3.632 -1.060 -1.505 10 0.02 4.565 -1.505 0.3005 -0.0012
1744640711.554538 120 3.632 -1.060 -1.505 10 0.02 4.565 -1.505 0.3005 -0.0012
1744640711.567829 120 3.632 -1.060 -1.505 10 0.02 4.565 -1.505 0.3005 -0.0012
1744640711.568046 120 3.632 -1.060 -1.505 10 0.02 4.565 -1.505 0.3005 -0.0012
1744640711.5747468 120 3.632 -1.060 -1.505 10 0.02 4.565 -1.505 0.3005 -0.0012
1744640711.583889 120 3.632 -1.060 -1.505 10 0.02 4.565 -1.505 0.3005 -0.0012
1744640711.59317 120 3.632 -1.060 -1.505 10 0.02 4.565 -1.505 0.3005 -0.0012
1744640711.598218 120 3.632 -1.060 -1.505 10 0.02 4.565 -1.505 0.3005 -0.0012
1744640711.598531 120 3.632 -1.060 -1.505 10 0.02 4.565 -1.505 0.3005 -0.0012
1744640711.606095 120 3.632 -1.060 -1.505 10 0.02 4.565 -1.505 0.3005 -0.0012
1744640711.606994 99 3.632 -1.060 -1.505 10 0.02 4.565 -1.505 0.3005 -0.0012
% 1744640711.607035 % State change from 120 to 99
1744640711.611559 99 3.632 -1.060 -1.505 10 0.02 4.565 -1.505 0.3005 -0.0012
1744640711.611667 99 3.632 -1.060 -1.505 10 0.02 4.565 -1.505 0.3005 -0.0012
1744640711.624015 99 3.632 -1.060 -1.505 10 0.02 4.565 -1.505 0.3005 -0.0012
1744640711.624196 99 3.632 -1.060 -1.505 10 0.02 4.565 -1.505 0.3005 -0.0012
1744640711.636319 99 3.632 -1.060 -1.505 10 0.02 4.565 -1.505 0.3005 -0.0012
1744640711.64122 99 3.632 -1.060 -1.505 10 0.02 4.565 -1.505 0.3005 -0.0012
1744640711.641291 99 3.632 -1.060 -1.505 10 0.02 4.565 -1.505 0.3005 -0.0012
% 1744640711.658286 robobot/cmd/ti/alive 2025-04-14 16:24:12.630891
% 1744640711.6583838 robobot/cmd/T0/leds 16 0 0 0
% 1744640711.658473 robobot/cmd/ti/rc 0.0 0.0
% 1744640711.658536 robobot/cmd/ti/rc 0 0
1744640711.659339 99 3.632 -1.060 -1.505 10 0.02 4.565 -1.505 0.3005 -0.0012
1744640711.6594298 99 3.632 -1.060 -1.505 10 0.02 4.565 -1.505 0.3005 -0.0012
1744640711.672749 99 3.632 -1.060 -1.505 10 0.02 4.565 -1.505 0.3005 -0.0012
1744640711.676833 99 3.632 -1.060 -1.505 10 0.02 4.565 -1.505 0.3005 -0.0012
1744640711.67733 99 3.632 -1.060 -1.505 10 0.02 4.565 -1.505 0.3005 -0.0012
1744640711.683062 99 3.632 -1.060 -1.505 10 0.02 4.565 -1.505 0.3005 -0.0012
1744640711.6874518 99 3.632 -1.060 -1.505 10 0.02 4.565 -1.505 0.3005 -0.0012
1744640711.6993952 99 3.632 -1.060 -1.505 10 0.02 4.565 -1.505 0.3005 -0.0012
1744640711.707985 99 3.632 -1.060 -1.505 10 0.02 4.565 -1.505 0.3005 -0.0012
1744640711.708159 99 3.632 -1.060 -1.505 10 0.02 4.565 -1.505 0.3005 -0.0012
% 1744640711.7100632 robobot/cmd/T0/stop  
% 1744640711.710148 robobot/cmd/T0/leds 14 0 0 0
1744640711.718749 99 3.632 -1.060 -1.505 10 0.02 4.565 -1.505 0.3005 -0.0012
1744640711.718994 99 3.632 -1.060 -1.505 10 0.02 4.565 -1.505 0.3005 -0.0012
% 1744640711.7212858 robobot/cmd/T0/leds 15 0 0 0
% 1744640711.72133 robobot/cmd/T0/leds 16 0 0 0
1744640711.72646 99 3.632 -1.060 -1.505 10 0.02 4.565 -1.505 0.3005 -0.0012
% 1744640711.732621 robobot/cmd/ti/log 0
1744640711.733952 99 3.632 -1.060 -1.505 10 0.02 4.565 -1.505 0.3005 -0.0012
% 1744640712.739412 robobot/cmd/T0/lip 0
