time,state,x,y,h,frame_id,line_pos,eKp,turn_rate,valid_cnt,tripA,tripAh,tripB,tripBh,ir_L,ir_R,acc_x,acc_y,acc_z,gyro_x,gyro_y,gyro_z
# remark: robobot/cmd/ti/alive 2025-04-15 15:55:21.913760
# remark: robobot/cmd/ti/log 1
1744725322.49,-1,1.260,0.602,-2.283,0,0.000,0.000,0.000,10,0.000,-2.283,0.000,-2.283,0.00,0.00,0.046,-0.018,0.975,-0.083,0.259,-0.198
1744725322.49,-1,1.260,0.602,-2.283,0,0.000,0.000,0.000,10,0.000,-2.283,0.000,-2.283,0.00,0.00,0.044,-0.013,0.973,-0.175,0.198,0.015
1744725322.49,-1,1.260,0.602,-2.283,0,0.000,0.000,0.000,10,0.000,-2.283,0.000,-2.283,1.50,1.14,0.044,-0.013,0.973,-0.175,0.198,0.015
1744725322.51,-1,1.260,0.602,-2.283,0,0.000,0.000,0.000,10,0.000,-2.283,0.000,-2.283,1.50,1.14,0.046,-0.022,0.972,-0.022,0.290,-0.259
1744725322.51,-1,1.260,0.602,-2.283,0,0.000,0.000,0.000,10,0.000,-2.283,0.000,-2.283,1.50,1.14,0.046,-0.022,0.972,-0.022,0.290,-0.259
1744725322.52,-1,1.260,0.602,-2.283,0,0.000,0.000,0.000,10,0.000,-2.283,0.000,-2.283,1.50,1.14,0.043,-0.022,0.966,-0.205,0.443,0.046
1744725322.52,-1,1.260,0.602,-2.283,0,0.000,0.000,0.000,10,0.000,-2.283,0.000,-2.283,1.50,1.14,0.048,-0.018,0.969,-0.022,0.137,-0.015
1744725322.53,-1,1.260,0.602,-2.283,0,0.000,0.000,0.000,10,0.000,-2.283,0.000,-2.283,1.50,0.95,0.048,-0.018,0.969,-0.022,0.137,-0.015
1744725322.53,-1,1.260,0.602,-2.283,0,0.000,0.000,0.000,10,0.000,-2.283,0.000,-2.283,1.50,0.95,0.043,-0.014,0.970,-0.114,-0.046,-0.351
1744725322.53,-1,1.260,0.602,-2.283,0,0.000,0.000,0.000,10,0.000,-2.283,0.000,-2.283,1.50,0.95,0.043,-0.014,0.970,-0.114,-0.046,-0.351
1744725322.55,-1,1.260,0.602,-2.283,0,0.000,0.000,0.000,10,0.000,-2.283,0.000,-2.283,1.50,0.95,0.045,-0.017,0.963,0.069,0.076,-0.351
1744725322.56,-1,1.260,0.602,-2.283,0,0.000,0.000,0.000,10,0.000,-2.283,0.000,-2.283,1.50,0.95,0.047,-0.014,0.967,0.008,0.076,-0.229
1744725322.56,-1,1.260,0.602,-2.283,0,0.000,0.000,0.000,10,0.000,-2.283,0.000,-2.283,1.50,1.01,0.047,-0.014,0.967,0.008,0.076,-0.229
1744725322.56,-1,1.260,0.602,-2.283,0,0.000,0.000,0.000,10,0.000,-2.283,0.000,-2.283,1.50,1.01,0.042,-0.021,0.973,-0.327,0.046,-0.107
1744725322.56,-1,1.260,0.602,-2.283,0,0.000,0.000,0.000,10,0.000,-2.283,0.000,-2.283,1.50,1.01,0.042,-0.021,0.973,-0.327,0.046,-0.107
1744725322.57,-1,1.260,0.602,-2.283,0,0.000,0.000,0.000,10,0.000,-2.283,0.000,-2.283,1.50,1.01,0.048,-0.018,0.972,-0.022,0.290,-0.381
1744725322.58,-1,1.260,0.602,-2.283,0,0.000,0.000,0.000,10,0.000,-2.283,0.000,-2.283,1.50,1.01,0.042,-0.016,0.967,-0.053,-0.046,-0.259
1744725322.59,-1,1.260,0.602,-2.283,0,0.000,0.000,0.000,10,0.000,-2.283,0.000,-2.283,1.50,1.18,0.042,-0.016,0.967,-0.053,-0.046,-0.259
1744725322.59,-1,1.260,0.602,-2.283,0,0.000,0.000,0.000,10,0.000,-2.283,0.000,-2.283,1.50,1.18,0.045,-0.019,0.966,-0.053,0.198,-0.076
1744725322.59,-1,1.260,0.602,-2.283,0,0.000,0.000,0.000,10,0.000,-2.283,0.000,-2.283,1.50,1.18,0.045,-0.019,0.966,-0.053,0.198,-0.076
1744725322.61,-1,1.260,0.602,-2.283,0,0.000,0.000,0.000,10,0.000,-2.283,0.000,-2.283,1.50,1.18,0.044,-0.021,0.969,-0.083,0.107,-0.259
1744725322.61,-1,1.260,0.602,-2.283,0,0.000,0.000,0.000,10,0.000,-2.283,0.000,-2.283,1.50,1.18,0.043,-0.017,0.972,-0.022,0.137,0.015
1744725322.62,-1,1.260,0.602,-2.283,0,0.000,0.000,0.000,10,0.000,-2.283,0.000,-2.283,1.50,1.31,0.043,-0.017,0.972,-0.022,0.137,0.015
1744725322.63,-1,1.260,0.602,-2.283,0,0.000,0.000,0.000,10,0.000,-2.283,0.000,-2.283,1.50,1.31,0.045,-0.017,0.968,-0.297,0.320,-0.107
1744725322.63,-1,1.260,0.602,-2.283,0,0.000,0.000,0.000,10,0.000,-2.283,0.000,-2.283,1.50,1.31,0.045,-0.017,0.968,-0.297,0.320,-0.107
1744725322.63,-1,1.260,0.602,-2.283,0,0.000,0.000,0.000,10,0.000,-2.283,0.000,-2.283,1.50,1.31,0.043,-0.020,0.971,-0.297,0.412,-0.229
# remark: robobot/cmd/T0/enc0  
# remark: robobot/cmd/T0/confw 0.074 0.074 19 92 0.23
# remark: robobot/cmd/T0/confi  
1744725322.66,-1,1.260,0.602,-2.283,0,0.000,0.000,0.000,10,0.000,-2.283,0.000,-2.283,1.50,1.31,0.046,-0.020,0.975,0.039,0.168,-0.137
1744725322.66,-1,1.260,0.602,-2.283,0,0.000,0.000,0.000,10,0.000,-2.283,0.000,-2.283,1.50,1.13,0.046,-0.020,0.975,0.039,0.168,-0.137
1744725322.66,-1,1.260,0.602,-2.283,0,0.000,0.000,0.000,10,0.000,-2.283,0.000,-2.283,1.50,1.13,0.042,-0.013,0.964,-0.114,0.168,-0.107
1744725322.66,-1,1.260,0.602,-2.283,0,0.000,0.000,0.000,10,0.000,-2.283,0.000,-2.283,1.50,1.13,0.042,-0.013,0.964,-0.114,0.168,-0.107
1744725322.66,-1,1.260,0.602,-2.283,0,0.000,0.000,0.000,10,0.000,-2.283,0.000,-2.283,1.50,1.13,0.042,-0.020,0.964,-0.022,0.229,-0.015
1744725322.67,-1,0.000,0.000,0.000,0,0.000,0.000,0.000,10,0.000,0.000,0.000,0.000,1.50,1.13,0.046,-0.019,0.969,0.130,0.137,-0.198
1744725322.67,-1,0.000,0.000,0.000,0,0.000,0.000,0.000,10,0.000,0.000,0.000,0.000,1.50,1.21,0.046,-0.019,0.969,0.130,0.137,-0.198
1744725322.70,-1,0.000,0.000,0.000,0,0.000,0.000,0.000,10,0.000,0.000,0.000,0.000,1.50,1.21,0.045,-0.019,0.982,-0.297,0.229,-0.076
1744725322.70,-1,0.000,0.000,0.000,0,0.000,0.000,0.000,10,0.000,0.000,0.000,0.000,1.50,1.21,0.045,-0.019,0.982,-0.297,0.229,-0.076
1744725322.70,-1,0.000,0.000,0.000,0,0.000,0.000,0.000,10,0.000,0.000,0.000,0.000,1.50,1.21,0.044,-0.018,0.961,-0.175,0.076,-0.107
1744725322.72,-1,0.000,0.000,0.000,0,0.000,0.000,0.000,10,0.000,0.000,0.000,0.000,1.50,1.21,0.046,-0.017,0.962,-0.053,0.076,-0.320
1744725322.72,-1,0.000,0.000,0.000,0,0.000,0.000,0.000,10,0.000,0.000,0.000,0.000,1.50,1.21,0.046,-0.017,0.962,-0.053,0.076,-0.320
1744725322.73,-1,0.000,0.000,0.000,0,0.000,0.000,0.000,10,0.000,0.000,0.000,0.000,1.50,1.21,0.048,-0.017,0.973,-0.114,0.229,-0.320
1744725322.73,-1,0.000,0.000,0.000,0,0.000,0.000,0.000,10,0.000,0.000,0.000,0.000,1.50,1.21,0.048,-0.017,0.973,-0.114,0.229,-0.320
1744725322.73,-1,0.000,0.000,0.000,0,0.000,0.000,0.000,10,0.000,0.000,0.000,0.000,1.50,1.21,0.041,-0.016,0.971,-0.053,0.198,-0.168
1744725322.74,-1,0.000,0.000,0.000,0,0.000,0.000,0.000,10,0.000,0.000,0.000,0.000,1.50,1.21,0.042,-0.022,0.959,-0.114,0.443,-0.290
1744725322.74,-1,0.000,0.000,0.000,0,0.000,0.000,0.000,10,0.000,0.000,0.000,0.000,1.50,1.14,0.042,-0.022,0.959,-0.114,0.443,-0.290
1744725322.74,-1,0.000,0.000,0.000,0,0.000,0.000,0.000,10,0.000,0.000,0.000,0.000,1.50,1.14,0.044,-0.022,0.967,-0.144,0.229,-0.259
1744725322.74,-1,0.000,0.000,0.000,0,0.000,0.000,0.000,10,0.000,0.000,0.000,0.000,1.50,1.14,0.044,-0.022,0.967,-0.144,0.229,-0.259
1744725322.76,-1,0.000,0.000,0.000,0,0.000,0.000,0.000,10,0.000,0.000,0.000,0.000,1.50,1.14,0.044,-0.020,0.982,-0.083,0.168,-0.229
1744725322.76,-1,0.000,0.000,0.000,0,0.000,0.000,0.000,10,0.000,0.000,0.000,0.000,1.50,1.14,0.046,-0.020,0.966,-0.175,0.168,-0.046
# remark: robobot/cmd/T0/lip 1
# remark: robobot/cmd/T0/sub livn 10
1744725322.79,-1,0.000,0.000,0.000,1,0.000,0.000,0.000,10,0.000,0.000,0.000,0.000,1.50,1.34,0.046,-0.020,0.966,-0.175,0.168,-0.046
1744725322.79,-1,0.000,0.000,0.000,1,0.000,0.000,0.000,10,0.000,0.000,0.000,0.000,1.50,1.34,0.046,-0.017,0.960,-0.144,0.290,-0.290
1744725322.79,-1,0.000,0.000,0.000,1,0.000,0.000,0.000,10,0.000,0.000,0.000,0.000,1.50,1.34,0.046,-0.017,0.960,-0.144,0.290,-0.290
# remark: robobot/cmd/T0/liwi  
1744725322.81,-1,0.000,0.000,0.000,1,0.000,0.000,0.000,10,0.000,0.000,0.000,0.000,1.50,1.34,0.042,-0.017,0.972,0.161,0.168,-0.259
1744725322.81,-1,0.000,0.000,0.000,1,0.000,0.000,0.000,10,0.000,0.000,0.000,0.000,1.50,1.34,0.048,-0.018,0.975,-0.022,0.626,0.076
1744725322.81,-1,0.000,0.000,0.000,1,0.000,0.000,0.000,10,0.000,0.000,0.000,0.000,1.50,1.42,0.048,-0.018,0.975,-0.022,0.626,0.076
# remark: robobot/cmd/T0/liwi  
# remark: robobot/cmd/T0/liwi  
# remark: robobot/cmd/T0/liwi  
# remark: robobot/cmd/T0/liwi  
1744725322.89,-1,0.000,0.000,0.000,1,0.000,0.000,0.000,10,0.000,0.000,0.000,0.000,1.50,1.42,0.042,-0.019,0.960,-0.053,0.259,-0.076
1744725322.89,-1,0.000,0.000,0.000,1,0.000,0.000,0.000,10,0.000,0.000,0.000,0.000,1.50,1.42,0.042,-0.019,0.960,-0.053,0.259,-0.076
1744725322.89,-1,0.000,0.000,0.000,1,0.000,0.000,0.000,10,0.000,0.000,0.000,0.000,1.50,1.42,0.048,-0.023,0.967,-0.083,0.198,-0.046
1744725322.89,-1,0.000,0.000,0.000,1,0.000,0.000,0.000,10,0.000,0.000,0.000,0.000,1.50,1.42,0.048,-0.020,0.984,-0.053,0.351,-0.259
1744725322.89,-1,0.000,0.000,0.000,1,0.000,0.000,0.000,10,0.000,0.000,0.000,0.000,1.50,1.08,0.048,-0.020,0.984,-0.053,0.351,-0.259
1744725322.89,-1,0.000,0.000,0.000,1,0.000,0.000,0.000,10,0.000,0.000,0.000,0.000,1.50,1.08,0.046,-0.020,0.974,-0.053,0.107,-0.229
1744725322.89,-1,0.000,0.000,0.000,1,0.000,0.000,0.000,10,0.000,0.000,0.000,0.000,1.50,1.08,0.046,-0.020,0.974,-0.053,0.107,-0.229
1744725322.90,-1,0.000,0.000,0.000,1,0.000,0.000,0.000,10,0.000,0.000,0.000,0.000,1.50,1.08,0.044,-0.019,0.957,0.039,0.229,-0.076
1744725322.90,-1,0.000,0.000,0.000,1,0.000,0.000,0.000,10,0.000,0.000,0.000,0.000,1.50,1.12,0.044,-0.018,0.968,-0.266,0.137,-0.137
1744725322.90,-1,0.000,0.000,0.000,1,0.000,0.000,0.000,10,0.000,0.000,0.000,0.000,1.50,1.12,0.044,-0.018,0.968,-0.266,0.137,-0.137
1744725322.90,-1,0.000,0.000,0.000,1,0.000,0.000,0.000,10,0.000,0.000,0.000,0.000,1.50,1.12,0.042,-0.020,0.979,-0.144,0.076,-0.229
1744725322.90,-1,0.000,0.000,0.000,1,0.000,0.000,0.000,10,0.000,0.000,0.000,0.000,1.50,1.12,0.042,-0.020,0.979,-0.144,0.076,-0.229
1744725322.90,-1,0.000,0.000,0.000,1,0.000,0.000,0.000,10,0.000,0.000,0.000,0.000,1.50,1.12,0.044,-0.022,0.975,-0.083,0.320,-0.198
1744725322.90,-1,0.000,0.000,0.000,1,0.000,0.000,0.000,10,0.000,0.000,0.000,0.000,1.50,1.17,0.044,-0.022,0.960,-0.236,0.168,-0.137
1744725322.90,-1,0.000,0.000,0.000,1,0.000,0.000,0.000,10,0.000,0.000,0.000,0.000,1.50,1.17,0.044,-0.022,0.960,-0.236,0.168,-0.137
1744725322.90,-1,0.000,0.000,0.000,1,0.000,0.000,0.000,10,0.000,0.000,0.000,0.000,1.50,1.17,0.043,-0.019,0.971,-0.114,0.229,-0.259
1744725322.90,-1,0.000,0.000,0.000,1,0.000,0.000,0.000,10,0.000,0.000,0.000,0.000,1.50,1.17,0.043,-0.019,0.971,-0.114,0.229,-0.259
# remark: robobot/cmd/T0/liwi  
1744725322.91,-1,0.000,0.000,0.000,1,0.000,0.000,0.000,10,0.000,0.000,0.000,0.000,1.50,1.17,0.048,-0.020,0.980,-0.022,0.076,-0.229
1744725322.91,-1,0.000,0.000,0.000,1,0.000,0.000,0.000,10,0.000,0.000,0.000,0.000,1.50,1.18,0.044,-0.018,0.962,-0.205,0.198,-0.229
1744725322.92,-1,0.000,0.000,0.000,1,0.000,0.000,0.000,10,0.000,0.000,0.000,0.000,1.50,1.18,0.044,-0.018,0.962,-0.205,0.198,-0.229
1744725322.92,-1,0.000,0.000,0.000,1,0.000,0.000,0.000,10,0.000,0.000,0.000,0.000,1.50,1.18,0.045,-0.021,0.962,-0.083,0.412,-0.290
1744725322.92,-1,0.000,0.000,0.000,1,0.000,0.000,0.000,10,0.000,0.000,0.000,0.000,1.50,1.18,0.045,-0.021,0.962,-0.083,0.412,-0.290
# remark: robobot/cmd/T0/leds 16 30 30 0
1744725322.93,0,0.000,0.000,0.000,1,0.000,0.000,0.000,10,0.000,0.000,0.000,0.000,1.50,1.18,0.043,-0.018,0.979,-0.297,-0.107,-0.107
# remark: robobot/cmd/ti/rc 0.0 0.0
# remark: robobot/cmd/T0/leds 16 0 0 30
# remark: robobot/cmd/ti/rc 0.0 0.0
1744725322.95,-1,0.000,0.000,0.000,1,0.000,0.000,0.000,10,0.000,0.000,0.000,0.000,1.50,1.18,0.043,-0.018,0.979,-0.297,-0.107,-0.107
1744725322.95,-1,0.000,0.000,0.000,1,0.000,0.000,0.000,10,0.000,0.000,0.000,0.000,1.50,1.24,0.043,-0.019,0.971,-0.114,0.290,-0.015
1744725322.95,-1,0.000,0.000,0.000,1,0.000,0.000,0.000,10,0.000,0.000,0.000,0.000,1.50,1.24,0.043,-0.019,0.971,-0.114,0.290,-0.015
# remark: robobot/cmd/ti/alive 2025-04-15 15:55:21.913760
1744725323.20,-1,0.000,0.000,0.000,1,0.000,0.000,0.000,10,0.000,0.000,0.000,0.000,1.50,1.24,0.048,-0.016,0.965,0.039,0.015,-0.565
1744725323.21,-1,0.000,0.000,0.000,1,0.000,0.000,0.000,10,0.000,0.000,0.000,0.000,1.50,1.24,0.048,-0.016,0.965,0.039,0.015,-0.565
1744725323.21,-1,0.000,0.000,0.000,1,0.000,0.000,0.000,10,0.000,0.000,0.000,0.000,1.50,1.24,0.044,-0.019,0.971,-0.083,0.443,-0.046
1744725323.21,-1,0.000,0.000,0.000,1,0.000,0.000,0.000,10,0.000,0.000,0.000,0.000,1.50,1.29,0.043,-0.019,0.976,-0.144,0.290,-0.412
1744725323.21,-1,0.000,0.000,0.000,1,0.000,0.000,0.000,10,0.000,0.000,0.000,0.000,1.50,1.29,0.043,-0.019,0.976,-0.144,0.290,-0.412
1744725323.22,-1,0.000,0.000,0.000,1,0.000,0.000,0.000,10,0.000,0.000,0.000,0.000,1.50,1.29,0.044,-0.019,0.975,-0.022,0.046,0.168
1744725323.22,-1,0.000,0.000,0.000,1,0.000,0.000,0.000,10,0.000,0.000,0.000,0.000,1.50,1.29,0.044,-0.019,0.975,-0.022,0.046,0.168
1744725323.22,-1,0.000,0.000,0.000,1,0.000,0.000,0.000,10,0.000,0.000,0.000,0.000,1.50,1.29,0.042,-0.016,0.964,-0.083,0.137,-0.107
1744725323.22,-1,0.000,0.000,0.000,1,0.000,0.000,0.000,10,0.000,0.000,0.000,0.000,1.50,1.19,0.043,-0.018,0.971,-0.205,0.229,-0.381
1744725323.22,-1,0.000,0.000,0.000,1,0.000,0.000,0.000,10,0.000,0.000,0.000,0.000,1.50,1.19,0.043,-0.018,0.971,-0.205,0.229,-0.381
1744725323.23,-1,0.000,0.000,0.000,1,0.000,0.000,0.000,10,0.000,0.000,0.000,0.000,1.50,1.19,0.043,-0.016,0.982,0.130,0.168,-0.290
1744725323.23,-1,0.000,0.000,0.000,1,0.000,0.000,0.000,10,0.000,0.000,0.000,0.000,1.50,1.19,0.043,-0.016,0.982,0.130,0.168,-0.290
1744725323.23,-1,0.000,0.000,0.000,1,0.000,0.000,0.000,10,0.000,0.000,0.000,0.000,1.50,1.19,0.044,-0.019,0.969,-0.083,0.046,-0.259
1744725323.23,-1,0.000,0.000,0.000,1,0.000,0.000,0.000,10,0.000,0.000,0.000,0.000,1.50,1.11,0.046,-0.019,0.965,-0.266,0.168,-0.046
1744725323.23,-1,0.000,0.000,0.000,1,0.000,0.000,0.000,10,0.000,0.000,0.000,0.000,1.50,1.11,0.046,-0.019,0.965,-0.266,0.168,-0.046
1744725323.23,-1,0.000,0.000,0.000,1,0.000,0.000,0.000,10,0.000,0.000,0.000,0.000,1.50,1.11,0.043,-0.020,0.965,-0.175,0.015,-0.076
1744725323.23,-1,0.000,0.000,0.000,1,0.000,0.000,0.000,10,0.000,0.000,0.000,0.000,1.50,1.11,0.043,-0.020,0.965,-0.175,0.015,-0.076
1744725323.23,-1,0.000,0.000,0.000,1,0.000,0.000,0.000,10,0.000,0.000,0.000,0.000,1.50,1.11,0.043,-0.023,0.982,-0.114,0.381,-0.046
1744725323.23,-1,0.000,0.000,0.000,1,0.000,0.000,0.000,10,0.000,0.000,0.000,0.000,1.50,1.23,0.044,-0.021,0.967,-0.144,0.198,-0.320
1744725323.23,-1,0.000,0.000,0.000,1,0.000,0.000,0.000,10,0.000,0.000,0.000,0.000,1.50,1.23,0.044,-0.021,0.967,-0.144,0.198,-0.320
1744725323.23,-1,0.000,0.000,0.000,1,0.000,0.000,0.000,10,0.000,0.000,0.000,0.000,1.50,1.23,0.039,-0.023,0.966,-0.144,0.076,-0.229
1744725323.23,-1,0.000,0.000,0.000,1,0.000,0.000,0.000,10,0.000,0.000,0.000,0.000,1.50,1.23,0.039,-0.023,0.966,-0.144,0.076,-0.229
1744725323.23,-1,0.000,0.000,0.000,1,0.000,0.000,0.000,10,0.000,0.000,0.000,0.000,1.50,1.23,0.044,-0.017,0.970,-0.083,0.137,0.076
1744725323.23,-1,0.000,0.000,0.000,1,0.000,0.000,0.000,10,0.000,0.000,0.000,0.000,1.50,1.20,0.045,-0.019,0.978,-0.053,0.046,-0.046
1744725323.23,-1,0.000,0.000,0.000,1,0.000,0.000,0.000,10,0.000,0.000,0.000,0.000,1.50,1.20,0.045,-0.019,0.978,-0.053,0.046,-0.046
1744725323.23,-1,0.000,0.000,0.000,1,0.000,0.000,0.000,10,0.000,0.000,0.000,0.000,1.50,1.20,0.043,-0.021,0.969,-0.083,0.137,0.046
1744725323.23,-1,0.000,0.000,0.000,1,0.000,0.000,0.000,10,0.000,0.000,0.000,0.000,1.50,1.20,0.043,-0.021,0.969,-0.083,0.137,0.046
1744725323.23,-1,0.000,0.000,0.000,1,0.000,0.000,0.000,10,0.000,0.000,0.000,0.000,1.50,1.20,0.042,-0.019,0.967,-0.114,0.259,-0.137
1744725323.23,-1,0.000,0.000,0.000,1,0.000,0.000,0.000,10,0.000,0.000,0.000,0.000,1.50,1.05,0.043,-0.020,0.971,-0.205,0.107,-0.259
1744725323.23,-1,0.000,0.000,0.000,1,0.000,0.000,0.000,10,0.000,0.000,0.000,0.000,1.50,1.05,0.043,-0.020,0.971,-0.205,0.107,-0.259
1744725323.23,-1,0.000,0.000,0.000,1,0.000,0.000,0.000,10,0.000,0.000,0.000,0.000,1.50,1.05,0.041,-0.021,0.972,-0.327,0.229,-0.229
1744725323.23,-1,0.000,0.000,0.000,1,0.000,0.000,0.000,10,0.000,0.000,0.000,0.000,1.50,1.05,0.041,-0.021,0.972,-0.327,0.229,-0.229
1744725323.23,-1,0.000,0.000,0.000,1,0.000,0.000,0.000,10,0.000,0.000,0.000,0.000,1.50,1.05,0.043,-0.021,0.968,-0.175,0.290,-0.351
1744725323.27,-1,0.000,0.000,0.000,1,0.000,0.000,0.000,10,0.000,0.000,0.000,0.000,1.50,1.07,0.043,-0.020,0.964,-0.114,0.198,-0.076
1744725323.27,-1,0.000,0.000,0.000,1,0.000,0.000,0.000,10,0.000,0.000,0.000,0.000,1.50,1.07,0.043,-0.020,0.964,-0.114,0.198,-0.076
1744725323.27,-1,0.000,0.000,0.000,1,0.000,0.000,0.000,10,0.000,0.000,0.000,0.000,1.50,1.07,0.046,-0.017,0.970,-0.144,0.443,-0.351
1744725323.27,-1,0.000,0.000,0.000,1,0.000,0.000,0.000,10,0.000,0.000,0.000,0.000,1.50,1.07,0.046,-0.017,0.970,-0.144,0.443,-0.351
1744725323.27,-1,0.000,0.000,0.000,1,0.000,0.000,0.000,10,0.000,0.000,0.000,0.000,1.50,1.07,0.043,-0.022,0.969,-0.175,0.351,-0.534
1744725323.27,-1,0.000,0.000,0.000,1,0.000,0.000,0.000,10,0.000,0.000,0.000,0.000,1.50,1.10,0.048,-0.020,0.965,0.039,-0.076,0.229
1744725323.27,-1,0.000,0.000,0.000,1,0.000,0.000,0.000,10,0.000,0.000,0.000,0.000,1.50,1.10,0.048,-0.020,0.965,0.039,-0.076,0.229
1744725323.27,-1,0.000,0.000,0.000,1,0.000,0.000,0.000,10,0.000,0.000,0.000,0.000,1.50,1.10,0.044,-0.021,0.968,-0.205,0.198,-0.015
1744725323.27,-1,0.000,0.000,0.000,1,0.000,0.000,0.000,10,0.000,0.000,0.000,0.000,1.50,1.10,0.044,-0.021,0.968,-0.205,0.198,-0.015
1744725323.27,-1,0.000,0.000,0.000,1,0.000,0.000,0.000,10,0.000,0.000,0.000,0.000,1.50,1.10,0.045,-0.022,0.972,-0.144,0.259,-0.107
1744725323.27,-1,0.000,0.000,0.000,1,0.000,0.000,0.000,10,0.000,0.000,0.000,0.000,1.50,1.11,0.044,-0.017,0.968,-0.327,0.290,0.076
1744725323.27,-1,0.000,0.000,0.000,1,0.000,0.000,0.000,10,0.000,0.000,0.000,0.000,1.50,1.11,0.044,-0.017,0.968,-0.327,0.290,0.076
1744725323.29,-1,0.000,0.000,0.000,1,0.000,0.000,0.000,10,0.000,0.000,0.000,0.000,1.50,1.11,0.047,-0.018,0.968,0.008,-0.076,-0.168
1744725323.29,-1,0.000,0.000,0.000,2,0.000,0.000,0.000,10,0.000,0.000,0.000,0.000,1.50,1.11,0.047,-0.018,0.968,0.008,-0.076,-0.168
1744725323.29,-1,0.000,0.000,0.000,2,0.000,0.000,0.000,10,0.000,0.000,0.000,0.000,1.50,1.11,0.044,-0.018,0.967,-0.205,0.259,-0.137
1744725323.29,-1,0.000,0.000,0.000,2,0.000,0.000,0.000,10,0.000,0.000,0.000,0.000,1.50,1.14,0.047,-0.016,0.979,-0.083,0.290,0.046
1744725323.29,-1,0.000,0.000,0.000,2,0.000,0.000,0.000,10,0.000,0.000,0.000,0.000,1.50,1.14,0.047,-0.016,0.979,-0.083,0.290,0.046
1744725323.29,-1,0.000,0.000,0.000,2,0.000,0.000,0.000,10,0.000,0.000,0.000,0.000,1.50,1.14,0.045,-0.020,0.973,0.008,0.259,-0.351
1744725323.29,-1,0.000,0.000,0.000,2,0.000,0.000,0.000,10,0.000,0.000,0.000,0.000,1.50,1.14,0.045,-0.020,0.973,0.008,0.259,-0.351
1744725323.29,-1,0.000,0.000,0.000,2,0.000,0.000,0.000,10,0.000,0.000,0.000,0.000,1.50,1.14,0.047,-0.018,0.967,0.191,0.198,-0.290
1744725323.29,-1,0.000,0.000,0.000,2,0.000,0.000,0.000,10,0.000,0.000,0.000,0.000,1.50,1.16,0.045,-0.018,0.975,0.008,-0.046,-0.229
1744725323.29,-1,0.000,0.000,0.000,2,0.000,0.000,0.000,10,0.000,0.000,0.000,0.000,1.50,1.16,0.045,-0.018,0.975,0.008,-0.046,-0.229
1744725323.29,-1,0.000,0.000,0.000,2,0.000,0.000,0.000,10,0.000,0.000,0.000,0.000,1.50,1.16,0.045,-0.019,0.975,-0.022,0.168,-0.076
1744725323.29,-1,0.000,0.000,0.000,2,0.000,0.000,0.000,10,0.000,0.000,0.000,0.000,1.50,1.16,0.045,-0.019,0.975,-0.022,0.168,-0.076
1744725323.30,-1,0.000,0.000,0.000,2,0.000,0.000,0.000,10,0.000,0.000,0.000,0.000,1.50,1.16,0.048,-0.016,0.965,-0.205,0.015,-0.107
1744725323.31,-1,0.000,0.000,0.000,2,0.000,0.000,0.000,10,0.000,0.000,0.000,0.000,1.50,1.11,0.042,-0.015,0.963,-0.053,0.290,-0.442
1744725323.31,-1,0.000,0.000,0.000,2,0.000,0.000,0.000,10,0.000,0.000,0.000,0.000,1.50,1.11,0.042,-0.015,0.963,-0.053,0.290,-0.442
1744725323.31,-1,0.000,0.000,0.000,2,0.000,0.000,0.000,10,0.000,0.000,0.000,0.000,1.50,1.11,0.048,-0.019,0.971,-0.327,0.015,-0.198
1744725323.32,-1,0.000,0.000,0.000,2,0.000,0.000,0.000,10,0.000,0.000,0.000,0.000,1.50,1.11,0.048,-0.019,0.971,-0.327,0.015,-0.198
1744725323.32,-1,0.000,0.000,0.000,2,0.000,0.000,0.000,10,0.000,0.000,0.000,0.000,1.50,1.11,0.048,-0.018,0.969,0.039,0.259,-0.229
1744725323.33,-1,0.000,0.000,0.000,2,0.000,0.000,0.000,10,0.000,0.000,0.000,0.000,1.50,1.21,0.046,-0.019,0.966,-0.144,0.198,-0.198
1744725323.33,-1,0.000,0.000,0.000,2,0.000,0.000,0.000,10,0.000,0.000,0.000,0.000,1.50,1.21,0.046,-0.019,0.966,-0.144,0.198,-0.198
1744725323.34,-1,0.000,0.000,0.000,2,0.000,0.000,0.000,10,0.000,0.000,0.000,0.000,1.50,1.21,0.045,-0.022,0.967,-0.205,0.198,-0.168
1744725323.35,-1,0.000,0.000,0.000,2,0.000,0.000,0.000,10,0.000,0.000,0.000,0.000,1.50,1.21,0.045,-0.022,0.967,-0.205,0.198,-0.168
1744725323.38,-1,0.000,0.000,0.000,2,0.000,0.000,0.000,10,0.000,0.000,0.000,0.000,1.50,1.21,0.045,-0.021,0.975,-0.205,0.107,0.015
1744725323.38,-1,0.000,0.000,0.000,2,0.000,0.000,0.000,10,0.000,0.000,0.000,0.000,1.50,1.18,0.047,-0.017,0.964,0.100,0.229,-0.137
1744725323.38,-1,0.000,0.000,0.000,2,0.000,0.000,0.000,10,0.000,0.000,0.000,0.000,1.50,1.18,0.047,-0.017,0.964,0.100,0.229,-0.137
1744725323.38,-1,0.000,0.000,0.000,2,0.000,0.000,0.000,10,0.000,0.000,0.000,0.000,1.50,1.18,0.041,-0.018,0.970,-0.053,0.046,-0.107
1744725323.38,-1,0.000,0.000,0.000,2,0.000,0.000,0.000,10,0.000,0.000,0.000,0.000,1.50,1.18,0.045,-0.020,0.971,-0.205,0.076,0.107
1744725323.38,-1,0.000,0.000,0.000,2,0.000,0.000,0.000,10,0.000,0.000,0.000,0.000,1.50,1.18,0.045,-0.020,0.971,-0.205,0.076,0.107
1744725323.40,-1,0.000,0.000,0.000,2,0.000,0.000,0.000,10,0.000,0.000,0.000,0.000,1.50,1.08,0.046,-0.019,0.975,-0.175,0.046,-0.290
1744725323.40,-1,0.000,0.000,0.000,2,0.000,0.000,0.000,10,0.000,0.000,0.000,0.000,1.50,1.08,0.046,-0.019,0.975,-0.175,0.046,-0.290
1744725323.40,-1,0.000,0.000,0.000,2,0.000,0.000,0.000,10,0.000,0.000,0.000,0.000,1.50,1.08,0.046,-0.019,0.969,-0.175,0.259,-0.259
1744725323.41,-1,0.000,0.000,0.000,2,0.000,0.000,0.000,10,0.000,0.000,0.000,0.000,1.50,1.08,0.045,-0.020,0.963,-0.297,0.290,0.015
1744725323.41,-1,0.000,0.000,0.000,2,0.000,0.000,0.000,10,0.000,0.000,0.000,0.000,1.50,1.08,0.045,-0.020,0.963,-0.297,0.290,0.015
1744725323.43,-1,0.000,0.000,0.000,2,0.000,0.000,0.000,10,0.000,0.000,0.000,0.000,1.50,1.22,0.047,-0.020,0.974,-0.083,0.015,-0.168
1744725323.43,-1,0.000,0.000,0.000,2,0.000,0.000,0.000,10,0.000,0.000,0.000,0.000,1.50,1.22,0.047,-0.020,0.974,-0.083,0.015,-0.168
1744725323.45,-1,0.000,0.000,0.000,2,0.000,0.000,0.000,10,0.000,0.000,0.000,0.000,1.50,1.22,0.043,-0.016,0.969,-0.114,0.198,-0.137
1744725323.45,-1,0.000,0.000,0.000,2,0.000,0.000,0.000,10,0.000,0.000,0.000,0.000,1.50,1.22,0.043,-0.021,0.969,-0.450,0.320,-0.076
1744725323.45,-1,0.000,0.000,0.000,2,0.000,0.000,0.000,10,0.000,0.000,0.000,0.000,1.50,1.22,0.043,-0.021,0.969,-0.450,0.320,-0.076
1744725323.46,-1,0.000,0.000,0.000,2,0.000,0.000,0.000,10,0.000,0.000,0.000,0.000,1.50,1.25,0.044,-0.023,0.963,0.069,-0.046,-0.381
1744725323.46,-1,0.000,0.000,0.000,2,0.000,0.000,0.000,10,0.000,0.000,0.000,0.000,1.50,1.25,0.044,-0.023,0.963,0.069,-0.046,-0.381
1744725323.47,-1,0.000,0.000,0.000,2,0.000,0.000,0.000,10,0.000,0.000,0.000,0.000,1.50,1.25,0.044,-0.020,0.971,-0.297,0.198,-0.107
1744725323.47,-1,0.000,0.000,0.000,2,0.000,0.000,0.000,10,0.000,0.000,0.000,0.000,1.50,1.25,0.045,-0.020,0.967,0.039,0.107,-0.076
1744725323.47,-1,0.000,0.000,0.000,2,0.000,0.000,0.000,10,0.000,0.000,0.000,0.000,1.50,1.25,0.045,-0.020,0.967,0.039,0.107,-0.076
1744725323.48,-1,0.000,0.000,0.000,2,0.000,0.000,0.000,10,0.000,0.000,0.000,0.000,1.50,1.11,0.045,-0.016,0.967,-0.175,0.351,-0.229
1744725323.48,-1,0.000,0.000,0.000,2,0.000,0.000,0.000,10,0.000,0.000,0.000,0.000,1.50,1.11,0.045,-0.016,0.967,-0.175,0.351,-0.229
1744725323.49,-1,0.000,0.000,0.000,2,0.000,0.000,0.000,10,0.000,0.000,0.000,0.000,1.50,1.11,0.048,-0.017,0.969,-0.205,0.259,-0.137
1744725323.49,-1,0.000,0.000,0.000,2,0.000,0.000,0.000,10,0.000,0.000,0.000,0.000,1.50,1.11,0.042,-0.022,0.976,0.039,0.198,-0.137
1744725323.51,-1,0.000,0.000,0.000,2,0.000,0.000,0.000,10,0.000,0.000,0.000,0.000,1.50,1.11,0.042,-0.022,0.976,0.039,0.198,-0.137
1744725323.51,-1,0.000,0.000,0.000,2,0.000,0.000,0.000,10,0.000,0.000,0.000,0.000,1.50,1.01,0.046,-0.021,0.973,-0.175,0.259,-0.259
1744725323.51,-1,0.000,0.000,0.000,2,0.000,0.000,0.000,10,0.000,0.000,0.000,0.000,1.50,1.01,0.046,-0.021,0.973,-0.175,0.259,-0.259
1744725323.52,-1,0.000,0.000,0.000,2,0.000,0.000,0.000,10,0.000,0.000,0.000,0.000,1.50,1.01,0.043,-0.018,0.967,-0.388,0.229,-0.015
1744725323.52,-1,0.000,0.000,0.000,2,0.000,0.000,0.000,10,0.000,0.000,0.000,0.000,1.50,1.01,0.045,-0.019,0.968,-0.114,0.259,-0.076
# remark: robobot/cmd/ti/alive 2025-04-15 15:55:21.913760
1744725323.54,-1,0.000,0.000,0.000,2,0.000,0.000,0.000,10,0.000,0.000,0.000,0.000,1.50,1.01,0.045,-0.019,0.968,-0.114,0.259,-0.076
1744725323.54,-1,0.000,0.000,0.000,2,0.000,0.000,0.000,10,0.000,0.000,0.000,0.000,1.50,1.41,0.045,-0.018,0.968,-0.083,-0.046,-0.198
# remark: % State change from -1 to 815
1744725323.54,-1,0.000,0.000,0.000,2,0.000,0.000,0.000,10,0.000,0.000,0.000,0.000,1.50,1.41,0.045,-0.018,0.968,-0.083,-0.046,-0.198
1744725323.58,-1,0.000,0.000,0.000,2,0.000,0.000,0.000,10,0.000,0.000,0.000,0.000,1.50,1.41,0.047,-0.017,0.975,-0.114,-0.046,0.076
1744725323.58,-1,0.000,0.000,0.000,2,0.000,0.000,0.000,10,0.000,0.000,0.000,0.000,1.50,1.41,0.044,-0.019,0.967,0.039,0.229,-0.168
1744725323.58,-1,0.000,0.000,0.000,2,0.000,0.000,0.000,10,0.000,0.000,0.000,0.000,1.50,1.41,0.044,-0.019,0.967,0.039,0.229,-0.168
1744725323.58,-1,0.000,0.000,0.000,2,0.000,0.000,0.000,10,0.000,0.000,0.000,0.000,1.50,1.50,0.047,-0.018,0.972,-0.053,0.137,-0.381
1744725323.58,-1,0.000,0.000,0.000,2,0.000,0.000,0.000,10,0.000,0.000,0.000,0.000,1.50,1.50,0.047,-0.018,0.972,-0.053,0.137,-0.381
1744725323.58,-1,0.000,0.000,0.000,2,0.000,0.000,0.000,10,0.000,0.000,0.000,0.000,1.50,1.50,0.041,-0.018,0.975,0.008,0.412,-0.076
1744725323.58,-1,0.000,0.000,0.000,2,0.000,0.000,0.000,10,0.000,0.000,0.000,0.000,1.50,1.50,0.046,-0.018,0.970,-0.175,0.168,-0.320
1744725323.60,-1,0.000,0.000,0.000,2,0.000,0.000,0.000,10,0.000,0.000,0.000,0.000,1.50,1.50,0.046,-0.018,0.970,-0.175,0.168,-0.320
1744725323.60,-1,0.000,0.000,0.000,2,0.000,0.000,0.000,10,0.000,0.000,0.000,0.000,1.50,1.43,0.043,-0.019,0.971,-0.144,0.443,-0.290
1744725323.60,-1,0.000,0.000,0.000,2,0.000,0.000,0.000,10,0.000,0.000,0.000,0.000,1.50,1.43,0.043,-0.019,0.971,-0.144,0.443,-0.290
1744725323.62,-1,0.000,0.000,0.000,2,0.000,0.000,0.000,10,0.000,0.000,0.000,0.000,1.50,1.43,0.045,-0.021,0.970,-0.053,0.565,0.107
1744725323.62,-1,0.000,0.000,0.000,2,0.000,0.000,0.000,10,0.000,0.000,0.000,0.000,1.50,1.43,0.042,-0.021,0.968,-0.205,0.198,-0.351
1744725323.62,-1,0.000,0.000,0.000,2,0.000,0.000,0.000,10,0.000,0.000,0.000,0.000,1.50,1.43,0.042,-0.021,0.968,-0.205,0.198,-0.351
1744725323.63,-1,0.000,0.000,0.000,2,0.000,0.000,0.000,10,0.000,0.000,0.000,0.000,1.50,1.20,0.042,-0.021,0.972,-0.144,0.168,-0.198
1744725323.63,-1,0.000,0.000,0.000,2,0.000,0.000,0.000,10,0.000,0.000,0.000,0.000,1.50,1.20,0.042,-0.021,0.972,-0.144,0.168,-0.198
1744725323.66,-1,0.000,0.000,0.000,2,0.000,0.000,0.000,10,0.000,0.000,0.000,0.000,1.50,1.20,0.049,-0.018,0.969,0.069,0.351,-0.107
1744725323.66,-1,0.000,0.000,0.000,2,0.000,0.000,0.000,10,0.000,0.000,0.000,0.000,1.50,1.20,0.052,-0.020,0.969,-0.053,0.015,-0.229
1744725323.66,-1,0.000,0.000,0.000,2,0.000,0.000,0.000,10,0.000,0.000,0.000,0.000,1.50,1.20,0.052,-0.020,0.969,-0.053,0.015,-0.229
1744725323.66,-1,0.000,0.000,0.000,2,0.000,0.000,0.000,10,0.000,0.000,0.000,0.000,1.50,1.29,0.043,-0.019,0.975,-0.144,0.076,-0.229
1744725323.67,-1,0.000,0.000,0.000,2,0.000,0.000,0.000,10,0.000,0.000,0.000,0.000,1.50,1.29,0.043,-0.019,0.975,-0.144,0.076,-0.229
1744725323.68,-1,0.000,0.000,0.000,2,0.000,0.000,0.000,10,0.000,0.000,0.000,0.000,1.50,1.29,0.041,-0.021,0.972,-0.053,0.107,-0.259
1744725323.68,-1,0.000,0.000,0.000,2,0.000,0.000,0.000,10,0.000,0.000,0.000,0.000,1.50,1.29,0.046,-0.019,0.965,0.039,0.320,0.137
1744725323.69,-1,0.000,0.000,0.000,2,0.000,0.000,0.000,10,0.000,0.000,0.000,0.000,1.50,1.29,0.046,-0.019,0.965,0.039,0.320,0.137
1744725323.69,-1,0.000,0.000,0.000,2,0.000,0.000,0.000,10,0.000,0.000,0.000,0.000,1.50,1.35,0.045,-0.020,0.973,-0.236,0.259,-0.259
1744725323.70,-1,0.000,0.000,0.000,2,0.000,0.000,0.000,10,0.000,0.000,0.000,0.000,1.50,1.35,0.045,-0.020,0.973,-0.236,0.259,-0.259
1744725323.71,-1,0.000,0.000,0.000,2,0.000,0.000,0.000,10,0.000,0.000,0.000,0.000,1.50,1.35,0.048,-0.017,0.972,-0.144,0.320,-0.076
1744725323.71,-1,0.000,0.000,0.000,2,0.000,0.000,0.000,10,0.000,0.000,0.000,0.000,1.50,1.35,0.045,-0.019,0.968,0.191,0.137,-0.107
1744725323.71,-1,0.000,0.000,0.000,2,0.000,0.000,0.000,10,0.000,0.000,0.000,0.000,1.50,1.35,0.045,-0.019,0.968,0.191,0.137,-0.107
1744725323.72,-1,0.000,0.000,0.000,2,0.000,0.000,0.000,10,0.000,0.000,0.000,0.000,1.50,1.38,0.043,-0.019,0.970,-0.083,0.381,-0.168
1744725323.72,-1,0.000,0.000,0.000,2,0.000,0.000,0.000,10,0.000,0.000,0.000,0.000,1.50,1.38,0.043,-0.019,0.970,-0.083,0.381,-0.168
1744725323.73,-1,0.000,0.000,0.000,2,0.000,0.000,0.000,10,0.000,0.000,0.000,0.000,1.50,1.38,0.044,-0.018,0.968,-0.175,-0.076,-0.168
1744725323.80,-1,0.000,0.000,0.000,2,0.000,0.000,0.000,10,0.000,0.000,0.000,0.000,1.50,1.38,0.042,-0.020,0.971,-0.175,0.290,-0.259
1744725323.80,-1,0.000,0.000,0.000,2,0.000,0.000,0.000,10,0.000,0.000,0.000,0.000,1.50,1.38,0.042,-0.020,0.971,-0.175,0.290,-0.259
1744725323.80,-1,0.000,0.000,0.000,2,0.000,0.000,0.000,10,0.000,0.000,0.000,0.000,1.50,1.28,0.045,-0.017,0.969,-0.022,0.229,0.015
1744725323.80,-1,0.000,0.000,0.000,2,0.000,0.000,0.000,10,0.000,0.000,0.000,0.000,1.50,1.28,0.045,-0.017,0.969,-0.022,0.229,0.015
1744725323.80,-1,0.000,0.000,0.000,2,0.000,0.000,0.000,10,0.000,0.000,0.000,0.000,1.50,1.28,0.041,-0.022,0.968,-0.205,-0.046,-0.198
1744725323.80,-1,0.000,0.000,0.000,2,0.000,0.000,0.000,10,0.000,0.000,0.000,0.000,1.50,1.28,0.043,-0.020,0.969,-0.327,0.259,-0.290
1744725323.80,-1,0.000,0.000,0.000,2,0.000,0.000,0.000,10,0.000,0.000,0.000,0.000,1.50,1.28,0.043,-0.020,0.969,-0.327,0.259,-0.290
1744725323.80,-1,0.000,0.000,0.000,2,0.000,0.000,0.000,10,0.000,0.000,0.000,0.000,1.50,1.12,0.044,-0.018,0.972,-0.266,0.198,-0.076
1744725323.80,-1,0.000,0.000,0.000,2,0.000,0.000,0.000,10,0.000,0.000,0.000,0.000,1.50,1.12,0.044,-0.018,0.972,-0.266,0.198,-0.076
1744725323.80,-1,0.000,0.000,0.000,2,0.000,0.000,0.000,10,0.000,0.000,0.000,0.000,1.50,1.12,0.045,-0.022,0.969,0.039,-0.046,0.046
1744725323.80,-1,0.000,0.000,0.000,2,0.000,0.000,0.000,10,0.000,0.000,0.000,0.000,1.50,1.12,0.044,-0.019,0.960,-0.022,0.076,-0.046
1744725323.82,-1,0.000,0.000,0.000,2,0.000,0.000,0.000,10,0.000,0.000,0.000,0.000,1.50,1.12,0.044,-0.019,0.960,-0.022,0.076,-0.046
1744725323.82,-1,0.000,0.000,0.000,2,0.000,0.000,0.000,10,0.000,0.000,0.000,0.000,1.50,1.06,0.041,-0.017,0.977,-0.083,0.229,-0.076
1744725323.82,-1,0.000,0.000,0.000,2,0.000,0.000,0.000,10,0.000,0.000,0.000,0.000,1.50,1.06,0.041,-0.017,0.977,-0.083,0.229,-0.076
1744725323.82,-1,0.000,0.000,0.000,2,0.000,0.000,0.000,10,0.000,0.000,0.000,0.000,1.50,1.06,0.042,-0.021,0.971,-0.053,0.046,-0.137
1744725323.85,-1,0.000,0.000,0.000,2,0.000,0.000,0.000,10,0.000,0.000,0.000,0.000,1.50,1.06,0.045,-0.018,0.963,-0.083,0.412,-0.015
1744725323.85,-1,0.000,0.000,0.000,2,0.000,0.000,0.000,10,0.000,0.000,0.000,0.000,1.50,1.06,0.045,-0.018,0.963,-0.083,0.412,-0.015
1744725323.85,-1,0.000,0.000,0.000,2,0.000,0.000,0.000,10,0.000,0.000,0.000,0.000,1.50,1.06,0.043,-0.015,0.968,-0.053,0.290,0.168
1744725323.85,-1,0.000,0.000,0.000,2,0.000,0.000,0.000,10,0.000,0.000,0.000,0.000,1.50,1.06,0.043,-0.015,0.968,-0.053,0.290,0.168
1744725323.86,-1,0.000,0.000,0.000,2,0.000,0.000,0.000,10,0.000,0.000,0.000,0.000,1.50,1.06,0.044,-0.014,0.971,-0.144,0.137,-0.229
1744725323.86,-1,0.000,0.000,0.000,2,0.000,0.000,0.000,10,0.000,0.000,0.000,0.000,1.50,1.06,0.045,-0.020,0.968,-0.022,0.137,-0.351
1744725323.86,-1,0.000,0.000,0.000,2,0.000,0.000,0.000,10,0.000,0.000,0.000,0.000,1.50,1.06,0.045,-0.020,0.968,-0.022,0.137,-0.351
1744725323.88,-1,0.000,0.000,0.000,2,0.000,0.000,0.000,10,0.000,0.000,0.000,0.000,1.50,1.02,0.043,-0.017,0.967,-0.175,0.107,-0.107
1744725323.88,-1,0.000,0.000,0.000,2,0.000,0.000,0.000,10,0.000,0.000,0.000,0.000,1.50,1.02,0.043,-0.017,0.967,-0.175,0.107,-0.107
1744725323.92,-1,0.000,0.000,0.000,2,0.000,0.000,0.000,10,0.000,0.000,0.000,0.000,1.50,1.02,0.049,-0.016,0.968,-0.205,0.320,-0.137
1744725323.92,-1,0.000,0.000,0.000,2,0.000,0.000,0.000,10,0.000,0.000,0.000,0.000,1.50,1.02,0.044,-0.021,0.979,-0.053,0.290,-0.229
1744725323.92,-1,0.000,0.000,0.000,2,0.000,0.000,0.000,10,0.000,0.000,0.000,0.000,1.50,1.02,0.044,-0.021,0.979,-0.053,0.290,-0.229
1744725323.92,-1,0.000,0.000,0.000,2,0.000,0.000,0.000,10,0.000,0.000,0.000,0.000,1.50,1.50,0.043,-0.019,0.968,-0.022,0.259,-0.290
1744725323.92,-1,0.000,0.000,0.000,2,0.000,0.000,0.000,10,0.000,0.000,0.000,0.000,1.50,1.50,0.043,-0.019,0.968,-0.022,0.259,-0.290
1744725323.92,-1,0.000,0.000,0.000,2,0.000,0.000,0.000,10,0.000,0.000,0.000,0.000,1.50,1.50,0.046,-0.017,0.969,0.161,0.381,0.168
1744725323.92,-1,0.000,0.000,0.000,2,0.000,0.000,0.000,10,0.000,0.000,0.000,0.000,1.50,1.50,0.041,-0.021,0.969,0.008,0.320,0.046
1744725323.92,-1,0.000,0.000,0.000,2,0.000,0.000,0.000,10,0.000,0.000,0.000,0.000,1.50,1.50,0.041,-0.021,0.969,0.008,0.320,0.046
1744725323.94,-1,0.000,0.000,0.000,2,0.000,0.000,0.000,10,0.000,0.000,0.000,0.000,1.50,1.43,0.043,-0.016,0.972,-0.297,0.137,-0.198
1744725323.94,-1,0.000,0.000,0.000,2,0.000,0.000,0.000,10,0.000,0.000,0.000,0.000,1.50,1.43,0.043,-0.016,0.972,-0.297,0.137,-0.198
1744725323.95,-1,0.000,0.000,0.000,2,0.000,0.000,0.000,10,0.000,0.000,0.000,0.000,1.50,1.43,0.043,-0.013,0.964,-0.175,0.015,-0.046
1744725323.99,-1,0.000,0.000,0.000,2,0.000,0.000,0.000,10,0.000,0.000,0.000,0.000,1.50,1.43,0.045,-0.017,0.971,-0.083,0.320,-0.076
1744725323.99,-1,0.000,0.000,0.000,2,0.000,0.000,0.000,10,0.000,0.000,0.000,0.000,1.50,1.43,0.045,-0.017,0.971,-0.083,0.320,-0.076
1744725324.01,-1,0.000,0.000,0.000,2,0.000,0.000,0.000,10,0.000,0.000,0.000,0.000,1.50,1.24,0.044,-0.018,0.968,0.008,0.015,0.046
1744725324.01,-1,0.000,0.000,0.000,2,0.000,0.000,0.000,10,0.000,0.000,0.000,0.000,1.50,1.24,0.044,-0.018,0.968,0.008,0.015,0.046
1744725324.01,-1,0.000,0.000,0.000,2,0.000,0.000,0.000,10,0.000,0.000,0.000,0.000,1.50,1.24,0.045,-0.016,0.969,-0.236,0.320,-0.015
1744725324.01,-1,0.000,0.000,0.000,2,0.000,0.000,0.000,10,0.000,0.000,0.000,0.000,1.50,1.24,0.043,-0.021,0.968,0.161,0.534,-0.168
1744725324.01,-1,0.000,0.000,0.000,2,0.000,0.000,0.000,10,0.000,0.000,0.000,0.000,1.50,1.24,0.043,-0.021,0.968,0.161,0.534,-0.168
1744725324.01,-1,0.000,0.000,0.000,2,0.000,0.000,0.000,10,0.000,0.000,0.000,0.000,1.50,1.02,0.043,-0.018,0.970,-0.297,-0.015,-0.168
1744725324.01,-1,0.000,0.000,0.000,2,0.000,0.000,0.000,10,0.000,0.000,0.000,0.000,1.50,1.02,0.043,-0.018,0.970,-0.297,-0.015,-0.168
1744725324.02,-1,0.000,0.000,0.000,2,0.000,0.000,0.000,10,0.000,0.000,0.000,0.000,1.50,1.02,0.048,-0.019,0.969,0.039,0.076,-0.168
1744725324.02,-1,0.000,0.000,0.000,2,0.000,0.000,0.000,10,0.000,0.000,0.000,0.000,1.50,1.02,0.045,-0.017,0.969,-0.388,0.137,-0.107
1744725324.03,-1,0.000,0.000,0.000,2,0.000,0.000,0.000,10,0.000,0.000,0.000,0.000,1.50,1.02,0.045,-0.017,0.969,-0.388,0.137,-0.107
1744725324.03,-1,0.000,0.000,0.000,3,0.000,0.000,0.000,10,0.000,0.000,0.000,0.000,1.50,1.11,0.042,-0.018,0.975,-0.236,0.259,-0.168
1744725324.03,-1,0.000,0.000,0.000,3,0.000,0.000,0.000,10,0.000,0.000,0.000,0.000,1.50,1.11,0.042,-0.018,0.975,-0.236,0.259,-0.168
# remark: robobot/cmd/T0/leds 16 0 100 0
# remark: robobot/cmd/ti/rc 0.0 -0.20
# remark: robobot/cmd/ti/alive 2025-04-15 15:55:21.913760
1744725324.06,-1,0.000,0.000,0.000,3,0.000,0.000,0.000,10,0.000,0.000,0.000,0.000,1.50,1.11,0.043,-0.019,0.967,-0.175,-0.046,-0.046
1744725324.07,-1,0.000,0.000,0.000,3,0.000,0.000,0.000,10,0.000,0.000,0.000,0.000,1.50,1.11,0.043,-0.016,0.969,-0.022,0.046,0.046
1744725324.07,-1,0.000,0.000,0.000,3,0.000,0.000,0.000,10,0.000,0.000,0.000,0.000,1.50,1.11,0.043,-0.016,0.969,-0.022,0.046,0.046
1744725324.07,-1,0.000,0.000,0.000,3,0.000,0.000,0.000,10,0.000,0.000,0.000,0.000,1.50,1.12,0.044,-0.016,0.974,0.161,0.198,-0.259
1744725324.07,-1,0.000,0.000,0.000,3,0.000,0.000,0.000,10,0.000,0.000,0.000,0.000,1.50,1.12,0.044,-0.016,0.974,0.161,0.198,-0.259
1744725324.08,-1,0.000,0.000,0.000,3,0.000,0.000,0.000,10,0.000,0.000,0.000,0.000,1.50,1.12,0.043,-0.020,0.969,-0.022,0.198,-0.015
1744725324.08,-1,0.000,0.000,0.000,3,0.000,0.000,0.000,10,0.000,0.000,0.000,0.000,1.50,1.12,0.043,-0.018,0.976,-0.022,0.107,0.076
1744725324.08,-1,0.000,0.000,0.000,3,0.000,0.000,0.000,10,0.000,0.000,0.000,0.000,1.50,1.12,0.043,-0.018,0.976,-0.022,0.107,0.076
1744725324.08,-1,0.000,0.000,0.000,3,0.000,0.000,0.000,10,0.000,0.000,0.000,0.000,1.50,1.02,0.040,-0.020,0.972,-0.053,0.198,-0.076
1744725324.08,-1,0.000,0.000,0.000,3,0.000,0.000,0.000,10,0.000,0.000,0.000,0.000,1.50,1.02,0.040,-0.020,0.972,-0.053,0.198,-0.076
1744725324.09,-1,0.000,0.000,0.000,3,0.000,0.000,0.000,10,0.000,0.000,0.000,0.000,1.50,1.02,0.042,-0.018,0.972,0.100,0.076,-0.168
1744725324.10,-1,0.000,0.000,0.000,3,0.000,0.000,0.000,10,0.000,0.000,0.000,0.000,1.50,1.02,0.049,-0.018,0.968,0.008,0.198,0.015
1744725324.10,-1,0.000,0.000,0.000,3,0.000,0.000,0.000,10,0.000,0.000,0.000,0.000,1.50,1.02,0.049,-0.018,0.968,0.008,0.198,0.015
1744725324.11,-1,0.000,0.000,0.000,3,0.000,0.000,0.000,10,0.000,0.000,0.000,0.000,1.50,1.13,0.044,-0.021,0.969,-0.114,0.015,-0.015
1744725324.11,-1,0.000,0.000,0.000,3,0.000,0.000,0.000,10,0.000,0.000,0.000,0.000,1.50,1.13,0.044,-0.021,0.969,-0.114,0.015,-0.015
1744725324.12,-1,0.000,0.000,0.000,3,0.000,0.000,0.000,10,0.000,0.000,0.000,0.000,1.50,1.13,0.041,-0.021,0.973,-0.175,0.259,-0.198
1744725324.12,-1,0.000,0.000,0.000,3,0.000,0.000,0.000,10,0.000,0.000,0.000,0.000,1.50,1.13,0.043,-0.018,0.962,-0.114,0.076,-0.259
1744725324.13,-1,0.000,0.000,0.000,3,0.000,0.000,0.000,10,0.000,0.000,0.000,0.000,1.50,1.13,0.043,-0.018,0.962,-0.114,0.076,-0.259
1744725324.14,-1,0.000,0.000,0.000,3,0.000,0.000,0.000,10,0.000,0.000,0.000,0.000,1.50,1.20,0.045,-0.021,0.970,0.069,0.259,-0.076
1744725324.15,-1,0.000,0.000,0.000,3,0.000,0.000,0.000,10,0.000,0.000,0.000,0.000,1.50,1.20,0.045,-0.021,0.970,0.069,0.259,-0.076
1744725324.18,-1,0.000,0.000,0.000,3,0.000,0.000,0.000,10,0.000,0.000,0.000,0.000,1.50,1.20,0.045,-0.019,0.971,-0.022,0.443,-0.229
1744725324.18,-1,0.000,-0.000,-0.001,3,0.000,0.000,0.000,10,0.000,-0.001,0.000,-0.001,1.50,1.20,0.043,-0.018,0.970,-0.022,0.046,-0.137
1744725324.18,-1,0.000,-0.000,-0.001,3,0.000,0.000,0.000,10,0.000,-0.001,0.000,-0.001,1.50,1.20,0.043,-0.018,0.970,-0.022,0.046,-0.137
1744725324.18,-1,0.000,-0.000,-0.001,3,0.000,0.000,0.000,10,0.000,-0.001,0.000,-0.001,1.50,1.10,0.044,-0.019,0.970,-0.144,0.168,0.015
1744725324.18,-1,0.000,-0.000,-0.001,3,0.000,0.000,0.000,10,0.000,-0.001,0.000,-0.001,1.50,1.10,0.044,-0.019,0.970,-0.144,0.168,0.015
1744725324.19,-1,0.000,-0.000,-0.001,3,0.000,0.000,0.000,10,0.000,-0.001,0.000,-0.001,1.50,1.10,0.043,-0.021,0.975,-0.236,0.351,0.107
1744725324.19,-1,0.000,-0.000,-0.001,3,0.000,0.000,0.000,10,0.000,-0.001,0.000,-0.001,1.50,1.10,0.047,-0.022,0.979,0.191,0.229,-0.351
1744725324.19,-1,0.000,-0.000,-0.001,3,0.000,0.000,0.000,10,0.000,-0.001,0.000,-0.001,1.50,1.10,0.047,-0.022,0.979,0.191,0.229,-0.351
1744725324.20,-1,0.000,0.000,-0.002,3,0.000,0.000,0.000,10,0.000,-0.002,0.000,-0.002,1.50,1.32,0.044,-0.020,0.971,-0.053,0.137,-0.290
1744725324.21,-1,0.000,0.000,-0.002,3,0.000,0.000,0.000,10,0.000,-0.002,0.000,-0.002,1.50,1.32,0.044,-0.020,0.971,-0.053,0.137,-0.290
1744725324.21,-1,0.000,-0.000,-0.004,3,0.000,0.000,0.000,10,0.000,-0.004,0.000,-0.004,1.50,1.32,0.041,-0.020,0.969,-0.266,-0.015,0.046
1744725324.21,-1,0.000,-0.000,-0.004,3,0.000,0.000,0.000,10,0.000,-0.004,0.000,-0.004,1.50,1.32,0.047,-0.022,0.971,-0.053,0.046,-0.229
1744725324.23,-1,0.000,-0.000,-0.004,3,0.000,0.000,0.000,10,0.000,-0.004,0.000,-0.004,1.50,1.32,0.047,-0.022,0.971,-0.053,0.046,-0.229
1744725324.27,-1,0.000,-0.000,-0.005,3,0.000,0.000,0.000,10,0.000,-0.005,0.000,-0.005,1.50,1.21,0.073,-0.005,0.964,0.039,-0.168,-0.137
1744725324.27,-1,0.000,-0.000,-0.005,3,0.000,0.000,0.000,10,0.000,-0.005,0.000,-0.005,1.50,1.21,0.073,-0.005,0.964,0.039,-0.168,-0.137
1744725324.27,-1,0.000,-0.000,-0.005,3,0.000,0.000,0.000,10,0.000,-0.005,0.000,-0.005,1.50,1.21,0.093,0.009,0.965,-0.114,-0.961,-1.907
1744725324.27,-1,0.000,-0.000,-0.005,3,0.000,0.000,0.000,10,0.000,-0.005,0.000,-0.005,1.50,1.21,0.093,0.005,0.997,-0.053,0.381,-3.281
1744725324.27,-1,0.000,-0.000,-0.005,3,0.000,0.000,0.000,10,0.000,-0.005,0.000,-0.005,1.50,1.21,0.093,0.005,0.997,-0.053,0.381,-3.281
1744725324.28,-1,0.000,-0.000,-0.006,3,0.000,0.000,0.000,10,0.000,-0.006,0.000,-0.006,1.50,1.10,0.095,0.003,0.950,-0.388,1.205,-4.440
1744725324.28,-1,0.000,-0.000,-0.006,3,0.000,0.000,0.000,10,0.000,-0.006,0.000,-0.006,1.50,1.10,0.095,0.003,0.950,-0.388,1.205,-4.440
1744725324.28,-1,0.001,-0.000,-0.007,3,0.000,0.000,0.004,10,0.000,-0.007,0.000,-0.007,1.50,1.10,0.089,-0.012,0.956,0.222,0.015,-4.715
1744725324.28,-1,0.000,-0.000,-0.008,3,0.000,0.000,0.004,10,0.000,-0.008,0.000,-0.008,1.50,1.10,0.106,-0.003,0.988,-0.327,0.504,-5.386
1744725324.28,-1,0.001,-0.000,-0.009,3,0.000,0.000,0.004,10,0.000,-0.009,0.000,-0.009,1.50,1.10,0.106,-0.003,0.988,-0.327,0.504,-5.386
1744725324.29,-1,0.000,-0.000,-0.010,3,0.000,0.000,0.026,10,0.000,-0.010,0.000,-0.010,1.50,1.10,0.095,-0.013,0.959,-0.327,1.389,-5.600
1744725324.29,-1,0.000,-0.000,-0.010,3,0.000,0.000,0.026,10,0.000,-0.010,0.000,-0.010,1.50,1.10,0.095,-0.013,0.959,-0.327,1.389,-5.600
1744725324.30,-1,0.000,-0.000,-0.013,3,0.000,0.000,0.039,10,0.000,-0.013,0.000,-0.013,1.50,1.10,0.033,-0.044,0.967,-0.297,1.419,-4.471
1744725324.30,-1,0.001,-0.000,-0.014,3,0.000,0.000,0.039,10,0.000,-0.014,0.000,-0.014,1.50,1.10,-0.031,0.050,1.014,-1.487,4.898,-6.882
1744725324.33,-1,0.001,-0.000,-0.014,3,0.000,0.000,0.039,10,0.000,-0.014,0.000,-0.014,1.50,1.10,-0.031,0.050,1.014,-1.487,4.898,-6.882
1744725324.33,-1,0.001,-0.000,-0.015,3,0.000,0.000,0.065,10,0.000,-0.015,0.000,-0.015,1.50,1.32,-0.041,0.059,0.893,1.198,1.877,-10.727
1744725324.33,-1,0.001,-0.000,-0.015,3,0.000,0.000,0.065,10,0.000,-0.015,0.000,-0.015,1.50,1.32,-0.041,0.059,0.893,1.198,1.877,-10.727
1744725324.36,-1,0.001,-0.000,-0.017,3,0.000,0.000,0.083,10,0.000,-0.017,0.000,-0.017,1.50,1.32,-0.021,0.011,0.951,-1.304,-3.189,-11.887
1744725324.36,-1,0.001,-0.000,-0.017,3,0.000,0.000,0.083,10,0.000,-0.017,0.000,-0.017,1.50,1.32,0.020,0.042,1.058,-0.236,0.198,-11.673
1744725324.47,-1,0.001,-0.000,-0.020,3,0.000,0.000,0.083,10,0.000,-0.020,0.000,-0.020,1.50,1.32,0.020,0.042,1.058,-0.236,0.198,-11.673
1744725324.47,-1,0.001,-0.000,-0.022,3,0.000,0.000,0.113,10,0.000,-0.022,0.000,-0.022,1.50,1.29,0.074,0.057,0.948,-0.938,-0.198,-16.647
1744725324.47,-1,0.001,-0.000,-0.022,3,0.000,0.000,0.113,10,0.000,-0.022,0.000,-0.022,1.50,1.29,0.074,0.057,0.948,-0.938,-0.198,-16.647
1744725324.47,-1,0.001,-0.000,-0.023,3,0.000,0.000,0.139,10,0.001,-0.023,0.001,-0.023,1.50,1.29,0.052,0.023,0.950,-0.297,-1.480,-18.661
1744725324.47,-1,0.001,-0.000,-0.024,3,0.000,0.000,0.139,10,0.001,-0.024,0.001,-0.024,1.50,1.29,0.096,0.008,0.983,-1.029,0.656,-20.950
1744725324.47,-1,0.001,-0.000,-0.027,3,0.000,0.000,0.139,10,0.001,-0.027,0.001,-0.027,1.50,1.29,0.096,0.008,0.983,-1.029,0.656,-20.950
1744725324.49,-1,0.001,-0.000,-0.028,3,0.000,0.000,0.178,10,0.001,-0.028,0.001,-0.028,1.50,1.03,0.042,-0.050,1.012,-0.785,3.128,-18.448
1744725324.49,-1,0.001,-0.000,-0.028,3,0.000,0.000,0.178,10,0.001,-0.028,0.001,-0.028,1.50,1.03,0.042,-0.050,1.012,-0.785,3.128,-18.448
1744725324.49,-1,0.001,-0.000,-0.030,3,0.000,0.000,0.204,10,0.001,-0.030,0.001,-0.030,1.50,1.03,0.004,-0.005,0.972,-2.616,3.098,-16.739
1744725324.49,-1,0.000,0.000,-0.031,3,0.000,0.000,0.204,10,0.001,-0.031,0.001,-0.031,1.50,1.03,-0.037,-0.003,0.932,-0.755,0.778,-17.380
1744725324.49,-1,0.000,0.000,-0.031,3,0.000,0.000,0.204,10,0.001,-0.031,0.001,-0.031,1.50,1.03,-0.037,-0.003,0.932,-0.755,0.778,-17.380
1744725324.49,-1,0.000,0.000,-0.034,3,0.000,0.000,0.235,10,0.001,-0.034,0.001,-0.034,1.50,1.41,-0.020,-0.037,0.921,-1.640,-0.717,-19.119
1744725324.49,-1,0.000,0.000,-0.034,3,0.000,0.000,0.235,10,0.001,-0.034,0.001,-0.034,1.50,1.41,-0.020,-0.037,0.921,-1.640,-0.717,-19.119
1744725324.49,-1,0.000,0.000,-0.037,3,0.000,0.000,0.235,10,0.001,-0.037,0.001,-0.037,1.50,1.41,0.019,-0.060,0.992,-0.327,-1.083,-17.746
1744725324.49,-1,0.000,0.000,-0.037,3,0.000,0.000,0.235,10,0.001,-0.037,0.001,-0.037,1.50,1.41,0.080,-0.061,0.965,0.008,-1.053,-16.220
1744725324.49,-1,0.000,0.000,-0.039,3,0.000,0.000,0.235,10,0.001,-0.039,0.001,-0.039,1.50,1.41,0.080,-0.061,0.965,0.008,-1.053,-16.220
1744725324.53,-1,0.000,0.000,-0.041,3,0.000,0.000,0.226,10,0.000,-0.041,0.000,-0.041,1.50,1.49,0.071,-0.064,0.990,-1.396,0.107,-14.175
1744725324.53,-1,0.000,0.000,-0.041,3,0.000,0.000,0.226,10,0.000,-0.041,0.000,-0.041,1.50,1.49,0.071,-0.064,0.990,-1.396,0.107,-14.175
1744725324.53,-1,-0.000,0.000,-0.043,3,0.000,0.000,0.217,10,0.000,-0.043,0.000,-0.043,1.50,1.49,0.075,-0.019,0.988,-1.029,2.304,-13.687
1744725324.53,-1,0.000,0.000,-0.044,3,0.000,0.000,0.217,10,0.000,-0.044,0.000,-0.044,1.50,1.49,0.037,0.005,0.971,-0.541,3.067,-15.640
1744725324.59,-1,-0.000,0.000,-0.045,3,0.000,0.000,0.217,10,0.000,-0.045,0.000,-0.045,1.50,1.49,0.037,0.005,0.971,-0.541,3.067,-15.640
1744725324.59,-1,-0.000,0.000,-0.047,3,0.000,0.000,0.222,10,0.000,-0.047,0.000,-0.047,1.50,1.22,0.042,0.020,0.940,-0.694,0.534,-17.960
1744725324.59,-1,-0.000,0.000,-0.047,3,0.000,0.000,0.222,10,0.000,-0.047,0.000,-0.047,1.50,1.22,0.042,0.020,0.940,-0.694,0.534,-17.960
1744725324.59,-1,-0.000,0.000,-0.049,3,0.000,0.000,0.222,10,0.000,-0.049,0.000,-0.049,1.50,1.22,0.033,-0.022,0.979,0.100,-1.114,-17.441
1744725324.60,-1,-0.000,0.000,-0.049,3,0.000,0.000,0.222,10,0.000,-0.049,0.000,-0.049,1.50,1.22,0.039,-0.048,0.950,-0.572,-0.443,-14.206
1744725324.60,-1,-0.000,0.000,-0.051,3,0.000,0.000,0.222,10,0.000,-0.051,0.000,-0.051,1.50,1.22,0.039,-0.048,0.950,-0.572,-0.443,-14.206
1744725324.60,-1,-0.000,0.000,-0.052,3,0.000,0.000,0.209,10,-0.000,-0.052,-0.000,-0.052,1.50,1.12,0.020,-0.086,0.985,-1.518,0.565,-10.025
1744725324.60,-1,-0.000,0.000,-0.052,3,0.000,0.000,0.209,10,-0.000,-0.052,-0.000,-0.052,1.50,1.12,0.020,-0.086,0.985,-1.518,0.565,-10.025
1744725324.60,-1,-0.001,0.000,-0.053,3,0.000,0.000,0.187,10,-0.000,-0.053,-0.000,-0.053,1.50,1.12,0.015,-0.050,0.989,-0.938,2.121,-7.950
1744725324.60,-1,-0.001,0.000,-0.053,3,0.000,0.000,0.187,10,-0.000,-0.053,-0.000,-0.053,1.50,1.12,0.004,-0.061,0.966,-1.121,2.975,-8.591
1744725324.60,-1,-0.001,0.000,-0.053,3,0.000,0.000,0.187,10,-0.000,-0.053,-0.000,-0.053,1.50,1.12,0.004,-0.061,0.966,-1.121,2.975,-8.591
1744725324.60,-1,-0.001,0.000,-0.054,3,0.000,0.000,0.178,10,-0.000,-0.054,-0.000,-0.054,1.50,1.07,0.016,-0.040,0.943,-0.358,0.626,-9.232
1744725324.60,-1,-0.001,0.000,-0.054,3,0.000,0.000,0.178,10,-0.000,-0.054,-0.000,-0.054,1.50,1.07,0.016,-0.040,0.943,-0.358,0.626,-9.232
1744725324.60,-1,-0.001,0.000,-0.056,3,0.000,0.000,0.165,10,-0.000,-0.056,-0.000,-0.056,1.50,1.07,0.003,-0.051,0.976,-0.175,-0.839,-10.055
# remark: robobot/cmd/ti/alive 2025-04-15 15:55:21.913760
1744725324.74,-1,-0.001,0.000,-0.056,3,0.000,0.000,0.165,10,-0.000,-0.056,-0.000,-0.056,1.50,1.07,0.033,-0.061,0.957,0.100,-2.121,-8.133
1744725324.74,-1,-0.001,0.000,-0.057,3,0.000,0.000,0.165,10,-0.000,-0.057,-0.000,-0.057,1.50,1.07,0.033,-0.061,0.957,0.100,-2.121,-8.133
1744725324.74,-1,-0.001,0.000,-0.057,3,0.000,0.000,0.157,10,-0.000,-0.057,-0.000,-0.057,1.50,0.93,0.039,-0.060,0.976,-0.083,-1.572,-5.356
1744725324.74,-1,-0.001,0.000,-0.057,3,0.000,0.000,0.157,10,-0.000,-0.057,-0.000,-0.057,1.50,0.93,0.039,-0.060,0.976,-0.083,-1.572,-5.356
1744725324.74,-1,-0.001,0.000,-0.058,3,0.000,0.000,0.148,10,-0.000,-0.058,-0.000,-0.058,1.50,0.93,0.086,-0.024,0.962,-0.602,0.168,-2.914
1744725324.74,-1,-0.001,0.000,-0.058,3,0.000,0.000,0.148,10,-0.000,-0.058,-0.000,-0.058,1.50,0.93,0.106,-0.027,0.984,-0.480,1.175,-2.304
1744725324.74,-1,-0.001,0.000,-0.058,3,0.000,0.000,0.148,10,-0.000,-0.058,-0.000,-0.058,1.50,0.93,0.106,-0.027,0.984,-0.480,1.175,-2.304
1744725324.74,-1,-0.001,0.000,-0.058,3,0.000,0.000,0.139,10,-0.001,-0.058,-0.001,-0.058,1.50,0.93,0.121,-0.010,0.974,-0.236,0.534,-2.060
1744725324.74,-1,-0.001,0.000,-0.058,3,0.000,0.000,0.139,10,-0.001,-0.058,-0.001,-0.058,1.50,0.93,0.121,-0.010,0.974,-0.236,0.534,-2.060
1744725324.74,-1,-0.001,0.000,-0.058,3,0.000,0.000,0.122,10,-0.001,-0.058,-0.001,-0.058,1.50,0.93,0.089,-0.042,0.978,-0.388,0.504,-2.304
1744725324.74,-1,-0.001,0.000,-0.059,3,0.000,0.000,0.122,10,-0.001,-0.059,-0.001,-0.059,1.50,0.93,0.046,-0.068,0.971,0.069,0.717,-0.259
1744725324.74,-1,-0.001,0.000,-0.059,3,0.000,0.000,0.122,10,-0.001,-0.059,-0.001,-0.059,1.50,0.93,0.046,-0.068,0.971,0.069,0.717,-0.259
1744725324.74,-1,-0.001,0.000,-0.059,3,0.000,0.000,0.104,10,-0.001,-0.059,-0.001,-0.059,1.50,0.89,0.016,-0.023,0.972,-0.480,1.755,-1.053
1744725324.74,-1,-0.001,0.000,-0.059,3,0.000,0.000,0.104,10,-0.001,-0.059,-0.001,-0.059,1.50,0.89,0.016,-0.023,0.972,-0.480,1.755,-1.053
1744725324.74,-1,-0.001,0.000,-0.060,3,0.000,0.000,0.096,10,-0.001,-0.060,-0.001,-0.060,1.50,0.89,0.031,-0.013,0.953,0.497,0.229,-2.060
1744725324.74,-1,-0.001,0.000,-0.060,3,0.000,0.000,0.096,10,-0.001,-0.060,-0.001,-0.060,1.50,0.89,0.024,-0.016,0.986,0.100,0.443,-2.518
1744725324.74,-1,-0.001,0.000,-0.060,3,0.000,0.000,0.096,10,-0.001,-0.060,-0.001,-0.060,1.50,0.89,0.024,-0.016,0.986,0.100,0.443,-2.518
1744725324.76,-1,-0.001,0.000,-0.060,3,0.000,0.000,0.087,10,-0.001,-0.060,-0.001,-0.060,1.50,0.88,0.056,0.006,0.959,0.039,-0.046,-2.182
1744725324.76,-1,-0.001,0.000,-0.060,3,0.000,0.000,0.087,10,-0.001,-0.060,-0.001,-0.060,1.50,0.88,0.056,0.006,0.959,0.039,-0.046,-2.182
1744725324.76,-1,-0.001,0.000,-0.060,3,0.000,0.000,0.074,10,-0.001,-0.060,-0.001,-0.060,1.50,0.88,0.023,-0.015,0.989,-0.541,-0.565,-1.877
1744725324.76,-1,-0.001,0.000,-0.060,3,0.000,0.000,0.074,10,-0.001,-0.060,-0.001,-0.060,1.50,0.88,0.043,-0.001,0.966,-0.144,-0.107,-1.572
1744725324.76,-1,-0.001,0.000,-0.060,3,0.000,0.000,0.074,10,-0.001,-0.060,-0.001,-0.060,1.50,0.88,0.043,-0.001,0.966,-0.144,-0.107,-1.572
1744725324.76,-1,-0.001,0.000,-0.060,3,0.000,0.000,0.070,10,-0.001,-0.060,-0.001,-0.060,1.50,1.05,0.045,-0.004,0.970,-0.236,0.717,-2.945
1744725324.76,-1,-0.001,0.000,-0.060,3,0.000,0.000,0.070,10,-0.001,-0.060,-0.001,-0.060,1.50,1.05,0.045,-0.004,0.970,-0.236,0.717,-2.945
1744725324.76,-1,-0.001,0.000,-0.061,3,0.000,0.000,0.061,10,-0.001,-0.061,-0.001,-0.061,1.50,1.05,0.055,0.005,0.983,-0.022,1.572,-3.921
1744725324.76,-1,-0.001,0.000,-0.062,3,0.000,0.000,0.061,10,-0.001,-0.062,-0.001,-0.062,1.50,1.05,0.060,0.035,0.958,-0.083,0.565,-6.912
1744725324.76,-1,-0.001,0.000,-0.062,3,0.000,0.000,0.061,10,-0.001,-0.062,-0.001,-0.062,1.50,1.05,0.060,0.035,0.958,-0.083,0.565,-6.912
1744725324.76,-1,-0.001,0.000,-0.065,3,0.000,0.000,0.052,10,-0.001,-0.065,-0.001,-0.065,1.50,1.12,0.071,0.042,0.946,-0.205,-1.205,-9.109
1744725324.76,-1,-0.001,0.000,-0.065,3,0.000,0.000,0.052,10,-0.001,-0.065,-0.001,-0.065,1.50,1.12,0.071,0.042,0.946,-0.205,-1.205,-9.109
1744725324.76,-1,-0.001,0.000,-0.066,3,0.000,0.000,0.052,10,-0.001,-0.066,-0.001,-0.066,1.50,1.12,0.093,0.062,0.984,-0.572,-0.809,-13.260
1744725324.76,-1,-0.001,0.000,-0.068,3,0.000,0.000,0.052,10,-0.001,-0.068,-0.001,-0.068,1.50,1.12,0.127,0.098,0.964,-0.816,0.565,-18.539
1744725324.76,-1,-0.001,0.000,-0.069,3,0.000,0.000,0.052,10,-0.001,-0.069,-0.001,-0.069,1.50,1.12,0.127,0.098,0.964,-0.816,0.565,-18.539
1744725324.76,-1,-0.001,0.000,-0.072,3,0.000,0.000,0.135,10,-0.001,-0.072,-0.001,-0.072,1.46,1.11,0.127,0.097,0.949,-0.572,0.870,-23.880
1744725324.76,-1,-0.001,0.000,-0.072,3,0.000,0.000,0.135,10,-0.001,-0.072,-0.001,-0.072,1.46,1.11,0.127,0.097,0.949,-0.572,0.870,-23.880
1744725324.83,-1,-0.001,0.000,-0.074,3,0.000,0.000,0.165,10,-0.001,-0.074,-0.001,-0.074,1.46,1.11,0.074,0.016,0.967,-0.602,1.114,-24.887
1744725324.83,-1,-0.001,0.000,-0.076,3,0.000,0.000,0.165,10,-0.001,-0.076,-0.001,-0.076,1.46,1.11,0.010,-0.014,0.993,-2.311,3.677,-21.713
1744725324.83,-1,-0.001,0.000,-0.076,3,0.000,0.000,0.165,10,-0.001,-0.076,-0.001,-0.076,1.46,1.11,0.010,-0.014,0.993,-2.311,3.677,-21.713
1744725324.83,-1,-0.001,0.000,-0.081,3,0.000,0.000,0.217,10,-0.001,-0.081,-0.001,-0.081,1.35,1.01,0.026,0.027,0.935,-2.494,1.328,-21.622
1744725324.83,-1,-0.001,0.000,-0.081,3,0.000,0.000,0.217,10,-0.001,-0.081,-0.001,-0.081,1.35,1.01,0.026,0.027,0.935,-2.494,1.328,-21.622
1744725324.83,-1,-0.001,0.000,-0.084,3,0.000,0.000,0.287,10,-0.001,-0.084,-0.001,-0.084,1.35,1.01,0.085,0.066,0.981,-1.365,-0.656,-27.512
1744725324.85,-1,-0.001,0.000,-0.087,3,0.000,0.000,0.287,10,-0.001,-0.087,-0.001,-0.087,1.35,1.01,0.113,0.009,1.013,-0.083,1.083,-33.005
1744725324.85,-1,-0.001,0.000,-0.087,3,0.000,0.000,0.287,10,-0.001,-0.087,-0.001,-0.087,1.35,1.01,0.113,0.009,1.013,-0.083,1.083,-33.005
1744725324.85,-1,-0.001,0.000,-0.091,3,0.000,0.000,0.335,10,-0.001,-0.091,-0.001,-0.091,1.50,0.87,0.005,-0.057,0.970,-0.572,2.701,-32.822
1744725324.85,-1,-0.001,0.000,-0.091,3,0.000,0.000,0.335,10,-0.001,-0.091,-0.001,-0.091,1.50,0.87,0.005,-0.057,0.970,-0.572,2.701,-32.822
1744725324.85,-1,-0.001,0.000,-0.095,3,0.000,0.000,0.339,10,-0.001,-0.095,-0.001,-0.095,1.50,0.87,-0.007,-0.065,0.940,-1.975,0.656,-28.885
1744725324.85,-1,-0.001,0.000,-0.097,3,0.000,0.000,0.339,10,-0.001,-0.097,-0.001,-0.097,1.50,0.87,0.047,-0.017,0.985,-0.785,-0.259,-26.840
1744725324.85,-1,-0.001,0.000,-0.100,3,0.000,0.000,0.339,10,-0.001,-0.100,-0.001,-0.100,1.50,0.87,0.047,-0.017,0.985,-0.785,-0.259,-26.840
1744725324.85,-1,-0.001,0.000,-0.103,3,0.000,0.000,0.374,10,-0.001,-0.103,-0.001,-0.103,1.50,0.78,0.082,0.034,0.995,-1.029,2.182,-31.204
1744725324.85,-1,-0.001,0.000,-0.103,3,0.000,0.000,0.374,10,-0.001,-0.103,-0.001,-0.103,1.50,0.78,0.082,0.034,0.995,-1.029,2.182,-31.204
1744725324.87,-1,-0.001,0.000,-0.105,3,0.000,0.000,0.400,10,-0.001,-0.105,-0.001,-0.105,1.50,0.78,-0.011,-0.048,0.953,-1.335,3.983,-31.174
1744725324.87,-1,-0.001,0.000,-0.108,3,0.000,0.000,0.400,10,-0.001,-0.108,-0.001,-0.108,1.50,0.78,-0.035,-0.072,0.937,-0.694,-0.198,-27.084
1744725324.87,-1,-0.001,0.000,-0.109,3,0.000,0.000,0.400,10,-0.001,-0.109,-0.001,-0.109,1.50,0.78,-0.035,-0.072,0.937,-0.694,-0.198,-27.084
1744725324.88,-1,-0.001,0.000,-0.113,3,0.000,0.000,0.348,10,-0.001,-0.113,-0.001,-0.113,1.50,0.69,-0.015,-0.105,1.000,-0.846,-1.633,-22.415
1744725324.89,-1,-0.001,0.000,-0.113,3,0.000,0.000,0.348,10,-0.001,-0.113,-0.001,-0.113,1.50,0.69,-0.015,-0.105,1.000,-0.846,-1.633,-22.415
1744725324.89,-1,-0.001,0.000,-0.117,3,0.000,0.000,0.330,10,-0.001,-0.117,-0.001,-0.117,1.50,0.69,0.117,-0.031,0.987,-1.365,0.229,-22.385
1744725324.89,-1,-0.001,0.000,-0.118,3,0.000,0.000,0.330,10,-0.001,-0.118,-0.001,-0.118,1.50,0.69,0.018,0.035,0.964,-1.487,3.983,-26.627
1744725324.89,-1,-0.001,0.000,-0.118,3,0.000,0.000,0.330,10,-0.001,-0.118,-0.001,-0.118,1.50,0.69,0.018,0.035,0.964,-1.487,3.983,-26.627
1744725324.90,-1,-0.001,0.000,-0.120,3,0.000,0.000,0.352,10,-0.001,-0.120,-0.001,-0.120,1.50,0.68,0.013,-0.056,0.848,-0.755,-0.168,-26.230
1744725324.90,-1,-0.001,0.000,-0.120,3,0.000,0.000,0.352,10,-0.001,-0.120,-0.001,-0.120,1.50,0.68,0.013,-0.056,0.848,-0.755,-0.168,-26.230
1744725324.92,-1,-0.001,0.000,-0.123,3,0.000,0.000,0.326,10,-0.001,-0.123,-0.001,-0.123,1.50,0.68,-0.031,-0.067,1.055,-0.816,-0.534,-23.453
1744725324.92,-1,-0.001,0.000,-0.124,3,0.000,0.000,0.326,10,-0.001,-0.124,-0.001,-0.124,1.50,0.68,0.003,-0.066,0.965,-0.572,2.701,-17.715
1744725324.93,-1,-0.001,0.000,-0.124,3,0.000,0.000,0.326,10,-0.001,-0.124,-0.001,-0.124,1.50,0.68,0.003,-0.066,0.965,-0.572,2.701,-17.715
1744725324.93,-1,-0.001,0.000,-0.126,3,0.000,0.000,0.261,10,-0.001,-0.126,-0.001,-0.126,1.50,0.63,0.027,-0.038,0.868,-2.281,-1.846,-16.800
1744725324.93,-1,-0.001,0.000,-0.126,3,0.000,0.000,0.261,10,-0.001,-0.126,-0.001,-0.126,1.50,0.63,0.027,-0.038,0.868,-2.281,-1.846,-16.800
1744725324.93,-1,-0.001,0.000,-0.130,3,0.000,0.000,0.226,10,-0.001,-0.130,-0.001,-0.130,1.50,0.63,0.038,-0.046,1.013,-0.388,-1.419,-15.091
1744725324.94,-1,-0.001,0.000,-0.131,3,0.000,0.000,0.226,10,-0.001,-0.131,-0.001,-0.131,1.50,0.63,0.103,-0.055,0.992,-1.426,0.870,-15.976
1744725324.95,-1,-0.001,0.000,-0.133,3,0.000,0.000,0.226,10,-0.001,-0.133,-0.001,-0.133,1.50,0.63,0.103,-0.055,0.992,-1.426,0.870,-15.976
1744725325.00,-1,-0.001,0.000,-0.135,3,0.000,0.000,0.265,10,-0.001,-0.135,-0.001,-0.135,1.50,0.56,0.085,-0.031,0.998,-0.205,0.381,-16.952
1744725325.00,-1,-0.001,0.000,-0.135,3,0.000,0.000,0.265,10,-0.001,-0.135,-0.001,-0.135,1.50,0.56,0.085,-0.031,0.998,-0.205,0.381,-16.952
1744725325.00,-1,-0.001,0.000,-0.138,3,0.000,0.000,0.296,10,-0.001,-0.138,-0.001,-0.138,1.50,0.56,0.054,-0.034,0.933,-0.694,1.999,-18.112
1744725325.00,-1,-0.001,0.000,-0.138,3,0.000,0.000,0.296,10,-0.001,-0.138,-0.001,-0.138,1.50,0.56,0.035,-0.032,0.933,0.130,0.443,-16.251
1744725325.00,-1,-0.001,0.000,-0.140,3,0.000,0.000,0.296,10,-0.001,-0.140,-0.001,-0.140,1.50,0.56,0.035,-0.032,0.933,0.130,0.443,-16.251
1744725325.01,-1,-0.002,0.000,-0.141,3,0.000,0.000,0.278,10,-0.001,-0.141,-0.001,-0.141,1.50,0.76,0.004,0.005,1.021,-0.846,1.389,-15.884
1744725325.01,-1,-0.002,0.000,-0.141,3,0.000,0.000,0.278,10,-0.001,-0.141,-0.001,-0.141,1.50,0.76,0.004,0.005,1.021,-0.846,1.389,-15.884
1744725325.01,-1,-0.002,0.000,-0.143,3,0.000,0.000,0.235,10,-0.001,-0.143,-0.001,-0.143,1.50,0.76,-0.020,-0.026,0.920,-0.083,0.748,-14.267
1744725325.01,-1,-0.002,0.000,-0.143,3,0.000,0.000,0.235,10,-0.001,-0.143,-0.001,-0.143,1.50,0.76,0.004,-0.025,0.950,-1.060,-1.846,-12.344
1744725325.01,-1,-0.002,0.000,-0.143,3,0.000,0.000,0.235,10,-0.001,-0.143,-0.001,-0.143,1.50,0.76,0.004,-0.025,0.950,-1.060,-1.846,-12.344
1744725325.06,-1,-0.002,0.000,-0.145,3,0.000,0.000,0.213,10,-0.001,-0.145,-0.001,-0.145,1.50,0.89,0.005,-0.064,1.014,-1.212,1.053,-9.842
1744725325.06,-1,-0.002,0.000,-0.145,3,0.000,0.000,0.213,10,-0.001,-0.145,-0.001,-0.145,1.50,0.89,0.005,-0.064,1.014,-1.212,1.053,-9.842
1744725325.06,-1,-0.002,0.000,-0.145,3,0.000,0.000,0.187,10,-0.001,-0.145,-0.001,-0.145,1.50,0.89,0.056,-0.053,0.925,-0.907,-0.351,-9.354
1744725325.06,-1,-0.002,0.000,-0.146,3,0.000,0.000,0.187,10,-0.001,-0.146,-0.001,-0.146,1.50,0.89,0.022,-0.066,1.009,-0.236,-0.015,-9.048
1744725325.06,-1,-0.002,0.000,-0.146,3,0.000,0.000,0.187,10,-0.001,-0.146,-0.001,-0.146,1.50,0.89,0.022,-0.066,1.009,-0.236,-0.015,-9.048
1744725325.11,-1,-0.002,0.000,-0.146,3,0.000,0.000,0.165,10,-0.001,-0.146,-0.001,-0.146,1.50,0.94,0.069,-0.057,0.950,-0.297,0.595,-8.896
1744725325.11,-1,-0.002,0.000,-0.146,3,0.000,0.000,0.165,10,-0.001,-0.146,-0.001,-0.146,1.50,0.94,0.069,-0.057,0.950,-0.297,0.595,-8.896
1744725325.11,-1,-0.002,0.000,-0.146,3,0.000,0.000,0.139,10,-0.001,-0.146,-0.001,-0.146,1.50,0.94,0.036,-0.036,0.969,0.497,-0.809,-8.865
1744725325.11,-1,-0.002,0.000,-0.146,3,0.000,0.000,0.139,10,-0.001,-0.146,-0.001,-0.146,1.50,0.94,0.054,-0.018,0.981,-0.144,-0.198,-8.102
1744725325.11,-1,-0.001,0.000,-0.147,3,0.000,0.000,0.139,10,-0.001,-0.147,-0.001,-0.147,1.50,0.94,0.054,-0.018,0.981,-0.144,-0.198,-8.102
1744725325.11,-1,-0.001,0.000,-0.147,3,0.000,0.000,0.126,10,-0.001,-0.147,-0.001,-0.147,1.50,0.98,0.077,-0.001,0.961,-0.663,-0.290,-7.919
1744725325.11,-1,-0.001,0.000,-0.147,3,0.000,0.000,0.126,10,-0.001,-0.147,-0.001,-0.147,1.50,0.98,0.077,-0.001,0.961,-0.663,-0.290,-7.919
1744725325.12,-1,-0.001,0.000,-0.147,3,0.000,0.000,0.113,10,-0.001,-0.147,-0.001,-0.147,1.50,0.98,0.081,-0.005,0.978,0.497,-0.565,-6.668
1744725325.12,-1,-0.001,0.000,-0.148,3,0.000,0.000,0.113,10,-0.001,-0.148,-0.001,-0.148,1.50,0.98,0.083,-0.017,0.985,-1.151,1.572,-6.363
# remark: robobot/cmd/ti/alive 2025-04-15 15:55:21.913760
1744725325.14,-1,-0.001,0.000,-0.148,3,0.000,0.000,0.113,10,-0.001,-0.148,-0.001,-0.148,1.50,0.98,0.083,-0.017,0.985,-1.151,1.572,-6.363
1744725325.14,-1,-0.001,0.000,-0.149,3,0.000,0.000,0.096,10,-0.001,-0.149,-0.001,-0.149,1.50,0.95,0.102,-0.010,0.941,-0.633,0.107,-6.119
1744725325.14,-1,-0.001,0.000,-0.149,3,0.000,0.000,0.096,10,-0.001,-0.149,-0.001,-0.149,1.50,0.95,0.102,-0.010,0.941,-0.633,0.107,-6.119
1744725325.14,-1,-0.001,0.000,-0.149,3,0.000,0.000,0.087,10,-0.001,-0.149,-0.001,-0.149,1.50,0.95,0.094,-0.007,0.985,-0.541,0.168,-7.950
1744725325.14,-1,-0.001,0.000,-0.151,3,0.000,0.000,0.087,10,-0.001,-0.151,-0.001,-0.151,1.50,0.95,0.097,-0.035,0.967,-0.450,0.931,-8.408
1744725325.14,-1,-0.001,0.000,-0.151,3,0.000,0.000,0.087,10,-0.001,-0.151,-0.001,-0.151,1.50,0.95,0.097,-0.035,0.967,-0.450,0.931,-8.408
# remark: robobot/cmd/ti/alive 2025-04-15 15:55:21.913760
# remark: robobot/cmd/ti/alive 2025-04-15 15:55:21.913760
# remark: robobot/cmd/ti/alive 2025-04-15 15:55:21.913760
# remark: robobot/cmd/ti/alive 2025-04-15 15:55:21.913760
# remark: robobot/cmd/ti/alive 2025-04-15 15:55:21.913760
# remark: robobot/cmd/ti/alive 2025-04-15 15:55:21.913760
# remark: robobot/cmd/ti/alive 2025-04-15 15:55:21.913760
# remark: robobot/cmd/ti/alive 2025-04-15 15:55:21.913760
# remark: robobot/cmd/ti/alive 2025-04-15 15:55:21.913760
# remark: robobot/cmd/ti/alive 2025-04-15 15:55:21.913760
# remark: robobot/cmd/ti/alive 2025-04-15 15:55:21.913760
# remark: robobot/cmd/ti/alive 2025-04-15 15:55:21.913760
# remark: robobot/cmd/ti/alive 2025-04-15 15:55:21.913760
# remark: robobot/cmd/ti/alive 2025-04-15 15:55:21.913760
1744725332.89,-1,-0.001,0.000,-0.153,3,0.000,0.000,0.083,10,-0.001,-0.153,-0.001,-0.153,1.50,0.99,0.052,-0.032,0.974,-0.114,1.358,-8.530
1744725332.89,-1,-0.001,0.000,-0.153,3,0.000,0.000,0.083,10,-0.001,-0.153,-0.001,-0.153,1.50,0.99,0.052,-0.032,0.974,-0.114,1.358,-8.530
# remark: robobot/cmd/ti/alive 2025-04-15 15:55:21.913760
# remark: robobot/cmd/ti/alive 2025-04-15 15:55:21.913760
# remark: robobot/cmd/ti/alive 2025-04-15 15:55:21.913760
# remark: robobot/cmd/ti/alive 2025-04-15 15:55:21.913760
# remark: robobot/cmd/ti/alive 2025-04-15 15:55:21.913760
# remark: robobot/cmd/ti/alive 2025-04-15 15:55:21.913760
# remark: robobot/cmd/ti/alive 2025-04-15 15:55:21.913760
# remark: robobot/cmd/ti/alive 2025-04-15 15:55:21.913760
# remark: robobot/cmd/ti/alive 2025-04-15 15:55:21.913760
# remark: robobot/cmd/ti/alive 2025-04-15 15:55:21.913760
# remark: robobot/cmd/ti/alive 2025-04-15 15:55:21.913760
# remark: robobot/cmd/ti/rc 0.0 0.0
# remark: robobot/cmd/ti/alive 2025-04-15 15:55:21.913760
# remark: robobot/cmd/ti/alive 2025-04-15 15:55:21.913760
# remark: robobot/cmd/ti/alive 2025-04-15 15:55:21.913760
# remark: robobot/cmd/ti/alive 2025-04-15 15:55:21.913760
# remark: robobot/cmd/ti/alive 2025-04-15 15:55:21.913760
# remark: robobot/cmd/ti/alive 2025-04-15 15:55:21.913760
# remark: robobot/cmd/ti/alive 2025-04-15 15:55:21.913760
# remark: robobot/cmd/ti/alive 2025-04-15 15:55:21.913760
# remark: robobot/cmd/ti/alive 2025-04-15 15:55:21.913760
# remark: robobot/cmd/ti/alive 2025-04-15 15:55:21.913760
# remark: robobot/cmd/ti/alive 2025-04-15 15:55:21.913760
# remark: robobot/cmd/ti/alive 2025-04-15 15:55:21.913760
# remark: robobot/cmd/ti/alive 2025-04-15 15:55:21.913760
# remark: robobot/cmd/ti/alive 2025-04-15 15:55:21.913760
# remark: robobot/cmd/ti/alive 2025-04-15 15:55:21.913760
# remark: robobot/cmd/ti/alive 2025-04-15 15:55:21.913760
# remark: robobot/cmd/ti/alive 2025-04-15 15:55:21.913760
# remark: robobot/cmd/ti/alive 2025-04-15 15:55:21.913760
# remark: robobot/cmd/ti/alive 2025-04-15 15:55:21.913760
# remark: robobot/cmd/ti/alive 2025-04-15 15:55:21.913760
# remark: robobot/cmd/ti/alive 2025-04-15 15:55:21.913760
# remark: robobot/cmd/ti/alive 2025-04-15 15:55:21.913760
# remark: robobot/cmd/ti/alive 2025-04-15 15:55:21.913760
# remark: robobot/cmd/ti/alive 2025-04-15 15:55:21.913760
# remark: robobot/cmd/ti/alive 2025-04-15 15:55:21.913760
# remark: robobot/cmd/ti/alive 2025-04-15 15:55:21.913760
# remark: robobot/cmd/ti/alive 2025-04-15 15:55:21.913760
# remark: robobot/cmd/ti/alive 2025-04-15 15:55:21.913760
# remark: robobot/cmd/ti/alive 2025-04-15 15:55:21.913760
# remark: robobot/cmd/ti/alive 2025-04-15 15:55:21.913760
# remark: robobot/cmd/ti/alive 2025-04-15 15:55:21.913760
# remark: robobot/cmd/ti/alive 2025-04-15 15:55:21.913760
1744725355.95,-1,-0.001,0.000,-0.154,3,0.000,0.000,0.091,10,-0.001,-0.154,-0.001,-0.154,1.50,0.99,0.039,-0.038,0.959,-0.694,1.083,-8.438
1744725355.95,-1,-0.001,0.000,-0.155,3,0.000,0.000,0.091,10,-0.001,-0.155,-0.001,-0.155,1.50,0.99,0.021,-0.042,0.981,0.069,0.290,-6.729
1744725355.97,-1,-0.001,0.000,-0.156,3,0.000,0.000,0.091,10,-0.001,-0.156,-0.001,-0.156,1.50,0.99,0.021,-0.042,0.981,0.069,0.290,-6.729
1744725355.97,-1,-0.001,0.000,-0.160,3,0.000,0.000,0.109,10,-0.001,-0.160,-0.001,-0.160,1.50,0.99,0.092,0.024,0.968,-0.358,-0.229,-7.095
1744725355.97,-1,-0.001,0.000,-0.160,3,0.000,0.000,0.109,10,-0.001,-0.160,-0.001,-0.160,1.50,0.99,0.092,0.024,0.968,-0.358,-0.229,-7.095
1744725355.97,-1,-0.001,0.000,-0.163,3,0.000,0.000,0.152,10,-0.001,-0.163,-0.001,-0.163,1.50,0.99,0.115,0.023,0.966,0.069,-0.870,-8.743
1744725355.97,-1,-0.001,0.000,-0.165,3,0.000,0.000,0.152,10,-0.001,-0.165,-0.001,-0.165,1.50,0.99,0.087,0.156,1.154,1.259,5.508,-14.175
1744725355.97,-1,-0.001,0.000,-0.165,3,0.000,0.000,0.152,10,-0.001,-0.165,-0.001,-0.165,1.50,0.99,0.087,0.156,1.154,1.259,5.508,-14.175
1744725355.97,-1,-0.001,0.000,-0.167,3,0.000,0.000,0.239,10,-0.001,-0.167,-0.001,-0.167,1.50,0.89,-0.034,0.046,0.850,0.680,2.609,-20.828
1744725355.97,-1,-0.001,0.000,-0.167,3,0.000,0.000,0.239,10,-0.001,-0.167,-0.001,-0.167,1.50,0.89,-0.034,0.046,0.850,0.680,2.609,-20.828
1744725355.98,-1,-0.001,-0.000,-0.169,3,0.000,0.000,0.235,10,-0.001,-0.169,-0.001,-0.169,1.50,0.89,-0.022,0.037,0.932,-1.060,-3.036,-18.448
1744725355.98,-1,-0.001,-0.000,-0.171,3,0.000,0.000,0.235,10,-0.001,-0.171,-0.001,-0.171,1.50,0.89,0.033,-0.010,1.073,-2.860,0.839,-17.075
1744725355.98,-1,-0.000,-0.000,-0.172,3,0.000,0.000,0.235,10,-0.001,-0.172,-0.001,-0.172,1.50,0.89,0.033,-0.010,1.073,-2.860,0.839,-17.075
1744725355.98,-1,-0.000,-0.000,-0.175,3,0.000,0.000,0.270,10,-0.001,-0.175,-0.001,-0.175,1.50,0.87,0.139,0.056,1.103,-0.236,0.961,-19.974
1744725355.98,-1,-0.000,-0.000,-0.175,3,0.000,0.000,0.270,10,-0.001,-0.175,-0.001,-0.175,1.50,0.87,0.139,0.056,1.103,-0.236,0.961,-19.974
1744725355.98,-1,-0.000,-0.000,-0.176,3,0.000,0.000,0.274,10,-0.001,-0.176,-0.001,-0.176,1.50,0.87,0.042,-0.062,0.930,-1.670,2.518,-19.180
1744725355.98,-1,-0.000,-0.000,-0.178,3,0.000,0.000,0.274,10,-0.001,-0.178,-0.001,-0.178,1.50,0.87,0.006,-0.065,0.971,-1.548,2.365,-20.004
1744725355.98,-1,-0.000,-0.000,-0.178,3,0.000,0.000,0.274,10,-0.001,-0.178,-0.001,-0.178,1.50,0.87,0.006,-0.065,0.971,-1.548,2.365,-20.004
1744725355.98,-1,-0.000,-0.000,-0.182,3,0.000,0.000,0.217,10,-0.001,-0.182,-0.001,-0.182,1.50,0.85,-0.055,-0.042,1.034,0.588,0.870,-19.180
1744725355.98,-1,-0.000,-0.000,-0.182,3,0.000,0.000,0.217,10,-0.001,-0.182,-0.001,-0.182,1.50,0.85,-0.055,-0.042,1.034,0.588,0.870,-19.180
1744725355.98,-1,-0.000,-0.000,-0.185,3,0.000,0.000,0.261,10,-0.000,-0.185,-0.000,-0.185,1.50,0.85,-0.008,0.005,0.890,-1.090,-0.137,-20.065
1744725355.98,-1,-0.000,-0.000,-0.187,3,0.000,0.000,0.261,10,-0.000,-0.187,-0.000,-0.187,1.50,0.85,0.110,0.115,0.956,-0.022,-3.708,-26.504
1744725355.98,-1,-0.000,-0.000,-0.187,3,0.000,0.000,0.261,10,-0.000,-0.187,-0.000,-0.187,1.50,0.85,0.110,0.115,0.956,-0.022,-3.708,-26.504
1744725356.04,-1,-0.000,-0.000,-0.191,3,0.000,0.000,0.317,10,-0.000,-0.191,-0.000,-0.191,1.50,0.74,-0.009,-0.025,1.063,0.619,2.518,-28.152
1744725356.04,-1,-0.000,-0.000,-0.191,3,0.000,0.000,0.317,10,-0.000,-0.191,-0.000,-0.191,1.50,0.74,-0.009,-0.025,1.063,0.619,2.518,-28.152
1744725356.04,-1,-0.000,-0.000,-0.193,3,0.000,0.000,0.291,10,-0.000,-0.193,-0.000,-0.193,1.50,0.74,0.009,0.021,0.911,-2.891,1.480,-25.345
1744725356.04,-1,-0.000,-0.000,-0.194,3,0.000,0.000,0.291,10,-0.000,-0.194,-0.000,-0.194,1.50,0.74,-0.023,-0.012,1.000,-0.602,-0.870,-22.842
1744725356.04,-1,-0.000,-0.000,-0.195,3,0.000,0.000,0.291,10,-0.000,-0.195,-0.000,-0.195,1.50,0.74,-0.023,-0.012,1.000,-0.602,-0.870,-22.842
1744725356.05,-1,-0.000,-0.000,-0.200,3,0.000,0.000,0.278,10,-0.000,-0.200,-0.000,-0.200,1.50,0.70,-0.023,-0.081,0.931,-2.403,1.907,-19.546
1744725356.05,-1,-0.000,-0.000,-0.200,3,0.000,0.000,0.278,10,-0.000,-0.200,-0.000,-0.200,1.50,0.70,-0.023,-0.081,0.931,-2.403,1.907,-19.546
1744725356.05,-1,-0.000,-0.000,-0.203,3,0.000,0.000,0.304,10,-0.000,-0.203,-0.000,-0.203,1.50,0.70,0.117,0.060,1.016,-3.074,-0.534,-22.964
1744725356.05,-1,-0.000,-0.000,-0.203,3,0.000,0.000,0.304,10,-0.000,-0.203,-0.000,-0.203,1.50,0.70,-0.005,-0.062,1.030,0.893,1.114,-28.397
1744725356.05,-1,-0.000,-0.000,-0.206,3,0.000,0.000,0.304,10,-0.000,-0.206,-0.000,-0.206,1.50,0.70,-0.005,-0.062,1.030,0.893,1.114,-28.397
1744725356.05,-1,-0.000,-0.000,-0.207,3,0.000,0.000,0.322,10,-0.000,-0.207,-0.000,-0.207,1.50,0.66,0.027,-0.023,0.872,-2.097,-1.541,-26.810
1744725356.05,-1,-0.000,-0.000,-0.207,3,0.000,0.000,0.322,10,-0.000,-0.207,-0.000,-0.207,1.50,0.66,0.027,-0.023,0.872,-2.097,-1.541,-26.810
1744725356.05,-1,-0.000,-0.000,-0.209,3,0.000,0.000,0.296,10,-0.000,-0.209,-0.000,-0.209,1.50,0.66,-0.015,-0.043,1.020,-0.785,0.443,-26.779
1744725356.05,-1,-0.000,-0.000,-0.209,3,0.000,0.000,0.296,10,-0.000,-0.209,-0.000,-0.209,1.50,0.66,-0.014,-0.026,0.971,0.069,2.548,-23.666
1744725356.05,-1,-0.000,-0.000,-0.209,3,0.000,0.000,0.296,10,-0.000,-0.209,-0.000,-0.209,1.50,0.66,-0.014,-0.026,0.971,0.069,2.548,-23.666
1744725356.06,-1,-0.000,-0.000,-0.210,3,0.000,0.000,0.252,10,-0.000,-0.210,-0.000,-0.210,1.50,0.60,0.023,-0.034,0.922,-0.999,-1.053,-21.011
1744725356.06,-1,-0.000,-0.000,-0.210,3,0.000,0.000,0.252,10,-0.000,-0.210,-0.000,-0.210,1.50,0.60,0.023,-0.034,0.922,-0.999,-1.053,-21.011
1744725356.06,-1,-0.000,-0.000,-0.215,3,0.000,0.000,0.200,10,-0.000,-0.215,-0.000,-0.215,1.50,0.60,0.052,-0.112,1.094,-1.579,-0.900,-13.840
1744725356.06,-1,-0.000,-0.000,-0.216,3,0.000,0.000,0.200,10,-0.000,-0.216,-0.000,-0.216,1.50,0.60,0.087,-0.009,0.856,-0.816,1.968,-15.152
1744725356.06,-1,-0.001,0.000,-0.217,3,0.000,0.000,0.200,10,-0.000,-0.217,-0.000,-0.217,1.50,0.60,0.087,-0.009,0.856,-0.816,1.968,-15.152
1744725356.06,-1,-0.001,0.000,-0.220,3,0.000,0.000,0.248,10,-0.000,-0.220,-0.000,-0.220,1.50,0.58,0.092,0.001,0.907,-0.999,-2.914,-17.654
1744725356.06,-1,-0.001,0.000,-0.220,3,0.000,0.000,0.248,10,-0.000,-0.220,-0.000,-0.220,1.50,0.58,0.092,0.001,0.907,-0.999,-2.914,-17.654
1744725356.06,-1,-0.001,0.000,-0.222,3,0.000,0.000,0.296,10,-0.001,-0.222,-0.001,-0.222,1.50,0.58,0.069,-0.021,1.103,-0.450,1.907,-19.150
1744725356.06,-1,-0.000,-0.000,-0.223,3,0.000,0.000,0.296,10,-0.001,-0.223,-0.001,-0.223,1.50,0.58,0.094,0.010,0.890,0.924,0.717,-19.760
1744725356.06,-1,-0.000,-0.000,-0.223,3,0.000,0.000,0.296,10,-0.001,-0.223,-0.001,-0.223,1.50,0.58,0.094,0.010,0.890,0.924,0.717,-19.760
1744725356.06,-1,-0.000,-0.000,-0.226,3,0.000,0.000,0.270,10,-0.001,-0.226,-0.001,-0.226,1.50,0.56,0.032,0.003,0.993,-2.036,1.175,-20.157
1744725356.06,-1,-0.000,-0.000,-0.226,3,0.000,0.000,0.270,10,-0.001,-0.226,-0.001,-0.226,1.50,0.56,0.032,0.003,0.993,-2.036,1.175,-20.157
1744725356.06,-1,-0.000,-0.000,-0.228,3,0.000,0.000,0.217,10,-0.001,-0.228,-0.001,-0.228,1.50,0.56,0.042,-0.072,0.938,-0.541,-0.809,-15.671
1744725356.07,-1,-0.000,-0.000,-0.228,3,0.000,0.000,0.217,10,-0.001,-0.228,-0.001,-0.228,1.50,0.56,0.021,-0.032,1.031,-1.121,0.900,-12.985
1744725356.07,-1,-0.000,-0.000,-0.230,3,0.000,0.000,0.217,10,-0.001,-0.230,-0.001,-0.230,1.50,0.56,0.021,-0.032,1.031,-1.121,0.900,-12.985
1744725356.07,-1,-0.001,0.000,-0.234,3,0.000,0.000,0.187,10,-0.001,-0.234,-0.001,-0.234,1.50,0.53,0.022,-0.044,0.900,-1.701,0.931,-11.215
1744725356.07,-1,-0.001,0.000,-0.234,3,0.000,0.000,0.187,10,-0.001,-0.234,-0.001,-0.234,1.50,0.53,0.022,-0.044,0.900,-1.701,0.931,-11.215
1744725356.07,-1,-0.000,-0.000,-0.235,3,0.000,0.000,0.196,10,-0.001,-0.235,-0.001,-0.235,1.50,0.53,0.072,-0.010,0.982,-0.663,-2.029,-14.053
1744725356.07,-1,-0.000,-0.000,-0.235,3,0.000,0.000,0.196,10,-0.001,-0.235,-0.001,-0.235,1.50,0.53,0.091,-0.023,1.018,0.039,1.907,-15.762
1744725356.07,-1,-0.000,-0.000,-0.236,3,0.000,0.000,0.196,10,-0.001,-0.236,-0.001,-0.236,1.50,0.53,0.091,-0.023,1.018,0.039,1.907,-15.762
1744725356.07,-1,-0.000,-0.000,-0.237,3,0.000,0.000,0.204,10,-0.001,-0.237,-0.001,-0.237,1.29,0.52,0.095,0.008,0.926,-0.633,0.229,-16.861
1744725356.07,-1,-0.000,-0.000,-0.237,3,0.000,0.000,0.204,10,-0.001,-0.237,-0.001,-0.237,1.29,0.52,0.095,0.008,0.926,-0.633,0.229,-16.861
1744725356.07,-1,-0.000,-0.000,-0.238,3,0.000,0.000,0.209,10,-0.001,-0.238,-0.001,-0.238,1.29,0.52,0.030,-0.011,1.010,-0.480,0.595,-18.173
1744725356.07,-1,-0.000,-0.000,-0.239,3,0.000,0.000,0.209,10,-0.001,-0.239,-0.001,-0.239,1.29,0.52,0.042,-0.090,0.911,0.191,-0.351,-14.419
1744725356.07,-1,-0.000,-0.000,-0.240,3,0.000,0.000,0.209,10,-0.001,-0.240,-0.001,-0.240,1.29,0.52,0.042,-0.090,0.911,0.191,-0.351,-14.419
1744725356.07,-1,-0.000,-0.000,-0.240,3,0.000,0.000,0.200,10,-0.001,-0.240,-0.001,-0.240,1.18,0.51,0.019,-0.074,1.017,-2.067,0.565,-9.567
1744725356.07,-1,-0.000,-0.000,-0.240,3,0.000,0.000,0.200,10,-0.001,-0.240,-0.001,-0.240,1.18,0.51,0.019,-0.074,1.017,-2.067,0.565,-9.567
1744725356.07,-1,0.000,-0.000,-0.242,3,0.000,0.000,0.183,10,-0.001,-0.242,-0.001,-0.242,1.18,0.51,0.032,-0.066,0.951,-0.785,2.457,-5.844
1744725356.07,-1,0.000,-0.000,-0.243,3,0.000,0.000,0.183,10,-0.001,-0.243,-0.001,-0.243,1.18,0.51,0.050,-0.024,0.934,-0.938,-1.419,-6.454
1744725356.07,-1,0.000,-0.000,-0.244,3,0.000,0.000,0.183,10,-0.001,-0.244,-0.001,-0.244,1.18,0.51,0.050,-0.024,0.934,-0.938,-1.419,-6.454
1744725356.07,-1,0.000,-0.000,-0.245,3,0.000,0.000,0.170,10,-0.001,-0.245,-0.001,-0.245,1.27,0.48,0.070,-0.012,1.032,-0.633,0.229,-8.652
1744725356.07,-1,0.000,-0.000,-0.245,3,0.000,0.000,0.170,10,-0.001,-0.245,-0.001,-0.245,1.27,0.48,0.070,-0.012,1.032,-0.633,0.229,-8.652
1744725356.07,-1,0.000,-0.000,-0.246,3,0.000,0.000,0.165,10,-0.001,-0.246,-0.001,-0.246,1.27,0.48,0.080,-0.019,0.949,1.382,-0.259,-10.696
1744725356.07,-1,0.000,-0.000,-0.247,3,0.000,0.000,0.165,10,-0.001,-0.247,-0.001,-0.247,1.27,0.48,0.028,-0.013,0.991,-0.877,1.419,-11.825
1744725356.07,-1,0.000,-0.000,-0.250,3,0.000,0.000,0.165,10,-0.001,-0.250,-0.001,-0.250,1.27,0.48,0.028,-0.013,0.991,-0.877,1.419,-11.825
1744725356.07,-1,0.000,-0.000,-0.253,3,0.000,0.000,0.157,10,-0.000,-0.253,-0.000,-0.253,1.41,0.45,-0.003,-0.012,0.958,-0.083,1.694,-11.124
1744725356.07,-1,0.000,-0.000,-0.253,3,0.000,0.000,0.157,10,-0.000,-0.253,-0.000,-0.253,1.41,0.45,-0.003,-0.012,0.958,-0.083,1.694,-11.124
1744725356.07,-1,-0.000,-0.000,-0.256,3,0.000,0.000,0.243,10,-0.000,-0.256,-0.000,-0.256,1.41,0.45,-0.003,-0.020,0.949,0.283,0.229,-9.323
1744725356.07,-1,-0.000,-0.000,-0.257,3,0.000,0.000,0.243,10,-0.000,-0.257,-0.000,-0.257,1.41,0.45,-0.083,0.075,0.924,-2.769,2.914,-9.994
1744725356.08,-1,-0.000,-0.000,-0.257,3,0.000,0.000,0.243,10,-0.000,-0.257,-0.000,-0.257,1.41,0.45,-0.083,0.075,0.924,-2.769,2.914,-9.994
1744725356.08,-1,0.000,-0.000,-0.258,3,0.000,0.000,0.278,10,-0.001,-0.258,-0.001,-0.258,1.45,0.45,0.017,-0.020,0.871,-0.175,-3.372,-8.224
1744725356.08,-1,0.000,-0.000,-0.258,3,0.000,0.000,0.278,10,-0.001,-0.258,-0.001,-0.258,1.45,0.45,0.017,-0.020,0.871,-0.175,-3.372,-8.224
1744725356.08,-1,0.000,-0.000,-0.259,3,0.000,0.000,0.261,10,-0.001,-0.259,-0.001,-0.259,1.45,0.45,0.047,-0.012,1.048,-1.731,-1.724,-9.232
1744725356.08,-1,0.000,-0.000,-0.259,3,0.000,0.000,0.261,10,-0.001,-0.259,-0.001,-0.259,1.45,0.45,0.091,-0.012,0.952,-0.358,0.809,-10.269
1744725356.08,-1,0.000,-0.000,-0.260,3,0.000,0.000,0.261,10,-0.001,-0.260,-0.001,-0.260,1.45,0.45,0.091,-0.012,0.952,-0.358,0.809,-10.269
1744725356.08,-1,0.000,-0.000,-0.260,3,0.000,0.000,0.196,10,-0.001,-0.260,-0.001,-0.260,1.24,0.44,0.065,-0.016,0.956,-0.846,-0.687,-12.588
1744725356.09,-1,0.000,-0.000,-0.260,3,0.000,0.000,0.196,10,-0.001,-0.260,-0.001,-0.260,1.24,0.44,0.065,-0.016,0.956,-0.846,-0.687,-12.588
1744725356.09,-1,0.000,-0.000,-0.261,3,0.000,0.000,0.170,10,-0.001,-0.261,-0.001,-0.261,1.24,0.44,0.068,-0.010,0.989,-0.602,1.266,-14.114
1744725356.09,-1,0.000,-0.000,-0.261,3,0.000,0.000,0.170,10,-0.001,-0.261,-0.001,-0.261,1.24,0.44,0.041,-0.011,0.972,0.741,1.114,-14.938
1744725356.09,-1,0.001,-0.000,-0.263,3,0.000,0.000,0.170,10,-0.001,-0.263,-0.001,-0.263,1.24,0.44,0.041,-0.011,0.972,0.741,1.114,-14.938
1744725356.09,-1,0.001,-0.000,-0.264,3,0.000,0.000,0.152,10,-0.001,-0.264,-0.001,-0.264,1.36,0.44,0.004,-0.010,0.976,-2.036,1.572,-13.382
1744725356.09,-1,0.001,-0.000,-0.264,3,0.000,0.000,0.152,10,-0.001,-0.264,-0.001,-0.264,1.36,0.44,0.004,-0.010,0.976,-2.036,1.572,-13.382
1744725356.09,-1,0.001,-0.000,-0.264,3,0.000,0.000,0.139,10,-0.001,-0.264,-0.001,-0.264,1.36,0.44,0.006,-0.004,0.946,-0.144,-0.381,-12.100
# remark: robobot/cmd/ti/alive 2025-04-15 15:55:21.913760
1744725356.53,-1,0.001,-0.000,-0.265,3,0.000,0.000,0.139,10,-0.001,-0.265,-0.001,-0.265,1.36,0.44,-0.007,-0.030,0.960,-1.151,-0.443,-9.903
1744725356.53,-1,0.001,-0.000,-0.265,3,0.000,0.000,0.139,10,-0.001,-0.265,-0.001,-0.265,1.36,0.44,-0.007,-0.030,0.960,-1.151,-0.443,-9.903
1744725356.53,-1,0.001,-0.000,-0.266,3,0.000,0.000,0.130,10,-0.001,-0.266,-0.001,-0.266,1.50,0.41,0.039,-0.023,0.971,-1.853,0.259,-9.354
1744725356.53,-1,0.001,-0.000,-0.266,3,0.000,0.000,0.130,10,-0.001,-0.266,-0.001,-0.266,1.50,0.41,0.039,-0.023,0.971,-1.853,0.259,-9.354
1744725356.54,-1,0.001,-0.000,-0.267,3,0.000,0.000,0.126,10,-0.000,-0.267,-0.000,-0.267,1.50,0.41,0.060,-0.029,0.977,-0.114,-0.656,-9.964
1744725356.54,-1,0.001,-0.000,-0.267,3,0.000,0.000,0.126,10,-0.000,-0.267,-0.000,-0.267,1.50,0.41,0.091,-0.020,0.989,-1.151,0.107,-11.856
1744725356.54,-1,0.001,-0.000,-0.268,3,0.000,0.000,0.126,10,-0.000,-0.268,-0.000,-0.268,1.50,0.41,0.091,-0.020,0.989,-1.151,0.107,-11.856
1744725356.54,-1,0.001,-0.000,-0.271,3,0.000,0.000,0.122,10,-0.000,-0.271,-0.000,-0.271,1.35,0.39,0.095,0.009,0.969,0.008,0.473,-14.358
1744725356.54,-1,0.001,-0.000,-0.271,3,0.000,0.000,0.122,10,-0.000,-0.271,-0.000,-0.271,1.35,0.39,0.095,0.009,0.969,0.008,0.473,-14.358
1744725356.54,-1,0.001,-0.000,-0.275,3,0.000,0.000,0.117,10,-0.000,-0.275,-0.000,-0.275,1.35,0.39,0.064,0.008,0.978,0.191,0.565,-15.976
1744725356.54,-1,0.001,-0.000,-0.278,3,0.000,0.000,0.117,10,-0.000,-0.278,-0.000,-0.278,1.35,0.39,0.037,0.010,0.964,-0.755,1.633,-16.159
1744725356.54,-1,0.001,-0.000,-0.279,3,0.000,0.000,0.117,10,-0.000,-0.279,-0.000,-0.279,1.35,0.39,0.037,0.010,0.964,-0.755,1.633,-16.159
1744725356.54,-1,0.001,-0.000,-0.282,3,0.000,0.000,0.300,10,-0.000,-0.282,-0.000,-0.282,1.50,0.38,0.000,0.009,0.949,-0.511,0.626,-15.335
1744725356.54,-1,0.001,-0.000,-0.282,3,0.000,0.000,0.300,10,-0.000,-0.282,-0.000,-0.282,1.50,0.38,0.000,0.009,0.949,-0.511,0.626,-15.335
1744725356.54,-1,0.001,-0.000,-0.284,3,0.000,0.000,0.361,10,-0.001,-0.284,-0.001,-0.284,1.50,0.38,-0.064,0.087,1.001,-1.487,2.975,-16.251
1744725356.54,-1,0.001,-0.000,-0.284,3,0.000,0.000,0.361,10,-0.001,-0.284,-0.001,-0.284,1.50,0.38,-0.014,0.009,0.830,-0.480,-2.518,-18.051
1744725356.54,-1,0.001,-0.000,-0.287,3,0.000,0.000,0.361,10,-0.001,-0.287,-0.001,-0.287,1.50,0.38,-0.014,0.009,0.830,-0.480,-2.518,-18.051
1744725356.54,-1,0.001,-0.000,-0.289,3,0.000,0.000,0.304,10,-0.001,-0.289,-0.001,-0.289,1.50,0.40,0.049,-0.005,1.037,-1.975,-3.036,-18.021
1744725356.55,-1,0.001,-0.000,-0.289,3,0.000,0.000,0.304,10,-0.001,-0.289,-0.001,-0.289,1.50,0.40,0.049,-0.005,1.037,-1.975,-3.036,-18.021
1744725356.55,-1,0.001,-0.000,-0.290,3,0.000,0.000,0.243,10,-0.001,-0.290,-0.001,-0.290,1.50,0.40,0.112,-0.002,1.022,-1.060,1.358,-19.791
1744725356.55,-1,0.001,-0.000,-0.290,3,0.000,0.000,0.243,10,-0.001,-0.290,-0.001,-0.290,1.50,0.40,0.072,0.003,0.893,-0.297,-1.053,-22.079
1744725356.55,-1,0.001,-0.000,-0.291,3,0.000,0.000,0.243,10,-0.001,-0.291,-0.001,-0.291,1.50,0.40,0.072,0.003,0.893,-0.297,-1.053,-22.079
1744725356.55,-1,0.001,-0.000,-0.293,3,0.000,0.000,0.230,10,-0.001,-0.293,-0.001,-0.293,1.50,0.43,0.048,-0.045,1.017,-2.006,1.694,-22.415
1744725356.55,-1,0.001,-0.000,-0.293,3,0.000,0.000,0.230,10,-0.001,-0.293,-0.001,-0.293,1.50,0.43,0.048,-0.045,1.017,-2.006,1.694,-22.415
1744725356.55,-1,0.001,-0.000,-0.293,3,0.000,0.000,0.204,10,-0.001,-0.293,-0.001,-0.293,1.50,0.43,0.009,-0.017,1.015,-0.388,2.792,-22.507
1744725356.56,-1,0.001,-0.000,-0.294,3,0.000,0.000,0.204,10,-0.001,-0.294,-0.001,-0.294,1.50,0.43,0.019,-0.089,0.879,-0.877,0.137,-18.906
1744725356.56,-1,0.001,-0.000,-0.295,3,0.000,0.000,0.204,10,-0.001,-0.295,-0.001,-0.295,1.50,0.43,0.019,-0.089,0.879,-0.877,0.137,-18.906
1744725356.56,-1,0.001,-0.000,-0.296,3,0.000,0.000,0.187,10,-0.001,-0.296,-0.001,-0.296,1.50,0.46,0.032,-0.087,1.034,-1.914,-1.175,-13.748
1744725356.56,-1,0.001,-0.000,-0.296,3,0.000,0.000,0.187,10,-0.001,-0.296,-0.001,-0.296,1.50,0.46,0.032,-0.087,1.034,-1.914,-1.175,-13.748
1744725356.56,-1,0.001,-0.000,-0.299,3,0.000,0.000,0.178,10,-0.001,-0.299,-0.001,-0.299,1.50,0.46,0.089,-0.061,0.945,-0.297,0.412,-11.215
1744725356.56,-1,0.001,-0.000,-0.299,3,0.000,0.000,0.178,10,-0.001,-0.299,-0.001,-0.299,1.50,0.46,0.125,0.005,0.961,-1.151,-0.443,-13.596
1744725356.56,-1,0.001,-0.000,-0.302,3,0.000,0.000,0.178,10,-0.001,-0.302,-0.001,-0.302,1.50,0.46,0.125,0.005,0.961,-1.151,-0.443,-13.596
1744725356.56,-1,0.001,-0.000,-0.304,3,0.000,0.000,0.170,10,-0.001,-0.304,-0.001,-0.304,1.50,0.61,0.087,-0.018,1.032,-0.175,2.975,-15.243
1744725356.56,-1,0.001,-0.000,-0.304,3,0.000,0.000,0.170,10,-0.001,-0.304,-0.001,-0.304,1.50,0.61,0.087,-0.018,1.032,-0.175,2.975,-15.243
1744725356.56,-1,0.001,-0.000,-0.306,3,0.000,0.000,0.191,10,-0.001,-0.306,-0.001,-0.306,1.50,0.61,0.038,-0.017,0.911,0.680,1.694,-15.335
1744725356.56,-1,0.001,-0.000,-0.309,3,0.000,0.000,0.191,10,-0.001,-0.309,-0.001,-0.309,1.50,0.61,0.007,-0.019,0.956,-1.640,0.504,-14.450
1744725356.56,-1,0.001,-0.000,-0.311,3,0.000,0.000,0.191,10,-0.001,-0.311,-0.001,-0.311,1.50,0.61,0.007,-0.019,0.956,-1.640,0.504,-14.450
1744725356.56,-1,0.001,-0.000,-0.311,3,0.000,0.000,0.257,10,-0.001,-0.311,-0.001,-0.311,1.50,0.75,-0.024,-0.029,1.022,-0.266,0.809,-12.588
1744725356.56,-1,0.001,-0.000,-0.311,3,0.000,0.000,0.257,10,-0.001,-0.311,-0.001,-0.311,1.50,0.75,-0.024,-0.029,1.022,-0.266,0.809,-12.588
1744725356.56,-1,0.001,-0.000,-0.313,3,0.000,0.000,0.270,10,-0.001,-0.313,-0.001,-0.313,1.50,0.75,0.004,-0.023,0.940,-0.633,-0.259,-10.147
1744725356.56,-1,0.001,-0.000,-0.313,3,0.000,0.000,0.270,10,-0.001,-0.313,-0.001,-0.313,1.50,0.75,0.065,0.007,0.968,-1.945,-0.870,-11.154
1744725356.56,-1,0.001,-0.000,-0.315,3,0.000,0.000,0.270,10,-0.001,-0.315,-0.001,-0.315,1.50,0.75,0.065,0.007,0.968,-1.945,-0.870,-11.154
1744725356.56,-1,0.001,-0.001,-0.316,3,0.000,0.000,0.252,10,-0.001,-0.316,-0.001,-0.316,1.50,0.81,0.073,-0.005,0.991,0.039,0.809,-12.558
1744725356.56,-1,0.001,-0.001,-0.316,3,0.000,0.000,0.252,10,-0.001,-0.316,-0.001,-0.316,1.50,0.81,0.073,-0.005,0.991,0.039,0.809,-12.558
1744725356.56,-1,0.001,-0.001,-0.316,3,0.000,0.000,0.209,10,-0.001,-0.316,-0.001,-0.316,1.50,0.81,0.061,-0.017,0.933,-1.060,1.419,-14.328
1744725356.56,-1,0.002,-0.001,-0.317,3,0.000,0.000,0.209,10,-0.001,-0.317,-0.001,-0.317,1.50,0.81,0.041,-0.011,0.974,-1.212,0.381,-15.060
1744725356.56,-1,0.002,-0.001,-0.317,3,0.000,0.000,0.209,10,-0.001,-0.317,-0.001,-0.317,1.50,0.81,0.041,-0.011,0.974,-1.212,0.381,-15.060
1744725356.56,-1,0.002,-0.001,-0.318,3,0.000,0.000,0.191,10,-0.001,-0.318,-0.001,-0.318,1.50,1.07,0.005,-0.025,0.978,-0.419,1.022,-15.305
1744725356.56,-1,0.002,-0.001,-0.318,3,0.000,0.000,0.191,10,-0.001,-0.318,-0.001,-0.318,1.50,1.07,0.005,-0.025,0.978,-0.419,1.022,-15.305
1744725356.56,-1,0.002,-0.001,-0.319,3,0.000,0.000,0.174,10,-0.001,-0.319,-0.001,-0.319,1.50,1.07,0.012,-0.003,0.951,-0.511,0.015,-14.481
1744725356.56,-1,0.002,-0.001,-0.319,3,0.000,0.000,0.174,10,-0.001,-0.319,-0.001,-0.319,1.50,1.07,0.007,-0.025,1.010,-0.999,0.290,-13.748
1744725356.56,-1,0.002,-0.001,-0.320,3,0.000,0.000,0.174,10,-0.001,-0.320,-0.001,-0.320,1.50,1.07,0.007,-0.025,1.010,-0.999,0.290,-13.748
1744725356.56,-1,0.002,-0.001,-0.322,3,0.000,0.000,0.152,10,-0.001,-0.322,-0.001,-0.322,1.50,1.45,0.009,-0.061,0.903,-0.816,-0.534,-12.253
1744725356.56,-1,0.002,-0.001,-0.322,3,0.000,0.000,0.152,10,-0.001,-0.322,-0.001,-0.322,1.50,1.45,0.009,-0.061,0.903,-0.816,-0.534,-12.253
1744725356.56,-1,0.002,-0.001,-0.324,3,0.000,0.000,0.143,10,-0.000,-0.324,-0.000,-0.324,1.50,1.45,0.044,-0.083,0.958,-2.036,-1.602,-8.560
1744725356.56,-1,0.002,-0.001,-0.325,3,0.000,0.000,0.143,10,-0.000,-0.325,-0.000,-0.325,1.50,1.45,0.214,0.064,0.960,-0.633,-1.144,-11.063
1744725356.56,-1,0.002,-0.001,-0.326,3,0.000,0.000,0.143,10,-0.000,-0.326,-0.000,-0.326,1.50,1.45,0.214,0.064,0.960,-0.633,-1.144,-11.063
1744725356.57,-1,0.002,-0.001,-0.328,3,0.000,0.000,0.148,10,-0.000,-0.328,-0.000,-0.328,1.50,1.50,0.028,-0.043,1.002,0.222,2.457,-13.596
1744725356.57,-1,0.002,-0.001,-0.328,3,0.000,0.000,0.148,10,-0.000,-0.328,-0.000,-0.328,1.50,1.50,0.028,-0.043,1.002,0.222,2.457,-13.596
1744725356.57,-1,0.002,-0.001,-0.333,3,0.000,0.000,0.170,10,-0.000,-0.333,-0.000,-0.333,1.50,1.50,0.023,-0.009,0.888,-1.945,1.602,-12.833
1744725356.57,-1,0.002,-0.001,-0.334,3,0.000,0.000,0.170,10,-0.000,-0.334,-0.000,-0.334,1.50,1.50,-0.019,-0.042,1.016,0.863,-1.968,-13.382
1744725356.57,-1,0.002,-0.001,-0.335,3,0.000,0.000,0.170,10,-0.000,-0.335,-0.000,-0.335,1.50,1.50,-0.019,-0.042,1.016,0.863,-1.968,-13.382
1744725356.57,-1,0.002,-0.001,-0.338,3,0.000,0.000,0.309,10,-0.000,-0.338,-0.000,-0.338,1.50,1.50,-0.014,-0.021,1.019,0.130,2.243,-11.276
1744725356.57,-1,0.002,-0.001,-0.338,3,0.000,0.000,0.309,10,-0.000,-0.338,-0.000,-0.338,1.50,1.50,-0.014,-0.021,1.019,0.130,2.243,-11.276
1744725356.57,-1,0.002,-0.001,-0.340,3,0.000,0.000,0.322,10,-0.001,-0.340,-0.001,-0.340,1.50,1.50,0.057,0.047,0.883,-1.914,-0.443,-12.466
1744725356.57,-1,0.002,-0.001,-0.340,3,0.000,0.000,0.322,10,-0.001,-0.340,-0.001,-0.340,1.50,1.50,0.024,-0.005,0.994,0.619,-2.792,-13.077
1744725356.57,-1,0.002,-0.001,-0.341,3,0.000,0.000,0.322,10,-0.001,-0.341,-0.001,-0.341,1.50,1.50,0.024,-0.005,0.994,0.619,-2.792,-13.077
1744725356.57,-1,0.002,-0.001,-0.344,3,0.000,0.000,0.270,10,-0.001,-0.344,-0.001,-0.344,1.50,1.50,0.083,0.028,0.989,-1.792,1.389,-14.664
1744725356.57,-1,0.002,-0.001,-0.344,3,0.000,0.000,0.270,10,-0.001,-0.344,-0.001,-0.344,1.50,1.50,0.083,0.028,0.989,-1.792,1.389,-14.664
1744725356.57,-1,0.002,-0.001,-0.344,3,0.000,0.000,0.226,10,-0.001,-0.344,-0.001,-0.344,1.50,1.50,0.045,0.002,0.970,-0.602,0.717,-16.067
1744725356.57,-1,0.002,-0.001,-0.346,3,0.000,0.000,0.226,10,-0.001,-0.346,-0.001,-0.346,1.50,1.50,0.004,-0.019,0.973,-0.144,1.694,-15.610
1744725356.57,-1,0.002,-0.001,-0.347,3,0.000,0.000,0.226,10,-0.001,-0.347,-0.001,-0.347,1.50,1.50,0.004,-0.019,0.973,-0.144,1.694,-15.610
1744725356.57,-1,0.002,-0.001,-0.348,3,0.000,0.000,0.204,10,-0.001,-0.348,-0.001,-0.348,1.50,1.50,-0.005,-0.022,0.972,-1.823,1.541,-15.518
1744725356.57,-1,0.002,-0.001,-0.348,3,0.000,0.000,0.204,10,-0.001,-0.348,-0.001,-0.348,1.50,1.50,-0.005,-0.022,0.972,-1.823,1.541,-15.518
1744725356.57,-1,0.002,-0.001,-0.349,3,0.000,0.000,0.187,10,-0.001,-0.349,-0.001,-0.349,1.50,1.50,0.004,-0.044,0.952,0.222,-1.328,-14.664
1744725356.57,-1,0.002,-0.001,-0.349,3,0.000,0.000,0.187,10,-0.001,-0.349,-0.001,-0.349,1.50,1.50,0.001,-0.053,0.987,-1.701,-0.259,-13.962
1744725356.57,-1,0.002,-0.001,-0.349,3,0.000,0.000,0.187,10,-0.001,-0.349,-0.001,-0.349,1.50,1.50,0.001,-0.053,0.987,-1.701,-0.259,-13.962
1744725356.57,-1,0.002,-0.001,-0.349,3,0.000,0.000,0.178,10,-0.001,-0.349,-0.001,-0.349,1.50,1.50,0.005,-0.049,0.967,-0.633,0.565,-12.100
1744725356.57,-1,0.002,-0.001,-0.349,3,0.000,0.000,0.178,10,-0.001,-0.349,-0.001,-0.349,1.50,1.50,0.005,-0.049,0.967,-0.633,0.565,-12.100
1744725356.57,-1,0.002,-0.001,-0.349,3,0.000,0.000,0.161,10,-0.001,-0.349,-0.001,-0.349,1.50,1.50,0.019,-0.033,0.968,0.252,0.076,-11.063
1744725356.57,-1,0.002,-0.001,-0.349,3,0.000,0.000,0.161,10,-0.001,-0.349,-0.001,-0.349,1.50,1.50,0.021,-0.055,1.003,-1.121,1.236,-9.781
1744725356.57,-1,0.002,-0.001,-0.349,3,0.000,0.000,0.161,10,-0.001,-0.349,-0.001,-0.349,1.50,1.50,0.021,-0.055,1.003,-1.121,1.236,-9.781
1744725356.57,-1,0.002,-0.001,-0.349,3,0.000,0.000,0.139,10,-0.001,-0.349,-0.001,-0.349,1.50,1.50,0.039,-0.031,0.947,0.008,0.748,-8.621
1744725356.57,-1,0.002,-0.001,-0.349,3,0.000,0.000,0.139,10,-0.001,-0.349,-0.001,-0.349,1.50,1.50,0.039,-0.031,0.947,0.008,0.748,-8.621
1744725356.57,-1,0.002,-0.001,-0.350,3,0.000,0.000,0.122,10,-0.001,-0.350,-0.001,-0.350,1.50,1.50,0.028,-0.062,0.959,-0.877,-0.504,-6.851
1744725356.57,-1,0.002,-0.001,-0.350,3,0.000,0.000,0.122,10,-0.001,-0.350,-0.001,-0.350,1.50,1.50,0.053,-0.047,0.978,-0.816,-0.687,-5.325
1744725356.57,-1,0.002,-0.001,-0.352,3,0.000,0.000,0.122,10,-0.001,-0.352,-0.001,-0.352,1.50,1.50,0.053,-0.047,0.978,-0.816,-0.687,-5.325
1744725356.57,-1,0.002,-0.001,-0.354,3,0.000,0.000,0.100,10,-0.001,-0.354,-0.001,-0.354,1.50,1.50,0.071,-0.064,0.957,-0.419,-0.534,-2.518
1744725356.57,-1,0.002,-0.001,-0.354,3,0.000,0.000,0.100,10,-0.001,-0.354,-0.001,-0.354,1.50,1.50,0.071,-0.064,0.957,-0.419,-0.534,-2.518
1744725356.57,-1,0.002,-0.001,-0.354,3,0.000,0.000,0.096,10,-0.001,-0.354,-0.001,-0.354,1.50,1.50,0.270,0.088,0.930,-0.419,-2.457,-6.973
1744725356.57,-1,0.002,-0.001,-0.354,3,0.000,0.000,0.096,10,-0.001,-0.354,-0.001,-0.354,1.50,1.50,0.093,-0.012,1.079,0.283,3.311,-9.170
1744725356.57,-1,0.002,-0.001,-0.355,3,0.000,0.000,0.096,10,-0.001,-0.355,-0.001,-0.355,1.50,1.50,0.093,-0.012,1.079,0.283,3.311,-9.170
1744725356.57,-1,0.003,-0.001,-0.356,3,0.000,0.000,0.100,10,-0.001,-0.356,-0.001,-0.356,1.50,1.50,0.093,0.042,0.852,-1.151,2.243,-9.628
1744725356.57,-1,0.003,-0.001,-0.356,3,0.000,0.000,0.100,10,-0.001,-0.356,-0.001,-0.356,1.50,1.50,0.093,0.042,0.852,-1.151,2.243,-9.628
1744725356.57,-1,0.003,-0.001,-0.357,3,0.000,0.000,0.113,10,-0.000,-0.357,-0.000,-0.357,1.50,1.50,0.005,-0.001,1.013,0.588,-1.755,-10.239
1744725356.57,-1,0.003,-0.001,-0.357,3,0.000,0.000,0.113,10,-0.000,-0.357,-0.000,-0.357,1.50,1.50,0.013,0.003,1.038,-1.304,3.067,-8.713
1744725356.57,-1,0.003,-0.001,-0.358,3,0.000,0.000,0.113,10,-0.000,-0.358,-0.000,-0.358,1.50,1.50,0.013,0.003,1.038,-1.304,3.067,-8.713
1744725356.58,-1,0.003,-0.001,-0.361,3,0.000,0.000,0.135,10,-0.000,-0.361,-0.000,-0.361,1.50,1.50,-0.006,-0.031,0.917,-2.006,0.046,-8.530
1744725356.58,-1,0.003,-0.001,-0.361,3,0.000,0.000,0.135,10,-0.000,-0.361,-0.000,-0.361,1.50,1.50,-0.006,-0.031,0.917,-2.006,0.046,-8.530
1744725356.58,-1,0.003,-0.001,-0.362,3,0.000,0.000,0.143,10,-0.000,-0.362,-0.000,-0.362,1.50,1.50,0.086,0.035,0.966,0.374,-2.762,-10.239
1744725356.58,-1,0.003,-0.001,-0.364,3,0.000,0.000,0.143,10,-0.000,-0.364,-0.000,-0.364,1.50,1.50,0.083,-0.029,1.022,-0.724,1.602,-12.405
1744725356.58,-1,0.003,-0.001,-0.364,3,0.000,0.000,0.143,10,-0.000,-0.364,-0.000,-0.364,1.50,1.50,0.083,-0.029,1.022,-0.724,1.602,-12.405
1744725356.58,-1,0.003,-0.001,-0.369,3,0.000,0.000,0.152,10,-0.000,-0.369,-0.000,-0.369,1.50,1.50,0.054,-0.007,0.953,-0.144,1.450,-13.840
1744725356.58,-1,0.003,-0.001,-0.369,3,0.000,0.000,0.152,10,-0.000,-0.369,-0.000,-0.369,1.50,1.50,0.054,-0.007,0.953,-0.144,1.450,-13.840
1744725356.58,-1,0.003,-0.001,-0.372,3,0.000,0.000,0.270,10,-0.000,-0.372,-0.000,-0.372,1.50,1.50,0.003,-0.044,0.941,-0.968,2.396,-14.389
1744725356.58,-1,0.003,-0.001,-0.375,3,0.000,0.000,0.270,10,-0.000,-0.375,-0.000,-0.375,1.50,1.50,-0.065,0.102,0.943,0.283,3.647,-16.678
1744725356.58,-1,0.003,-0.001,-0.375,3,0.000,0.000,0.270,10,-0.000,-0.375,-0.000,-0.375,1.50,1.50,-0.065,0.102,0.943,0.283,3.647,-16.678
1744725356.61,-1,0.003,-0.001,-0.377,3,0.000,0.000,0.361,10,-0.000,-0.377,-0.000,-0.377,1.50,1.50,-0.029,-0.005,0.850,0.497,-2.243,-16.464
1744725356.61,-1,0.003,-0.001,-0.377,3,0.000,0.000,0.361,10,-0.000,-0.377,-0.000,-0.377,1.50,1.50,-0.029,-0.005,0.850,0.497,-2.243,-16.464
1744725356.61,-1,0.003,-0.001,-0.378,3,0.000,0.000,0.317,10,-0.000,-0.378,-0.000,-0.378,1.50,1.50,0.015,0.018,1.051,-2.952,-2.762,-15.915
1744725356.61,-1,0.003,-0.001,-0.379,3,0.000,0.000,0.317,10,-0.000,-0.379,-0.000,-0.379,1.50,1.50,0.112,0.044,1.033,-0.205,0.351,-17.136
1744725356.61,-1,0.003,-0.001,-0.379,3,0.000,0.000,0.317,10,-0.000,-0.379,-0.000,-0.379,1.50,1.50,0.112,0.044,1.033,-0.205,0.351,-17.136
1744725356.61,-1,0.003,-0.001,-0.381,3,0.000,0.000,0.257,10,-0.000,-0.381,-0.000,-0.381,1.50,1.50,0.076,0.017,0.932,-1.457,0.961,-20.065
1744725356.61,-1,0.003,-0.001,-0.381,3,0.000,0.000,0.257,10,-0.000,-0.381,-0.000,-0.381,1.50,1.50,0.076,0.017,0.932,-1.457,0.961,-20.065
1744725356.61,-1,0.003,-0.001,-0.382,3,0.000,0.000,0.222,10,-0.000,-0.382,-0.000,-0.382,1.50,1.50,-0.023,-0.044,0.938,-2.097,2.975,-18.143
1744725356.61,-1,0.003,-0.001,-0.382,3,0.000,0.000,0.222,10,-0.000,-0.382,-0.000,-0.382,1.50,1.50,0.022,-0.017,0.989,0.161,0.687,-17.929
1744725356.61,-1,0.003,-0.001,-0.382,3,0.000,0.000,0.222,10,-0.000,-0.382,-0.000,-0.382,1.50,1.50,0.022,-0.017,0.989,0.161,0.687,-17.929
1744725356.61,-1,0.003,-0.001,-0.383,3,0.000,0.000,0.191,10,-0.000,-0.383,-0.000,-0.383,1.50,1.50,0.019,-0.072,1.039,-1.090,0.870,-17.837
1744725356.61,-1,0.003,-0.001,-0.383,3,0.000,0.000,0.191,10,-0.000,-0.383,-0.000,-0.383,1.50,1.50,0.019,-0.072,1.039,-1.090,0.870,-17.837
1744725356.61,-1,0.003,-0.001,-0.383,3,0.000,0.000,0.170,10,-0.000,-0.383,-0.000,-0.383,1.50,1.50,0.001,-0.057,0.906,-0.388,-0.565,-16.830
1744725356.61,-1,0.003,-0.001,-0.385,3,0.000,0.000,0.170,10,-0.000,-0.385,-0.000,-0.385,1.50,1.50,0.029,-0.055,0.930,-0.907,-2.487,-14.664
1744725356.61,-1,0.003,-0.001,-0.386,3,0.000,0.000,0.170,10,-0.000,-0.386,-0.000,-0.386,1.50,1.50,0.029,-0.055,0.930,-0.907,-2.487,-14.664
1744725356.61,-1,0.003,-0.001,-0.392,3,0.000,0.000,0.143,10,0.000,-0.392,0.000,-0.392,1.50,1.50,0.016,-0.051,1.018,-0.602,2.121,-14.023
1744725356.61,-1,0.003,-0.001,-0.392,3,0.000,0.000,0.143,10,0.000,-0.392,0.000,-0.392,1.50,1.50,0.016,-0.051,1.018,-0.602,2.121,-14.023
1744725356.61,-1,0.003,-0.001,-0.397,3,0.000,0.000,0.243,10,-0.000,-0.397,-0.000,-0.397,1.50,1.50,0.137,0.043,0.878,1.443,-1.694,-13.931
1744725356.61,-1,0.003,-0.001,-0.398,3,0.000,0.000,0.243,10,-0.000,-0.398,-0.000,-0.398,1.50,1.50,0.046,-0.027,1.118,-1.426,0.717,-17.166
1744725356.61,-1,0.003,-0.001,-0.399,3,0.000,0.000,0.243,10,-0.000,-0.399,-0.000,-0.399,1.50,1.50,0.046,-0.027,1.118,-1.426,0.717,-17.166
1744725356.61,-1,0.003,-0.001,-0.401,3,0.000,0.000,0.387,10,-0.000,-0.401,-0.000,-0.401,1.50,1.50,0.034,0.027,0.915,-0.053,6.607,-14.786
1744725356.61,-1,0.003,-0.001,-0.401,3,0.000,0.000,0.387,10,-0.000,-0.401,-0.000,-0.401,1.50,1.50,0.034,0.027,0.915,-0.053,6.607,-14.786
1744725356.61,-1,0.003,-0.001,-0.403,3,0.000,0.000,0.378,10,-0.001,-0.403,-0.001,-0.403,1.50,1.50,-0.030,0.085,0.802,-1.335,-1.968,-17.441
1744725356.61,-1,0.003,-0.001,-0.403,3,0.000,0.000,0.378,10,-0.001,-0.403,-0.001,-0.403,1.50,1.50,0.053,-0.020,1.114,-0.938,-2.213,-14.999
1744725356.61,-1,0.003,-0.001,-0.404,3,0.000,0.000,0.378,10,-0.001,-0.404,-0.001,-0.404,1.50,1.50,0.053,-0.020,1.114,-0.938,-2.213,-14.999
1744725356.61,-1,0.003,-0.001,-0.404,3,0.000,0.000,0.296,10,-0.001,-0.404,-0.001,-0.404,1.50,1.50,0.006,-0.066,0.975,-1.518,2.884,-13.992
1744725356.61,-1,0.003,-0.001,-0.404,3,0.000,0.000,0.296,10,-0.001,-0.404,-0.001,-0.404,1.50,1.50,0.006,-0.066,0.975,-1.518,2.884,-13.992
1744725356.61,-1,0.003,-0.001,-0.405,3,0.000,0.000,0.209,10,-0.001,-0.405,-0.001,-0.405,1.50,1.50,0.048,-0.024,0.844,-1.182,-1.816,-13.046
1744725356.61,-1,0.003,-0.001,-0.405,3,0.000,0.000,0.209,10,-0.001,-0.405,-0.001,-0.405,1.50,1.50,0.039,-0.052,1.099,-0.388,0.229,-12.680
1744725356.61,-1,0.003,-0.001,-0.406,3,0.000,0.000,0.209,10,-0.001,-0.406,-0.001,-0.406,1.50,1.50,0.039,-0.052,1.099,-0.388,0.229,-12.680
1744725356.61,-1,0.003,-0.001,-0.407,3,0.000,0.000,0.170,10,-0.001,-0.407,-0.001,-0.407,1.50,1.50,0.085,-0.052,0.905,-1.151,1.511,-10.269
1744725356.61,-1,0.003,-0.001,-0.407,3,0.000,0.000,0.170,10,-0.001,-0.407,-0.001,-0.407,1.50,1.50,0.085,-0.052,0.905,-1.151,1.511,-10.269
1744725356.61,-1,0.003,-0.001,-0.408,3,0.000,0.000,0.148,10,-0.001,-0.408,-0.001,-0.408,1.50,1.50,0.158,0.034,0.996,0.893,-3.159,-16.800
1744725356.61,-1,0.003,-0.001,-0.408,3,0.000,0.000,0.148,10,-0.001,-0.408,-0.001,-0.408,1.50,1.50,0.050,-0.016,1.014,0.344,4.105,-15.213
1744725356.61,-1,0.004,-0.001,-0.409,3,0.000,0.000,0.148,10,-0.001,-0.409,-0.001,-0.409,1.50,1.50,0.050,-0.016,1.014,0.344,4.105,-15.213
1744725356.62,-1,0.004,-0.001,-0.412,3,0.000,0.000,0.143,10,-0.001,-0.412,-0.001,-0.412,1.50,1.50,0.085,0.004,0.775,-2.067,-1.022,-15.427
1744725356.62,-1,0.004,-0.001,-0.412,3,0.000,0.000,0.143,10,-0.001,-0.412,-0.001,-0.412,1.50,1.50,0.085,0.004,0.775,-2.067,-1.022,-15.427
1744725356.62,-1,0.004,-0.001,-0.412,3,0.000,0.000,0.143,10,-0.001,-0.412,-0.001,-0.412,1.50,1.50,0.032,-0.015,1.135,0.008,-1.511,-11.887
1744725356.62,-1,0.004,-0.001,-0.412,3,0.000,0.000,0.143,10,-0.001,-0.412,-0.001,-0.412,1.50,1.50,0.020,-0.051,0.951,-1.182,3.860,-9.598
1744725356.62,-1,0.004,-0.001,-0.412,3,0.000,0.000,0.143,10,-0.001,-0.412,-0.001,-0.412,1.50,1.50,0.020,-0.051,0.951,-1.182,3.860,-9.598
1744725356.62,-1,0.004,-0.001,-0.413,3,0.000,0.000,0.143,10,-0.000,-0.413,-0.000,-0.413,1.50,1.50,0.017,-0.049,0.854,-2.036,-1.663,-7.736
1744725356.62,-1,0.004,-0.001,-0.413,3,0.000,0.000,0.143,10,-0.000,-0.413,-0.000,-0.413,1.50,1.50,0.017,-0.049,0.854,-2.036,-1.663,-7.736
1744725356.62,-1,0.004,-0.001,-0.415,3,0.000,0.000,0.135,10,-0.000,-0.415,-0.000,-0.415,1.50,1.50,-0.007,-0.098,1.073,0.374,0.015,-6.576
1744725356.62,-1,0.004,-0.001,-0.415,3,0.000,0.000,0.135,10,-0.000,-0.415,-0.000,-0.415,1.50,1.50,0.016,-0.102,0.957,-1.396,1.602,-4.623
1744725356.62,-1,0.004,-0.002,-0.416,3,0.000,0.000,0.135,10,-0.000,-0.416,-0.000,-0.416,1.50,1.50,0.016,-0.102,0.957,-1.396,1.602,-4.623
1744725356.62,-1,0.004,-0.002,-0.417,3,0.000,0.000,0.122,10,-0.000,-0.417,-0.000,-0.417,1.50,1.50,0.169,0.063,0.940,0.680,-3.647,-7.675
1744725356.62,-1,0.004,-0.002,-0.417,3,0.000,0.000,0.122,10,-0.000,-0.417,-0.000,-0.417,1.50,1.50,0.169,0.063,0.940,0.680,-3.647,-7.675
1744725356.62,-1,0.004,-0.002,-0.417,3,0.000,0.000,0.143,10,-0.000,-0.417,-0.000,-0.417,1.50,1.50,0.001,-0.055,1.111,1.870,2.518,-9.567
1744725356.62,-1,0.004,-0.002,-0.420,3,0.000,0.000,0.143,10,-0.000,-0.420,-0.000,-0.420,1.50,1.50,0.047,0.029,0.807,-1.853,3.616,-7.461
1744725356.62,-1,0.004,-0.002,-0.420,3,0.000,0.000,0.143,10,-0.000,-0.420,-0.000,-0.420,1.50,1.50,0.047,0.029,0.807,-1.853,3.616,-7.461
1744725356.62,-1,0.004,-0.002,-0.420,3,0.000,0.000,0.139,10,0.000,-0.420,0.000,-0.420,1.50,1.50,-0.026,-0.005,1.007,0.893,-2.975,-7.339
1744725356.62,-1,0.004,-0.002,-0.420,3,0.000,0.000,0.139,10,0.000,-0.420,0.000,-0.420,1.50,1.50,-0.026,-0.005,1.007,0.893,-2.975,-7.339
1744725356.62,-1,0.004,-0.002,-0.421,3,0.000,0.000,0.139,10,0.000,-0.421,0.000,-0.421,1.50,1.50,-0.017,0.002,1.045,-0.297,2.670,-5.325
1744725356.62,-1,0.004,-0.002,-0.421,3,0.000,0.000,0.139,10,0.000,-0.421,0.000,-0.421,1.50,1.50,0.020,0.005,0.863,-2.860,0.504,-4.349
1744725356.62,-1,0.004,-0.002,-0.422,3,0.000,0.000,0.139,10,0.000,-0.422,0.000,-0.422,1.50,1.50,0.020,0.005,0.863,-2.860,0.504,-4.349
1744725356.62,-1,0.004,-0.002,-0.422,3,0.000,0.000,0.122,10,0.000,-0.422,0.000,-0.422,1.50,1.50,-0.011,-0.032,1.019,0.710,-2.762,-4.074
1744725356.62,-1,0.004,-0.002,-0.422,3,0.000,0.000,0.122,10,0.000,-0.422,0.000,-0.422,1.50,1.50,-0.011,-0.032,1.019,0.710,-2.762,-4.074
1744725356.62,-1,0.004,-0.002,-0.423,3,0.000,0.000,0.117,10,0.000,-0.423,0.000,-0.423,1.50,1.50,0.057,-0.027,1.003,-2.036,1.022,-4.684
1744725356.63,-1,0.004,-0.002,-0.424,3,0.000,0.000,0.117,10,0.000,-0.424,0.000,-0.424,1.50,1.50,0.083,-0.005,0.965,0.161,-0.839,-8.011
1744725356.63,-1,0.004,-0.002,-0.426,3,0.000,0.000,0.117,10,0.000,-0.426,0.000,-0.426,1.50,1.50,0.083,-0.005,0.965,0.161,-0.839,-8.011
1744725356.63,-1,0.004,-0.002,-0.429,3,0.000,0.000,0.100,10,0.000,-0.429,0.000,-0.429,1.50,1.50,0.063,0.009,0.962,1.046,-0.076,-10.605
1744725356.63,-1,0.004,-0.002,-0.429,3,0.000,0.000,0.100,10,0.000,-0.429,0.000,-0.429,1.50,1.50,0.063,0.009,0.962,1.046,-0.076,-10.605
1744725356.63,-1,0.004,-0.001,-0.434,3,0.000,0.000,0.139,10,0.000,-0.434,0.000,-0.434,1.50,1.50,0.093,0.044,0.957,-0.297,-0.259,-13.168
1744725356.63,-1,0.004,-0.001,-0.436,3,0.000,0.000,0.139,10,0.000,-0.436,0.000,-0.436,1.50,1.50,0.070,0.070,1.020,0.802,0.259,-16.006
1744725356.63,-1,0.004,-0.001,-0.437,3,0.000,0.000,0.139,10,0.000,-0.437,0.000,-0.437,1.50,1.50,0.070,0.070,1.020,0.802,0.259,-16.006
1744725356.63,-1,0.004,-0.001,-0.440,3,0.000,0.000,0.365,10,0.000,-0.440,0.000,-0.440,1.50,1.50,-0.011,0.167,0.950,-1.548,4.318,-20.248
1744725356.63,-1,0.004,-0.001,-0.440,3,0.000,0.000,0.365,10,0.000,-0.440,0.000,-0.440,1.50,1.50,-0.011,0.167,0.950,-1.548,4.318,-20.248
1744725356.63,-1,0.004,-0.001,-0.441,3,0.000,0.000,0.339,10,-0.000,-0.441,-0.000,-0.441,1.50,1.50,-0.024,0.062,0.849,-1.029,-1.328,-21.255
1744725356.63,-1,0.004,-0.001,-0.442,3,0.000,0.000,0.339,10,-0.000,-0.442,-0.000,-0.442,1.50,1.50,0.011,0.011,1.024,-1.335,-2.884,-20.767
1744725356.63,-1,0.004,-0.001,-0.444,3,0.000,0.000,0.339,10,-0.000,-0.444,-0.000,-0.444,1.50,1.50,0.011,0.011,1.024,-1.335,-2.884,-20.767
1744725356.63,-1,0.004,-0.001,-0.445,3,0.000,0.000,0.270,10,-0.000,-0.445,-0.000,-0.445,1.50,1.50,0.041,-0.040,1.011,-1.792,1.389,-19.577
1744725356.63,-1,0.004,-0.001,-0.445,3,0.000,0.000,0.270,10,-0.000,-0.445,-0.000,-0.445,1.50,1.50,0.041,-0.040,1.011,-1.792,1.389,-19.577
1744725356.63,-1,0.004,-0.001,-0.448,3,0.000,0.000,0.243,10,-0.000,-0.448,-0.000,-0.448,1.50,1.50,0.135,0.008,0.915,-1.487,-3.036,-22.446
1744725356.63,-1,0.004,-0.002,-0.449,3,0.000,0.000,0.243,10,-0.000,-0.449,-0.000,-0.449,1.50,1.50,0.071,-0.071,1.042,-1.396,0.259,-23.697
1744725356.63,-1,0.004,-0.002,-0.449,3,0.000,0.000,0.243,10,-0.000,-0.449,-0.000,-0.449,1.50,1.50,0.071,-0.071,1.042,-1.396,0.259,-23.697
1744725356.63,-1,0.004,-0.002,-0.450,3,0.000,0.000,0.243,10,-0.000,-0.450,-0.000,-0.450,1.50,1.50,0.088,-0.026,0.954,-0.022,0.992,-25.497
1744725356.63,-1,0.004,-0.002,-0.450,3,0.000,0.000,0.243,10,-0.000,-0.450,-0.000,-0.450,1.50,1.50,0.088,-0.026,0.954,-0.022,0.992,-25.497
1744725356.63,-1,0.004,-0.002,-0.451,3,0.000,0.000,0.230,10,-0.000,-0.451,-0.000,-0.451,1.50,1.50,0.025,-0.054,0.995,-0.724,1.602,-25.711
1744725356.63,-1,0.004,-0.002,-0.451,3,0.000,0.000,0.230,10,-0.000,-0.451,-0.000,-0.451,1.50,1.50,0.038,-0.043,0.976,1.534,-0.076,-23.849
1744725356.63,-1,0.004,-0.002,-0.452,3,0.000,0.000,0.230,10,-0.000,-0.452,-0.000,-0.452,1.50,1.50,0.038,-0.043,0.976,1.534,-0.076,-23.849
1744725356.63,-1,0.004,-0.002,-0.453,3,0.000,0.000,0.204,10,-0.000,-0.453,-0.000,-0.453,1.50,1.50,0.064,-0.067,0.966,-2.067,-1.816,-18.234
1744725356.63,-1,0.004,-0.002,-0.453,3,0.000,0.000,0.204,10,-0.000,-0.453,-0.000,-0.453,1.50,1.50,0.064,-0.067,0.966,-2.067,-1.816,-18.234
1744725356.63,-1,0.004,-0.002,-0.455,3,0.000,0.000,0.183,10,-0.000,-0.455,-0.000,-0.455,1.50,1.50,0.009,-0.061,0.994,-1.548,2.243,-14.267
1744725356.63,-1,0.004,-0.002,-0.457,3,0.000,0.000,0.183,10,-0.000,-0.457,-0.000,-0.457,1.50,1.50,0.009,-0.032,0.850,-1.151,0.320,-13.351
1744725356.63,-1,0.004,-0.002,-0.457,3,0.000,0.000,0.183,10,-0.000,-0.457,-0.000,-0.457,1.50,1.50,0.009,-0.032,0.850,-1.151,0.320,-13.351
1744725356.63,-1,0.004,-0.002,-0.463,3,0.000,0.000,0.148,10,-0.000,-0.463,-0.000,-0.463,1.50,1.42,0.029,-0.046,1.041,-2.159,-0.381,-13.290
1744725356.65,-1,0.004,-0.002,-0.463,3,0.000,0.000,0.148,10,-0.000,-0.463,-0.000,-0.463,1.50,1.42,0.029,-0.046,1.041,-2.159,-0.381,-13.290
1744725356.65,-1,0.004,-0.002,-0.467,3,0.000,0.000,0.217,10,-0.000,-0.467,-0.000,-0.467,1.50,1.42,0.028,-0.056,1.033,1.137,2.090,-11.459
1744725356.65,-1,0.004,-0.002,-0.468,3,0.000,0.000,0.217,10,-0.000,-0.468,-0.000,-0.468,1.50,1.42,0.018,-0.048,0.888,-1.670,-0.198,-11.948
1744725356.65,-1,0.004,-0.002,-0.471,3,0.000,0.000,0.217,10,-0.000,-0.471,-0.000,-0.471,1.50,1.42,0.018,-0.048,0.888,-1.670,-0.198,-11.948
1744725356.65,-1,0.004,-0.002,-0.474,3,0.000,0.000,0.430,10,-0.000,-0.474,-0.000,-0.474,1.50,1.09,0.161,0.057,0.978,1.748,-3.830,-14.358
1744725356.65,-1,0.004,-0.002,-0.474,3,0.000,0.000,0.430,10,-0.000,-0.474,-0.000,-0.474,1.50,1.09,0.161,0.057,0.978,1.748,-3.830,-14.358
1744725356.65,-1,0.004,-0.002,-0.474,3,0.000,0.000,0.426,10,-0.000,-0.474,-0.000,-0.474,1.50,1.09,-0.001,0.022,1.100,1.198,3.922,-16.586
1744725356.65,-1,0.004,-0.002,-0.476,3,0.000,0.000,0.426,10,-0.000,-0.476,-0.000,-0.476,1.50,1.09,-0.017,0.047,0.742,-2.433,1.175,-15.976
1744725356.65,-1,0.004,-0.002,-0.476,3,0.000,0.000,0.426,10,-0.000,-0.476,-0.000,-0.476,1.50,1.09,-0.017,0.047,0.742,-2.433,1.175,-15.976
1744725356.65,-1,0.004,-0.002,-0.479,3,0.000,0.000,0.326,10,-0.000,-0.479,-0.000,-0.479,1.50,1.09,-0.007,0.022,1.004,0.466,-5.264,-16.190
1744725356.65,-1,0.004,-0.002,-0.479,3,0.000,0.000,0.326,10,-0.000,-0.479,-0.000,-0.479,1.50,1.09,-0.007,0.022,1.004,0.466,-5.264,-16.190
1744725356.65,-1,0.004,-0.002,-0.480,3,0.000,0.000,0.252,10,-0.000,-0.480,-0.000,-0.480,1.50,1.09,0.053,0.006,1.090,-1.487,3.464,-14.633
1744725356.65,-1,0.004,-0.002,-0.480,3,0.000,0.000,0.252,10,-0.000,-0.480,-0.000,-0.480,1.50,1.09,0.072,0.005,0.890,-1.945,0.626,-15.121
1744725356.65,-1,0.004,-0.002,-0.480,3,0.000,0.000,0.252,10,-0.000,-0.480,-0.000,-0.480,1.50,1.09,0.072,0.005,0.890,-1.945,0.626,-15.121
1744725356.65,-1,0.004,-0.002,-0.481,3,0.000,0.000,0.222,10,-0.000,-0.481,-0.000,-0.481,1.50,1.50,0.041,-0.041,0.980,-0.633,-2.090,-13.473
1744725356.65,-1,0.004,-0.002,-0.481,3,0.000,0.000,0.222,10,-0.000,-0.481,-0.000,-0.481,1.50,1.50,0.041,-0.041,0.980,-0.633,-2.090,-13.473
1744725356.65,-1,0.004,-0.002,-0.481,3,0.000,0.000,0.183,10,-0.000,-0.481,-0.000,-0.481,1.50,1.50,0.036,-0.087,1.006,-1.609,1.663,-13.260
1744725356.65,-1,0.004,-0.002,-0.481,3,0.000,0.000,0.183,10,-0.000,-0.481,-0.000,-0.481,1.50,1.50,0.051,-0.066,0.938,-0.053,0.778,-12.772
1744725356.65,-1,0.004,-0.002,-0.481,3,0.000,0.000,0.183,10,-0.000,-0.481,-0.000,-0.481,1.50,1.50,0.051,-0.066,0.938,-0.053,0.778,-12.772
1744725356.65,-1,0.004,-0.002,-0.481,3,0.000,0.000,0.161,10,-0.000,-0.481,-0.000,-0.481,1.50,1.11,0.040,-0.072,0.970,0.619,-0.290,-12.436
1744725356.65,-1,0.004,-0.002,-0.481,3,0.000,0.000,0.161,10,-0.000,-0.481,-0.000,-0.481,1.50,1.11,0.040,-0.072,0.970,0.619,-0.290,-12.436
1744725356.65,-1,0.004,-0.002,-0.481,3,0.000,0.000,0.139,10,-0.000,-0.481,-0.000,-0.481,1.50,1.11,0.033,-0.052,0.993,0.130,1.266,-11.124
1744725356.65,-1,0.004,-0.002,-0.481,3,0.000,0.000,0.139,10,-0.000,-0.481,-0.000,-0.481,1.50,1.11,0.017,-0.014,0.947,0.588,-0.687,-9.598
1744725356.65,-1,0.004,-0.002,-0.481,3,0.000,0.000,0.139,10,-0.000,-0.481,-0.000,-0.481,1.50,1.11,0.017,-0.014,0.947,0.588,-0.687,-9.598
1744725356.65,-1,0.004,-0.002,-0.481,3,0.000,0.000,0.113,10,-0.000,-0.481,-0.000,-0.481,1.50,0.94,0.029,-0.026,1.003,-0.205,-0.778,-7.309
1744725356.65,-1,0.004,-0.002,-0.481,3,0.000,0.000,0.113,10,-0.000,-0.481,-0.000,-0.481,1.50,0.94,0.029,-0.026,1.003,-0.205,-0.778,-7.309
1744725356.65,-1,0.004,-0.002,-0.481,3,0.000,0.000,0.100,10,-0.000,-0.481,-0.000,-0.481,1.50,0.94,0.026,-0.031,0.950,-0.266,0.961,-4.166
1744725356.65,-1,0.004,-0.002,-0.481,3,0.000,0.000,0.100,10,-0.000,-0.481,-0.000,-0.481,1.50,0.94,0.031,-0.041,0.948,-1.090,0.381,-1.999
1744725356.65,-1,0.004,-0.002,-0.481,3,0.000,0.000,0.100,10,-0.000,-0.481,-0.000,-0.481,1.50,0.94,0.031,-0.041,0.948,-1.090,0.381,-1.999
1744725356.65,-1,0.004,-0.002,-0.482,3,0.000,0.000,0.087,10,-0.000,-0.482,-0.000,-0.482,1.50,0.82,0.036,-0.051,1.004,-0.450,0.656,-0.626
1744725356.65,-1,0.004,-0.002,-0.482,3,0.000,0.000,0.087,10,-0.000,-0.482,-0.000,-0.482,1.50,0.82,0.036,-0.051,1.004,-0.450,0.656,-0.626
1744725356.65,-1,0.004,-0.002,-0.483,3,0.000,0.000,0.078,10,-0.000,-0.483,-0.000,-0.483,1.50,0.82,0.030,-0.067,0.976,-0.633,0.595,-0.076
1744725356.65,-1,0.004,-0.002,-0.483,3,0.000,0.000,0.078,10,-0.000,-0.483,-0.000,-0.483,1.50,0.82,0.031,-0.062,0.958,0.100,-0.351,0.137
1744725356.65,-1,0.004,-0.002,-0.483,3,0.000,0.000,0.078,10,-0.000,-0.483,-0.000,-0.483,1.50,0.82,0.031,-0.062,0.958,0.100,-0.351,0.137
1744725356.65,-1,0.004,-0.002,-0.483,3,0.000,0.000,0.070,10,-0.000,-0.483,-0.000,-0.483,1.50,0.79,0.030,-0.048,0.969,0.954,-0.259,0.412
1744725356.65,-1,0.004,-0.002,-0.483,3,0.000,0.000,0.070,10,-0.000,-0.483,-0.000,-0.483,1.50,0.79,0.030,-0.048,0.969,0.954,-0.259,0.412
1744725356.65,-1,0.004,-0.002,-0.485,3,0.000,0.000,0.065,10,-0.000,-0.485,-0.000,-0.485,1.50,0.79,0.018,-0.031,0.975,0.497,0.076,1.358
1744725356.65,-1,0.004,-0.002,-0.485,3,0.000,0.000,0.065,10,-0.000,-0.485,-0.000,-0.485,1.50,0.79,0.021,-0.012,0.975,0.435,-0.107,2.609
1744725356.65,-1,0.004,-0.002,-0.487,3,0.000,0.000,0.065,10,-0.000,-0.487,-0.000,-0.487,1.50,0.79,0.021,-0.012,0.975,0.435,-0.107,2.609
1744725356.69,-1,0.004,-0.002,-0.490,3,0.000,0.000,0.057,10,-0.000,-0.490,-0.000,-0.490,1.50,0.85,0.017,-0.004,0.968,0.008,0.290,3.616
1744725356.69,-1,0.004,-0.002,-0.490,3,0.000,0.000,0.057,10,-0.000,-0.490,-0.000,-0.490,1.50,0.85,0.017,-0.004,0.968,0.008,0.290,3.616
1744725356.69,-1,0.004,-0.002,-0.493,3,0.000,0.000,0.091,10,-0.000,-0.493,-0.000,-0.493,1.50,0.85,0.054,0.017,0.903,-1.212,0.290,4.776
1744725356.69,-1,0.004,-0.002,-0.493,3,0.000,0.000,0.091,10,-0.000,-0.493,-0.000,-0.493,1.50,0.85,0.188,0.323,0.929,-0.083,-1.053,-7.614
1744725356.69,-1,0.004,-0.002,-0.494,3,0.000,0.000,0.091,10,-0.000,-0.494,-0.000,-0.494,1.50,0.85,0.188,0.323,0.929,-0.083,-1.053,-7.614
1744725356.69,-1,0.004,-0.002,-0.495,3,0.000,0.000,0.109,10,-0.000,-0.495,-0.000,-0.495,1.50,0.85,0.066,0.054,0.908,-0.236,0.015,-12.955
1744725356.69,-1,0.004,-0.002,-0.495,3,0.000,0.000,0.109,10,-0.000,-0.495,-0.000,-0.495,1.50,0.85,0.066,0.054,0.908,-0.236,0.015,-12.955
1744725356.69,-1,0.004,-0.002,-0.497,3,0.000,0.000,0.152,10,-0.000,-0.497,-0.000,-0.497,1.50,0.85,0.115,0.063,0.954,-1.914,-0.381,-14.725
1744725356.69,-1,0.004,-0.002,-0.498,3,0.000,0.000,0.152,10,-0.000,-0.498,-0.000,-0.498,1.50,0.85,0.102,0.023,1.046,0.558,0.137,-16.556
1744725356.69,-1,0.004,-0.002,-0.498,3,0.000,0.000,0.152,10,-0.000,-0.498,-0.000,-0.498,1.50,0.85,0.102,0.023,1.046,0.558,0.137,-16.556
1744725356.69,-1,0.004,-0.002,-0.500,3,0.000,0.000,0.174,10,-0.000,-0.500,-0.000,-0.500,1.50,0.77,0.030,0.026,0.927,-1.487,3.128,-16.006
1744725356.69,-1,0.004,-0.002,-0.500,3,0.000,0.000,0.174,10,-0.000,-0.500,-0.000,-0.500,1.50,0.77,0.030,0.026,0.927,-1.487,3.128,-16.006
1744725356.69,-1,0.004,-0.002,-0.501,3,0.000,0.000,0.183,10,-0.000,-0.501,-0.000,-0.501,1.50,0.77,0.004,-0.056,0.927,-3.257,0.931,-14.572
1744725356.69,-1,0.004,-0.002,-0.502,3,0.000,0.000,0.183,10,-0.000,-0.502,-0.000,-0.502,1.50,0.77,0.062,0.013,1.012,1.534,-1.022,-14.175
1744725356.69,-1,0.005,-0.002,-0.503,3,0.000,0.000,0.183,10,-0.000,-0.503,-0.000,-0.503,1.50,0.77,0.062,0.013,1.012,1.534,-1.022,-14.175
1744725356.69,-1,0.005,-0.002,-0.504,3,0.000,0.000,0.191,10,-0.000,-0.504,-0.000,-0.504,1.50,0.73,0.091,-0.073,0.963,-1.792,-1.572,-16.220
1744725356.69,-1,0.005,-0.002,-0.504,3,0.000,0.000,0.191,10,-0.000,-0.504,-0.000,-0.504,1.50,0.73,0.091,-0.073,0.963,-1.792,-1.572,-16.220
1744725356.69,-1,0.005,-0.002,-0.505,3,0.000,0.000,0.209,10,-0.000,-0.505,-0.000,-0.505,1.50,0.73,0.090,0.006,0.994,0.985,0.229,-19.180
1744725356.69,-1,0.005,-0.002,-0.506,3,0.000,0.000,0.209,10,-0.000,-0.506,-0.000,-0.506,1.50,0.73,-0.009,-0.060,0.916,-0.022,2.579,-19.638
1744725356.69,-1,0.005,-0.002,-0.506,3,0.000,0.000,0.209,10,-0.000,-0.506,-0.000,-0.506,1.50,0.73,-0.009,-0.060,0.916,-0.022,2.579,-19.638
1744725356.69,-1,0.005,-0.002,-0.508,3,0.000,0.000,0.209,10,-0.000,-0.508,-0.000,-0.508,1.50,0.70,-0.008,0.004,0.966,-0.999,0.381,-17.197
1744725356.69,-1,0.005,-0.002,-0.508,3,0.000,0.000,0.209,10,-0.000,-0.508,-0.000,-0.508,1.50,0.70,-0.008,0.004,0.966,-0.999,0.381,-17.197
1744725356.69,-1,0.005,-0.002,-0.511,3,0.000,0.000,0.196,10,0.000,-0.511,0.000,-0.511,1.50,0.70,-0.041,-0.017,1.013,0.771,0.137,-15.396
1744725356.69,-1,0.005,-0.002,-0.511,3,0.000,0.000,0.196,10,0.000,-0.511,0.000,-0.511,1.50,0.70,0.026,0.011,0.930,-2.097,0.198,-13.138
1744725356.69,-1,0.005,-0.002,-0.513,3,0.000,0.000,0.196,10,0.000,-0.513,0.000,-0.513,1.50,0.70,0.026,0.011,0.930,-2.097,0.198,-13.138
1744725356.69,-1,0.005,-0.002,-0.517,3,0.000,0.000,0.174,10,0.000,-0.517,0.000,-0.517,1.50,0.70,0.085,0.044,0.946,-0.602,-2.548,-15.854
1744725356.69,-1,0.005,-0.002,-0.517,3,0.000,0.000,0.174,10,0.000,-0.517,0.000,-0.517,1.50,0.70,0.085,0.044,0.946,-0.602,-2.548,-15.854
1744725356.69,-1,0.005,-0.002,-0.522,3,0.000,0.000,0.235,10,0.000,-0.522,0.000,-0.522,1.50,0.70,0.040,-0.014,1.052,-1.701,0.381,-16.800
1744725356.69,-1,0.005,-0.002,-0.523,3,0.000,0.000,0.235,10,0.000,-0.523,0.000,-0.523,1.50,0.70,0.034,-0.008,0.977,-1.335,3.281,-19.058
1744725356.69,-1,0.005,-0.002,-0.525,3,0.000,0.000,0.235,10,0.000,-0.525,0.000,-0.525,1.50,0.70,0.034,-0.008,0.977,-1.335,3.281,-19.058
1744725356.69,-1,0.005,-0.002,-0.526,3,0.000,0.000,0.413,10,-0.000,-0.526,-0.000,-0.526,1.50,0.64,-0.058,0.018,0.949,-1.121,2.670,-22.201
1744725356.69,-1,0.005,-0.002,-0.526,3,0.000,0.000,0.413,10,-0.000,-0.526,-0.000,-0.526,1.50,0.64,-0.058,0.018,0.949,-1.121,2.670,-22.201
1744725356.69,-1,0.005,-0.002,-0.528,3,0.000,0.000,0.361,10,-0.000,-0.528,-0.000,-0.528,1.50,0.64,-0.036,-0.028,0.933,-0.022,-1.663,-22.354
1744725356.69,-1,0.004,-0.002,-0.530,3,0.000,0.000,0.361,10,-0.000,-0.530,-0.000,-0.530,1.50,0.64,0.060,-0.022,1.047,-1.365,0.656,-21.530
1744725356.69,-1,0.005,-0.002,-0.531,3,0.000,0.000,0.361,10,-0.000,-0.531,-0.000,-0.531,1.50,0.64,0.060,-0.022,1.047,-1.365,0.656,-21.530
1744725356.69,-1,0.005,-0.002,-0.533,3,0.000,0.000,0.270,10,-0.001,-0.533,-0.001,-0.533,1.50,0.63,0.001,-0.040,0.902,0.008,-0.137,-20.065
1744725356.69,-1,0.005,-0.002,-0.533,3,0.000,0.000,0.270,10,-0.001,-0.533,-0.001,-0.533,1.50,0.63,0.001,-0.040,0.902,0.008,-0.137,-20.065
1744725356.69,-1,0.005,-0.002,-0.535,3,0.000,0.000,0.252,10,-0.001,-0.535,-0.001,-0.535,1.50,0.63,0.056,-0.008,0.894,-1.396,-4.105,-19.760
1744725356.69,-1,0.005,-0.002,-0.535,3,0.000,0.000,0.252,10,-0.001,-0.535,-0.001,-0.535,1.50,0.63,0.223,0.028,1.103,-0.022,-0.748,-22.751
1744725356.69,-1,0.005,-0.002,-0.537,3,0.000,0.000,0.252,10,-0.001,-0.537,-0.001,-0.537,1.50,0.63,0.223,0.028,1.103,-0.022,-0.748,-22.751
# remark: robobot/cmd/ti/alive 2025-04-15 15:55:21.913760
# remark: robobot/cmd/ti/rc 0.0 0.0
1744725357.45,-1,0.005,-0.002,-0.537,3,0.000,0.000,0.252,10,-0.001,-0.537,-0.001,-0.537,1.50,0.64,0.049,-0.029,0.945,-0.846,4.379,-22.903
1744725357.45,-1,0.005,-0.002,-0.537,3,0.000,0.000,0.252,10,-0.001,-0.537,-0.001,-0.537,1.50,0.64,0.049,-0.029,0.945,-0.846,4.379,-22.903
1744725357.45,-1,0.005,-0.002,-0.538,3,0.000,0.000,0.230,10,-0.001,-0.538,-0.001,-0.538,1.50,0.64,0.062,-0.017,0.862,-2.281,0.504,-21.561
1744725357.46,-1,0.005,-0.002,-0.539,3,0.000,0.000,0.230,10,-0.001,-0.539,-0.001,-0.539,1.50,0.64,0.017,-0.050,1.107,1.107,-1.938,-20.096
# remark: robobot/cmd/ti/rc 0 0
# remark: robobot/cmd/T0/stop  
# remark: robobot/cmd/T0/leds 14 0 0 0
# remark: robobot/cmd/T0/leds 15 0 0 0
# remark: robobot/cmd/T0/leds 16 0 0 0
# remark: robobot/cmd/ti/log 0
# remark: robobot/cmd/T0/lip 0
