time,state,x,y,h,frame_id,line_pos,eKp,turn_rate,valid_cnt,tripA,tripAh,tripB,tripBh,ir_L,ir_R,acc_x,acc_y,acc_z,gyro_x,gyro_y,gyro_z
# remark: robobot/cmd/ti/alive 2025-04-18 18:13:08.652491
# remark: robobot/cmd/ti/log 1
1744992789.19,-1,0.000,0.000,0.000,0,0.000,0.000,0.000,10,0.000,0.000,0.000,0.000,1.50,0.56,0.000,0.000,0.000,0.000,0.000,0.000
1744992789.19,-1,0.000,0.000,0.000,0,0.000,0.000,0.000,10,0.000,0.000,0.000,0.000,1.50,0.56,0.043,-0.021,0.963,-0.083,0.107,-0.290
1744992789.20,-1,0.000,0.000,0.000,0,0.000,0.000,0.000,10,0.000,0.000,0.000,0.000,1.50,0.56,0.043,-0.021,0.963,-0.083,0.107,-0.290
1744992789.20,-1,0.000,0.000,0.000,0,0.000,0.000,0.000,10,0.000,0.000,0.000,0.000,1.50,0.56,0.043,-0.025,0.973,0.100,0.015,0.168
1744992789.20,-1,0.000,0.000,0.000,0,0.000,0.000,0.000,10,0.000,0.000,0.000,0.000,1.50,0.56,0.044,-0.023,0.968,-0.022,0.015,0.046
1744992789.22,-1,0.000,0.000,0.000,0,0.000,0.000,0.000,10,0.000,0.000,0.000,0.000,1.50,0.58,0.044,-0.023,0.968,-0.022,0.015,0.046
1744992789.24,-1,0.000,0.000,0.000,0,0.000,0.000,0.000,10,0.000,0.000,0.000,0.000,1.50,0.58,0.042,-0.021,0.973,-0.022,0.015,-0.015
1744992789.24,-1,0.000,0.000,0.000,0,0.000,0.000,0.000,10,0.000,0.000,0.000,0.000,1.50,0.58,0.042,-0.021,0.973,-0.022,0.015,-0.015
1744992789.24,-1,0.000,0.000,0.000,0,0.000,0.000,0.000,10,0.000,0.000,0.000,0.000,1.50,0.58,0.043,-0.022,0.964,0.100,0.107,0.290
1744992789.24,-1,0.000,0.000,0.000,0,0.000,0.000,0.000,10,0.000,0.000,0.000,0.000,1.50,0.58,0.039,-0.022,0.967,-0.175,0.290,-0.168
1744992789.25,-1,0.000,0.000,0.000,0,0.000,0.000,0.000,10,0.000,0.000,0.000,0.000,1.50,0.62,0.039,-0.022,0.967,-0.175,0.290,-0.168
1744992789.26,-1,0.000,0.000,0.000,0,0.000,0.000,0.000,10,0.000,0.000,0.000,0.000,1.50,0.62,0.042,-0.023,0.968,-0.114,0.259,0.137
1744992789.26,-1,0.000,0.000,0.000,0,0.000,0.000,0.000,10,0.000,0.000,0.000,0.000,1.50,0.62,0.042,-0.023,0.968,-0.114,0.259,0.137
1744992789.26,-1,0.000,0.000,0.000,0,0.000,0.000,0.000,10,0.000,0.000,0.000,0.000,1.50,0.62,0.042,-0.021,0.972,-0.114,-0.015,-0.290
1744992789.27,-1,0.000,0.000,0.000,0,0.000,0.000,0.000,10,0.000,0.000,0.000,0.000,1.50,0.62,0.041,-0.019,0.968,-0.083,0.076,-0.198
1744992789.28,-1,0.000,0.000,0.000,0,0.000,0.000,0.000,10,0.000,0.000,0.000,0.000,1.50,0.67,0.041,-0.019,0.968,-0.083,0.076,-0.198
1744992789.28,-1,0.000,0.000,0.000,0,0.000,0.000,0.000,10,0.000,0.000,0.000,0.000,1.50,0.67,0.042,-0.017,0.969,0.130,0.259,0.076
1744992789.29,-1,0.000,0.000,0.000,0,0.000,0.000,0.000,10,0.000,0.000,0.000,0.000,1.50,0.67,0.042,-0.017,0.969,0.130,0.259,0.076
1744992789.30,-1,0.000,0.000,0.000,0,0.000,0.000,0.000,10,0.000,0.000,0.000,0.000,1.50,0.67,0.041,-0.019,0.966,0.039,0.107,0.168
1744992789.30,-1,0.000,0.000,0.000,0,0.000,0.000,0.000,10,0.000,0.000,0.000,0.000,1.50,0.67,0.042,-0.024,0.970,-0.236,0.076,0.107
1744992789.31,-1,0.000,0.000,0.000,0,0.000,0.000,0.000,10,0.000,0.000,0.000,0.000,1.50,0.70,0.042,-0.024,0.970,-0.236,0.076,0.107
1744992789.31,-1,0.000,0.000,0.000,0,0.000,0.000,0.000,10,0.000,0.000,0.000,0.000,1.50,0.70,0.047,-0.023,0.968,0.069,0.504,0.076
1744992789.33,-1,0.000,0.000,0.000,0,0.000,0.000,0.000,10,0.000,0.000,0.000,0.000,1.50,0.70,0.047,-0.023,0.968,0.069,0.504,0.076
1744992789.33,-1,0.000,0.000,0.000,0,0.000,0.000,0.000,10,0.000,0.000,0.000,0.000,1.50,0.70,0.042,-0.021,0.974,-0.053,0.076,0.107
1744992789.33,-1,0.000,0.000,0.000,0,0.000,0.000,0.000,10,0.000,0.000,0.000,0.000,1.50,0.70,0.044,-0.021,0.971,-0.144,0.015,0.107
1744992789.34,-1,0.000,0.000,0.000,0,0.000,0.000,0.000,10,0.000,0.000,0.000,0.000,1.50,0.68,0.044,-0.021,0.971,-0.144,0.015,0.107
1744992789.34,-1,0.000,0.000,0.000,0,0.000,0.000,0.000,10,0.000,0.000,0.000,0.000,1.50,0.68,0.042,-0.018,0.965,-0.022,0.198,0.046
1744992789.35,-1,0.000,0.000,0.000,0,0.000,0.000,0.000,10,0.000,0.000,0.000,0.000,1.50,0.68,0.042,-0.018,0.965,-0.022,0.198,0.046
1744992789.36,-1,0.000,0.000,0.000,0,0.000,0.000,0.000,10,0.000,0.000,0.000,0.000,1.50,0.68,0.039,-0.023,0.964,-0.266,-0.046,-0.290
1744992789.36,-1,0.000,0.000,0.000,0,0.000,0.000,0.000,10,0.000,0.000,0.000,0.000,1.50,0.68,0.043,-0.021,0.974,-0.022,0.443,0.015
1744992789.37,-1,0.000,0.000,0.000,0,0.000,0.000,0.000,10,0.000,0.000,0.000,0.000,1.50,0.62,0.043,-0.021,0.974,-0.022,0.443,0.015
1744992789.38,-1,0.000,0.000,0.000,0,0.000,0.000,0.000,10,0.000,0.000,0.000,0.000,1.50,0.62,0.041,-0.023,0.979,-0.022,-0.015,0.382
1744992789.38,-1,0.000,0.000,0.000,0,0.000,0.000,0.000,10,0.000,0.000,0.000,0.000,1.50,0.62,0.041,-0.023,0.979,-0.022,-0.015,0.382
1744992789.39,-1,0.000,0.000,0.000,0,0.000,0.000,0.000,10,0.000,0.000,0.000,0.000,1.50,0.62,0.045,-0.023,0.969,-0.053,0.137,-0.198
1744992789.39,-1,0.000,0.000,0.000,0,0.000,0.000,0.000,10,0.000,0.000,0.000,0.000,1.50,0.62,0.040,-0.022,0.964,-0.022,0.168,0.290
# remark: robobot/cmd/T0/enc0  
# remark: robobot/cmd/T0/confw 0.074 0.074 19 92 0.23
# remark: robobot/cmd/T0/confi  
1744992789.39,-1,0.000,0.000,0.000,0,0.000,0.000,0.000,10,0.000,0.000,0.000,0.000,1.50,0.58,0.040,-0.022,0.964,-0.022,0.168,0.290
1744992789.40,-1,0.000,0.000,0.000,0,0.000,0.000,0.000,10,0.000,0.000,0.000,0.000,1.50,0.58,0.041,-0.022,0.971,0.069,0.168,0.046
1744992789.41,-1,0.000,0.000,0.000,0,0.000,0.000,0.000,10,0.000,0.000,0.000,0.000,1.50,0.58,0.041,-0.022,0.971,0.069,0.168,0.046
1744992789.43,-1,0.000,0.000,0.000,0,0.000,0.000,0.000,10,0.000,0.000,0.000,0.000,1.50,0.58,0.045,-0.023,0.976,-0.144,0.076,0.107
1744992789.43,-1,0.000,0.000,0.000,0,0.000,0.000,0.000,10,0.000,0.000,0.000,0.000,1.50,0.58,0.048,-0.019,0.970,0.008,0.320,0.015
1744992789.43,-1,0.000,0.000,0.000,0,0.000,0.000,0.000,10,0.000,0.000,0.000,0.000,1.50,0.60,0.048,-0.019,0.970,0.008,0.320,0.015
1744992789.43,-1,0.000,0.000,0.000,0,0.000,0.000,0.000,10,0.000,0.000,0.000,0.000,1.50,0.60,0.040,-0.020,0.963,-0.327,0.198,0.076
1744992789.44,-1,0.000,0.000,0.000,0,0.000,0.000,0.000,10,0.000,0.000,0.000,0.000,1.50,0.60,0.040,-0.020,0.963,-0.327,0.198,0.076
1744992789.45,-1,0.000,0.000,0.000,0,0.000,0.000,0.000,10,0.000,0.000,0.000,0.000,1.50,0.60,0.042,-0.019,0.965,-0.450,0.168,-0.259
1744992789.45,-1,0.000,0.000,0.000,0,0.000,0.000,0.000,10,0.000,0.000,0.000,0.000,1.50,0.60,0.041,-0.023,0.973,-0.175,0.168,-0.137
1744992789.46,-1,0.000,0.000,0.000,0,0.000,0.000,0.000,10,0.000,0.000,0.000,0.000,1.50,0.58,0.041,-0.023,0.973,-0.175,0.168,-0.137
1744992789.46,-1,0.000,0.000,0.000,0,0.000,0.000,0.000,10,0.000,0.000,0.000,0.000,1.50,0.58,0.040,-0.019,0.975,0.130,0.168,-0.076
1744992789.46,-1,0.000,0.000,0.000,0,0.000,0.000,0.000,10,0.000,0.000,0.000,0.000,1.50,0.58,0.040,-0.019,0.975,0.130,0.168,-0.076
1744992789.48,-1,0.000,0.000,0.000,0,0.000,0.000,0.000,10,0.000,0.000,0.000,0.000,1.50,0.58,0.043,-0.017,0.972,0.039,-0.046,-0.412
1744992789.48,-1,0.000,0.000,0.000,0,0.000,0.000,0.000,10,0.000,0.000,0.000,0.000,1.50,0.58,0.039,-0.022,0.969,-0.114,-0.076,0.015
1744992789.49,-1,0.000,0.000,0.000,0,0.000,0.000,0.000,10,0.000,0.000,0.000,0.000,1.50,0.56,0.039,-0.022,0.969,-0.114,-0.076,0.015
1744992789.49,-1,0.000,0.000,0.000,0,0.000,0.000,0.000,10,0.000,0.000,0.000,0.000,1.50,0.56,0.039,-0.022,0.973,-0.053,0.229,-0.229
1744992789.50,-1,0.000,0.000,0.000,0,0.000,0.000,0.000,10,0.000,0.000,0.000,0.000,1.50,0.56,0.039,-0.022,0.973,-0.053,0.229,-0.229
1744992789.50,-1,0.000,0.000,0.000,0,0.000,0.000,0.000,10,0.000,0.000,0.000,0.000,1.50,0.56,0.040,-0.022,0.969,-0.022,0.168,0.137
1744992789.51,-1,0.000,0.000,0.000,0,0.000,0.000,0.000,10,0.000,0.000,0.000,0.000,1.50,0.56,0.039,-0.020,0.980,-0.175,0.443,0.046
1744992789.52,-1,0.000,0.000,0.000,0,0.000,0.000,0.000,10,0.000,0.000,0.000,0.000,1.50,0.57,0.039,-0.020,0.980,-0.175,0.443,0.046
1744992789.52,-1,0.000,0.000,0.000,0,0.000,0.000,0.000,10,0.000,0.000,0.000,0.000,1.50,0.57,0.041,-0.021,0.968,0.100,-0.076,0.107
1744992789.53,-1,0.000,0.000,0.000,0,0.000,0.000,0.000,10,0.000,0.000,0.000,0.000,1.50,0.57,0.041,-0.021,0.968,0.100,-0.076,0.107
1744992789.53,-1,0.000,0.000,0.000,0,0.000,0.000,0.000,10,0.000,0.000,0.000,0.000,1.50,0.57,0.040,-0.027,0.965,-0.114,0.107,-0.351
1744992789.53,-1,0.000,0.000,0.000,0,0.000,0.000,0.000,10,0.000,0.000,0.000,0.000,1.50,0.57,0.042,-0.024,0.973,-0.053,0.046,-0.412
1744992789.56,-1,0.000,0.000,0.000,0,0.000,0.000,0.000,10,0.000,0.000,0.000,0.000,1.50,0.58,0.042,-0.024,0.973,-0.053,0.046,-0.412
1744992789.56,-1,0.000,0.000,0.000,0,0.000,0.000,0.000,10,0.000,0.000,0.000,0.000,1.50,0.58,0.042,-0.020,0.970,-0.022,0.290,0.046
1744992789.56,-1,0.000,0.000,0.000,0,0.000,0.000,0.000,10,0.000,0.000,0.000,0.000,1.50,0.58,0.042,-0.020,0.970,-0.022,0.290,0.046
1744992789.57,-1,0.000,0.000,0.000,0,0.000,0.000,0.000,10,0.000,0.000,0.000,0.000,1.50,0.58,0.044,-0.022,0.970,-0.053,0.168,-0.046
1744992789.57,-1,0.000,0.000,0.000,0,0.000,0.000,0.000,10,0.000,0.000,0.000,0.000,1.50,0.58,0.044,-0.017,0.972,-0.205,0.198,-0.351
1744992789.58,-1,0.000,0.000,0.000,0,0.000,0.000,0.000,10,0.000,0.000,0.000,0.000,1.50,0.58,0.044,-0.017,0.972,-0.205,0.198,-0.351
1744992789.58,-1,0.000,0.000,0.000,0,0.000,0.000,0.000,10,0.000,0.000,0.000,0.000,1.50,0.58,0.043,-0.019,0.965,-0.053,0.015,-0.412
1744992789.59,-1,0.000,0.000,0.000,0,0.000,0.000,0.000,10,0.000,0.000,0.000,0.000,1.50,0.58,0.043,-0.019,0.965,-0.053,0.015,-0.412
1744992789.60,-1,0.000,0.000,0.000,0,0.000,0.000,0.000,10,0.000,0.000,0.000,0.000,1.50,0.58,0.040,-0.021,0.971,-0.236,-0.168,-0.015
1744992789.60,-1,0.000,0.000,0.000,0,0.000,0.000,0.000,10,0.000,0.000,0.000,0.000,1.50,0.58,0.043,-0.023,0.972,0.191,0.198,-0.046
1744992789.61,-1,0.000,0.000,0.000,0,0.000,0.000,0.000,10,0.000,0.000,0.000,0.000,1.50,0.58,0.043,-0.023,0.972,0.191,0.198,-0.046
1744992789.62,-1,0.000,0.000,0.000,0,0.000,0.000,0.000,10,0.000,0.000,0.000,0.000,1.50,0.58,0.044,-0.021,0.968,-0.114,0.015,0.076
1744992789.62,-1,0.000,0.000,0.000,0,0.000,0.000,0.000,10,0.000,0.000,0.000,0.000,1.50,0.58,0.044,-0.021,0.968,-0.114,0.015,0.076
1744992789.63,-1,0.000,0.000,0.000,0,0.000,0.000,0.000,10,0.000,0.000,0.000,0.000,1.50,0.58,0.042,-0.022,0.967,-0.480,-0.137,0.107
1744992789.64,-1,0.000,0.000,0.000,0,0.000,0.000,0.000,10,0.000,0.000,0.000,0.000,1.50,0.58,0.038,-0.018,0.969,-0.083,-0.046,-0.137
1744992789.64,-1,0.000,0.000,0.000,0,0.000,0.000,0.000,10,0.000,0.000,0.000,0.000,1.50,0.60,0.038,-0.018,0.969,-0.083,-0.046,-0.137
# remark: robobot/cmd/T0/lip 1
# remark: robobot/cmd/T0/sub livn 10
1744992789.65,-1,0.000,0.000,0.000,0,0.000,0.000,0.000,10,0.000,0.000,0.000,0.000,1.50,0.60,0.035,-0.022,0.970,-0.327,0.290,-0.076
1744992789.65,-1,0.000,0.000,0.000,1,0.000,0.000,0.000,10,0.000,0.000,0.000,0.000,1.50,0.60,0.035,-0.022,0.970,-0.327,0.290,-0.076
1744992789.66,-1,0.000,0.000,0.000,1,0.000,0.000,0.000,10,0.000,0.000,0.000,0.000,1.50,0.60,0.040,-0.023,0.969,-0.053,0.259,0.076
1744992789.66,-1,0.000,0.000,0.000,1,0.000,0.000,0.000,10,0.000,0.000,0.000,0.000,1.50,0.60,0.043,-0.021,0.967,0.130,0.076,-0.015
# remark: robobot/cmd/T0/liwi  
1744992789.67,-1,0.000,0.000,0.000,1,0.000,0.000,0.000,10,0.000,0.000,0.000,0.000,1.50,0.58,0.043,-0.021,0.967,0.130,0.076,-0.015
1744992789.67,-1,0.000,0.000,0.000,1,0.000,0.000,0.000,10,0.000,0.000,0.000,0.000,1.50,0.58,0.041,-0.020,0.968,-0.114,0.046,-0.168
1744992789.67,-1,0.000,0.000,0.000,1,0.000,0.000,0.000,10,0.000,0.000,0.000,0.000,1.50,0.58,0.041,-0.020,0.968,-0.114,0.046,-0.168
# remark: robobot/cmd/T0/leds 16 30 30 0
1744992789.68,0,0.000,0.000,0.000,1,0.000,0.000,0.000,10,0.000,0.000,0.000,0.000,1.50,0.58,0.043,-0.019,0.969,-0.175,0.107,-0.198
# remark: robobot/cmd/ti/rc 0.0 0.0
# remark: robobot/cmd/T0/leds 16 0 0 30
# remark: robobot/cmd/ti/rc 0.0 0.0
# remark: robobot/cmd/T0/servo 1 -900 200
1744992789.69,-1,0.000,0.000,0.000,1,0.000,0.000,0.000,10,0.000,0.000,0.000,0.000,1.50,0.58,0.043,-0.019,0.969,-0.175,0.107,-0.198
1744992789.69,-1,0.000,0.000,0.000,1,0.000,0.000,0.000,10,0.000,0.000,0.000,0.000,1.50,0.58,0.040,-0.017,0.966,0.069,0.168,-0.229
1744992789.69,-1,0.000,0.000,0.000,1,0.000,0.000,0.000,10,0.000,0.000,0.000,0.000,1.50,0.59,0.040,-0.017,0.966,0.069,0.168,-0.229
1744992789.70,-1,0.000,0.000,0.000,1,0.000,0.000,0.000,10,0.000,0.000,0.000,0.000,1.50,0.59,0.043,-0.021,0.967,0.008,0.320,0.168
1744992789.70,-1,0.000,0.000,0.000,1,0.000,0.000,0.000,10,0.000,0.000,0.000,0.000,1.50,0.59,0.043,-0.021,0.967,0.008,0.320,0.168
# remark: robobot/cmd/ti/alive 2025-04-18 18:13:08.652491
1744992789.71,-1,0.000,0.000,0.000,1,0.000,0.000,0.000,10,0.000,0.000,0.000,0.000,1.50,0.59,0.050,-0.021,0.976,-0.144,0.076,-0.168
1744992789.72,-1,0.000,0.000,0.000,1,0.000,0.000,0.000,10,0.000,0.000,0.000,0.000,1.50,0.59,0.044,-0.021,0.966,-0.327,0.320,0.046
1744992789.73,-1,0.000,0.000,0.000,1,0.000,0.000,0.000,10,0.000,0.000,0.000,0.000,1.50,0.61,0.044,-0.021,0.966,-0.327,0.320,0.046
1744992789.73,-1,0.000,0.000,0.000,1,0.000,0.000,0.000,10,0.000,0.000,0.000,0.000,1.50,0.61,0.040,-0.019,0.968,-0.297,0.198,-0.046
1744992789.74,-1,0.000,0.000,0.000,1,0.000,0.000,0.000,10,0.000,0.000,0.000,0.000,1.50,0.61,0.040,-0.019,0.968,-0.297,0.198,-0.046
1744992789.75,-1,0.000,0.000,0.000,1,0.000,0.000,0.000,10,0.000,0.000,0.000,0.000,1.50,0.61,0.047,-0.024,0.966,-0.022,0.351,-0.076
1744992789.75,-1,0.000,0.000,0.000,1,0.000,0.000,0.000,10,0.000,0.000,0.000,0.000,1.50,0.61,0.043,-0.024,0.973,-0.083,0.229,-0.137
1744992789.76,-1,0.000,0.000,0.000,1,0.000,0.000,0.000,10,0.000,0.000,0.000,0.000,1.50,0.60,0.043,-0.024,0.973,-0.083,0.229,-0.137
1744992789.76,-1,0.000,0.000,0.000,1,0.000,0.000,0.000,10,0.000,0.000,0.000,0.000,1.50,0.60,0.042,-0.018,0.973,-0.297,0.137,0.107
1744992789.77,-1,0.000,0.000,0.000,1,0.000,0.000,0.000,10,0.000,0.000,0.000,0.000,1.50,0.60,0.042,-0.018,0.973,-0.297,0.137,0.107
1744992789.77,-1,0.000,0.000,0.000,1,0.000,0.000,0.000,10,0.000,0.000,0.000,0.000,1.50,0.60,0.044,-0.023,0.962,0.069,0.076,-0.229
1744992789.79,-1,0.000,0.000,0.000,1,0.000,0.000,0.000,10,0.000,0.000,0.000,0.000,1.50,0.60,0.043,-0.023,0.970,-0.053,-0.046,0.198
1744992789.79,-1,0.000,0.000,0.000,1,0.000,0.000,0.000,10,0.000,0.000,0.000,0.000,1.50,0.58,0.043,-0.023,0.970,-0.053,-0.046,0.198
1744992789.80,-1,0.000,0.000,0.000,1,0.000,0.000,0.000,10,0.000,0.000,0.000,0.000,1.50,0.58,0.045,-0.017,0.976,-0.114,0.015,-0.107
1744992789.80,-1,0.000,0.000,0.000,1,0.000,0.000,0.000,10,0.000,0.000,0.000,0.000,1.50,0.58,0.045,-0.017,0.976,-0.114,0.015,-0.107
1744992789.81,-1,0.000,0.000,0.000,1,0.000,0.000,0.000,10,0.000,0.000,0.000,0.000,1.50,0.58,0.041,-0.024,0.971,-0.175,-0.076,-0.168
1744992789.81,-1,0.000,0.000,0.000,1,0.000,0.000,0.000,10,0.000,0.000,0.000,0.000,1.50,0.58,0.044,-0.021,0.975,-0.205,0.320,0.198
1744992789.82,-1,0.000,0.000,0.000,1,0.000,0.000,0.000,10,0.000,0.000,0.000,0.000,1.50,0.62,0.044,-0.021,0.975,-0.205,0.320,0.198
1744992789.83,-1,0.000,0.000,0.000,1,0.000,0.000,0.000,10,0.000,0.000,0.000,0.000,1.50,0.62,0.039,-0.018,0.965,0.130,0.046,-0.015
1744992789.83,-1,0.000,0.000,0.000,1,0.000,0.000,0.000,10,0.000,0.000,0.000,0.000,1.50,0.62,0.039,-0.018,0.965,0.130,0.046,-0.015
1744992789.84,-1,0.000,0.000,0.000,1,0.000,0.000,0.000,10,0.000,0.000,0.000,0.000,1.50,0.62,0.036,-0.023,0.967,-0.205,0.076,0.046
1744992789.84,-1,0.000,0.000,0.000,1,0.000,0.000,0.000,10,0.000,0.000,0.000,0.000,1.50,0.62,0.044,-0.023,0.975,-0.388,0.443,0.046
1744992789.85,-1,0.000,0.000,0.000,1,0.000,0.000,0.000,10,0.000,0.000,0.000,0.000,1.50,0.62,0.044,-0.023,0.975,-0.388,0.443,0.046
1744992789.86,-1,0.000,0.000,0.000,1,0.000,0.000,0.000,10,0.000,0.000,0.000,0.000,1.50,0.62,0.043,-0.020,0.966,0.130,-0.076,-0.046
1744992789.86,-1,0.000,0.000,0.000,1,0.000,0.000,0.000,10,0.000,0.000,0.000,0.000,1.50,0.62,0.043,-0.020,0.966,0.130,-0.076,-0.046
1744992789.87,-1,0.000,0.000,0.000,1,0.000,0.000,0.000,10,0.000,0.000,0.000,0.000,1.50,0.62,0.044,-0.020,0.964,0.069,0.076,-0.076
1744992789.87,-1,0.000,0.000,0.000,1,0.000,0.000,0.000,10,0.000,0.000,0.000,0.000,1.50,0.62,0.043,-0.017,0.965,-0.022,0.198,0.046
1744992789.88,-1,0.000,0.000,0.000,1,0.000,0.000,0.000,10,0.000,0.000,0.000,0.000,1.50,0.58,0.043,-0.017,0.965,-0.022,0.198,0.046
1744992789.89,-1,0.000,0.000,0.000,1,0.000,0.000,0.000,10,0.000,0.000,0.000,0.000,1.50,0.58,0.042,-0.024,0.972,0.008,0.168,0.107
1744992789.89,-1,0.000,0.000,0.000,1,0.000,0.000,0.000,10,0.000,0.000,0.000,0.000,1.50,0.58,0.042,-0.024,0.972,0.008,0.168,0.107
1744992789.90,-1,0.000,0.000,0.000,1,0.000,0.000,0.000,10,0.000,0.000,0.000,0.000,1.50,0.58,0.040,-0.018,0.974,-0.022,0.381,-0.076
1744992789.90,-1,0.000,0.000,0.000,1,0.000,0.000,0.000,10,0.000,0.000,0.000,0.000,1.50,0.58,0.044,-0.020,0.959,-0.053,-0.076,-0.107
1744992789.91,-1,0.000,0.000,0.000,1,0.000,0.000,0.000,10,0.000,0.000,0.000,0.000,1.50,0.57,0.044,-0.020,0.959,-0.053,-0.076,-0.107
1744992789.92,-1,0.000,0.000,0.000,1,0.000,0.000,0.000,10,0.000,0.000,0.000,0.000,1.50,0.57,0.042,-0.015,0.980,-0.205,0.198,-0.046
1744992789.92,-1,0.000,0.000,0.000,1,0.000,0.000,0.000,10,0.000,0.000,0.000,0.000,1.50,0.57,0.042,-0.015,0.980,-0.205,0.198,-0.046
1744992789.93,-1,0.000,0.000,0.000,1,0.000,0.000,0.000,10,0.000,0.000,0.000,0.000,1.50,0.57,0.039,-0.016,0.974,0.130,0.168,-0.076
1744992789.93,-1,0.000,0.000,0.000,1,0.000,0.000,0.000,10,0.000,0.000,0.000,0.000,1.50,0.57,0.038,-0.023,0.963,0.252,-0.076,-0.076
1744992789.94,-1,0.000,0.000,0.000,1,0.000,0.000,0.000,10,0.000,0.000,0.000,0.000,1.50,0.56,0.038,-0.023,0.963,0.252,-0.076,-0.076
1744992789.94,-1,0.000,0.000,0.000,1,0.000,0.000,0.000,10,0.000,0.000,0.000,0.000,1.50,0.56,0.039,-0.020,0.962,-0.144,0.107,-0.259
1744992789.95,-1,0.000,0.000,0.000,1,0.000,0.000,0.000,10,0.000,0.000,0.000,0.000,1.50,0.56,0.039,-0.020,0.962,-0.144,0.107,-0.259
1744992789.96,-1,0.000,0.000,0.000,1,0.000,0.000,0.000,10,0.000,0.000,0.000,0.000,1.50,0.56,0.041,-0.019,0.972,0.069,0.412,-0.015
1744992789.96,-1,0.000,0.000,0.000,1,0.000,0.000,0.000,10,0.000,0.000,0.000,0.000,1.50,0.56,0.041,-0.021,0.973,-0.297,-0.076,0.351
1744992789.97,-1,0.000,0.000,0.000,1,0.000,0.000,0.000,10,0.000,0.000,0.000,0.000,1.50,0.56,0.041,-0.021,0.973,-0.297,-0.076,0.351
1744992789.97,-1,0.000,0.000,0.000,1,0.000,0.000,0.000,10,0.000,0.000,0.000,0.000,1.50,0.56,0.042,-0.023,0.970,-0.388,0.229,0.168
1744992789.98,-1,0.000,0.000,0.000,1,0.000,0.000,0.000,10,0.000,0.000,0.000,0.000,1.50,0.56,0.042,-0.023,0.970,-0.388,0.229,0.168
1744992790.00,-1,0.000,0.000,0.000,1,0.000,0.000,0.000,10,0.000,0.000,0.000,0.000,1.50,0.56,0.041,-0.020,0.962,-0.327,-0.107,0.046
1744992790.00,-1,0.000,0.000,0.000,1,0.000,0.000,0.000,10,0.000,0.000,0.000,0.000,1.50,0.56,0.042,-0.021,0.980,0.008,0.076,-0.107
1744992790.00,-1,0.000,0.000,0.000,1,0.000,0.000,0.000,10,0.000,0.000,0.000,0.000,1.50,0.57,0.042,-0.021,0.980,0.008,0.076,-0.107
1744992790.01,-1,0.000,0.000,0.000,1,0.000,0.000,0.000,10,0.000,0.000,0.000,0.000,1.50,0.57,0.045,-0.019,0.967,-0.022,0.076,0.137
1744992790.01,-1,0.000,0.000,0.000,1,0.000,0.000,0.000,10,0.000,0.000,0.000,0.000,1.50,0.57,0.045,-0.019,0.967,-0.022,0.076,0.137
1744992790.02,-1,0.000,0.000,0.000,1,0.000,0.000,0.000,10,0.000,0.000,0.000,0.000,1.50,0.57,0.042,-0.019,0.974,-0.266,0.107,-0.076
1744992790.02,-1,0.000,0.000,0.000,1,0.000,0.000,0.000,10,0.000,0.000,0.000,0.000,1.50,0.57,0.044,-0.025,0.964,-0.144,0.229,0.046
1744992790.04,-1,0.000,0.000,0.000,1,0.000,0.000,0.000,10,0.000,0.000,0.000,0.000,1.50,0.58,0.044,-0.025,0.964,-0.144,0.229,0.046
1744992790.04,-1,0.000,0.000,0.000,1,0.000,0.000,0.000,10,0.000,0.000,0.000,0.000,1.50,0.58,0.040,-0.021,0.960,0.069,0.137,-0.015
1744992790.04,-1,0.000,0.000,0.000,1,0.000,0.000,0.000,10,0.000,0.000,0.000,0.000,1.50,0.58,0.040,-0.021,0.960,0.069,0.137,-0.015
1744992790.05,-1,0.000,0.000,0.000,2,0.000,0.000,0.000,10,0.000,0.000,0.000,0.000,1.50,0.58,0.039,-0.021,0.968,-0.266,0.046,0.015
1744992790.05,-1,0.000,0.000,0.000,2,0.000,0.000,0.000,10,0.000,0.000,0.000,0.000,1.50,0.58,0.040,-0.018,0.966,-0.266,-0.046,-0.076
1744992790.06,-1,0.000,0.000,0.000,2,0.000,0.000,0.000,10,0.000,0.000,0.000,0.000,1.50,0.55,0.040,-0.018,0.966,-0.266,-0.046,-0.076
1744992790.07,-1,0.000,0.000,0.000,2,0.000,0.000,0.000,10,0.000,0.000,0.000,0.000,1.50,0.55,0.040,-0.017,0.966,-0.297,-0.107,-0.015
1744992790.07,-1,0.000,0.000,0.000,2,0.000,0.000,0.000,10,0.000,0.000,0.000,0.000,1.50,0.55,0.040,-0.017,0.966,-0.297,-0.107,-0.015
1744992790.09,-1,0.000,0.000,0.000,2,0.000,0.000,0.000,10,0.000,0.000,0.000,0.000,1.50,0.55,0.038,-0.023,0.973,-0.236,0.015,-0.076
1744992790.09,-1,0.000,0.000,0.000,2,0.000,0.000,0.000,10,0.000,0.000,0.000,0.000,1.50,0.55,0.038,-0.021,0.975,0.008,0.229,-0.229
1744992790.09,-1,0.000,0.000,0.000,2,0.000,0.000,0.000,10,0.000,0.000,0.000,0.000,1.50,0.61,0.038,-0.021,0.975,0.008,0.229,-0.229
1744992790.10,-1,0.000,0.000,0.000,2,0.000,0.000,0.000,10,0.000,0.000,0.000,0.000,1.50,0.61,0.042,-0.023,0.972,-0.114,0.137,-0.381
1744992790.10,-1,0.000,0.000,0.000,2,0.000,0.000,0.000,10,0.000,0.000,0.000,0.000,1.50,0.61,0.042,-0.023,0.972,-0.114,0.137,-0.381
1744992790.11,-1,0.000,0.000,0.000,2,0.000,0.000,0.000,10,0.000,0.000,0.000,0.000,1.50,0.61,0.042,-0.025,0.961,0.191,-0.076,0.107
1744992790.11,-1,0.000,0.000,0.000,2,0.000,0.000,0.000,10,0.000,0.000,0.000,0.000,1.50,0.61,0.037,-0.024,0.971,0.100,0.046,-0.259
1744992790.12,-1,0.000,0.000,0.000,2,0.000,0.000,0.000,10,0.000,0.000,0.000,0.000,1.50,0.62,0.037,-0.024,0.971,0.100,0.046,-0.259
1744992790.13,-1,0.000,0.000,0.000,2,0.000,0.000,0.000,10,0.000,0.000,0.000,0.000,1.50,0.62,0.048,-0.020,0.974,-0.144,-0.015,0.198
1744992790.13,-1,0.000,0.000,0.000,2,0.000,0.000,0.000,10,0.000,0.000,0.000,0.000,1.50,0.62,0.048,-0.020,0.974,-0.144,-0.015,0.198
1744992790.14,-1,0.000,0.000,0.000,2,0.000,0.000,0.000,10,0.000,0.000,0.000,0.000,1.50,0.62,0.040,-0.019,0.973,-0.053,0.015,-0.107
1744992790.15,-1,0.000,0.000,0.000,2,0.000,0.000,0.000,10,0.000,0.000,0.000,0.000,1.50,0.62,0.046,-0.016,0.967,0.130,0.076,-0.076
1744992790.15,-1,0.000,0.000,0.000,2,0.000,0.000,0.000,10,0.000,0.000,0.000,0.000,1.50,0.60,0.046,-0.016,0.967,0.130,0.076,-0.076
1744992790.15,-1,0.000,0.000,0.000,2,0.000,0.000,0.000,10,0.000,0.000,0.000,0.000,1.50,0.60,0.040,-0.019,0.972,-0.175,0.046,-0.198
# remark: % State change from -1 to 800
1744992790.16,-1,0.000,0.000,0.000,2,0.000,0.000,0.000,10,0.000,0.000,0.000,0.000,1.50,0.60,0.040,-0.019,0.972,-0.175,0.046,-0.198
1744992790.17,-1,0.000,0.000,0.000,2,0.000,0.000,0.000,10,0.000,0.000,0.000,0.000,1.50,0.60,0.041,-0.018,0.978,-0.022,-0.107,-0.076
1744992790.17,-1,0.000,0.000,0.000,2,0.000,0.000,0.000,10,0.000,0.000,0.000,0.000,1.50,0.60,0.045,-0.023,0.964,0.008,-0.046,-0.290
1744992790.18,-1,0.000,0.000,0.000,2,0.000,0.000,0.000,10,0.000,0.000,0.000,0.000,1.50,0.56,0.045,-0.023,0.964,0.008,-0.046,-0.290
1744992790.19,-1,0.000,0.000,0.000,2,0.000,0.000,0.000,10,0.000,0.000,0.000,0.000,1.50,0.56,0.043,-0.021,0.966,-0.114,0.107,-0.473
1744992790.19,-1,0.000,0.000,0.000,2,0.000,0.000,0.000,10,0.000,0.000,0.000,0.000,1.50,0.56,0.043,-0.021,0.966,-0.114,0.107,-0.473
1744992790.20,-1,0.000,0.000,0.000,2,0.000,0.000,0.000,10,0.000,0.000,0.000,0.000,1.50,0.56,0.040,-0.022,0.964,-0.144,0.351,0.107
1744992790.20,-1,0.000,0.000,0.000,2,0.000,0.000,0.000,10,0.000,0.000,0.000,0.000,1.50,0.56,0.042,-0.022,0.971,-0.053,0.198,0.046
1744992790.22,-1,0.000,0.000,0.000,2,0.000,0.000,0.000,10,0.000,0.000,0.000,0.000,1.50,0.58,0.042,-0.022,0.971,-0.053,0.198,0.046
1744992790.22,-1,0.000,0.000,0.000,2,0.000,0.000,0.000,10,0.000,0.000,0.000,0.000,1.50,0.58,0.040,-0.025,0.967,0.069,0.198,0.076
1744992790.22,-1,0.000,0.000,0.000,2,0.000,0.000,0.000,10,0.000,0.000,0.000,0.000,1.50,0.58,0.040,-0.025,0.967,0.069,0.198,0.076
1744992790.23,-1,0.000,0.000,0.000,2,0.000,0.000,0.000,10,0.000,0.000,0.000,0.000,1.50,0.58,0.041,-0.022,0.965,-0.358,-0.015,-0.198
1744992790.24,-1,0.000,0.000,0.000,2,0.000,0.000,0.000,10,0.000,0.000,0.000,0.000,1.50,0.58,0.047,-0.022,0.969,0.130,0.076,-0.259
# remark: robobot/cmd/ti/alive 2025-04-18 18:13:08.652491
1744992790.24,-1,0.000,0.000,0.000,2,0.000,0.000,0.000,10,0.000,0.000,0.000,0.000,1.50,0.59,0.047,-0.022,0.969,0.130,0.076,-0.259
1744992790.25,-1,0.000,0.000,0.000,2,0.000,0.000,0.000,10,0.000,0.000,0.000,0.000,1.50,0.59,0.044,-0.021,0.969,0.130,0.107,-0.198
1744992790.25,-1,0.000,0.000,0.000,2,0.000,0.000,0.000,10,0.000,0.000,0.000,0.000,1.50,0.59,0.044,-0.021,0.969,0.130,0.107,-0.198
# remark: robobot/cmd/T0/servo 1 -600 0
# remark: robobot/cmd/ti/rc 0.070 -2.443 1744992790.2630332
1744992790.26,-1,0.000,0.000,0.000,2,1.053,-2.443,0.000,11,0.000,0.000,0.000,0.000,1.50,0.59,0.044,-0.020,0.975,-0.175,0.290,0.015
1744992790.26,-1,0.000,0.000,0.000,2,1.053,-2.443,0.000,11,0.000,0.000,0.000,0.000,1.50,0.59,0.047,-0.025,0.966,-0.083,-0.046,-0.107
# remark: robobot/cmd/ti/rc 0.070 -4.000 1744992790.27598
1744992790.28,-1,0.000,0.000,0.000,2,1.053,-4.214,0.000,12,0.000,0.000,0.000,0.000,1.50,0.60,0.047,-0.025,0.966,-0.083,-0.046,-0.107
1744992790.28,-1,0.000,0.000,0.000,2,1.053,-4.214,0.000,12,0.000,0.000,0.000,0.000,1.50,0.60,0.042,-0.023,0.969,-0.022,0.443,0.015
# remark: robobot/cmd/ti/rc 0.070 -1.828 1744992790.286881
1744992790.29,-1,0.000,0.000,0.000,2,1.053,-1.828,0.000,13,0.000,0.000,0.000,0.000,1.50,0.60,0.042,-0.023,0.969,-0.022,0.443,0.015
# remark: robobot/cmd/ti/rc 0.070 -0.133 1744992790.287402
1744992790.29,-1,0.000,0.000,0.000,2,1.042,-0.133,0.000,14,0.000,0.000,0.000,0.000,1.50,0.60,0.043,-0.023,0.967,0.069,0.107,-0.076
1744992790.29,-1,0.000,0.000,0.000,2,1.042,-0.133,0.000,14,0.000,0.000,0.000,0.000,1.50,0.60,0.026,-0.022,0.923,-0.480,-0.504,0.137
# remark: robobot/cmd/ti/rc 0.070 -0.558 1744992790.297984
1744992790.30,-1,0.000,0.000,0.000,2,1.062,-0.558,0.000,15,0.000,0.000,0.000,0.000,1.50,0.56,0.026,-0.022,0.923,-0.480,-0.504,0.137
1744992790.30,-1,0.000,-0.000,-0.007,2,1.062,-0.558,0.000,15,0.000,-0.007,0.000,-0.007,1.50,0.56,0.017,-0.024,1.043,1.168,-2.670,-0.656
# remark: robobot/cmd/ti/rc 0.070 -0.932 1744992790.305357
1744992790.31,-1,0.000,-0.000,-0.007,2,1.070,-0.932,0.074,16,0.000,-0.007,0.000,-0.007,1.50,0.56,0.017,-0.024,1.043,1.168,-2.670,-0.656
# remark: robobot/cmd/ti/rc 0.070 -0.504 1744992790.3173702
1744992790.32,-1,0.001,-0.000,-0.025,2,1.069,-0.504,0.074,17,0.000,-0.025,0.000,-0.025,1.50,0.56,0.070,-0.043,0.868,-2.220,0.748,-1.266
1744992790.32,-1,0.001,-0.000,-0.032,2,1.069,-0.504,0.074,17,0.000,-0.032,0.000,-0.032,1.50,0.56,0.117,0.357,0.696,-1.396,-10.025,-15.121
# remark: robobot/cmd/ti/rc 0.070 -0.236 1744992790.328415
1744992790.33,-1,0.001,-0.000,-0.037,2,1.061,-0.236,1.448,18,0.001,-0.037,0.001,-0.037,1.50,0.55,0.117,0.357,0.696,-1.396,-10.025,-15.121
1744992790.33,-1,0.002,-0.000,-0.041,2,1.061,-0.236,1.448,18,0.001,-0.041,0.001,-0.041,1.50,0.55,0.201,0.361,1.113,1.656,4.379,-31.326
# remark: robobot/cmd/ti/rc 0.070 -0.130 1744992790.341015
1744992790.34,-1,0.002,-0.000,-0.041,2,1.055,-0.130,1.117,19,0.001,-0.041,0.001,-0.041,1.50,0.55,0.201,0.361,1.113,1.656,4.379,-31.326
# remark: robobot/cmd/ti/rc 0.070 -0.238 1744992790.348814
1744992790.35,-1,0.002,-0.000,-0.042,2,1.052,-0.238,1.117,20,0.001,-0.042,0.001,-0.042,1.50,0.55,-0.133,-0.076,0.583,-5.699,3.311,-33.188
1744992790.35,-1,0.002,-0.000,-0.042,2,1.052,-0.238,1.117,20,0.001,-0.042,0.001,-0.042,1.50,0.55,-0.023,-0.029,0.922,-2.128,1.541,-28.915
# remark: robobot/cmd/ti/rc 0.070 -0.280 1744992790.357856
1744992790.36,-1,0.002,-0.000,-0.043,2,1.048,-0.280,0.487,20,0.002,-0.043,0.002,-0.043,1.50,0.55,-0.023,-0.029,0.922,-2.128,1.541,-28.915
1744992790.37,-1,0.003,-0.000,-0.045,2,1.048,-0.280,0.487,20,0.002,-0.045,0.002,-0.045,1.50,0.55,0.102,0.011,1.110,0.161,0.015,-26.291
# remark: robobot/cmd/ti/rc 0.070 -0.223 1744992790.369316
1744992790.37,-1,0.003,-0.000,-0.045,2,1.043,-0.223,0.287,20,0.002,-0.045,0.002,-0.045,1.50,0.55,0.102,0.011,1.110,0.161,0.015,-26.291
# remark: robobot/cmd/ti/rc 0.070 -0.227 1744992790.375338
1744992790.38,-1,0.003,-0.000,-0.047,2,1.038,-0.227,0.287,20,0.002,-0.047,0.002,-0.047,1.50,0.55,0.084,-0.152,1.034,-1.640,-1.633,-22.507
1744992790.39,-1,0.003,-0.000,-0.049,2,1.038,-0.227,0.287,20,0.002,-0.049,0.002,-0.049,1.50,0.55,0.156,-0.049,0.904,-1.273,0.107,-19.730
# remark: robobot/cmd/ti/rc 0.070 -0.330 1744992790.3932002
1744992790.39,-1,0.003,-0.000,-0.050,2,1.039,-0.330,0.270,20,0.002,-0.050,0.002,-0.050,1.50,0.67,0.156,-0.049,0.904,-1.273,0.107,-19.730
1744992790.39,-1,0.003,-0.000,-0.053,2,1.039,-0.330,0.270,20,0.002,-0.053,0.002,-0.053,1.50,0.67,0.236,-0.043,0.955,0.344,1.999,-17.685
# remark: robobot/cmd/ti/rc 0.070 -0.366 1744992790.401023
1744992790.40,-1,0.003,-0.000,-0.053,2,1.036,-0.366,0.309,20,0.003,-0.053,0.003,-0.053,1.50,0.67,0.236,-0.043,0.955,0.344,1.999,-17.685
# remark: robobot/cmd/ti/rc 0.070 -0.326 1744992790.408345
1744992790.41,-1,0.004,-0.000,-0.054,2,1.035,-0.326,0.309,20,0.003,-0.054,0.003,-0.054,1.50,0.67,0.253,0.018,1.388,-0.846,8.774,-21.439
1744992790.41,-1,0.004,-0.000,-0.056,2,1.035,-0.326,0.309,20,0.003,-0.056,0.003,-0.056,1.50,0.67,0.208,-0.178,0.733,-1.792,19.089,-19.241
# remark: robobot/cmd/ti/rc 0.070 -0.345 1744992790.43177
1744992790.43,-1,0.004,-0.000,-0.058,2,1.032,-0.345,0.296,20,0.003,-0.058,0.003,-0.058,1.50,0.79,0.208,-0.178,0.733,-1.792,19.089,-19.241
1744992790.43,-1,0.005,-0.000,-0.062,2,1.032,-0.345,0.296,20,0.003,-0.062,0.003,-0.062,1.50,0.79,0.196,0.105,0.809,2.907,-12.924,-18.021
# remark: robobot/cmd/ti/rc 0.070 -0.344 1744992790.4330418
1744992790.43,-1,0.005,-0.000,-0.062,2,1.031,-0.344,0.361,20,0.003,-0.062,0.003,-0.062,1.50,0.79,0.196,0.105,0.809,2.907,-12.924,-18.021
# remark: robobot/cmd/ti/rc 0.070 -0.315 1744992790.444694
1744992790.45,-1,0.005,-0.000,-0.066,2,1.027,-0.315,0.361,20,0.003,-0.066,0.003,-0.066,1.50,0.79,0.071,-0.157,1.029,3.884,-25.375,-22.751
1744992790.45,-1,0.006,-0.000,-0.067,2,1.027,-0.315,0.361,20,0.003,-0.067,0.003,-0.067,1.50,0.79,0.100,-0.043,1.373,-2.952,4.501,-24.399
# remark: robobot/cmd/ti/rc 0.070 -0.273 1744992790.4595861
1744992790.46,-1,0.006,-0.000,-0.067,2,1.024,-0.273,0.522,20,0.004,-0.067,0.004,-0.067,1.50,0.82,0.100,-0.043,1.373,-2.952,4.501,-24.399
1744992790.46,-1,0.007,-0.000,-0.069,2,1.024,-0.273,0.522,20,0.004,-0.069,0.004,-0.069,1.50,0.82,0.213,0.004,0.384,-2.006,11.063,-28.366
# remark: robobot/cmd/ti/rc 0.070 -0.337 1744992790.460763
1744992790.46,-1,0.007,-0.000,-0.069,2,1.022,-0.337,0.365,20,0.006,-0.069,0.006,-0.069,1.50,0.82,0.213,0.004,0.384,-2.006,11.063,-28.366
# remark: robobot/cmd/ti/rc 0.070 -0.292 1744992790.474275
1744992790.47,-1,0.007,-0.000,-0.074,2,1.017,-0.292,0.365,20,0.006,-0.074,0.006,-0.074,1.50,0.82,0.014,-0.037,1.253,0.344,-3.403,-29.953
1744992790.48,-1,0.008,-0.000,-0.075,2,1.017,-0.292,0.365,20,0.006,-0.075,0.006,-0.075,1.50,0.82,-0.085,-0.048,1.175,-4.173,4.959,-23.483
# remark: robobot/cmd/ti/rc 0.070 -0.212 1744992790.480845
1744992790.48,-1,0.008,-0.000,-0.077,2,1.011,-0.212,0.222,20,0.006,-0.077,0.006,-0.077,1.50,1.01,-0.085,-0.048,1.175,-4.173,4.959,-23.483
1744992790.49,-1,0.009,-0.000,-0.081,2,1.011,-0.212,0.222,20,0.006,-0.081,0.006,-0.081,1.50,1.01,0.074,0.035,0.802,3.884,-3.677,-27.725
# remark: robobot/cmd/ti/rc 0.070 -0.241 1744992790.487472
1744992790.49,-1,0.009,-0.000,-0.081,2,1.007,-0.241,0.330,20,0.008,-0.081,0.008,-0.081,1.50,1.01,0.074,0.035,0.802,3.884,-3.677,-27.725
# remark: robobot/cmd/ti/rc 0.070 -0.270 1744992790.499027
1744992790.50,-1,0.010,-0.001,-0.084,2,1.002,-0.270,0.330,20,0.008,-0.084,0.008,-0.084,1.50,1.01,0.087,0.021,0.779,-0.724,-4.990,-28.397
1744992790.50,-1,0.010,-0.001,-0.086,2,1.002,-0.270,0.330,20,0.008,-0.086,0.008,-0.086,1.50,1.01,0.071,-0.011,0.947,-3.410,7.767,-28.915
# remark: robobot/cmd/ti/rc 0.070 -0.277 1744992790.5057821
1744992790.51,-1,0.010,-0.001,-0.088,2,0.999,-0.277,0.404,20,0.009,-0.088,0.009,-0.088,1.50,1.22,0.071,-0.011,0.947,-3.410,7.767,-28.915
1744992790.51,-1,0.011,-0.001,-0.092,2,0.999,-0.277,0.404,20,0.009,-0.092,0.009,-0.092,1.50,1.22,0.093,0.093,1.098,-0.694,1.877,-29.221
# remark: robobot/cmd/ti/rc 0.070 -0.290 1744992790.516605
1744992790.52,-1,0.011,-0.001,-0.092,2,0.995,-0.290,0.343,20,0.010,-0.092,0.010,-0.092,1.50,1.22,0.093,0.093,1.098,-0.694,1.877,-29.221
# remark: robobot/cmd/ti/rc 0.070 -0.279 1744992790.542511
1744992790.54,-1,0.012,-0.001,-0.097,2,0.992,-0.279,0.343,20,0.010,-0.097,0.010,-0.097,1.50,1.22,-0.027,-0.043,1.086,0.954,0.931,-28.000
1744992790.54,-1,0.012,-0.001,-0.098,2,0.992,-0.279,0.343,20,0.010,-0.098,0.010,-0.098,1.50,1.22,0.183,0.091,0.938,1.229,-2.060,-35.477
# remark: robobot/cmd/ti/rc 0.070 -0.281 1744992790.543704
1744992790.54,-1,0.012,-0.001,-0.102,2,0.987,-0.281,0.378,20,0.011,-0.102,0.011,-0.102,1.50,1.30,0.183,0.091,0.938,1.229,-2.060,-35.477
1744992790.54,-1,0.013,-0.001,-0.108,2,0.987,-0.281,0.378,20,0.011,-0.108,0.011,-0.108,1.50,1.30,-0.027,-0.072,0.826,-4.905,1.236,-34.592
# remark: robobot/cmd/ti/rc 0.070 -0.261 1744992790.546137
1744992790.55,-1,0.013,-0.001,-0.108,2,0.983,-0.261,0.430,20,0.012,-0.108,0.012,-0.108,1.50,1.30,-0.027,-0.072,0.826,-4.905,1.236,-34.592
# remark: robobot/cmd/ti/rc 0.070 -0.290 1744992790.55904
1744992790.56,-1,0.014,-0.001,-0.113,2,0.979,-0.290,0.430,20,0.012,-0.113,0.012,-0.113,1.50,1.30,0.065,0.021,1.047,-0.236,-2.792,-36.270
1744992790.56,-1,0.014,-0.001,-0.116,2,0.979,-0.290,0.430,20,0.012,-0.116,0.012,-0.116,1.50,1.30,-0.018,-0.078,1.079,0.954,-1.816,-38.864
# remark: robobot/cmd/ti/rc 0.070 -0.263 1744992790.565281
1744992790.57,-1,0.014,-0.001,-0.119,2,0.973,-0.263,0.470,20,0.013,-0.119,0.013,-0.119,1.50,1.50,-0.018,-0.078,1.079,0.954,-1.816,-38.864
1744992790.57,-1,0.015,-0.001,-0.123,2,0.973,-0.263,0.470,20,0.013,-0.123,0.013,-0.123,1.50,1.50,0.055,0.024,0.895,-4.997,1.877,-39.383
# remark: robobot/cmd/ti/rc 0.070 -0.224 1744992790.575062
1744992790.58,-1,0.015,-0.001,-0.123,2,0.968,-0.224,0.470,20,0.014,-0.123,0.014,-0.123,1.50,1.50,0.055,0.024,0.895,-4.997,1.877,-39.383
# remark: robobot/cmd/ti/rc 0.070 -0.244 1744992790.5843232
1744992790.58,-1,0.016,-0.001,-0.128,2,0.963,-0.244,0.470,20,0.014,-0.128,0.014,-0.128,1.50,1.50,-0.002,0.012,0.847,-1.090,-1.053,-40.573
1744992790.60,-1,0.016,-0.001,-0.130,2,0.963,-0.244,0.470,20,0.014,-0.130,0.014,-0.130,1.50,1.50,0.001,-0.019,1.050,-0.846,1.541,-40.939
# remark: robobot/cmd/ti/rc 0.070 -0.235 1744992790.5960069
1744992790.60,-1,0.016,-0.001,-0.131,2,0.957,-0.235,0.478,20,0.015,-0.131,0.015,-0.131,1.50,1.50,0.001,-0.019,1.050,-0.846,1.541,-40.939
1744992790.60,-1,0.017,-0.001,-0.132,2,0.957,-0.235,0.478,20,0.015,-0.132,0.015,-0.132,1.50,1.50,0.066,0.044,1.015,-3.837,1.999,-43.075
# remark: robobot/cmd/ti/rc 0.070 -0.212 1744992790.62121
1744992790.62,-1,0.017,-0.001,-0.132,2,0.951,-0.212,0.426,20,0.016,-0.132,0.016,-0.132,1.50,1.50,0.066,0.044,1.015,-3.837,1.999,-43.075
# remark: robobot/cmd/ti/rc 0.070 -0.226 1744992790.6221828
1744992790.62,-1,0.018,-0.002,-0.137,2,0.946,-0.226,0.426,20,0.016,-0.137,0.016,-0.137,1.50,1.50,0.132,-0.196,0.646,-3.990,-6.363,-38.986
1744992790.62,-1,0.018,-0.002,-0.138,2,0.946,-0.226,0.426,20,0.016,-0.138,0.016,-0.138,1.50,1.50,0.065,-0.061,1.189,-2.097,0.839,-34.866
# remark: robobot/cmd/ti/rc 0.070 -0.215 1744992790.637738
1744992790.64,-1,0.019,-0.002,-0.141,2,0.939,-0.215,0.309,20,0.017,-0.141,0.017,-0.141,1.50,1.50,0.065,-0.061,1.189,-2.097,0.839,-34.866
1744992790.64,-1,0.019,-0.002,-0.146,2,0.939,-0.215,0.309,20,0.017,-0.146,0.017,-0.146,1.50,1.50,0.043,-0.044,0.839,-2.342,7.034,-34.195
# remark: robobot/cmd/ti/rc 0.070 -0.171 1744992790.639147
1744992790.64,-1,0.019,-0.002,-0.146,2,0.932,-0.171,0.300,20,0.019,-0.146,0.019,-0.146,1.50,1.50,0.043,-0.044,0.839,-2.342,7.034,-34.195
# remark: robobot/cmd/ti/rc 0.070 -0.201 1744992790.6471019
1744992790.65,-1,0.020,-0.002,-0.150,3,0.926,-0.201,0.300,20,0.019,-0.150,0.019,-0.150,1.50,1.50,0.018,-0.035,0.818,-1.518,-2.914,-34.866
1744992790.65,-1,0.020,-0.002,-0.151,3,0.926,-0.201,0.300,20,0.019,-0.151,0.019,-0.151,1.50,1.50,0.020,-0.101,1.179,-2.891,1.816,-34.134
# remark: robobot/cmd/ti/rc 0.070 -0.185 1744992790.663645
1744992790.66,-1,0.021,-0.002,-0.154,3,0.918,-0.185,0.374,20,0.020,-0.154,0.020,-0.154,1.50,1.50,0.020,-0.101,1.179,-2.891,1.816,-34.134
1744992790.66,-1,0.021,-0.002,-0.157,3,0.918,-0.185,0.374,20,0.020,-0.157,0.020,-0.157,1.50,1.50,0.080,-0.079,0.913,-1.884,4.044,-31.326
# remark: robobot/cmd/ti/rc 0.070 -0.194 1744992790.673068
1744992790.67,-1,0.021,-0.002,-0.157,3,0.913,-0.194,0.391,20,0.021,-0.157,0.021,-0.157,1.50,1.50,0.080,-0.079,0.913,-1.884,4.044,-31.326
# remark: robobot/cmd/ti/rc 0.070 -0.183 1744992790.6935942
1744992790.69,-1,0.022,-0.002,-0.160,3,0.904,-0.183,0.391,20,0.021,-0.160,0.021,-0.160,1.50,1.50,0.049,-0.079,0.833,-2.128,-1.816,-28.702
1744992790.69,-1,0.022,-0.002,-0.162,3,0.904,-0.183,0.391,20,0.021,-0.162,0.021,-0.162,1.50,1.50,0.071,-0.117,1.083,-3.227,-0.748,-24.918
# remark: robobot/cmd/ti/rc 0.070 -0.160 1744992790.694804
1744992790.69,-1,0.023,-0.002,-0.163,3,0.898,-0.160,0.400,20,0.022,-0.163,0.022,-0.163,1.50,1.50,0.071,-0.117,1.083,-3.227,-0.748,-24.918
1744992790.71,-1,0.023,-0.002,-0.167,3,0.898,-0.160,0.400,20,0.022,-0.167,0.022,-0.167,1.50,1.50,0.052,-0.044,1.077,-1.548,4.288,-22.720
# remark: robobot/cmd/ti/rc 0.070 -0.191 1744992790.7116108
1744992790.71,-1,0.023,-0.002,-0.167,3,0.891,-0.191,0.352,20,0.023,-0.167,0.023,-0.167,1.50,1.50,0.052,-0.044,1.077,-1.548,4.288,-22.720
# remark: robobot/cmd/ti/rc 0.070 -0.203 1744992790.712459
1744992790.71,-1,0.024,-0.002,-0.169,3,0.886,-0.203,0.352,20,0.023,-0.169,0.023,-0.169,1.50,1.50,-0.009,-0.036,0.851,-1.792,1.266,-23.453
1744992790.71,-1,0.024,-0.002,-0.169,3,0.886,-0.203,0.352,20,0.023,-0.169,0.023,-0.169,1.50,1.50,0.036,-0.064,0.923,-3.288,-0.473,-22.934
# remark: robobot/cmd/ti/rc 0.070 -0.207 1744992790.716362
1744992790.72,-1,0.025,-0.003,-0.170,3,0.878,-0.207,0.248,20,0.024,-0.170,0.024,-0.170,1.50,1.50,0.036,-0.064,0.923,-3.288,-0.473,-22.934
1744992790.72,-1,0.026,-0.003,-0.172,3,0.878,-0.207,0.248,20,0.024,-0.172,0.024,-0.172,1.50,1.50,0.066,-0.117,1.067,-1.243,0.656,-19.089
# remark: robobot/cmd/ti/rc 0.070 -0.193 1744992790.727823
1744992790.73,-1,0.026,-0.003,-0.172,3,0.873,-0.193,0.213,20,0.025,-0.172,0.025,-0.172,1.50,1.50,0.066,-0.117,1.067,-1.243,0.656,-19.089
# remark: % State change from 800 to 801
# remark: robobot/cmd/ti/rc 0.070 -0.258 1744992790.7640882
1744992790.76,-1,0.026,-0.003,-0.175,3,0.868,-0.258,0.213,20,0.025,-0.175,0.025,-0.175,1.50,1.50,0.047,-0.040,1.073,0.008,3.403,-16.983
1744992790.76,-1,0.026,-0.003,-0.176,3,0.868,-0.258,0.213,20,0.025,-0.176,0.025,-0.176,1.50,1.50,-0.012,-0.031,0.826,-2.097,0.504,-17.685
# remark: robobot/cmd/ti/rc 0.070 -0.210 1744992790.765079
1744992790.77,-1,0.027,-0.003,-0.176,3,0.860,-0.210,0.209,20,0.026,-0.176,0.026,-0.176,1.50,1.50,-0.012,-0.031,0.826,-2.097,0.504,-17.685
1744992790.77,-1,0.028,-0.003,-0.178,3,0.860,-0.210,0.209,20,0.026,-0.178,0.026,-0.178,1.50,1.50,0.053,-0.044,0.948,-1.426,-2.762,-18.478
# remark: robobot/cmd/ti/rc 0.070 -0.177 1744992790.769153
1744992790.77,-1,0.028,-0.003,-0.178,3,0.854,-0.177,0.183,20,0.027,-0.178,0.027,-0.178,1.50,1.50,0.053,-0.044,0.948,-1.426,-2.762,-18.478
# remark: robobot/cmd/ti/rc 0.070 -0.187 1744992790.76981
1744992790.77,-1,0.028,-0.003,-0.182,3,0.846,-0.187,0.183,20,0.027,-0.182,0.027,-0.182,1.50,1.50,0.075,-0.098,1.058,-0.907,0.931,-14.084
1744992790.77,-1,0.029,-0.003,-0.182,3,0.846,-0.187,0.183,20,0.027,-0.182,0.027,-0.182,1.50,1.50,0.003,0.016,0.973,-0.938,5.814,-14.755
# remark: robobot/cmd/ti/alive 2025-04-18 18:13:08.652491
# remark: robobot/cmd/ti/rc 0.070 -0.179 1744992790.7839968
1744992790.78,-1,0.029,-0.003,-0.184,3,0.840,-0.179,0.191,20,0.028,-0.184,0.028,-0.184,1.50,1.50,0.003,0.016,0.973,-0.938,5.814,-14.755
1744992790.78,-1,0.030,-0.003,-0.185,3,0.840,-0.179,0.191,20,0.028,-0.185,0.028,-0.185,1.50,1.50,0.019,0.018,0.838,-1.182,-1.816,-16.373
# remark: robobot/cmd/ti/rc 0.070 -0.223 1744992790.79279
1744992790.79,-1,0.030,-0.003,-0.185,3,0.834,-0.223,0.243,20,0.029,-0.185,0.029,-0.185,1.50,1.50,0.019,0.018,0.838,-1.182,-1.816,-16.373
# remark: robobot/cmd/ti/rc 0.070 -0.187 1744992790.7979789
1744992790.80,-1,0.031,-0.004,-0.186,3,0.827,-0.187,0.243,20,0.029,-0.186,0.029,-0.186,1.50,1.50,0.013,0.012,1.084,0.100,-2.457,-18.478
1744992790.80,-1,0.031,-0.004,-0.187,3,0.827,-0.187,0.243,20,0.029,-0.187,0.029,-0.187,1.50,1.50,0.051,-0.070,1.000,-1.121,1.541,-16.251
# remark: robobot/cmd/ti/rc 0.070 -0.124 1744992790.808897
1744992790.81,-1,0.031,-0.004,-0.189,3,0.818,-0.124,0.161,20,0.030,-0.189,0.030,-0.189,1.50,1.50,0.051,-0.070,1.000,-1.121,1.541,-16.251
1744992790.81,-1,0.032,-0.004,-0.190,3,0.818,-0.124,0.161,20,0.030,-0.190,0.030,-0.190,1.50,1.50,-0.013,0.036,0.946,-0.968,1.541,-18.814
# remark: robobot/cmd/ti/rc 0.070 -0.153 1744992790.814708
1744992790.82,-1,0.032,-0.004,-0.190,3,0.811,-0.153,0.143,20,0.032,-0.190,0.032,-0.190,1.50,1.50,-0.013,0.036,0.946,-0.968,1.541,-18.814
# remark: robobot/cmd/ti/rc 0.070 -0.215 1744992790.828248
1744992790.83,-1,0.033,-0.004,-0.192,3,0.805,-0.215,0.143,20,0.032,-0.192,0.032,-0.192,1.50,1.50,0.016,-0.026,0.900,-0.999,-2.670,-17.929
1744992790.83,-1,0.033,-0.004,-0.192,3,0.805,-0.215,0.143,20,0.032,-0.192,0.032,-0.192,1.50,1.50,0.093,-0.070,1.081,-0.114,-1.114,-16.006
# remark: robobot/cmd/ti/rc 0.070 -0.178 1744992790.836092
1744992790.84,-1,0.033,-0.004,-0.194,3,0.797,-0.178,0.170,20,0.033,-0.194,0.033,-0.194,1.50,1.50,0.093,-0.070,1.081,-0.114,-1.114,-16.006
1744992790.84,-1,0.034,-0.004,-0.197,3,0.797,-0.178,0.170,20,0.033,-0.197,0.033,-0.197,1.50,1.50,0.007,-0.005,1.040,-2.067,6.912,-14.877
# remark: robobot/cmd/ti/rc 0.070 -0.176 1744992790.848125
1744992790.85,-1,0.034,-0.004,-0.197,3,0.791,-0.176,0.187,20,0.034,-0.197,0.034,-0.197,1.50,1.50,0.007,-0.005,1.040,-2.067,6.912,-14.877
# remark: robobot/cmd/ti/rc 0.070 -0.195 1744992790.8587048
1744992790.86,-1,0.035,-0.004,-0.198,3,0.784,-0.195,0.187,20,0.034,-0.198,0.034,-0.198,1.50,1.50,0.019,-0.010,0.779,-0.297,-1.053,-17.410
1744992790.86,-1,0.035,-0.004,-0.199,3,0.784,-0.195,0.187,20,0.034,-0.199,0.034,-0.199,1.50,1.50,0.015,-0.033,1.022,-0.327,-5.386,-18.967
# remark: robobot/cmd/ti/rc 0.070 -0.178 1744992790.867052
1744992790.87,-1,0.035,-0.005,-0.200,3,0.778,-0.178,0.230,20,0.035,-0.200,0.035,-0.200,1.50,1.50,0.015,-0.033,1.022,-0.327,-5.386,-18.967
1744992790.87,-1,0.036,-0.005,-0.203,3,0.778,-0.178,0.230,20,0.035,-0.203,0.035,-0.203,1.50,1.50,0.079,-0.088,1.103,-1.243,1.785,-16.586
# remark: robobot/cmd/ti/rc 0.070 -0.194 1744992790.8806798
1744992790.88,-1,0.036,-0.005,-0.203,3,0.771,-0.194,0.230,20,0.036,-0.203,0.036,-0.203,1.50,1.50,0.079,-0.088,1.103,-1.243,1.785,-16.586
# remark: robobot/cmd/ti/rc 0.070 1.854 1744992790.894217
1744992790.89,-1,0.037,-0.005,-0.206,3,0.344,1.854,0.230,20,0.036,-0.206,0.036,-0.206,1.50,1.50,0.010,-0.002,0.935,0.863,2.060,-17.013
1744992790.89,-1,0.037,-0.005,-0.207,3,0.344,1.854,0.230,20,0.036,-0.207,0.036,-0.207,1.50,1.50,0.008,0.018,0.860,-0.327,-1.358,-18.295
# remark: robobot/cmd/ti/rc 0.070 2.707 1744992790.903502
1744992790.90,-1,0.037,-0.005,-0.207,3,0.328,2.707,0.209,20,0.037,-0.207,0.037,-0.207,1.50,1.50,0.008,0.018,0.860,-0.327,-1.358,-18.295
1744992790.90,-1,0.038,-0.005,-0.209,3,0.328,2.707,0.209,20,0.037,-0.209,0.037,-0.209,1.50,1.50,0.037,-0.069,1.004,-1.762,-1.694,-18.661
# remark: robobot/cmd/ti/rc 0.070 0.846 1744992790.9102578
1744992790.91,-1,0.038,-0.005,-0.209,3,0.308,0.846,0.187,20,0.038,-0.209,0.038,-0.209,1.50,1.50,0.037,-0.069,1.004,-1.762,-1.694,-18.661
# remark: robobot/cmd/ti/rc 0.070 -0.097 1744992790.917396
1744992790.92,-1,0.039,-0.005,-0.210,3,0.319,-0.097,0.187,20,0.038,-0.210,0.038,-0.210,1.50,1.50,0.086,-0.095,1.108,-0.480,1.083,-14.053
1744992790.92,-1,0.039,-0.005,-0.213,3,0.319,-0.097,0.187,20,0.038,-0.213,0.038,-0.213,1.50,1.50,0.021,0.002,0.992,0.985,3.494,-13.107
# remark: robobot/cmd/ti/rc 0.070 -0.502 1744992790.925517
1744992790.93,-1,0.039,-0.005,-0.213,3,0.319,-0.502,0.161,20,0.039,-0.213,0.039,-0.213,1.50,1.50,0.021,0.002,0.992,0.985,3.494,-13.107
1744992790.93,-1,0.040,-0.005,-0.201,3,0.319,-0.502,0.161,20,0.039,-0.201,0.039,-0.201,1.50,1.50,0.021,0.033,0.723,-1.029,-1.572,-14.816
# remark: robobot/cmd/ti/rc 0.070 -0.088 1744992790.9390562
1744992790.94,-1,0.040,-0.005,-0.201,3,0.310,-0.088,-0.309,20,0.040,-0.201,0.040,-0.201,1.50,1.50,0.021,0.033,0.723,-1.029,-1.572,-14.816
# remark: robobot/cmd/ti/rc 0.070 0.077 1744992790.9451678
1744992790.95,-1,0.040,-0.006,-0.191,3,0.300,0.077,-0.309,20,0.040,-0.191,0.040,-0.191,1.50,1.50,-0.190,-0.307,1.129,-2.952,-3.525,-4.745
1744992790.96,-1,0.041,-0.006,-0.191,3,0.300,0.077,-0.309,20,0.040,-0.191,0.040,-0.191,1.50,1.50,-0.154,-0.428,1.003,7.424,13.382,17.838
# remark: robobot/cmd/ti/rc 0.070 -0.011 1744992790.96485
1744992790.97,-1,0.041,-0.006,-0.192,3,0.296,-0.011,-0.943,20,0.041,-0.192,0.041,-0.192,1.50,1.50,-0.154,-0.428,1.003,7.424,13.382,17.838
1744992790.97,-1,0.042,-0.006,-0.194,3,0.296,-0.011,-0.943,20,0.041,-0.194,0.041,-0.194,1.50,1.50,0.122,-0.062,0.622,-10.978,-6.088,22.690
# remark: robobot/cmd/ti/rc 0.070 -0.090 1744992790.966175
1744992790.97,-1,0.042,-0.006,-0.194,3,0.289,-0.090,-0.022,20,0.042,-0.194,0.042,-0.194,1.50,1.50,0.122,-0.062,0.622,-10.978,-6.088,22.690
# remark: robobot/cmd/ti/rc 0.070 -0.082 1744992790.975185
1744992790.98,-1,0.043,-0.006,-0.197,3,0.286,-0.082,-0.022,20,0.042,-0.197,0.042,-0.197,1.50,1.50,-0.011,-0.018,1.395,-1.823,3.159,18.997
1744992790.99,-1,0.044,-0.006,-0.197,3,0.286,-0.082,-0.022,20,0.042,-0.197,0.042,-0.197,1.50,1.50,0.131,0.088,1.123,10.110,7.095,10.391
# remark: robobot/cmd/ti/rc 0.070 -0.054 1744992790.990218
1744992790.99,-1,0.044,-0.006,-0.195,3,0.277,-0.054,0.226,20,0.043,-0.195,0.043,-0.195,1.50,1.50,0.131,0.088,1.123,10.110,7.095,10.391
1744992791.00,-1,0.045,-0.006,-0.193,3,0.277,-0.054,0.226,20,0.043,-0.193,0.043,-0.193,1.50,1.50,0.154,0.013,0.458,-5.180,-7.248,5.173
# remark: robobot/cmd/ti/rc 0.070 -0.045 1744992791.001838
1744992791.00,-1,0.045,-0.006,-0.193,3,0.274,-0.045,-0.100,20,0.045,-0.193,0.045,-0.193,1.50,1.50,0.154,0.013,0.458,-5.180,-7.248,5.173
# remark: robobot/cmd/ti/rc 0.070 -0.076 1744992791.007424
1744992791.01,-1,0.045,-0.007,-0.191,3,0.266,-0.076,-0.100,20,0.045,-0.191,0.045,-0.191,1.50,1.50,0.048,-0.002,1.195,0.405,-0.687,5.753
1744992791.01,-1,0.045,-0.007,-0.190,3,0.266,-0.076,-0.100,20,0.045,-0.190,0.045,-0.190,1.50,1.50,0.030,0.088,0.982,7.668,8.194,7.675
# remark: robobot/cmd/ti/rc 0.070 0.000 1744992791.020726
1744992791.02,-1,0.046,-0.007,-0.189,3,0.259,0.000,-0.135,20,0.046,-0.189,0.046,-0.189,1.50,1.50,0.030,0.088,0.982,7.668,8.194,7.675
1744992791.03,-1,0.046,-0.007,-0.186,3,0.259,0.000,-0.135,20,0.046,-0.186,0.046,-0.186,1.50,1.50,-0.007,0.095,0.725,-2.403,-1.572,3.769
# remark: robobot/cmd/ti/rc 0.070 0.018 1744992791.03173
1744992791.03,-1,0.046,-0.007,-0.186,3,0.251,0.018,-0.109,20,0.047,-0.186,0.047,-0.186,1.50,1.50,-0.007,0.095,0.725,-2.403,-1.572,3.769
# remark: robobot/cmd/ti/rc 0.070 0.088 1744992791.040684
1744992791.04,-1,0.047,-0.007,-0.184,3,0.241,0.088,-0.109,20,0.047,-0.184,0.047,-0.184,1.50,1.50,-0.107,0.079,1.140,-2.982,-1.663,6.485
1744992791.04,-1,0.047,-0.007,-0.184,3,0.241,0.088,-0.109,20,0.047,-0.184,0.047,-0.184,1.50,1.50,0.096,0.073,0.950,4.983,2.792,8.804
# remark: robobot/cmd/ti/rc 0.070 0.038 1744992791.04754
1744992791.05,-1,0.048,-0.007,-0.184,3,0.234,0.038,-0.278,20,0.048,-0.184,0.048,-0.184,1.50,1.50,0.096,0.073,0.950,4.983,2.792,8.804
1744992791.06,-1,0.048,-0.007,-0.185,3,0.234,0.038,-0.278,20,0.048,-0.185,0.048,-0.185,1.50,1.50,0.070,0.006,0.823,-4.722,-2.090,8.560
# remark: robobot/cmd/ti/rc 0.070 -0.041 1744992791.0573068
1744992791.06,-1,0.048,-0.007,-0.185,3,0.228,-0.041,-0.078,20,0.049,-0.185,0.049,-0.185,1.50,1.50,0.070,0.006,0.823,-4.722,-2.090,8.560
# remark: robobot/cmd/ti/rc 0.070 -0.049 1744992791.0686982
1744992791.07,-1,0.049,-0.007,-0.185,3,0.223,-0.049,-0.078,20,0.049,-0.185,0.049,-0.185,1.50,1.50,0.027,0.051,1.146,-1.884,1.663,4.746
1744992791.07,-1,0.050,-0.007,-0.184,3,0.223,-0.049,-0.078,20,0.049,-0.184,0.049,-0.184,1.50,1.50,0.059,0.021,0.918,2.083,-0.107,-2.121
# remark: robobot/cmd/ti/rc 0.070 -0.014 1744992791.076023
1744992791.08,-1,0.050,-0.007,-0.184,3,0.215,-0.014,0.013,20,0.050,-0.184,0.050,-0.184,1.50,1.50,0.059,0.021,0.918,2.083,-0.107,-2.121
1744992791.09,-1,0.050,-0.007,-0.183,3,0.215,-0.014,0.013,20,0.050,-0.183,0.050,-0.183,1.50,1.50,0.122,-0.156,0.942,-2.464,-4.379,-3.281
# remark: robobot/cmd/ti/rc 0.070 0.004 1744992791.086593
1744992791.09,-1,0.050,-0.007,-0.183,3,0.209,0.004,-0.065,20,0.051,-0.183,0.051,-0.183,1.50,1.50,0.122,-0.156,0.942,-2.464,-4.379,-3.281
# remark: robobot/cmd/ti/rc 0.070 -0.065 1744992791.1098938
1744992791.11,-1,0.051,-0.008,-0.184,3,0.205,-0.065,-0.065,20,0.051,-0.184,0.051,-0.184,1.50,1.50,0.043,0.018,1.261,1.046,7.309,-7.278
1744992791.11,-1,0.051,-0.008,-0.184,3,0.205,-0.065,-0.065,20,0.051,-0.184,0.051,-0.184,1.50,1.50,0.033,-0.029,0.732,3.701,2.853,-9.933
# remark: robobot/cmd/ti/rc 0.070 -0.047 1744992791.110518
1744992791.11,-1,0.051,-0.008,-0.184,3,0.198,-0.047,-0.022,20,0.052,-0.184,0.052,-0.184,1.50,1.50,0.033,-0.029,0.732,3.701,2.853,-9.933
1744992791.12,-1,0.052,-0.008,-0.185,3,0.198,-0.047,-0.022,20,0.052,-0.185,0.052,-0.185,1.50,1.50,-0.031,-0.091,0.999,-0.419,-5.875,-6.790
# remark: robobot/cmd/ti/rc 0.070 0.052 1744992791.116483
1744992791.12,-1,0.052,-0.008,-0.185,3,0.188,0.052,0.039,20,0.053,-0.185,0.053,-0.185,1.50,1.50,-0.031,-0.091,0.999,-0.419,-5.875,-6.790
# remark: robobot/cmd/ti/rc 0.070 0.034 1744992791.134207
1744992791.13,-1,0.053,-0.008,-0.187,3,0.183,0.034,0.039,20,0.053,-0.187,0.053,-0.187,1.50,1.50,0.034,0.093,1.123,-0.358,5.356,-3.799
1744992791.13,-1,0.053,-0.008,-0.186,3,0.183,0.034,0.039,20,0.053,-0.186,0.053,-0.186,1.50,1.50,0.052,0.024,0.741,-0.236,-2.365,-5.234
# remark: robobot/cmd/ti/rc 0.070 -0.014 1744992791.139798
1744992791.14,-1,0.053,-0.008,-0.186,3,0.176,-0.014,0.104,20,0.054,-0.186,0.054,-0.186,1.50,1.50,0.052,0.024,0.741,-0.236,-2.365,-5.234
1744992791.15,-1,0.054,-0.008,-0.187,3,0.176,-0.014,0.104,20,0.054,-0.187,0.054,-0.187,1.50,1.50,0.042,-0.069,1.115,-1.090,-4.929,-0.961
# remark: robobot/cmd/ti/rc 0.070 0.069 1744992791.149174
1744992791.15,-1,0.054,-0.008,-0.187,3,0.166,0.069,0.017,20,0.055,-0.187,0.055,-0.187,1.50,1.50,0.042,-0.069,1.115,-1.090,-4.929,-0.961
# remark: robobot/cmd/ti/rc 0.070 0.054 1744992791.16658
1744992791.17,-1,0.055,-0.008,-0.187,3,0.160,0.054,0.017,20,0.055,-0.187,0.055,-0.187,1.50,1.50,0.032,0.052,1.132,-1.426,9.232,-1.083
1744992791.17,-1,0.055,-0.008,-0.186,3,0.160,0.054,0.017,20,0.055,-0.186,0.055,-0.186,1.50,1.50,0.063,-0.042,0.708,0.374,-0.778,-3.525
# remark: robobot/cmd/ti/rc 0.070 0.017 1744992791.1677508
1744992791.17,-1,0.056,-0.008,-0.186,3,0.152,0.017,0.048,20,0.056,-0.186,0.056,-0.186,1.50,1.50,0.063,-0.042,0.708,0.374,-0.778,-3.525
1744992791.18,-1,0.056,-0.009,-0.186,3,0.152,0.017,0.048,20,0.056,-0.186,0.056,-0.186,1.50,1.50,0.010,-0.110,1.085,-1.243,-4.623,-1.450
# remark: robobot/cmd/ti/rc 0.070 0.058 1744992791.177012
1744992791.18,-1,0.056,-0.009,-0.186,3,0.144,0.058,-0.013,20,0.057,-0.186,0.057,-0.186,1.50,1.50,0.010,-0.110,1.085,-1.243,-4.623,-1.450
# remark: robobot/cmd/ti/rc 0.070 0.012 1744992791.1884239
1744992791.19,-1,0.057,-0.009,-0.186,3,0.139,0.012,-0.013,20,0.057,-0.186,0.057,-0.186,1.50,1.50,0.001,-0.032,1.087,0.069,9.903,-3.372
1744992791.19,-1,0.057,-0.009,-0.186,3,0.139,0.012,-0.013,20,0.057,-0.186,0.057,-0.186,1.50,1.50,0.016,-0.162,0.745,0.435,-1.297,-0.137
# remark: robobot/cmd/ti/rc 0.070 -0.016 1744992791.201569
1744992791.20,-1,0.057,-0.009,-0.187,3,0.132,-0.016,-0.013,20,0.058,-0.187,0.058,-0.187,1.50,1.50,0.016,-0.162,0.745,0.435,-1.297,-0.137
1744992791.21,-1,0.058,-0.009,-0.187,3,0.132,-0.016,-0.013,20,0.058,-0.187,0.058,-0.187,1.50,1.50,0.053,-0.016,0.945,-0.968,-7.584,0.717
# remark: robobot/cmd/ti/rc 0.070 0.028 1744992791.212501
1744992791.21,-1,0.058,-0.009,-0.187,3,0.125,0.028,0.078,20,0.059,-0.187,0.059,-0.187,1.50,1.50,0.053,-0.016,0.945,-0.968,-7.584,0.717
# remark: robobot/cmd/ti/rc 0.070 0.055 1744992791.220901
1744992791.22,-1,0.059,-0.009,-0.187,3,0.116,0.055,0.078,20,0.059,-0.187,0.059,-0.187,1.50,1.50,0.055,0.071,1.132,0.374,5.783,-3.006
1744992791.22,-1,0.060,-0.009,-0.187,3,0.116,0.055,0.078,20,0.059,-0.187,0.059,-0.187,1.50,1.50,0.150,-0.031,0.806,2.541,-2.884,-2.762
# remark: robobot/cmd/ti/rc 0.070 0.076 1744992791.230413
1744992791.23,-1,0.060,-0.009,-0.189,3,0.108,0.076,0.013,20,0.061,-0.189,0.061,-0.189,1.50,1.50,0.150,-0.031,0.806,2.541,-2.884,-2.762
1744992791.24,-1,0.060,-0.009,-0.186,4,0.108,0.076,0.013,20,0.061,-0.186,0.061,-0.186,1.50,1.50,-0.144,-0.007,1.228,-2.311,2.090,-2.762
# remark: robobot/cmd/ti/rc 0.070 0.046 1744992791.239372
1744992791.24,-1,0.060,-0.009,-0.186,4,0.101,0.046,-0.017,20,0.062,-0.186,0.062,-0.186,1.50,1.50,-0.144,-0.007,1.228,-2.311,2.090,-2.762
# remark: robobot/cmd/ti/rc 0.070 0.036 1744992791.2473862
1744992791.25,-1,0.061,-0.010,-0.187,4,0.095,0.036,-0.017,20,0.062,-0.187,0.062,-0.187,1.50,1.50,-0.015,-0.053,0.812,0.954,4.471,1.907
1744992791.26,-1,0.062,-0.010,-0.189,4,0.095,0.036,-0.017,20,0.062,-0.189,0.062,-0.189,1.50,1.50,0.049,-0.011,0.866,-2.159,-7.675,4.532
# remark: robobot/cmd/ti/rc 0.070 0.086 1744992791.263704
1744992791.26,-1,0.062,-0.010,-0.187,4,0.085,0.086,-0.030,20,0.063,-0.187,0.063,-0.187,1.50,1.50,0.049,-0.011,0.866,-2.159,-7.675,4.532
1744992791.27,-1,0.063,-0.010,-0.187,4,0.085,0.086,-0.030,20,0.063,-0.187,0.063,-0.187,1.50,1.50,0.047,0.056,1.258,-2.159,2.121,1.114
# remark: robobot/cmd/ti/rc 0.070 0.118 1744992791.273611
1744992791.27,-1,0.063,-0.010,-0.187,4,0.077,0.118,0.022,20,0.064,-0.187,0.064,-0.187,1.50,1.50,0.047,0.056,1.258,-2.159,2.121,1.114
# remark: robobot/cmd/ti/rc 0.070 0.025 1744992791.27931
1744992791.28,-1,0.064,-0.010,-0.187,4,0.072,0.025,0.022,20,0.064,-0.187,0.064,-0.187,1.50,1.50,0.166,-0.078,0.836,3.457,-1.266,-0.290
1744992791.28,-1,0.064,-0.010,-0.187,4,0.072,0.025,0.022,20,0.064,-0.187,0.064,-0.187,1.50,1.50,0.046,-0.005,1.004,-3.013,-0.168,-4.318
# remark: robobot/cmd/ti/rc 0.070 0.003 1744992791.297191
1744992791.30,-1,0.064,-0.010,-0.186,4,0.065,0.003,-0.017,20,0.065,-0.186,0.065,-0.186,1.50,1.50,0.046,-0.005,1.004,-3.013,-0.168,-4.318
1744992791.30,-1,0.065,-0.010,-0.187,4,0.065,0.003,-0.017,20,0.065,-0.187,0.065,-0.187,1.50,1.50,-0.002,-0.101,0.908,1.229,2.975,-1.450
# remark: robobot/cmd/ti/rc 0.070 0.050 1744992791.298101
1744992791.30,-1,0.065,-0.010,-0.187,4,0.055,0.050,-0.030,20,0.066,-0.187,0.066,-0.187,1.50,1.50,-0.002,-0.101,0.908,1.229,2.975,-1.450
# remark: robobot/cmd/ti/rc 0.070 0.050 1744992791.3068101
1744992791.31,-1,0.065,-0.010,-0.189,4,0.049,0.050,-0.030,20,0.066,-0.189,0.066,-0.189,1.50,1.50,0.081,0.023,0.936,1.229,-0.473,-2.457
# remark: robobot/cmd/ti/alive 2025-04-18 18:13:08.652491
1744992791.32,-1,0.066,-0.010,-0.187,4,0.049,0.050,-0.030,20,0.066,-0.187,0.066,-0.187,1.50,1.50,-0.041,-0.011,1.055,-1.945,2.945,-2.792
# remark: robobot/cmd/ti/rc 0.070 0.050 1744992791.3195121
1744992791.32,-1,0.066,-0.011,-0.187,4,0.041,0.050,0.052,20,0.067,-0.187,0.067,-0.187,1.50,1.50,-0.041,-0.011,1.055,-1.945,2.945,-2.792
1744992791.33,-1,0.067,-0.011,-0.189,4,0.041,0.050,0.052,20,0.067,-0.189,0.067,-0.189,1.50,1.50,0.151,-0.006,0.900,2.633,-5.692,-1.724
# remark: robobot/cmd/ti/rc 0.070 0.050 1744992791.328382
1744992791.33,-1,0.067,-0.011,-0.189,4,0.034,0.050,0.004,20,0.069,-0.189,0.069,-0.189,1.50,1.50,0.151,-0.006,0.900,2.633,-5.692,-1.724
# remark: robobot/cmd/ti/rc 0.070 0.050 1744992791.345463
1744992791.35,-1,0.068,-0.011,-0.187,4,0.027,0.050,0.004,20,0.069,-0.187,0.069,-0.187,1.50,1.50,-0.049,0.030,1.106,-3.684,4.959,-1.694
1744992791.35,-1,0.068,-0.011,-0.187,4,0.027,0.050,0.004,20,0.069,-0.187,0.069,-0.187,1.50,1.50,0.106,-0.065,0.710,0.466,-1.999,1.267
# remark: robobot/cmd/ti/rc 0.070 0.050 1744992791.354198
1744992791.35,-1,0.068,-0.011,-0.187,4,0.019,0.050,-0.004,20,0.070,-0.187,0.070,-0.187,1.50,1.50,0.106,-0.065,0.710,0.466,-1.999,1.267
1744992791.35,-1,0.069,-0.011,-0.187,4,0.019,0.050,-0.004,20,0.070,-0.187,0.070,-0.187,1.50,1.50,-0.061,-0.008,1.134,-0.633,-0.778,1.053
# remark: robobot/cmd/ti/rc 0.070 0.050 1744992791.369819
1744992791.37,-1,0.069,-0.011,-0.187,4,0.011,0.050,0.004,20,0.071,-0.187,0.071,-0.187,1.50,1.50,-0.061,-0.008,1.134,-0.633,-0.778,1.053
# remark: robobot/cmd/ti/rc 0.070 0.050 1744992791.371001
1744992791.37,-1,0.070,-0.011,-0.186,4,0.005,0.050,0.004,20,0.071,-0.186,0.071,-0.186,1.50,1.50,0.014,-0.006,0.955,-0.144,8.102,0.259
1744992791.38,-1,0.070,-0.011,-0.187,4,0.005,0.050,0.004,20,0.071,-0.187,0.071,-0.187,1.50,1.50,0.108,-0.072,0.788,-0.175,-7.706,1.755
# remark: robobot/cmd/ti/rc 0.070 -0.050 1744992791.376853
1744992791.38,-1,0.071,-0.011,-0.187,4,-0.003,-0.050,-0.043,20,0.072,-0.187,0.072,-0.187,1.50,1.50,0.108,-0.072,0.788,-0.175,-7.706,1.755
1744992791.40,-1,0.071,-0.011,-0.185,4,-0.003,-0.050,-0.043,20,0.072,-0.185,0.072,-0.185,1.50,1.50,-0.089,-0.057,1.174,-1.090,3.098,0.992
# remark: robobot/cmd/ti/rc 0.070 -0.086 1744992791.400011
1744992791.40,-1,0.071,-0.011,-0.185,4,-0.010,-0.086,-0.035,20,0.073,-0.185,0.073,-0.185,1.50,1.50,-0.089,-0.057,1.174,-1.090,3.098,0.992
# remark: robobot/cmd/ti/rc 0.070 -0.050 1744992791.4009001
1744992791.40,-1,0.072,-0.012,-0.187,4,-0.019,-0.050,-0.035,20,0.073,-0.187,0.073,-0.187,1.50,1.50,0.157,-0.094,0.756,2.511,-1.114,3.708
1744992791.40,-1,0.072,-0.012,-0.187,4,-0.019,-0.050,-0.035,20,0.073,-0.187,0.073,-0.187,1.50,1.50,0.035,0.061,1.092,-1.975,-3.098,0.015
# remark: robobot/cmd/ti/rc 0.070 -0.067 1744992791.4276428
1744992791.43,-1,0.073,-0.012,-0.186,4,-0.027,-0.067,-0.009,20,0.074,-0.186,0.074,-0.186,1.50,1.50,0.035,0.061,1.092,-1.975,-3.098,0.015
1744992791.43,-1,0.074,-0.012,-0.186,4,-0.027,-0.067,-0.009,20,0.074,-0.186,0.074,-0.186,1.50,1.50,0.022,0.014,0.969,2.877,4.990,-1.724
# remark: robobot/cmd/ti/rc 0.070 -0.050 1744992791.428528
1744992791.43,-1,0.074,-0.012,-0.186,4,-0.034,-0.050,-0.030,20,0.075,-0.186,0.075,-0.186,1.50,1.50,0.022,0.014,0.969,2.877,4.990,-1.724
# remark: robobot/cmd/ti/rc 0.070 -0.064 1744992791.4449239
1744992791.45,-1,0.074,-0.012,-0.186,4,-0.042,-0.064,-0.030,20,0.075,-0.186,0.075,-0.186,1.50,1.50,0.063,0.003,0.820,1.046,-2.335,0.595
1744992791.45,-1,0.074,-0.012,-0.185,4,-0.042,-0.064,-0.030,20,0.075,-0.185,0.075,-0.185,1.50,1.50,-0.065,0.000,1.077,-2.860,4.379,0.900
# remark: robobot/cmd/ti/rc 0.070 -0.050 1744992791.44657
1744992791.45,-1,0.075,-0.012,-0.184,4,-0.051,-0.050,-0.030,20,0.076,-0.184,0.076,-0.184,1.50,1.50,-0.065,0.000,1.077,-2.860,4.379,0.900
1744992791.45,-1,0.076,-0.012,-0.186,4,-0.051,-0.050,-0.030,20,0.076,-0.186,0.076,-0.186,1.50,1.50,0.045,-0.087,0.833,2.572,-3.708,6.760
# remark: robobot/cmd/ti/rc 0.070 -0.064 1744992791.447773
1744992791.45,-1,0.076,-0.012,-0.186,4,-0.059,-0.064,-0.052,20,0.077,-0.186,0.077,-0.186,1.50,1.50,0.045,-0.087,0.833,2.572,-3.708,6.760
# remark: robobot/cmd/ti/rc 0.070 0.213 1744992791.4748008
1744992791.48,-1,0.076,-0.012,-0.185,4,-0.068,0.213,-0.052,20,0.077,-0.185,0.077,-0.185,1.50,1.50,0.044,0.065,1.069,-3.715,-1.877,3.586
1744992791.48,-1,0.077,-0.012,-0.184,4,-0.068,0.213,-0.052,20,0.077,-0.184,0.077,-0.184,1.50,1.50,0.104,-0.025,0.980,-0.083,1.602,0.565
# remark: robobot/cmd/ti/rc 0.070 0.347 1744992791.475978
1744992791.48,-1,0.077,-0.013,-0.184,4,-0.075,0.347,-0.017,20,0.079,-0.184,0.079,-0.184,1.50,1.50,0.104,-0.025,0.980,-0.083,1.602,0.565
1744992791.49,-1,0.078,-0.013,-0.183,4,-0.075,0.347,-0.017,20,0.079,-0.183,0.079,-0.183,1.50,1.50,0.027,-0.079,0.927,2.907,-2.029,2.091
# remark: robobot/cmd/ti/rc 0.070 0.296 1744992791.493031
1744992791.49,-1,0.078,-0.013,-0.183,4,-0.083,0.296,-0.083,20,0.080,-0.183,0.080,-0.183,1.50,1.50,0.027,-0.079,0.927,2.907,-2.029,2.091
# remark: robobot/cmd/ti/rc 0.070 2.349 1744992791.494111
1744992791.49,-1,0.078,-0.013,-0.180,4,-0.554,2.349,-0.083,20,0.080,-0.180,0.080,-0.180,1.50,1.50,-0.097,-0.106,1.027,-3.532,4.135,3.220
1744992791.49,-1,0.078,-0.013,-0.180,4,-0.554,2.349,-0.083,20,0.080,-0.180,0.080,-0.180,1.50,1.50,-0.087,-0.130,1.036,5.929,1.572,9.049
# remark: robobot/cmd/ti/rc 0.070 3.117 1744992791.49719
1744992791.50,-1,0.079,-0.013,-0.179,4,-0.562,3.117,-0.104,20,0.081,-0.179,0.081,-0.179,1.50,1.50,-0.087,-0.130,1.036,5.929,1.572,9.049
1744992791.51,-1,0.079,-0.013,-0.178,4,-0.562,3.117,-0.104,20,0.081,-0.178,0.081,-0.178,1.50,1.50,-0.115,-0.079,0.871,-1.243,-1.236,13.565
# remark: robobot/cmd/ti/rc 0.070 0.875 1744992791.5058088
1744992791.51,-1,0.079,-0.013,-0.178,4,-0.561,0.875,-0.139,20,0.081,-0.178,0.081,-0.178,1.50,1.50,-0.115,-0.079,0.871,-1.243,-1.236,13.565
# remark: robobot/cmd/ti/rc 0.070 0.248 1744992791.5204852
1744992791.52,-1,0.080,-0.013,-0.176,4,-0.565,0.248,-0.139,20,0.081,-0.176,0.081,-0.176,1.50,1.50,0.081,-0.077,0.833,-5.241,-5.203,15.701
1744992791.53,-1,0.080,-0.013,-0.169,4,-0.565,0.248,-0.139,20,0.081,-0.169,0.081,-0.169,1.50,1.50,0.071,-0.150,1.101,1.656,-6.058,17.349
# remark: robobot/cmd/ti/rc 0.070 0.274 1744992791.535517
1744992791.54,-1,0.081,-0.013,-0.165,4,-0.564,0.274,-0.478,20,0.082,-0.165,0.082,-0.165,1.50,1.50,0.071,-0.150,1.101,1.656,-6.058,17.349
1744992791.54,-1,0.082,-0.013,-0.160,4,-0.564,0.274,-0.478,20,0.082,-0.160,0.082,-0.160,1.50,1.50,0.003,-0.199,1.154,9.560,3.372,32.791
# remark: robobot/cmd/ti/rc 0.070 0.255 1744992791.536684
1744992791.54,-1,0.082,-0.013,-0.160,4,-0.568,0.255,-0.817,20,0.084,-0.160,0.084,-0.160,1.50,1.50,0.003,-0.199,1.154,9.560,3.372,32.791
# remark: robobot/cmd/ti/rc 0.070 0.260 1744992791.545227
1744992791.55,-1,0.082,-0.013,-0.155,4,-0.566,0.260,-0.817,20,0.084,-0.155,0.084,-0.155,1.50,1.50,0.046,-0.177,0.562,-8.415,-0.992,46.188
1744992791.55,-1,0.082,-0.014,-0.151,4,-0.566,0.260,-0.817,20,0.084,-0.151,0.084,-0.151,1.50,1.50,-0.073,-0.116,1.057,-2.830,1.175,51.315
# remark: robobot/cmd/ti/rc 0.070 0.158 1744992791.558317
1744992791.56,-1,0.083,-0.014,-0.149,4,-0.566,0.158,-0.574,20,0.084,-0.149,0.084,-0.149,1.50,1.50,-0.073,-0.116,1.057,-2.830,1.175,51.315
1744992791.56,-1,0.083,-0.014,-0.143,4,-0.566,0.158,-0.574,20,0.084,-0.143,0.084,-0.143,1.50,1.50,0.069,-0.150,0.858,7.577,2.579,50.339
# remark: robobot/cmd/ti/rc 0.070 0.114 1744992791.569258
1744992791.57,-1,0.083,-0.014,-0.143,4,-0.561,0.114,-0.652,20,0.085,-0.143,0.085,-0.143,1.50,1.50,0.069,-0.150,0.858,7.577,2.579,50.339
# remark: robobot/cmd/ti/rc 0.070 0.088 1744992791.575847
1744992791.58,-1,0.084,-0.014,-0.139,4,-0.559,0.088,-0.652,20,0.085,-0.139,0.085,-0.139,1.50,1.50,0.096,-0.077,0.982,-2.616,-1.480,49.332
1744992791.59,-1,0.085,-0.014,-0.135,4,-0.559,0.088,-0.652,20,0.085,-0.135,0.085,-0.135,1.50,1.50,0.092,-0.084,1.139,1.748,2.335,47.043
# remark: robobot/cmd/ti/rc 0.070 0.151 1744992791.588248
1744992791.59,-1,0.085,-0.014,-0.134,4,-0.557,0.151,-0.635,20,0.086,-0.134,0.086,-0.134,1.50,1.50,0.092,-0.084,1.139,1.748,2.335,47.043
1744992791.60,-1,0.086,-0.014,-0.128,4,-0.557,0.151,-0.635,20,0.086,-0.128,0.086,-0.128,1.50,1.50,0.100,-0.046,0.799,5.410,-2.914,44.022
# remark: robobot/cmd/ti/rc 0.070 0.151 1744992791.6013088
1744992791.60,-1,0.086,-0.014,-0.128,4,-0.556,0.151,-0.526,20,0.087,-0.128,0.087,-0.128,1.50,1.50,0.100,-0.046,0.799,5.410,-2.914,44.022
# remark: robobot/cmd/ti/rc 0.070 0.183 1744992791.615262
1744992791.62,-1,0.086,-0.014,-0.123,4,-0.555,0.183,-0.526,20,0.087,-0.123,0.087,-0.123,1.50,1.50,0.061,0.120,1.006,2.877,0.565,41.489
1744992791.62,-1,0.087,-0.014,-0.119,4,-0.555,0.183,-0.526,20,0.087,-0.119,0.087,-0.119,1.50,1.50,0.009,0.108,0.969,3.304,2.701,41.245
# remark: robobot/cmd/ti/rc 0.070 0.259 1744992791.6349819
1744992791.64,-1,0.087,-0.014,-0.117,4,-0.558,0.259,-0.539,20,0.088,-0.117,0.088,-0.117,1.50,1.50,0.009,0.108,0.969,3.304,2.701,41.245
1744992791.64,-1,0.088,-0.014,-0.111,4,-0.558,0.259,-0.539,20,0.088,-0.111,0.088,-0.111,1.50,1.50,0.019,0.071,0.936,0.252,-2.914,42.130
# remark: robobot/cmd/ti/rc 0.070 0.305 1744992791.636178
1744992791.64,-1,0.088,-0.014,-0.111,4,-0.560,0.305,-0.526,20,0.089,-0.111,0.089,-0.111,1.50,1.50,0.019,0.071,0.936,0.252,-2.914,42.130
# remark: robobot/cmd/ti/rc 0.070 0.247 1744992791.636789
1744992791.64,-1,0.088,-0.014,-0.108,4,-0.560,0.247,-0.526,20,0.089,-0.108,0.089,-0.108,1.50,1.50,0.051,0.113,1.034,0.039,0.595,42.831
1744992791.64,-1,0.089,-0.014,-0.104,4,-0.560,0.247,-0.526,20,0.089,-0.104,0.089,-0.104,1.50,1.50,0.049,0.061,0.873,0.222,0.656,41.275
# remark: robobot/cmd/ti/rc 0.070 0.192 1744992791.664438
1744992791.66,-1,0.089,-0.014,-0.102,4,-0.558,0.192,-0.522,20,0.090,-0.102,0.090,-0.102,1.50,1.50,0.049,0.061,0.873,0.222,0.656,41.275
1744992791.67,-1,0.090,-0.014,-0.097,4,-0.558,0.192,-0.522,20,0.090,-0.097,0.090,-0.097,1.50,1.50,0.058,-0.033,0.980,-1.487,-2.579,38.590
# remark: robobot/cmd/ti/rc 0.070 0.163 1744992791.665647
1744992791.67,-1,0.090,-0.014,-0.097,4,-0.556,0.163,-0.478,20,0.091,-0.097,0.091,-0.097,1.50,1.50,0.058,-0.033,0.980,-1.487,-2.579,38.590
# remark: robobot/cmd/ti/rc 0.070 0.150 1744992791.6662579
1744992791.67,-1,0.090,-0.014,-0.094,4,-0.555,0.150,-0.478,20,0.091,-0.094,0.091,-0.094,1.50,1.50,0.116,0.042,1.073,0.558,1.236,32.761
1744992791.67,-1,0.091,-0.015,-0.092,4,-0.555,0.150,-0.478,20,0.091,-0.092,0.091,-0.092,1.50,1.50,0.104,0.008,0.898,2.267,0.381,26.871
# remark: robobot/cmd/ti/rc 0.070 0.178 1744992791.6830971
1744992791.68,-1,0.091,-0.015,-0.091,4,-0.554,0.178,-0.457,20,0.092,-0.091,0.092,-0.091,1.50,1.50,0.104,0.008,0.898,2.267,0.381,26.871
1744992791.69,-1,0.092,-0.015,-0.091,4,-0.554,0.178,-0.457,20,0.092,-0.091,0.092,-0.091,1.50,1.50,0.082,-0.013,0.975,1.229,0.687,22.202
# remark: robobot/cmd/ti/rc 0.070 0.172 1744992791.6902359
1744992791.69,-1,0.092,-0.015,-0.091,4,-0.552,0.172,-0.261,20,0.093,-0.091,0.093,-0.091,1.50,1.50,0.082,-0.013,0.975,1.229,0.687,22.202
# remark: robobot/cmd/ti/rc 0.070 0.190 1744992791.6964889
1744992791.70,-1,0.093,-0.015,-0.089,4,-0.552,0.190,-0.261,20,0.093,-0.089,0.093,-0.089,1.50,1.50,0.078,0.083,0.977,3.396,0.626,17.258
1744992791.71,-1,0.093,-0.015,-0.088,4,-0.552,0.190,-0.261,20,0.093,-0.088,0.093,-0.088,1.50,1.50,0.109,0.048,0.947,1.961,-2.579,16.647
# remark: robobot/cmd/ti/rc 0.070 0.280 1744992791.707813
1744992791.71,-1,0.094,-0.015,-0.087,4,-0.554,0.280,-0.161,20,0.095,-0.087,0.095,-0.087,1.50,1.50,0.109,0.048,0.947,1.961,-2.579,16.647
1744992791.72,-1,0.094,-0.015,-0.086,4,-0.554,0.280,-0.161,20,0.095,-0.086,0.095,-0.086,1.50,1.50,0.055,0.100,1.000,0.435,1.205,14.542
# remark: robobot/cmd/ti/rc 0.070 0.293 1744992791.717039
1744992791.72,-1,0.094,-0.015,-0.086,4,-0.555,0.293,-0.157,20,0.096,-0.086,0.096,-0.086,1.50,1.50,0.055,0.100,1.000,0.435,1.205,14.542
# remark: robobot/cmd/ti/rc 0.070 0.259 1744992791.7278059
1744992791.73,-1,0.095,-0.015,-0.082,4,-0.556,0.259,-0.157,20,0.096,-0.082,0.096,-0.082,1.50,1.50,0.038,0.048,0.942,0.130,0.931,16.190
1744992791.74,-1,0.095,-0.015,-0.079,4,-0.556,0.259,-0.157,20,0.096,-0.079,0.096,-0.079,1.50,1.50,0.023,-0.013,0.904,-0.602,-0.076,16.037
# remark: robobot/cmd/ti/rc 0.070 0.261 1744992791.737109
1744992791.74,-1,0.095,-0.015,-0.077,4,-0.557,0.261,-0.196,20,0.097,-0.077,0.097,-0.077,1.50,1.50,0.023,-0.013,0.904,-0.602,-0.076,16.037
1744992791.75,-1,0.096,-0.015,-0.073,4,-0.557,0.261,-0.196,20,0.097,-0.073,0.097,-0.073,1.50,1.50,0.034,-0.048,1.125,0.191,0.168,19.730
# remark: robobot/cmd/ti/rc 0.070 0.272 1744992791.748838
1744992791.75,-1,0.096,-0.015,-0.073,4,-0.558,0.272,-0.278,20,0.098,-0.073,0.098,-0.073,1.50,1.50,0.034,-0.048,1.125,0.191,0.168,19.730
# remark: robobot/cmd/ti/rc 0.070 0.252 1744992791.757063
1744992791.76,-1,0.097,-0.015,-0.069,4,-0.558,0.252,-0.278,20,0.098,-0.069,0.098,-0.069,1.50,1.50,-0.127,-0.267,0.856,1.229,4.105,24.063
1744992791.77,-1,0.097,-0.015,-0.068,4,-0.558,0.252,-0.278,20,0.098,-0.068,0.098,-0.068,1.50,1.50,-0.007,-0.058,0.954,0.466,-1.724,27.390
# remark: robobot/cmd/ti/rc 0.070 0.231 1744992791.768137
1744992791.77,-1,0.097,-0.015,-0.067,4,-0.557,0.231,-0.335,20,0.099,-0.067,0.099,-0.067,1.50,1.50,-0.007,-0.058,0.954,0.466,-1.724,27.390
1744992791.77,-1,0.098,-0.015,-0.066,4,-0.557,0.231,-0.335,20,0.099,-0.066,0.099,-0.066,1.50,1.50,0.046,-0.083,0.943,-1.212,-1.266,25.467
# remark: robobot/cmd/ti/rc 0.070 0.240 1744992791.7806542
1744992791.78,-1,0.098,-0.015,-0.066,4,-0.558,0.240,-0.348,20,0.100,-0.066,0.100,-0.066,1.50,1.50,0.046,-0.083,0.943,-1.212,-1.266,25.467
# remark: robobot/cmd/ti/rc 0.070 0.264 1744992791.793368
1744992791.79,-1,0.099,-0.015,-0.064,4,-0.558,0.264,-0.348,20,0.100,-0.064,0.100,-0.064,1.50,1.50,0.114,0.069,1.043,4.067,1.419,20.279
1744992791.79,-1,0.099,-0.015,-0.061,4,-0.558,0.264,-0.348,20,0.100,-0.061,0.100,-0.061,1.50,1.50,0.085,-0.015,0.883,3.243,-1.297,19.119
# remark: robobot/cmd/ti/rc 0.070 0.265 1744992791.799524
1744992791.80,-1,0.100,-0.015,-0.060,4,-0.559,0.265,-0.235,20,0.101,-0.060,0.101,-0.060,1.50,1.50,0.085,-0.015,0.883,3.243,-1.297,19.119
1744992791.81,-1,0.100,-0.015,-0.057,4,-0.559,0.265,-0.235,20,0.101,-0.057,0.101,-0.057,1.50,1.50,0.088,0.070,1.085,1.748,0.259,15.244
# remark: robobot/cmd/ti/rc 0.070 0.287 1744992791.8093271
1744992791.81,-1,0.100,-0.015,-0.057,4,-0.561,0.287,-0.222,20,0.102,-0.057,0.102,-0.057,1.50,1.50,0.088,0.070,1.085,1.748,0.259,15.244
# remark: robobot/cmd/ti/rc 0.070 0.305 1744992791.815616
1744992791.82,-1,0.101,-0.015,-0.054,4,-0.562,0.305,-0.222,20,0.102,-0.054,0.102,-0.054,1.50,1.50,0.006,0.003,0.955,1.565,2.151,19.424
1744992791.82,-1,0.101,-0.015,-0.054,4,-0.562,0.305,-0.235,20,0.103,-0.054,0.103,-0.054,1.50,1.50,0.086,0.060,0.837,2.175,-2.457,17.593
# remark: robobot/cmd/ti/rc 0.070 0.277 1744992791.8324711
1744992791.83,-1,0.102,-0.015,-0.052,4,-0.562,0.277,-0.235,20,0.103,-0.052,0.103,-0.052,1.50,1.50,0.086,0.060,0.837,2.175,-2.457,17.593
1744992791.84,-1,0.102,-0.015,-0.049,5,-0.562,0.277,-0.274,20,0.104,-0.049,0.104,-0.049,1.50,1.50,0.053,0.030,1.104,-0.694,0.198,19.363
# remark: robobot/cmd/ti/rc 0.070 0.321 1744992791.8399181
1744992791.84,-1,0.102,-0.015,-0.049,5,-0.565,0.321,-0.274,20,0.104,-0.049,0.104,-0.049,1.50,1.50,0.053,0.030,1.104,-0.694,0.198,19.363
# remark: robobot/cmd/ti/rc 0.070 0.307 1744992791.8455071
1744992791.85,-1,0.103,-0.015,-0.046,5,-0.565,0.307,-0.274,20,0.104,-0.046,0.104,-0.046,1.50,1.50,-0.049,-0.152,0.957,1.198,1.419,22.385
# remark: robobot/cmd/ti/alive 2025-04-18 18:13:08.652491
1744992791.87,-1,0.103,-0.015,-0.044,5,-0.565,0.307,-0.261,20,0.105,-0.044,0.105,-0.044,1.50,1.50,-0.040,-0.074,0.968,0.191,-0.229,26.383
# remark: robobot/cmd/ti/rc 0.070 0.256 1744992791.871163
1744992791.87,-1,0.104,-0.015,-0.044,5,-0.566,0.256,-0.261,20,0.105,-0.044,0.105,-0.044,1.50,1.50,-0.040,-0.074,0.968,0.191,-0.229,26.383
1744992791.87,-1,0.105,-0.015,-0.042,5,-0.566,0.256,-0.291,20,0.106,-0.042,0.106,-0.042,1.50,1.50,0.047,-0.050,0.876,0.466,-2.579,24.246
# remark: robobot/cmd/ti/rc 0.070 0.289 1744992791.873934
1744992791.87,-1,0.105,-0.015,-0.042,5,-0.566,0.289,-0.291,20,0.106,-0.042,0.106,-0.042,1.50,1.50,0.047,-0.050,0.876,0.466,-2.579,24.246
# remark: robobot/cmd/ti/rc 0.070 0.306 1744992791.8999228
1744992791.90,-1,0.105,-0.015,-0.038,5,-0.568,0.306,-0.291,20,0.106,-0.038,0.106,-0.038,1.50,1.50,0.120,0.014,1.031,2.297,-0.137,20.371
1744992791.90,-1,0.106,-0.015,-0.036,5,-0.568,0.306,-0.304,20,0.108,-0.036,0.108,-0.036,1.50,1.50,0.101,-0.034,1.026,1.595,-1.663,19.638
# remark: robobot/cmd/ti/rc 0.070 0.313 1744992791.9014919
1744992791.90,-1,0.106,-0.015,-0.034,5,-0.569,0.313,-0.304,20,0.108,-0.034,0.108,-0.034,1.50,1.23,0.101,-0.034,1.026,1.595,-1.663,19.638
1744992791.91,-1,0.106,-0.016,-0.030,5,-0.569,0.313,-0.252,20,0.109,-0.030,0.109,-0.030,1.50,1.23,-0.104,-0.064,1.013,2.724,0.565,20.798
# remark: robobot/cmd/ti/rc 0.070 0.304 1744992791.910688
1744992791.91,-1,0.106,-0.016,-0.030,5,-0.571,0.304,-0.252,20,0.109,-0.030,0.109,-0.030,1.50,1.23,-0.104,-0.064,1.013,2.724,0.565,20.798
# remark: robobot/cmd/ti/rc 0.070 0.325 1744992791.9113631
1744992791.91,-1,0.107,-0.016,-0.028,5,-0.572,0.325,-0.252,20,0.109,-0.028,0.109,-0.028,1.50,1.23,-0.062,-0.034,0.805,2.694,-1.114,24.979
1744992791.94,-1,0.108,-0.016,-0.028,5,-0.572,0.325,-0.317,20,0.110,-0.028,0.110,-0.028,1.50,1.23,0.052,-0.005,0.891,-2.555,-3.983,26.321
# remark: robobot/cmd/ti/rc 0.070 0.294 1744992791.936909
1744992791.94,-1,0.108,-0.016,-0.027,5,-0.572,0.294,-0.317,20,0.110,-0.027,0.110,-0.027,1.50,0.92,0.052,-0.005,0.891,-2.555,-3.983,26.321
1744992791.94,-1,0.109,-0.016,-0.024,5,-0.572,0.294,-0.209,20,0.111,-0.024,0.111,-0.024,1.50,0.92,0.150,0.106,1.237,1.107,-0.137,25.864
# remark: robobot/cmd/ti/rc 0.070 0.284 1744992791.938006
1744992791.94,-1,0.109,-0.016,-0.024,5,-0.573,0.284,-0.209,20,0.111,-0.024,0.111,-0.024,1.50,0.92,0.150,0.106,1.237,1.107,-0.137,25.864
# remark: robobot/cmd/ti/rc 0.070 0.307 1744992791.9608161
1744992791.96,-1,0.110,-0.016,-0.022,5,-0.574,0.307,-0.209,20,0.111,-0.022,0.111,-0.022,1.50,0.92,0.124,-0.007,0.941,2.785,-0.809,24.735
1744992791.96,-1,0.110,-0.016,-0.020,5,-0.574,0.307,-0.191,20,0.112,-0.020,0.112,-0.020,1.50,0.92,0.096,0.048,0.941,-0.816,-1.968,20.401
# remark: robobot/cmd/ti/rc 0.070 0.310 1744992791.962003
1744992791.96,-1,0.110,-0.016,-0.018,5,-0.575,0.310,-0.191,20,0.112,-0.018,0.112,-0.018,1.50,0.87,0.096,0.048,0.941,-0.816,-1.968,20.401
1744992791.96,-1,0.111,-0.016,-0.015,5,-0.575,0.310,-0.248,20,0.113,-0.015,0.113,-0.015,1.50,0.87,0.089,-0.002,1.021,0.954,-0.687,19.699
# remark: robobot/cmd/ti/rc 0.070 0.288 1744992791.974918
1744992791.98,-1,0.111,-0.016,-0.015,5,-0.575,0.288,-0.248,20,0.113,-0.015,0.113,-0.015,1.50,0.87,0.089,-0.002,1.021,0.954,-0.687,19.699
# remark: robobot/cmd/ti/rc 0.070 0.305 1744992791.975895
1744992791.98,-1,0.111,-0.016,-0.012,5,-0.576,0.305,-0.248,20,0.113,-0.012,0.113,-0.012,1.50,0.87,0.068,-0.013,0.934,2.938,1.358,16.434
1744992791.98,-1,0.112,-0.016,-0.009,5,-0.576,0.305,-0.274,20,0.114,-0.009,0.114,-0.009,1.50,0.87,0.033,-0.018,1.045,0.344,-0.046,18.051
# remark: robobot/cmd/ti/rc 0.070 0.287 1744992791.977592
1744992791.98,-1,0.112,-0.016,-0.008,5,-0.576,0.287,-0.274,20,0.114,-0.008,0.114,-0.008,1.50,0.82,0.033,-0.018,1.045,0.344,-0.046,18.051
1744992792.00,-1,0.113,-0.016,-0.004,5,-0.576,0.287,-0.322,20,0.115,-0.004,0.115,-0.004,1.50,0.82,-0.069,-0.069,0.973,2.022,2.304,23.605
# remark: robobot/cmd/ti/rc 0.070 0.265 1744992791.995403
1744992792.00,-1,0.113,-0.016,-0.004,5,-0.576,0.265,-0.322,20,0.115,-0.004,0.115,-0.004,1.50,0.82,-0.069,-0.069,0.973,2.022,2.304,23.605
# remark: robobot/cmd/ti/rc 0.070 0.291 1744992792.0139399
1744992792.01,-1,0.113,-0.016,0.001,5,-0.576,0.291,-0.322,20,0.115,0.001,0.115,0.001,1.50,0.82,-0.129,-0.080,0.853,-0.053,0.748,29.556
1744992792.02,-1,0.114,-0.016,0.002,5,-0.576,0.291,-0.365,20,0.116,0.002,0.116,0.002,1.50,0.82,-0.044,-0.088,0.907,-0.694,-1.389,32.608
# remark: robobot/cmd/ti/rc 0.070 0.305 1744992792.015643
1744992792.02,-1,0.114,-0.016,0.005,5,-0.577,0.305,-0.365,20,0.116,0.005,0.116,0.005,1.50,0.75,-0.044,-0.088,0.907,-0.694,-1.389,32.608
1744992792.04,-1,0.115,-0.016,0.008,5,-0.577,0.305,-0.400,20,0.117,0.008,0.117,0.008,1.50,0.75,-0.023,-0.103,0.920,1.412,-2.213,34.805
# remark: robobot/cmd/ti/rc 0.070 0.286 1744992792.0375
1744992792.04,-1,0.115,-0.016,0.008,5,-0.576,0.286,-0.400,20,0.117,0.008,0.117,0.008,1.50,0.75,-0.023,-0.103,0.920,1.412,-2.213,34.805
# remark: robobot/cmd/ti/rc 0.070 0.272 1744992792.0383518
1744992792.04,-1,0.115,-0.016,0.013,5,-0.576,0.272,-0.400,20,0.117,0.013,0.117,0.013,1.50,0.75,0.066,-0.059,1.098,-0.968,-1.053,36.118
1744992792.04,-1,0.115,-0.016,0.013,5,-0.576,0.272,-0.361,20,0.118,0.013,0.118,0.013,1.50,0.75,0.053,-0.047,0.940,0.374,0.626,31.815
# remark: robobot/cmd/ti/rc 0.070 0.290 1744992792.0562298
1744992792.06,-1,0.116,-0.016,0.014,5,-0.576,0.290,-0.361,20,0.118,0.014,0.118,0.014,1.50,0.68,0.053,-0.047,0.940,0.374,0.626,31.815
1744992792.06,-1,0.117,-0.016,0.016,5,-0.576,0.290,-0.335,20,0.119,0.016,0.119,0.016,1.50,0.68,0.119,0.033,0.931,3.029,-2.701,29.221
# remark: robobot/cmd/ti/rc 0.070 0.282 1744992792.057408
1744992792.06,-1,0.117,-0.016,0.016,5,-0.576,0.282,-0.335,20,0.119,0.016,0.119,0.016,1.50,0.68,0.119,0.033,0.931,3.029,-2.701,29.221
# remark: robobot/cmd/ti/rc 0.070 0.271 1744992792.0583801
1744992792.06,-1,0.117,-0.016,0.018,5,-0.575,0.271,-0.335,20,0.119,0.018,0.119,0.018,1.50,0.68,0.118,0.018,0.987,2.419,-0.626,26.444
1744992792.07,-1,0.117,-0.016,0.020,5,-0.575,0.271,-0.257,20,0.120,0.020,0.120,0.020,1.50,0.68,0.120,0.118,1.010,1.320,0.015,24.521
# remark: robobot/cmd/ti/rc 0.070 0.252 1744992792.093135
1744992792.09,-1,0.118,-0.016,0.023,5,-0.574,0.252,-0.257,20,0.120,0.023,0.120,0.023,1.50,0.63,0.120,0.118,1.010,1.320,0.015,24.521
1744992792.09,-1,0.118,-0.016,0.025,5,-0.574,0.252,-0.230,20,0.121,0.025,0.121,0.025,1.50,0.63,0.059,0.028,0.948,0.802,-2.884,25.131
# remark: robobot/cmd/ti/rc 0.070 0.273 1744992792.094485
1744992792.09,-1,0.118,-0.016,0.025,5,-0.574,0.273,-0.230,20,0.121,0.025,0.121,0.025,1.50,0.63,0.059,0.028,0.948,0.802,-2.884,25.131
# remark: robobot/cmd/ti/rc 0.070 -0.591 1744992792.095368
1744992792.10,-1,0.119,-0.016,0.029,5,-0.525,-0.591,-0.230,20,0.121,0.029,0.121,0.029,1.50,0.63,0.089,0.106,1.009,0.741,1.907,23.789
1744992792.12,-1,0.119,-0.016,0.029,5,-0.525,-0.591,-0.309,20,0.122,0.029,0.122,0.029,1.50,0.63,0.091,-0.042,0.862,-1.335,-2.029,24.979
# remark: robobot/cmd/ti/rc 0.070 -1.060 1744992792.1180968
1744992792.12,-1,0.120,-0.016,0.031,5,-0.504,-1.060,-0.309,20,0.122,0.031,0.122,0.031,1.50,0.58,0.091,-0.042,0.862,-1.335,-2.029,24.979
1744992792.12,-1,0.121,-0.016,0.035,5,-0.504,-1.060,-0.309,20,0.123,0.035,0.123,0.035,1.50,0.58,0.070,0.018,1.071,0.344,0.381,22.842
# remark: robobot/cmd/ti/rc 0.070 -0.068 1744992792.119169
1744992792.12,-1,0.121,-0.016,0.035,5,-0.504,-0.068,-0.309,20,0.123,0.035,0.123,0.035,1.50,0.58,0.070,0.018,1.071,0.344,0.381,22.842
# remark: robobot/cmd/ti/rc 0.070 0.210 1744992792.1290398
1744992792.13,-1,0.121,-0.015,0.039,5,-0.500,0.210,-0.309,20,0.123,0.039,0.123,0.039,1.50,0.58,0.044,-0.092,1.003,-0.327,0.198,23.453
1744992792.13,-1,0.121,-0.015,0.041,5,-0.500,0.210,-0.335,20,0.124,0.041,0.124,0.041,1.50,0.58,0.047,-0.082,0.943,2.083,0.168,20.615
# remark: robobot/cmd/ti/rc 0.070 0.385 1744992792.129813
1744992792.13,-1,0.121,-0.015,0.043,5,-0.511,0.385,-0.335,20,0.124,0.043,0.124,0.043,1.50,0.53,0.047,-0.082,0.943,2.083,0.168,20.615
1744992792.15,-1,0.122,-0.015,0.046,5,-0.511,0.385,-0.330,20,0.125,0.046,0.125,0.046,1.50,0.53,-0.115,-0.153,0.993,1.687,0.473,24.551
# remark: robobot/cmd/ti/rc 0.070 0.448 1744992792.149577
1744992792.15,-1,0.122,-0.015,0.046,5,-0.508,0.448,-0.330,20,0.125,0.046,0.125,0.046,1.50,0.53,-0.115,-0.153,0.993,1.687,0.473,24.551
# remark: robobot/cmd/ti/rc 0.070 0.130 1744992792.1504462
1744992792.15,-1,0.123,-0.015,0.050,5,-0.504,0.130,-0.330,20,0.125,0.050,0.125,0.050,1.50,0.53,-0.054,-0.110,0.896,1.839,1.785,27.329
1744992792.16,-1,0.123,-0.015,0.052,5,-0.504,0.130,-0.383,20,0.126,0.052,0.126,0.052,1.50,0.53,0.002,-0.017,1.002,1.015,-3.036,31.113
# remark: robobot/cmd/ti/rc 0.070 0.134 1744992792.16503
1744992792.17,-1,0.124,-0.015,0.054,5,-0.500,0.134,-0.383,20,0.126,0.054,0.126,0.054,1.50,0.46,0.002,-0.017,1.002,1.015,-3.036,31.113
1744992792.17,-1,0.124,-0.015,0.057,5,-0.500,0.134,-0.383,20,0.127,0.057,0.127,0.057,1.50,0.46,0.103,0.025,1.026,1.717,0.015,30.411
# remark: robobot/cmd/ti/rc 0.070 0.238 1744992792.166551
1744992792.17,-1,0.124,-0.015,0.057,5,-0.501,0.238,-0.383,20,0.127,0.057,0.127,0.057,1.50,0.46,0.103,0.025,1.026,1.717,0.015,30.411
# remark: robobot/cmd/ti/rc 0.070 0.265 1744992792.1856341
1744992792.19,-1,0.125,-0.015,0.058,5,-0.499,0.265,-0.383,20,0.127,0.058,0.127,0.058,1.50,0.46,0.099,0.077,0.941,0.802,0.900,28.061
1744992792.19,-1,0.125,-0.015,0.059,5,-0.499,0.265,-0.274,20,0.128,0.059,0.128,0.059,1.50,0.46,0.100,0.084,0.975,0.435,-1.480,25.101
# remark: robobot/cmd/ti/rc 0.070 0.154 1744992792.186754
1744992792.19,-1,0.126,-0.015,0.061,5,-0.495,0.154,-0.274,20,0.128,0.061,0.128,0.061,1.50,0.43,0.100,0.084,0.975,0.435,-1.480,25.101
1744992792.21,-1,0.127,-0.015,0.062,5,-0.495,0.154,-0.230,20,0.129,0.062,0.129,0.062,1.50,0.43,0.114,-0.005,0.985,0.924,0.015,22.018
# remark: robobot/cmd/ti/rc 0.070 0.145 1744992792.205566
1744992792.21,-1,0.127,-0.015,0.062,5,-0.491,0.145,-0.230,20,0.129,0.062,0.129,0.062,1.50,0.43,0.114,-0.005,0.985,0.924,0.015,22.018
# remark: robobot/cmd/ti/rc 0.070 0.183 1744992792.206296
1744992792.21,-1,0.128,-0.015,0.064,5,-0.489,0.183,-0.230,20,0.129,0.064,0.129,0.064,1.50,0.43,0.078,0.033,0.987,1.168,2.853,21.011
1744992792.22,-1,0.128,-0.015,0.066,5,-0.489,0.183,-0.200,20,0.130,0.066,0.130,0.066,1.50,0.43,0.038,-0.059,0.881,-0.602,-0.656,19.791
# remark: robobot/cmd/ti/rc 0.070 0.218 1744992792.218793
1744992792.22,-1,0.128,-0.015,0.067,5,-0.488,0.218,-0.200,20,0.130,0.067,0.130,0.067,1.36,0.38,0.038,-0.059,0.881,-0.602,-0.656,19.791
1744992792.24,-1,0.129,-0.015,0.072,5,-0.488,0.218,-0.248,20,0.132,0.072,0.132,0.072,1.36,0.38,0.028,-0.049,1.063,2.297,-1.236,19.486
# remark: robobot/cmd/ti/rc 0.070 0.169 1744992792.239966
1744992792.24,-1,0.129,-0.015,0.072,5,-0.483,0.169,-0.248,20,0.132,0.072,0.132,0.072,1.36,0.38,0.028,-0.049,1.063,2.297,-1.236,19.486
# remark: robobot/cmd/ti/rc 0.070 0.127 1744992792.2404292
1744992792.24,-1,0.129,-0.015,0.076,5,-0.480,0.127,-0.248,20,0.132,0.076,0.132,0.076,1.36,0.38,0.018,-0.068,0.991,1.412,1.480,22.934
1744992792.24,-1,0.130,-0.015,0.079,5,-0.480,0.127,-0.270,20,0.133,0.079,0.133,0.079,1.36,0.38,-0.006,-0.052,0.944,1.870,0.443,23.544
# remark: robobot/cmd/ti/rc 0.070 0.142 1744992792.248096
1744992792.25,-1,0.130,-0.015,0.081,6,-0.475,0.142,-0.270,20,0.133,0.081,0.133,0.081,1.05,0.38,-0.006,-0.052,0.944,1.870,0.443,23.544
1744992792.26,-1,0.130,-0.015,0.084,6,-0.475,0.142,-0.343,20,0.134,0.084,0.134,0.084,1.05,0.38,-0.130,-0.120,1.001,1.107,0.961,27.512
# remark: robobot/cmd/ti/rc 0.070 0.142 1744992792.258979
1744992792.26,-1,0.130,-0.015,0.084,6,-0.472,0.142,-0.343,20,0.134,0.084,0.134,0.084,1.05,0.38,-0.130,-0.120,1.001,1.107,0.961,27.512
# remark: robobot/cmd/ti/rc 0.070 0.220 1744992792.279661
1744992792.28,-1,0.131,-0.015,0.087,6,-0.471,0.220,-0.343,20,0.134,0.087,0.134,0.087,1.05,0.38,0.022,-0.036,0.875,0.405,0.351,29.434
1744992792.28,-1,0.132,-0.015,0.087,6,-0.471,0.220,-0.374,20,0.135,0.087,0.135,0.087,1.05,0.38,0.064,0.059,0.964,0.100,-1.877,28.854
# remark: robobot/cmd/ti/rc 0.070 0.190 1744992792.280908
1744992792.28,-1,0.132,-0.015,0.088,6,-0.467,0.190,-0.374,20,0.135,0.088,0.135,0.088,0.99,0.42,0.064,0.059,0.964,0.100,-1.877,28.854
1744992792.29,-1,0.133,-0.015,0.089,6,-0.467,0.190,-0.196,20,0.136,0.089,0.136,0.089,0.99,0.42,0.084,0.054,1.022,0.222,1.877,24.674
# remark: robobot/cmd/ti/rc 0.070 0.134 1744992792.2892659
1744992792.29,-1,0.133,-0.015,0.089,6,-0.463,0.134,-0.196,20,0.136,0.089,0.136,0.089,0.99,0.42,0.084,0.054,1.022,0.222,1.877,24.674
# remark: robobot/cmd/ti/rc 0.070 0.176 1744992792.29936
1744992792.30,-1,0.134,-0.015,0.090,6,-0.461,0.176,-0.196,20,0.136,0.090,0.136,0.090,0.99,0.42,0.121,0.057,0.899,1.015,-1.755,19.547
1744992792.30,-1,0.134,-0.015,0.090,6,-0.461,0.176,-0.126,20,0.137,0.090,0.137,0.090,0.99,0.42,0.073,0.021,1.037,0.710,-1.022,17.532
# remark: robobot/cmd/ti/rc 0.070 0.175 1744992792.310807
1744992792.31,-1,0.134,-0.015,0.091,6,-0.457,0.175,-0.126,20,0.137,0.091,0.137,0.091,0.88,0.46,0.073,0.021,1.037,0.710,-1.022,17.532
1744992792.32,-1,0.135,-0.015,0.094,6,-0.457,0.175,-0.100,20,0.138,0.094,0.138,0.094,0.88,0.46,0.029,-0.017,0.939,1.046,2.640,13.992
# remark: robobot/cmd/ti/rc 0.070 0.173 1744992792.320692
1744992792.32,-1,0.135,-0.015,0.094,6,-0.455,0.173,-0.100,20,0.138,0.094,0.138,0.094,0.88,0.46,0.029,-0.017,0.939,1.046,2.640,13.992
# remark: robobot/cmd/ti/rc 0.070 0.177 1744992792.3319511
1744992792.33,-1,0.136,-0.014,0.098,6,-0.451,0.177,-0.100,20,0.138,0.098,0.138,0.098,0.88,0.46,-0.023,-0.042,0.941,-0.144,-0.473,15.549
1744992792.33,-1,0.136,-0.014,0.100,6,-0.451,0.177,-0.200,20,0.139,0.100,0.139,0.100,0.88,0.46,-0.032,-0.066,1.017,0.527,-0.687,17.960
# remark: robobot/cmd/ti/rc 0.070 0.143 1744992792.34171
1744992792.34,-1,0.136,-0.014,0.102,6,-0.447,0.143,-0.200,20,0.139,0.102,0.139,0.102,0.86,0.72,-0.032,-0.066,1.017,0.527,-0.687,17.960
1744992792.35,-1,0.136,-0.014,0.105,6,-0.447,0.143,-0.261,20,0.140,0.105,0.140,0.105,0.86,0.72,-0.006,-0.084,0.966,0.039,-1.053,23.239
# remark: robobot/cmd/ti/rc 0.070 0.145 1744992792.348274
1744992792.35,-1,0.136,-0.014,0.105,6,-0.444,0.145,-0.261,20,0.140,0.105,0.140,0.105,0.86,0.72,-0.006,-0.084,0.966,0.039,-1.053,23.239
# remark: robobot/cmd/ti/rc 0.070 0.182 1744992792.360872
1744992792.36,-1,0.137,-0.014,0.110,6,-0.442,0.182,-0.261,20,0.140,0.110,0.140,0.110,0.86,0.72,-0.016,-0.054,0.923,0.954,0.656,23.819
1744992792.36,-1,0.137,-0.014,0.110,6,-0.442,0.182,-0.287,20,0.141,0.110,0.141,0.110,0.86,0.72,-0.012,-0.065,0.939,-0.450,-0.778,25.955
# remark: robobot/cmd/ti/rc 0.070 0.176 1744992792.377366
1744992792.38,-1,0.138,-0.014,0.112,6,-0.438,0.176,-0.287,20,0.141,0.112,0.141,0.112,0.90,0.97,-0.012,-0.065,0.939,-0.450,-0.778,25.955
1744992792.38,-1,0.138,-0.014,0.113,6,-0.438,0.176,-0.352,20,0.142,0.113,0.142,0.113,0.90,0.97,0.042,-0.032,0.993,0.710,-1.663,23.422
# remark: robobot/cmd/ti/rc 0.070 0.135 1744992792.378431
1744992792.38,-1,0.138,-0.014,0.113,6,-0.434,0.135,-0.352,20,0.142,0.113,0.142,0.113,0.90,0.97,0.042,-0.032,0.993,0.710,-1.663,23.422
# remark: robobot/cmd/ti/alive 2025-04-18 18:13:08.652491
# remark: robobot/cmd/ti/rc 0.070 0.123 1744992792.398356
1744992792.40,-1,0.139,-0.014,0.113,6,-0.429,0.123,-0.352,20,0.142,0.113,0.142,0.113,0.90,0.97,0.092,-0.037,0.987,0.558,-0.656,24.185
1744992792.40,-1,0.139,-0.014,0.113,6,-0.429,0.123,-0.078,20,0.143,0.113,0.143,0.113,0.90,0.97,0.085,0.035,0.869,1.656,0.839,19.882
# remark: robobot/cmd/ti/rc 0.070 0.127 1744992792.3993201
1744992792.40,-1,0.140,-0.014,0.113,6,-0.425,0.127,-0.078,20,0.143,0.113,0.143,0.113,0.96,1.12,0.085,0.035,0.869,1.656,0.839,19.882
1744992792.41,-1,0.141,-0.014,0.115,6,-0.425,0.127,-0.052,20,0.144,0.115,0.144,0.115,0.96,1.12,0.067,0.046,0.971,-0.419,-2.945,16.007
# remark: robobot/cmd/ti/rc 0.070 0.160 1744992792.405928
1744992792.41,-1,0.141,-0.014,0.115,6,-0.422,0.160,-0.052,20,0.144,0.115,0.144,0.115,0.96,1.12,0.067,0.046,0.971,-0.419,-2.945,16.007
# remark: robobot/cmd/ti/rc 0.070 0.158 1744992792.4166222
1744992792.42,-1,0.141,-0.014,0.119,6,-0.418,0.158,-0.052,20,0.144,0.119,0.144,0.119,0.96,1.12,0.096,0.032,1.070,1.534,0.900,10.971
1744992792.43,-1,0.141,-0.014,0.120,6,-0.418,0.158,-0.148,20,0.145,0.120,0.145,0.120,0.96,1.12,0.013,-0.098,0.879,-0.541,0.229,14.298
# remark: robobot/cmd/ti/rc 0.070 0.150 1744992792.4253771
1744992792.43,-1,0.142,-0.014,0.121,6,-0.415,0.150,-0.148,20,0.145,0.121,0.145,0.121,0.92,1.36,0.013,-0.098,0.879,-0.541,0.229,14.298
1744992792.44,-1,0.142,-0.014,0.125,6,-0.415,0.150,-0.196,20,0.146,0.125,0.146,0.125,0.92,1.36,-0.038,-0.037,1.013,1.015,-0.290,18.143
# remark: robobot/cmd/ti/rc 0.070 0.150 1744992792.435384
1744992792.44,-1,0.142,-0.014,0.125,6,-0.411,0.150,-0.196,20,0.146,0.125,0.146,0.125,0.92,1.36,-0.038,-0.037,1.013,1.015,-0.290,18.143
# remark: robobot/cmd/ti/rc 0.070 0.150 1744992792.447972
1744992792.45,-1,0.142,-0.014,0.128,6,-0.407,0.150,-0.196,20,0.146,0.128,0.146,0.128,0.92,1.36,-0.027,-0.065,0.964,-0.816,1.511,22.293
1744992792.46,-1,0.143,-0.014,0.131,6,-0.407,0.150,-0.270,20,0.147,0.131,0.147,0.131,0.92,1.36,0.020,-0.030,0.927,0.832,-1.114,22.507
# remark: robobot/cmd/ti/rc 0.070 0.143 1744992792.458244
1744992792.46,-1,0.143,-0.014,0.131,6,-0.403,0.143,-0.270,20,0.147,0.131,0.147,0.131,1.02,1.28,0.020,-0.030,0.927,0.832,-1.114,22.507
1744992792.47,-1,0.144,-0.013,0.131,6,-0.403,0.143,-0.296,20,0.148,0.131,0.148,0.131,1.02,1.28,0.020,-0.115,0.961,-1.518,-3.372,25.803
# remark: robobot/cmd/ti/rc 0.070 0.134 1744992792.4681962
1744992792.47,-1,0.144,-0.013,0.131,6,-0.399,0.134,-0.296,20,0.148,0.131,0.148,0.131,1.02,1.28,0.020,-0.115,0.961,-1.518,-3.372,25.803
# remark: robobot/cmd/ti/rc 0.070 0.111 1744992792.478281
1744992792.48,-1,0.145,-0.013,0.131,6,-0.394,0.111,-0.296,20,0.148,0.131,0.148,0.131,1.02,1.28,0.057,0.015,1.084,1.626,3.433,23.392
1744992792.49,-1,0.145,-0.013,0.132,6,-0.394,0.111,-0.057,20,0.149,0.132,0.149,0.132,1.02,1.28,0.233,0.107,0.818,1.900,-2.975,18.082
# remark: robobot/cmd/ti/rc 0.070 0.117 1744992792.4877372
1744992792.49,-1,0.145,-0.013,0.134,6,-0.390,0.117,-0.057,20,0.149,0.134,0.149,0.134,1.22,1.18,0.233,0.107,0.818,1.900,-2.975,18.082
1744992792.50,-1,0.146,-0.013,0.135,6,-0.390,0.117,-0.117,20,0.150,0.135,0.150,0.135,1.22,1.18,0.159,0.076,1.127,2.724,0.046,12.985
# remark: robobot/cmd/ti/rc 0.070 0.134 1744992792.501457
1744992792.50,-1,0.146,-0.013,0.135,6,-0.386,0.134,-0.117,20,0.150,0.135,0.150,0.135,1.22,1.18,0.159,0.076,1.127,2.724,0.046,12.985
# remark: robobot/cmd/ti/rc 0.070 0.115 1744992792.508084
1744992792.51,-1,0.147,-0.013,0.138,6,-0.381,0.115,-0.117,20,0.150,0.138,0.150,0.138,1.22,1.18,0.025,-0.073,0.846,0.130,3.189,12.772
1744992792.52,-1,0.147,-0.013,0.138,6,-0.381,0.115,-0.165,20,0.151,0.138,0.151,0.138,1.22,1.18,0.002,0.016,1.001,1.595,-0.290,13.931
# remark: robobot/cmd/ti/rc 0.070 0.126 1744992792.518035
1744992792.52,-1,0.147,-0.013,0.139,6,-0.377,0.126,-0.165,20,0.151,0.139,0.151,0.139,1.40,1.00,0.002,0.016,1.001,1.595,-0.290,13.931
1744992792.53,-1,0.148,-0.013,0.142,6,-0.377,0.126,-0.157,20,0.152,0.142,0.152,0.142,1.40,1.00,-0.036,-0.044,0.954,0.435,1.328,18.509
# remark: robobot/cmd/ti/rc 0.070 0.148 1744992792.525423
1744992792.53,-1,0.148,-0.013,0.142,6,-0.374,0.148,-0.157,20,0.152,0.142,0.152,0.142,1.40,1.00,-0.036,-0.044,0.954,0.435,1.328,18.509
# remark: robobot/cmd/ti/rc 0.070 0.134 1744992792.537848
1744992792.54,-1,0.148,-0.013,0.145,6,-0.369,0.134,-0.157,20,0.152,0.145,0.152,0.145,1.40,1.00,0.015,0.000,0.955,0.893,0.137,20.310
1744992792.54,-1,0.149,-0.013,0.146,6,-0.369,0.134,-0.257,20,0.153,0.146,0.153,0.146,1.40,1.00,-0.007,-0.059,0.958,-0.114,-1.175,22.110
# remark: robobot/cmd/ti/rc 0.070 0.107 1744992792.544864
1744992792.55,-1,0.149,-0.013,0.146,6,-0.365,0.107,-0.257,20,0.153,0.146,0.153,0.146,1.22,0.92,-0.007,-0.059,0.958,-0.114,-1.175,22.110
1744992792.56,-1,0.150,-0.013,0.148,6,-0.365,0.107,-0.274,20,0.154,0.148,0.154,0.148,1.22,0.92,0.159,0.042,1.000,1.229,-1.968,20.096
# remark: robobot/cmd/ti/rc 0.070 0.116 1744992792.556004
1744992792.56,-1,0.150,-0.013,0.148,6,-0.361,0.116,-0.274,20,0.154,0.148,0.154,0.148,1.22,0.92,0.159,0.042,1.000,1.229,-1.968,20.096
# remark: robobot/cmd/ti/rc 0.070 0.092 1744992792.565805
1744992792.57,-1,0.150,-0.013,0.151,6,-0.355,0.092,-0.274,20,0.154,0.151,0.154,0.151,1.22,0.92,0.115,-0.031,0.950,0.649,-0.595,16.983
1744992792.58,-1,0.151,-0.013,0.153,6,-0.355,0.092,-0.196,20,0.155,0.153,0.155,0.153,1.22,0.92,0.033,-0.039,0.972,1.229,3.464,17.105
# remark: robobot/cmd/ti/rc 0.070 0.077 1744992792.576981
1744992792.58,-1,0.151,-0.012,0.153,6,-0.350,0.077,-0.196,20,0.155,0.153,0.155,0.153,1.50,0.91,0.033,-0.039,0.972,1.229,3.464,17.105
1744992792.59,-1,0.152,-0.012,0.154,6,-0.350,0.077,-0.170,20,0.156,0.154,0.156,0.154,1.50,0.91,-0.023,-0.062,0.882,1.504,-0.107,19.394
# remark: robobot/cmd/ti/rc 0.070 0.061 1744992792.588205
1744992792.59,-1,0.152,-0.012,0.154,6,-0.343,0.061,-0.170,20,0.156,0.154,0.156,0.154,1.50,0.91,-0.023,-0.062,0.882,1.504,-0.107,19.394
# remark: robobot/cmd/ti/rc 0.070 0.103 1744992792.5956311
1744992792.60,-1,0.152,-0.012,0.156,6,-0.340,0.103,-0.170,20,0.156,0.156,0.156,0.156,1.50,0.91,0.117,0.031,1.050,1.870,-2.640,18.295
1744992792.60,-1,0.153,-0.012,0.157,6,-0.340,0.103,-0.178,20,0.157,0.157,0.157,0.157,1.50,0.91,0.070,0.001,1.050,0.497,1.633,16.953
# remark: robobot/cmd/ti/rc 0.070 0.156 1744992792.609015
1744992792.61,-1,0.153,-0.012,0.157,6,-0.336,0.156,-0.178,20,0.157,0.157,0.157,0.157,1.50,0.80,0.070,0.001,1.050,0.497,1.633,16.953
1744992792.62,-1,0.153,-0.012,0.160,6,-0.336,0.156,-0.165,20,0.158,0.160,0.158,0.160,1.50,0.80,0.030,-0.011,0.873,1.473,0.565,17.410
# remark: robobot/cmd/ti/rc 0.070 0.083 1744992792.617759
1744992792.62,-1,0.153,-0.012,0.160,6,-0.330,0.083,-0.165,20,0.158,0.160,0.158,0.160,1.50,0.80,0.030,-0.011,0.873,1.473,0.565,17.410
# remark: robobot/cmd/ti/rc 0.070 0.064 1744992792.6272929
1744992792.63,-1,0.154,-0.012,0.161,6,-0.325,0.064,-0.165,20,0.158,0.161,0.158,0.161,1.50,0.80,-0.012,-0.040,0.914,0.771,-1.572,19.577
1744992792.63,-1,0.155,-0.012,0.161,6,-0.325,0.064,-0.174,20,0.159,0.161,0.159,0.161,1.50,0.80,0.098,0.035,1.041,-0.511,0.381,18.539
# remark: robobot/cmd/ti/rc 0.070 0.078 1744992792.642347
1744992792.64,-1,0.155,-0.012,0.163,6,-0.319,0.078,-0.174,20,0.159,0.163,0.159,0.163,1.29,1.00,0.098,0.035,1.041,-0.511,0.381,18.539
1744992792.65,-1,0.155,-0.012,0.164,6,-0.319,0.078,-0.174,20,0.160,0.164,0.160,0.164,1.29,1.00,0.133,0.016,1.015,1.259,0.565,15.610
# remark: robobot/cmd/ti/rc 0.070 0.095 1744992792.6468549
1744992792.65,-1,0.155,-0.012,0.164,6,-0.315,0.095,-0.174,20,0.160,0.164,0.160,0.164,1.29,1.00,0.133,0.016,1.015,1.259,0.565,15.610
# remark: robobot/cmd/ti/rc 0.070 0.125 1744992792.6579998
1744992792.66,-1,0.156,-0.012,0.167,6,-0.311,0.125,-0.174,20,0.160,0.167,0.160,0.167,1.29,1.00,0.036,-0.040,0.975,0.161,2.579,15.183
1744992792.66,-1,0.156,-0.012,0.167,6,-0.311,0.125,-0.183,20,0.161,0.167,0.161,0.167,1.29,1.00,-0.009,-0.055,0.896,0.741,1.083,15.854
# remark: robobot/cmd/ti/rc 0.070 0.106 1744992792.667704
1744992792.67,-1,0.157,-0.012,0.168,6,-0.307,0.106,-0.183,20,0.161,0.168,0.161,0.168,1.12,1.04,-0.009,-0.055,0.896,0.741,1.083,15.854
1744992792.68,-1,0.158,-0.011,0.169,6,-0.307,0.106,-0.148,20,0.162,0.169,0.162,0.169,1.12,1.04,0.082,-0.014,0.983,1.534,-3.525,15.579
# remark: robobot/cmd/ti/rc 0.070 0.092 1744992792.678247
1744992792.68,-1,0.158,-0.011,0.169,6,-0.302,0.092,-0.148,20,0.162,0.169,0.162,0.169,1.12,1.04,0.082,-0.014,0.983,1.534,-3.525,15.579
# remark: robobot/cmd/ti/rc 0.070 -0.050 1744992792.6869838
1744992792.69,-1,0.158,-0.011,0.171,6,-0.017,-0.050,-0.148,20,0.162,0.171,0.162,0.171,1.12,1.04,0.078,-0.014,1.125,1.076,0.992,14.206
1744992792.69,-1,0.158,-0.011,0.172,6,-0.017,-0.050,-0.104,20,0.163,0.172,0.163,0.172,1.12,1.04,0.002,-0.044,0.929,0.619,4.532,16.342
# remark: robobot/cmd/ti/rc 0.070 0.050 1744992792.6959958
1744992792.70,-1,0.159,-0.011,0.172,6,0.005,0.050,-0.104,20,0.163,0.172,0.163,0.172,0.85,1.04,0.002,-0.044,0.929,0.619,4.532,16.342
1744992792.71,-1,0.160,-0.011,0.173,6,0.005,0.050,-0.161,20,0.164,0.173,0.164,0.173,0.85,1.04,0.017,0.004,0.845,1.839,-2.060,17.807
# remark: robobot/cmd/ti/rc 0.070 0.077 1744992792.707972
1744992792.71,-1,0.160,-0.011,0.173,6,0.020,0.077,-0.161,20,0.164,0.173,0.164,0.173,0.85,1.04,0.017,0.004,0.845,1.839,-2.060,17.807
# remark: robobot/cmd/ti/rc 0.070 0.050 1744992792.71783
1744992792.72,-1,0.160,-0.011,0.176,6,0.015,0.050,-0.161,20,0.164,0.176,0.164,0.176,0.85,1.04,0.095,0.035,1.007,0.161,-1.205,13.626
1744992792.73,-1,0.161,-0.011,0.177,6,0.015,0.050,-0.187,20,0.165,0.177,0.165,0.177,0.85,1.04,-0.013,-0.018,1.086,1.717,2.213,14.359
# remark: robobot/cmd/ti/rc 0.070 0.067 1744992792.7310872
1744992792.73,-1,0.161,-0.011,0.178,6,0.016,0.067,-0.187,20,0.165,0.178,0.165,0.178,0.80,1.50,-0.013,-0.018,1.086,1.717,2.213,14.359
1744992792.74,-1,0.162,-0.011,0.178,6,0.016,0.067,-0.161,20,0.166,0.178,0.166,0.178,0.80,1.50,0.033,0.006,0.785,-0.633,0.870,13.382
# remark: robobot/cmd/ti/rc 0.070 0.050 1744992792.7374752
1744992792.74,-1,0.162,-0.011,0.178,6,0.027,0.050,-0.161,20,0.166,0.178,0.166,0.178,0.80,1.50,0.033,0.006,0.785,-0.633,0.870,13.382
# remark: robobot/cmd/ti/rc 0.070 0.063 1744992792.746148
1744992792.75,-1,0.163,-0.011,0.180,6,0.035,0.063,-0.161,20,0.166,0.180,0.166,0.180,0.80,1.50,0.096,0.104,1.009,1.351,-4.684,10.544
1744992792.75,-1,0.163,-0.010,0.182,6,0.035,0.063,-0.143,20,0.167,0.182,0.167,0.182,0.80,1.50,0.022,-0.082,1.011,1.076,2.823,7.706
# remark: robobot/cmd/ti/rc 0.070 0.050 1744992792.7580621
1744992792.76,-1,0.163,-0.010,0.182,6,0.037,0.050,-0.143,20,0.167,0.182,0.167,0.182,0.76,1.50,0.022,-0.082,1.011,1.076,2.823,7.706
1744992792.78,-1,0.164,-0.010,0.180,6,0.037,0.050,-0.113,20,0.168,0.180,0.168,0.180,0.76,1.50,0.057,0.020,0.968,-0.236,3.159,10.269
# remark: robobot/cmd/ti/rc 0.070 0.066 1744992792.7811708
1744992792.78,-1,0.164,-0.010,0.180,6,0.038,0.066,-0.113,20,0.168,0.180,0.168,0.180,0.76,1.50,0.057,0.020,0.968,-0.236,3.159,10.269
# remark: robobot/cmd/ti/rc 0.070 0.050 1744992792.782088
1744992792.78,-1,0.165,-0.010,0.183,6,0.046,0.050,-0.113,20,0.168,0.183,0.168,0.183,0.76,1.50,0.054,0.031,0.927,0.100,-2.731,5.325
1744992792.79,-1,0.165,-0.010,0.184,6,0.046,0.050,-0.074,20,0.170,0.184,0.170,0.184,0.76,1.50,0.027,-0.028,1.085,2.267,-0.076,4.227
# remark: robobot/cmd/ti/rc 0.070 0.067 1744992792.787862
1744992792.79,-1,0.165,-0.010,0.184,6,0.049,0.067,-0.074,20,0.170,0.184,0.170,0.184,0.71,1.50,0.027,-0.028,1.085,2.267,-0.076,4.227
1744992792.80,-1,0.166,-0.010,0.184,6,0.049,0.067,-0.087,20,0.171,0.184,0.171,0.184,0.71,1.50,0.021,-0.039,0.787,-0.053,4.318,4.654
# remark: robobot/cmd/ti/rc 0.070 0.050 1744992792.7984178
1744992792.80,-1,0.166,-0.010,0.184,6,0.058,0.050,-0.087,20,0.171,0.184,0.171,0.184,0.71,1.50,0.021,-0.039,0.787,-0.053,4.318,4.654
# remark: robobot/cmd/ti/rc 0.070 0.011 1744992792.8060212
1744992792.81,-1,0.167,-0.010,0.184,6,0.060,0.011,-0.087,20,0.171,0.184,0.171,0.184,0.71,1.50,0.094,0.013,1.029,-0.266,-5.569,4.929
1744992792.81,-1,0.167,-0.010,0.184,6,0.060,0.011,-0.017,20,0.172,0.184,0.172,0.184,0.71,1.50,-0.064,-0.009,1.193,0.008,5.539,2.335
# remark: robobot/cmd/ti/rc 0.070 -0.183 1744992792.81813
1744992792.82,-1,0.167,-0.010,0.184,6,0.065,-0.183,-0.017,20,0.172,0.184,0.172,0.184,0.77,1.50,-0.064,-0.009,1.193,0.008,5.539,2.335
1744992792.83,-1,0.168,-0.010,0.183,6,0.065,-0.183,-0.017,20,0.173,0.183,0.173,0.183,0.77,1.50,0.117,0.050,0.684,0.466,1.816,1.297
# remark: robobot/cmd/ti/rc 0.070 -0.227 1744992792.8333461
1744992792.83,-1,0.168,-0.010,0.183,6,0.072,-0.227,-0.017,20,0.173,0.183,0.173,0.183,0.77,1.50,0.117,0.050,0.684,0.466,1.816,1.297
# remark: robobot/cmd/ti/rc 0.070 -0.201 1744992792.842519
1744992792.84,-1,0.169,-0.009,0.184,7,0.074,-0.201,-0.017,20,0.173,0.184,0.173,0.184,0.77,1.50,0.064,0.036,1.015,1.443,-6.454,-3.006
1744992792.84,-1,0.169,-0.009,0.184,7,0.074,-0.201,0.013,20,0.174,0.184,0.174,0.184,0.77,1.50,0.016,-0.020,1.028,-1.945,7.217,-2.945
# remark: robobot/cmd/ti/rc 0.070 -0.114 1744992792.84906
1744992792.85,-1,0.169,-0.009,0.184,7,0.077,-0.114,0.013,20,0.174,0.184,0.174,0.184,0.90,1.50,0.016,-0.020,1.028,-1.945,7.217,-2.945
1744992792.86,-1,0.170,-0.009,0.182,7,0.077,-0.114,0.026,20,0.175,0.182,0.175,0.182,0.90,1.50,0.126,0.039,0.865,2.938,-3.616,-3.403
# remark: robobot/cmd/ti/rc 0.070 -0.144 1744992792.8567739
1744992792.86,-1,0.170,-0.009,0.182,7,0.080,-0.144,0.026,20,0.175,0.182,0.175,0.182,0.90,1.50,0.126,0.039,0.865,2.938,-3.616,-3.403
# remark: robobot/cmd/ti/rc 0.070 -0.206 1744992792.872224
1744992792.87,-1,0.171,-0.009,0.180,7,0.086,-0.206,0.026,20,0.175,0.180,0.175,0.180,0.90,1.50,-0.060,0.003,1.226,-3.715,1.083,-4.196
1744992792.87,-1,0.171,-0.009,0.180,7,0.086,-0.206,0.078,20,0.176,0.180,0.176,0.180,0.90,1.50,0.079,0.068,0.737,-0.175,6.424,-8.224
# remark: robobot/cmd/ti/rc 0.070 -0.189 1744992792.879633
1744992792.88,-1,0.171,-0.009,0.180,7,0.089,-0.189,0.078,20,0.176,0.180,0.176,0.180,0.97,1.50,0.079,0.068,0.737,-0.175,6.424,-8.224
1744992792.89,-1,0.172,-0.009,0.179,7,0.089,-0.189,0.091,20,0.177,0.179,0.177,0.179,0.97,1.50,0.072,0.007,0.961,1.504,-7.584,-11.887
# remark: robobot/cmd/ti/rc 0.070 -0.164 1744992792.8910358
1744992792.89,-1,0.172,-0.009,0.179,7,0.094,-0.164,0.091,20,0.177,0.179,0.177,0.179,0.97,1.50,0.072,0.007,0.961,1.504,-7.584,-11.887
# remark: robobot/cmd/ti/rc 0.070 -0.198 1744992792.8966908
1744992792.90,-1,0.173,-0.009,0.177,7,0.098,-0.198,0.091,20,0.177,0.177,0.177,0.177,0.97,1.50,0.016,-0.022,1.194,-3.562,6.699,-9.567
1744992792.90,-1,0.173,-0.009,0.177,7,0.098,-0.198,0.135,20,0.178,0.177,0.178,0.177,0.97,1.50,0.097,0.042,0.875,0.558,-1.511,-12.344
# remark: robobot/cmd/ti/rc 0.070 -0.116 1744992792.907135
1744992792.91,-1,0.173,-0.009,0.177,7,0.098,-0.116,0.135,20,0.178,0.177,0.178,0.177,0.95,1.50,0.097,0.042,0.875,0.558,-1.511,-12.344
1744992792.92,-1,0.174,-0.008,0.175,7,0.098,-0.116,0.117,20,0.179,0.175,0.179,0.175,0.95,1.50,-0.014,-0.096,0.974,0.130,-2.365,-9.781
# remark: robobot/cmd/ti/rc 0.070 -0.118 1744992792.918014
1744992792.92,-1,0.174,-0.008,0.175,7,0.102,-0.118,0.117,20,0.179,0.175,0.179,0.175,0.95,1.50,-0.014,-0.096,0.974,0.130,-2.365,-9.781
# remark: robobot/cmd/ti/alive 2025-04-18 18:13:08.652491
# remark: robobot/cmd/ti/rc 0.070 -0.160 1744992792.93016
1744992792.93,-1,0.175,-0.008,0.172,7,0.105,-0.160,0.117,20,0.179,0.172,0.179,0.172,0.95,1.50,0.124,-0.012,0.917,-2.189,1.663,-10.147
1744992792.93,-1,0.175,-0.008,0.171,7,0.105,-0.160,0.178,20,0.180,0.171,0.180,0.171,0.95,1.50,0.003,0.034,1.093,-0.755,3.372,-14.114
# remark: robobot/cmd/ti/rc 0.070 -0.116 1744992792.936199
1744992792.94,-1,0.175,-0.008,0.171,7,0.106,-0.116,0.178,20,0.180,0.171,0.180,0.171,0.69,1.50,0.003,0.034,1.093,-0.755,3.372,-14.114
1744992792.95,-1,0.176,-0.008,0.171,7,0.106,-0.116,0.157,20,0.181,0.171,0.181,0.171,0.69,1.50,0.113,0.038,0.855,2.144,-2.121,-18.600
# remark: robobot/cmd/ti/rc 0.070 -0.146 1744992792.949304
1744992792.95,-1,0.176,-0.008,0.171,7,0.110,-0.146,0.157,20,0.181,0.171,0.181,0.171,0.69,1.50,0.113,0.038,0.855,2.144,-2.121,-18.600
# remark: robobot/cmd/ti/rc 0.070 -0.189 1744992792.9610062
1744992792.96,-1,0.177,-0.008,0.168,7,0.114,-0.189,0.157,20,0.181,0.168,0.181,0.168,0.69,1.50,-0.014,-0.088,1.054,-1.975,-0.443,-14.297
1744992792.97,-1,0.177,-0.008,0.167,7,0.114,-0.189,0.135,20,0.182,0.167,0.182,0.167,0.69,1.50,0.118,0.016,0.882,-0.724,0.565,-12.894
# remark: robobot/cmd/ti/rc 0.070 -0.157 1744992792.970001
1744992792.97,-1,0.177,-0.008,0.167,7,0.117,-0.157,0.135,20,0.182,0.167,0.182,0.167,0.88,1.50,0.118,0.016,0.882,-0.724,0.565,-12.894
1744992792.98,-1,0.178,-0.008,0.164,7,0.117,-0.157,0.187,20,0.183,0.164,0.183,0.164,0.88,1.50,-0.018,-0.012,1.037,-1.548,0.565,-11.764
# remark: robobot/cmd/ti/rc 0.070 -0.194 1744992792.9760609
1744992792.98,-1,0.178,-0.008,0.164,7,0.122,-0.194,0.187,20,0.183,0.164,0.183,0.164,0.88,1.50,-0.018,-0.012,1.037,-1.548,0.565,-11.764
# remark: robobot/cmd/ti/rc 0.070 -0.220 1744992792.985915
1744992792.99,-1,0.179,-0.008,0.163,7,0.126,-0.220,0.187,20,0.183,0.163,0.183,0.163,0.88,1.50,0.120,0.001,0.909,0.497,-0.107,-13.931
1744992792.99,-1,0.179,-0.008,0.162,7,0.126,-0.220,0.174,20,0.184,0.162,0.184,0.162,0.88,1.50,-0.019,-0.104,1.052,-2.159,1.724,-10.788
# remark: robobot/cmd/ti/rc 0.070 -0.131 1744992792.998634
1744992793.00,-1,0.180,-0.007,0.160,7,0.127,-0.131,0.174,20,0.184,0.160,0.184,0.160,0.97,1.50,-0.019,-0.104,1.052,-2.159,1.724,-10.788
1744992793.00,-1,0.180,-0.007,0.158,7,0.127,-0.131,0.178,20,0.185,0.158,0.185,0.158,0.97,1.50,0.093,0.102,0.912,-1.823,4.440,-15.915
# remark: robobot/cmd/ti/rc 0.070 -0.122 1744992793.0091531
1744992793.01,-1,0.180,-0.007,0.158,7,0.130,-0.122,0.178,20,0.185,0.158,0.185,0.158,0.97,1.50,0.093,0.102,0.912,-1.823,4.440,-15.915
# remark: robobot/cmd/ti/rc 0.070 -0.130 1744992793.0162308
1744992793.02,-1,0.181,-0.007,0.156,7,0.131,-0.130,0.178,20,0.185,0.156,0.185,0.156,0.97,1.50,-0.035,0.020,0.906,-0.450,-2.060,-19.302
1744992793.03,-1,0.181,-0.007,0.156,7,0.131,-0.130,0.200,20,0.187,0.156,0.187,0.156,0.97,1.50,0.066,-0.046,1.022,2.053,-3.525,-19.058
# remark: robobot/cmd/ti/rc 0.070 -0.100 1744992793.0327702
1744992793.03,-1,0.182,-0.007,0.155,7,0.132,-0.100,0.200,20,0.187,0.155,0.187,0.155,0.90,1.50,0.066,-0.046,1.022,2.053,-3.525,-19.058
1744992793.04,-1,0.182,-0.007,0.151,7,0.132,-0.100,0.200,20,0.188,0.151,0.188,0.151,0.90,1.50,0.029,-0.108,1.005,-4.447,2.213,-14.633
# remark: robobot/cmd/ti/rc 0.070 -0.117 1744992793.039968
1744992793.04,-1,0.182,-0.007,0.151,7,0.135,-0.117,0.200,20,0.188,0.151,0.188,0.151,0.90,1.50,0.029,-0.108,1.005,-4.447,2.213,-14.633
# remark: robobot/cmd/ti/rc 0.070 -0.143 1744992793.048924
1744992793.05,-1,0.183,-0.007,0.150,7,0.137,-0.143,0.200,20,0.188,0.150,0.188,0.150,0.90,1.50,0.095,0.026,1.074,1.473,2.090,-15.121
1744992793.06,-1,0.183,-0.007,0.149,7,0.137,-0.143,0.174,20,0.189,0.149,0.189,0.149,0.90,1.50,-0.050,-0.052,0.862,-2.311,3.281,-14.511
# remark: robobot/cmd/ti/rc 0.070 -0.150 1744992793.056882
1744992793.06,-1,0.184,-0.007,0.149,7,0.140,-0.150,0.174,20,0.189,0.149,0.189,0.149,0.73,1.50,-0.050,-0.052,0.862,-2.311,3.281,-14.511
1744992793.07,-1,0.184,-0.007,0.148,7,0.140,-0.150,0.174,20,0.190,0.148,0.190,0.148,0.73,1.50,0.104,-0.006,0.939,-0.327,-2.731,-13.748
# remark: robobot/cmd/ti/rc 0.070 -0.135 1744992793.066769
1744992793.07,-1,0.184,-0.007,0.148,7,0.141,-0.135,0.174,20,0.190,0.148,0.190,0.148,0.73,1.50,0.104,-0.006,0.939,-0.327,-2.731,-13.748
# remark: robobot/cmd/ti/rc 0.070 -0.132 1744992793.076189
1744992793.08,-1,0.185,-0.007,0.145,7,0.144,-0.132,0.174,20,0.190,0.145,0.190,0.145,0.73,1.50,-0.019,-0.143,1.075,-2.189,1.389,-9.537
1744992793.08,-1,0.185,-0.007,0.143,7,0.144,-0.132,0.174,20,0.191,0.143,0.191,0.143,0.73,1.50,0.132,0.130,0.961,-1.548,3.738,-15.152
# remark: robobot/cmd/ti/rc 0.070 -0.167 1744992793.089975
1744992793.09,-1,0.186,-0.007,0.143,7,0.147,-0.167,0.174,20,0.191,0.143,0.191,0.143,0.86,1.46,0.132,0.130,0.961,-1.548,3.738,-15.152
1744992793.10,-1,0.186,-0.006,0.142,7,0.147,-0.167,0.170,20,0.192,0.142,0.192,0.142,0.86,1.46,-0.021,-0.062,0.858,-0.053,-3.769,-17.898
# remark: robobot/cmd/ti/rc 0.070 -0.131 1744992793.096218
1744992793.10,-1,0.186,-0.006,0.142,7,0.148,-0.131,0.170,20,0.192,0.142,0.192,0.142,0.86,1.46,-0.021,-0.062,0.858,-0.053,-3.769,-17.898
# remark: robobot/cmd/ti/rc 0.070 -0.127 1744992793.1080801
1744992793.11,-1,0.187,-0.006,0.141,7,0.151,-0.127,0.170,20,0.192,0.141,0.192,0.141,0.86,1.46,0.078,-0.038,1.021,0.497,-0.778,-16.251
1744992793.12,-1,0.187,-0.006,0.139,7,0.151,-0.127,0.161,20,0.193,0.139,0.193,0.139,0.86,1.46,0.005,-0.079,0.922,-3.440,1.816,-12.558
# remark: robobot/cmd/ti/rc 0.070 -0.177 1744992793.11888
1744992793.12,-1,0.188,-0.006,0.138,7,0.154,-0.177,0.161,20,0.193,0.138,0.193,0.138,0.86,0.82,0.005,-0.079,0.922,-3.440,1.816,-12.558
1744992793.12,-1,0.189,-0.006,0.138,7,0.154,-0.177,0.200,20,0.194,0.138,0.194,0.138,0.86,0.82,0.107,0.058,1.032,0.649,0.412,-14.816
# remark: robobot/cmd/ti/rc 0.070 -0.148 1744992793.129612
1744992793.13,-1,0.189,-0.006,0.138,7,0.155,-0.148,0.200,20,0.194,0.138,0.194,0.138,0.86,0.82,0.107,0.058,1.032,0.649,0.412,-14.816
# remark: robobot/cmd/ti/rc 0.070 -0.119 1744992793.141299
1744992793.14,-1,0.189,-0.006,0.135,7,0.157,-0.119,0.200,20,0.194,0.135,0.194,0.135,0.86,0.82,-0.027,-0.131,0.982,-1.487,0.046,-11.795
1744992793.14,-1,0.190,-0.006,0.134,7,0.157,-0.119,0.148,20,0.195,0.134,0.195,0.134,0.86,0.82,0.156,0.007,0.888,-0.938,-1.419,-12.558
# remark: robobot/cmd/ti/rc 0.070 -0.155 1744992793.150959
1744992793.15,-1,0.190,-0.006,0.133,7,0.160,-0.155,0.148,20,0.195,0.133,0.195,0.133,0.88,0.71,0.156,0.007,0.888,-0.938,-1.419,-12.558
1744992793.16,-1,0.191,-0.006,0.131,7,0.160,-0.155,0.161,20,0.196,0.131,0.196,0.131,0.88,0.71,-0.071,-0.021,1.105,-3.013,3.372,-12.161
# remark: robobot/cmd/ti/rc 0.070 -0.167 1744992793.158318
1744992793.16,-1,0.191,-0.006,0.131,7,0.163,-0.167,0.161,20,0.196,0.131,0.196,0.131,0.88,0.71,-0.071,-0.021,1.105,-3.013,3.372,-12.161
# remark: robobot/cmd/ti/rc 0.070 -0.162 1744992793.1705978
1744992793.17,-1,0.191,-0.006,0.131,7,0.165,-0.162,0.161,20,0.196,0.131,0.196,0.131,0.88,0.71,0.085,0.043,0.851,0.619,-1.083,-18.051
1744992793.18,-1,0.192,-0.006,0.130,7,0.165,-0.162,0.170,20,0.197,0.130,0.197,0.130,0.88,0.71,-0.013,-0.089,1.085,-0.999,-2.243,-13.870
# remark: robobot/cmd/ti/rc 0.070 -0.152 1744992793.177716
1744992793.18,-1,0.192,-0.006,0.127,7,0.167,-0.152,0.170,20,0.197,0.127,0.197,0.127,0.91,0.66,-0.013,-0.089,1.085,-0.999,-2.243,-13.870
1744992793.19,-1,0.193,-0.006,0.126,7,0.167,-0.152,0.187,20,0.199,0.126,0.199,0.126,0.91,0.66,0.056,0.038,1.007,-1.853,5.478,-15.518
# remark: robobot/cmd/ti/rc 0.070 -0.115 1744992793.1871161
1744992793.19,-1,0.193,-0.006,0.126,7,0.167,-0.115,0.187,20,0.199,0.126,0.199,0.126,0.91,0.66,0.056,0.038,1.007,-1.853,5.478,-15.518
# remark: robobot/cmd/ti/rc 0.070 -0.107 1744992793.196089
1744992793.20,-1,0.194,-0.005,0.125,7,0.170,-0.107,0.187,20,0.199,0.125,0.199,0.125,0.91,0.66,-0.030,-0.014,0.861,-0.266,-0.534,-16.037
1744992793.20,-1,0.194,-0.005,0.124,7,0.170,-0.107,0.161,20,0.200,0.124,0.200,0.124,0.91,0.66,0.069,-0.068,0.978,0.558,-3.830,-14.938
# remark: robobot/cmd/ti/rc 0.070 -0.160 1744992793.209296
1744992793.21,-1,0.194,-0.005,0.124,7,0.172,-0.160,0.161,20,0.200,0.124,0.200,0.124,0.92,0.59,0.069,-0.068,0.978,0.558,-3.830,-14.938
1744992793.22,-1,0.195,-0.005,0.120,7,0.172,-0.160,0.143,20,0.201,0.120,0.201,0.120,0.92,0.59,-0.002,-0.117,1.015,-3.929,3.311,-9.689
# remark: robobot/cmd/ti/rc 0.070 -0.154 1744992793.216735
1744992793.22,-1,0.195,-0.005,0.120,7,0.174,-0.154,0.143,20,0.201,0.120,0.201,0.120,0.92,0.59,-0.002,-0.117,1.015,-3.929,3.311,-9.689
# remark: robobot/cmd/ti/rc 0.070 -0.158 1744992793.229126
1744992793.23,-1,0.195,-0.005,0.119,7,0.176,-0.158,0.143,20,0.201,0.119,0.201,0.119,0.92,0.59,0.106,0.088,0.993,1.717,-0.443,-12.985
1744992793.24,-1,0.196,-0.005,0.118,7,0.176,-0.158,0.174,20,0.202,0.118,0.202,0.118,0.92,0.59,-0.039,-0.034,0.906,-2.250,0.778,-13.596
# remark: robobot/cmd/ti/rc 0.070 -0.158 1744992793.236531
1744992793.24,-1,0.196,-0.005,0.118,7,0.178,-0.158,0.174,20,0.202,0.118,0.202,0.118,0.91,0.64,-0.039,-0.034,0.906,-2.250,0.778,-13.596
1744992793.25,-1,0.197,-0.005,0.117,7,0.178,-0.158,0.170,20,0.203,0.117,0.203,0.117,0.91,0.64,0.133,0.018,0.903,1.443,-3.708,-15.366
# remark: robobot/cmd/ti/rc 0.070 -0.163 1744992793.246672
1744992793.25,-1,0.197,-0.005,0.117,7,0.181,-0.163,0.170,20,0.203,0.117,0.203,0.117,0.91,0.64,0.133,0.018,0.903,1.443,-3.708,-15.366
# remark: robobot/cmd/ti/rc 0.070 -0.157 1744992793.257684
1744992793.26,-1,0.198,-0.005,0.113,7,0.182,-0.157,0.170,20,0.203,0.113,0.203,0.113,0.91,0.64,0.013,-0.069,1.061,-2.555,2.426,-11.703
1744992793.26,-1,0.198,-0.005,0.113,7,0.182,-0.157,0.157,20,0.204,0.113,0.204,0.113,0.91,0.64,0.070,0.049,0.920,1.168,-0.992,-15.152
# remark: robobot/cmd/ti/rc 0.070 -0.133 1744992793.267642
1744992793.27,-1,0.198,-0.005,0.113,7,0.184,-0.133,0.157,20,0.204,0.113,0.204,0.113,1.20,0.67,0.070,0.049,0.920,1.168,-0.992,-15.152
1744992793.28,-1,0.199,-0.005,0.111,7,0.184,-0.133,0.148,20,0.205,0.111,0.205,0.111,1.20,0.67,-0.019,-0.121,0.935,-1.701,-1.999,-11.276
# remark: robobot/cmd/ti/rc 0.070 -0.134 1744992793.28276
1744992793.28,-1,0.199,-0.005,0.111,7,0.185,-0.134,0.148,20,0.205,0.111,0.205,0.111,1.20,0.67,-0.019,-0.121,0.935,-1.701,-1.999,-11.276
# remark: robobot/cmd/ti/rc 0.070 -1.943 1744992793.289302
1744992793.29,-1,0.200,-0.005,0.110,7,0.285,-1.943,0.148,20,0.205,0.110,0.205,0.110,1.20,0.67,0.115,-0.011,0.939,0.374,1.389,-9.781
1744992793.30,-1,0.200,-0.005,0.109,7,0.285,-1.943,0.170,20,0.206,0.109,0.206,0.109,1.20,0.67,0.017,0.013,1.023,-2.494,1.816,-10.422
# remark: robobot/cmd/ti/rc 0.070 -2.448 1744992793.3011708
1744992793.30,-1,0.201,-0.005,0.108,7,0.306,-2.448,0.170,20,0.206,0.108,0.206,0.108,1.50,0.64,0.017,0.013,1.023,-2.494,1.816,-10.422
1744992793.31,-1,0.201,-0.005,0.109,7,0.306,-2.448,0.113,20,0.207,0.109,0.207,0.109,1.50,0.64,0.028,-0.018,0.973,2.206,-1.053,-13.351
# remark: robobot/cmd/ti/rc 0.070 -0.553 1744992793.313618
1744992793.31,-1,0.201,-0.005,0.109,7,0.315,-0.553,0.113,20,0.207,0.109,0.207,0.109,1.50,0.64,0.028,-0.018,0.973,2.206,-1.053,-13.351
# remark: robobot/cmd/ti/rc 0.070 -0.180 1744992793.327187
1744992793.33,-1,0.202,-0.004,0.102,7,0.307,-0.180,0.113,20,0.207,0.102,0.207,0.102,1.50,0.64,-0.033,-0.099,0.939,-1.212,-1.389,-8.346
1744992793.33,-1,0.202,-0.004,0.097,7,0.307,-0.180,0.243,20,0.209,0.097,0.209,0.097,1.50,0.64,0.109,0.259,1.073,-0.358,4.471,-12.283
# remark: robobot/cmd/ti/rc 0.070 -0.030 1744992793.3282838
1744992793.33,-1,0.203,-0.004,0.091,7,0.311,-0.030,0.243,20,0.209,0.091,0.209,0.091,1.39,0.65,0.109,0.259,1.073,-0.358,4.471,-12.283
1744992793.34,-1,0.204,-0.004,0.081,7,0.311,-0.030,0.917,20,0.210,0.081,0.210,0.081,1.39,0.65,0.174,0.195,1.283,9.072,-1.724,-23.849
# remark: robobot/cmd/ti/rc 0.070 -0.282 1744992793.341235
1744992793.34,-1,0.204,-0.004,0.081,7,0.315,-0.282,0.917,20,0.210,0.081,0.210,0.081,1.39,0.65,0.174,0.195,1.283,9.072,-1.724,-23.849
# remark: robobot/cmd/ti/rc 0.070 -0.159 1744992793.358408
1744992793.36,-1,0.205,-0.004,0.076,7,0.313,-0.159,0.917,20,0.210,0.076,0.210,0.076,1.39,0.65,0.208,0.305,1.027,-6.034,8.377,-43.930
1744992793.36,-1,0.205,-0.004,0.074,7,0.313,-0.159,0.848,20,0.211,0.074,0.211,0.074,1.39,0.65,0.235,0.156,0.845,0.832,-4.898,-59.982
# remark: robobot/cmd/ti/rc 0.070 -0.082 1744992793.359655
1744992793.36,-1,0.205,-0.004,0.072,7,0.312,-0.082,0.848,20,0.211,0.072,0.211,0.072,1.25,0.72,0.235,0.156,0.845,0.832,-4.898,-59.982
1744992793.37,-1,0.206,-0.004,0.067,7,0.312,-0.082,0.500,20,0.212,0.067,0.212,0.067,1.25,0.72,-0.055,-0.134,1.159,-0.511,0.626,-53.024
# remark: robobot/cmd/ti/rc 0.070 -0.043 1744992793.3694131
1744992793.37,-1,0.206,-0.004,0.067,7,0.308,-0.043,0.500,20,0.212,0.067,0.212,0.067,1.25,0.72,-0.055,-0.134,1.159,-0.511,0.626,-53.024
# remark: robobot/cmd/ti/rc 0.070 0.058 1744992793.37814
1744992793.38,-1,0.206,-0.004,0.060,7,0.302,0.058,0.500,20,0.212,0.060,0.212,0.060,1.25,0.72,0.017,-0.056,0.963,-5.332,5.875,-47.073
1744992793.39,-1,0.207,-0.004,0.058,7,0.302,0.058,0.613,20,0.213,0.058,0.213,0.058,1.25,0.72,-0.021,0.062,0.963,-0.450,-2.457,-39.932
# remark: robobot/cmd/ti/rc 0.070 0.028 1744992793.3864908
1744992793.39,-1,0.207,-0.004,0.054,7,0.299,0.028,0.613,20,0.213,0.054,0.213,0.054,1.21,0.73,-0.021,0.062,0.963,-0.450,-2.457,-39.932
1744992793.40,-1,0.208,-0.004,0.050,7,0.299,0.028,0.635,20,0.214,0.050,0.214,0.050,1.21,0.73,0.074,0.101,1.061,-2.433,1.205,-44.601
# remark: robobot/cmd/ti/rc 0.070 -0.011 1744992793.398956
1744992793.40,-1,0.208,-0.004,0.050,7,0.295,-0.011,0.635,20,0.214,0.050,0.214,0.050,1.21,0.73,0.074,0.101,1.061,-2.433,1.205,-44.601
# remark: robobot/cmd/ti/rc 0.070 0.042 1744992793.405872
1744992793.41,-1,0.208,-0.004,0.045,7,0.290,0.042,0.635,20,0.214,0.045,0.214,0.045,1.21,0.73,0.018,-0.116,0.881,-3.166,1.511,-42.404
1744992793.42,-1,0.209,-0.004,0.045,7,0.290,0.042,0.448,20,0.215,0.045,0.215,0.045,1.21,0.73,-0.015,-0.093,0.954,-1.426,1.663,-42.801
# remark: robobot/cmd/ti/rc 0.070 0.080 1744992793.417773
1744992793.42,-1,0.209,-0.004,0.042,7,0.284,0.080,0.448,20,0.215,0.042,0.215,0.042,1.33,0.67,-0.015,-0.093,0.954,-1.426,1.663,-42.801
1744992793.43,-1,0.210,-0.004,0.038,7,0.284,0.080,0.357,20,0.216,0.038,0.216,0.038,1.33,0.67,-0.033,-0.158,0.923,-3.410,-0.809,-39.841
# remark: robobot/cmd/ti/rc 0.070 0.010 1744992793.432964
1744992793.43,-1,0.210,-0.004,0.038,7,0.282,0.010,0.357,20,0.216,0.038,0.216,0.038,1.33,0.67,-0.033,-0.158,0.923,-3.410,-0.809,-39.841
# remark: robobot/cmd/ti/rc 0.070 -0.066 1744992793.448805
1744992793.45,-1,0.211,-0.004,0.036,8,0.280,-0.066,0.357,20,0.216,0.036,0.216,0.036,1.33,0.67,0.043,-0.151,1.005,-0.816,-0.931,-37.552
1744992793.45,-1,0.211,-0.004,0.036,8,0.280,-0.066,0.417,20,0.217,0.036,0.217,0.036,1.33,0.67,0.037,-0.100,0.997,-2.586,2.121,-34.378
# remark: robobot/cmd/ti/rc 0.070 -0.027 1744992793.449866
1744992793.45,-1,0.211,-0.004,0.035,8,0.277,-0.027,0.417,20,0.217,0.035,0.217,0.035,1.50,0.40,0.037,-0.100,0.997,-2.586,2.121,-34.378
1744992793.46,-1,0.212,-0.004,0.032,8,0.277,-0.027,0.230,20,0.218,0.032,0.218,0.032,1.50,0.40,0.027,-0.151,0.966,0.039,-1.572,-31.387
# remark: robobot/cmd/ti/rc 0.070 0.017 1744992793.4621592
1744992793.46,-1,0.212,-0.004,0.032,8,0.272,0.017,0.230,20,0.218,0.032,0.218,0.032,1.50,0.40,0.027,-0.151,0.966,0.039,-1.572,-31.387
# remark: robobot/cmd/ti/alive 2025-04-18 18:13:08.652491
# remark: robobot/cmd/ti/rc 0.070 0.010 1744992793.469019
1744992793.47,-1,0.213,-0.004,0.031,8,0.269,0.010,0.230,20,0.218,0.031,0.218,0.031,1.50,0.40,0.030,-0.115,0.960,-1.426,-1.541,-27.634
1744992793.48,-1,0.213,-0.004,0.031,8,0.269,0.010,0.152,20,0.219,0.031,0.219,0.031,1.50,0.40,0.020,-0.124,1.003,-1.243,1.846,-24.490
# remark: robobot/cmd/ti/rc 0.070 0.014 1744992793.477401
1744992793.48,-1,0.214,-0.004,0.029,8,0.264,0.014,0.152,20,0.219,0.029,0.219,0.029,1.30,0.32,0.020,-0.124,1.003,-1.243,1.846,-24.490
1744992793.49,-1,0.214,-0.004,0.027,8,0.264,0.014,0.157,20,0.220,0.027,0.220,0.027,1.30,0.32,0.038,-0.123,0.943,0.161,-1.785,-17.319
# remark: robobot/cmd/ti/rc 0.070 0.009 1744992793.489126
1744992793.49,-1,0.214,-0.004,0.027,8,0.262,0.009,0.157,20,0.220,0.027,0.220,0.027,1.30,0.32,0.038,-0.123,0.943,0.161,-1.785,-17.319
# remark: robobot/cmd/ti/rc 0.070 -0.013 1744992793.4980412
1744992793.50,-1,0.215,-0.004,0.024,8,0.258,-0.013,0.157,20,0.220,0.024,0.220,0.024,1.30,0.32,-0.012,-0.041,1.013,-0.724,0.351,-15.457
1744992793.50,-1,0.215,-0.004,0.023,8,0.258,-0.013,0.183,20,0.221,0.023,0.221,0.023,1.30,0.32,-0.001,0.007,0.936,-2.067,1.053,-14.358
# remark: robobot/cmd/ti/rc 0.070 -0.011 1744992793.514015
1744992793.51,-1,0.215,-0.004,0.022,8,0.256,-0.011,0.183,20,0.221,0.022,0.221,0.022,1.23,0.28,-0.001,0.007,0.936,-2.067,1.053,-14.358
1744992793.52,-1,0.216,-0.004,0.020,8,0.256,-0.011,0.226,20,0.222,0.020,0.222,0.020,1.23,0.28,-0.022,-0.004,0.961,-1.945,-1.450,-13.809
# remark: robobot/cmd/ti/rc 0.070 0.009 1744992793.522389
1744992793.52,-1,0.216,-0.004,0.020,8,0.251,0.009,0.226,20,0.222,0.020,0.222,0.020,1.23,0.28,-0.022,-0.004,0.961,-1.945,-1.450,-13.809
# remark: robobot/cmd/ti/rc 0.070 -0.002 1744992793.529761
1744992793.53,-1,0.217,-0.004,0.020,8,0.249,-0.002,0.226,20,0.222,0.020,0.222,0.020,1.23,0.28,0.028,-0.037,1.057,-2.097,0.534,-14.694
1744992793.54,-1,0.217,-0.004,0.021,8,0.249,-0.002,0.139,20,0.223,0.021,0.223,0.021,1.23,0.28,0.000,-0.048,0.949,0.069,1.694,-15.091
# remark: robobot/cmd/ti/rc 0.070 -0.076 1744992793.547395
1744992793.55,-1,0.218,-0.004,0.020,8,0.248,-0.076,0.139,20,0.223,0.020,0.223,0.020,1.20,0.27,0.000,-0.048,0.949,0.069,1.694,-15.091
1744992793.55,-1,0.219,-0.004,0.020,8,0.248,-0.076,0.035,20,0.224,0.020,0.224,0.020,1.20,0.27,0.029,-0.043,0.865,-1.640,-2.090,-17.776
# remark: robobot/cmd/ti/rc 0.070 -0.055 1744992793.5484722
1744992793.55,-1,0.219,-0.004,0.020,8,0.245,-0.055,0.035,20,0.224,0.020,0.224,0.020,1.20,0.27,0.029,-0.043,0.865,-1.640,-2.090,-17.776
# remark: robobot/cmd/ti/rc 0.070 -0.065 1744992793.5618691
1744992793.56,-1,0.219,-0.004,0.016,8,0.245,-0.065,0.035,20,0.224,0.016,0.224,0.016,1.20,0.27,0.030,-0.131,1.066,0.435,-0.870,-13.565
1744992793.56,-1,0.219,-0.004,0.015,8,0.245,-0.065,0.048,20,0.226,0.015,0.226,0.015,1.20,0.27,0.028,0.020,0.959,0.313,4.135,-15.274
# remark: robobot/cmd/ti/rc 0.070 -0.096 1744992793.570084
1744992793.57,-1,0.219,-0.004,0.013,8,0.244,-0.096,0.048,20,0.226,0.013,0.226,0.013,1.19,0.28,0.028,0.020,0.959,0.313,4.135,-15.274
1744992793.58,-1,0.220,-0.004,0.010,8,0.244,-0.096,0.157,20,0.226,0.010,0.226,0.010,1.19,0.28,-0.070,-0.020,0.938,-0.755,-0.320,-15.060
# remark: robobot/cmd/ti/rc 0.070 -0.091 1744992793.576541
1744992793.58,-1,0.220,-0.004,0.010,8,0.243,-0.091,0.157,20,0.226,0.010,0.226,0.010,1.19,0.28,-0.070,-0.020,0.938,-0.755,-0.320,-15.060
# remark: robobot/cmd/ti/rc 0.070 -0.031 1744992793.591933
1744992793.59,-1,0.221,-0.004,0.007,8,0.239,-0.031,0.157,20,0.226,0.007,0.226,0.007,1.19,0.28,0.063,0.024,0.934,1.168,-2.731,-16.586
1744992793.59,-1,0.221,-0.004,0.007,8,0.239,-0.031,0.270,20,0.227,0.007,0.227,0.007,1.19,0.28,0.031,0.006,1.033,-2.464,1.999,-16.525
# remark: robobot/cmd/ti/rc 0.070 -0.017 1744992793.600825
1744992793.60,-1,0.221,-0.004,0.007,8,0.237,-0.017,0.270,20,0.227,0.007,0.227,0.007,1.10,0.28,0.031,0.006,1.033,-2.464,1.999,-16.525
1744992793.61,-1,0.222,-0.004,0.008,8,0.237,-0.017,0.148,20,0.228,0.008,0.228,0.008,1.10,0.28,0.029,0.017,0.887,1.107,-0.565,-17.532
# remark: robobot/cmd/ti/rc 0.070 -0.093 1744992793.609756
1744992793.61,-1,0.222,-0.004,0.008,8,0.237,-0.093,0.148,20,0.228,0.008,0.228,0.008,1.10,0.28,0.029,0.017,0.887,1.107,-0.565,-17.532
# remark: robobot/cmd/ti/rc 0.070 -0.059 1744992793.621005
1744992793.63,-1,0.222,-0.004,0.007,8,0.234,-0.059,0.148,20,0.228,0.007,0.228,0.007,1.10,0.28,0.103,-0.144,0.986,-2.708,-6.302,-10.910
1744992793.63,-1,0.223,-0.004,0.006,8,0.234,-0.059,0.009,20,0.229,0.006,0.229,0.006,1.10,0.28,-0.056,-0.082,1.151,1.473,8.041,-10.574
# remark: robobot/cmd/ti/rc 0.070 -0.018 1744992793.6332219
1744992793.63,-1,0.223,-0.004,0.005,8,0.231,-0.018,0.009,20,0.229,0.005,0.229,0.005,0.84,0.30,-0.056,-0.082,1.151,1.473,8.041,-10.574
1744992793.65,-1,0.224,-0.004,0.004,8,0.231,-0.018,0.087,20,0.230,0.004,0.230,0.004,0.84,0.30,0.066,-0.032,0.571,-0.877,-3.616,-9.415
# remark: robobot/cmd/ti/rc 0.070 -0.029 1744992793.646515
1744992793.65,-1,0.224,-0.004,0.004,8,0.228,-0.029,0.087,20,0.230,0.004,0.230,0.004,0.84,0.30,0.066,-0.032,0.571,-0.877,-3.616,-9.415
# remark: robobot/cmd/ti/rc 0.070 -0.039 1744992793.647368
1744992793.65,-1,0.224,-0.004,0.002,8,0.226,-0.039,0.087,20,0.230,0.002,0.230,0.002,0.84,0.30,0.058,-0.095,1.211,-1.396,-4.013,-10.483
1744992793.66,-1,0.224,-0.004,0.001,8,0.226,-0.039,0.130,20,0.231,0.001,0.231,0.001,0.84,0.30,0.049,-0.003,1.048,0.588,7.767,-10.086
# remark: robobot/cmd/ti/rc 0.070 -0.061 1744992793.6594791
1744992793.66,-1,0.225,-0.004,0.001,8,0.225,-0.061,0.130,20,0.231,0.001,0.231,0.001,1.06,0.32,0.049,-0.003,1.048,0.588,7.767,-10.086
1744992793.67,-1,0.225,-0.004,0.001,8,0.225,-0.061,0.152,20,0.232,0.001,0.232,0.001,1.06,0.32,0.023,-0.007,0.779,-0.999,-3.098,-13.992
# remark: robobot/cmd/ti/rc 0.070 -0.095 1744992793.668062
1744992793.67,-1,0.225,-0.004,0.001,8,0.224,-0.095,0.152,20,0.232,0.001,0.232,0.001,1.06,0.32,0.023,-0.007,0.779,-0.999,-3.098,-13.992
# remark: robobot/cmd/ti/rc 0.070 -0.098 1744992793.681927
1744992793.68,-1,0.226,-0.004,-0.001,8,0.224,-0.098,0.152,20,0.232,-0.001,0.232,-0.001,1.06,0.32,0.037,-0.067,1.141,0.832,-4.349,-14.267
1744992793.70,-1,0.226,-0.004,-0.001,8,0.224,-0.098,0.104,20,0.233,-0.001,0.233,-0.001,1.06,0.32,0.143,0.007,1.106,0.985,3.860,-9.720
# remark: robobot/cmd/ti/rc 0.070 -0.069 1744992793.699739
1744992793.70,-1,0.227,-0.004,-0.001,8,0.221,-0.069,0.104,20,0.233,-0.001,0.233,-0.001,1.50,0.33,0.143,0.007,1.106,0.985,3.860,-9.720
1744992793.70,-1,0.227,-0.004,-0.005,8,0.221,-0.069,0.091,20,0.234,-0.005,0.234,-0.005,1.50,0.33,0.064,-0.057,0.856,-1.487,-1.419,-8.682
# remark: robobot/cmd/ti/rc 0.070 -0.050 1744992793.700707
1744992793.70,-1,0.227,-0.004,-0.005,8,0.220,-0.050,0.091,20,0.234,-0.005,0.234,-0.005,1.50,0.33,0.064,-0.057,0.856,-1.487,-1.419,-8.682
# remark: robobot/cmd/ti/rc 0.070 -0.048 1744992793.711277
1744992793.71,-1,0.228,-0.004,-0.006,8,0.217,-0.048,0.091,20,0.234,-0.006,0.234,-0.006,1.50,0.33,0.062,0.105,1.087,0.405,-0.565,-10.818
1744992793.72,-1,0.228,-0.004,-0.006,8,0.217,-0.048,0.152,20,0.235,-0.006,0.235,-0.006,1.50,0.33,0.069,-0.063,0.829,-2.220,2.335,-10.849
# remark: robobot/cmd/ti/rc 0.070 -0.043 1744992793.724836
1744992793.73,-1,0.229,-0.004,-0.007,8,0.215,-0.043,0.152,20,0.235,-0.007,0.235,-0.007,1.50,0.36,0.069,-0.063,0.829,-2.220,2.335,-10.849
1744992793.75,-1,0.229,-0.004,-0.009,8,0.215,-0.043,0.152,20,0.236,-0.009,0.236,-0.009,1.50,0.36,0.089,-0.042,1.025,-0.480,-2.914,-10.208
# remark: robobot/cmd/ti/rc 0.070 -0.077 1744992793.747282
1744992793.75,-1,0.229,-0.004,-0.009,8,0.214,-0.077,0.152,20,0.236,-0.009,0.236,-0.009,1.50,0.36,0.089,-0.042,1.025,-0.480,-2.914,-10.208
# remark: robobot/cmd/ti/rc 0.070 -0.072 1744992793.748202
1744992793.75,-1,0.230,-0.004,-0.009,8,0.212,-0.072,0.152,20,0.236,-0.009,0.236,-0.009,1.50,0.36,0.033,0.010,1.045,-0.572,2.548,-11.795
1744992793.75,-1,0.230,-0.004,-0.010,8,0.212,-0.072,0.148,20,0.237,-0.010,0.237,-0.010,1.50,0.36,0.074,0.001,0.859,-0.388,0.046,-15.213
# remark: robobot/cmd/ti/rc 0.070 -0.055 1744992793.749098
1744992793.75,-1,0.230,-0.004,-0.010,8,0.211,-0.055,0.148,20,0.237,-0.010,0.237,-0.010,1.50,0.39,0.074,0.001,0.859,-0.388,0.046,-15.213
# remark: robobot/cmd/ti/rc 0.070 -0.067 1744992793.7681012
1744992793.77,-1,0.231,-0.004,-0.012,8,0.209,-0.067,0.113,20,0.237,-0.012,0.237,-0.012,1.50,0.39,0.047,-0.063,0.974,-0.480,-5.142,-14.755
1744992793.77,-1,0.231,-0.004,-0.010,8,0.209,-0.067,0.113,20,0.237,-0.010,0.237,-0.010,1.50,0.39,0.083,-0.041,1.119,-0.480,2.670,-12.680
# remark: robobot/cmd/ti/rc 0.070 -0.055 1744992793.768917
1744992793.77,-1,0.231,-0.004,-0.012,8,0.207,-0.055,0.113,20,0.237,-0.012,0.237,-0.012,1.50,0.39,0.083,-0.041,1.119,-0.480,2.670,-12.680
1744992793.78,-1,0.232,-0.004,-0.014,8,0.207,-0.055,0.083,20,0.238,-0.014,0.238,-0.014,1.50,0.39,-0.018,-0.011,0.962,0.283,4.227,-10.635
# remark: robobot/cmd/ti/rc 0.070 -0.054 1744992793.780297
1744992793.78,-1,0.232,-0.004,-0.014,8,0.205,-0.054,0.083,20,0.238,-0.014,0.238,-0.014,1.50,0.39,-0.018,-0.011,0.962,0.283,4.227,-10.635
# remark: robobot/cmd/ti/rc 0.070 -0.058 1744992793.787925
1744992793.79,-1,0.232,-0.004,-0.015,8,0.203,-0.058,0.152,20,0.239,-0.015,0.239,-0.015,1.50,0.39,0.053,0.034,0.867,-1.396,-1.999,-14.328
1744992793.79,-1,0.233,-0.004,-0.015,8,0.203,-0.058,0.152,20,0.239,-0.015,0.239,-0.015,1.50,0.39,0.000,-0.094,1.018,-0.511,-1.236,-12.985
# remark: robobot/cmd/ti/rc 0.070 -0.056 1744992793.798584
1744992793.80,-1,0.233,-0.004,-0.016,8,0.202,-0.056,0.152,20,0.239,-0.016,0.239,-0.016,1.50,0.39,0.000,-0.094,1.018,-0.511,-1.236,-12.985
1744992793.81,-1,0.234,-0.004,-0.017,8,0.202,-0.056,0.139,20,0.240,-0.017,0.240,-0.017,1.50,0.39,0.105,-0.032,0.986,-0.938,0.381,-10.391
# remark: robobot/cmd/ti/rc 0.070 -0.065 1744992793.8085299
1744992793.81,-1,0.234,-0.004,-0.017,8,0.200,-0.065,0.139,20,0.240,-0.017,0.240,-0.017,1.50,0.41,0.105,-0.032,0.986,-0.938,0.381,-10.391
# remark: robobot/cmd/ti/rc 0.070 -0.053 1744992793.8177018
1744992793.82,-1,0.234,-0.004,-0.020,8,0.198,-0.053,0.130,20,0.241,-0.020,0.241,-0.020,1.50,0.41,-0.023,0.028,1.052,-1.396,4.501,-12.680
1744992793.82,-1,0.235,-0.004,-0.020,8,0.198,-0.053,0.130,20,0.241,-0.020,0.241,-0.020,1.50,0.41,0.080,-0.026,0.792,0.405,-4.257,-15.396
# remark: robobot/cmd/ti/rc 0.070 -0.059 1744992793.828707
1744992793.83,-1,0.235,-0.004,-0.021,8,0.196,-0.059,0.130,20,0.241,-0.021,0.241,-0.021,1.50,0.41,0.080,-0.026,0.792,0.405,-4.257,-15.396
1744992793.83,-1,0.236,-0.004,-0.022,8,0.196,-0.059,0.174,20,0.242,-0.022,0.242,-0.022,1.50,0.41,0.043,-0.088,1.143,-2.097,-0.717,-13.565
# remark: robobot/cmd/ti/rc 0.070 -0.055 1744992793.843678
1744992793.84,-1,0.236,-0.004,-0.022,8,0.194,-0.055,0.174,20,0.242,-0.022,0.242,-0.022,1.50,0.43,0.043,-0.088,1.143,-2.097,-0.717,-13.565
# remark: robobot/cmd/ti/rc 0.070 -0.041 1744992793.8525922
1744992793.85,-1,0.236,-0.004,-0.024,8,0.192,-0.041,-0.109,20,0.244,-0.024,0.244,-0.024,1.50,0.43,0.111,0.010,0.962,-0.144,5.844,-12.131
1744992793.85,-1,0.237,-0.004,-0.024,8,0.192,-0.041,-0.109,20,0.244,-0.024,0.244,-0.024,1.50,0.43,-0.108,-0.020,0.863,-0.633,-0.320,-14.816
# remark: robobot/cmd/ti/rc 0.070 -0.040 1744992793.859915
1744992793.86,-1,0.237,-0.004,-0.025,8,0.190,-0.040,-0.109,20,0.244,-0.025,0.244,-0.025,1.50,0.43,-0.108,-0.020,0.863,-0.633,-0.320,-14.816
1744992793.87,-1,0.238,-0.004,-0.027,8,0.190,-0.040,0.087,20,0.245,-0.027,0.245,-0.027,1.50,0.43,-0.018,0.005,1.045,-0.236,-2.823,-15.701
# remark: robobot/cmd/ti/rc 0.070 -0.032 1744992793.8681972
1744992793.87,-1,0.238,-0.004,-0.027,8,0.187,-0.032,0.087,20,0.245,-0.027,0.245,-0.027,1.50,0.44,-0.018,0.005,1.045,-0.236,-2.823,-15.701
# remark: robobot/cmd/ti/rc 0.070 -0.051 1744992793.881024
1744992793.88,-1,0.238,-0.004,-0.028,8,0.186,-0.051,0.143,20,0.246,-0.028,0.246,-0.028,1.50,0.44,0.049,-0.077,0.965,-1.273,0.748,-14.481
1744992793.88,-1,0.239,-0.004,-0.030,8,0.186,-0.051,0.143,20,0.246,-0.030,0.246,-0.030,1.50,0.44,0.057,-0.031,0.965,-0.297,-0.168,-12.283
# remark: robobot/cmd/ti/rc 0.070 -0.057 1744992793.8865302
1744992793.89,-1,0.239,-0.004,-0.031,8,0.183,-0.057,0.143,20,0.246,-0.031,0.246,-0.031,1.50,0.44,0.057,-0.031,0.965,-0.297,-0.168,-12.283
1744992793.90,-1,0.240,-0.004,-0.031,8,0.183,-0.057,0.152,20,0.247,-0.031,0.247,-0.031,1.50,0.44,0.036,0.002,0.959,-0.450,1.541,-14.114
# remark: robobot/cmd/ti/rc 0.070 1.966 1744992793.907226
1744992793.91,-1,0.240,-0.004,-0.031,8,0.066,1.966,0.152,20,0.247,-0.031,0.247,-0.031,1.50,0.44,0.036,0.002,0.959,-0.450,1.541,-14.114
# remark: robobot/cmd/ti/rc 0.070 1.906 1744992793.920613
1744992793.92,-1,0.240,-0.004,-0.031,8,0.055,1.906,0.100,20,0.248,-0.031,0.248,-0.031,1.50,0.44,0.036,-0.024,0.955,-0.694,-1.236,-12.039
1744992793.92,-1,0.240,-0.004,-0.032,8,0.055,1.906,0.100,20,0.248,-0.032,0.248,-0.032,1.50,0.44,0.060,-0.099,1.057,-1.792,-0.992,-7.492
# remark: robobot/cmd/ti/rc 0.070 -0.398 1744992793.9215941
1744992793.92,-1,0.241,-0.004,-0.034,8,0.050,-0.398,0.100,20,0.248,-0.034,0.248,-0.034,1.50,0.44,0.060,-0.099,1.057,-1.792,-0.992,-7.492
1744992793.93,-1,0.242,-0.004,-0.035,8,0.050,-0.398,0.122,20,0.249,-0.035,0.249,-0.035,1.50,0.44,0.050,0.005,1.085,-0.694,5.569,-7.400
# remark: robobot/cmd/ti/rc 0.070 0.063 1744992793.929148
1744992793.93,-1,0.242,-0.004,-0.035,8,0.038,0.063,0.122,20,0.249,-0.035,0.249,-0.035,1.50,0.46,0.050,0.005,1.085,-0.694,5.569,-7.400
# remark: robobot/cmd/ti/rc 0.070 0.050 1744992793.946135
1744992793.95,-1,0.242,-0.004,-0.029,8,0.035,0.050,-0.200,20,0.250,-0.029,0.250,-0.029,1.50,0.46,0.032,-0.042,0.691,1.046,-2.670,-10.300
1744992793.95,-1,0.243,-0.004,-0.025,8,0.035,0.050,-0.200,20,0.250,-0.025,0.250,-0.025,1.50,0.46,-0.094,-0.220,1.198,0.374,-3.891,2.640
# remark: robobot/cmd/ti/rc 0.070 0.066 1744992793.9597938
1744992793.96,-1,0.243,-0.004,-0.021,8,0.035,0.066,-0.200,20,0.250,-0.021,0.250,-0.021,1.50,0.46,-0.094,-0.220,1.198,0.374,-3.891,2.640
1744992793.96,-1,0.244,-0.004,-0.013,8,0.035,0.066,-0.770,20,0.251,-0.013,0.251,-0.013,1.50,0.46,-0.076,-0.321,0.924,3.976,8.316,20.584
# remark: robobot/cmd/ti/rc 0.070 0.050 1744992793.960994
1744992793.96,-1,0.244,-0.004,-0.013,8,0.034,0.050,-0.770,20,0.251,-0.013,0.251,-0.013,1.50,0.47,-0.076,-0.321,0.924,3.976,8.316,20.584
# remark: robobot/cmd/ti/rc 0.070 0.068 1744992793.971495
1744992793.97,-1,0.245,-0.004,-0.008,8,0.032,0.068,-0.648,20,0.253,-0.008,0.253,-0.008,1.50,0.47,-0.173,-0.344,0.807,-10.093,-0.229,40.634
1744992793.97,-1,0.245,-0.004,-0.008,8,0.032,0.068,-0.648,20,0.253,-0.008,0.253,-0.008,1.50,0.47,0.019,-0.037,1.088,3.335,-3.433,43.381
# remark: robobot/cmd/ti/rc 0.070 0.050 1744992793.978304
1744992793.98,-1,0.246,-0.004,-0.008,8,0.037,0.050,-0.648,20,0.253,-0.008,0.253,-0.008,1.50,0.47,0.019,-0.037,1.088,3.335,-3.433,43.381
1744992793.99,-1,0.247,-0.004,-0.006,8,0.037,0.050,-0.248,20,0.254,-0.006,0.254,-0.006,1.50,0.47,0.123,-0.039,0.956,-0.572,5.722,36.484
# remark: robobot/cmd/ti/rc 0.070 0.066 1744992793.986891
1744992793.99,-1,0.247,-0.004,-0.006,8,0.040,0.066,-0.248,20,0.254,-0.006,0.254,-0.006,1.50,0.46,0.123,-0.039,0.956,-0.572,5.722,36.484
# remark: robobot/cmd/ti/rc 0.070 0.050 1744992793.996417
1744992794.00,-1,0.248,-0.004,-0.002,8,0.042,0.050,-0.274,20,0.255,-0.002,0.255,-0.002,1.50,0.46,0.117,0.012,0.958,-0.572,-0.229,24.063
# remark: robobot/cmd/ti/alive 2025-04-18 18:13:08.652491
1744992794.00,-1,0.248,-0.004,-0.001,8,0.042,0.050,-0.274,20,0.255,-0.001,0.255,-0.001,1.50,0.46,0.147,-0.097,0.988,4.922,-7.370,22.873
# remark: robobot/cmd/ti/rc 0.070 0.068 1744992794.0093582
1744992794.01,-1,0.248,-0.004,0.001,8,0.041,0.068,-0.274,20,0.255,0.001,0.255,0.001,1.50,0.46,0.147,-0.097,0.988,4.922,-7.370,22.873
1744992794.02,-1,0.249,-0.004,0.007,8,0.041,0.068,-0.365,20,0.256,0.007,0.256,0.007,1.50,0.46,0.086,0.127,1.082,2.206,6.393,17.777
# remark: robobot/cmd/ti/rc 0.070 0.050 1744992794.018322
1744992794.02,-1,0.249,-0.004,0.007,8,0.039,0.050,-0.365,20,0.256,0.007,0.256,0.007,1.50,0.43,0.086,0.127,1.082,2.206,6.393,17.777
# remark: robobot/cmd/ti/rc 0.070 0.068 1744992794.030816
1744992794.03,-1,0.249,-0.004,0.010,8,0.038,0.068,-0.270,20,0.257,0.010,0.257,0.010,1.50,0.43,-0.112,-0.059,0.755,-0.205,4.288,16.983
1744992794.04,-1,0.249,-0.004,0.012,9,0.038,0.068,-0.270,20,0.257,0.012,0.257,0.012,1.50,0.43,-0.071,0.079,1.084,6.478,-3.036,20.676
# remark: robobot/cmd/ti/rc 0.070 0.050 1744992794.039737
1744992794.04,-1,0.250,-0.004,0.014,9,0.038,0.050,-0.270,20,0.257,0.014,0.257,0.014,1.50,0.43,-0.071,0.079,1.084,6.478,-3.036,20.676
1744992794.05,-1,0.250,-0.004,0.015,9,0.038,0.050,-0.352,20,0.258,0.015,0.258,0.015,1.50,0.43,-0.013,-0.032,0.866,-4.691,-0.229,26.230
# remark: robobot/cmd/ti/rc 0.070 0.068 1744992794.0524852
1744992794.05,-1,0.250,-0.004,0.015,9,0.038,0.068,-0.352,20,0.258,0.015,0.258,0.015,1.50,0.42,-0.013,-0.032,0.866,-4.691,-0.229,26.230
# remark: robobot/cmd/ti/rc 0.070 0.050 1744992794.062264
1744992794.06,-1,0.251,-0.004,0.017,9,0.037,0.050,-0.300,20,0.259,0.017,0.259,0.017,1.50,0.42,0.066,0.095,0.954,-2.525,0.900,26.321
1744992794.06,-1,0.252,-0.004,0.018,9,0.037,0.050,-0.300,20,0.259,0.018,0.259,0.018,1.50,0.42,0.120,0.014,0.939,3.304,-3.464,24.826
# remark: robobot/cmd/ti/rc 0.070 0.066 1744992794.070107
1744992794.07,-1,0.252,-0.004,0.018,9,0.041,0.066,-0.300,20,0.259,0.018,0.259,0.018,1.50,0.42,0.120,0.014,0.939,3.304,-3.464,24.826
1744992794.08,-1,0.253,-0.004,0.021,9,0.041,0.066,-0.174,20,0.260,0.021,0.260,0.021,1.50,0.42,0.143,0.103,1.152,0.374,1.480,19.547
# remark: robobot/cmd/ti/rc 0.070 0.050 1744992794.077319
1744992794.08,-1,0.253,-0.004,0.021,9,0.044,0.050,-0.174,20,0.260,0.021,0.260,0.021,1.50,0.39,0.143,0.103,1.152,0.374,1.480,19.547
# remark: robobot/cmd/ti/rc 0.070 0.067 1744992794.0929081
1744992794.09,-1,0.253,-0.004,0.023,9,0.044,0.067,-0.170,20,0.261,0.023,0.261,0.023,1.50,0.39,0.154,0.022,0.896,-1.853,-0.290,14.572
1744992794.09,-1,0.254,-0.004,0.023,9,0.044,0.067,-0.170,20,0.261,0.023,0.261,0.023,1.50,0.39,0.083,0.044,0.923,1.626,0.412,8.835
# remark: robobot/cmd/ti/rc 0.070 0.050 1744992794.1001348
1744992794.10,-1,0.254,-0.004,0.024,9,0.045,0.050,-0.170,20,0.261,0.024,0.261,0.024,1.50,0.39,0.083,0.044,0.923,1.626,0.412,8.835
1744992794.11,-1,0.255,-0.004,0.025,9,0.045,0.050,-0.174,20,0.262,0.025,0.262,0.025,1.50,0.39,0.138,-0.076,0.872,-0.266,0.015,7.217
# remark: robobot/cmd/ti/rc 0.070 0.067 1744992794.106581
1744992794.11,-1,0.255,-0.004,0.025,9,0.048,0.067,-0.174,20,0.262,0.025,0.262,0.025,1.50,0.36,0.138,-0.076,0.872,-0.266,0.015,7.217
# remark: robobot/cmd/ti/rc 0.070 0.050 1744992794.119667
1744992794.12,-1,0.255,-0.004,0.028,9,0.048,0.050,-0.165,20,0.263,0.028,0.263,0.028,1.50,0.36,0.083,0.072,1.137,-0.388,1.724,1.480
1744992794.12,-1,0.255,-0.004,0.028,9,0.048,0.050,-0.165,20,0.263,0.028,0.263,0.028,1.50,0.36,0.021,-0.102,0.949,0.985,-0.046,5.264
# remark: robobot/cmd/ti/rc 0.070 0.067 1744992794.132242
1744992794.13,-1,0.256,-0.004,0.029,9,0.050,0.067,-0.165,20,0.263,0.029,0.263,0.029,1.50,0.36,0.021,-0.102,0.949,0.985,-0.046,5.264
1744992794.13,-1,0.257,-0.004,0.029,9,0.050,0.067,-0.152,20,0.264,0.029,0.264,0.029,1.50,0.36,0.021,0.045,0.858,0.710,-1.541,4.685
# remark: robobot/cmd/ti/rc 0.070 0.050 1744992794.143262
1744992794.14,-1,0.257,-0.004,0.029,9,0.051,0.050,-0.152,20,0.264,0.029,0.264,0.029,1.50,0.33,0.021,0.045,0.858,0.710,-1.541,4.685
# remark: robobot/cmd/ti/rc 0.070 0.068 1744992794.16175
1744992794.16,-1,0.257,-0.004,0.029,9,0.051,0.068,-0.013,20,0.265,0.029,0.265,0.029,1.50,0.33,0.061,0.016,0.807,-3.684,-0.534,3.494
1744992794.16,-1,0.258,-0.004,0.029,9,0.051,0.068,-0.013,20,0.265,0.029,0.265,0.029,1.50,0.33,0.104,0.005,1.111,2.144,-1.694,3.037
# remark: robobot/cmd/ti/rc 0.070 0.050 1744992794.162888
1744992794.16,-1,0.258,-0.004,0.029,9,0.052,0.050,-0.013,20,0.265,0.029,0.265,0.029,1.50,0.33,0.104,0.005,1.111,2.144,-1.694,3.037
1744992794.18,-1,0.259,-0.004,0.029,9,0.052,0.050,-0.009,20,0.266,0.029,0.266,0.029,1.50,0.33,0.063,-0.000,1.047,-2.189,2.670,1.785
# remark: robobot/cmd/ti/rc 0.070 0.069 1744992794.183087
1744992794.18,-1,0.259,-0.004,0.029,9,0.052,0.069,-0.009,20,0.266,0.029,0.266,0.029,1.50,0.31,0.063,-0.000,1.047,-2.189,2.670,1.785
# remark: robobot/cmd/ti/rc 0.070 0.050 1744992794.1842072
1744992794.18,-1,0.260,-0.004,0.029,9,0.052,0.050,-0.026,20,0.268,0.029,0.268,0.029,1.50,0.31,0.134,-0.002,0.891,-0.694,-1.724,0.015
1744992794.19,-1,0.260,-0.004,0.029,9,0.052,0.050,-0.026,20,0.268,0.029,0.268,0.029,1.50,0.31,-0.021,-0.033,0.953,2.633,0.961,1.389
# remark: robobot/cmd/ti/rc 0.070 0.069 1744992794.189662
1744992794.19,-1,0.260,-0.004,0.030,9,0.053,0.069,-0.026,20,0.268,0.030,0.268,0.030,1.50,0.31,-0.021,-0.033,0.953,2.633,0.961,1.389
1744992794.19,-1,0.261,-0.004,0.030,9,0.053,0.069,-0.043,20,0.269,0.030,0.269,0.030,1.50,0.31,0.026,-0.120,0.911,-1.182,0.992,3.800
# remark: robobot/cmd/ti/rc 0.070 0.050 1744992794.2017012
1744992794.20,-1,0.261,-0.004,0.030,9,0.055,0.050,-0.043,20,0.269,0.030,0.269,0.030,1.50,0.30,0.026,-0.120,0.911,-1.182,0.992,3.800
# remark: robobot/cmd/ti/rc 0.070 0.069 1744992794.207689
1744992794.21,-1,0.262,-0.004,0.031,9,0.055,0.069,-0.065,20,0.270,0.031,0.270,0.031,1.50,0.30,-0.039,-0.036,1.077,-0.602,0.412,6.516
1744992794.21,-1,0.263,-0.004,0.030,9,0.055,0.069,-0.065,20,0.270,0.030,0.270,0.030,1.50,0.30,0.149,-0.012,0.923,-1.487,-1.938,6.638
# remark: robobot/cmd/ti/rc 0.070 0.050 1744992794.216408
1744992794.22,-1,0.263,-0.004,0.031,9,0.056,0.050,-0.065,20,0.270,0.031,0.270,0.031,1.50,0.30,0.149,-0.012,0.923,-1.487,-1.938,6.638
1744992794.22,-1,0.264,-0.004,0.032,9,0.056,0.050,-0.022,20,0.271,0.032,0.271,0.032,1.50,0.30,0.077,0.024,0.986,0.832,1.114,3.128
# remark: robobot/cmd/ti/rc 0.070 0.069 1744992794.2457669
1744992794.25,-1,0.264,-0.004,0.032,9,0.056,0.069,-0.022,20,0.271,0.032,0.271,0.032,1.46,0.29,0.077,0.024,0.986,0.832,1.114,3.128
# remark: robobot/cmd/ti/rc 0.070 0.050 1744992794.246986
1744992794.25,-1,0.265,-0.004,0.034,9,0.057,0.050,-0.061,20,0.272,0.034,0.272,0.034,1.46,0.29,0.099,-0.054,0.947,1.626,-0.015,3.281
1744992794.25,-1,0.265,-0.004,0.034,9,0.057,0.050,-0.061,20,0.272,0.034,0.272,0.034,1.46,0.29,-0.058,-0.044,1.119,1.778,2.457,2.609
# remark: robobot/cmd/ti/rc 0.070 0.069 1744992794.24784
1744992794.25,-1,0.265,-0.004,0.035,9,0.058,0.069,-0.061,20,0.272,0.035,0.272,0.035,1.46,0.29,-0.058,-0.044,1.119,1.778,2.457,2.609
1744992794.25,-1,0.266,-0.004,0.034,9,0.058,0.069,-0.117,20,0.274,0.034,0.274,0.034,1.46,0.29,-0.039,-0.076,0.874,-0.572,-0.534,7.492
# remark: robobot/cmd/ti/rc 0.070 0.050 1744992794.263137
1744992794.26,-1,0.266,-0.004,0.034,9,0.057,0.050,-0.117,20,0.274,0.034,0.274,0.034,1.50,0.29,-0.039,-0.076,0.874,-0.572,-0.534,7.492
# remark: robobot/cmd/ti/rc 0.070 0.070 1744992794.269231
1744992794.27,-1,0.267,-0.004,0.034,9,0.056,0.070,0.004,20,0.275,0.034,0.275,0.034,1.50,0.29,0.051,0.086,0.915,-2.220,-0.412,4.379
1744992794.27,-1,0.267,-0.004,0.035,9,0.056,0.070,0.004,20,0.275,0.035,0.275,0.035,1.50,0.29,0.044,-0.013,0.847,-1.182,-1.511,3.708
# remark: robobot/cmd/ti/rc 0.070 0.050 1744992794.28052
1744992794.28,-1,0.268,-0.004,0.035,9,0.058,0.050,0.004,20,0.275,0.035,0.275,0.035,1.50,0.29,0.044,-0.013,0.847,-1.182,-1.511,3.708
1744992794.29,-1,0.269,-0.004,0.035,9,0.058,0.050,-0.004,20,0.276,0.035,0.276,0.035,1.50,0.29,0.114,0.016,1.130,2.236,-2.335,1.083
# remark: robobot/cmd/ti/rc 0.070 0.069 1744992794.290281
1744992794.29,-1,0.269,-0.004,0.035,9,0.059,0.069,-0.004,20,0.276,0.035,0.276,0.035,1.34,0.28,0.114,0.016,1.130,2.236,-2.335,1.083
# remark: robobot/cmd/ti/rc 0.070 0.050 1744992794.299131
1744992794.30,-1,0.269,-0.004,0.037,9,0.058,0.050,-0.061,20,0.277,0.037,0.277,0.037,1.34,0.28,-0.054,-0.101,1.056,-2.555,2.365,1.999
1744992794.31,-1,0.269,-0.003,0.037,9,0.058,0.050,-0.061,20,0.277,0.037,0.277,0.037,1.34,0.28,-0.036,0.017,1.011,3.884,1.205,4.715
# remark: robobot/cmd/ti/rc 0.070 0.069 1744992794.310026
1744992794.31,-1,0.270,-0.003,0.037,9,0.059,0.069,-0.061,20,0.277,0.037,0.277,0.037,1.34,0.28,-0.036,0.017,1.011,3.884,1.205,4.715
1744992794.32,-1,0.271,-0.003,0.038,9,0.059,0.069,-0.083,20,0.278,0.038,0.278,0.038,1.34,0.28,-0.027,-0.020,0.755,-0.572,-1.083,6.577
# remark: robobot/cmd/ti/rc 0.070 0.050 1744992794.324648
1744992794.32,-1,0.271,-0.003,0.038,9,0.058,0.050,-0.083,20,0.278,0.038,0.278,0.038,1.29,0.27,-0.027,-0.020,0.755,-0.572,-1.083,6.577
# remark: robobot/cmd/ti/rc 0.070 0.070 1744992794.33475
1744992794.33,-1,0.271,-0.003,0.038,9,0.057,0.070,-0.113,20,0.280,0.038,0.280,0.038,1.29,0.27,0.023,-0.083,1.076,-2.036,-1.846,6.058
1744992794.34,-1,0.272,-0.003,0.038,9,0.057,0.070,-0.113,20,0.280,0.038,0.280,0.038,1.29,0.27,0.025,-0.045,1.060,2.602,-0.534,6.851
# remark: robobot/cmd/ti/rc 0.070 0.050 1744992794.342294
1744992794.34,-1,0.272,-0.003,0.038,9,0.058,0.050,-0.113,20,0.280,0.038,0.280,0.038,1.29,0.27,0.025,-0.045,1.060,2.602,-0.534,6.851
1744992794.35,-1,0.273,-0.003,0.038,9,0.058,0.050,-0.026,20,0.281,0.038,0.281,0.038,1.29,0.27,0.130,0.009,0.942,-3.806,-1.144,4.410
# remark: robobot/cmd/ti/rc 0.070 0.069 1744992794.349817
1744992794.35,-1,0.273,-0.003,0.038,9,0.059,0.069,-0.026,20,0.281,0.038,0.281,0.038,1.48,0.27,0.130,0.009,0.942,-3.806,-1.144,4.410
# remark: robobot/cmd/ti/rc 0.070 0.050 1744992794.3587992
1744992794.36,-1,0.273,-0.003,0.039,9,0.058,0.050,-0.013,20,0.282,0.039,0.282,0.039,1.48,0.27,-0.029,-0.003,0.995,2.236,2.914,1.267
1744992794.36,-1,0.274,-0.003,0.039,9,0.058,0.050,-0.013,20,0.282,0.039,0.282,0.039,1.48,0.27,0.077,-0.016,0.736,1.290,-2.274,0.778
# remark: robobot/cmd/ti/rc 0.070 0.070 1744992794.369524
1744992794.37,-1,0.274,-0.003,0.039,9,0.058,0.070,-0.013,20,0.282,0.039,0.282,0.039,1.48,0.27,0.077,-0.016,0.736,1.290,-2.274,0.778
1744992794.38,-1,0.275,-0.003,0.039,9,0.058,0.070,-0.035,20,0.283,0.039,0.283,0.039,1.48,0.27,0.012,-0.037,1.257,-1.335,-0.198,1.022
# remark: robobot/cmd/ti/rc 0.070 0.050 1744992794.381243
1744992794.38,-1,0.275,-0.003,0.039,9,0.058,0.050,-0.035,20,0.283,0.039,0.283,0.039,1.25,0.26,0.012,-0.037,1.257,-1.335,-0.198,1.022
# remark: robobot/cmd/ti/rc 0.070 0.070 1744992794.386771
1744992794.39,-1,0.275,-0.003,0.041,9,0.058,0.070,-0.030,20,0.284,0.041,0.284,0.041,1.25,0.26,-0.022,-0.036,0.934,2.755,6.119,3.738
1744992794.39,-1,0.276,-0.003,0.041,9,0.058,0.070,-0.030,20,0.284,0.041,0.284,0.041,1.25,0.26,0.104,-0.033,0.705,-2.067,-10.117,4.898
# remark: robobot/cmd/ti/rc 0.070 0.050 1744992794.4001658
1744992794.40,-1,0.276,-0.003,0.041,9,0.058,0.050,-0.030,20,0.284,0.041,0.284,0.041,1.25,0.26,0.104,-0.033,0.705,-2.067,-10.117,4.898
1744992794.40,-1,0.277,-0.003,0.042,9,0.058,0.050,-0.048,20,0.285,0.042,0.285,0.042,1.25,0.26,-0.010,0.056,1.297,-0.602,2.518,4.623
# remark: robobot/cmd/ti/rc 0.070 0.070 1744992794.4088
1744992794.41,-1,0.277,-0.003,0.042,9,0.058,0.070,-0.048,20,0.285,0.042,0.285,0.042,1.31,0.26,-0.010,0.056,1.297,-0.602,2.518,4.623
# remark: robobot/cmd/ti/rc 0.070 0.050 1744992794.419392
1744992794.42,-1,0.277,-0.003,0.042,9,0.056,0.050,-0.057,20,0.286,0.042,0.286,0.042,1.31,0.26,0.040,-0.065,0.721,2.511,5.051,4.501
1744992794.42,-1,0.277,-0.003,0.042,9,0.056,0.050,-0.057,20,0.286,0.042,0.286,0.042,1.31,0.26,0.054,0.010,0.977,-3.959,-8.133,7.004
# remark: robobot/cmd/ti/rc 0.070 0.069 1744992794.429527
1744992794.43,-1,0.278,-0.003,0.042,9,0.057,0.069,-0.057,20,0.286,0.042,0.286,0.042,1.31,0.26,0.054,0.010,0.977,-3.959,-8.133,7.004
1744992794.44,-1,0.279,-0.003,0.043,10,0.057,0.069,-0.009,20,0.286,0.043,0.286,0.043,1.31,0.26,0.037,0.024,1.245,1.473,5.630,2.213
# remark: robobot/cmd/ti/rc 0.070 0.050 1744992794.442751
1744992794.44,-1,0.279,-0.003,0.043,10,0.056,0.050,-0.009,20,0.286,0.043,0.286,0.043,1.32,0.24,0.037,0.024,1.245,1.473,5.630,2.213
# remark: robobot/cmd/ti/rc 0.070 0.069 1744992794.4477801
1744992794.45,-1,0.279,-0.003,0.043,10,0.056,0.069,-0.039,20,0.288,0.043,0.288,0.043,1.32,0.24,0.100,-0.161,0.616,0.497,-1.694,1.633
1744992794.45,-1,0.279,-0.003,0.043,10,0.056,0.069,-0.039,20,0.288,0.043,0.288,0.043,1.32,0.24,0.066,0.018,1.214,-0.572,-3.464,1.968
# remark: robobot/cmd/ti/rc 0.070 0.050 1744992794.468006
1744992794.47,-1,0.280,-0.003,0.043,10,0.056,0.050,-0.039,20,0.288,0.043,0.288,0.043,1.32,0.24,0.066,0.018,1.214,-0.572,-3.464,1.968
1744992794.47,-1,0.280,-0.003,0.046,10,0.056,0.050,-0.048,20,0.288,0.046,0.288,0.046,1.32,0.24,-0.007,-0.007,1.033,2.297,7.370,0.259
# remark: robobot/cmd/ti/rc 0.070 0.070 1744992794.46887
1744992794.47,-1,0.280,-0.003,0.046,10,0.055,0.070,-0.048,20,0.288,0.046,0.288,0.046,1.33,0.23,-0.007,-0.007,1.033,2.297,7.370,0.259
# remark: robobot/cmd/ti/rc 0.070 0.050 1744992794.484712
1744992794.48,-1,0.281,-0.003,0.046,10,0.055,0.050,-0.126,20,0.289,0.046,0.289,0.046,1.33,0.23,-0.022,-0.150,0.718,0.344,-6.210,5.600
1744992794.49,-1,0.281,-0.003,0.046,10,0.055,0.050,-0.126,20,0.289,0.046,0.289,0.046,1.33,0.23,-0.117,0.013,1.210,2.175,2.304,9.079
# remark: robobot/cmd/ti/rc 0.070 0.069 1744992794.4937441
1744992794.49,-1,0.282,-0.003,0.047,10,0.056,0.069,-0.126,20,0.289,0.047,0.289,0.047,1.33,0.23,-0.117,0.013,1.210,2.175,2.304,9.079
1744992794.49,-1,0.282,-0.003,0.047,10,0.056,0.069,-0.109,20,0.290,0.047,0.290,0.047,1.33,0.23,0.075,-0.033,0.668,-1.975,2.335,10.819
# remark: robobot/cmd/ti/rc 0.070 0.050 1744992794.5030122
1744992794.50,-1,0.282,-0.003,0.047,10,0.047,0.050,-0.109,20,0.290,0.047,0.290,0.047,1.34,0.23,0.075,-0.033,0.668,-1.975,2.335,10.819
# remark: robobot/cmd/ti/rc 0.070 0.068 1744992794.508908
1744992794.51,-1,0.283,-0.003,0.046,10,0.049,0.068,0.013,20,0.291,0.046,0.291,0.046,1.34,0.23,0.146,0.030,1.089,-5.058,-6.241,9.140
1744992794.51,-1,0.283,-0.003,0.047,10,0.049,0.068,0.013,20,0.291,0.047,0.291,0.047,1.34,0.23,0.101,0.064,1.238,6.508,2.670,4.196
# remark: robobot/cmd/ti/rc 0.070 0.050 1744992794.527424
1744992794.53,-1,0.284,-0.003,0.047,10,0.050,0.050,0.013,20,0.291,0.047,0.291,0.047,1.34,0.23,0.101,0.064,1.238,6.508,2.670,4.196
1744992794.53,-1,0.284,-0.003,0.049,10,0.050,0.050,-0.035,20,0.293,0.049,0.293,0.049,1.34,0.23,0.184,-0.083,0.706,-0.907,-3.342,2.396
# remark: robobot/cmd/ti/rc 0.070 0.067 1744992794.528539
1744992794.53,-1,0.284,-0.003,0.049,10,0.055,0.067,-0.035,20,0.293,0.049,0.293,0.049,1.25,0.21,0.184,-0.083,0.706,-0.907,-3.342,2.396
# remark: robobot/cmd/ti/rc 0.070 0.050 1744992794.538694
1744992794.54,-1,0.285,-0.003,0.051,10,0.057,0.050,-0.061,20,0.293,0.051,0.293,0.051,1.25,0.21,0.017,0.019,1.160,-0.816,0.870,0.168
1744992794.54,-1,0.285,-0.003,0.053,10,0.057,0.050,-0.061,20,0.293,0.053,0.293,0.053,1.25,0.21,-0.066,-0.067,0.885,8.980,5.539,5.081
# remark: robobot/cmd/ti/alive 2025-04-18 18:13:08.652491
# remark: robobot/cmd/ti/rc 0.070 0.068 1744992794.549079
1744992794.55,-1,0.285,-0.003,0.054,10,0.059,0.068,-0.061,20,0.293,0.054,0.293,0.054,1.25,0.21,-0.066,-0.067,0.885,8.980,5.539,5.081
1744992794.56,-1,0.286,-0.003,0.054,10,0.059,0.068,-0.152,20,0.294,0.054,0.294,0.054,1.25,0.21,-0.112,-0.139,0.858,-1.518,-4.013,14.206
# remark: robobot/cmd/ti/rc 0.070 0.117 1744992794.560029
1744992794.56,-1,0.286,-0.003,0.054,10,0.062,0.117,-0.152,20,0.294,0.054,0.294,0.054,1.14,0.20,-0.112,-0.139,0.858,-1.518,-4.013,14.206
# remark: robobot/cmd/ti/rc 0.070 0.159 1744992794.5694919
1744992794.57,-1,0.286,-0.003,0.056,10,0.062,0.159,-0.148,20,0.295,0.056,0.295,0.056,1.14,0.20,-0.057,-0.040,1.025,-5.760,1.968,18.601
1744992794.57,-1,0.287,-0.003,0.056,10,0.062,0.159,-0.148,20,0.295,0.056,0.295,0.056,1.14,0.20,0.046,-0.221,0.783,-0.450,-4.776,19.211
# remark: robobot/cmd/ti/rc 0.070 -0.075 1744992794.5764968
1744992794.58,-1,0.287,-0.003,0.056,10,0.064,-0.075,-0.148,20,0.295,0.056,0.295,0.056,1.14,0.20,0.046,-0.221,0.783,-0.450,-4.776,19.211
1744992794.58,-1,0.288,-0.003,0.056,10,0.064,-0.075,-0.043,20,0.297,0.056,0.297,0.056,1.14,0.20,0.102,-0.009,1.247,1.809,-1.236,16.861
# remark: robobot/cmd/ti/rc 0.070 -0.124 1744992794.588485
1744992794.59,-1,0.288,-0.003,0.056,10,0.067,-0.124,-0.043,20,0.297,0.056,0.297,0.056,1.20,0.18,0.102,-0.009,1.247,1.809,-1.236,16.861
# remark: robobot/cmd/ti/rc 0.070 -0.069 1744992794.5981078
1744992794.60,-1,0.289,-0.003,0.056,10,0.067,-0.069,-0.022,20,0.298,0.056,0.298,0.056,1.20,0.18,0.109,-0.039,0.960,0.680,3.983,12.894
1744992794.60,-1,0.289,-0.003,0.057,10,0.067,-0.069,-0.022,20,0.298,0.057,0.298,0.057,1.20,0.18,0.042,0.018,0.888,1.900,-1.358,9.811
# remark: robobot/cmd/ti/rc 0.070 -0.059 1744992794.606681
1744992794.61,-1,0.289,-0.003,0.057,10,0.069,-0.059,-0.022,20,0.298,0.057,0.298,0.057,1.20,0.18,0.042,0.018,0.888,1.900,-1.358,9.811
1744992794.61,-1,0.290,-0.003,0.060,10,0.069,-0.059,-0.022,20,0.299,0.060,0.299,0.060,1.20,0.18,0.054,0.051,0.968,1.107,2.945,6.638
# remark: robobot/cmd/ti/rc 0.070 -0.191 1744992794.6182022
1744992794.62,-1,0.290,-0.003,0.060,10,0.075,-0.191,-0.022,20,0.299,0.060,0.299,0.060,1.41,0.17,0.054,0.051,0.968,1.107,2.945,6.638
# remark: robobot/cmd/ti/rc 0.070 -0.080 1744992794.6344519
1744992794.63,-1,0.290,-0.003,0.061,10,0.072,-0.080,-0.152,20,0.299,0.061,0.299,0.061,1.41,0.17,0.116,0.046,0.940,3.060,-1.572,5.814
1744992794.64,-1,0.291,-0.003,0.061,10,0.072,-0.080,-0.152,20,0.299,0.061,0.299,0.061,1.41,0.17,0.044,0.145,1.078,-1.243,0.168,3.159
# remark: robobot/cmd/ti/rc 0.070 0.064 1744992794.6414652
1744992794.64,-1,0.291,-0.003,0.061,10,0.071,0.064,-0.152,20,0.299,0.061,0.299,0.061,1.41,0.17,0.044,0.145,1.078,-1.243,0.168,3.159
1744992794.65,-1,0.292,-0.002,0.062,10,0.071,0.064,-0.139,20,0.300,0.062,0.300,0.062,1.41,0.17,0.119,0.022,0.861,0.405,-1.877,3.342
# remark: robobot/cmd/ti/rc 0.070 -0.046 1744992794.649175
1744992794.65,-1,0.292,-0.002,0.062,10,0.073,-0.046,-0.139,20,0.300,0.062,0.300,0.062,1.25,0.17,0.119,0.022,0.861,0.405,-1.877,3.342
# remark: robobot/cmd/ti/rc 0.070 -0.101 1744992794.656985
1744992794.66,-1,0.292,-0.002,0.061,10,0.075,-0.101,-0.057,20,0.301,0.061,0.301,0.061,1.25,0.17,0.025,0.003,0.961,-0.724,-1.755,4.623
1744992794.66,-1,0.293,-0.002,0.060,10,0.075,-0.101,-0.057,20,0.301,0.060,0.301,0.060,1.25,0.17,0.043,-0.035,0.996,-1.548,2.975,3.738
# remark: robobot/cmd/ti/rc 0.070 -0.040 1744992794.6688519
1744992794.67,-1,0.293,-0.002,0.061,10,0.073,-0.040,-0.057,20,0.301,0.061,0.301,0.061,1.25,0.17,0.043,-0.035,0.996,-1.548,2.975,3.738
1744992794.67,-1,0.294,-0.002,0.061,10,0.073,-0.040,0.087,20,0.302,0.061,0.302,0.061,1.25,0.17,0.058,-0.131,0.891,0.771,-1.266,2.945
# remark: robobot/cmd/ti/rc 0.070 0.020 1744992794.6792781
1744992794.68,-1,0.294,-0.002,0.061,10,0.073,0.020,0.087,20,0.302,0.061,0.302,0.061,1.29,0.16,0.058,-0.131,0.891,0.771,-1.266,2.945
# remark: robobot/cmd/ti/rc 0.070 0.072 1744992794.688857
1744992794.69,-1,0.295,-0.002,0.061,10,0.068,0.072,-0.017,20,0.304,0.061,0.304,0.061,1.29,0.16,0.073,-0.096,1.083,-1.029,-2.640,7.248
1744992794.70,-1,0.295,-0.002,0.062,10,0.068,0.072,-0.017,20,0.304,0.062,0.304,0.062,1.29,0.16,0.058,-0.074,0.906,0.649,2.945,7.553
# remark: robobot/cmd/ti/rc 0.070 0.136 1744992794.700358
1744992794.70,-1,0.295,-0.002,0.062,10,0.064,0.136,-0.017,20,0.304,0.062,0.304,0.062,1.29,0.16,0.058,-0.074,0.906,0.649,2.945,7.553
1744992794.71,-1,0.296,-0.002,0.064,10,0.064,0.136,-0.048,20,0.305,0.064,0.305,0.064,1.29,0.16,0.093,0.079,0.914,1.290,-2.670,7.675
# remark: robobot/cmd/ti/rc 0.070 0.050 1744992794.86354
1744992794.86,-1,0.296,-0.002,0.064,10,0.058,0.050,-0.048,20,0.305,0.064,0.305,0.064,1.27,0.16,0.093,0.079,0.914,1.290,-2.670,7.675
# remark: robobot/cmd/ti/rc 0.070 0.050 1744992794.86534
1744992794.87,-1,0.296,-0.002,0.065,10,0.056,0.050,-0.104,20,0.315,0.065,0.315,0.065,1.27,0.16,0.054,0.064,1.033,-0.755,0.259,3.861
1744992794.87,-1,0.297,-0.002,0.066,10,0.056,0.050,-0.104,20,0.315,0.066,0.315,0.066,1.27,0.16,0.097,-0.033,0.915,0.130,0.412,2.152
# remark: robobot/cmd/ti/rc 0.070 0.050 1744992794.866276
1744992794.87,-1,0.297,-0.002,0.066,10,0.051,0.050,-0.104,20,0.315,0.066,0.315,0.066,1.27,0.16,0.097,-0.033,0.915,0.130,0.412,2.152
1744992794.87,-1,0.297,-0.002,0.068,10,0.051,0.050,-0.170,20,0.315,0.068,0.315,0.068,1.27,0.16,0.058,-0.033,1.000,0.619,-0.076,4.227
# remark: robobot/cmd/ti/rc 0.070 0.050 1744992794.8675
1744992794.87,-1,0.297,-0.002,0.068,10,0.043,0.050,-0.170,20,0.315,0.068,0.315,0.068,1.19,0.16,0.058,-0.033,1.000,0.619,-0.076,4.227
# remark: robobot/cmd/ti/rc 0.070 0.062 1744992794.8682828
1744992794.87,-1,0.298,-0.002,0.070,10,0.037,0.062,-0.139,20,0.315,0.070,0.315,0.070,1.19,0.16,0.033,-0.078,0.933,-1.090,2.579,7.248
1744992794.87,-1,0.299,-0.002,0.070,10,0.037,0.062,-0.139,20,0.315,0.070,0.315,0.070,1.19,0.16,-0.048,-0.055,0.980,1.900,0.565,7.736
# remark: robobot/cmd/ti/rc 0.070 0.050 1744992794.868916
1744992794.87,-1,0.299,-0.002,0.070,10,0.029,0.050,-0.139,20,0.315,0.070,0.315,0.070,1.19,0.16,-0.048,-0.055,0.980,1.900,0.565,7.736
1744992794.87,-1,0.300,-0.002,0.072,10,0.029,0.050,-0.135,20,0.315,0.072,0.315,0.072,1.19,0.16,0.058,0.012,0.929,-1.609,-2.609,7.614
# remark: robobot/cmd/ti/rc 0.070 0.069 1744992794.86947
1744992794.87,-1,0.300,-0.002,0.072,10,0.020,0.069,-0.135,20,0.315,0.072,0.315,0.072,1.10,0.15,0.058,0.012,0.929,-1.609,-2.609,7.614
# remark: robobot/cmd/ti/rc 0.070 0.050 1744992794.869983
1744992794.87,-1,0.300,-0.002,0.073,10,0.009,0.050,-0.100,20,0.315,0.073,0.315,0.073,1.10,0.15,0.069,-0.024,1.062,0.222,0.229,7.370
1744992794.87,-1,0.301,-0.002,0.074,10,0.009,0.050,-0.100,20,0.315,0.074,0.315,0.074,1.10,0.15,0.076,-0.018,0.863,0.313,1.175,6.821
# remark: robobot/cmd/ti/rc 0.070 0.071 1744992794.870581
1744992794.87,-1,0.301,-0.002,0.074,10,-0.004,0.071,-0.100,20,0.315,0.074,0.315,0.074,1.10,0.15,0.076,-0.018,0.863,0.313,1.175,6.821
1744992794.87,-1,0.302,-0.002,0.074,10,-0.004,0.071,-0.087,20,0.315,0.074,0.315,0.074,1.10,0.15,0.069,0.025,1.003,-0.450,-0.748,5.570
# remark: robobot/cmd/ti/rc 0.070 -0.050 1744992794.8718982
1744992794.87,-1,0.302,-0.002,0.074,10,-0.020,-0.050,-0.087,20,0.315,0.074,0.315,0.074,0.97,0.16,0.069,0.025,1.003,-0.450,-0.748,5.570
# remark: robobot/cmd/ti/rc 0.070 -0.050 1744992794.8725498
1744992794.87,-1,0.302,-0.002,0.076,10,-0.041,-0.050,-0.100,20,0.315,0.076,0.315,0.076,0.97,0.16,0.012,-0.014,1.060,1.320,3.738,3.738
1744992794.87,-1,0.303,-0.002,0.077,10,-0.041,-0.050,-0.100,20,0.315,0.077,0.315,0.077,0.97,0.16,-0.009,-0.125,0.908,1.626,-0.076,9.537
# remark: robobot/cmd/ti/rc 0.070 0.396 1744992794.873153
1744992794.87,-1,0.303,-0.002,0.076,10,-0.063,0.396,-0.100,20,0.315,0.076,0.315,0.076,0.97,0.16,-0.009,-0.125,0.908,1.626,-0.076,9.537
1744992794.87,-1,0.304,-0.002,0.077,10,-0.063,0.396,-0.139,20,0.315,0.077,0.315,0.077,0.97,0.16,0.026,0.036,0.921,-2.189,-1.541,9.720
# remark: robobot/cmd/ti/rc 0.070 0.887 1744992794.873777
1744992794.87,-1,0.304,-0.002,0.077,10,-0.087,0.887,-0.139,20,0.315,0.077,0.315,0.077,0.97,0.16,0.026,0.036,0.921,-2.189,-1.541,9.720
# remark: robobot/cmd/ti/rc 0.070 0.933 1744992794.8742669
1744992794.87,-1,0.305,-0.002,0.079,10,-0.113,0.933,-0.057,20,0.315,0.079,0.315,0.079,0.97,0.16,0.093,-0.001,1.030,0.069,-0.168,8.865
1744992794.87,-1,0.305,-0.002,0.077,10,-0.113,0.933,-0.057,20,0.315,0.077,0.315,0.077,0.97,0.16,0.038,0.046,0.967,2.114,1.968,4.685
# remark: robobot/cmd/ti/rc 0.070 1.039 1744992794.874746
1744992794.87,-1,0.305,-0.002,0.079,10,-0.142,1.039,-0.057,20,0.315,0.079,0.315,0.079,0.97,0.16,0.038,0.046,0.967,2.114,1.968,4.685
1744992794.88,-1,0.306,-0.001,0.080,10,-0.142,1.039,-0.048,20,0.315,0.080,0.315,0.080,0.97,0.16,0.045,-0.040,0.900,-3.013,-1.205,2.853
# remark: robobot/cmd/ti/rc 0.070 1.157 1744992794.875277
1744992794.88,-1,0.306,-0.001,0.080,10,-0.174,1.157,-0.048,20,0.315,0.080,0.315,0.080,1.01,0.16,0.045,-0.040,0.900,-3.013,-1.205,2.853
# remark: robobot/cmd/ti/rc 0.070 1.213 1744992794.878467
1744992794.88,-1,0.306,-0.001,0.081,10,-0.205,1.213,-0.096,20,0.315,0.081,0.315,0.081,1.01,0.16,0.051,-0.014,1.132,3.579,0.351,1.206
1744992794.88,-1,0.307,-0.001,0.082,10,-0.205,1.213,-0.096,20,0.315,0.082,0.315,0.082,1.01,0.16,-0.038,-0.133,0.891,-0.327,4.288,7.034
# remark: robobot/cmd/ti/rc 0.070 1.259 1744992794.880247
1744992794.88,-1,0.307,-0.001,0.083,10,-0.238,1.259,-0.096,20,0.315,0.083,0.315,0.083,1.01,0.16,-0.038,-0.133,0.891,-0.327,4.288,7.034
1744992794.88,-1,0.308,-0.001,0.082,10,-0.238,1.259,-0.122,20,0.316,0.082,0.316,0.082,1.01,0.16,0.077,-0.021,0.876,0.954,-4.959,10.208
# remark: robobot/cmd/ti/rc 0.070 1.334 1744992794.890336
1744992794.89,-1,0.308,-0.001,0.082,10,-0.272,1.334,-0.122,20,0.316,0.082,0.316,0.082,1.14,0.17,0.077,-0.021,0.876,0.954,-4.959,10.208
# remark: robobot/cmd/ti/rc 0.070 1.336 1744992794.8999639
1744992794.90,-1,0.309,-0.001,0.083,10,-0.304,1.336,-0.013,20,0.317,0.083,0.317,0.083,1.14,0.17,0.078,0.070,1.076,-0.877,0.992,7.034
1744992794.90,-1,0.309,-0.001,0.083,10,-0.304,1.336,-0.013,20,0.317,0.083,0.317,0.083,1.14,0.17,0.141,-0.015,0.836,2.144,-1.175,4.868
# remark: robobot/cmd/ti/rc 0.070 1.313 1744992794.9085178
1744992794.91,-1,0.310,-0.001,0.083,10,-0.337,1.313,-0.013,20,0.317,0.083,0.317,0.083,1.14,0.17,0.141,-0.015,0.836,2.144,-1.175,4.868
1744992794.92,-1,0.310,-0.001,0.089,10,-0.337,1.313,-0.087,20,0.318,0.089,0.318,0.089,1.14,0.17,0.074,-0.080,0.895,-0.480,-5.020,4.166
# remark: robobot/cmd/ti/rc 0.070 1.305 1744992794.9200268
1744992794.92,-1,0.310,-0.001,0.089,10,-0.368,1.305,-0.087,20,0.318,0.089,0.318,0.089,1.10,0.17,0.074,-0.080,0.895,-0.480,-5.020,4.166
# remark: robobot/cmd/ti/rc 0.070 1.252 1744992794.928384
1744992794.93,-1,0.311,-0.001,0.094,10,-0.397,1.252,-0.300,20,0.319,0.094,0.319,0.094,1.10,0.17,-0.022,-0.233,1.303,0.893,4.501,13.535
1744992794.93,-1,0.311,-0.001,0.097,10,-0.397,1.252,-0.300,20,0.319,0.097,0.319,0.097,1.10,0.17,-0.090,-0.290,0.835,8.034,1.358,27.206
# remark: robobot/cmd/ti/rc 0.070 1.168 1744992794.937511
1744992794.94,-1,0.311,-0.001,0.098,10,-0.423,1.168,-0.300,20,0.319,0.098,0.319,0.098,1.10,0.17,-0.090,-0.290,0.835,8.034,1.358,27.206
1744992794.95,-1,0.312,-0.001,0.105,10,-0.423,1.168,-0.330,20,0.320,0.105,0.320,0.105,1.10,0.17,-0.166,-0.319,0.840,-6.492,0.443,42.252
# remark: robobot/cmd/ti/rc 0.070 1.123 1744992794.9487932
1744992794.95,-1,0.312,-0.001,0.105,10,-0.449,1.123,-0.330,20,0.320,0.105,0.320,0.105,0.99,0.17,-0.166,-0.319,0.840,-6.492,0.443,42.252
# remark: robobot/cmd/ti/rc 0.070 1.094 1744992794.9602718
1744992794.96,-1,0.313,-0.001,0.112,10,-0.473,1.094,-0.696,20,0.322,0.112,0.322,0.112,0.99,0.17,-0.165,-0.388,1.014,1.076,-1.144,56.625
1744992794.96,-1,0.314,-0.001,0.118,10,-0.473,1.094,-0.696,20,0.322,0.118,0.322,0.118,0.99,0.17,0.037,-0.250,1.013,6.783,-5.142,66.483
# remark: robobot/cmd/ti/rc 0.070 1.001 1744992794.968864
1744992794.97,-1,0.314,-0.001,0.120,10,-0.493,1.001,-0.696,20,0.322,0.120,0.322,0.120,0.99,0.17,0.037,-0.250,1.013,6.783,-5.142,66.483
1744992794.98,-1,0.315,-0.001,0.130,10,-0.493,1.001,-0.757,20,0.323,0.130,0.323,0.130,0.99,0.17,0.082,-0.242,1.071,-0.694,-2.579,70.725
# remark: robobot/cmd/ti/rc 0.070 0.950 1744992794.9781618
1744992794.98,-1,0.315,-0.001,0.130,10,-0.514,0.950,-0.757,20,0.323,0.130,0.323,0.130,0.89,0.19,0.082,-0.242,1.071,-0.694,-2.579,70.725
# remark: robobot/cmd/ti/rc 0.070 0.941 1744992794.9884028
1744992794.99,-1,0.315,-0.001,0.140,10,-0.533,0.941,-0.817,20,0.325,0.140,0.325,0.140,0.89,0.19,0.038,-0.172,0.931,3.731,0.076,73.410
1744992794.99,-1,0.316,-0.000,0.145,10,-0.533,0.941,-0.817,20,0.325,0.145,0.325,0.145,0.89,0.19,0.041,-0.150,0.868,5.501,-5.386,76.157
# remark: robobot/cmd/ti/rc 0.070 0.882 1744992795.000298
1744992795.00,-1,0.316,-0.000,0.149,10,-0.551,0.882,-0.817,20,0.325,0.149,0.325,0.149,0.89,0.19,0.041,-0.150,0.868,5.501,-5.386,76.157
1744992795.01,-1,0.317,-0.000,0.160,10,-0.551,0.882,-0.896,20,0.326,0.160,0.326,0.160,0.89,0.19,0.024,-0.085,1.134,1.168,1.938,80.246
# remark: robobot/cmd/ti/rc 0.070 0.816 1744992795.008141
1744992795.01,-1,0.317,-0.000,0.160,10,-0.566,0.816,-0.896,20,0.326,0.160,0.326,0.160,0.80,0.30,0.024,-0.085,1.134,1.168,1.938,80.246
# remark: robobot/cmd/ti/rc 0.070 0.779 1744992795.0341408
1744992795.03,-1,0.317,-0.000,0.171,10,-0.581,0.779,-0.996,20,0.327,0.171,0.327,0.171,0.80,0.30,-0.006,-0.068,0.891,4.738,2.365,86.044
1744992795.04,-1,0.318,-0.000,0.176,10,-0.581,0.779,-0.996,20,0.327,0.176,0.327,0.176,0.80,0.30,0.022,-0.039,0.874,4.037,-2.640,90.073
# remark: robobot/cmd/ti/rc 0.070 0.744 1744992795.0353029
1744992795.04,-1,0.318,-0.000,0.180,10,-0.594,0.744,-0.996,20,0.327,0.180,0.327,0.180,0.80,0.30,0.022,-0.039,0.874,4.037,-2.640,90.073
1744992795.04,-1,0.319,0.000,0.191,10,-0.594,0.744,-1.083,20,0.328,0.191,0.328,0.191,0.80,0.30,0.075,-0.021,1.023,0.802,-0.076,92.758
# remark: robobot/cmd/ti/rc 0.070 0.703 1744992795.053737
1744992795.05,-1,0.319,0.000,0.191,11,-0.607,0.703,-1.083,20,0.328,0.191,0.328,0.191,0.99,0.46,0.075,-0.021,1.023,0.802,-0.076,92.758
# remark: robobot/cmd/ti/rc 0.070 0.695 1744992795.054303
1744992795.05,-1,0.320,0.000,0.202,11,-0.619,0.695,-1.070,20,0.330,0.202,0.330,0.202,0.99,0.46,0.171,0.113,0.996,6.112,0.839,90.561
1744992795.05,-1,0.320,0.000,0.209,11,-0.619,0.695,-1.070,20,0.330,0.209,0.330,0.209,0.99,0.46,0.035,-0.079,0.997,6.814,0.351,89.615
# remark: robobot/cmd/ti/rc 0.070 0.641 1744992795.0609422
1744992795.06,-1,0.320,0.000,0.214,11,-0.628,0.641,-1.070,20,0.330,0.214,0.330,0.214,0.99,0.46,0.035,-0.079,0.997,6.814,0.351,89.615
1744992795.07,-1,0.321,0.001,0.226,11,-0.628,0.641,-1.161,20,0.331,0.226,0.331,0.226,0.99,0.46,0.046,-0.078,0.916,6.112,3.983,91.965
# remark: robobot/cmd/ti/rc 0.070 0.627 1744992795.0708811
1744992795.07,-1,0.321,0.001,0.226,11,-0.639,0.627,-1.161,20,0.331,0.226,0.331,0.226,1.01,0.64,0.046,-0.078,0.916,6.112,3.983,91.965
# remark: robobot/cmd/ti/alive 2025-04-18 18:13:08.652491
# remark: robobot/cmd/ti/rc 0.070 0.609 1744992795.088913
1744992795.09,-1,0.322,0.001,0.237,11,-0.647,0.609,-1.152,20,0.332,0.237,0.332,0.237,1.01,0.64,0.146,-0.006,0.831,8.248,-1.114,91.538
1744992795.09,-1,0.322,0.001,0.243,11,-0.647,0.609,-1.152,20,0.332,0.243,0.332,0.243,1.01,0.64,0.151,-0.037,1.189,9.164,2.792,88.516
# remark: robobot/cmd/ti/rc 0.070 0.545 1744992795.0897121
1744992795.09,-1,0.323,0.001,0.247,11,-0.655,0.545,-1.152,20,0.332,0.247,0.332,0.247,1.01,0.64,0.151,-0.037,1.189,9.164,2.792,88.516
1744992795.11,-1,0.323,0.001,0.257,11,-0.655,0.545,-1.074,20,0.333,0.257,0.333,0.257,1.01,0.64,0.100,-0.023,0.917,7.729,2.151,88.791
# remark: robobot/cmd/ti/rc 0.070 2.497 1744992795.108516
1744992795.11,-1,0.323,0.001,0.257,11,-0.923,2.497,-1.074,20,0.333,0.257,0.333,0.257,1.43,1.05,0.100,-0.023,0.917,7.729,2.151,88.791
# remark: robobot/cmd/ti/rc 0.070 2.710 1744992795.109597
1744992795.11,-1,0.324,0.001,0.265,11,-0.919,2.710,-0.991,20,0.334,0.265,0.334,0.265,1.43,1.05,0.130,0.053,0.986,8.767,-0.687,84.824
1744992795.13,-1,0.325,0.001,0.270,11,-0.919,2.710,-0.991,20,0.334,0.270,0.334,0.270,1.43,1.05,0.110,0.045,0.979,5.929,4.501,81.986
# remark: robobot/cmd/ti/rc 0.0 0.0
1744992795.13,-1,0.325,0.002,0.272,11,0.000,2.710,-0.991,20,0.334,0.272,0.334,0.272,1.43,1.05,0.110,0.045,0.979,5.929,4.501,81.986
1744992795.13,-1,0.326,0.002,0.280,11,0.000,2.710,-0.878,20,0.335,0.280,0.335,0.280,1.43,1.05,0.077,0.030,0.851,3.609,-0.687,80.002
1744992795.13,-1,0.326,0.002,0.280,11,0.000,2.710,-0.878,20,0.335,0.280,0.335,0.280,1.50,1.50,0.077,0.030,0.851,3.609,-0.687,80.002
1744992795.15,-1,0.327,0.002,0.287,11,0.000,2.710,-0.830,20,0.336,0.287,0.336,0.287,1.50,1.50,0.096,0.052,1.146,6.081,-0.931,78.110
1744992795.15,-1,0.327,0.002,0.291,11,0.000,2.710,-0.830,20,0.336,0.291,0.336,0.291,1.50,1.50,0.177,0.204,0.989,2.694,5.905,72.647
1744992795.16,-1,0.328,0.002,0.295,11,0.000,2.710,-0.830,20,0.336,0.295,0.336,0.295,1.50,1.50,0.177,0.204,0.989,2.694,5.905,72.647
1744992795.16,-1,0.329,0.003,0.303,11,0.000,2.710,-0.887,20,0.337,0.303,0.337,0.303,1.50,1.50,0.097,0.105,0.849,3.823,-1.266,66.299
1744992795.16,-1,0.329,0.003,0.303,11,0.000,2.710,-0.887,20,0.337,0.303,0.337,0.303,1.50,1.50,0.097,0.105,0.849,3.823,-1.266,66.299
1744992795.18,-1,0.329,0.003,0.311,11,0.000,2.710,-0.891,20,0.339,0.311,0.339,0.311,1.50,1.50,0.108,0.064,1.031,6.417,-1.297,63.095
1744992795.18,-1,0.330,0.003,0.316,11,0.000,2.710,-0.891,20,0.339,0.316,0.339,0.316,1.50,1.50,0.087,0.023,0.994,1.778,4.105,61.630
1744992795.18,-1,0.330,0.003,0.320,11,0.000,2.710,-0.891,20,0.339,0.320,0.339,0.320,1.50,1.50,0.087,0.023,0.994,1.778,4.105,61.630
1744992795.19,-1,0.331,0.003,0.339,11,0.000,2.710,-0.978,20,0.340,0.339,0.340,0.339,1.50,1.50,0.032,-0.030,1.040,6.112,-1.175,60.501
1744992795.20,-1,0.331,0.003,0.339,11,0.000,2.710,-0.978,20,0.340,0.339,0.340,0.339,1.50,1.50,0.032,-0.030,1.040,6.112,-1.175,60.501
1744992795.20,-1,0.331,0.004,0.355,11,0.000,2.710,-1.826,20,0.341,0.355,0.341,0.355,1.50,1.50,-0.403,-0.325,1.012,4.525,5.600,63.065
1744992795.20,-1,0.332,0.004,0.357,11,0.000,2.710,-1.826,20,0.341,0.357,0.341,0.357,1.50,1.50,-0.206,-0.055,0.773,8.217,4.837,78.964
1744992795.21,-1,0.332,0.004,0.356,11,0.000,2.710,-1.826,20,0.341,0.356,0.341,0.356,1.50,1.50,-0.206,-0.055,0.773,8.217,4.837,78.964
1744992795.22,-1,0.332,0.004,0.354,11,0.000,2.710,-0.587,20,0.342,0.354,0.342,0.354,1.50,1.50,0.047,-0.014,0.986,-8.628,-6.149,80.612
1744992795.22,-1,0.332,0.004,0.354,11,0.000,2.710,-0.587,20,0.342,0.354,0.342,0.354,1.50,0.78,0.047,-0.014,0.986,-8.628,-6.149,80.612
1744992795.24,-1,0.332,0.004,0.355,11,0.000,2.710,-0.026,20,0.342,0.355,0.342,0.355,1.50,0.78,0.189,0.331,1.433,9.530,5.508,66.910
1744992795.24,-1,0.332,0.004,0.357,11,0.000,2.710,-0.026,20,0.342,0.357,0.342,0.357,1.50,0.78,-0.100,0.278,0.878,9.255,7.492,50.461
1744992795.24,-1,0.332,0.004,0.360,11,0.000,2.710,-0.026,20,0.342,0.360,0.342,0.360,1.50,0.78,-0.100,0.278,0.878,9.255,7.492,50.461
1744992795.26,-1,0.333,0.004,0.367,11,0.000,2.710,-0.335,20,0.343,0.367,0.343,0.367,1.50,0.78,0.000,0.168,0.787,-5.180,-7.492,35.751
1744992795.26,-1,0.333,0.004,0.367,11,0.000,2.710,-0.335,20,0.343,0.367,0.343,0.367,1.50,0.61,0.000,0.168,0.787,-5.180,-7.492,35.751
1744992795.27,-1,0.333,0.004,0.373,11,0.000,2.710,-0.635,20,0.343,0.373,0.343,0.373,1.50,0.61,0.028,0.107,1.083,10.689,-11.642,38.559
1744992795.27,-1,0.333,0.004,0.376,11,0.000,2.710,-0.635,20,0.343,0.376,0.343,0.376,1.50,0.61,0.052,0.273,1.181,-1.609,11.978,34.256
# remark: robobot/cmd/T0/leds 16 0 100 0
# remark: robobot/cmd/ti/rc 0.0 0.40
1744992795.29,-1,0.333,0.004,0.376,11,0.000,2.710,-0.635,20,0.343,0.376,0.000,0.000,1.50,0.61,0.052,0.273,1.181,-1.609,11.978,34.256
1744992795.29,-1,0.333,0.004,0.377,11,0.000,2.710,-0.452,20,0.344,0.377,0.000,0.001,1.50,0.61,-0.089,0.334,0.880,-2.982,8.926,22.049
1744992795.29,-1,0.333,0.004,0.377,11,0.000,2.710,-0.452,20,0.344,0.377,0.000,0.001,1.50,0.48,-0.089,0.334,0.880,-2.982,8.926,22.049
1744992795.30,-1,0.333,0.004,0.377,11,0.000,2.710,-0.257,20,0.344,0.377,0.000,0.001,1.50,0.48,-0.191,0.235,0.837,4.006,-3.647,8.774
1744992795.30,-1,0.333,0.004,0.376,11,0.000,2.710,-0.257,20,0.344,0.376,0.000,0.000,1.50,0.48,-0.083,0.191,0.948,-4.264,-4.166,-2.579
1744992795.31,-1,0.333,0.004,0.376,11,0.000,2.710,-0.257,20,0.344,0.376,0.000,0.000,1.50,0.48,-0.083,0.191,0.948,-4.264,-4.166,-2.579
1744992795.31,-1,0.333,0.004,0.376,11,0.000,2.710,-0.130,20,0.344,0.376,0.001,0.000,1.50,0.48,0.051,0.070,1.028,2.999,-5.875,-7.950
1744992795.31,-1,0.333,0.004,0.376,11,0.000,2.710,-0.130,20,0.344,0.376,0.001,0.000,1.50,0.46,0.051,0.070,1.028,2.999,-5.875,-7.950
1744992795.32,-1,0.333,0.004,0.373,11,0.000,2.710,-0.043,20,0.344,0.373,0.001,-0.002,1.50,0.46,0.109,0.015,1.059,-2.250,-0.992,-9.018
1744992795.32,-1,0.333,0.004,0.372,11,0.000,2.710,-0.043,20,0.344,0.372,0.001,-0.004,1.50,0.46,0.103,0.028,0.974,-3.593,1.328,-9.689
1744992795.33,-1,0.332,0.004,0.372,11,0.000,2.710,-0.043,20,0.344,0.372,0.001,-0.004,1.50,0.46,0.103,0.028,0.974,-3.593,1.328,-9.689
1744992795.36,-1,0.332,0.004,0.372,11,0.000,2.710,-0.013,20,0.344,0.372,0.000,-0.004,1.50,0.46,0.057,0.022,0.827,1.717,-3.098,-13.290
1744992795.36,-1,0.332,0.004,0.372,11,0.000,2.710,-0.013,20,0.344,0.372,0.000,-0.004,1.50,0.44,0.057,0.022,0.827,1.717,-3.098,-13.290
1744992795.36,-1,0.332,0.004,0.375,11,0.000,2.710,0.004,20,0.344,0.375,0.000,-0.001,1.50,0.44,0.112,0.009,1.006,-3.257,1.266,-12.833
1744992795.36,-1,0.332,0.004,0.377,11,0.000,2.710,0.004,20,0.344,0.377,0.000,0.001,1.50,0.44,0.107,-0.005,1.038,0.100,3.372,-14.084
1744992795.37,-1,0.332,0.004,0.379,11,0.000,2.710,0.004,20,0.344,0.379,0.000,0.003,1.50,0.44,0.107,-0.005,1.038,0.100,3.372,-14.084
1744992795.37,-1,0.332,0.004,0.381,11,0.000,2.710,-0.135,20,0.343,0.381,-0.000,0.005,1.50,0.44,0.073,-0.039,1.003,1.717,-1.572,-14.633
1744992795.37,-1,0.332,0.004,0.381,11,0.000,2.710,-0.135,20,0.343,0.381,-0.000,0.005,1.50,0.44,0.073,-0.039,1.003,1.717,-1.572,-14.633
1744992795.39,-1,0.332,0.004,0.382,11,0.000,2.710,-0.209,20,0.343,0.382,-0.001,0.006,1.50,0.44,0.053,-0.148,0.941,0.039,-0.320,-6.515
1744992795.40,-1,0.332,0.004,0.382,11,0.000,2.710,-0.209,20,0.343,0.382,-0.001,0.006,1.50,0.44,0.043,-0.144,0.910,-0.999,-1.572,-1.205
1744992795.40,-1,0.332,0.004,0.382,11,0.000,2.710,-0.209,20,0.343,0.382,-0.001,0.006,1.50,0.44,0.043,-0.144,0.910,-0.999,-1.572,-1.205
1744992795.40,-1,0.332,0.004,0.382,11,0.000,2.710,-0.170,20,0.342,0.382,-0.001,0.006,1.50,0.44,0.123,-0.100,1.014,-1.579,-1.938,4.501
1744992795.40,-1,0.332,0.004,0.382,11,0.000,2.710,-0.170,20,0.342,0.382,-0.001,0.006,1.50,0.44,0.123,-0.100,1.014,-1.579,-1.938,4.501
1744992795.41,-1,0.332,0.004,0.382,11,0.000,2.710,-0.104,20,0.342,0.382,-0.001,0.006,1.50,0.44,0.137,-0.084,1.023,0.222,1.846,6.119
1744992795.41,-1,0.331,0.004,0.383,11,0.000,2.710,-0.104,20,0.342,0.383,-0.001,0.007,1.50,0.44,0.084,-0.034,0.954,-0.053,2.640,6.516
1744992795.42,-1,0.331,0.004,0.383,11,0.000,2.710,-0.104,20,0.342,0.383,-0.001,0.007,1.50,0.44,0.084,-0.034,0.954,-0.053,2.640,6.516
1744992795.43,-1,0.331,0.004,0.385,11,0.000,2.710,-0.065,20,0.342,0.385,-0.001,0.009,1.50,0.44,-0.006,-0.092,0.958,1.931,2.213,6.332
1744992795.43,-1,0.331,0.004,0.385,11,0.000,2.710,-0.065,20,0.342,0.385,-0.001,0.009,1.50,0.44,-0.006,-0.092,0.958,1.931,2.213,6.332
1744992795.44,-1,0.331,0.004,0.385,11,0.000,2.710,-0.100,20,0.342,0.385,-0.001,0.009,1.50,0.44,0.001,-0.049,0.920,0.344,0.351,9.659
1744992795.44,-1,0.331,0.004,0.385,11,0.000,2.710,-0.100,20,0.342,0.385,-0.001,0.009,1.50,0.44,-0.016,-0.084,0.974,0.558,-0.534,11.765
1744992795.45,-1,0.331,0.004,0.387,11,0.000,2.710,-0.100,20,0.342,0.387,-0.001,0.012,1.50,0.44,-0.016,-0.084,0.974,0.558,-0.534,11.765
1744992795.46,-1,0.331,0.004,0.390,11,0.000,2.710,-0.096,20,0.342,0.390,-0.002,0.014,1.50,0.44,0.005,-0.053,0.986,1.198,-1.389,14.786
1744992795.46,-1,0.331,0.004,0.390,11,0.000,2.710,-0.096,20,0.342,0.390,-0.002,0.014,1.50,0.43,0.005,-0.053,0.986,1.198,-1.389,14.786
1744992795.47,-1,0.331,0.004,0.392,11,0.000,2.710,-0.648,20,0.341,0.392,-0.003,0.016,1.50,0.43,0.025,-0.088,0.936,0.497,-1.480,17.868
1744992795.47,-1,0.332,0.004,0.393,11,0.000,2.710,-0.648,20,0.341,0.393,-0.003,0.017,1.50,0.43,0.095,-0.055,0.993,-0.297,-0.320,21.256
1744992795.48,-1,0.332,0.004,0.394,11,0.000,2.710,-0.648,20,0.341,0.394,-0.003,0.018,1.50,0.43,0.095,-0.055,0.993,-0.297,-0.320,21.256
1744992795.49,-1,0.332,0.004,0.396,11,0.000,2.710,-0.213,20,0.341,0.396,-0.003,0.020,1.50,0.43,0.187,-0.028,0.971,1.015,-0.839,22.842
1744992795.49,-1,0.332,0.004,0.396,11,0.000,2.710,-0.213,20,0.341,0.396,-0.003,0.020,1.50,0.44,0.187,-0.028,0.971,1.015,-0.839,22.842
1744992795.50,-1,0.332,0.004,0.398,11,0.000,2.710,-0.213,20,0.341,0.398,-0.002,0.022,1.50,0.44,0.141,-0.020,1.030,0.619,1.877,22.110
1744992795.50,-1,0.332,0.004,0.399,11,0.000,2.710,-0.213,20,0.341,0.399,-0.002,0.023,1.50,0.44,0.087,-0.009,0.912,2.267,2.548,19.150
1744992795.51,-1,0.332,0.004,0.400,11,0.000,2.710,-0.213,20,0.341,0.400,-0.002,0.024,1.50,0.44,0.087,-0.009,0.912,2.267,2.548,19.150
1744992795.53,-1,0.332,0.004,0.406,11,0.000,2.710,-0.252,20,0.341,0.406,-0.002,0.030,1.50,0.44,0.081,0.011,0.962,2.419,-1.266,15.945
1744992795.53,-1,0.332,0.004,0.406,11,0.000,2.710,-0.252,20,0.341,0.406,-0.002,0.030,1.50,0.45,0.081,0.011,0.962,2.419,-1.266,15.945
1744992795.53,-1,0.332,0.004,0.408,11,0.000,2.710,-0.309,20,0.341,0.408,-0.002,0.032,1.50,0.45,-0.036,-0.142,1.001,1.778,1.694,22.080
1744992795.54,-1,0.332,0.004,0.409,11,0.000,2.710,-0.309,20,0.341,0.409,-0.002,0.033,1.50,0.45,-0.070,-0.043,0.961,1.687,1.633,28.336
1744992795.55,-1,0.332,0.004,0.411,11,0.000,2.710,-0.309,20,0.341,0.411,-0.002,0.035,1.50,0.45,-0.070,-0.043,0.961,1.687,1.633,28.336
1744992795.57,-1,0.332,0.004,0.415,11,0.000,2.710,-0.317,20,0.342,0.415,-0.002,0.039,1.50,0.45,-0.040,-0.099,0.948,-1.090,0.137,32.761
1744992795.57,-1,0.332,0.004,0.415,11,0.000,2.710,-0.317,20,0.342,0.415,-0.002,0.039,1.50,0.44,-0.040,-0.099,0.948,-1.090,0.137,32.761
1744992795.57,-1,0.333,0.004,0.420,11,0.000,2.710,-0.335,20,0.342,0.420,-0.002,0.044,1.50,0.44,0.026,-0.033,0.999,1.870,-0.656,32.364
1744992795.57,-1,0.333,0.004,0.421,11,0.000,2.710,-0.335,20,0.342,0.421,-0.002,0.045,1.50,0.44,0.025,-0.082,0.962,0.130,1.297,33.188
1744992795.58,-1,0.333,0.004,0.424,11,0.000,2.710,-0.335,20,0.342,0.424,-0.002,0.048,1.50,0.44,0.025,-0.082,0.962,0.130,1.297,33.188
1744992795.58,-1,0.333,0.004,0.428,11,0.000,2.710,-0.452,20,0.342,0.428,-0.001,0.052,1.50,0.44,0.060,-0.022,1.010,2.236,-0.229,31.570
1744992795.58,-1,0.333,0.004,0.428,11,0.000,2.710,-0.452,20,0.342,0.428,-0.001,0.052,1.50,0.42,0.060,-0.022,1.010,2.236,-0.229,31.570
1744992795.59,-1,0.333,0.004,0.432,11,0.000,2.710,-0.426,20,0.342,0.432,-0.001,0.057,1.50,0.42,0.019,-0.069,1.000,1.687,2.335,32.303
1744992795.59,-1,0.333,0.004,0.435,11,0.000,2.710,-0.426,20,0.342,0.435,-0.001,0.059,1.50,0.42,-0.021,-0.011,0.999,2.999,4.227,34.378
1744992795.61,-1,0.333,0.004,0.436,11,0.000,2.710,-0.426,20,0.342,0.436,-0.001,0.060,1.50,0.42,-0.021,-0.011,0.999,2.999,4.227,34.378
# remark: robobot/cmd/ti/alive 2025-04-18 18:13:08.652491
1744992795.61,-1,0.333,0.004,0.438,11,0.000,2.710,-0.413,20,0.343,0.438,-0.001,0.062,1.50,0.42,-0.061,-0.052,0.902,0.161,1.938,36.118
1744992795.61,-1,0.333,0.004,0.438,11,0.000,2.710,-0.413,20,0.343,0.438,-0.001,0.062,1.50,0.42,-0.061,-0.052,0.902,0.161,1.938,36.118
1744992795.62,-1,0.333,0.004,0.442,11,0.000,2.710,-0.348,20,0.342,0.442,-0.001,0.066,1.50,0.42,0.100,0.052,0.998,2.450,-0.900,34.042
1744992795.62,-1,0.333,0.004,0.444,11,0.000,2.710,-0.348,20,0.342,0.444,-0.001,0.068,1.50,0.42,0.006,-0.029,1.005,1.351,1.389,34.164
1744992795.64,-1,0.333,0.004,0.448,11,0.000,2.710,-0.348,20,0.342,0.448,-0.001,0.072,1.50,0.42,0.006,-0.029,1.005,1.351,1.389,34.164
1744992795.65,-1,0.333,0.004,0.452,11,0.000,2.710,-0.361,20,0.342,0.452,-0.001,0.076,1.50,0.42,-0.064,-0.073,0.951,1.778,0.961,36.087
1744992795.65,-1,0.333,0.004,0.452,11,0.000,2.710,-0.361,20,0.342,0.452,-0.001,0.076,1.50,0.42,-0.064,-0.073,0.951,1.778,0.961,36.087
1744992795.65,-1,0.333,0.004,0.457,11,0.000,2.710,-0.513,20,0.343,0.457,-0.001,0.081,1.50,0.42,-0.014,-0.057,0.884,0.191,-2.548,38.895
1744992795.65,-1,0.333,0.004,0.459,11,0.000,2.710,-0.513,20,0.343,0.459,-0.001,0.083,1.50,0.42,0.102,0.020,1.087,0.924,-1.053,37.033
1744992795.67,-1,0.333,0.004,0.461,11,0.000,2.710,-0.513,20,0.343,0.461,-0.001,0.085,1.50,0.42,0.102,0.020,1.087,0.924,-1.053,37.033
1744992795.67,-1,0.333,0.004,0.467,11,0.000,2.710,-0.504,20,0.343,0.467,-0.001,0.091,1.50,0.42,0.045,-0.034,0.999,2.175,4.166,36.179
1744992795.67,-1,0.333,0.004,0.467,11,0.000,2.710,-0.504,20,0.343,0.467,-0.001,0.091,1.50,0.42,0.045,-0.034,0.999,2.175,4.166,36.179
1744992795.68,-1,0.333,0.004,0.469,11,0.000,2.710,-0.500,20,0.343,0.469,-0.001,0.094,1.50,0.42,-0.054,-0.066,0.838,1.412,-0.168,37.705
1744992795.68,-1,0.333,0.004,0.471,11,0.000,2.710,-0.500,20,0.343,0.471,-0.001,0.095,1.50,0.42,0.063,-0.016,1.040,1.443,-3.433,38.498
1744992795.70,-1,0.333,0.004,0.472,11,0.000,2.710,-0.500,20,0.343,0.472,-0.001,0.096,1.50,0.42,0.063,-0.016,1.040,1.443,-3.433,38.498
1744992795.70,-1,0.333,0.004,0.476,11,0.000,2.710,-0.409,20,0.343,0.476,-0.001,0.101,1.50,0.42,0.125,0.081,1.183,0.863,5.173,34.012
1744992795.70,-1,0.333,0.004,0.476,11,0.000,2.710,-0.409,20,0.343,0.476,-0.001,0.101,1.50,0.42,0.125,0.081,1.183,0.863,5.173,34.012
1744992795.73,-1,0.333,0.004,0.482,11,0.000,2.710,-0.396,20,0.343,0.482,-0.001,0.106,1.50,0.42,-0.012,-0.031,0.908,2.694,6.302,31.082
1744992795.73,-1,0.333,0.004,0.485,11,0.000,2.710,-0.396,20,0.343,0.485,-0.001,0.109,1.50,0.42,-0.054,-0.040,0.774,0.130,0.626,35.324
1744992795.73,-1,0.333,0.004,0.486,11,0.000,2.710,-0.396,20,0.343,0.486,-0.001,0.110,1.50,0.42,-0.054,-0.040,0.774,0.130,0.626,35.324
1744992795.74,-1,0.333,0.004,0.490,11,0.000,2.710,-0.474,20,0.342,0.490,-0.001,0.114,1.50,0.42,0.093,0.011,1.004,0.161,-3.464,33.951
1744992795.74,-1,0.333,0.004,0.490,11,0.000,2.710,-0.474,20,0.342,0.490,-0.001,0.114,1.50,0.43,0.093,0.011,1.004,0.161,-3.464,33.951
1744992795.74,-1,0.333,0.004,0.495,11,0.000,2.710,-0.430,20,0.342,0.495,-0.001,0.119,1.50,0.43,0.120,0.057,1.192,1.504,5.173,31.937
1744992795.74,-1,0.333,0.004,0.497,11,0.000,2.710,-0.430,20,0.342,0.497,-0.001,0.121,1.50,0.43,-0.062,-0.081,0.809,0.558,3.036,32.059
1744992795.75,-1,0.333,0.004,0.500,11,0.000,2.710,-0.430,20,0.342,0.500,-0.001,0.124,1.50,0.43,-0.062,-0.081,0.809,0.558,3.036,32.059
1744992795.75,-1,0.333,0.004,0.503,11,0.000,2.710,-0.474,20,0.343,0.503,-0.001,0.127,1.50,0.43,0.060,0.022,0.832,0.435,-5.753,32.669
1744992795.76,-1,0.333,0.004,0.503,11,0.000,2.710,-0.474,20,0.343,0.503,-0.001,0.127,1.50,0.42,0.060,0.022,0.832,0.435,-5.753,32.669
1744992795.77,-1,0.333,0.004,0.506,11,0.000,2.710,-0.417,20,0.343,0.506,-0.001,0.131,1.50,0.42,0.104,0.020,1.209,1.687,0.931,30.197
1744992795.78,-1,0.333,0.004,0.509,11,0.000,2.710,-0.417,20,0.343,0.509,-0.001,0.133,1.50,0.42,0.092,0.036,0.963,2.083,6.088,27.359
1744992795.80,-1,0.333,0.004,0.512,11,0.000,2.710,-0.417,20,0.343,0.512,-0.001,0.136,1.50,0.42,0.092,0.036,0.963,2.083,6.088,27.359
1744992795.80,-1,0.333,0.004,0.515,11,0.000,2.710,-0.417,20,0.343,0.515,-0.001,0.139,1.50,0.42,-0.110,-0.100,0.882,1.320,0.565,30.838
1744992795.80,-1,0.333,0.004,0.515,11,0.000,2.710,-0.417,20,0.343,0.515,-0.001,0.139,1.50,0.41,-0.110,-0.100,0.882,1.320,0.565,30.838
1744992795.80,-1,0.333,0.004,0.518,11,0.000,2.710,-0.435,20,0.343,0.518,-0.001,0.142,1.50,0.41,0.072,0.016,0.875,0.771,-3.769,32.425
1744992795.82,-1,0.333,0.004,0.519,11,0.000,2.710,-0.435,20,0.343,0.519,-0.001,0.143,1.50,0.41,0.089,0.010,1.103,0.374,0.565,30.838
1744992795.82,-1,0.333,0.004,0.522,11,0.000,2.710,-0.435,20,0.343,0.522,-0.001,0.146,1.50,0.41,0.089,0.010,1.103,0.374,0.565,30.838
1744992795.82,-1,0.333,0.004,0.526,11,0.000,2.710,-0.361,20,0.343,0.526,-0.001,0.150,1.50,0.41,0.065,-0.019,0.963,2.785,2.365,29.312
1744992795.82,-1,0.333,0.004,0.526,11,0.000,2.710,-0.361,20,0.343,0.526,-0.001,0.150,1.50,0.41,0.065,-0.019,0.963,2.785,2.365,29.312
1744992795.83,-1,0.333,0.004,0.530,11,0.000,2.710,-0.365,20,0.342,0.530,-0.001,0.154,1.50,0.41,-0.054,-0.063,0.904,-0.236,0.229,31.815
1744992795.84,-1,0.333,0.004,0.531,11,0.000,2.710,-0.365,20,0.342,0.531,-0.001,0.155,1.50,0.41,0.073,0.007,0.935,0.954,-1.389,31.357
1744992795.84,-1,0.333,0.004,0.533,11,0.000,2.710,-0.365,20,0.342,0.533,-0.001,0.157,1.50,0.41,0.073,0.007,0.935,0.954,-1.389,31.357
1744992795.84,-1,0.333,0.004,0.537,11,0.000,2.710,-0.404,20,0.342,0.537,-0.001,0.161,1.50,0.41,0.082,-0.010,0.990,1.626,-0.015,30.502
1744992795.85,-1,0.333,0.004,0.537,11,0.000,2.710,-0.404,20,0.342,0.537,-0.001,0.161,1.50,0.40,0.082,-0.010,0.990,1.626,-0.015,30.502
1744992795.86,-1,0.333,0.004,0.542,11,0.000,2.710,-0.387,20,0.343,0.542,-0.001,0.166,1.50,0.40,0.113,0.041,0.990,1.534,2.548,27.664
1744992795.86,-1,0.333,0.004,0.545,11,0.000,2.710,-0.387,20,0.343,0.545,-0.001,0.169,1.50,0.40,-0.098,-0.114,0.974,1.748,0.717,29.770
1744992795.87,-1,0.333,0.004,0.547,11,0.000,2.710,-0.387,20,0.343,0.547,-0.001,0.171,1.50,0.40,-0.098,-0.114,0.974,1.748,0.717,29.770
1744992795.88,-1,0.333,0.004,0.548,11,0.000,2.710,-0.443,20,0.343,0.548,-0.001,0.172,1.50,0.40,0.029,-0.010,0.886,1.107,-0.534,32.089
1744992795.88,-1,0.333,0.004,0.548,11,0.000,2.710,-0.443,20,0.343,0.548,-0.001,0.172,1.50,0.40,0.029,-0.010,0.886,1.107,-0.534,32.089
1744992795.89,-1,0.333,0.004,0.550,11,0.000,2.710,-0.400,20,0.343,0.550,-0.001,0.175,1.50,0.40,0.074,-0.006,0.984,-0.602,-0.778,30.808
1744992795.89,-1,0.333,0.004,0.553,11,0.000,2.710,-0.400,20,0.343,0.553,-0.001,0.177,1.50,0.40,0.026,0.052,1.020,2.541,3.525,28.183
1744992795.90,-1,0.333,0.004,0.555,11,0.000,2.710,-0.400,20,0.343,0.555,-0.001,0.179,1.50,0.40,0.026,0.052,1.020,2.541,3.525,28.183
1744992795.91,-1,0.333,0.004,0.559,11,0.000,2.710,-0.330,20,0.343,0.559,-0.001,0.183,1.50,0.40,-0.094,-0.064,0.860,0.405,1.633,26.596
1744992795.91,-1,0.333,0.004,0.559,11,0.000,2.710,-0.330,20,0.343,0.559,-0.001,0.183,1.50,0.40,-0.094,-0.064,0.860,0.405,1.633,26.596
1744992795.92,-1,0.333,0.004,0.563,11,0.000,2.710,-0.383,20,0.343,0.563,-0.001,0.187,1.50,0.40,-0.014,-0.008,0.926,1.870,-5.020,30.563
1744992795.92,-1,0.333,0.004,0.566,11,0.000,2.710,-0.383,20,0.343,0.566,-0.001,0.190,1.50,0.40,0.057,-0.029,1.103,-0.205,-2.975,30.747
1744992795.93,-1,0.333,0.004,0.567,11,0.000,2.710,-0.383,20,0.343,0.567,-0.001,0.191,1.50,0.40,0.057,-0.029,1.103,-0.205,-2.975,30.747
1744992795.94,-1,0.333,0.004,0.574,11,0.000,2.710,-0.413,20,0.343,0.574,-0.001,0.198,1.50,0.40,0.099,0.057,1.038,1.534,2.945,29.221
1744992795.95,-1,0.333,0.004,0.574,11,0.000,2.710,-0.413,20,0.343,0.574,-0.001,0.198,1.50,0.38,0.099,0.057,1.038,1.534,2.945,29.221
1744992795.95,-1,0.333,0.004,0.578,11,0.000,2.710,-0.478,20,0.343,0.578,-0.001,0.202,1.50,0.38,-0.053,-0.096,0.874,0.863,0.259,29.190
1744992795.95,-1,0.333,0.004,0.579,11,0.000,2.710,-0.478,20,0.343,0.579,-0.001,0.204,1.50,0.38,0.024,-0.027,0.939,-0.724,0.137,33.279
1744992795.96,-1,0.333,0.004,0.581,11,0.000,2.710,-0.478,20,0.343,0.581,-0.001,0.205,1.50,0.38,0.024,-0.027,0.939,-0.724,0.137,33.279
1744992795.97,-1,0.333,0.004,0.584,11,0.000,2.710,-0.483,20,0.343,0.584,-0.001,0.208,1.50,0.38,0.071,-0.015,1.014,1.076,-0.900,30.197
1744992795.97,-1,0.333,0.004,0.584,11,0.000,2.710,-0.483,20,0.343,0.584,-0.001,0.208,1.50,0.36,0.071,-0.015,1.014,1.076,-0.900,30.197
1744992795.98,-1,0.332,0.004,0.586,11,0.000,2.710,-0.387,20,0.343,0.586,-0.001,0.210,1.50,0.36,0.104,0.009,1.064,1.595,2.670,30.197
1744992795.98,-1,0.332,0.004,0.589,11,0.000,2.710,-0.387,20,0.343,0.589,-0.001,0.213,1.50,0.36,-0.084,-0.103,0.925,1.565,1.175,29.892
1744992795.99,-1,0.332,0.004,0.590,11,0.000,2.710,-0.387,20,0.343,0.590,-0.001,0.214,1.50,0.36,-0.084,-0.103,0.925,1.565,1.175,29.892
1744992796.00,-1,0.332,0.004,0.593,11,0.000,2.710,-0.383,20,0.342,0.593,-0.001,0.217,1.50,0.36,0.078,0.000,0.889,0.649,-3.677,32.333
1744992796.00,-1,0.332,0.004,0.593,11,0.000,2.710,-0.383,20,0.342,0.593,-0.001,0.217,1.50,0.35,0.078,0.000,0.889,0.649,-3.677,32.333
1744992796.02,-1,0.333,0.004,0.597,11,0.000,2.710,-0.339,20,0.342,0.597,-0.001,0.221,1.50,0.35,0.041,-0.043,1.087,1.443,-0.504,29.892
1744992796.02,-1,0.332,0.004,0.600,11,0.000,2.710,-0.339,20,0.342,0.600,-0.001,0.224,1.50,0.35,0.123,0.052,0.925,1.595,2.274,28.610
1744992796.02,-1,0.332,0.004,0.603,11,0.000,2.710,-0.339,20,0.342,0.603,-0.001,0.227,1.50,0.35,0.123,0.052,0.925,1.595,2.274,28.610
1744992796.03,-1,0.332,0.004,0.607,11,0.000,2.710,-0.387,20,0.342,0.607,-0.001,0.231,1.50,0.35,-0.078,-0.101,0.965,1.595,0.381,28.519
1744992796.03,-1,0.332,0.004,0.607,11,0.000,2.710,-0.387,20,0.342,0.607,-0.001,0.231,1.50,0.35,-0.078,-0.101,0.965,1.595,0.381,28.519
1744992796.05,-1,0.333,0.004,0.611,11,0.000,2.710,-0.491,20,0.342,0.611,-0.001,0.235,1.50,0.35,0.066,0.036,0.912,0.100,0.626,31.845
1744992796.05,-1,0.333,0.004,0.613,11,0.000,2.710,-0.491,20,0.342,0.613,-0.001,0.237,1.50,0.35,0.036,-0.028,0.993,0.558,-2.670,29.190
1744992796.05,-1,0.333,0.004,0.614,11,0.000,2.710,-0.491,20,0.342,0.614,-0.001,0.238,1.50,0.35,0.036,-0.028,0.993,0.558,-2.670,29.190
1744992796.08,-1,0.333,0.004,0.619,11,0.000,2.710,-0.461,20,0.342,0.619,-0.001,0.243,1.50,0.36,0.112,0.056,1.058,1.839,2.274,27.664
1744992796.08,-1,0.333,0.004,0.619,11,0.000,2.710,-0.461,20,0.342,0.619,-0.001,0.243,1.50,0.36,0.112,0.056,1.058,1.839,2.274,27.664
1744992796.08,-1,0.333,0.004,0.622,11,0.000,2.710,-0.387,20,0.343,0.622,-0.001,0.246,1.50,0.36,-0.097,-0.116,0.906,0.954,1.785,27.939
1744992796.08,-1,0.333,0.004,0.623,11,0.000,2.710,-0.387,20,0.343,0.623,-0.001,0.247,1.50,0.36,0.047,-0.005,0.913,1.351,-2.182,30.563
1744992796.11,-1,0.333,0.004,0.623,11,0.000,2.710,-0.387,20,0.343,0.623,-0.001,0.247,1.50,0.36,0.047,-0.005,0.913,1.351,-2.182,30.563
1744992796.11,-1,0.333,0.004,0.627,11,0.000,2.710,-0.361,20,0.342,0.627,-0.001,0.251,1.50,0.36,0.057,-0.033,0.996,-0.053,-2.060,28.397
1744992796.11,-1,0.333,0.004,0.627,11,0.000,2.710,-0.361,20,0.342,0.627,-0.001,0.251,1.50,0.36,0.057,-0.033,0.996,-0.053,-2.060,28.397
1744992796.11,-1,0.332,0.004,0.629,11,0.000,2.710,-0.317,20,0.342,0.629,-0.001,0.253,1.50,0.36,0.109,-0.005,1.037,2.236,1.999,28.122
1744992796.11,-1,0.332,0.004,0.631,11,0.000,2.710,-0.317,20,0.342,0.631,-0.001,0.255,1.50,0.36,-0.110,-0.004,0.916,1.595,3.647,23.880
1744992796.11,-1,0.332,0.004,0.633,11,0.000,2.710,-0.317,20,0.342,0.633,-0.001,0.257,1.50,0.36,-0.110,-0.004,0.916,1.595,3.647,23.880
1744992796.12,-1,0.332,0.004,0.636,11,0.000,2.710,-0.313,20,0.342,0.636,-0.001,0.260,1.50,0.36,-0.085,-0.003,0.836,2.206,-3.708,25.528
1744992796.13,-1,0.332,0.004,0.636,11,0.000,2.710,-0.313,20,0.342,0.636,-0.001,0.260,1.50,0.36,-0.085,-0.003,0.836,2.206,-3.708,25.528
1744992796.13,-1,0.332,0.004,0.642,11,0.000,2.710,-0.352,20,0.342,0.642,-0.001,0.266,1.50,0.36,0.088,0.047,1.041,1.015,-5.905,26.169
1744992796.14,-1,0.333,0.004,0.645,11,0.000,2.710,-0.352,20,0.342,0.645,-0.001,0.269,1.50,0.36,0.100,0.047,1.117,-1.365,4.410,25.772
1744992796.14,-1,0.332,0.004,0.646,11,0.000,2.710,-0.352,20,0.342,0.646,-0.001,0.271,1.50,0.36,0.100,0.047,1.117,-1.365,4.410,25.772
# remark: robobot/cmd/ti/alive 2025-04-18 18:13:08.652491
1744992796.16,-1,0.332,0.004,0.651,11,0.000,2.710,-0.491,20,0.342,0.651,-0.001,0.275,1.50,0.34,-0.011,-0.058,0.870,2.938,-0.137,24.551
1744992796.16,-1,0.332,0.004,0.651,11,0.000,2.710,-0.491,20,0.342,0.651,-0.001,0.275,1.50,0.34,-0.011,-0.058,0.870,2.938,-0.137,24.551
1744992796.18,-1,0.333,0.004,0.656,11,0.000,2.710,-0.513,20,0.342,0.656,-0.001,0.280,1.50,0.34,-0.004,-0.027,0.974,-1.457,-2.487,28.214
1744992796.18,-1,0.333,0.004,0.657,11,0.000,2.710,-0.513,20,0.342,0.657,-0.001,0.281,1.50,0.34,0.136,-0.094,1.068,0.649,-1.083,25.650
1744992796.18,-1,0.333,0.004,0.657,11,0.000,2.710,-0.513,20,0.342,0.657,-0.001,0.281,1.50,0.34,0.136,-0.094,1.068,0.649,-1.083,25.650
1744992796.18,-1,0.332,0.004,0.659,11,0.000,2.710,-0.430,20,0.342,0.659,-0.001,0.283,1.50,0.32,0.117,0.023,0.988,2.450,3.342,24.796
1744992796.20,-1,0.332,0.004,0.659,11,0.000,2.710,-0.430,20,0.342,0.659,-0.001,0.283,1.50,0.32,0.117,0.023,0.988,2.450,3.342,24.796
1744992796.20,-1,0.332,0.004,0.663,11,0.000,2.710,-0.352,20,0.342,0.663,-0.001,0.287,1.50,0.32,0.098,-0.018,0.859,1.107,-0.839,20.798
1744992796.20,-1,0.332,0.004,0.663,11,0.000,2.710,-0.352,20,0.342,0.663,-0.001,0.287,1.50,0.32,-0.133,-0.101,1.109,2.907,2.487,25.040
1744992796.20,-1,0.332,0.003,0.664,11,0.000,2.710,-0.352,20,0.342,0.664,-0.001,0.288,1.50,0.32,-0.133,-0.101,1.109,2.907,2.487,25.040
1744992796.22,-1,0.332,0.003,0.665,11,0.000,2.710,-0.322,20,0.342,0.665,-0.001,0.289,1.50,0.31,0.127,0.051,0.808,0.924,-1.511,23.789
1744992796.22,-1,0.332,0.003,0.665,11,0.000,2.710,-0.322,20,0.342,0.665,-0.001,0.289,1.50,0.31,0.127,0.051,0.808,0.924,-1.511,23.789
1744992796.24,-1,0.332,0.003,0.667,11,0.000,2.710,-0.257,20,0.342,0.667,-0.001,0.291,1.50,0.31,0.095,0.042,1.135,0.374,-1.938,23.911
1744992796.24,-1,0.332,0.003,0.668,11,0.000,2.710,-0.257,20,0.342,0.668,-0.001,0.292,1.50,0.31,0.042,0.066,0.954,2.999,5.692,19.028
1744992796.24,-1,0.332,0.003,0.671,11,0.000,2.710,-0.257,20,0.342,0.671,-0.001,0.295,1.50,0.31,0.042,0.066,0.954,2.999,5.692,19.028
1744992796.24,-1,0.332,0.003,0.674,11,0.000,2.710,-0.226,20,0.342,0.674,-0.001,0.298,1.50,0.30,-0.063,-0.068,0.842,-1.426,-0.015,22.232
1744992796.24,-1,0.332,0.003,0.674,11,0.000,2.710,-0.226,20,0.342,0.674,-0.001,0.298,1.50,0.30,-0.063,-0.068,0.842,-1.426,-0.015,22.232
1744992796.27,-1,0.332,0.004,0.679,11,0.000,2.710,-0.330,20,0.342,0.679,-0.001,0.303,1.50,0.30,0.048,0.013,1.004,1.595,-2.853,22.537
1744992796.27,-1,0.332,0.004,0.682,11,0.000,2.710,-0.330,20,0.342,0.682,-0.001,0.306,1.50,0.30,0.083,-0.011,1.020,-1.121,1.053,22.568
1744992796.27,-1,0.332,0.004,0.683,11,0.000,2.710,-0.330,20,0.342,0.683,-0.001,0.308,1.50,0.30,0.083,-0.011,1.020,-1.121,1.053,22.568
1744992796.28,-1,0.332,0.004,0.689,11,0.000,2.710,-0.539,20,0.342,0.689,-0.001,0.313,1.50,0.31,0.086,0.001,0.924,2.450,0.259,19.089
1744992796.28,-1,0.332,0.004,0.689,11,0.000,2.710,-0.539,20,0.342,0.689,-0.001,0.313,1.50,0.31,0.086,0.001,0.924,2.450,0.259,19.089
1744992796.28,-1,0.332,0.004,0.690,11,0.000,2.710,-0.461,20,0.343,0.690,-0.001,0.315,1.50,0.31,0.028,-0.151,1.016,0.405,-3.250,25.375
1744992796.31,-1,0.332,0.004,0.692,11,0.000,2.710,-0.461,20,0.343,0.692,-0.001,0.316,1.50,0.31,-0.044,-0.083,1.087,1.809,5.936,25.040
1744992796.31,-1,0.332,0.004,0.693,11,0.000,2.710,-0.461,20,0.343,0.693,-0.001,0.317,1.50,0.31,-0.044,-0.083,1.087,1.809,5.936,25.040
1744992796.31,-1,0.332,0.003,0.694,11,0.000,2.710,-0.343,20,0.343,0.694,-0.001,0.318,1.50,0.31,-0.040,-0.044,0.803,1.198,-0.290,29.770
1744992796.31,-1,0.332,0.003,0.694,11,0.000,2.710,-0.343,20,0.343,0.694,-0.001,0.318,1.50,0.31,-0.040,-0.044,0.803,1.198,-0.290,29.770
1744992796.31,-1,0.332,0.003,0.695,11,0.000,2.710,-0.274,20,0.343,0.695,-0.001,0.319,1.50,0.31,-0.001,-0.055,1.065,1.961,-3.769,28.366
1744992796.31,-1,0.332,0.003,0.697,11,0.000,2.710,-0.274,20,0.343,0.697,-0.001,0.322,1.50,0.31,0.012,-0.032,1.124,0.588,2.518,29.648
1744992796.33,-1,0.332,0.003,0.699,11,0.000,2.710,-0.274,20,0.343,0.699,-0.001,0.323,1.50,0.31,0.012,-0.032,1.124,0.588,2.518,29.648
1744992796.34,-1,0.332,0.003,0.703,11,0.000,2.710,-0.257,20,0.342,0.703,-0.001,0.327,1.50,0.30,-0.018,0.075,0.917,2.968,-0.351,25.620
1744992796.34,-1,0.332,0.003,0.703,11,0.000,2.710,-0.257,20,0.342,0.703,-0.001,0.327,1.50,0.30,-0.018,0.075,0.917,2.968,-0.351,25.620
1744992796.34,-1,0.332,0.003,0.707,11,0.000,2.710,-0.304,20,0.342,0.707,-0.001,0.331,1.50,0.30,-0.137,-0.090,0.954,0.588,-0.717,29.343
1744992796.34,-1,0.332,0.003,0.710,11,0.000,2.710,-0.304,20,0.342,0.710,-0.001,0.334,1.50,0.30,0.090,0.060,0.961,1.229,-2.762,30.075
1744992796.35,-1,0.332,0.003,0.714,11,0.000,2.710,-0.304,20,0.342,0.714,-0.001,0.338,1.50,0.30,0.090,0.060,0.961,1.229,-2.762,30.075
1744992796.36,-1,0.332,0.003,0.718,11,0.000,2.710,-0.487,20,0.342,0.718,-0.001,0.342,1.50,0.31,0.071,-0.011,1.094,-0.053,0.717,29.495
1744992796.36,-1,0.332,0.003,0.718,11,0.000,2.710,-0.487,20,0.342,0.718,-0.001,0.342,1.50,0.31,0.071,-0.011,1.094,-0.053,0.717,29.495
1744992796.39,-1,0.332,0.003,0.725,11,0.000,2.710,-0.600,20,0.342,0.725,-0.001,0.349,1.50,0.31,0.032,-0.012,0.953,2.907,4.166,27.359
1744992796.39,-1,0.332,0.003,0.726,11,0.000,2.710,-0.600,20,0.342,0.726,-0.001,0.350,1.50,0.31,-0.016,-0.179,0.692,-1.579,-3.281,32.883
1744992796.39,-1,0.332,0.003,0.729,11,0.000,2.710,-0.600,20,0.342,0.729,-0.001,0.353,1.50,0.31,-0.016,-0.179,0.692,-1.579,-3.281,32.883
1744992796.39,-1,0.332,0.003,0.730,11,0.000,2.710,-0.543,20,0.343,0.730,-0.001,0.354,1.50,0.36,0.136,0.050,1.155,1.900,-3.922,32.425
1744992796.39,-1,0.332,0.003,0.730,11,0.000,2.710,-0.543,20,0.343,0.730,-0.001,0.354,1.50,0.36,0.136,0.050,1.155,1.900,-3.922,32.425
1744992796.41,-1,0.332,0.003,0.733,11,0.000,2.710,-0.409,20,0.343,0.733,-0.001,0.357,1.50,0.36,0.042,-0.023,1.048,1.259,6.393,31.845
1744992796.42,-1,0.331,0.003,0.736,11,0.000,2.710,-0.409,20,0.343,0.736,-0.001,0.360,1.50,0.36,-0.049,-0.091,0.876,3.518,-1.602,28.427
1744992796.42,-1,0.331,0.003,0.736,11,0.000,2.710,-0.409,20,0.343,0.736,-0.001,0.360,1.50,0.36,-0.049,-0.091,0.876,3.518,-1.602,28.427
1744992796.42,-1,0.331,0.003,0.737,11,0.000,2.710,-0.400,20,0.342,0.737,-0.001,0.361,1.50,0.41,0.040,0.005,0.974,-0.358,-0.534,32.120
1744992796.42,-1,0.331,0.003,0.737,11,0.000,2.710,-0.400,20,0.342,0.737,-0.001,0.361,1.50,0.41,0.040,0.005,0.974,-0.358,-0.534,32.120
1744992796.43,-1,0.331,0.003,0.740,11,0.000,2.710,-0.304,20,0.342,0.740,-0.001,0.364,1.50,0.41,0.072,0.023,1.030,2.083,1.236,29.343
1744992796.43,-1,0.331,0.003,0.743,11,0.000,2.710,-0.304,20,0.342,0.743,-0.001,0.367,1.50,0.41,0.053,0.091,0.889,2.236,1.450,25.406
1744992796.44,-1,0.331,0.003,0.746,11,0.000,2.710,-0.304,20,0.342,0.746,-0.001,0.370,1.50,0.41,0.053,0.091,0.889,2.236,1.450,25.406
1744992796.45,-1,0.331,0.003,0.751,11,0.000,2.710,-0.300,20,0.342,0.751,-0.002,0.375,1.50,0.49,-0.064,-0.055,0.992,0.588,-0.656,25.925
1744992796.45,-1,0.331,0.003,0.751,11,0.000,2.710,-0.300,20,0.342,0.751,-0.002,0.375,1.50,0.49,-0.064,-0.055,0.992,0.588,-0.656,25.925
1744992796.46,-1,0.331,0.003,0.755,11,0.000,2.710,-0.570,20,0.342,0.755,-0.001,0.379,1.50,0.49,0.058,-0.011,0.901,0.802,0.168,28.000
1744992796.46,-1,0.332,0.003,0.759,11,0.000,2.710,-0.570,20,0.342,0.759,-0.001,0.383,1.50,0.49,0.061,-0.005,1.005,-0.358,-1.633,26.535
1744992796.47,-1,0.332,0.003,0.761,11,0.000,2.710,-0.570,20,0.342,0.761,-0.001,0.385,1.50,0.49,0.061,-0.005,1.005,-0.358,-1.633,26.535
1744992796.48,-1,0.331,0.003,0.764,11,0.000,2.710,-0.548,20,0.342,0.764,-0.001,0.388,1.39,0.55,0.110,-0.011,0.876,1.778,0.504,23.636
1744992796.48,-1,0.331,0.003,0.764,11,0.000,2.710,-0.548,20,0.342,0.764,-0.001,0.388,1.39,0.55,0.110,-0.011,0.876,1.778,0.504,23.636
1744992796.49,-1,0.331,0.003,0.766,11,0.000,2.710,-0.487,20,0.342,0.766,-0.001,0.390,1.39,0.55,-0.057,-0.091,1.085,-0.175,3.098,29.160
1744992796.49,-1,0.331,0.003,0.767,11,0.000,2.710,-0.487,20,0.342,0.767,-0.001,0.391,1.39,0.55,0.087,-0.025,0.822,0.130,0.717,28.153
1744992796.50,-1,0.331,0.003,0.767,11,0.000,2.710,-0.487,20,0.342,0.767,-0.001,0.391,1.39,0.55,0.087,-0.025,0.822,0.130,0.717,28.153
1744992796.51,-1,0.331,0.003,0.769,11,0.000,2.710,-0.348,20,0.342,0.769,-0.001,0.393,1.18,0.66,0.066,-0.022,1.075,1.198,-2.670,26.108
1744992796.51,-1,0.331,0.003,0.769,11,0.000,2.710,-0.348,20,0.342,0.769,-0.001,0.393,1.18,0.66,0.066,-0.022,1.075,1.198,-2.670,26.108
1744992796.52,-1,0.331,0.003,0.772,11,0.000,2.710,-0.261,20,0.342,0.772,-0.001,0.397,1.18,0.66,0.027,-0.022,1.060,2.785,5.478,22.415
1744992796.52,-1,0.331,0.002,0.774,11,0.000,2.710,-0.261,20,0.342,0.774,-0.001,0.398,1.18,0.66,-0.116,-0.079,0.839,0.924,3.036,26.779
1744992796.53,-1,0.331,0.002,0.774,11,0.000,2.710,-0.261,20,0.342,0.774,-0.001,0.398,1.18,0.66,-0.116,-0.079,0.839,0.924,3.036,26.779
1744992796.54,-1,0.331,0.003,0.777,11,0.000,2.710,-0.257,20,0.342,0.777,-0.001,0.401,1.11,0.84,-0.040,0.013,0.880,1.748,-3.036,26.077
1744992796.54,-1,0.331,0.003,0.777,11,0.000,2.710,-0.257,20,0.342,0.777,-0.001,0.401,1.11,0.84,-0.040,0.013,0.880,1.748,-3.036,26.077
1744992796.55,-1,0.331,0.003,0.783,11,0.000,2.710,-0.330,20,0.342,0.783,-0.001,0.407,1.11,0.84,0.069,0.000,1.097,0.374,-1.572,27.023
1744992796.55,-1,0.331,0.003,0.788,11,0.000,2.710,-0.330,20,0.342,0.788,-0.001,0.412,1.11,0.84,0.053,0.026,0.999,1.748,3.952,24.063
1744992796.56,-1,0.331,0.003,0.789,11,0.000,2.710,-0.330,20,0.342,0.789,-0.001,0.413,1.11,0.84,0.053,0.026,0.999,1.748,3.952,24.063
1744992796.57,-1,0.331,0.003,0.794,11,0.000,2.710,-0.552,20,0.342,0.794,-0.001,0.419,1.09,0.89,-0.059,-0.066,0.882,-0.175,0.320,27.420
1744992796.57,-1,0.331,0.003,0.794,11,0.000,2.710,-0.552,20,0.342,0.794,-0.001,0.419,1.09,0.89,-0.059,-0.066,0.882,-0.175,0.320,27.420
1744992796.58,-1,0.331,0.003,0.798,11,0.000,2.710,-0.543,20,0.342,0.798,-0.001,0.422,1.09,0.89,0.038,-0.026,0.853,0.619,-3.464,28.336
1744992796.58,-1,0.331,0.003,0.799,11,0.000,2.710,-0.543,20,0.342,0.799,-0.001,0.423,1.09,0.89,0.104,0.024,1.188,-0.877,1.724,30.228
1744992796.59,-1,0.331,0.003,0.800,11,0.000,2.710,-0.543,20,0.342,0.800,-0.001,0.424,1.09,0.89,0.104,0.024,1.188,-0.877,1.724,30.228
1744992796.61,-1,0.331,0.003,0.803,11,0.000,2.710,-0.417,20,0.343,0.803,-0.001,0.427,1.01,0.99,0.094,-0.013,0.898,1.626,4.623,27.847
1744992796.61,-1,0.331,0.003,0.803,11,0.000,2.710,-0.417,20,0.343,0.803,-0.001,0.427,1.01,0.99,0.094,-0.013,0.898,1.626,4.623,27.847
1744992796.61,-1,0.331,0.002,0.805,11,0.000,2.710,-0.378,20,0.342,0.805,-0.001,0.429,1.01,0.99,-0.056,-0.112,0.964,1.290,-1.541,26.199
1744992796.62,-1,0.331,0.002,0.806,11,0.000,2.710,-0.378,20,0.342,0.806,-0.001,0.430,1.01,0.99,-0.005,-0.043,0.972,1.198,2.029,31.174
1744992796.64,-1,0.331,0.002,0.806,11,0.000,2.710,-0.378,20,0.342,0.806,-0.001,0.430,1.01,0.99,-0.005,-0.043,0.972,1.198,2.029,31.174
1744992796.64,-1,0.331,0.002,0.808,11,0.000,2.710,-0.326,20,0.342,0.808,-0.001,0.432,0.99,1.04,0.084,-0.026,0.936,0.405,-2.731,29.007
1744992796.64,-1,0.331,0.002,0.808,11,0.000,2.710,-0.326,20,0.342,0.808,-0.001,0.432,0.99,1.04,0.084,-0.026,0.936,0.405,-2.731,29.007
1744992796.65,-1,0.330,0.002,0.812,11,0.000,2.710,-0.257,20,0.342,0.812,-0.001,0.436,0.99,1.04,0.061,0.130,1.104,2.877,2.884,23.819
1744992796.66,-1,0.330,0.002,0.814,11,0.000,2.710,-0.257,20,0.342,0.814,-0.001,0.438,0.99,1.04,0.006,-0.014,0.816,1.412,-0.443,21.561
1744992796.66,-1,0.331,0.002,0.818,11,0.000,2.710,-0.257,20,0.342,0.818,-0.001,0.442,0.99,1.04,0.006,-0.014,0.816,1.412,-0.443,21.561
# remark: robobot/cmd/ti/alive 2025-04-18 18:13:08.652491
1744992796.67,-1,0.331,0.002,0.822,11,0.000,2.710,-0.335,20,0.342,0.822,-0.002,0.446,1.04,0.96,0.019,0.012,0.988,0.710,-0.809,24.857
1744992796.67,-1,0.331,0.002,0.822,11,0.000,2.710,-0.335,20,0.342,0.822,-0.002,0.446,1.04,0.96,0.019,0.012,0.988,0.710,-0.809,24.857
1744992796.67,-1,0.331,0.002,0.827,11,0.000,2.710,-0.539,20,0.342,0.827,-0.001,0.451,1.04,0.96,0.079,0.005,0.915,-1.548,-1.785,24.765
1744992796.69,-1,0.331,0.003,0.830,11,0.000,2.710,-0.539,20,0.342,0.830,-0.001,0.455,1.04,0.96,0.156,0.073,1.069,0.863,1.022,23.819
1744992796.69,-1,0.331,0.003,0.832,11,0.000,2.710,-0.539,20,0.342,0.832,-0.001,0.456,1.04,0.96,0.156,0.073,1.069,0.863,1.022,23.819
1744992796.69,-1,0.331,0.002,0.835,11,0.000,2.710,-0.491,20,0.342,0.835,-0.001,0.459,1.09,1.08,0.123,-0.157,0.968,0.039,-2.487,26.199
1744992796.69,-1,0.331,0.002,0.835,11,0.000,2.710,-0.491,20,0.342,0.835,-0.001,0.459,1.09,1.08,0.123,-0.157,0.968,0.039,-2.487,26.199
1744992796.71,-1,0.331,0.002,0.836,11,0.000,2.710,-0.452,20,0.342,0.836,-0.001,0.460,1.09,1.08,-0.130,-0.115,1.104,0.100,4.898,27.847
1744992796.71,-1,0.331,0.002,0.837,11,0.000,2.710,-0.452,20,0.342,0.837,-0.001,0.461,1.09,1.08,0.068,-0.045,0.709,1.290,-1.907,29.434
1744992796.71,-1,0.331,0.002,0.837,11,0.000,2.710,-0.452,20,0.342,0.837,-0.001,0.461,1.09,1.08,0.068,-0.045,0.709,1.290,-1.907,29.434
1744992796.72,-1,0.330,0.002,0.840,11,0.000,2.710,-0.339,20,0.342,0.840,-0.001,0.464,1.19,1.15,0.067,-0.044,1.223,0.497,-3.525,27.268
1744992796.72,-1,0.330,0.002,0.840,11,0.000,2.710,-0.339,20,0.342,0.840,-0.001,0.464,1.19,1.15,0.067,-0.044,1.223,0.497,-3.525,27.268
1744992796.74,-1,0.330,0.002,0.842,11,0.000,2.710,-0.265,20,0.342,0.842,-0.001,0.466,1.19,1.15,0.021,-0.036,1.014,3.884,7.004,24.704
1744992796.74,-1,0.330,0.002,0.844,11,0.000,2.710,-0.265,20,0.342,0.844,-0.001,0.468,1.19,1.15,-0.119,-0.020,0.821,1.595,-1.572,27.329
1744992796.76,-1,0.330,0.002,0.844,11,0.000,2.710,-0.265,20,0.342,0.844,-0.001,0.468,1.19,1.15,-0.119,-0.020,0.821,1.595,-1.572,27.329
1744992796.76,-1,0.330,0.002,0.849,11,0.000,2.710,-0.265,20,0.342,0.849,-0.001,0.473,1.12,1.08,-0.011,0.043,1.014,1.046,-2.853,26.047
1744992796.76,-1,0.330,0.002,0.849,11,0.000,2.710,-0.265,20,0.342,0.849,-0.001,0.473,1.12,1.08,-0.011,0.043,1.014,1.046,-2.853,26.047
1744992796.77,-1,0.331,0.002,0.855,11,0.000,2.710,-0.343,20,0.342,0.855,-0.001,0.479,1.12,1.08,0.067,0.070,1.084,1.809,0.473,26.260
1744992796.77,-1,0.331,0.002,0.859,11,0.000,2.710,-0.343,20,0.342,0.859,-0.001,0.483,1.12,1.08,0.076,0.043,0.913,0.435,1.816,24.857
1744992796.77,-1,0.331,0.002,0.862,11,0.000,2.710,-0.343,20,0.342,0.862,-0.001,0.486,1.12,1.08,0.076,0.043,0.913,0.435,1.816,24.857
1744992796.80,-1,0.331,0.002,0.867,11,0.000,2.710,-0.604,20,0.342,0.867,-0.001,0.491,0.92,1.50,-0.076,-0.060,0.987,-0.755,0.961,28.732
1744992796.80,-1,0.331,0.002,0.867,11,0.000,2.710,-0.604,20,0.342,0.867,-0.001,0.491,0.92,1.50,-0.076,-0.060,0.987,-0.755,0.961,28.732
1744992796.80,-1,0.331,0.002,0.870,11,0.000,2.710,-0.574,20,0.342,0.870,-0.001,0.494,0.92,1.50,0.103,-0.156,0.772,-0.755,-4.623,32.120
1744992796.80,-1,0.331,0.002,0.871,11,0.000,2.710,-0.574,20,0.342,0.871,-0.001,0.495,0.92,1.50,0.084,-0.049,1.223,-0.053,-1.663,33.035
1744992796.82,-1,0.330,0.002,0.872,11,0.000,2.710,-0.574,20,0.342,0.872,-0.001,0.496,0.92,1.50,0.084,-0.049,1.223,-0.053,-1.663,33.035
1744992796.82,-1,0.330,0.002,0.874,11,0.000,2.710,-0.413,20,0.342,0.874,-0.001,0.498,0.82,1.50,0.076,-0.033,0.848,2.053,4.166,30.991
1744992796.82,-1,0.330,0.002,0.874,11,0.000,2.710,-0.413,20,0.342,0.874,-0.001,0.498,0.82,1.50,0.076,-0.033,0.848,2.053,4.166,30.991
1744992796.85,-1,0.330,0.002,0.877,11,0.000,2.710,-0.383,20,0.342,0.877,-0.001,0.501,0.82,1.50,-0.105,-0.164,0.911,2.389,-2.640,30.106
1744992796.85,-1,0.330,0.002,0.877,11,0.000,2.710,-0.383,20,0.342,0.877,-0.001,0.501,0.82,1.50,0.073,-0.005,1.000,1.687,-0.565,32.761
1744992796.85,-1,0.330,0.001,0.878,11,0.000,2.710,-0.383,20,0.342,0.878,-0.001,0.502,0.82,1.50,0.073,-0.005,1.000,1.687,-0.565,32.761
1744992796.85,-1,0.330,0.002,0.881,11,0.000,2.710,-0.313,20,0.342,0.881,-0.001,0.505,0.80,1.13,-0.041,0.066,1.004,0.985,1.877,27.664
1744992796.85,-1,0.330,0.002,0.881,11,0.000,2.710,-0.313,20,0.342,0.881,-0.001,0.505,0.80,1.13,-0.041,0.066,1.004,0.985,1.877,27.664
1744992796.86,-1,0.330,0.001,0.887,11,0.000,2.710,-0.239,20,0.342,0.887,-0.002,0.511,0.80,1.13,0.059,0.070,0.816,3.792,-1.602,24.002
1744992796.86,-1,0.330,0.002,0.890,11,0.000,2.710,-0.239,20,0.342,0.890,-0.002,0.515,0.80,1.13,0.040,0.056,1.048,0.527,-4.257,24.124
1744992796.86,-1,0.330,0.002,0.893,11,0.000,2.710,-0.239,20,0.342,0.893,-0.002,0.517,0.80,1.13,0.040,0.056,1.048,0.527,-4.257,24.124
1744992796.88,-1,0.330,0.002,0.897,11,0.000,2.710,-0.522,20,0.342,0.897,-0.001,0.521,0.80,1.50,-0.067,-0.038,0.997,-0.633,4.379,29.800
1744992796.88,-1,0.330,0.002,0.897,11,0.000,2.710,-0.522,20,0.342,0.897,-0.001,0.521,0.80,1.50,-0.067,-0.038,0.997,-0.633,4.379,29.800
1744992796.89,-1,0.330,0.002,0.902,11,0.000,2.710,-0.539,20,0.342,0.902,-0.001,0.526,0.80,1.50,0.097,0.036,0.770,-0.083,-4.440,28.641
1744992796.89,-1,0.330,0.002,0.904,11,0.000,2.710,-0.539,20,0.342,0.904,-0.001,0.528,0.80,1.50,0.105,-0.013,1.195,-0.999,-0.717,28.549
1744992796.89,-1,0.330,0.002,0.907,11,0.000,2.710,-0.539,20,0.342,0.907,-0.001,0.531,0.80,1.50,0.105,-0.013,1.195,-0.999,-0.717,28.549
1744992796.90,-1,0.330,0.002,0.909,11,0.000,2.710,-0.478,20,0.342,0.909,-0.001,0.533,0.90,1.50,-0.026,-0.098,0.922,2.480,5.692,27.298
1744992796.90,-1,0.330,0.002,0.909,11,0.000,2.710,-0.478,20,0.342,0.909,-0.001,0.533,0.90,1.50,-0.026,-0.098,0.922,2.480,5.692,27.298
1744992796.91,-1,0.330,0.002,0.910,11,0.000,2.710,-0.426,20,0.342,0.910,-0.001,0.534,0.90,1.50,0.067,-0.050,0.765,-0.541,-4.501,28.824
1744992796.91,-1,0.330,0.002,0.911,11,0.000,2.710,-0.426,20,0.342,0.911,-0.001,0.535,0.90,1.50,0.063,-0.044,1.207,2.053,-3.403,25.223
1744992796.92,-1,0.330,0.002,0.914,11,0.000,2.710,-0.426,20,0.342,0.914,-0.001,0.538,0.90,1.50,0.063,-0.044,1.207,2.053,-3.403,25.223
1744992796.93,-1,0.330,0.001,0.917,11,0.000,2.710,-0.313,20,0.342,0.917,-0.001,0.541,1.03,1.50,0.073,0.019,0.952,2.846,4.044,23.727
1744992796.93,-1,0.330,0.001,0.917,11,0.000,2.710,-0.313,20,0.342,0.917,-0.001,0.541,1.03,1.50,0.073,0.019,0.952,2.846,4.044,23.727
1744992796.94,-1,0.330,0.001,0.922,11,0.000,2.710,-0.304,20,0.342,0.922,-0.001,0.546,1.03,1.50,-0.118,-0.083,0.923,2.114,0.504,24.277
1744992796.94,-1,0.330,0.002,0.923,11,0.000,2.710,-0.304,20,0.342,0.923,-0.001,0.547,1.03,1.50,-0.040,0.004,0.948,0.527,0.198,30.380
1744992796.95,-1,0.330,0.002,0.925,11,0.000,2.710,-0.304,20,0.342,0.925,-0.001,0.549,1.03,1.50,-0.040,0.004,0.948,0.527,0.198,30.380
1744992796.97,-1,0.330,0.002,0.930,11,0.000,2.710,-0.396,20,0.342,0.930,-0.001,0.554,1.15,1.50,0.059,-0.003,1.001,-0.205,-0.961,29.556
1744992796.97,-1,0.330,0.002,0.930,11,0.000,2.710,-0.396,20,0.342,0.930,-0.001,0.554,1.15,1.50,0.059,-0.003,1.001,-0.205,-0.961,29.556
1744992796.97,-1,0.330,0.002,0.934,11,0.000,2.710,-0.426,20,0.342,0.934,-0.001,0.558,1.15,1.50,0.092,0.044,1.021,1.076,2.151,30.289
1744992796.97,-1,0.330,0.002,0.937,11,0.000,2.710,-0.426,20,0.342,0.937,-0.001,0.561,1.15,1.50,-0.003,-0.086,0.835,0.191,-1.358,28.153
1744992796.98,-1,0.330,0.002,0.939,11,0.000,2.710,-0.426,20,0.342,0.939,-0.001,0.563,1.15,1.50,-0.003,-0.086,0.835,0.191,-1.358,28.153
1744992796.99,-1,0.330,0.002,0.941,11,0.000,2.710,-0.474,20,0.342,0.941,-0.001,0.566,1.03,1.50,0.062,-0.019,1.011,0.252,-0.717,34.592
1744992797.00,-1,0.330,0.002,0.941,11,0.000,2.710,-0.474,20,0.342,0.941,-0.001,0.566,1.03,1.50,0.062,-0.019,1.011,0.252,-0.717,34.592
1744992797.00,-1,0.330,0.001,0.943,11,0.000,2.710,-0.404,20,0.342,0.943,-0.001,0.567,1.03,1.50,0.032,-0.105,0.972,0.313,0.778,30.563
1744992797.01,-1,0.330,0.001,0.944,11,0.000,2.710,-0.404,20,0.342,0.944,-0.001,0.568,1.03,1.50,0.099,0.031,0.985,2.633,1.541,29.404
1744992797.01,-1,0.330,0.001,0.945,11,0.000,2.710,-0.404,20,0.342,0.945,-0.001,0.569,1.03,1.50,0.099,0.031,0.985,2.633,1.541,29.404
1744992797.02,-1,0.330,0.001,0.948,11,0.000,2.710,-0.326,20,0.342,0.948,-0.001,0.572,1.07,1.50,0.056,-0.031,0.901,1.931,0.076,26.993
1744992797.02,-1,0.330,0.001,0.948,11,0.000,2.710,-0.326,20,0.342,0.948,-0.001,0.572,1.07,1.50,0.056,-0.031,0.901,1.931,0.076,26.993
1744992797.03,-1,0.330,0.001,0.951,11,0.000,2.710,-0.361,20,0.342,0.951,-0.002,0.575,1.07,1.50,-0.113,-0.065,1.018,2.144,2.548,32.272
1744992797.04,-1,0.330,0.001,0.951,11,0.000,2.710,-0.361,20,0.342,0.951,-0.002,0.575,1.07,1.50,0.036,0.044,0.789,0.924,-1.694,27.298
1744992797.04,-1,0.330,0.001,0.954,11,0.000,2.710,-0.361,20,0.342,0.954,-0.002,0.578,1.07,1.50,0.036,0.044,0.789,0.924,-1.694,27.298
1744992797.07,-1,0.330,0.001,0.961,11,0.000,2.710,-0.296,20,0.342,0.961,-0.002,0.585,1.13,1.50,0.088,0.051,1.098,0.954,-3.586,29.190
1744992797.07,-1,0.330,0.001,0.961,11,0.000,2.710,-0.296,20,0.342,0.961,-0.002,0.585,1.13,1.50,0.088,0.051,1.098,0.954,-3.586,29.190
1744992797.07,-1,0.330,0.001,0.967,11,0.000,2.710,-0.509,20,0.342,0.967,-0.002,0.591,1.13,1.50,0.060,-0.010,0.974,2.206,3.403,26.413
1744992797.07,-1,0.330,0.001,0.968,11,0.000,2.710,-0.509,20,0.342,0.968,-0.002,0.592,1.13,1.50,0.010,-0.030,0.832,-1.609,0.687,30.258
1744992797.07,-1,0.330,0.001,0.970,11,0.000,2.710,-0.509,20,0.342,0.970,-0.002,0.594,1.13,1.50,0.010,-0.030,0.832,-1.609,0.687,30.258
1744992797.09,-1,0.330,0.001,0.974,11,0.000,2.710,-0.561,20,0.342,0.974,-0.001,0.598,1.17,1.50,0.075,-0.011,0.977,2.328,-4.715,26.260
1744992797.09,-1,0.330,0.001,0.974,11,0.000,2.710,-0.561,20,0.342,0.974,-0.001,0.598,1.17,1.50,0.075,-0.011,0.977,2.328,-4.715,26.260
1744992797.11,-1,0.330,0.001,0.977,11,0.000,2.710,-0.457,20,0.342,0.977,-0.001,0.601,1.17,1.50,0.093,0.016,1.139,-0.694,2.090,28.763
1744992797.11,-1,0.330,0.001,0.978,11,0.000,2.710,-0.457,20,0.342,0.978,-0.001,0.603,1.17,1.50,0.069,-0.021,0.865,2.114,0.717,25.070
1744992797.11,-1,0.330,0.001,0.980,11,0.000,2.710,-0.457,20,0.342,0.980,-0.001,0.604,1.17,1.50,0.069,-0.021,0.865,2.114,0.717,25.070
1744992797.12,-1,0.330,0.001,0.981,11,0.000,2.710,-0.378,20,0.342,0.981,-0.001,0.605,1.18,1.50,-0.136,-0.128,1.024,1.565,-2.182,29.312
1744992797.12,-1,0.330,0.001,0.981,11,0.000,2.710,-0.378,20,0.342,0.981,-0.001,0.605,1.18,1.50,-0.136,-0.128,1.024,1.565,-2.182,29.312
1744992797.12,-1,0.330,0.001,0.982,11,0.000,2.710,-0.343,20,0.342,0.982,-0.001,0.606,1.18,1.50,0.099,0.010,0.909,1.443,-2.304,28.488
1744992797.15,-1,0.329,0.001,0.983,11,0.000,2.710,-0.343,20,0.342,0.983,-0.001,0.607,1.18,1.50,0.021,-0.025,1.101,0.161,-1.419,30.380
1744992797.15,-1,0.329,0.001,0.985,11,0.000,2.710,-0.343,20,0.342,0.985,-0.001,0.609,1.18,1.50,0.021,-0.025,1.101,0.161,-1.419,30.380
1744992797.15,-1,0.329,0.001,0.990,11,0.000,2.710,-0.257,20,0.342,0.990,-0.002,0.614,1.05,1.50,0.010,0.057,0.862,3.823,0.473,23.758
1744992797.15,-1,0.329,0.001,0.990,11,0.000,2.710,-0.257,20,0.342,0.990,-0.002,0.614,1.05,1.50,0.010,0.057,0.862,3.823,0.473,23.758
1744992797.16,-1,0.330,0.001,0.996,11,0.000,2.710,-0.365,20,0.342,0.996,-0.002,0.620,1.05,1.50,-0.130,-0.063,0.999,0.191,-5.234,29.709
1744992797.16,-1,0.330,0.001,0.997,11,0.000,2.710,-0.365,20,0.342,0.997,-0.002,0.621,1.05,1.50,0.107,0.041,1.009,1.382,-2.304,29.434
1744992797.16,-1,0.330,0.001,1.000,11,0.000,2.710,-0.365,20,0.342,1.000,-0.002,0.624,1.05,1.50,0.107,0.041,1.009,1.382,-2.304,29.434
1744992797.17,-1,0.330,0.001,1.005,11,0.000,2.710,-0.526,20,0.342,1.005,-0.002,0.629,1.45,1.50,0.054,-0.018,0.981,-0.602,-1.053,31.113
1744992797.17,-1,0.330,0.001,1.005,11,0.000,2.710,-0.526,20,0.342,1.005,-0.002,0.629,1.45,1.50,0.054,-0.018,0.981,-0.602,-1.053,31.113
1744992797.19,-1,0.330,0.001,1.010,11,0.000,2.710,-0.496,20,0.342,1.010,-0.001,0.634,1.45,1.50,0.066,0.011,1.002,2.022,-1.144,26.383
1744992797.19,-1,0.330,0.001,1.012,11,0.000,2.710,-0.496,20,0.342,1.012,-0.001,0.636,1.45,1.50,0.014,-0.053,1.107,-0.419,1.358,27.420
1744992797.19,-1,0.330,0.001,1.013,11,0.000,2.710,-0.496,20,0.342,1.013,-0.001,0.637,1.45,1.50,0.014,-0.053,1.107,-0.419,1.358,27.420
1744992797.20,-1,0.330,0.001,1.014,11,0.000,2.710,-0.509,20,0.342,1.014,-0.001,0.638,1.50,1.50,0.066,-0.005,0.856,2.083,3.891,26.779
# remark: robobot/cmd/ti/alive 2025-04-18 18:13:08.652491
1744992797.22,-1,0.330,0.001,1.014,11,0.000,2.710,-0.509,20,0.342,1.014,-0.001,0.638,1.50,1.50,0.066,-0.005,0.856,2.083,3.891,26.779
1744992797.22,-1,0.330,0.001,1.018,11,0.000,2.710,-0.383,20,0.342,1.018,-0.001,0.642,1.50,1.50,0.053,-0.034,0.919,-0.572,-4.227,25.681
1744992797.22,-1,0.329,0.001,1.019,11,0.000,2.710,-0.383,20,0.342,1.019,-0.001,0.643,1.50,1.50,0.037,0.022,1.153,3.335,3.311,24.826
1744992797.22,-1,0.329,0.001,1.021,11,0.000,2.710,-0.383,20,0.342,1.021,-0.001,0.645,1.50,1.50,0.037,0.022,1.153,3.335,3.311,24.826
1744992797.23,-1,0.330,0.001,1.026,11,0.000,2.710,-0.304,20,0.342,1.026,-0.002,0.650,1.50,1.50,0.000,-0.067,0.757,0.039,-0.320,26.383
1744992797.23,-1,0.330,0.001,1.026,11,0.000,2.710,-0.304,20,0.342,1.026,-0.002,0.650,1.50,1.50,0.000,-0.067,0.757,0.039,-0.320,26.383
1744992797.25,-1,0.330,0.001,1.029,11,0.000,2.710,-0.343,20,0.342,1.029,-0.002,0.653,1.50,1.50,0.112,0.050,1.032,0.893,-5.478,24.094
1744992797.25,-1,0.330,0.001,1.029,11,0.000,2.710,-0.343,20,0.342,1.029,-0.002,0.653,1.50,1.50,0.059,0.031,1.079,1.504,4.562,22.415
1744992797.25,-1,0.330,0.001,1.032,11,0.000,2.710,-0.343,20,0.342,1.032,-0.002,0.656,1.50,1.50,0.059,0.031,1.079,1.504,4.562,22.415
1744992797.26,-1,0.330,0.001,1.035,11,0.000,2.710,-0.374,20,0.342,1.035,-0.001,0.659,1.50,1.50,0.114,0.011,0.847,0.771,-0.656,21.927
1744992797.26,-1,0.330,0.001,1.035,11,0.000,2.710,-0.374,20,0.342,1.035,-0.001,0.659,1.50,1.50,0.114,0.011,0.847,0.771,-0.656,21.927
1744992797.28,-1,0.330,0.001,1.038,11,0.000,2.710,-0.352,20,0.342,1.038,-0.001,0.663,1.50,1.50,-0.110,-0.122,1.091,0.497,-0.992,23.056
1744992797.28,-1,0.330,0.001,1.040,11,0.000,2.710,-0.352,20,0.342,1.040,-0.001,0.664,1.50,1.50,0.043,-0.077,0.908,0.283,2.151,28.824
1744992797.28,-1,0.330,0.001,1.042,11,0.000,2.710,-0.352,20,0.342,1.042,-0.001,0.666,1.50,1.50,0.043,-0.077,0.908,0.283,2.151,28.824
1744992797.29,-1,0.330,0.001,1.043,11,0.000,2.710,-0.335,20,0.342,1.043,-0.001,0.667,1.50,1.50,0.040,-0.058,0.938,-0.541,-3.677,26.505
1744992797.30,-1,0.330,0.001,1.043,11,0.000,2.710,-0.335,20,0.342,1.043,-0.001,0.667,1.50,1.50,0.040,-0.058,0.938,-0.541,-3.677,26.505
1744992797.32,-1,0.330,0.001,1.046,11,0.000,2.710,-0.300,20,0.342,1.046,-0.001,0.670,1.50,1.50,0.096,0.048,1.071,2.785,0.748,25.009
1744992797.32,-1,0.329,0.001,1.047,11,0.000,2.710,-0.300,20,0.342,1.047,-0.001,0.671,1.50,1.50,-0.042,-0.067,0.864,1.870,0.595,22.598
1744992797.32,-1,0.329,0.000,1.048,11,0.000,2.710,-0.300,20,0.342,1.048,-0.001,0.672,1.50,1.50,-0.042,-0.067,0.864,1.870,0.595,22.598
1744992797.34,-1,0.329,0.000,1.050,11,0.000,2.710,-0.270,20,0.342,1.050,-0.002,0.674,1.50,1.50,-0.042,0.005,1.046,2.419,-0.443,24.551
1744992797.34,-1,0.329,0.000,1.050,11,0.000,2.710,-0.270,20,0.342,1.050,-0.002,0.674,1.50,1.50,-0.042,0.005,1.046,2.419,-0.443,24.551
1744992797.34,-1,0.330,0.001,1.055,11,0.000,2.710,-0.270,20,0.342,1.055,-0.002,0.679,1.50,1.50,-0.015,-0.034,0.882,1.107,-0.870,26.291
1744992797.34,-1,0.330,0.001,1.057,11,0.000,2.710,-0.270,20,0.342,1.057,-0.002,0.681,1.50,1.50,0.099,0.084,1.051,0.252,-0.992,23.880
1744992797.36,-1,0.330,0.001,1.059,11,0.000,2.710,-0.270,20,0.342,1.059,-0.002,0.683,1.50,1.50,0.099,0.084,1.051,0.252,-0.992,23.880
1744992797.36,-1,0.330,0.001,1.064,11,0.000,2.710,-0.391,20,0.342,1.064,-0.001,0.688,1.50,1.50,0.090,0.007,0.904,2.602,0.748,21.408
1744992797.36,-1,0.330,0.001,1.064,11,0.000,2.710,-0.391,20,0.342,1.064,-0.001,0.688,1.50,1.50,0.090,0.007,0.904,2.602,0.748,21.408
1744992797.37,-1,0.329,0.001,1.067,11,0.000,2.710,-0.461,20,0.342,1.067,-0.001,0.691,1.50,1.50,0.023,-0.049,1.012,0.374,-0.076,25.589
1744992797.37,-1,0.329,0.001,1.067,11,0.000,2.710,-0.461,20,0.342,1.067,-0.001,0.691,1.50,1.50,-0.033,-0.077,0.892,0.863,2.579,28.732
1744992797.37,-1,0.329,0.001,1.070,11,0.000,2.710,-0.461,20,0.342,1.070,-0.001,0.694,1.50,1.50,-0.033,-0.077,0.892,0.863,2.579,28.732
1744992797.38,-1,0.329,0.001,1.074,11,0.000,2.710,-0.391,20,0.342,1.074,-0.001,0.699,1.50,1.50,0.133,-0.026,0.904,0.130,-3.708,28.977
1744992797.38,-1,0.329,0.001,1.074,11,0.000,2.710,-0.391,20,0.342,1.074,-0.001,0.699,1.50,1.50,0.133,-0.026,0.904,0.130,-3.708,28.977
1744992797.39,-1,0.329,0.000,1.078,11,0.000,2.710,-0.343,20,0.342,1.078,-0.001,0.702,1.50,1.50,0.053,-0.055,1.145,2.236,1.968,26.779
1744992797.40,-1,0.329,0.000,1.078,11,0.000,2.710,-0.343,20,0.342,1.078,-0.001,0.702,1.50,1.50,0.014,-0.033,0.889,1.870,2.731,27.176
1744992797.42,-1,0.329,0.000,1.079,11,0.000,2.710,-0.343,20,0.342,1.079,-0.001,0.703,1.50,1.50,0.014,-0.033,0.889,1.870,2.731,27.176
1744992797.42,-1,0.329,0.000,1.084,11,0.000,2.710,-0.335,20,0.342,1.084,-0.002,0.708,0.90,1.50,-0.030,-0.044,0.886,2.175,-3.494,28.305
1744992797.42,-1,0.329,0.000,1.084,11,0.000,2.710,-0.335,20,0.342,1.084,-0.002,0.708,0.90,1.50,-0.030,-0.044,0.886,2.175,-3.494,28.305
1744992797.44,-1,0.329,0.000,1.087,11,0.000,2.710,-0.317,20,0.342,1.087,-0.002,0.711,0.90,1.50,0.078,0.023,1.024,0.710,-1.724,29.068
1744992797.44,-1,0.329,0.001,1.088,11,0.000,2.710,-0.317,20,0.342,1.088,-0.002,0.712,0.90,1.50,0.031,0.039,1.006,2.358,1.938,27.206
1744992797.44,-1,0.329,0.001,1.091,11,0.000,2.710,-0.317,20,0.342,1.091,-0.002,0.715,0.90,1.50,0.031,0.039,1.006,2.358,1.938,27.206
1744992797.44,-1,0.329,0.000,1.095,11,0.000,2.710,-0.396,20,0.342,1.095,-0.002,0.719,0.60,1.50,0.127,-0.023,1.029,1.443,-3.525,29.678
1744992797.44,-1,0.329,0.000,1.095,11,0.000,2.710,-0.396,20,0.342,1.095,-0.002,0.719,0.60,1.50,0.127,-0.023,1.029,1.443,-3.525,29.678
1744992797.45,-1,0.329,0.000,1.097,11,0.000,2.710,-0.443,20,0.342,1.097,-0.002,0.722,0.60,1.50,-0.121,-0.086,1.064,1.320,5.508,33.463
1744992797.45,-1,0.329,0.000,1.099,11,0.000,2.710,-0.443,20,0.342,1.099,-0.002,0.723,0.60,1.50,0.055,0.020,0.735,-0.327,-1.724,35.111
1744992797.46,-1,0.329,0.000,1.101,11,0.000,2.710,-0.443,20,0.342,1.101,-0.002,0.725,0.60,1.50,0.055,0.020,0.735,-0.327,-1.724,35.111
1744992797.47,-1,0.329,0.000,1.106,11,0.000,2.710,-0.370,20,0.342,1.106,-0.002,0.730,0.49,1.50,0.058,-0.058,1.128,1.443,-4.257,31.693
1744992797.47,-1,0.329,0.000,1.106,11,0.000,2.710,-0.370,20,0.342,1.106,-0.002,0.730,0.49,1.50,0.058,-0.058,1.128,1.443,-4.257,31.693
1744992797.48,-1,0.329,0.000,1.111,11,0.000,2.710,-0.378,20,0.342,1.111,-0.002,0.735,0.49,1.50,0.043,-0.002,1.084,3.792,5.905,30.014
1744992797.48,-1,0.329,0.000,1.114,11,0.000,2.710,-0.378,20,0.342,1.114,-0.002,0.738,0.49,1.50,-0.055,-0.071,0.727,2.144,-1.938,30.350
1744992797.49,-1,0.329,0.000,1.115,11,0.000,2.710,-0.378,20,0.342,1.115,-0.002,0.739,0.49,1.50,-0.055,-0.071,0.727,2.144,-1.938,30.350
1744992797.51,-1,0.329,0.001,1.118,11,0.000,2.710,-0.500,20,0.342,1.118,-0.002,0.742,0.41,1.50,0.130,0.002,1.006,2.114,-7.523,31.570
1744992797.51,-1,0.329,0.001,1.118,11,0.000,2.710,-0.500,20,0.342,1.118,-0.002,0.742,0.41,1.50,0.130,0.002,1.006,2.114,-7.523,31.570
1744992797.52,-1,0.329,0.000,1.122,11,0.000,2.710,-0.448,20,0.342,1.122,-0.001,0.746,0.41,1.50,0.112,-0.022,1.181,2.816,3.616,31.998
1744992797.52,-1,0.329,0.000,1.124,11,0.000,2.710,-0.448,20,0.342,1.124,-0.001,0.748,0.41,1.50,0.076,0.058,0.790,3.213,1.724,31.326
1744992797.52,-1,0.329,0.000,1.125,11,0.000,2.710,-0.448,20,0.342,1.125,-0.001,0.749,0.41,1.50,0.076,0.058,0.790,3.213,1.724,31.326
1744992797.56,-1,0.329,0.000,1.128,11,0.000,2.710,-0.396,20,0.342,1.128,-0.001,0.752,0.37,1.50,-0.029,-0.019,1.003,0.649,-2.853,29.678
1744992797.56,-1,0.329,0.000,1.128,11,0.000,2.710,-0.396,20,0.342,1.128,-0.001,0.752,0.37,1.50,-0.029,-0.019,1.003,0.649,-2.853,29.678
1744992797.56,-1,0.329,0.000,1.130,11,0.000,2.710,-0.365,20,0.342,1.130,-0.001,0.754,0.37,1.50,0.009,0.022,0.991,2.511,4.410,32.089
1744992797.56,-1,0.329,-0.000,1.131,11,0.000,2.710,-0.365,20,0.342,1.131,-0.001,0.755,0.37,1.50,0.090,0.010,0.794,-0.419,-7.065,29.099
1744992797.56,-1,0.329,-0.000,1.131,11,0.000,2.710,-0.365,20,0.342,1.131,-0.001,0.755,0.37,1.50,0.090,0.010,0.794,-0.419,-7.065,29.099
1744992797.56,-1,0.329,-0.000,1.136,11,0.000,2.710,-0.300,20,0.342,1.136,-0.002,0.760,0.34,1.50,0.041,0.136,1.252,3.853,1.389,23.392
1744992797.56,-1,0.329,-0.000,1.136,11,0.000,2.710,-0.300,20,0.342,1.136,-0.002,0.760,0.34,1.50,0.041,0.136,1.252,3.853,1.389,23.392
1744992797.57,-1,0.329,-0.000,1.140,11,0.000,2.710,-0.278,20,0.342,1.140,-0.002,0.764,0.34,1.50,-0.062,-0.092,0.792,2.206,3.128,23.178
1744992797.58,-1,0.329,0.000,1.143,11,0.000,2.710,-0.278,20,0.342,1.143,-0.002,0.767,0.34,1.50,-0.006,0.027,0.892,1.443,-7.431,23.697
1744992797.58,-1,0.329,0.000,1.145,11,0.000,2.710,-0.278,20,0.342,1.145,-0.002,0.769,0.34,1.50,-0.006,0.027,0.892,1.443,-7.431,23.697
1744992797.59,-1,0.329,0.000,1.149,11,0.000,2.710,-0.487,20,0.342,1.149,-0.002,0.774,0.33,1.50,0.094,0.034,1.144,1.046,0.290,22.873
1744992797.60,-1,0.329,0.000,1.149,11,0.000,2.710,-0.487,20,0.342,1.149,-0.002,0.774,0.33,1.50,0.094,0.034,1.144,1.046,0.290,22.873
1744992797.60,-1,0.329,0.000,1.154,11,0.000,2.710,-0.496,20,0.342,1.154,-0.001,0.778,0.33,1.50,0.172,-0.032,0.663,1.717,-0.656,20.279
1744992797.62,-1,0.329,0.000,1.155,11,0.000,2.710,-0.496,20,0.342,1.155,-0.001,0.779,0.33,1.50,0.008,-0.031,1.130,1.900,-2.945,24.307
1744992797.62,-1,0.329,0.000,1.157,11,0.000,2.710,-0.496,20,0.342,1.157,-0.001,0.781,0.33,1.50,0.008,-0.031,1.130,1.900,-2.945,24.307
1744992797.62,-1,0.329,0.000,1.158,11,0.000,2.710,-0.417,20,0.342,1.158,-0.001,0.782,0.31,1.50,-0.061,-0.069,0.900,0.374,5.325,26.627
1744992797.62,-1,0.329,0.000,1.158,11,0.000,2.710,-0.417,20,0.342,1.158,-0.001,0.782,0.31,1.50,-0.061,-0.069,0.900,0.374,5.325,26.627
1744992797.63,-1,0.329,-0.000,1.159,11,0.000,2.710,-0.317,20,0.342,1.159,-0.001,0.783,0.31,1.50,0.071,0.017,0.866,1.046,-5.234,24.094
1744992797.63,-1,0.329,-0.000,1.159,11,0.000,2.710,-0.317,20,0.342,1.159,-0.001,0.783,0.31,1.50,0.092,0.018,1.193,1.809,0.443,21.805
1744992797.66,-1,0.329,-0.000,1.161,11,0.000,2.710,-0.317,20,0.342,1.161,-0.001,0.785,0.31,1.50,0.092,0.018,1.193,1.809,0.443,21.805
1744992797.66,-1,0.329,-0.000,1.163,11,0.000,2.710,-0.252,20,0.342,1.163,-0.001,0.787,0.30,1.50,0.095,0.041,0.855,1.900,2.975,17.075
1744992797.66,-1,0.329,-0.000,1.163,11,0.000,2.710,-0.252,20,0.342,1.163,-0.001,0.787,0.30,1.50,0.095,0.041,0.855,1.900,2.975,17.075
1744992797.66,-1,0.329,-0.000,1.166,11,0.000,2.710,-0.222,20,0.342,1.166,-0.001,0.790,0.30,1.50,-0.032,-0.018,0.926,2.694,-2.853,16.495
1744992797.66,-1,0.329,-0.000,1.168,11,0.000,2.710,-0.222,20,0.342,1.168,-0.001,0.792,0.30,1.50,-0.033,-0.002,1.046,1.778,-0.168,18.295
# remark: robobot/cmd/ti/rc 0.0 0.0
1744992797.68,-1,0.329,-0.000,1.169,11,0.000,2.710,-0.222,20,0.342,1.169,-0.001,0.793,0.30,1.50,-0.033,-0.002,1.046,1.778,-0.168,18.295
1744992797.68,-1,0.329,0.000,1.175,11,0.000,2.710,-0.248,20,0.342,1.175,-0.001,0.799,0.29,1.50,0.024,0.019,0.937,0.527,0.351,19.455
1744992797.68,-1,0.329,0.000,1.175,11,0.000,2.710,-0.248,20,0.342,1.175,-0.001,0.799,0.29,1.50,0.024,0.019,0.937,0.527,0.351,19.455
1744992797.70,-1,0.329,0.000,1.177,11,0.000,2.710,-0.465,20,0.342,1.177,-0.001,0.801,0.29,1.50,0.064,0.022,0.845,2.114,-2.945,19.119
1744992797.70,-1,0.329,0.000,1.180,11,0.000,2.710,-0.465,20,0.342,1.180,-0.001,0.804,0.29,1.50,0.141,-0.030,1.022,0.497,-3.860,24.460
1744992797.70,-1,0.329,0.000,1.180,11,0.000,2.710,-0.465,20,0.342,1.180,-0.001,0.804,0.29,1.50,0.141,-0.030,1.022,0.497,-3.860,24.460
1744992797.71,-1,0.329,0.000,1.180,11,0.000,2.710,-0.400,20,0.342,1.180,-0.001,0.804,0.28,1.50,0.108,0.063,0.953,0.039,3.494,23.056
1744992797.71,-1,0.329,0.000,1.180,11,0.000,2.710,-0.400,20,0.342,1.180,-0.001,0.804,0.28,1.50,0.108,0.063,0.953,0.039,3.494,23.056
1744992797.72,-1,0.329,0.000,1.179,11,0.000,2.710,-0.257,20,0.343,1.179,-0.001,0.803,0.28,1.50,0.115,0.051,0.862,1.382,-2.609,20.279
1744992797.73,-1,0.329,0.000,1.179,11,0.000,2.710,-0.257,20,0.343,1.179,-0.001,0.803,0.28,1.50,0.063,-0.014,1.087,1.290,-1.846,14.938
1744992797.73,-1,0.329,0.000,1.177,11,0.000,2.710,-0.257,20,0.343,1.177,-0.001,0.801,0.28,1.50,0.063,-0.014,1.087,1.290,-1.846,14.938
1744992797.75,-1,0.329,0.000,1.177,11,0.000,2.710,-0.117,20,0.343,1.177,-0.001,0.801,0.28,1.50,0.132,0.104,0.942,1.198,1.907,12.192
1744992797.75,-1,0.329,0.000,1.177,11,0.000,2.710,-0.117,20,0.343,1.177,-0.001,0.801,0.28,1.50,0.132,0.104,0.942,1.198,1.907,12.192
# remark: robobot/cmd/ti/alive 2025-04-18 18:13:08.652491
1744992797.76,-1,0.329,0.000,1.177,11,0.000,2.710,-0.078,20,0.343,1.177,-0.001,0.801,0.28,1.50,0.075,0.089,0.916,1.015,-1.907,7.187
1744992797.76,-1,0.329,0.000,1.177,11,0.000,2.710,-0.078,20,0.343,1.177,-0.001,0.801,0.28,1.50,0.060,0.110,1.122,0.435,-0.290,5.173
1744992797.76,-1,0.329,0.000,1.177,11,0.000,2.710,-0.078,20,0.343,1.177,-0.001,0.801,0.28,1.50,0.060,0.110,1.122,0.435,-0.290,5.173
1744992797.78,-1,0.329,0.000,1.177,11,0.000,2.710,-0.065,20,0.343,1.177,-0.000,0.801,0.27,1.50,-0.008,0.150,0.900,-0.846,2.487,-0.290
1744992797.78,-1,0.329,0.000,1.177,11,0.000,2.710,-0.065,20,0.343,1.177,-0.000,0.801,0.27,1.50,-0.008,0.150,0.900,-0.846,2.487,-0.290
1744992797.78,-1,0.329,0.000,1.177,11,0.000,2.710,-0.052,20,0.343,1.177,-0.000,0.801,0.27,1.50,0.018,0.124,0.925,-0.663,-2.548,-3.769
1744992797.79,-1,0.329,0.000,1.177,11,0.000,2.710,-0.052,20,0.343,1.177,-0.000,0.801,0.27,1.50,0.042,0.035,1.037,-1.273,1.328,-6.271
1744992797.80,-1,0.329,0.000,1.177,11,0.000,2.710,-0.052,20,0.343,1.177,-0.000,0.801,0.27,1.50,0.042,0.035,1.037,-1.273,1.328,-6.271
1744992797.80,-1,0.329,0.000,1.177,11,0.000,2.710,-0.043,20,0.343,1.177,-0.000,0.801,0.27,1.50,0.052,0.039,0.957,-1.914,1.999,-8.469
1744992797.80,-1,0.329,0.000,1.177,11,0.000,2.710,-0.043,20,0.343,1.177,-0.000,0.801,0.27,1.50,0.052,0.039,0.957,-1.914,1.999,-8.469
1744992797.83,-1,0.329,0.000,1.177,11,0.000,2.710,-0.039,20,0.343,1.177,-0.000,0.801,0.27,1.50,0.049,-0.009,0.939,-0.572,-1.480,-10.879
1744992797.83,-1,0.329,0.000,1.177,11,0.000,2.710,-0.039,20,0.343,1.177,-0.000,0.801,0.27,1.50,0.070,-0.011,1.006,-1.609,1.236,-12.466
1744992797.83,-1,0.329,0.000,1.177,11,0.000,2.710,-0.039,20,0.343,1.177,-0.000,0.801,0.27,1.50,0.070,-0.011,1.006,-1.609,1.236,-12.466
1744992797.85,-1,0.329,0.000,1.177,11,0.000,2.710,-0.035,20,0.343,1.177,-0.000,0.801,0.27,1.50,0.059,-0.003,0.927,0.252,1.541,-15.213
1744992797.85,-1,0.329,0.000,1.177,11,0.000,2.710,-0.035,20,0.343,1.177,-0.000,0.801,0.27,1.50,0.059,-0.003,0.927,0.252,1.541,-15.213
1744992797.85,-1,0.329,0.000,1.177,11,0.000,2.710,-0.030,20,0.343,1.177,-0.000,0.801,0.27,1.50,0.047,0.010,1.007,-0.541,0.473,-16.647
1744992797.85,-1,0.329,0.000,1.177,11,0.000,2.710,-0.030,20,0.343,1.177,-0.000,0.801,0.27,1.50,0.036,0.004,0.990,-0.541,2.884,-17.593
1744992797.85,-1,0.329,0.000,1.177,11,0.000,2.710,-0.030,20,0.343,1.177,-0.000,0.801,0.27,1.50,0.036,0.004,0.990,-0.541,2.884,-17.593
1744992797.86,-1,0.329,0.001,1.176,11,0.000,2.710,-0.017,20,0.343,1.176,0.000,0.800,0.27,1.50,-0.019,0.012,0.898,-0.846,2.335,-14.450
1744992797.86,-1,0.329,0.001,1.176,11,0.000,2.710,-0.017,20,0.343,1.176,0.000,0.800,0.27,1.50,-0.019,0.012,0.898,-0.846,2.335,-14.450
1744992797.87,-1,0.329,0.001,1.176,11,0.000,2.710,-0.009,20,0.344,1.176,0.000,0.800,0.27,1.50,0.034,-0.094,0.911,-2.159,-3.281,-10.818
1744992797.87,-1,0.329,0.000,1.175,11,0.000,2.710,-0.009,20,0.344,1.175,0.000,0.799,0.27,1.50,0.003,-0.081,1.134,-0.907,1.755,-5.478
1744992797.89,-1,0.329,0.000,1.175,11,0.000,2.710,-0.009,20,0.344,1.175,0.000,0.799,0.27,1.50,0.003,-0.081,1.134,-0.907,1.755,-5.478
1744992797.89,-1,0.329,0.000,1.175,11,0.000,2.710,0.009,20,0.344,1.175,0.000,0.799,0.27,1.50,0.010,-0.119,0.873,-1.853,2.518,-2.029
1744992797.89,-1,0.329,0.000,1.175,11,0.000,2.710,0.009,20,0.344,1.175,0.000,0.799,0.27,1.50,0.010,-0.119,0.873,-1.853,2.518,-2.029
1744992797.90,-1,0.329,0.000,1.175,11,0.000,2.710,0.004,20,0.344,1.175,0.000,0.799,0.27,1.50,-0.001,-0.122,0.961,-0.480,-1.938,-0.473
1744992797.91,-1,0.329,0.000,1.175,11,0.000,2.710,0.004,20,0.344,1.175,0.000,0.799,0.27,1.50,0.019,-0.121,1.027,0.588,1.144,1.999
1744992797.91,-1,0.329,0.000,1.175,11,0.000,2.710,0.004,20,0.344,1.175,0.000,0.799,0.27,1.50,0.019,-0.121,1.027,0.588,1.144,1.999
1744992797.93,-1,0.329,0.000,1.175,11,0.000,2.710,0.004,20,0.344,1.175,0.000,0.799,0.27,1.50,0.070,-0.056,0.930,0.863,0.504,1.938
1744992797.93,-1,0.329,0.000,1.175,11,0.000,2.710,0.004,20,0.344,1.175,0.000,0.799,0.27,1.50,0.070,-0.056,0.930,0.863,0.504,1.938
1744992797.93,-1,0.329,0.000,1.175,11,0.000,2.710,0.009,20,0.344,1.175,0.000,0.799,0.27,1.50,0.038,-0.010,1.018,1.595,-1.999,1.907
1744992797.95,-1,0.329,0.000,1.175,11,0.000,2.710,0.009,20,0.344,1.175,0.000,0.799,0.27,1.50,0.048,0.029,0.959,1.595,1.022,1.419
1744992797.95,-1,0.329,0.000,1.175,11,0.000,2.710,0.009,20,0.344,1.175,0.000,0.799,0.27,1.50,0.048,0.029,0.959,1.595,1.022,1.419
1744992797.95,-1,0.329,0.000,1.175,11,0.000,2.710,0.009,20,0.344,1.175,0.000,0.799,0.27,1.50,0.036,0.060,0.917,0.191,0.046,1.175
1744992797.95,-1,0.329,0.000,1.175,11,0.000,2.710,0.009,20,0.344,1.175,0.000,0.799,0.27,1.50,0.036,0.060,0.917,0.191,0.046,1.175
1744992797.96,-1,0.329,0.000,1.175,11,0.000,2.710,0.004,20,0.344,1.175,0.000,0.799,0.27,1.50,0.042,0.066,0.988,-0.144,0.046,1.236
1744992797.96,-1,0.329,0.000,1.175,11,0.000,2.710,0.004,20,0.344,1.175,0.000,0.799,0.27,1.50,0.055,0.042,0.966,-1.487,1.053,0.717
1744992797.98,-1,0.329,0.000,1.175,11,0.000,2.710,0.004,20,0.344,1.175,0.000,0.799,0.27,1.50,0.055,0.042,0.966,-1.487,1.053,0.717
1744992797.98,-1,0.329,0.000,1.175,11,0.000,2.710,0.004,20,0.344,1.175,0.000,0.799,0.27,1.50,0.045,0.008,0.958,-1.579,-0.259,-0.839
1744992797.98,-1,0.329,0.000,1.175,11,0.000,2.710,0.004,20,0.344,1.175,0.000,0.799,0.27,1.50,0.045,0.008,0.958,-1.579,-0.259,-0.839
1744992798.00,-1,0.329,0.000,1.175,11,0.000,2.710,0.004,20,0.344,1.175,0.001,0.799,0.27,1.50,0.029,-0.036,0.981,-0.816,0.198,-2.060
1744992798.00,-1,0.329,0.000,1.175,11,0.000,2.710,0.004,20,0.344,1.175,0.001,0.799,0.27,1.50,0.012,-0.055,0.989,-0.297,1.022,-3.281
1744992798.01,-1,0.329,0.000,1.175,11,0.000,2.710,0.004,20,0.344,1.175,0.001,0.799,0.27,1.50,0.012,-0.055,0.989,-0.297,1.022,-3.281
1744992798.01,-1,0.329,0.000,1.175,11,0.000,2.710,0.004,20,0.344,1.175,0.001,0.799,0.27,1.50,-0.001,-0.068,0.948,0.374,0.565,-3.555
1744992798.01,-1,0.329,0.000,1.175,11,0.000,2.710,0.004,20,0.344,1.175,0.001,0.799,0.27,1.50,-0.001,-0.068,0.948,0.374,0.565,-3.555
1744992798.04,-1,0.329,0.000,1.175,11,0.000,2.710,0.000,20,0.344,1.175,0.001,0.799,0.27,1.50,0.025,-0.083,0.970,0.680,-1.236,-1.236
1744992798.04,-1,0.329,0.000,1.175,11,0.000,2.710,0.000,20,0.344,1.175,0.001,0.799,0.27,1.50,0.034,-0.057,0.977,0.680,-0.198,1.938
1744992798.04,-1,0.329,0.000,1.175,11,0.000,2.710,0.000,20,0.344,1.175,0.001,0.799,0.27,1.50,0.034,-0.057,0.977,0.680,-0.198,1.938
1744992798.06,-1,0.329,0.000,1.175,11,0.000,2.710,0.000,20,0.344,1.175,0.001,0.799,0.27,1.50,0.056,-0.005,0.957,0.588,-0.351,3.464
1744992798.06,-1,0.329,0.000,1.175,11,0.000,2.710,0.000,20,0.344,1.175,0.001,0.799,0.27,1.50,0.056,-0.005,0.957,0.588,-0.351,3.464
1744992798.06,-1,0.329,0.000,1.175,11,0.000,2.710,0.004,20,0.344,1.175,0.001,0.799,0.27,1.50,0.057,0.026,0.959,0.161,-0.137,2.579
1744992798.06,-1,0.329,0.000,1.175,11,0.000,2.710,0.004,20,0.344,1.175,0.001,0.799,0.27,1.50,0.068,0.035,0.975,0.008,0.900,1.297
1744992798.08,-1,0.329,0.000,1.175,11,0.000,2.710,0.004,20,0.344,1.175,0.001,0.799,0.27,1.50,0.068,0.035,0.975,0.008,0.900,1.297
1744992798.08,-1,0.329,0.000,1.175,11,0.000,2.710,0.004,20,0.344,1.175,0.001,0.799,0.27,1.50,0.060,0.025,0.964,-0.358,1.114,-0.290
1744992798.08,-1,0.329,0.000,1.175,11,0.000,2.710,0.004,20,0.344,1.175,0.001,0.799,0.27,1.50,0.060,0.025,0.964,-0.358,1.114,-0.290
1744992798.10,-1,0.329,0.000,1.175,11,0.000,2.710,0.004,20,0.344,1.175,0.001,0.799,0.27,1.50,0.030,0.015,0.979,-0.358,0.534,-1.266
1744992798.10,-1,0.329,0.000,1.175,11,0.000,2.710,0.004,20,0.344,1.175,0.001,0.799,0.27,1.50,0.000,-0.015,0.960,-0.388,0.168,-1.450
1744992798.10,-1,0.329,0.000,1.175,11,0.000,2.710,0.004,20,0.344,1.175,0.001,0.799,0.27,1.50,0.000,-0.015,0.960,-0.388,0.168,-1.450
1744992798.10,-1,0.329,0.000,1.175,11,0.000,2.710,0.004,20,0.344,1.175,0.001,0.799,0.27,1.50,-0.003,-0.023,0.972,-0.327,-0.046,-1.236
1744992798.10,-1,0.329,0.000,1.175,11,0.000,2.710,0.004,20,0.344,1.175,0.001,0.799,0.27,1.50,-0.003,-0.023,0.972,-0.327,-0.046,-1.236
1744992798.11,-1,0.329,0.000,1.175,11,0.000,2.710,0.004,20,0.344,1.175,0.001,0.799,0.27,1.50,0.008,-0.028,0.969,-0.114,0.076,-0.900
1744992798.14,-1,0.329,0.000,1.175,11,0.000,2.710,0.004,20,0.344,1.175,0.001,0.799,0.27,1.50,0.045,-0.030,0.969,-0.114,-0.656,-0.870
1744992798.14,-1,0.329,0.000,1.175,11,0.000,2.710,0.004,20,0.344,1.175,0.001,0.799,0.27,1.50,0.045,-0.030,0.969,-0.114,-0.656,-0.870
1744992798.14,-1,0.329,0.000,1.175,11,0.000,2.710,0.004,20,0.344,1.175,0.001,0.799,0.27,1.50,0.062,-0.038,0.976,0.313,-0.748,-0.595
1744992798.14,-1,0.329,0.000,1.175,11,0.000,2.710,0.004,20,0.344,1.175,0.001,0.799,0.27,1.50,0.062,-0.038,0.976,0.313,-0.748,-0.595
1744992798.14,-1,0.329,0.000,1.175,11,0.000,2.710,0.000,20,0.344,1.175,0.001,0.799,0.27,1.50,0.065,-0.034,0.983,0.100,-0.198,0.320
1744992798.15,-1,0.329,0.000,1.175,11,0.000,2.710,0.000,20,0.344,1.175,0.001,0.799,0.27,1.50,0.049,-0.012,0.965,0.435,0.443,1.480
1744992798.15,-1,0.329,0.000,1.175,11,0.000,2.710,0.000,20,0.344,1.175,0.001,0.799,0.27,1.50,0.049,-0.012,0.965,0.435,0.443,1.480
1744992798.16,-1,0.329,0.000,1.175,11,0.000,2.710,0.000,20,0.344,1.175,0.001,0.799,0.27,1.50,0.035,0.008,0.974,0.283,0.809,0.778
1744992798.16,-1,0.329,0.000,1.175,11,0.000,2.710,0.000,20,0.344,1.175,0.001,0.799,0.27,1.50,0.035,0.008,0.974,0.283,0.809,0.778
1744992798.17,-1,0.329,0.000,1.175,11,0.000,2.710,0.004,20,0.344,1.175,0.001,0.799,0.27,1.50,0.031,0.008,0.968,-0.114,1.083,0.137
1744992798.19,-1,0.329,0.000,1.175,11,0.000,2.710,0.004,20,0.344,1.175,0.001,0.799,0.27,1.50,0.026,0.003,0.971,-0.388,0.290,-0.076
1744992798.19,-1,0.329,0.000,1.175,11,0.000,2.710,0.004,20,0.344,1.175,0.001,0.799,0.27,1.50,0.026,0.003,0.971,-0.388,0.290,-0.076
1744992798.19,-1,0.329,0.000,1.175,11,0.000,2.710,0.004,20,0.344,1.175,0.001,0.799,0.27,1.50,0.020,-0.008,0.967,-0.297,-0.168,-0.290
1744992798.19,-1,0.329,0.000,1.175,11,0.000,2.710,0.004,20,0.344,1.175,0.001,0.799,0.27,1.50,0.020,-0.008,0.967,-0.297,-0.168,-0.290
1744992798.21,-1,0.329,0.000,1.175,11,0.000,2.710,0.017,20,0.344,1.175,0.001,0.799,0.27,1.50,0.015,-0.014,0.971,-0.205,-0.381,-0.442
1744992798.21,-1,0.329,0.000,1.175,11,0.000,2.710,0.017,20,0.344,1.175,0.001,0.799,0.27,1.50,0.031,-0.015,0.971,-0.022,0.046,-0.839
1744992798.21,-1,0.329,0.000,1.175,11,0.000,2.710,0.017,20,0.344,1.175,0.001,0.799,0.27,1.50,0.031,-0.015,0.971,-0.022,0.046,-0.839
1744992798.22,-1,0.329,0.000,1.175,11,0.000,2.710,0.017,20,0.344,1.175,0.001,0.799,0.27,1.50,0.056,-0.022,0.965,-0.114,0.137,-0.992
1744992798.22,-1,0.329,0.000,1.175,11,0.000,2.710,0.017,20,0.344,1.175,0.001,0.799,0.27,1.50,0.056,-0.022,0.965,-0.114,0.137,-0.992
1744992798.24,-1,0.329,0.000,1.175,11,0.000,2.710,0.013,20,0.344,1.175,0.001,0.799,0.27,1.50,0.067,-0.031,0.980,0.222,-0.076,-0.412
1744992798.24,-1,0.329,0.000,1.175,11,0.000,2.710,0.013,20,0.344,1.175,0.001,0.799,0.27,1.50,0.055,-0.030,0.973,-0.053,0.504,0.656
1744992798.24,-1,0.329,0.000,1.175,11,0.000,2.710,0.013,20,0.344,1.175,0.001,0.799,0.27,1.50,0.055,-0.030,0.973,-0.053,0.504,0.656
1744992798.26,-1,0.329,0.000,1.175,11,0.000,2.710,0.013,20,0.344,1.175,0.001,0.799,0.27,1.50,0.031,-0.011,0.971,0.039,0.351,0.656
1744992798.26,-1,0.329,0.000,1.175,11,0.000,2.710,0.013,20,0.344,1.175,0.001,0.799,0.27,1.50,0.031,-0.011,0.971,0.039,0.351,0.656
1744992798.26,-1,0.329,0.000,1.175,11,0.000,2.710,0.013,20,0.344,1.175,0.001,0.799,0.27,1.50,0.018,-0.005,0.962,0.039,0.381,0.382
1744992798.27,-1,0.329,0.000,1.175,11,0.000,2.710,0.013,20,0.344,1.175,0.001,0.799,0.27,1.50,0.023,-0.003,0.971,0.039,0.259,0.565
1744992798.27,-1,0.329,0.000,1.175,11,0.000,2.710,0.013,20,0.344,1.175,0.001,0.799,0.27,1.50,0.023,-0.003,0.971,0.039,0.259,0.565
1744992798.28,-1,0.329,0.000,1.175,11,0.000,2.710,0.013,20,0.345,1.175,0.001,0.799,0.28,1.50,0.030,0.003,0.968,-0.175,0.137,0.076
1744992798.28,-1,0.329,0.000,1.175,11,0.000,2.710,0.013,20,0.345,1.175,0.001,0.799,0.28,1.50,0.030,0.003,0.968,-0.175,0.137,0.076
# remark: robobot/cmd/ti/alive 2025-04-18 18:13:08.652491
1744992798.29,-1,0.329,0.000,1.175,11,0.000,2.710,0.013,20,0.345,1.175,0.001,0.799,0.28,1.50,0.032,0.001,0.960,0.069,-0.595,-0.626
1744992798.29,-1,0.329,0.000,1.175,11,0.000,2.710,0.013,20,0.345,1.175,0.001,0.799,0.28,1.50,0.037,-0.008,0.971,-0.114,-0.595,-1.053
1744992798.30,-1,0.329,0.000,1.175,11,0.000,2.710,0.013,20,0.345,1.175,0.001,0.799,0.28,1.50,0.037,-0.008,0.971,-0.114,-0.595,-1.053
1744992798.31,-1,0.329,0.000,1.175,11,0.000,2.710,0.013,20,0.345,1.175,0.001,0.799,0.28,1.50,0.043,-0.023,0.969,-0.175,-0.320,-0.961
1744992798.31,-1,0.329,0.000,1.175,11,0.000,2.710,0.013,20,0.345,1.175,0.001,0.799,0.28,1.50,0.043,-0.023,0.969,-0.175,-0.320,-0.961
1744992798.32,-1,0.329,0.000,1.175,11,0.000,2.710,0.013,20,0.345,1.175,0.001,0.799,0.28,1.50,0.047,-0.027,0.973,-0.327,0.351,0.137
1744992798.33,-1,0.329,0.000,1.175,11,0.000,2.710,0.013,20,0.345,1.175,0.001,0.799,0.28,1.50,0.052,-0.027,0.971,-0.053,0.778,0.412
1744992798.34,-1,0.329,0.000,1.175,11,0.000,2.710,0.013,20,0.345,1.175,0.001,0.799,0.28,1.50,0.052,-0.027,0.971,-0.053,0.778,0.412
1744992798.34,-1,0.329,0.000,1.175,11,0.000,2.710,0.013,20,0.345,1.175,0.001,0.799,0.27,1.50,0.039,-0.015,0.965,-0.083,0.473,0.626
1744992798.34,-1,0.329,0.000,1.175,11,0.000,2.710,0.013,20,0.345,1.175,0.001,0.799,0.27,1.50,0.039,-0.015,0.965,-0.083,0.473,0.626
1744992798.35,-1,0.329,0.000,1.175,11,0.000,2.710,0.013,20,0.345,1.175,0.001,0.799,0.27,1.50,0.027,-0.012,0.969,0.008,0.198,-0.137
1744992798.36,-1,0.329,0.000,1.175,11,0.000,2.710,0.013,20,0.345,1.175,0.001,0.799,0.27,1.50,0.012,-0.008,0.972,-0.022,0.198,-0.168
1744992798.37,-1,0.329,0.000,1.175,11,0.000,2.710,0.013,20,0.345,1.175,0.001,0.799,0.27,1.50,0.012,-0.008,0.972,-0.022,0.198,-0.168
1744992798.37,-1,0.329,0.000,1.175,11,0.000,2.710,0.004,20,0.345,1.175,0.001,0.799,0.27,1.50,0.018,-0.003,0.968,0.100,0.198,-0.320
1744992798.37,-1,0.329,0.000,1.175,11,0.000,2.710,0.004,20,0.345,1.175,0.001,0.799,0.27,1.50,0.018,-0.003,0.968,0.100,0.198,-0.320
1744992798.38,-1,0.329,0.000,1.175,11,0.000,2.710,0.000,20,0.345,1.175,0.001,0.799,0.27,1.50,0.034,-0.004,0.965,-0.175,-0.320,-0.229
1744992798.39,-1,0.329,0.000,1.175,11,0.000,2.710,0.000,20,0.345,1.175,0.001,0.799,0.27,1.50,0.042,-0.004,0.973,0.039,-0.748,-0.381
1744992798.39,-1,0.329,0.000,1.175,11,0.000,2.710,0.000,20,0.345,1.175,0.001,0.799,0.27,1.50,0.042,-0.004,0.973,0.039,-0.748,-0.381
1744992798.40,-1,0.329,0.000,1.175,11,0.000,2.710,0.000,20,0.345,1.175,0.001,0.799,0.27,1.50,0.055,-0.014,0.971,-0.205,-0.046,-0.015
1744992798.40,-1,0.329,0.000,1.175,11,0.000,2.710,0.000,20,0.345,1.175,0.001,0.799,0.27,1.50,0.055,-0.014,0.971,-0.205,-0.046,-0.015
1744992798.42,-1,0.329,0.000,1.175,11,0.000,2.710,0.000,20,0.345,1.175,0.001,0.799,0.27,1.50,0.051,-0.012,0.967,-0.022,0.412,0.046
1744992798.42,-1,0.329,0.000,1.175,11,0.000,2.710,0.000,20,0.345,1.175,0.001,0.799,0.27,1.50,0.039,-0.014,0.972,-0.388,0.656,-0.259
# remark: robobot/cmd/ti/rc 0.0 0.0
# remark: robobot/cmd/T0/leds 16 0 0 0
# remark: robobot/cmd/ti/rc 0.10 0.0
1744992798.44,-1,0.329,0.000,1.175,11,0.000,2.710,0.000,20,0.345,1.175,0.000,0.000,0.27,1.50,0.039,-0.014,0.972,-0.388,0.656,-0.259
1744992798.44,-1,0.329,0.000,1.175,11,0.000,2.710,0.000,20,0.345,1.175,0.000,0.000,0.27,1.50,0.029,-0.022,0.963,0.008,0.412,-0.168
1744992798.44,-1,0.329,0.000,1.175,11,0.000,2.710,0.000,20,0.345,1.175,0.000,0.000,0.27,1.50,0.029,-0.022,0.963,0.008,0.412,-0.168
1744992798.45,-1,0.329,0.000,1.175,11,0.000,2.710,0.000,20,0.345,1.175,0.000,0.000,0.27,1.50,0.023,-0.016,0.968,0.008,0.351,0.046
1744992798.45,-1,0.329,0.000,1.175,11,0.000,2.710,0.000,20,0.345,1.175,0.000,0.000,0.27,1.50,0.019,-0.014,0.961,-0.114,-0.046,0.137
1744992798.46,-1,0.329,0.000,1.175,11,0.000,2.710,0.000,20,0.345,1.175,0.000,0.000,0.27,1.50,0.019,-0.014,0.961,-0.114,-0.046,0.137
1744992798.47,-1,0.329,0.000,1.175,11,0.000,2.710,0.000,20,0.345,1.175,0.000,0.000,0.28,1.50,0.025,-0.012,0.970,-0.053,-0.412,0.046
1744992798.47,-1,0.329,0.000,1.175,11,0.000,2.710,0.000,20,0.345,1.175,0.000,0.000,0.28,1.50,0.025,-0.012,0.970,-0.053,-0.412,0.046
1744992798.48,-1,0.329,0.000,1.175,11,0.000,2.710,0.000,20,0.345,1.175,0.000,0.000,0.28,1.50,0.039,-0.006,0.972,-0.236,0.168,0.351
1744992798.48,-1,0.329,0.000,1.175,11,0.000,2.710,0.000,20,0.345,1.175,0.000,0.000,0.28,1.50,0.051,-0.006,0.969,-0.114,-0.137,-0.381
1744992798.48,-1,0.329,0.001,1.174,11,0.000,2.710,0.000,20,0.345,1.174,0.000,-0.001,0.28,1.50,0.051,-0.006,0.969,-0.114,-0.137,-0.381
1744992798.49,-1,0.330,0.001,1.174,11,0.000,2.710,0.000,20,0.345,1.174,0.000,-0.001,0.28,1.50,0.080,-0.022,0.912,-0.083,-1.144,-0.046
1744992798.49,-1,0.330,0.001,1.174,11,0.000,2.710,0.000,20,0.345,1.174,0.000,-0.001,0.28,1.50,0.080,-0.022,0.912,-0.083,-1.144,-0.046
1744992798.51,-1,0.330,0.001,1.171,11,0.000,2.710,0.000,20,0.345,1.171,0.000,-0.004,0.28,1.50,0.116,-0.047,1.011,-0.450,-2.457,0.839
1744992798.51,-1,0.330,0.001,1.170,11,0.000,2.710,0.000,20,0.345,1.170,0.000,-0.005,0.28,1.50,0.121,-0.044,0.959,-0.236,1.389,2.243
1744992798.51,-1,0.330,0.002,1.169,11,0.000,2.710,0.000,20,0.345,1.169,0.000,-0.006,0.28,1.50,0.121,-0.044,0.959,-0.236,1.389,2.243
1744992798.52,-1,0.330,0.002,1.166,11,0.000,2.710,0.357,20,0.345,1.166,0.001,-0.009,0.27,1.50,0.331,0.067,0.862,-0.816,-3.403,4.074
1744992798.52,-1,0.330,0.002,1.166,11,0.000,2.710,0.357,20,0.345,1.166,0.001,-0.009,0.27,1.50,0.331,0.067,0.862,-0.816,-3.403,4.074
1744992798.53,-1,0.330,0.003,1.166,11,0.000,2.710,0.370,20,0.346,1.166,0.001,-0.009,0.27,1.50,0.299,0.049,1.054,-0.785,-3.036,1.053
1744992798.54,-1,0.330,0.003,1.167,11,0.000,2.710,0.370,20,0.346,1.167,0.001,-0.008,0.27,1.50,0.180,0.061,1.047,-0.175,6.454,-2.609
1744992798.54,-1,0.330,0.003,1.167,11,0.000,2.710,0.370,20,0.346,1.167,0.001,-0.008,0.27,1.50,0.180,0.061,1.047,-0.175,6.454,-2.609
1744992798.55,-1,0.331,0.003,1.168,11,0.000,2.710,0.126,20,0.347,1.168,0.002,-0.007,0.27,1.50,0.024,-0.019,0.810,-2.586,3.677,-3.067
1744992798.55,-1,0.331,0.003,1.168,11,0.000,2.710,0.126,20,0.347,1.168,0.002,-0.007,0.27,1.50,0.024,-0.019,0.810,-2.586,3.677,-3.067
1744992798.56,-1,0.331,0.004,1.168,11,0.000,2.710,-0.057,20,0.347,1.168,0.003,-0.007,0.27,1.50,0.084,-0.029,0.969,-1.304,-5.173,-0.809
1744992798.57,-1,0.331,0.004,1.168,11,0.000,2.710,-0.057,20,0.347,1.168,0.003,-0.007,0.27,1.50,0.066,-0.069,1.167,-1.762,4.745,5.112
1744992798.58,-1,0.331,0.005,1.166,11,0.000,2.710,-0.057,20,0.347,1.166,0.003,-0.009,0.27,1.50,0.066,-0.069,1.167,-1.762,4.745,5.112
1744992798.58,-1,0.331,0.005,1.167,11,0.000,2.710,0.078,20,0.348,1.167,0.004,-0.008,0.27,1.50,0.333,0.223,0.729,-1.853,0.626,2.304
1744992798.58,-1,0.331,0.005,1.167,11,0.000,2.710,0.078,20,0.348,1.167,0.004,-0.008,0.27,1.50,0.333,0.223,0.729,-1.853,0.626,2.304
1744992798.59,-1,0.332,0.006,1.167,11,0.000,2.710,0.013,20,0.349,1.167,0.005,-0.008,0.27,1.50,0.128,-0.021,1.024,-2.006,-6.882,-2.426
1744992798.59,-1,0.332,0.007,1.166,11,0.000,2.710,0.013,20,0.349,1.166,0.005,-0.009,0.27,1.50,0.196,0.042,1.107,-3.349,7.797,-2.670
1744992798.60,-1,0.332,0.007,1.167,11,0.000,2.710,0.013,20,0.349,1.167,0.005,-0.008,0.27,1.50,0.196,0.042,1.107,-3.349,7.797,-2.670
1744992798.61,-1,0.332,0.008,1.166,11,0.000,2.710,0.017,20,0.351,1.166,0.006,-0.009,0.27,1.50,0.031,-0.011,0.744,-3.745,2.396,-4.654
1744992798.61,-1,0.332,0.008,1.166,11,0.000,2.710,0.017,20,0.351,1.166,0.006,-0.009,0.27,1.50,0.031,-0.011,0.744,-3.745,2.396,-4.654
1744992798.62,-1,0.333,0.009,1.167,11,0.000,2.710,0.026,20,0.352,1.167,0.007,-0.008,0.27,1.50,0.073,-0.060,0.959,-1.975,-4.623,-1.694
1744992798.63,-1,0.333,0.009,1.166,11,0.000,2.710,0.026,20,0.352,1.166,0.007,-0.009,0.27,1.50,0.066,-0.085,1.067,-3.776,4.684,-0.229
1744992798.63,-1,0.333,0.009,1.166,11,0.000,2.710,0.026,20,0.352,1.166,0.007,-0.009,0.27,1.50,0.066,-0.085,1.067,-3.776,4.684,-0.229
1744992798.65,-1,0.334,0.010,1.167,11,0.000,2.710,-0.009,20,0.353,1.167,0.009,-0.008,0.27,1.50,0.178,-0.024,0.898,0.802,-2.365,3.983
1744992798.65,-1,0.334,0.010,1.167,11,0.000,2.710,-0.009,20,0.353,1.167,0.009,-0.008,0.27,1.50,0.178,-0.024,0.898,0.802,-2.365,3.983
1744992798.65,-1,0.334,0.011,1.168,11,0.000,2.710,-0.074,20,0.355,1.168,0.010,-0.007,0.27,1.50,-0.058,-0.136,1.011,-1.365,2.151,4.410
1744992798.65,-1,0.334,0.012,1.168,11,0.000,2.710,-0.074,20,0.355,1.168,0.010,-0.007,0.27,1.50,0.159,-0.013,0.861,-0.236,-1.358,7.614
1744992798.67,-1,0.334,0.012,1.169,11,0.000,2.710,-0.074,20,0.355,1.169,0.010,-0.006,0.27,1.50,0.159,-0.013,0.861,-0.236,-1.358,7.614
1744992798.67,-1,0.335,0.013,1.170,11,0.000,2.710,-0.113,20,0.357,1.170,0.012,-0.005,0.27,1.50,-0.043,-0.191,1.054,1.168,0.443,10.635
1744992798.67,-1,0.335,0.013,1.170,11,0.000,2.710,-0.113,20,0.357,1.170,0.012,-0.005,0.27,1.50,-0.043,-0.191,1.054,1.168,0.443,10.635
1744992798.69,-1,0.335,0.014,1.171,11,0.000,2.710,-0.096,20,0.358,1.171,0.014,-0.004,0.27,1.50,0.169,0.051,0.921,-0.236,4.135,12.161
1744992798.69,-1,0.335,0.015,1.171,11,0.000,2.710,-0.096,20,0.358,1.171,0.014,-0.004,0.27,1.50,-0.028,-0.063,1.050,0.802,0.748,12.741
1744992798.69,-1,0.336,0.015,1.174,11,0.000,2.710,-0.096,20,0.358,1.174,0.014,-0.001,0.27,1.50,-0.028,-0.063,1.050,0.802,0.748,12.741
1744992798.70,-1,0.336,0.016,1.174,11,0.000,2.710,-0.165,20,0.360,1.174,0.015,-0.001,0.26,1.50,0.151,0.006,0.910,1.137,2.579,12.070
1744992798.70,-1,0.336,0.016,1.174,11,0.000,2.710,-0.165,20,0.360,1.174,0.015,-0.001,0.26,1.50,0.151,0.006,0.910,1.137,2.579,12.070
1744992798.71,-1,0.337,0.018,1.175,11,0.000,2.710,-0.157,20,0.362,1.175,0.017,0.000,0.26,1.50,-0.011,-0.079,0.974,-1.762,0.534,14.847
1744992798.72,-1,0.337,0.018,1.177,11,0.000,2.710,-0.157,20,0.362,1.177,0.017,0.002,0.26,1.50,0.083,0.045,1.034,0.313,1.846,14.725
1744992798.72,-1,0.337,0.019,1.179,11,0.000,2.710,-0.157,20,0.362,1.179,0.017,0.004,0.26,1.50,0.083,0.045,1.034,0.313,1.846,14.725
1744992798.73,-1,0.338,0.020,1.180,11,0.000,2.710,-0.174,20,0.363,1.180,0.019,0.005,0.24,1.50,-0.012,-0.072,0.988,1.046,3.250,16.342
1744992798.73,-1,0.338,0.020,1.180,11,0.000,2.710,-0.174,20,0.363,1.180,0.019,0.005,0.24,1.50,-0.012,-0.072,0.988,1.046,3.250,16.342
1744992798.74,-1,0.338,0.021,1.182,11,0.000,2.710,-0.174,20,0.365,1.182,0.021,0.007,0.24,1.50,0.088,0.018,0.908,-0.663,0.748,15.030
# remark: robobot/cmd/ti/rc 0.0 0.0
1744992798.74,-1,0.338,0.021,1.181,11,0.000,2.710,-0.174,20,0.365,1.181,0.021,0.006,0.24,1.50,-0.000,-0.056,1.006,0.588,2.243,17.075
1744992798.75,-1,0.338,0.022,1.182,11,0.000,2.710,-0.174,20,0.365,1.182,0.021,0.007,0.24,1.50,-0.000,-0.056,1.006,0.588,2.243,17.075
1744992798.76,-1,0.339,0.023,1.183,11,0.000,2.710,-0.109,20,0.367,1.183,0.022,0.008,0.22,1.50,0.096,-0.006,0.974,1.687,-0.198,15.122
1744992798.76,-1,0.339,0.023,1.183,11,0.000,2.710,-0.109,20,0.367,1.183,0.022,0.008,0.22,1.50,0.096,-0.006,0.974,1.687,-0.198,15.122
1744992798.77,-1,0.339,0.023,1.183,11,0.000,2.710,-0.074,20,0.368,1.183,0.024,0.008,0.22,1.50,-0.012,-0.060,1.011,-1.365,0.381,16.892
1744992798.77,-1,0.339,0.024,1.183,11,0.000,2.710,-0.074,20,0.368,1.183,0.024,0.008,0.22,1.50,-0.062,-0.091,0.983,1.778,2.701,18.204
1744992798.78,-1,0.339,0.024,1.185,11,0.000,2.710,-0.074,20,0.368,1.185,0.024,0.010,0.22,1.50,-0.062,-0.091,0.983,1.778,2.701,18.204
1744992798.79,-1,0.339,0.024,1.187,11,0.000,2.710,-0.035,20,0.369,1.187,0.025,0.012,0.19,1.50,-0.094,0.079,0.805,-0.205,4.562,16.769
1744992798.79,-1,0.339,0.024,1.187,11,0.000,2.710,-0.035,20,0.369,1.187,0.025,0.012,0.19,1.50,-0.094,0.079,0.805,-0.205,4.562,16.769
1744992798.80,-1,0.340,0.025,1.188,11,0.000,2.710,-0.109,20,0.370,1.188,0.026,0.013,0.19,1.50,-0.108,0.208,0.981,-0.144,4.776,9.323
1744992798.81,-1,0.340,0.025,1.189,11,0.000,2.710,-0.109,20,0.370,1.189,0.026,0.014,0.19,1.50,-0.153,0.161,0.886,1.504,-0.320,-0.534
1744992798.81,-1,0.340,0.026,1.189,11,0.000,2.710,-0.109,20,0.370,1.189,0.026,0.014,0.19,1.50,-0.153,0.161,0.886,1.504,-0.320,-0.534
# remark: robobot/cmd/ti/alive 2025-04-18 18:13:08.652491
1744992798.82,-1,0.340,0.026,1.190,11,0.000,2.710,-0.178,20,0.371,1.190,0.027,0.015,0.14,1.50,-0.098,0.091,0.979,0.680,-4.318,-2.731
1744992798.82,-1,0.340,0.026,1.190,11,0.000,2.710,-0.178,20,0.371,1.190,0.027,0.015,0.14,1.50,-0.098,0.091,0.979,0.680,-4.318,-2.731
1744992798.83,-1,0.340,0.027,1.188,11,0.000,2.710,-0.070,20,0.372,1.188,0.028,0.013,0.14,1.50,-0.162,0.069,1.052,-1.701,5.020,-4.929
1744992798.85,-1,0.340,0.027,1.188,11,0.000,2.710,-0.070,20,0.372,1.188,0.028,0.013,0.14,1.50,-0.083,0.069,0.812,-1.182,-3.647,-4.349
1744992798.85,-1,0.340,0.027,1.188,11,0.000,2.710,-0.070,20,0.372,1.188,0.028,0.013,0.14,1.50,-0.083,0.069,0.812,-1.182,-3.647,-4.349
1744992798.86,-1,0.340,0.027,1.188,11,0.000,2.710,0.017,20,0.373,1.188,0.028,0.013,0.12,1.50,-0.105,0.037,1.134,-1.029,-1.541,-8.102
1744992798.86,-1,0.340,0.027,1.188,11,0.000,2.710,0.017,20,0.373,1.188,0.028,0.013,0.12,1.50,-0.105,0.037,1.134,-1.029,-1.541,-8.102
1744992798.86,-1,0.340,0.027,1.188,11,0.000,2.710,0.035,20,0.374,1.188,0.029,0.013,0.12,1.50,-0.197,-0.027,0.922,-2.067,10.086,-8.865
1744992798.87,-1,0.340,0.027,1.188,11,0.000,2.710,0.035,20,0.374,1.188,0.029,0.013,0.12,1.50,-0.155,-0.060,0.768,-0.450,-4.562,-11.063
1744992798.87,-1,0.340,0.027,1.188,11,0.000,2.710,0.035,20,0.374,1.188,0.029,0.013,0.12,1.50,-0.155,-0.060,0.768,-0.450,-4.562,-11.063
1744992798.88,-1,0.340,0.027,1.188,11,0.000,2.710,0.009,20,0.374,1.188,0.029,0.013,0.11,1.50,-0.149,-0.117,1.197,0.344,-3.067,-8.957
1744992798.88,-1,0.340,0.027,1.188,11,0.000,2.710,0.009,20,0.374,1.188,0.029,0.013,0.11,1.50,-0.149,-0.117,1.197,0.344,-3.067,-8.957
1744992798.89,-1,0.340,0.027,1.188,11,0.000,2.710,0.004,20,0.374,1.188,0.030,0.013,0.11,1.50,-0.097,-0.165,0.911,-0.327,3.220,-3.220
1744992798.90,-1,0.340,0.027,1.187,11,0.000,2.710,0.004,20,0.374,1.187,0.030,0.012,0.11,1.50,-0.029,-0.089,0.898,-0.877,-4.990,-0.198
1744992798.90,-1,0.340,0.027,1.187,11,0.000,2.710,0.004,20,0.374,1.187,0.030,0.012,0.11,1.50,-0.029,-0.089,0.898,-0.877,-4.990,-0.198
1744992798.91,-1,0.340,0.027,1.188,11,0.000,2.710,0.048,20,0.374,1.188,0.030,0.013,0.11,1.50,0.010,-0.063,1.122,1.198,-0.320,2.335
1744992798.91,-1,0.340,0.027,1.188,11,0.000,2.710,0.048,20,0.374,1.188,0.030,0.013,0.11,1.50,0.010,-0.063,1.122,1.198,-0.320,2.335
1744992798.92,-1,0.340,0.027,1.188,11,0.000,2.710,-0.013,20,0.375,1.188,0.030,0.013,0.11,1.50,0.055,-0.004,0.883,-0.450,3.738,1.083
1744992798.93,-1,0.340,0.027,1.188,11,0.000,2.710,-0.013,20,0.375,1.188,0.030,0.013,0.11,1.50,0.062,0.042,0.933,0.344,-1.816,0.473
1744992798.93,-1,0.340,0.027,1.188,11,0.000,2.710,-0.013,20,0.375,1.188,0.030,0.013,0.11,1.50,0.062,0.042,0.933,0.344,-1.816,0.473
1744992798.94,-1,0.340,0.027,1.188,11,0.000,2.710,-0.004,20,0.375,1.188,0.030,0.013,0.11,1.50,0.072,0.036,1.067,0.771,0.137,-0.961
1744992798.94,-1,0.340,0.027,1.188,11,0.000,2.710,-0.004,20,0.375,1.188,0.030,0.013,0.11,1.50,0.072,0.036,1.067,0.771,0.137,-0.961
1744992798.95,-1,0.340,0.027,1.188,11,0.000,2.710,-0.004,20,0.375,1.188,0.030,0.013,0.11,1.50,0.061,0.043,0.923,-1.609,0.717,-1.511
1744992798.96,-1,0.340,0.027,1.188,11,0.000,2.710,-0.004,20,0.375,1.188,0.030,0.013,0.11,1.50,0.058,0.017,0.933,0.222,-2.548,-3.433
1744992798.96,-1,0.340,0.027,1.188,11,0.000,2.710,-0.004,20,0.375,1.188,0.030,0.013,0.11,1.50,0.058,0.017,0.933,0.222,-2.548,-3.433
1744992798.97,-1,0.340,0.027,1.188,11,0.000,2.710,0.000,20,0.375,1.188,0.030,0.013,0.11,1.50,0.054,-0.027,1.017,-1.273,1.450,-3.738
1744992798.97,-1,0.340,0.027,1.188,11,0.000,2.710,0.000,20,0.375,1.188,0.030,0.013,0.11,1.50,0.054,-0.027,1.017,-1.273,1.450,-3.738
1744992798.98,-1,0.340,0.027,1.188,11,0.000,2.710,-0.004,20,0.375,1.188,0.030,0.013,0.11,1.50,0.040,-0.023,0.944,-0.511,1.907,-4.684
1744992798.98,-1,0.340,0.027,1.188,11,0.000,2.710,-0.004,20,0.375,1.188,0.030,0.013,0.11,1.50,0.036,-0.062,0.982,0.527,-0.900,-4.044
1744992798.99,-1,0.340,0.027,1.188,11,0.000,2.710,-0.004,20,0.375,1.188,0.030,0.013,0.11,1.50,0.036,-0.062,0.982,0.527,-0.900,-4.044
1744992799.00,-1,0.340,0.027,1.188,11,0.000,2.710,0.004,20,0.375,1.188,0.030,0.013,0.12,1.50,0.022,-0.056,1.003,-0.450,0.900,-3.464
1744992799.00,-1,0.340,0.027,1.188,11,0.000,2.710,0.004,20,0.375,1.188,0.030,0.013,0.12,1.50,0.022,-0.056,1.003,-0.450,0.900,-3.464
1744992799.01,-1,0.340,0.027,1.188,11,0.000,2.710,0.009,20,0.375,1.188,0.031,0.013,0.12,1.50,0.040,-0.072,0.925,0.680,-1.419,-0.961
1744992799.02,-1,0.340,0.027,1.188,11,0.000,2.710,0.009,20,0.375,1.188,0.031,0.013,0.12,1.50,0.037,-0.033,1.007,0.649,-0.778,0.137
1744992799.02,-1,0.340,0.027,1.188,11,0.000,2.710,0.009,20,0.375,1.188,0.031,0.013,0.12,1.50,0.037,-0.033,1.007,0.649,-0.778,0.137
1744992799.03,-1,0.340,0.027,1.188,11,0.000,2.710,0.004,20,0.375,1.188,0.031,0.013,0.12,1.50,0.048,-0.012,0.956,-0.450,1.480,1.450
1744992799.03,-1,0.340,0.027,1.188,11,0.000,2.710,0.004,20,0.375,1.188,0.031,0.013,0.12,1.50,0.048,-0.012,0.956,-0.450,1.480,1.450
1744992799.04,-1,0.340,0.027,1.188,11,0.000,2.710,0.000,20,0.375,1.188,0.031,0.013,0.12,1.50,0.070,0.006,0.944,0.435,-0.046,1.297
1744992799.05,-1,0.340,0.027,1.188,11,0.000,2.710,0.000,20,0.375,1.188,0.031,0.013,0.12,1.50,0.065,0.004,0.993,-1.212,1.144,1.358
1744992799.05,-1,0.340,0.027,1.188,11,0.000,2.710,0.000,20,0.375,1.188,0.031,0.013,0.12,1.50,0.065,0.004,0.993,-1.212,1.144,1.358
1744992799.06,-1,0.340,0.027,1.188,11,0.000,2.710,-0.004,20,0.375,1.188,0.031,0.013,0.12,1.50,0.066,0.002,0.958,0.283,0.565,-0.259
1744992799.06,-1,0.340,0.027,1.188,11,0.000,2.710,-0.004,20,0.375,1.188,0.031,0.013,0.12,1.50,0.066,0.002,0.958,0.283,0.565,-0.259
1744992799.07,-1,0.340,0.027,1.188,11,0.000,2.710,-0.004,20,0.375,1.188,0.031,0.013,0.12,1.50,0.053,-0.026,0.948,-0.480,-1.328,-0.748
1744992799.07,-1,0.340,0.027,1.188,11,0.000,2.710,-0.004,20,0.375,1.188,0.031,0.013,0.12,1.50,0.040,-0.042,1.004,0.008,0.320,-1.785
1744992799.08,-1,0.340,0.027,1.188,11,0.000,2.710,-0.004,20,0.375,1.188,0.031,0.013,0.12,1.50,0.040,-0.042,1.004,0.008,0.320,-1.785
1744992799.09,-1,0.340,0.027,1.188,11,0.000,2.710,-0.004,20,0.375,1.188,0.031,0.013,0.12,1.50,0.019,-0.051,0.937,0.466,0.748,-1.327
1744992799.09,-1,0.340,0.027,1.188,11,0.000,2.710,-0.004,20,0.375,1.188,0.031,0.013,0.12,1.50,0.019,-0.051,0.937,0.466,0.748,-1.327
1744992799.10,-1,0.340,0.027,1.188,11,0.000,2.710,-0.004,20,0.375,1.188,0.031,0.013,0.12,1.50,0.024,-0.038,0.972,0.100,-0.290,-0.412
1744992799.12,-1,0.340,0.027,1.188,11,0.000,2.710,-0.004,20,0.375,1.188,0.031,0.013,0.12,1.50,0.016,-0.027,0.993,0.344,0.595,1.175
1744992799.12,-1,0.340,0.027,1.188,11,0.000,2.710,-0.004,20,0.375,1.188,0.031,0.013,0.12,1.50,0.016,-0.027,0.993,0.344,0.595,1.175
1744992799.12,-1,0.340,0.027,1.188,11,0.000,2.710,-0.004,20,0.375,1.188,0.031,0.013,0.12,1.50,0.025,-0.011,0.947,-0.053,-0.290,2.121
1744992799.12,-1,0.340,0.027,1.188,11,0.000,2.710,-0.004,20,0.375,1.188,0.031,0.013,0.12,1.50,0.025,-0.011,0.947,-0.053,-0.290,2.121
1744992799.13,-1,0.340,0.027,1.188,11,0.000,2.710,0.000,20,0.376,1.188,0.031,0.013,0.12,1.50,0.031,-0.008,0.970,-0.297,-0.778,2.609
1744992799.14,-1,0.340,0.027,1.188,11,0.000,2.710,0.000,20,0.376,1.188,0.031,0.013,0.12,1.50,0.043,-0.002,0.980,-0.083,0.809,2.670
1744992799.15,-1,0.340,0.027,1.188,11,0.000,2.710,0.000,20,0.376,1.188,0.031,0.013,0.12,1.50,0.043,-0.002,0.980,-0.083,0.809,2.670
1744992799.16,-1,0.340,0.027,1.188,11,0.000,2.710,0.000,20,0.376,1.188,0.031,0.013,0.12,1.50,0.045,-0.014,0.944,-0.450,0.412,1.511
1744992799.16,-1,0.340,0.027,1.188,11,0.000,2.710,0.000,20,0.376,1.188,0.031,0.013,0.12,1.50,0.048,-0.011,0.993,-0.022,0.229,0.473
1744992799.16,-1,0.340,0.027,1.188,11,0.000,2.710,0.000,20,0.376,1.188,0.031,0.013,0.12,1.50,0.048,-0.011,0.993,-0.022,0.229,0.473
1744992799.17,-1,0.340,0.027,1.188,11,0.000,2.710,0.000,20,0.376,1.188,0.031,0.013,0.12,1.50,0.044,-0.026,0.962,0.069,0.656,0.107
1744992799.17,-1,0.340,0.027,1.188,11,0.000,2.710,0.000,20,0.376,1.188,0.031,0.013,0.12,1.50,0.044,-0.026,0.962,0.069,0.656,0.107
1744992799.18,-1,0.340,0.027,1.188,11,0.000,2.710,0.000,20,0.376,1.188,0.031,0.013,0.12,1.50,0.033,-0.024,0.968,0.374,-0.320,-0.748
1744992799.18,-1,0.340,0.027,1.188,11,0.000,2.710,0.000,20,0.376,1.188,0.031,0.013,0.12,1.50,0.019,-0.026,0.979,0.649,-0.259,-0.442
1744992799.19,-1,0.340,0.027,1.188,11,0.000,2.710,0.000,20,0.376,1.188,0.031,0.013,0.12,1.50,0.019,-0.026,0.979,0.649,-0.259,-0.442
1744992799.20,-1,0.340,0.027,1.188,11,0.000,2.710,0.000,20,0.376,1.188,0.031,0.013,0.12,1.50,0.015,-0.025,0.962,-0.083,0.626,0.626
1744992799.20,-1,0.340,0.027,1.188,11,0.000,2.710,0.000,20,0.376,1.188,0.031,0.013,0.12,1.50,0.015,-0.025,0.962,-0.083,0.626,0.626
1744992799.21,-1,0.340,0.027,1.188,11,0.000,2.710,0.000,20,0.376,1.188,0.031,0.013,0.12,1.50,0.017,-0.017,0.954,0.497,0.198,1.144
1744992799.21,-1,0.340,0.027,1.188,11,0.000,2.710,0.000,20,0.376,1.188,0.031,0.013,0.12,1.50,0.023,-0.007,0.980,0.008,0.290,1.816
1744992799.22,-1,0.340,0.027,1.188,11,0.000,2.710,0.000,20,0.376,1.188,0.031,0.013,0.12,1.50,0.023,-0.007,0.980,0.008,0.290,1.816
1744992799.23,-1,0.340,0.027,1.188,11,0.000,2.710,0.000,20,0.376,1.188,0.031,0.013,0.12,1.50,0.026,-0.013,0.962,-0.450,0.015,2.213
1744992799.23,-1,0.340,0.027,1.188,11,0.000,2.710,0.000,20,0.376,1.188,0.031,0.013,0.12,1.50,0.026,-0.013,0.962,-0.450,0.015,2.213
1744992799.24,-1,0.340,0.027,1.188,11,0.000,2.710,0.004,20,0.376,1.188,0.031,0.013,0.12,1.50,0.037,-0.016,0.972,-0.450,-0.259,1.846
1744992799.24,-1,0.340,0.027,1.188,11,0.000,2.710,0.004,20,0.376,1.188,0.031,0.013,0.12,1.50,0.041,-0.017,0.975,-0.297,0.381,0.992
1744992799.25,-1,0.340,0.027,1.188,11,0.000,2.710,0.004,20,0.376,1.188,0.031,0.013,0.12,1.50,0.041,-0.017,0.975,-0.297,0.381,0.992
1744992799.26,-1,0.340,0.027,1.188,11,0.000,2.710,0.004,20,0.376,1.188,0.031,0.013,0.12,1.50,0.035,-0.021,0.964,-0.144,0.229,0.229
1744992799.26,-1,0.340,0.027,1.188,11,0.000,2.710,0.004,20,0.376,1.188,0.031,0.013,0.12,1.50,0.035,-0.021,0.964,-0.144,0.229,0.229
1744992799.28,-1,0.340,0.027,1.188,11,0.000,2.710,0.000,20,0.376,1.188,0.031,0.013,0.12,1.50,0.042,-0.025,0.968,0.374,0.320,-0.503
1744992799.28,-1,0.340,0.027,1.188,11,0.000,2.710,0.000,20,0.376,1.188,0.031,0.013,0.12,1.50,0.021,-0.017,0.967,0.374,0.076,-0.595
1744992799.28,-1,0.340,0.027,1.188,11,0.000,2.710,0.000,20,0.376,1.188,0.031,0.013,0.12,1.50,0.021,-0.017,0.967,0.374,0.076,-0.595
1744992799.28,-1,0.340,0.027,1.188,11,0.000,2.710,0.000,20,0.376,1.188,0.031,0.013,0.12,1.50,0.025,-0.015,0.971,0.222,-0.290,-0.473
1744992799.30,-1,0.340,0.027,1.188,11,0.000,2.710,0.000,20,0.376,1.188,0.031,0.013,0.12,1.50,0.025,-0.015,0.971,0.222,-0.290,-0.473
1744992799.30,-1,0.340,0.027,1.188,11,0.000,2.710,0.000,20,0.376,1.188,0.031,0.013,0.12,1.50,0.020,-0.013,0.965,-0.114,0.137,0.137
1744992799.30,-1,0.340,0.027,1.188,11,0.000,2.710,0.000,20,0.376,1.188,0.031,0.013,0.12,1.50,0.020,-0.012,0.973,-0.022,0.229,0.656
1744992799.31,-1,0.340,0.027,1.188,11,0.000,2.710,0.000,20,0.376,1.188,0.031,0.013,0.12,1.50,0.020,-0.012,0.973,-0.022,0.229,0.656
1744992799.32,-1,0.340,0.027,1.188,11,0.000,2.710,0.000,20,0.376,1.188,0.031,0.013,0.12,1.50,0.029,-0.011,0.965,-0.511,0.229,1.083
1744992799.33,-1,0.340,0.027,1.188,11,0.000,2.710,0.000,20,0.376,1.188,0.031,0.013,0.12,1.50,0.029,-0.011,0.965,-0.511,0.229,1.083
1744992799.33,-1,0.340,0.027,1.188,11,0.000,2.710,0.000,20,0.376,1.188,0.032,0.013,0.12,1.50,0.026,-0.019,0.974,-0.419,0.412,1.022
1744992799.33,-1,0.340,0.027,1.188,11,0.000,2.710,0.000,20,0.376,1.188,0.032,0.013,0.12,1.50,0.038,-0.018,0.973,-0.144,-0.015,0.748
1744992799.34,-1,0.340,0.027,1.188,11,0.000,2.710,0.000,20,0.376,1.188,0.032,0.013,0.12,1.50,0.038,-0.018,0.973,-0.144,-0.015,0.748
1744992799.34,-1,0.340,0.027,1.188,11,0.000,2.710,0.000,20,0.376,1.188,0.032,0.013,0.12,1.50,0.034,-0.023,0.972,-0.114,0.046,0.168
# remark: robobot/cmd/ti/alive 2025-04-18 18:13:08.652491
1744992799.36,-1,0.340,0.027,1.188,11,0.000,2.710,0.000,20,0.376,1.188,0.032,0.013,0.12,1.50,0.034,-0.023,0.972,-0.114,0.046,0.168
1744992799.36,-1,0.340,0.027,1.188,11,0.000,2.710,0.000,20,0.376,1.188,0.031,0.013,0.11,1.50,0.034,-0.019,0.971,0.008,0.137,-0.229
1744992799.36,-1,0.340,0.027,1.188,11,0.000,2.710,0.000,20,0.376,1.188,0.031,0.013,0.11,1.50,0.039,-0.018,0.964,0.252,0.259,-0.809
1744992799.37,-1,0.340,0.027,1.188,11,0.000,2.710,0.000,20,0.376,1.188,0.031,0.013,0.11,1.50,0.039,-0.018,0.964,0.252,0.259,-0.809
1744992799.37,-1,0.340,0.027,1.188,11,0.000,2.710,0.000,20,0.376,1.188,0.031,0.013,0.11,1.50,0.028,-0.013,0.968,0.130,0.107,-0.870
1744992799.38,-1,0.340,0.027,1.188,11,0.000,2.710,0.000,20,0.376,1.188,0.031,0.013,0.11,1.50,0.028,-0.013,0.968,0.130,0.107,-0.870
1744992799.39,-1,0.340,0.027,1.188,11,0.000,2.710,0.000,20,0.376,1.188,0.031,0.013,0.11,1.50,0.026,-0.014,0.965,-0.144,0.168,-0.595
1744992799.39,-1,0.340,0.027,1.188,11,0.000,2.710,0.000,20,0.376,1.188,0.031,0.013,0.11,1.50,0.026,-0.013,0.967,0.069,-0.046,0.137
1744992799.40,-1,0.340,0.027,1.188,11,0.000,2.710,-0.004,20,0.376,1.188,0.031,0.013,0.11,1.50,0.026,-0.013,0.967,0.069,-0.046,0.137
# remark: robobot/cmd/ti/rc 0.0 0.0
# remark: robobot/cmd/T0/leds 16 0 0 0
1744992799.41,-1,0.340,0.027,1.188,11,0.000,2.710,-0.004,20,0.376,1.188,0.031,0.013,0.11,1.50,0.026,-0.019,0.966,-0.114,0.076,0.412
# remark: robobot/cmd/ti/rc 0.100 -2.195 1744992799.408109
1744992799.41,-1,0.340,0.027,1.188,11,0.473,-2.195,-0.004,20,0.376,1.188,0.031,0.013,0.11,1.50,0.026,-0.019,0.966,-0.114,0.076,0.412
# remark: robobot/cmd/ti/rc 0.100 -4.000 1744992799.420568
1744992799.42,-1,0.340,0.027,1.188,11,0.474,-4.077,-0.000,20,0.376,1.188,0.031,0.013,0.12,1.50,0.030,-0.022,0.972,-0.297,0.015,0.229
1744992799.42,-1,0.340,0.027,1.188,11,0.474,-4.077,-0.000,20,0.376,1.188,0.031,0.013,0.12,1.50,0.035,-0.026,0.969,-0.144,0.259,-0.046
# remark: robobot/cmd/ti/rc 0.100 -1.862 1744992799.4324841
1744992799.43,-1,0.340,0.027,1.188,11,0.473,-1.862,0.000,20,0.376,1.188,0.031,0.013,0.12,1.50,0.035,-0.026,0.969,-0.144,0.259,-0.046
1744992799.44,-1,0.340,0.027,1.188,11,0.473,-1.862,0.000,20,0.376,1.188,0.031,0.013,0.12,1.50,0.037,-0.023,0.975,0.222,0.137,-0.137
# remark: robobot/cmd/ti/rc 0.100 -0.065 1744992799.4378839
1744992799.44,-1,0.340,0.027,1.188,11,0.472,-0.065,0.000,20,0.376,1.188,0.031,0.013,0.12,1.50,0.037,-0.023,0.975,0.222,0.137,-0.137
# remark: robobot/cmd/ti/rc 0.100 -0.136 1744992799.454922
1744992799.46,-1,0.341,0.027,1.181,11,0.471,-0.136,0.000,20,0.376,1.181,0.031,0.006,0.12,1.50,0.020,-0.017,0.949,-0.053,-0.565,-0.565
1744992799.46,-1,0.341,0.027,1.175,11,0.471,-0.136,0.000,20,0.376,1.175,0.031,0.000,0.12,1.50,0.344,0.145,0.950,0.130,-1.480,-4.501
# remark: robobot/cmd/ti/rc 0.100 -0.097 1744992799.4638238
1744992799.46,-1,0.341,0.028,1.170,11,0.470,-0.097,0.835,20,0.377,1.170,0.033,-0.005,0.12,1.50,0.344,0.145,0.950,0.130,-1.480,-4.501
1744992799.46,-1,0.341,0.029,1.169,11,0.470,-0.097,0.835,20,0.377,1.169,0.033,-0.006,0.12,1.50,0.277,-0.023,1.096,9.255,-6.912,-16.159
# remark: robobot/cmd/ti/rc 0.100 -0.137 1744992799.4699461
1744992799.47,-1,0.341,0.029,1.169,11,0.471,-0.137,0.835,20,0.377,1.169,0.033,-0.006,0.12,1.50,0.277,-0.023,1.096,9.255,-6.912,-16.159
# remark: robobot/cmd/ti/rc 0.100 -0.140 1744992799.482293
1744992799.48,-1,0.341,0.029,1.173,11,0.470,-0.140,0.365,20,0.378,1.173,0.034,-0.002,0.11,1.50,0.109,-0.073,1.158,-5.149,10.452,-19.180
1744992799.48,-1,0.341,0.029,1.174,11,0.470,-0.140,0.365,20,0.378,1.174,0.034,-0.001,0.11,1.50,-0.019,-0.021,0.664,0.985,2.487,-13.046
# remark: robobot/cmd/ti/rc 0.100 -0.114 1744992799.490415
1744992799.49,-1,0.341,0.029,1.175,11,0.470,-0.114,-0.157,20,0.379,1.175,0.034,0.000,0.11,1.50,-0.019,-0.021,0.664,0.985,2.487,-13.046
1744992799.50,-1,0.341,0.029,1.174,11,0.470,-0.114,-0.157,20,0.379,1.174,0.034,-0.001,0.11,1.50,-0.031,-0.095,1.037,-0.572,-10.300,-7.584
# remark: robobot/cmd/ti/rc 0.100 -0.127 1744992799.4995599
1744992799.50,-1,0.341,0.029,1.174,11,0.469,-0.127,-0.157,20,0.379,1.174,0.034,-0.001,0.11,1.50,-0.031,-0.095,1.037,-0.572,-10.300,-7.584
# remark: robobot/cmd/ti/rc 0.100 -0.132 1744992799.510769
1744992799.51,-1,0.342,0.030,1.170,11,0.469,-0.132,-0.013,20,0.379,1.170,0.035,-0.005,0.12,1.50,-0.031,-0.140,1.224,-2.159,7.339,-0.656
1744992799.51,-1,0.342,0.030,1.168,11,0.469,-0.132,-0.013,20,0.379,1.168,0.035,-0.007,0.12,1.50,0.278,0.109,0.472,-2.220,-3.922,-1.022
# remark: robobot/cmd/ti/rc 0.100 -0.152 1744992799.518581
1744992799.52,-1,0.342,0.030,1.168,11,0.469,-0.152,0.274,20,0.380,1.168,0.036,-0.007,0.12,1.50,0.278,0.109,0.472,-2.220,-3.922,-1.022
1744992799.53,-1,0.342,0.030,1.169,11,0.469,-0.152,0.274,20,0.380,1.169,0.036,-0.006,0.12,1.50,0.110,-0.080,1.147,1.015,-6.271,-5.997
# remark: robobot/cmd/ti/rc 0.100 -0.135 1744992799.529533
1744992799.53,-1,0.342,0.030,1.169,11,0.469,-0.135,0.274,20,0.380,1.169,0.036,-0.006,0.12,1.50,0.110,-0.080,1.147,1.015,-6.271,-5.997
# remark: robobot/cmd/ti/rc 0.100 -0.101 1744992799.553356
1744992799.55,-1,0.342,0.031,1.168,11,0.467,-0.101,0.161,20,0.381,1.168,0.036,-0.007,0.12,1.50,0.121,-0.095,0.968,-4.173,11.246,-3.128
1744992799.55,-1,0.342,0.031,1.167,11,0.467,-0.101,0.161,20,0.381,1.167,0.036,-0.008,0.12,1.50,0.135,0.025,0.779,2.419,-4.074,-7.461
# remark: robobot/cmd/ti/rc 0.100 -0.108 1744992799.554454
1744992799.55,-1,0.342,0.031,1.166,11,0.467,-0.108,0.096,20,0.381,1.166,0.037,-0.009,0.12,1.50,0.135,0.025,0.779,2.419,-4.074,-7.461
1744992799.57,-1,0.343,0.032,1.166,11,0.467,-0.108,0.096,20,0.381,1.166,0.037,-0.009,0.12,1.50,0.037,-0.088,1.151,-0.755,-1.755,-6.058
# remark: robobot/cmd/ti/rc 0.100 -0.143 1744992799.566536
1744992799.57,-1,0.343,0.032,1.166,11,0.467,-0.143,0.096,20,0.381,1.166,0.037,-0.009,0.12,1.50,0.037,-0.088,1.151,-0.755,-1.755,-6.058
# remark: robobot/cmd/ti/rc 0.100 -0.147 1744992799.572119
1744992799.57,-1,0.343,0.033,1.166,11,0.467,-0.147,0.091,20,0.382,1.166,0.038,-0.009,0.12,1.50,0.196,0.050,0.850,0.832,4.074,-6.424
1744992799.57,-1,0.343,0.033,1.166,11,0.467,-0.147,0.091,20,0.382,1.166,0.038,-0.009,0.12,1.50,0.208,0.006,1.026,0.252,-5.203,-4.898
# remark: robobot/cmd/ti/rc 0.100 -0.151 1744992799.580756
1744992799.58,-1,0.343,0.034,1.166,11,0.467,-0.151,0.017,20,0.384,1.166,0.039,-0.009,0.12,1.50,0.208,0.006,1.026,0.252,-5.203,-4.898
1744992799.59,-1,0.344,0.034,1.165,11,0.467,-0.151,0.017,20,0.384,1.165,0.039,-0.010,0.12,1.50,0.071,-0.007,1.085,0.039,8.011,-2.579
# remark: robobot/cmd/ti/rc 0.100 -0.062 1744992799.591965
1744992799.59,-1,0.344,0.034,1.165,11,0.462,-0.062,0.017,20,0.384,1.165,0.039,-0.010,0.12,1.50,0.071,-0.007,1.085,0.039,8.011,-2.579
# remark: robobot/cmd/ti/rc 0.100 -0.110 1744992799.5985248
1744992799.60,-1,0.344,0.035,1.162,11,0.465,-0.110,0.087,20,0.385,1.162,0.040,-0.013,0.12,1.50,0.192,0.049,0.834,-2.860,-4.013,-3.769
1744992799.60,-1,0.344,0.035,1.162,11,0.465,-0.110,0.087,20,0.385,1.162,0.040,-0.013,0.12,1.50,0.042,-0.013,1.219,-0.144,0.748,-2.640
# remark: robobot/cmd/ti/rc 0.100 -0.189 1744992799.615333
1744992799.62,-1,0.344,0.036,1.162,11,0.464,-0.189,0.113,20,0.386,1.162,0.042,-0.013,0.12,1.50,0.042,-0.013,1.219,-0.144,0.748,-2.640
1744992799.62,-1,0.345,0.037,1.161,11,0.464,-0.189,0.113,20,0.386,1.161,0.042,-0.014,0.12,1.50,0.176,-0.031,0.740,-0.999,4.196,-3.891
# remark: robobot/cmd/ti/rc 0.100 -0.103 1744992799.626542
1744992799.63,-1,0.345,0.037,1.161,11,0.462,-0.103,0.113,20,0.386,1.161,0.042,-0.014,0.12,1.50,0.176,-0.031,0.740,-0.999,4.196,-3.891
# remark: robobot/cmd/ti/rc 0.100 -0.162 1744992799.631962
1744992799.63,-1,0.345,0.038,1.161,11,0.464,-0.162,0.039,20,0.388,1.161,0.043,-0.014,0.12,1.50,0.090,-0.014,0.980,-2.189,-1.755,-4.593
1744992799.63,-1,0.345,0.038,1.161,11,0.464,-0.162,0.039,20,0.388,1.161,0.043,-0.014,0.12,1.50,0.072,-0.066,1.088,1.656,1.968,-4.349
# remark: robobot/cmd/ti/rc 0.100 -0.167 1744992799.64172
1744992799.64,-1,0.346,0.039,1.160,11,0.463,-0.167,0.117,20,0.390,1.160,0.045,-0.015,0.12,1.50,0.072,-0.066,1.088,1.656,1.968,-4.349
1744992799.65,-1,0.346,0.040,1.159,11,0.463,-0.167,0.117,20,0.390,1.159,0.045,-0.016,0.12,1.50,0.180,-0.010,0.938,-1.914,-1.175,-5.661
# remark: robobot/cmd/ti/rc 0.100 -0.080 1744992799.653887
1744992799.65,-1,0.346,0.040,1.159,11,0.460,-0.080,0.117,20,0.390,1.159,0.045,-0.016,0.12,1.50,0.180,-0.010,0.938,-1.914,-1.175,-5.661
# remark: robobot/cmd/ti/rc 0.100 -0.151 1744992799.662696
1744992799.66,-1,0.346,0.041,1.155,11,0.462,-0.151,0.161,20,0.391,1.155,0.047,-0.020,0.11,1.50,0.093,-0.034,1.055,0.313,2.365,-5.142
1744992799.66,-1,0.347,0.041,1.154,11,0.462,-0.151,0.161,20,0.391,1.154,0.047,-0.021,0.11,1.50,0.029,-0.056,0.786,1.687,3.128,-2.792
# remark: robobot/cmd/ti/rc 0.100 -0.163 1744992799.668455
1744992799.67,-1,0.347,0.042,1.152,11,0.460,-0.163,0.265,20,0.393,1.152,0.048,-0.023,0.11,1.50,0.029,-0.056,0.786,1.687,3.128,-2.792
1744992799.67,-1,0.347,0.043,1.152,11,0.460,-0.163,0.265,20,0.393,1.152,0.048,-0.023,0.11,1.50,0.051,0.068,0.973,-3.532,1.205,-9.445
# remark: robobot/cmd/ti/rc 0.100 -0.103 1744992799.678123
1744992799.68,-1,0.347,0.043,1.152,11,0.459,-0.103,0.265,20,0.393,1.152,0.048,-0.023,0.11,1.50,0.051,0.068,0.973,-3.532,1.205,-9.445
# remark: robobot/cmd/ti/rc 0.100 -0.120 1744992799.697428
1744992799.70,-1,0.348,0.044,1.152,11,0.458,-0.120,0.070,20,0.395,1.152,0.050,-0.023,0.11,1.50,0.064,0.008,1.075,2.999,-0.107,-9.933
1744992799.70,-1,0.348,0.045,1.152,11,0.458,-0.120,0.070,20,0.395,1.152,0.050,-0.023,0.11,1.50,0.040,-0.032,0.858,1.351,-0.687,-6.363
# remark: robobot/cmd/ti/rc 0.100 -0.116 1744992799.7058098
1744992799.71,-1,0.348,0.045,1.149,11,0.457,-0.116,0.078,20,0.397,1.149,0.052,-0.026,0.11,1.50,0.040,-0.032,0.858,1.351,-0.687,-6.363
1744992799.71,-1,0.349,0.047,1.148,11,0.457,-0.116,0.078,20,0.397,1.148,0.052,-0.027,0.11,1.50,0.022,-0.035,0.958,-4.325,-0.137,-5.020
# remark: robobot/cmd/ti/rc 0.100 -0.143 1744992799.714438
1744992799.71,-1,0.349,0.047,1.148,11,0.457,-0.143,0.078,20,0.397,1.148,0.052,-0.027,0.11,1.50,0.022,-0.035,0.958,-4.325,-0.137,-5.020
# remark: robobot/cmd/ti/rc 0.100 -0.135 1744992799.722429
1744992799.72,-1,0.350,0.048,1.148,11,0.456,-0.135,0.135,20,0.399,1.148,0.054,-0.027,0.11,1.50,0.026,0.043,1.048,1.259,3.464,-6.241
1744992799.74,-1,0.350,0.048,1.148,11,0.456,-0.135,0.135,20,0.399,1.148,0.054,-0.027,0.11,1.50,0.032,-0.065,0.864,0.191,0.198,-6.973
# remark: robobot/cmd/ti/rc 0.100 -0.128 1744992799.73632
1744992799.74,-1,0.350,0.049,1.148,11,0.455,-0.128,0.022,20,0.401,1.148,0.056,-0.027,0.11,1.50,0.032,-0.065,0.864,0.191,0.198,-6.973
1744992799.74,-1,0.351,0.050,1.147,11,0.455,-0.128,0.022,20,0.401,1.147,0.056,-0.028,0.11,1.50,0.047,-0.048,0.997,-2.738,1.114,-5.691
# remark: robobot/cmd/ti/rc 0.100 -0.146 1744992799.743755
1744992799.74,-1,0.351,0.050,1.147,11,0.454,-0.146,0.022,20,0.401,1.147,0.056,-0.028,0.11,1.50,0.047,-0.048,0.997,-2.738,1.114,-5.691
# remark: robobot/cmd/ti/rc 0.100 -0.124 1744992799.75329
1744992799.75,-1,0.351,0.051,1.146,11,0.452,-0.124,0.122,20,0.402,1.146,0.058,-0.029,0.11,1.50,0.015,-0.012,1.010,-0.907,4.410,-5.997
1744992799.75,-1,0.351,0.052,1.146,11,0.452,-0.124,0.122,20,0.402,1.146,0.058,-0.029,0.11,1.50,-0.019,-0.043,0.881,1.320,0.381,-8.865
# remark: robobot/cmd/ti/rc 0.100 -0.101 1744992799.760957
1744992799.76,-1,0.352,0.052,1.145,11,0.451,-0.101,0.065,20,0.404,1.145,0.060,-0.030,0.11,1.50,-0.019,-0.043,0.881,1.320,0.381,-8.865
1744992799.77,-1,0.352,0.054,1.144,11,0.451,-0.101,0.065,20,0.404,1.144,0.060,-0.031,0.11,1.50,-0.019,-0.024,0.989,-1.762,-0.381,-9.659
# remark: robobot/cmd/ti/rc 0.100 -0.134 1744992799.7719839
1744992799.77,-1,0.352,0.054,1.144,11,0.451,-0.134,0.065,20,0.404,1.144,0.060,-0.031,0.11,1.50,-0.019,-0.024,0.989,-1.762,-0.381,-9.659
# remark: robobot/cmd/ti/rc 0.100 -0.134 1744992799.782343
1744992799.78,-1,0.353,0.055,1.141,11,0.449,-0.134,0.130,20,0.406,1.141,0.062,-0.034,0.11,1.50,0.072,0.020,1.035,-0.907,1.053,-7.919
1744992799.78,-1,0.353,0.055,1.141,11,0.449,-0.134,0.130,20,0.406,1.141,0.062,-0.034,0.11,1.50,0.002,-0.014,0.931,-0.388,2.640,-8.621
# remark: robobot/cmd/ti/rc 0.100 -0.132 1744992799.789151
1744992799.79,-1,0.353,0.056,1.141,11,0.449,-0.132,0.091,20,0.408,1.141,0.064,-0.034,0.11,1.50,0.002,-0.014,0.931,-0.388,2.640,-8.621
1744992799.80,-1,0.354,0.057,1.140,11,0.449,-0.132,0.091,20,0.408,1.140,0.064,-0.035,0.11,1.50,-0.064,-0.008,1.008,-2.159,3.281,-8.621
# remark: robobot/cmd/ti/rc 0.100 -0.115 1744992799.8001459
1744992799.80,-1,0.354,0.057,1.140,11,0.446,-0.115,0.091,20,0.408,1.140,0.064,-0.035,0.11,1.50,-0.064,-0.008,1.008,-2.159,3.281,-8.621
# remark: robobot/cmd/ti/rc 0.100 -0.103 1744992799.808894
1744992799.81,-1,0.354,0.058,1.139,11,0.445,-0.103,0.091,20,0.410,1.139,0.065,-0.036,0.11,1.50,0.018,-0.036,0.942,-1.792,1.663,-7.797
1744992799.82,-1,0.354,0.058,1.138,11,0.445,-0.103,0.091,20,0.410,1.138,0.065,-0.037,0.11,1.50,0.000,0.009,1.065,-0.297,0.870,-8.316
# remark: robobot/cmd/ti/rc 0.100 -0.090 1744992799.8254
1744992799.83,-1,0.354,0.059,1.139,11,0.441,-0.090,0.104,20,0.411,1.139,0.067,-0.036,0.11,1.50,0.000,0.009,1.065,-0.297,0.870,-8.316
1744992799.83,-1,0.355,0.060,1.137,11,0.441,-0.090,0.104,20,0.411,1.137,0.067,-0.038,0.11,1.50,-0.044,-0.056,0.971,-0.785,3.586,-8.438
# remark: robobot/cmd/ti/rc 0.100 -0.060 1744992799.834021
1744992799.83,-1,0.355,0.060,1.137,11,0.439,-0.060,0.104,20,0.411,1.137,0.067,-0.038,0.11,1.50,-0.044,-0.056,0.971,-0.785,3.586,-8.438
# remark: robobot/cmd/ti/rc 0.100 -0.126 1744992799.839614
1744992799.84,-1,0.355,0.061,1.136,11,0.439,-0.126,0.135,20,0.413,1.136,0.069,-0.039,0.11,1.50,0.036,0.051,0.867,1.076,-0.931,-11.764
1744992799.84,-1,0.356,0.061,1.135,11,0.439,-0.126,0.135,20,0.413,1.135,0.069,-0.040,0.11,1.50,0.001,-0.047,1.022,-1.060,-1.175,-10.178
# remark: robobot/cmd/ti/rc 0.100 -0.137 1744992799.851043
1744992799.85,-1,0.356,0.062,1.135,11,0.437,-0.137,0.126,20,0.415,1.135,0.070,-0.040,0.11,1.50,0.001,-0.047,1.022,-1.060,-1.175,-10.178
1744992799.86,-1,0.356,0.063,1.133,11,0.437,-0.137,0.126,20,0.415,1.133,0.070,-0.042,0.11,1.50,-0.003,-0.062,1.007,-1.670,4.440,-10.147
# remark: robobot/cmd/ti/rc 0.100 -0.124 1744992799.8677602
1744992799.87,-1,0.356,0.063,1.133,11,0.436,-0.124,0.126,20,0.415,1.133,0.070,-0.042,0.11,1.50,-0.003,-0.062,1.007,-1.670,4.440,-10.147
# remark: robobot/cmd/ti/rc 0.100 -0.118 1744992799.869217
1744992799.87,-1,0.357,0.064,1.132,11,0.434,-0.118,0.113,20,0.416,1.132,0.072,-0.043,0.11,1.50,0.021,0.004,0.990,1.534,-1.846,-7.828
1744992799.88,-1,0.357,0.064,1.131,11,0.434,-0.118,0.113,20,0.416,1.131,0.072,-0.044,0.11,1.50,-0.016,0.011,0.906,-1.914,2.792,-10.757
# remark: robobot/cmd/ti/alive 2025-04-18 18:13:08.652491
# remark: robobot/cmd/ti/rc 0.100 -0.133 1744992799.880954
1744992799.88,-1,0.357,0.064,1.130,11,0.434,-0.133,0.139,20,0.418,1.130,0.073,-0.045,0.11,1.50,-0.016,0.011,0.906,-1.914,2.792,-10.757
1744992799.89,-1,0.358,0.065,1.129,11,0.434,-0.133,0.139,20,0.418,1.129,0.073,-0.046,0.11,1.50,0.021,-0.053,0.947,0.344,-3.159,-9.903
# remark: robobot/cmd/ti/rc 0.100 -0.156 1744992799.89252
1744992799.89,-1,0.358,0.065,1.129,11,0.433,-0.156,0.139,20,0.418,1.129,0.073,-0.046,0.11,1.50,0.021,-0.053,0.947,0.344,-3.159,-9.903
# remark: robobot/cmd/ti/rc 0.100 -0.143 1744992799.901886
1744992799.90,-1,0.358,0.066,1.129,11,0.432,-0.143,0.135,20,0.419,1.129,0.075,-0.046,0.11,1.50,0.030,-0.029,1.036,1.534,-0.259,-11.612
1744992799.90,-1,0.358,0.067,1.128,11,0.432,-0.143,0.135,20,0.419,1.128,0.075,-0.047,0.11,1.50,0.033,-0.087,0.990,-1.457,-0.259,-7.309
# remark: robobot/cmd/ti/rc 0.100 1.699 1744992799.910089
1744992799.91,-1,0.358,0.067,1.126,11,0.331,1.699,0.117,20,0.421,1.126,0.076,-0.049,0.11,1.50,0.033,-0.087,0.990,-1.457,-0.259,-7.309
1744992799.92,-1,0.359,0.068,1.125,11,0.331,1.699,0.117,20,0.421,1.125,0.076,-0.050,0.11,1.50,-0.052,0.005,0.958,1.687,1.175,-10.513
# remark: robobot/cmd/ti/rc 0.100 1.901 1744992799.9248068
1744992799.93,-1,0.359,0.068,1.125,11,0.326,1.901,0.117,20,0.421,1.125,0.076,-0.050,0.11,1.50,-0.052,0.005,0.958,1.687,1.175,-10.513
# remark: robobot/cmd/ti/rc 0.100 -0.153 1744992799.931947
1744992799.93,-1,0.359,0.069,1.124,11,0.324,-0.153,0.152,20,0.422,1.124,0.078,-0.051,0.12,1.50,0.094,0.053,0.854,0.863,-1.602,-10.269
1744992799.93,-1,0.360,0.069,1.124,11,0.324,-0.153,0.152,20,0.422,1.124,0.078,-0.051,0.12,1.50,-0.030,-0.012,1.136,1.443,1.175,-12.955
# remark: robobot/cmd/ti/rc 0.100 -0.062 1744992799.943669
1744992799.94,-1,0.360,0.070,1.125,11,0.324,-0.062,0.000,20,0.424,1.125,0.079,-0.050,0.12,1.50,-0.030,-0.012,1.136,1.443,1.175,-12.955
1744992799.95,-1,0.360,0.071,1.133,11,0.324,-0.062,0.000,20,0.424,1.133,0.079,-0.042,0.12,1.50,-0.080,-0.177,0.946,-2.830,1.419,-5.051
# remark: robobot/cmd/ti/rc 0.100 -0.230 1744992799.949428
1744992799.95,-1,0.360,0.071,1.133,11,0.328,-0.230,0.000,20,0.424,1.133,0.079,-0.042,0.12,1.50,-0.080,-0.177,0.946,-2.830,1.419,-5.051
# remark: robobot/cmd/ti/rc 0.100 -0.058 1744992799.961102
1744992799.96,-1,0.360,0.071,1.139,11,0.319,-0.058,-0.517,20,0.426,1.139,0.081,-0.036,0.12,1.50,0.023,-0.052,1.016,2.511,-0.961,-3.006
1744992799.96,-1,0.361,0.072,1.140,11,0.319,-0.058,-0.517,20,0.426,1.140,0.081,-0.035,0.12,1.50,0.028,-0.085,1.017,-0.083,-1.968,8.926
# remark: robobot/cmd/ti/rc 0.100 0.102 1744992799.978621
1744992799.98,-1,0.361,0.072,1.138,11,0.315,0.102,-0.313,20,0.427,1.138,0.082,-0.037,0.12,1.50,0.028,-0.085,1.017,-0.083,-1.968,8.926
1744992799.98,-1,0.361,0.072,1.132,11,0.315,0.102,-0.313,20,0.427,1.132,0.082,-0.043,0.12,1.50,0.062,0.044,0.947,-0.663,5.020,6.729
# remark: robobot/cmd/ti/rc 0.100 -0.120 1744992799.984544
1744992799.98,-1,0.361,0.072,1.132,11,0.317,-0.120,-0.313,20,0.427,1.132,0.082,-0.043,0.12,1.50,0.062,0.044,0.947,-0.663,5.020,6.729
# remark: robobot/cmd/ti/rc 0.100 -0.162 1744992799.992486
1744992799.99,-1,0.361,0.073,1.125,11,0.316,-0.162,0.457,20,0.428,1.125,0.084,-0.050,0.13,1.50,0.079,0.190,1.279,-2.403,2.213,2.091
1744992799.99,-1,0.362,0.074,1.123,11,0.316,-0.162,0.457,20,0.428,1.123,0.084,-0.052,0.13,1.50,-0.123,0.068,0.979,3.945,4.959,-14.236
# remark: robobot/cmd/ti/rc 0.100 -0.042 1744992800.001087
1744992800.00,-1,0.362,0.074,1.122,11,0.312,-0.042,0.513,20,0.430,1.122,0.085,-0.053,0.13,1.50,-0.123,0.068,0.979,3.945,4.959,-14.236
1744992800.01,-1,0.362,0.075,1.122,11,0.312,-0.042,0.513,20,0.430,1.122,0.085,-0.053,0.13,1.50,0.062,-0.057,0.730,0.680,-11.002,-20.370
# remark: robobot/cmd/ti/rc 0.100 -0.069 1744992800.012697
1744992800.01,-1,0.362,0.075,1.122,11,0.312,-0.069,0.513,20,0.430,1.122,0.085,-0.053,0.13,1.50,0.062,-0.057,0.730,0.680,-11.002,-20.370
# remark: robobot/cmd/ti/rc 0.100 -0.080 1744992800.01928
1744992800.02,-1,0.363,0.076,1.122,11,0.308,-0.080,0.039,20,0.431,1.122,0.087,-0.053,0.13,1.50,-0.015,-0.114,1.248,2.144,-0.229,-16.434
1744992800.03,-1,0.363,0.077,1.123,11,0.308,-0.080,0.039,20,0.431,1.123,0.087,-0.052,0.13,1.50,-0.069,-0.113,0.797,-1.121,7.401,-9.048
# remark: robobot/cmd/ti/rc 0.100 0.028 1744992800.0307279
1744992800.03,-1,0.363,0.077,1.123,11,0.303,0.028,-0.030,20,0.433,1.123,0.088,-0.052,0.13,1.50,-0.069,-0.113,0.797,-1.121,7.401,-9.048
1744992800.04,-1,0.363,0.078,1.119,11,0.303,0.028,-0.030,20,0.433,1.119,0.088,-0.056,0.13,1.50,-0.001,-0.003,0.800,0.435,-8.835,-3.525
# remark: robobot/cmd/ti/rc 0.100 -0.039 1744992800.0422049
1744992800.04,-1,0.363,0.078,1.119,11,0.303,-0.039,-0.030,20,0.433,1.119,0.088,-0.056,0.13,1.50,-0.001,-0.003,0.800,0.435,-8.835,-3.525
# remark: robobot/cmd/ti/rc 0.100 -0.059 1744992800.0514948
1744992800.05,-1,0.364,0.078,1.118,11,0.298,-0.059,0.074,20,0.434,1.118,0.089,-0.057,0.14,1.50,-0.035,-0.084,1.035,-0.450,0.046,1.175
1744992800.05,-1,0.364,0.079,1.116,11,0.298,-0.059,0.074,20,0.434,1.116,0.089,-0.059,0.14,1.50,0.137,0.079,0.817,-3.471,6.210,1.968
# remark: robobot/cmd/ti/rc 0.100 -0.089 1744992800.060184
1744992800.06,-1,0.364,0.079,1.116,11,0.300,-0.089,0.235,20,0.435,1.116,0.090,-0.059,0.14,1.50,0.137,0.079,0.817,-3.471,6.210,1.968
1744992800.07,-1,0.364,0.079,1.117,11,0.300,-0.089,0.235,20,0.435,1.117,0.090,-0.058,0.14,1.50,0.045,-0.048,1.039,-0.388,-5.173,-3.769
# remark: robobot/cmd/ti/rc 0.100 -0.138 1744992800.0704188
1744992800.07,-1,0.364,0.079,1.117,11,0.297,-0.138,0.235,20,0.435,1.117,0.090,-0.058,0.14,1.50,0.045,-0.048,1.039,-0.388,-5.173,-3.769
# remark: robobot/cmd/ti/rc 0.100 -0.110 1744992800.079854
1744992800.08,-1,0.365,0.080,1.117,11,0.298,-0.110,-0.009,20,0.436,1.117,0.092,-0.058,0.14,1.50,0.056,-0.081,1.089,0.619,2.609,-4.105
1744992800.09,-1,0.365,0.081,1.118,11,0.298,-0.110,-0.009,20,0.436,1.118,0.092,-0.057,0.14,1.50,0.088,-0.025,0.779,-1.090,-2.701,-5.966
# remark: robobot/cmd/ti/rc 0.100 -0.116 1744992800.090954
1744992800.09,-1,0.365,0.081,1.118,11,0.295,-0.116,-0.052,20,0.438,1.118,0.093,-0.057,0.14,1.50,0.088,-0.025,0.779,-1.090,-2.701,-5.966
1744992800.10,-1,0.366,0.082,1.117,11,0.295,-0.116,-0.052,20,0.438,1.117,0.093,-0.058,0.14,1.50,0.027,-0.037,1.107,1.656,-2.060,-6.271
# remark: robobot/cmd/ti/rc 0.100 -0.044 1744992800.103418
1744992800.10,-1,0.366,0.082,1.117,11,0.293,-0.044,-0.052,20,0.438,1.117,0.093,-0.058,0.14,1.50,0.027,-0.037,1.107,1.656,-2.060,-6.271
# remark: robobot/cmd/ti/rc 0.100 -0.066 1744992800.11303
1744992800.11,-1,0.366,0.083,1.116,11,0.291,-0.066,0.043,20,0.439,1.116,0.095,-0.059,0.15,1.50,0.103,0.028,0.939,1.015,1.694,-8.469
1744992800.11,-1,0.366,0.083,1.114,11,0.291,-0.066,0.043,20,0.439,1.114,0.095,-0.061,0.15,1.50,0.090,0.075,0.993,-0.724,-0.748,-8.743
# remark: robobot/cmd/ti/rc 0.100 -0.109 1744992800.120158
1744992800.12,-1,0.366,0.084,1.115,11,0.291,-0.109,0.135,20,0.440,1.115,0.096,-0.060,0.15,1.50,0.090,0.075,0.993,-0.724,-0.748,-8.743
1744992800.13,-1,0.367,0.084,1.113,11,0.291,-0.109,0.135,20,0.440,1.113,0.096,-0.062,0.15,1.50,0.023,-0.020,0.992,0.741,0.687,-9.354
# remark: robobot/cmd/ti/rc 0.100 -0.135 1744992800.1313589
1744992800.13,-1,0.367,0.084,1.113,11,0.290,-0.135,0.135,20,0.440,1.113,0.096,-0.062,0.15,1.50,0.023,-0.020,0.992,0.741,0.687,-9.354
# remark: robobot/cmd/ti/rc 0.100 -0.048 1744992800.138088
1744992800.14,-1,0.367,0.085,1.110,11,0.286,-0.048,0.157,20,0.442,1.110,0.097,-0.065,0.16,1.50,0.085,0.043,0.904,-2.159,-0.198,-5.997
1744992800.14,-1,0.367,0.086,1.110,11,0.286,-0.048,0.157,20,0.442,1.110,0.097,-0.065,0.16,1.50,-0.046,-0.073,0.965,-1.365,0.595,-3.860
# remark: robobot/cmd/ti/rc 0.100 -0.057 1744992800.1495
1744992800.15,-1,0.368,0.086,1.110,11,0.285,-0.057,0.152,20,0.443,1.110,0.098,-0.065,0.16,1.50,-0.046,-0.073,0.965,-1.365,0.595,-3.860
1744992800.16,-1,0.368,0.087,1.109,11,0.285,-0.057,0.152,20,0.443,1.109,0.098,-0.066,0.16,1.50,0.142,0.042,0.902,-1.975,-1.144,-4.013
# remark: robobot/cmd/ti/rc 0.100 -0.098 1744992800.158098
1744992800.16,-1,0.368,0.087,1.109,11,0.283,-0.098,0.152,20,0.443,1.109,0.098,-0.066,0.16,1.50,0.142,0.042,0.902,-1.975,-1.144,-4.013
# remark: robobot/cmd/ti/rc 0.100 -0.119 1744992800.170395
1744992800.17,-1,0.369,0.088,1.109,11,0.284,-0.119,0.061,20,0.444,1.109,0.100,-0.066,0.17,1.50,-0.001,-0.120,1.053,-1.518,1.633,-5.630
1744992800.17,-1,0.369,0.088,1.109,11,0.284,-0.119,0.061,20,0.444,1.109,0.100,-0.066,0.17,1.50,0.073,-0.043,0.952,0.435,0.626,-5.112
# remark: robobot/cmd/ti/rc 0.100 -0.141 1744992800.184675
1744992800.19,-1,0.369,0.089,1.109,11,0.283,-0.141,-0.022,20,0.446,1.109,0.101,-0.066,0.17,1.50,0.073,-0.043,0.952,0.435,0.626,-5.112
1744992800.19,-1,0.369,0.090,1.108,11,0.283,-0.141,-0.022,20,0.446,1.108,0.101,-0.067,0.17,1.50,0.003,-0.065,0.917,-0.785,-1.022,-4.135
# remark: robobot/cmd/ti/rc 0.100 -0.077 1744992800.190258
1744992800.19,-1,0.369,0.090,1.108,11,0.280,-0.077,-0.022,20,0.446,1.108,0.101,-0.067,0.17,1.50,0.003,-0.065,0.917,-0.785,-1.022,-4.135
# remark: robobot/cmd/ti/rc 0.100 -0.066 1744992800.198294
1744992800.20,-1,0.370,0.091,1.107,11,0.278,-0.066,0.087,20,0.448,1.107,0.103,-0.068,0.18,1.50,0.068,0.020,1.028,1.595,-1.144,-6.454
1744992800.20,-1,0.370,0.091,1.106,11,0.278,-0.066,0.087,20,0.448,1.106,0.103,-0.069,0.18,1.50,0.094,0.059,1.015,1.137,1.175,-8.285
# remark: robobot/cmd/ti/rc 0.100 -0.119 1744992800.2088
1744992800.21,-1,0.370,0.091,1.106,11,0.279,-0.119,0.130,20,0.449,1.106,0.105,-0.069,0.18,1.50,0.094,0.059,1.015,1.137,1.175,-8.285
1744992800.22,-1,0.371,0.092,1.103,11,0.279,-0.119,0.130,20,0.449,1.103,0.105,-0.072,0.18,1.50,-0.001,0.030,0.984,-1.914,3.311,-7.950
# remark: robobot/cmd/ti/rc 0.100 -0.123 1744992800.221174
1744992800.22,-1,0.371,0.092,1.103,11,0.276,-0.123,0.130,20,0.449,1.103,0.105,-0.072,0.18,1.50,-0.001,0.030,0.984,-1.914,3.311,-7.950
# remark: robobot/cmd/ti/rc 0.100 -0.062 1744992800.232036
1744992800.23,-1,0.371,0.093,1.103,11,0.274,-0.062,0.152,20,0.451,1.103,0.106,-0.072,0.19,1.50,-0.007,-0.019,0.822,0.863,-0.290,-11.398
1744992800.23,-1,0.371,0.094,1.102,11,0.274,-0.062,0.152,20,0.451,1.102,0.106,-0.073,0.19,1.50,0.016,-0.062,1.020,0.649,-1.755,-6.729
# remark: robobot/cmd/ti/rc 0.100 -0.066 1744992800.240639
1744992800.24,-1,0.372,0.094,1.103,11,0.272,-0.066,0.074,20,0.452,1.103,0.108,-0.072,0.19,1.50,0.016,-0.062,1.020,0.649,-1.755,-6.729
1744992800.25,-1,0.372,0.095,1.101,11,0.272,-0.066,0.074,20,0.452,1.101,0.108,-0.074,0.19,1.50,0.014,-0.104,1.023,-1.212,2.335,-4.257
# remark: robobot/cmd/ti/rc 0.100 -0.091 1744992800.249426
1744992800.25,-1,0.372,0.095,1.101,11,0.271,-0.091,0.074,20,0.452,1.101,0.108,-0.074,0.19,1.50,0.014,-0.104,1.023,-1.212,2.335,-4.257
# remark: robobot/cmd/ti/rc 0.100 -0.084 1744992800.266544
1744992800.27,-1,0.373,0.096,1.101,11,0.268,-0.084,0.070,20,0.454,1.101,0.109,-0.074,0.21,1.50,0.037,-0.006,1.079,-0.846,-1.114,-2.914
1744992800.27,-1,0.373,0.097,1.101,11,0.268,-0.084,0.070,20,0.454,1.101,0.109,-0.074,0.21,1.50,-0.030,0.011,0.892,0.283,2.823,-5.722
# remark: robobot/cmd/ti/rc 0.100 -0.049 1744992800.2746298
1744992800.28,-1,0.373,0.097,1.100,11,0.266,-0.049,0.057,20,0.455,1.100,0.111,-0.075,0.21,1.50,-0.030,0.011,0.892,0.283,2.823,-5.722
1744992800.28,-1,0.374,0.098,1.100,11,0.266,-0.049,0.057,20,0.455,1.100,0.111,-0.075,0.21,1.50,0.050,-0.019,0.917,0.771,-3.525,-6.393
# remark: robobot/cmd/ti/rc 0.100 -0.044 1744992800.282342
1744992800.28,-1,0.374,0.098,1.100,11,0.262,-0.044,0.057,20,0.455,1.100,0.111,-0.075,0.21,1.50,0.050,-0.019,0.917,0.771,-3.525,-6.393
# remark: robobot/cmd/ti/rc 0.100 -0.062 1744992800.293022
1744992800.29,-1,0.374,0.099,1.099,11,0.261,-0.062,0.074,20,0.457,1.099,0.112,-0.076,0.22,1.50,0.100,-0.015,1.082,0.466,2.090,-6.882
1744992800.29,-1,0.374,0.099,1.099,11,0.261,-0.062,0.074,20,0.457,1.099,0.112,-0.076,0.22,1.50,0.030,-0.013,1.027,-1.396,0.626,-5.447
# remark: robobot/cmd/ti/rc 0.100 -0.036 1744992800.301735
1744992800.30,-1,0.374,0.100,1.099,11,0.256,-0.036,0.078,20,0.458,1.099,0.114,-0.076,0.22,1.50,0.030,-0.013,1.027,-1.396,0.626,-5.447
1744992800.32,-1,0.375,0.101,1.097,11,0.256,-0.036,0.078,20,0.458,1.097,0.114,-0.078,0.22,1.50,-0.030,-0.040,0.931,0.710,1.236,-8.835
# remark: robobot/cmd/ti/rc 0.100 0.001 1744992800.319788
1744992800.32,-1,0.375,0.101,1.097,11,0.253,0.001,0.078,20,0.458,1.097,0.114,-0.078,0.22,1.50,-0.030,-0.040,0.931,0.710,1.236,-8.835
# remark: robobot/cmd/ti/rc 0.100 -0.024 1744992800.3210082
1744992800.32,-1,0.375,0.101,1.097,11,0.249,-0.024,0.052,20,0.460,1.097,0.115,-0.078,0.24,1.50,0.004,-0.022,0.871,-0.419,-1.938,-4.501
1744992800.32,-1,0.376,0.102,1.096,11,0.249,-0.024,0.052,20,0.460,1.096,0.115,-0.079,0.24,1.50,0.021,-0.066,1.024,-0.175,0.351,-5.173
# remark: robobot/cmd/ti/rc 0.100 0.005 1744992800.332146
1744992800.33,-1,0.376,0.102,1.097,11,0.245,0.005,0.057,20,0.461,1.097,0.117,-0.078,0.24,1.50,0.021,-0.066,1.024,-0.175,0.351,-5.173
1744992800.34,-1,0.376,0.103,1.096,11,0.245,0.005,0.057,20,0.461,1.096,0.117,-0.079,0.24,1.50,0.040,-0.012,1.075,-0.297,2.029,-3.128
# remark: robobot/cmd/ti/rc 0.100 -0.022 1744992800.339856
1744992800.34,-1,0.376,0.103,1.096,11,0.242,-0.022,0.057,20,0.461,1.096,0.117,-0.079,0.24,1.50,0.040,-0.012,1.075,-0.297,2.029,-3.128
# remark: robobot/cmd/ti/rc 0.100 -0.025 1744992800.352907
1744992800.35,-1,0.377,0.104,1.095,11,0.239,-0.025,0.022,20,0.463,1.095,0.118,-0.080,0.27,1.50,-0.013,-0.040,0.943,-0.388,1.572,-4.623
1744992800.35,-1,0.377,0.105,1.095,11,0.239,-0.025,0.022,20,0.463,1.095,0.118,-0.080,0.27,1.50,-0.008,0.022,0.934,-0.175,0.046,-5.569
# remark: robobot/cmd/ti/rc 0.100 -0.037 1744992800.359333
1744992800.36,-1,0.377,0.105,1.095,11,0.236,-0.037,0.078,20,0.464,1.095,0.120,-0.080,0.27,1.50,-0.008,0.022,0.934,-0.175,0.046,-5.569
1744992800.37,-1,0.378,0.106,1.095,11,0.236,-0.037,0.078,20,0.464,1.095,0.120,-0.080,0.27,1.50,0.082,-0.023,0.880,0.741,-1.785,-7.339
# remark: robobot/cmd/ti/rc 0.100 -0.048 1744992800.3685272
1744992800.37,-1,0.378,0.106,1.095,11,0.233,-0.048,0.078,20,0.464,1.095,0.120,-0.080,0.27,1.50,0.082,-0.023,0.880,0.741,-1.785,-7.339
# remark: robobot/cmd/ti/rc 0.100 -0.034 1744992800.3823712
1744992800.38,-1,0.378,0.107,1.094,11,0.230,-0.034,0.052,20,0.466,1.094,0.121,-0.081,0.32,1.50,0.027,-0.074,1.103,-1.273,1.389,-7.431
1744992800.38,-1,0.378,0.107,1.093,11,0.230,-0.034,0.052,20,0.466,1.093,0.121,-0.082,0.32,1.50,0.055,-0.027,0.936,1.290,0.259,-5.020
# remark: robobot/cmd/ti/rc 0.100 -0.037 1744992800.392478
1744992800.39,-1,0.379,0.108,1.094,11,0.227,-0.037,0.061,20,0.467,1.094,0.123,-0.081,0.32,1.50,0.055,-0.027,0.936,1.290,0.259,-5.020
1744992800.40,-1,0.379,0.109,1.093,11,0.227,-0.037,0.061,20,0.467,1.093,0.123,-0.082,0.32,1.50,-0.042,-0.044,0.988,-0.144,-1.450,-3.250
# remark: robobot/cmd/ti/rc 0.100 -0.007 1744992800.4005709
1744992800.40,-1,0.379,0.109,1.093,11,0.223,-0.007,0.061,20,0.467,1.093,0.123,-0.082,0.32,1.50,-0.042,-0.044,0.988,-0.144,-1.450,-3.250
# remark: robobot/cmd/ti/rc 0.100 -0.010 1744992800.411145
1744992800.41,-1,0.379,0.109,1.092,11,0.220,-0.010,0.087,20,0.469,1.092,0.124,-0.083,0.36,1.50,0.091,0.047,0.916,0.130,1.328,-5.997
1744992800.41,-1,0.380,0.110,1.091,11,0.220,-0.010,0.087,20,0.469,1.091,0.124,-0.084,0.36,1.50,0.028,-0.011,0.983,-0.511,0.626,-5.142
# remark: robobot/cmd/ti/alive 2025-04-18 18:13:08.652491
# remark: robobot/cmd/ti/rc 0.100 -0.041 1744992800.430346
1744992800.43,-1,0.380,0.110,1.092,11,0.217,-0.041,0.057,20,0.470,1.092,0.126,-0.083,0.36,1.50,0.028,-0.011,0.983,-0.511,0.626,-5.142
1744992800.43,-1,0.380,0.111,1.091,11,0.217,-0.041,0.057,20,0.470,1.091,0.126,-0.084,0.36,1.50,-0.004,-0.059,1.051,-0.663,0.351,-6.790
# remark: robobot/cmd/ti/rc 0.100 -0.048 1744992800.431085
1744992800.43,-1,0.380,0.111,1.091,11,0.215,-0.048,0.057,20,0.470,1.091,0.126,-0.084,0.36,1.50,-0.004,-0.059,1.051,-0.663,0.351,-6.790
# remark: robobot/cmd/ti/rc 0.100 -0.041 1744992800.442355
1744992800.44,-1,0.381,0.112,1.091,11,0.212,-0.041,0.061,20,0.472,1.091,0.127,-0.084,0.41,1.50,0.032,-0.022,0.925,-1.151,0.473,-5.142
1744992800.44,-1,0.381,0.113,1.089,11,0.212,-0.041,0.061,20,0.472,1.089,0.127,-0.086,0.41,1.50,-0.013,-0.074,0.911,-0.663,-0.046,-4.867
# remark: robobot/cmd/ti/rc 0.100 -0.031 1744992800.452297
1744992800.45,-1,0.381,0.113,1.088,11,0.209,-0.031,0.087,20,0.473,1.088,0.129,-0.087,0.41,1.50,-0.013,-0.074,0.911,-0.663,-0.046,-4.867
1744992800.46,-1,0.382,0.114,1.088,11,0.209,-0.031,0.087,20,0.473,1.088,0.129,-0.087,0.41,1.50,0.078,0.050,1.002,-0.083,0.809,-7.004
# remark: robobot/cmd/ti/rc 0.100 -0.030 1744992800.4615989
1744992800.46,-1,0.382,0.114,1.088,11,0.206,-0.030,0.087,20,0.473,1.088,0.129,-0.087,0.41,1.50,0.078,0.050,1.002,-0.083,0.809,-7.004
# remark: robobot/cmd/ti/rc 0.100 -0.002 1744992800.4696221
1744992800.47,-1,0.382,0.115,1.087,11,0.202,-0.002,0.052,20,0.475,1.087,0.130,-0.088,0.47,1.50,0.006,-0.066,1.045,-0.846,0.534,-6.271
1744992800.48,-1,0.383,0.115,1.088,11,0.202,-0.002,0.052,20,0.475,1.088,0.130,-0.087,0.47,1.50,0.001,-0.047,0.956,-0.114,0.656,-5.417
# remark: robobot/cmd/ti/rc 0.100 -0.013 1744992800.492896
1744992800.49,-1,0.383,0.116,1.087,11,0.199,-0.013,0.039,20,0.476,1.087,0.132,-0.088,0.47,1.50,0.001,-0.047,0.956,-0.114,0.656,-5.417
1744992800.49,-1,0.383,0.117,1.086,11,0.199,-0.013,0.039,20,0.476,1.086,0.132,-0.089,0.47,1.50,0.026,-0.016,0.891,-0.785,-1.389,-3.677
# remark: robobot/cmd/ti/rc 0.100 -0.016 1744992800.494228
1744992800.49,-1,0.383,0.117,1.086,11,0.195,-0.016,0.039,20,0.476,1.086,0.132,-0.089,0.47,1.50,0.026,-0.016,0.891,-0.785,-1.389,-3.677
# remark: robobot/cmd/ti/rc 0.100 0.029 1744992800.499948
1744992800.50,-1,0.384,0.118,1.086,11,0.189,0.029,0.091,20,0.478,1.086,0.133,-0.089,0.56,1.50,0.031,0.027,0.996,0.405,0.259,-5.905
1744992800.50,-1,0.384,0.118,1.086,11,0.189,0.029,0.091,20,0.478,1.086,0.133,-0.089,0.56,1.50,0.029,-0.024,1.018,-1.792,0.076,-5.936
# remark: robobot/cmd/ti/rc 0.100 0.025 1744992800.514196
1744992800.51,-1,0.384,0.118,1.086,11,0.186,0.025,0.030,20,0.479,1.086,0.135,-0.089,0.56,1.50,0.029,-0.024,1.018,-1.792,0.076,-5.936
1744992800.52,-1,0.385,0.119,1.087,11,0.186,0.025,0.030,20,0.479,1.087,0.135,-0.088,0.56,1.50,0.028,-0.014,0.990,-0.327,1.266,-6.058
# remark: robobot/cmd/ti/rc 0.100 -0.050 1744992800.5207639
1744992800.52,-1,0.385,0.119,1.087,11,-0.002,-0.050,0.030,20,0.479,1.087,0.135,-0.088,0.56,1.50,0.028,-0.014,0.990,-0.327,1.266,-6.058
# remark: robobot/cmd/ti/rc 0.100 -0.071 1744992800.532073
1744992800.53,-1,0.385,0.120,1.086,11,-0.023,-0.071,-0.009,20,0.481,1.086,0.136,-0.089,0.60,1.50,0.016,-0.030,0.929,-1.090,0.900,-4.257
1744992800.53,-1,0.385,0.121,1.085,11,-0.023,-0.071,-0.009,20,0.481,1.085,0.136,-0.090,0.60,1.50,0.051,-0.029,0.973,0.283,-0.015,-3.921
# remark: robobot/cmd/ti/rc 0.100 -0.050 1744992800.538093
1744992800.54,-1,0.386,0.121,1.085,11,-0.028,-0.050,0.083,20,0.483,1.085,0.138,-0.090,0.60,1.50,0.051,-0.029,0.973,0.283,-0.015,-3.921
1744992800.55,-1,0.386,0.122,1.084,11,-0.028,-0.050,0.083,20,0.483,1.084,0.138,-0.091,0.60,1.50,0.025,-0.012,0.979,-1.273,0.168,-3.342
# remark: robobot/cmd/ti/rc 0.100 -0.063 1744992800.55466
1744992800.56,-1,0.386,0.122,1.084,11,-0.038,-0.063,0.083,20,0.483,1.084,0.138,-0.091,0.60,1.50,0.025,-0.012,0.979,-1.273,0.168,-3.342
# remark: robobot/cmd/ti/rc 0.100 -0.050 1744992800.566723
1744992800.57,-1,0.387,0.123,1.083,11,-0.036,-0.050,0.096,20,0.484,1.083,0.140,-0.093,0.67,1.50,0.059,0.024,0.976,0.497,-0.717,-6.393
1744992800.57,-1,0.387,0.123,1.083,11,-0.036,-0.050,0.096,20,0.484,1.083,0.140,-0.093,0.67,1.50,0.031,0.002,0.948,-0.144,1.358,-5.814
# remark: robobot/cmd/ti/rc 0.100 -0.063 1744992800.584694
1744992800.59,-1,0.387,0.124,1.081,11,-0.045,-0.063,0.043,20,0.486,1.081,0.141,-0.094,0.67,1.50,0.031,0.002,0.948,-0.144,1.358,-5.814
1744992800.59,-1,0.388,0.125,1.081,11,-0.045,-0.063,0.043,20,0.486,1.081,0.141,-0.094,0.67,1.50,0.027,-0.007,0.905,0.313,0.900,-6.180
# remark: robobot/cmd/ti/rc 0.100 -0.050 1744992800.586391
1744992800.59,-1,0.388,0.125,1.081,11,-0.053,-0.050,0.043,20,0.486,1.081,0.141,-0.094,0.67,1.50,0.027,-0.007,0.905,0.313,0.900,-6.180
# remark: robobot/cmd/ti/rc 0.100 -0.065 1744992800.593966
1744992800.59,-1,0.388,0.126,1.081,11,-0.059,-0.065,0.048,20,0.487,1.081,0.142,-0.094,0.77,1.50,0.023,-0.036,0.957,-0.114,-1.205,-4.867
1744992800.59,-1,0.388,0.126,1.081,11,-0.059,-0.065,0.048,20,0.487,1.081,0.142,-0.094,0.77,1.50,0.010,-0.046,1.046,0.680,1.389,-5.173
# remark: robobot/cmd/ti/rc 0.100 -0.050 1744992800.6013088
1744992800.60,-1,0.388,0.127,1.080,11,-0.058,-0.050,0.052,20,0.489,1.080,0.144,-0.095,0.77,1.50,0.010,-0.046,1.046,0.680,1.389,-5.173
1744992800.61,-1,0.389,0.128,1.080,11,-0.058,-0.050,0.052,20,0.489,1.080,0.144,-0.095,0.77,1.50,0.004,-0.038,0.977,-0.236,-2.731,-4.379
# remark: robobot/cmd/ti/rc 0.100 0.032 1744992800.609868
1744992800.61,-1,0.389,0.128,1.080,11,-0.063,0.032,0.052,20,0.489,1.080,0.144,-0.095,0.77,1.50,0.004,-0.038,0.977,-0.236,-2.731,-4.379
# remark: robobot/cmd/ti/rc 0.100 0.268 1744992800.6197639
1744992800.62,-1,0.389,0.128,1.079,11,-0.070,0.268,0.065,20,0.490,1.079,0.146,-0.096,0.88,1.50,-0.006,-0.018,0.964,0.649,2.701,-3.311
1744992800.63,-1,0.390,0.129,1.079,11,-0.070,0.268,0.065,20,0.490,1.079,0.146,-0.096,0.88,1.50,0.071,0.017,0.886,0.435,0.168,-5.264
# remark: robobot/cmd/ti/rc 0.100 0.247 1744992800.634829
1744992800.64,-1,0.390,0.129,1.079,11,-0.075,0.247,0.052,20,0.492,1.079,0.147,-0.096,0.88,1.50,0.071,0.017,0.886,0.435,0.168,-5.264
1744992800.67,-1,0.390,0.130,1.079,11,-0.075,0.247,0.052,20,0.492,1.079,0.147,-0.096,0.88,1.50,-0.004,-0.038,1.068,-1.029,3.036,-4.074
# remark: robobot/cmd/ti/rc 0.100 0.271 1744992800.6693702
1744992800.67,-1,0.390,0.130,1.079,11,-0.083,0.271,0.052,20,0.492,1.079,0.147,-0.096,0.88,1.50,-0.004,-0.038,1.068,-1.029,3.036,-4.074
# remark: robobot/cmd/ti/rc 0.100 0.223 1744992800.6705549
1744992800.67,-1,0.391,0.131,1.078,11,-0.086,0.223,0.039,20,0.493,1.078,0.148,-0.097,0.86,1.50,-0.024,-0.032,0.981,-0.053,0.381,-3.464
1744992800.67,-1,0.391,0.131,1.078,11,-0.086,0.223,0.039,20,0.493,1.078,0.148,-0.097,0.86,1.50,0.023,0.001,0.948,-0.297,0.137,-3.311
# remark: robobot/cmd/ti/rc 0.100 0.154 1744992800.6793358
1744992800.68,-1,0.391,0.132,1.080,11,-0.090,0.154,-0.004,20,0.494,1.080,0.150,-0.095,0.86,1.50,0.023,0.001,0.948,-0.297,0.137,-3.311
1744992800.68,-1,0.392,0.133,1.080,11,-0.090,0.154,-0.004,20,0.494,1.080,0.150,-0.095,0.86,1.50,0.024,-0.020,0.943,0.069,2.121,-3.097
# remark: robobot/cmd/ti/rc 0.100 0.231 1744992800.6810381
1744992800.68,-1,0.392,0.133,1.080,11,-0.096,0.231,-0.004,20,0.494,1.080,0.150,-0.095,0.86,1.50,0.024,-0.020,0.943,0.069,2.121,-3.097
# remark: robobot/cmd/ti/rc 0.100 0.220 1744992800.702564
1744992800.70,-1,0.392,0.134,1.084,11,-0.100,0.220,-0.170,20,0.496,1.084,0.152,-0.091,0.93,1.50,0.026,-0.012,0.943,-0.877,-0.168,-2.853
1744992800.70,-1,0.392,0.134,1.086,11,-0.100,0.220,-0.170,20,0.496,1.086,0.152,-0.089,0.93,1.50,0.075,-0.018,1.046,-0.602,-2.945,-4.745
# remark: robobot/cmd/ti/rc 0.100 0.157 1744992800.7039108
1744992800.70,-1,0.393,0.134,1.087,11,-0.103,0.157,-0.252,20,0.498,1.087,0.153,-0.088,0.93,1.50,0.075,-0.018,1.046,-0.602,-2.945,-4.745
1744992800.71,-1,0.393,0.135,1.088,11,-0.103,0.157,-0.252,20,0.498,1.088,0.153,-0.087,0.93,1.50,0.028,-0.041,0.955,0.954,-3.464,-2.304
# remark: robobot/cmd/ti/rc 0.100 0.198 1744992800.705484
1744992800.71,-1,0.393,0.135,1.088,11,-0.109,0.198,-0.252,20,0.498,1.088,0.153,-0.087,0.93,1.50,0.028,-0.041,0.955,0.954,-3.464,-2.304
# remark: robobot/cmd/ti/rc 0.100 0.178 1744992800.722213
1744992800.72,-1,0.393,0.136,1.087,11,-0.110,0.178,-0.126,20,0.499,1.087,0.154,-0.088,0.99,1.50,0.050,-0.005,1.062,0.802,1.541,-1.907
1744992800.72,-1,0.394,0.136,1.087,11,-0.110,0.178,-0.126,20,0.499,1.087,0.154,-0.088,0.99,1.50,0.040,-0.011,0.858,-1.609,1.419,-4.349
# remark: robobot/cmd/ti/rc 0.100 0.184 1744992800.723469
1744992800.72,-1,0.394,0.137,1.087,11,-0.117,0.184,-0.013,20,0.500,1.087,0.156,-0.088,0.99,1.50,0.040,-0.011,0.858,-1.609,1.419,-4.349
1744992800.75,-1,0.394,0.138,1.087,11,-0.117,0.184,-0.013,20,0.500,1.087,0.156,-0.088,0.99,1.50,0.088,-0.004,0.953,0.771,-3.708,-5.264
# remark: robobot/cmd/ti/rc 0.100 0.244 1744992800.748516
1744992800.75,-1,0.394,0.138,1.087,11,-0.121,0.244,-0.013,20,0.500,1.087,0.156,-0.088,0.99,1.50,0.088,-0.004,0.953,0.771,-3.708,-5.264
# remark: robobot/cmd/ti/rc 0.100 0.177 1744992800.749774
1744992800.75,-1,0.395,0.139,1.087,11,-0.124,0.177,-0.030,20,0.502,1.087,0.157,-0.088,0.99,1.50,0.015,-0.104,1.090,0.619,0.381,-2.365
1744992800.75,-1,0.395,0.139,1.087,11,-0.124,0.177,-0.030,20,0.502,1.087,0.157,-0.088,0.99,1.50,0.080,0.033,0.919,-0.144,0.778,-1.022
# remark: robobot/cmd/ti/rc 0.100 0.143 1744992800.7659872
1744992800.77,-1,0.395,0.139,1.087,11,-0.126,0.143,0.030,20,0.503,1.087,0.159,-0.088,0.99,1.50,0.080,0.033,0.919,-0.144,0.778,-1.022
1744992800.77,-1,0.396,0.140,1.087,11,-0.126,0.143,0.030,20,0.503,1.087,0.159,-0.088,0.99,1.50,-0.076,-0.096,0.895,0.985,-1.846,-2.365
# remark: robobot/cmd/ti/rc 0.100 0.191 1744992800.767114
1744992800.77,-1,0.396,0.140,1.087,11,-0.132,0.191,0.030,20,0.503,1.087,0.159,-0.088,0.99,1.50,-0.076,-0.096,0.895,0.985,-1.846,-2.365
# remark: robobot/cmd/ti/rc 0.100 0.261 1744992800.789829
1744992800.79,-1,0.396,0.141,1.088,11,-0.137,0.261,-0.043,20,0.505,1.088,0.160,-0.087,1.00,1.50,0.060,-0.026,1.011,0.527,-4.135,-0.870
1744992800.79,-1,0.396,0.142,1.088,11,-0.137,0.261,-0.043,20,0.505,1.088,0.160,-0.087,1.00,1.50,0.033,-0.089,0.999,1.076,-2.457,0.534
# remark: robobot/cmd/ti/rc 0.100 0.218 1744992800.790835
1744992800.79,-1,0.397,0.142,1.088,11,-0.141,0.218,-0.022,20,0.506,1.088,0.162,-0.087,1.00,1.50,0.033,-0.089,0.999,1.076,-2.457,0.534
1744992800.79,-1,0.397,0.143,1.088,11,-0.141,0.218,-0.022,20,0.506,1.088,0.162,-0.087,1.00,1.50,0.092,0.065,1.005,1.229,-0.320,-0.809
# remark: robobot/cmd/ti/rc 0.100 0.184 1744992800.79868
1744992800.80,-1,0.397,0.143,1.088,11,-0.145,0.184,-0.022,20,0.506,1.088,0.162,-0.087,1.00,1.50,0.092,0.065,1.005,1.229,-0.320,-0.809
# remark: robobot/cmd/ti/rc 0.100 0.211 1744992800.820328
1744992800.82,-1,0.398,0.144,1.087,11,-0.149,0.211,-0.013,20,0.508,1.087,0.163,-0.088,1.00,1.50,0.021,-0.090,0.893,-0.388,-1.877,0.626
1744992800.82,-1,0.398,0.144,1.088,11,-0.149,0.211,-0.013,20,0.508,1.088,0.163,-0.087,1.00,1.50,-0.022,0.012,1.107,1.778,-1.022,-1.785
# remark: robobot/cmd/ti/rc 0.100 0.224 1744992800.821669
1744992800.82,-1,0.398,0.145,1.088,11,-0.154,0.224,-0.004,20,0.509,1.088,0.165,-0.087,1.00,1.50,-0.022,0.012,1.107,1.778,-1.022,-1.785
1744992800.82,-1,0.399,0.146,1.087,11,-0.154,0.224,-0.004,20,0.509,1.087,0.165,-0.088,1.00,1.50,0.146,-0.021,0.942,1.015,2.060,-0.168
# remark: robobot/cmd/ti/rc 0.100 0.223 1744992800.822603
1744992800.82,-1,0.399,0.146,1.087,11,-0.158,0.223,-0.004,20,0.509,1.087,0.165,-0.088,1.00,1.50,0.146,-0.021,0.942,1.015,2.060,-0.168
# remark: robobot/cmd/ti/rc 0.100 0.224 1744992800.837184
1744992800.84,-1,0.399,0.147,1.087,11,-0.162,0.224,0.026,20,0.511,1.087,0.166,-0.088,0.89,1.50,0.074,0.031,0.871,1.229,0.504,-5.569
1744992800.84,-1,0.399,0.147,1.088,11,-0.162,0.224,0.026,20,0.511,1.088,0.166,-0.087,0.89,1.50,0.020,-0.006,0.942,1.229,-1.205,-3.433
# remark: robobot/cmd/ti/rc 0.100 0.231 1744992800.856459
1744992800.86,-1,0.399,0.147,1.088,11,-0.167,0.231,-0.026,20,0.512,1.088,0.168,-0.087,0.89,1.50,0.020,-0.006,0.942,1.229,-1.205,-3.433
1744992800.86,-1,0.400,0.148,1.088,11,-0.167,0.231,-0.026,20,0.512,1.088,0.168,-0.087,0.89,1.50,0.075,0.000,0.968,0.252,-0.504,-2.762
# remark: robobot/cmd/ti/rc 0.100 0.220 1744992800.857454
1744992800.86,-1,0.400,0.148,1.088,11,-0.171,0.220,-0.026,20,0.512,1.088,0.168,-0.087,0.89,1.50,0.075,0.000,0.968,0.252,-0.504,-2.762
# remark: robobot/cmd/ti/rc 0.100 0.222 1744992800.889035
1744992800.89,-1,0.401,0.149,1.089,11,-0.176,0.222,-0.057,20,0.514,1.089,0.169,-0.086,0.82,1.50,-0.021,0.021,1.117,-0.297,1.144,-0.259
1744992800.89,-1,0.401,0.150,1.089,11,-0.176,0.222,-0.057,20,0.514,1.089,0.169,-0.086,0.82,1.50,0.023,-0.067,0.856,0.588,-0.778,1.236
# remark: robobot/cmd/ti/rc 0.100 0.252 1744992800.8899279
1744992800.89,-1,0.401,0.150,1.089,11,-0.180,0.252,-0.022,20,0.516,1.089,0.171,-0.086,0.82,1.50,0.023,-0.067,0.856,0.588,-0.778,1.236
1744992800.89,-1,0.401,0.151,1.091,11,-0.180,0.252,-0.022,20,0.516,1.091,0.171,-0.084,0.82,1.50,0.013,-0.029,0.895,-1.823,-1.755,0.351
# remark: robobot/cmd/ti/rc 0.100 0.228 1744992800.898628
1744992800.90,-1,0.401,0.151,1.091,11,-0.184,0.228,-0.022,20,0.516,1.091,0.171,-0.084,0.82,1.50,0.013,-0.029,0.895,-1.823,-1.755,0.351
# remark: robobot/cmd/ti/rc 0.100 0.221 1744992800.899585
1744992800.90,-1,0.402,0.152,1.092,11,-0.188,0.221,-0.087,20,0.517,1.092,0.173,-0.083,0.85,1.50,0.029,0.007,1.031,1.565,-0.443,1.816
1744992800.90,-1,0.402,0.152,1.093,11,-0.188,0.221,-0.087,20,0.517,1.093,0.173,-0.082,0.85,1.50,-0.023,-0.081,1.019,1.046,0.809,3.159
# remark: robobot/cmd/ti/rc 0.100 0.245 1744992800.921558
1744992800.92,-1,0.402,0.153,1.094,11,-0.193,0.245,-0.157,20,0.519,1.094,0.174,-0.081,0.85,1.50,-0.023,-0.081,1.019,1.046,0.809,3.159
1744992800.92,-1,0.403,0.154,1.096,11,-0.193,0.245,-0.157,20,0.519,1.096,0.174,-0.079,0.85,1.50,-0.205,-0.175,0.989,3.091,0.351,8.377
# remark: robobot/cmd/ti/rc 0.100 0.257 1744992800.9227378
1744992800.92,-1,0.403,0.154,1.096,11,-0.198,0.257,-0.157,20,0.519,1.096,0.174,-0.079,0.85,1.50,-0.205,-0.175,0.989,3.091,0.351,8.377
# remark: robobot/cmd/ti/rc 0.100 0.244 1744992800.941225
1744992800.94,-1,0.403,0.155,1.097,11,-0.202,0.244,-0.161,20,0.520,1.097,0.176,-0.078,0.77,1.50,0.013,-0.091,0.797,-3.837,-2.853,17.746
1744992800.94,-1,0.404,0.155,1.097,11,-0.202,0.244,-0.161,20,0.520,1.097,0.176,-0.078,0.77,1.50,0.057,-0.077,0.997,-1.121,-3.677,19.150
# remark: robobot/cmd/ti/rc 0.100 0.190 1744992800.941813
1744992800.94,-1,0.404,0.156,1.097,11,-0.204,0.190,-0.087,20,0.522,1.097,0.177,-0.078,0.77,1.50,0.057,-0.077,0.997,-1.121,-3.677,19.150
1744992800.94,-1,0.404,0.157,1.100,11,-0.204,0.190,-0.087,20,0.522,1.100,0.177,-0.075,0.77,1.50,0.139,-0.052,1.062,0.191,1.450,16.678
# remark: robobot/cmd/ti/rc 0.100 0.179 1744992800.942127
1744992800.94,-1,0.404,0.157,1.100,11,-0.207,0.179,-0.087,20,0.522,1.100,0.177,-0.075,0.77,1.50,0.139,-0.052,1.062,0.191,1.450,16.678
# remark: robobot/cmd/ti/rc 0.100 0.204 1744992800.953461
1744992800.95,-1,0.405,0.157,1.103,11,-0.210,0.204,-0.165,20,0.523,1.103,0.179,-0.072,0.74,1.50,0.044,0.005,1.237,1.412,1.907,15.335
1744992800.95,-1,0.405,0.158,1.106,11,-0.210,0.204,-0.165,20,0.523,1.106,0.179,-0.069,0.74,1.50,0.002,0.034,1.006,3.884,6.638,14.969
# remark: robobot/cmd/ti/alive 2025-04-18 18:13:08.652491
# remark: robobot/cmd/ti/rc 0.100 0.180 1744992800.962925
1744992800.96,-1,0.405,0.158,1.107,11,-0.212,0.180,-0.278,20,0.525,1.107,0.180,-0.068,0.74,1.50,0.002,0.034,1.006,3.884,6.638,14.969
1744992800.97,-1,0.405,0.159,1.110,11,-0.212,0.180,-0.278,20,0.525,1.110,0.180,-0.065,0.74,1.50,-0.104,-0.050,0.736,0.680,2.731,19.363
# remark: robobot/cmd/ti/rc 0.100 0.180 1744992800.971071
1744992800.97,-1,0.405,0.159,1.110,11,-0.215,0.180,-0.278,20,0.525,1.110,0.180,-0.065,0.74,1.50,-0.104,-0.050,0.736,0.680,2.731,19.363
# remark: robobot/cmd/ti/rc 0.100 0.208 1744992800.987649
1744992800.99,-1,0.406,0.160,1.114,11,-0.219,0.208,-0.339,20,0.526,1.114,0.182,-0.061,0.86,1.50,-0.212,-0.094,0.978,-0.602,2.975,28.000
1744992800.99,-1,0.406,0.160,1.114,11,-0.219,0.208,-0.339,20,0.526,1.114,0.182,-0.061,0.86,1.50,-0.007,-0.070,0.880,-1.945,-2.274,32.211
# remark: robobot/cmd/ti/rc 0.100 0.220 1744992800.993043
1744992800.99,-1,0.406,0.161,1.115,11,-0.222,0.220,-0.270,20,0.528,1.115,0.183,-0.060,0.86,1.50,-0.007,-0.070,0.880,-1.945,-2.274,32.211
1744992801.00,-1,0.407,0.162,1.117,11,-0.222,0.220,-0.270,20,0.528,1.117,0.183,-0.058,0.86,1.50,0.161,-0.046,1.053,-5.576,-1.907,30.472
# remark: robobot/cmd/ti/rc 0.100 0.212 1744992801.001306
1744992801.00,-1,0.407,0.162,1.117,11,-0.225,0.212,-0.270,20,0.528,1.117,0.183,-0.058,0.86,1.50,0.161,-0.046,1.053,-5.576,-1.907,30.472
# remark: robobot/cmd/ti/rc 0.100 0.169 1744992801.0095732
1744992801.01,-1,0.407,0.163,1.119,11,-0.227,0.169,-0.200,20,0.529,1.119,0.185,-0.056,1.30,1.50,0.145,0.006,1.106,3.396,5.478,24.185
1744992801.02,-1,0.407,0.163,1.122,11,-0.227,0.169,-0.200,20,0.529,1.122,0.185,-0.053,1.30,1.50,0.117,-0.009,0.812,3.365,0.839,19.211
# remark: robobot/cmd/ti/rc 0.100 0.166 1744992801.020013
1744992801.02,-1,0.408,0.163,1.124,11,-0.229,0.166,-0.248,20,0.531,1.124,0.186,-0.051,1.30,1.50,0.117,-0.009,0.812,3.365,0.839,19.211
1744992801.04,-1,0.408,0.164,1.129,11,-0.229,0.166,-0.248,20,0.531,1.129,0.186,-0.046,1.30,1.50,-0.042,-0.107,1.106,-0.846,1.938,15.610
# remark: robobot/cmd/ti/rc 0.100 0.184 1744992801.037465
1744992801.04,-1,0.408,0.164,1.129,11,-0.231,0.184,-0.248,20,0.531,1.129,0.186,-0.046,1.30,1.50,-0.042,-0.107,1.106,-0.846,1.938,15.610
# remark: robobot/cmd/ti/rc 0.100 0.180 1744992801.048948
1744992801.05,-1,0.408,0.165,1.132,11,-0.233,0.180,-0.348,20,0.532,1.132,0.187,-0.043,1.50,1.50,-0.082,-0.009,1.135,8.950,7.706,22.476
1744992801.05,-1,0.408,0.165,1.133,11,-0.233,0.180,-0.348,20,0.532,1.133,0.187,-0.042,1.50,1.50,-0.173,-0.071,0.670,-2.738,-1.205,31.418
# remark: robobot/cmd/ti/rc 0.100 0.162 1744992801.0493288
1744992801.05,-1,0.409,0.166,1.133,11,-0.234,0.162,-0.287,20,0.534,1.133,0.189,-0.042,1.50,1.50,-0.173,-0.071,0.670,-2.738,-1.205,31.418
1744992801.06,-1,0.409,0.167,1.136,11,-0.234,0.162,-0.287,20,0.534,1.136,0.189,-0.039,1.50,1.50,-0.043,-0.092,0.893,-6.278,-9.720,33.432
# remark: robobot/cmd/ti/rc 0.100 0.179 1744992801.063639
1744992801.06,-1,0.409,0.167,1.136,11,-0.237,0.179,-0.287,20,0.534,1.136,0.189,-0.039,1.50,1.50,-0.043,-0.092,0.893,-6.278,-9.720,33.432
# remark: robobot/cmd/ti/rc 0.100 0.189 1744992801.072156
1744992801.07,-1,0.410,0.168,1.138,11,-0.239,0.189,-0.183,20,0.535,1.138,0.191,-0.037,1.50,1.50,0.156,0.102,1.390,3.213,2.213,30.350
1744992801.07,-1,0.410,0.168,1.139,11,-0.239,0.189,-0.183,20,0.535,1.139,0.191,-0.036,1.50,1.50,0.120,0.003,0.836,1.259,3.525,25.650
# remark: robobot/cmd/ti/rc 0.100 0.169 1744992801.083654
1744992801.08,-1,0.410,0.169,1.140,11,-0.241,0.169,-0.165,20,0.537,1.140,0.193,-0.035,1.50,1.50,0.120,0.003,0.836,1.259,3.525,25.650
1744992801.09,-1,0.410,0.169,1.147,11,-0.241,0.169,-0.165,20,0.537,1.147,0.193,-0.028,1.50,1.50,0.096,0.079,0.908,-4.417,-3.403,20.187
# remark: robobot/cmd/ti/rc 0.100 0.178 1744992801.096173
1744992801.10,-1,0.410,0.169,1.147,11,-0.243,0.178,-0.165,20,0.537,1.147,0.193,-0.028,1.50,1.50,0.096,0.079,0.908,-4.417,-3.403,20.187
# remark: robobot/cmd/ti/rc 0.100 0.209 1744992801.102117
1744992801.10,-1,0.411,0.170,1.152,11,-0.247,0.209,-0.352,20,0.538,1.152,0.194,-0.023,1.50,1.50,-0.069,-0.076,1.088,3.365,3.769,18.143
1744992801.10,-1,0.411,0.171,1.153,11,-0.247,0.209,-0.352,20,0.538,1.153,0.194,-0.022,1.50,1.50,0.034,-0.074,0.823,4.037,3.006,23.087
# remark: robobot/cmd/ti/rc 0.100 0.211 1744992801.1104808
1744992801.11,-1,0.411,0.171,1.153,11,-0.248,0.211,-0.374,20,0.540,1.153,0.195,-0.022,1.50,1.50,0.034,-0.074,0.823,4.037,3.006,23.087
1744992801.12,-1,0.412,0.172,1.154,11,-0.248,0.211,-0.374,20,0.540,1.154,0.195,-0.021,1.50,1.50,0.044,0.054,0.921,-7.102,-3.891,23.331
# remark: robobot/cmd/ti/rc 0.100 1.537 1744992801.122236
1744992801.12,-1,0.412,0.172,1.154,11,-0.324,1.537,-0.374,20,0.540,1.154,0.195,-0.021,1.50,1.50,0.044,0.054,0.921,-7.102,-3.891,23.331
# remark: robobot/cmd/ti/rc 0.100 2.230 1744992801.1306791
1744992801.13,-1,0.412,0.173,1.158,11,-0.358,2.230,-0.196,20,0.541,1.158,0.197,-0.017,1.08,1.50,0.142,0.124,1.124,2.236,-2.945,21.225
1744992801.13,-1,0.412,0.174,1.159,11,-0.358,2.230,-0.196,20,0.541,1.159,0.197,-0.016,1.08,1.50,0.134,-0.018,0.913,3.029,-2.945,19.913
# remark: robobot/cmd/ti/rc 0.100 0.757 1744992801.1516569
1744992801.15,-1,0.412,0.174,1.160,11,-0.362,0.757,-0.196,20,0.543,1.160,0.199,-0.015,1.08,1.50,0.134,-0.018,0.913,3.029,-2.945,19.913
1744992801.15,-1,0.413,0.175,1.165,11,-0.362,0.757,-0.196,20,0.543,1.165,0.199,-0.010,1.08,1.50,0.055,0.015,1.047,-3.501,1.755,16.159
# remark: robobot/cmd/ti/rc 0.100 0.223 1744992801.151861
1744992801.15,-1,0.413,0.175,1.165,11,-0.362,0.223,-0.196,20,0.543,1.165,0.199,-0.010,1.08,1.50,0.055,0.015,1.047,-3.501,1.755,16.159
# remark: robobot/cmd/ti/rc 0.100 0.087 1744992801.158894
1744992801.16,-1,0.413,0.176,1.173,11,-0.358,0.087,-0.400,20,0.545,1.173,0.200,-0.002,0.64,1.50,-0.043,-0.148,0.818,4.983,0.443,19.791
1744992801.17,-1,0.413,0.176,1.179,11,-0.358,0.087,-0.400,20,0.545,1.179,0.200,0.004,0.64,1.50,-0.180,0.103,1.177,5.837,2.579,33.218
# remark: robobot/cmd/ti/rc 0.100 0.032 1744992801.170963
1744992801.17,-1,0.414,0.177,1.183,11,-0.355,0.032,-0.796,20,0.547,1.183,0.202,0.008,0.64,1.50,-0.180,0.103,1.177,5.837,2.579,33.218
1744992801.18,-1,0.414,0.178,1.194,11,-0.355,0.032,-0.796,20,0.547,1.194,0.202,0.018,0.64,1.50,-0.181,-0.422,0.760,-8.628,-0.107,52.292
# remark: robobot/cmd/ti/rc 0.100 0.121 1744992801.181373
1744992801.18,-1,0.414,0.178,1.194,11,-0.356,0.121,-0.796,20,0.547,1.194,0.202,0.018,0.64,1.50,-0.181,-0.422,0.760,-8.628,-0.107,52.292
# remark: robobot/cmd/ti/rc 0.100 0.063 1744992801.196789
1744992801.20,-1,0.414,0.179,1.199,11,-0.350,0.063,-0.809,20,0.548,1.199,0.204,0.024,0.52,1.50,-0.119,-0.356,1.298,6.722,0.198,68.344
1744992801.20,-1,0.415,0.179,1.204,11,-0.350,0.063,-0.809,20,0.548,1.204,0.204,0.029,0.52,1.50,0.012,-0.136,0.857,2.572,-1.938,74.326
# remark: robobot/cmd/ti/rc 0.100 -0.097 1744992801.2049868
1744992801.21,-1,0.415,0.180,1.207,11,-0.342,-0.097,-0.657,20,0.550,1.207,0.205,0.032,0.52,1.50,0.012,-0.136,0.857,2.572,-1.938,74.326
1744992801.21,-1,0.415,0.181,1.213,11,-0.342,-0.097,-0.657,20,0.550,1.213,0.205,0.038,0.52,1.50,0.100,-0.144,1.036,-2.189,-3.647,68.924
# remark: robobot/cmd/ti/rc 0.100 -0.123 1744992801.209895
1744992801.21,-1,0.415,0.181,1.213,11,-0.335,-0.123,-0.657,20,0.550,1.213,0.205,0.038,0.52,1.50,0.100,-0.144,1.036,-2.189,-3.647,68.924
# remark: robobot/cmd/ti/rc 0.100 -0.102 1744992801.2287948
1744992801.23,-1,0.415,0.181,1.219,11,-0.328,-0.102,-0.630,20,0.551,1.219,0.207,0.044,0.45,1.50,0.096,-0.064,1.071,7.638,0.992,61.935
1744992801.23,-1,0.416,0.182,1.222,11,-0.328,-0.102,-0.630,20,0.551,1.222,0.207,0.047,0.45,1.50,0.140,0.041,0.935,5.044,0.900,56.076
# remark: robobot/cmd/ti/rc 0.100 -0.039 1744992801.229632
1744992801.23,-1,0.416,0.182,1.226,11,-0.325,-0.039,-0.626,20,0.553,1.226,0.208,0.051,0.45,1.50,0.140,0.041,0.935,5.044,0.900,56.076
1744992801.24,-1,0.416,0.183,1.233,11,-0.325,-0.039,-0.626,20,0.553,1.233,0.208,0.058,0.45,1.50,0.040,0.106,1.036,3.945,-2.640,53.085
# remark: robobot/cmd/ti/rc 0.100 0.035 1744992801.24507
1744992801.25,-1,0.416,0.183,1.233,11,-0.322,0.035,-0.626,20,0.553,1.233,0.208,0.058,0.45,1.50,0.040,0.106,1.036,3.945,-2.640,53.085
# remark: robobot/cmd/ti/rc 0.100 -0.018 1744992801.252776
1744992801.25,-1,0.416,0.184,1.237,11,-0.316,-0.018,-0.613,20,0.554,1.237,0.209,0.062,0.41,1.50,0.045,0.216,1.030,5.166,1.938,53.085
1744992801.25,-1,0.416,0.184,1.240,11,-0.316,-0.018,-0.613,20,0.554,1.240,0.209,0.065,0.41,1.50,0.069,0.151,0.743,-1.121,-2.060,51.926
# remark: robobot/cmd/ti/rc 0.100 -0.081 1744992801.260861
1744992801.26,-1,0.417,0.185,1.241,11,-0.310,-0.081,-0.513,20,0.555,1.241,0.210,0.066,0.41,1.50,0.069,0.151,0.743,-1.121,-2.060,51.926
1744992801.27,-1,0.417,0.185,1.242,11,-0.310,-0.081,-0.513,20,0.555,1.242,0.210,0.067,0.41,1.50,0.089,0.136,1.039,1.565,-2.213,52.536
# remark: robobot/cmd/ti/rc 0.100 -0.078 1744992801.2701938
1744992801.27,-1,0.417,0.185,1.242,11,-0.304,-0.078,-0.513,20,0.555,1.242,0.210,0.067,0.41,1.50,0.089,0.136,1.039,1.565,-2.213,52.536
# remark: robobot/cmd/ti/rc 0.100 -0.081 1744992801.28218
1744992801.28,-1,0.417,0.186,1.244,11,-0.297,-0.081,-0.300,20,0.556,1.244,0.212,0.069,0.38,0.80,-0.008,0.216,0.858,0.832,4.105,47.562
1744992801.28,-1,0.417,0.187,1.246,11,-0.297,-0.081,-0.300,20,0.556,1.246,0.212,0.071,0.38,0.80,0.114,0.150,0.914,-4.386,-2.731,41.855
# remark: robobot/cmd/ti/rc 0.100 -0.154 1744992801.2888992
1744992801.29,-1,0.418,0.188,1.248,11,-0.288,-0.154,-0.209,20,0.558,1.248,0.213,0.073,0.38,0.80,0.114,0.150,0.914,-4.386,-2.731,41.855
1744992801.30,-1,0.418,0.189,1.251,11,-0.288,-0.154,-0.209,20,0.558,1.251,0.213,0.076,0.38,0.80,0.156,0.084,1.047,2.083,-2.518,30.472
# remark: robobot/cmd/ti/rc 0.100 -0.172 1744992801.303617
1744992801.30,-1,0.418,0.189,1.251,11,-0.281,-0.172,-0.209,20,0.558,1.251,0.213,0.076,0.38,0.80,0.156,0.084,1.047,2.083,-2.518,30.472
# remark: robobot/cmd/ti/rc 0.100 -0.164 1744992801.310346
1744992801.31,-1,0.418,0.189,1.256,11,-0.271,-0.164,-0.317,20,0.560,1.256,0.215,0.081,0.36,0.99,0.096,-0.063,1.021,1.565,1.144,24.399
1744992801.32,-1,0.418,0.190,1.258,11,-0.271,-0.164,-0.317,20,0.560,1.258,0.215,0.083,0.36,0.99,-0.001,-0.141,0.883,-0.175,0.504,23.331
# remark: robobot/cmd/ti/rc 0.100 -0.179 1744992801.3266401
1744992801.33,-1,0.418,0.190,1.259,11,-0.264,-0.179,-0.317,20,0.560,1.259,0.215,0.084,0.36,0.99,-0.001,-0.141,0.883,-0.175,0.504,23.331
1744992801.33,-1,0.419,0.191,1.259,11,-0.264,-0.179,-0.335,20,0.561,1.259,0.216,0.084,0.36,0.99,-0.010,0.042,1.086,5.349,-0.687,23.972
# remark: robobot/cmd/ti/rc 0.100 -0.118 1744992801.332327
1744992801.33,-1,0.419,0.191,1.259,11,-0.257,-0.118,-0.335,20,0.561,1.259,0.216,0.084,0.36,0.99,-0.010,0.042,1.086,5.349,-0.687,23.972
# remark: robobot/cmd/ti/rc 0.100 -0.118 1744992801.3436108
1744992801.34,-1,0.419,0.192,1.262,11,-0.250,-0.118,-0.170,20,0.562,1.262,0.218,0.087,0.34,1.50,0.135,0.136,0.881,2.053,2.060,21.927
1744992801.34,-1,0.419,0.193,1.262,11,-0.250,-0.118,-0.170,20,0.562,1.262,0.218,0.087,0.34,1.50,0.123,0.112,0.899,0.710,-2.792,17.319
# remark: robobot/cmd/ti/rc 0.100 -0.109 1744992801.3539479
1744992801.35,-1,0.419,0.193,1.263,11,-0.244,-0.109,-0.170,20,0.562,1.263,0.218,0.088,0.34,1.50,0.123,0.112,0.899,0.710,-2.792,17.319
1744992801.36,-1,0.420,0.194,1.265,11,-0.244,-0.109,-0.148,20,0.564,1.265,0.220,0.090,0.34,1.50,0.058,0.200,1.112,3.457,3.738,13.992
# remark: robobot/cmd/ti/rc 0.100 -0.089 1744992801.360747
1744992801.36,-1,0.420,0.194,1.265,11,-0.238,-0.089,-0.148,20,0.564,1.265,0.220,0.090,0.34,1.50,0.058,0.200,1.112,3.457,3.738,13.992
# remark: robobot/cmd/ti/rc 0.100 -0.065 1744992801.371156
1744992801.37,-1,0.420,0.195,1.269,11,-0.233,-0.065,-0.204,20,0.565,1.269,0.221,0.094,0.33,1.50,-0.051,-0.003,0.834,-1.609,1.480,15.976
1744992801.38,-1,0.420,0.195,1.269,11,-0.233,-0.065,-0.204,20,0.565,1.269,0.221,0.094,0.33,1.50,0.017,0.061,0.995,-0.388,-3.220,15.213
# remark: robobot/cmd/ti/rc 0.100 -0.075 1744992801.382187
1744992801.38,-1,0.420,0.196,1.269,11,-0.227,-0.075,-0.204,20,0.565,1.269,0.221,0.094,0.33,1.50,0.017,0.061,0.995,-0.388,-3.220,15.213
1744992801.39,-1,0.420,0.197,1.270,11,-0.227,-0.075,-0.178,20,0.567,1.270,0.222,0.095,0.33,1.50,0.088,0.047,1.040,0.283,0.290,13.260
# remark: robobot/cmd/ti/rc 0.100 -0.099 1744992801.394398
1744992801.39,-1,0.420,0.197,1.270,11,-0.221,-0.099,-0.178,20,0.567,1.270,0.222,0.095,0.33,1.50,0.088,0.047,1.040,0.283,0.290,13.260
# remark: robobot/cmd/ti/rc 0.100 -0.094 1744992801.402973
1744992801.40,-1,0.421,0.198,1.271,11,-0.215,-0.094,-0.104,20,0.568,1.271,0.224,0.096,0.32,1.40,0.084,-0.003,0.939,-0.602,3.189,10.422
1744992801.40,-1,0.421,0.198,1.271,11,-0.215,-0.094,-0.104,20,0.568,1.271,0.224,0.096,0.32,1.40,0.105,0.044,0.965,0.191,-3.494,5.661
# remark: robobot/cmd/ti/rc 0.0 0.0
# remark: robobot/cmd/T0/servo 1 -6000000 0
1744992801.41,-1,0.421,0.198,1.272,11,-0.215,-0.094,-0.104,20,0.568,1.272,0.224,0.097,0.32,1.40,0.105,0.044,0.965,0.191,-3.494,5.661
1744992801.42,-1,0.421,0.199,1.271,11,-0.215,-0.094,-0.065,20,0.570,1.271,0.225,0.096,0.32,1.40,0.040,-0.067,1.110,2.267,0.443,3.952
1744992801.42,-1,0.421,0.199,1.271,11,-0.215,-0.094,-0.065,20,0.570,1.271,0.225,0.096,0.32,1.40,0.040,-0.067,1.110,2.267,0.443,3.952
1744992801.44,-1,0.421,0.200,1.271,11,-0.215,-0.094,-0.030,20,0.571,1.271,0.227,0.096,0.31,0.94,0.106,0.040,0.855,-0.083,3.159,0.626
1744992801.44,-1,0.422,0.200,1.272,11,-0.215,-0.094,-0.030,20,0.571,1.272,0.227,0.097,0.31,0.94,0.007,0.068,0.982,0.863,0.015,-0.595
1744992801.44,-1,0.422,0.201,1.270,11,-0.215,-0.094,-0.030,20,0.571,1.270,0.227,0.095,0.31,0.94,0.007,0.068,0.982,0.863,0.015,-0.595
1744992801.45,-1,0.422,0.201,1.269,11,-0.215,-0.094,-0.004,20,0.572,1.269,0.228,0.094,0.31,0.94,-0.028,-0.025,1.093,-0.358,2.884,-4.379
1744992801.45,-1,0.422,0.201,1.269,11,-0.215,-0.094,-0.004,20,0.572,1.269,0.228,0.094,0.31,0.94,-0.028,-0.025,1.093,-0.358,2.884,-4.379
1744992801.47,-1,0.422,0.201,1.270,11,-0.215,-0.094,0.074,20,0.573,1.270,0.229,0.095,0.31,0.60,-0.188,0.172,0.957,-1.670,5.295,-9.720
1744992801.47,-1,0.422,0.202,1.271,11,-0.215,-0.094,0.074,20,0.573,1.271,0.229,0.096,0.31,0.60,-0.102,0.171,0.859,0.954,-2.640,-18.295
1744992801.47,-1,0.422,0.202,1.270,11,-0.215,-0.094,0.074,20,0.573,1.270,0.229,0.095,0.31,0.60,-0.102,0.171,0.859,0.954,-2.640,-18.295
1744992801.48,-1,0.422,0.202,1.269,11,-0.215,-0.094,0.035,20,0.574,1.269,0.229,0.094,0.31,0.60,-0.095,0.022,1.000,-0.724,-4.684,-19.089
1744992801.48,-1,0.422,0.202,1.269,11,-0.215,-0.094,0.035,20,0.574,1.269,0.229,0.094,0.31,0.60,-0.095,0.022,1.000,-0.724,-4.684,-19.089
# remark: robobot/cmd/ti/alive 2025-04-18 18:13:08.652491
1744992801.50,-1,0.422,0.202,1.266,11,-0.215,-0.094,0.004,20,0.574,1.266,0.230,0.091,0.30,0.65,-0.134,0.038,1.060,-1.701,6.119,-19.241
1744992801.50,-1,0.422,0.202,1.265,11,-0.215,-0.094,0.004,20,0.574,1.265,0.230,0.090,0.30,0.65,-0.122,0.008,0.863,-1.762,-1.053,-21.927
1744992801.50,-1,0.422,0.202,1.265,11,-0.215,-0.094,0.004,20,0.574,1.265,0.230,0.090,0.30,0.65,-0.122,0.008,0.863,-1.762,-1.053,-21.927
1744992801.52,-1,0.422,0.202,1.264,11,-0.215,-0.094,0.052,20,0.575,1.264,0.230,0.089,0.30,0.65,-0.064,-0.053,0.962,0.405,-4.623,-21.713
1744992801.52,-1,0.422,0.202,1.264,11,-0.215,-0.094,0.052,20,0.575,1.264,0.230,0.089,0.30,0.65,-0.064,-0.053,0.962,0.405,-4.623,-21.713
1744992801.53,-1,0.422,0.202,1.263,11,-0.215,-0.094,0.087,20,0.575,1.263,0.231,0.088,0.30,0.72,-0.152,-0.233,0.990,-1.609,4.288,-16.342
1744992801.53,-1,0.422,0.202,1.262,11,-0.215,-0.094,0.087,20,0.575,1.262,0.231,0.087,0.30,0.72,-0.053,-0.087,0.918,-0.450,1.205,-10.361
1744992801.54,-1,0.422,0.202,1.261,11,-0.215,-0.094,0.087,20,0.575,1.261,0.231,0.086,0.30,0.72,-0.053,-0.087,0.918,-0.450,1.205,-10.361
1744992801.54,-1,0.422,0.203,1.259,11,-0.215,-0.094,0.104,20,0.576,1.259,0.231,0.084,0.30,0.72,-0.039,-0.141,0.964,-0.816,-6.424,-7.126
1744992801.55,-1,0.422,0.203,1.259,11,-0.215,-0.094,0.104,20,0.576,1.259,0.231,0.084,0.30,0.72,-0.039,-0.141,0.964,-0.816,-6.424,-7.126
1744992801.55,-1,0.422,0.203,1.257,11,-0.215,-0.094,0.078,20,0.576,1.257,0.231,0.082,0.30,0.95,-0.030,-0.170,1.115,0.374,2.182,-2.701
1744992801.55,-1,0.422,0.203,1.257,11,-0.215,-0.094,0.078,20,0.576,1.257,0.231,0.082,0.30,0.95,-0.041,-0.126,0.824,0.222,2.213,2.914
1744992801.56,-1,0.422,0.203,1.257,11,-0.215,-0.094,0.078,20,0.576,1.257,0.231,0.082,0.30,0.95,-0.041,-0.126,0.824,0.222,2.213,2.914
1744992801.57,-1,0.422,0.203,1.257,11,-0.215,-0.094,0.087,20,0.576,1.257,0.232,0.082,0.30,0.95,0.000,-0.022,1.016,0.527,-3.494,5.356
1744992801.57,-1,0.422,0.203,1.257,11,-0.215,-0.094,0.087,20,0.576,1.257,0.232,0.082,0.30,0.95,0.000,-0.022,1.016,0.527,-3.494,5.356
1744992801.59,-1,0.422,0.203,1.258,11,-0.215,-0.094,0.083,20,0.576,1.258,0.232,0.083,0.31,1.50,0.055,0.058,1.089,0.100,3.311,4.990
1744992801.59,-1,0.422,0.203,1.258,11,-0.215,-0.094,0.083,20,0.576,1.258,0.232,0.083,0.31,1.50,0.049,0.053,0.820,-0.846,1.572,3.098
1744992801.59,-1,0.422,0.203,1.258,11,-0.215,-0.094,0.083,20,0.576,1.258,0.232,0.083,0.31,1.50,0.049,0.053,0.820,-0.846,1.572,3.098
1744992801.61,-1,0.422,0.203,1.258,11,-0.215,-0.094,-0.022,20,0.577,1.258,0.232,0.083,0.31,1.50,0.043,0.020,0.960,-0.450,-4.166,1.511
1744992801.61,-1,0.422,0.203,1.258,11,-0.215,-0.094,-0.022,20,0.577,1.258,0.232,0.083,0.31,1.50,0.043,0.020,0.960,-0.450,-4.166,1.511
1744992801.62,-1,0.422,0.203,1.258,11,-0.215,-0.094,0.013,20,0.577,1.258,0.232,0.083,0.31,1.50,0.063,0.017,1.079,-0.846,2.151,-0.534
1744992801.64,-1,0.422,0.203,1.258,11,-0.215,-0.094,0.013,20,0.577,1.258,0.232,0.083,0.31,1.50,0.050,-0.019,0.901,-0.083,-0.076,-3.311
1744992801.64,-1,0.422,0.203,1.258,11,-0.215,-0.094,0.013,20,0.577,1.258,0.232,0.083,0.31,1.50,0.050,-0.019,0.901,-0.083,-0.076,-3.311
1744992801.64,-1,0.422,0.203,1.258,11,-0.215,-0.094,0.017,20,0.577,1.258,0.232,0.083,0.31,1.50,0.030,-0.055,0.993,0.069,-1.389,-3.494
1744992801.64,-1,0.422,0.203,1.258,11,-0.215,-0.094,0.017,20,0.577,1.258,0.232,0.083,0.31,1.50,0.030,-0.055,0.993,0.069,-1.389,-3.494
1744992801.68,-1,0.422,0.203,1.258,11,-0.215,-0.094,0.017,20,0.577,1.258,0.232,0.083,0.31,1.50,0.020,-0.060,0.987,0.497,2.701,-2.670
1744992801.68,-1,0.422,0.203,1.258,11,-0.215,-0.094,0.017,20,0.577,1.258,0.232,0.083,0.31,1.50,0.016,-0.046,0.943,0.222,-0.473,-1.480
1744992801.68,-1,0.422,0.203,1.258,11,-0.215,-0.094,0.017,20,0.577,1.258,0.232,0.083,0.31,1.50,0.016,-0.046,0.943,0.222,-0.473,-1.480
1744992801.68,-1,0.422,0.203,1.258,12,-0.215,-0.094,0.013,20,0.577,1.258,0.232,0.083,0.31,1.50,0.016,-0.017,1.026,0.374,-1.175,0.229
1744992801.68,-1,0.422,0.203,1.258,12,-0.215,-0.094,0.013,20,0.577,1.258,0.232,0.083,0.31,1.50,0.016,-0.017,1.026,0.374,-1.175,0.229
1744992801.68,-1,0.422,0.203,1.258,12,-0.215,-0.094,0.004,20,0.577,1.258,0.233,0.083,0.31,1.50,0.024,0.010,0.933,-0.205,1.266,1.480
1744992801.68,-1,0.422,0.203,1.258,12,-0.215,-0.094,0.004,20,0.577,1.258,0.233,0.083,0.31,1.50,0.047,0.020,0.917,0.039,-0.900,1.328
1744992801.68,-1,0.422,0.203,1.258,12,-0.215,-0.094,0.004,20,0.577,1.258,0.233,0.083,0.31,1.50,0.047,0.020,0.917,0.039,-0.900,1.328
1744992801.71,-1,0.422,0.203,1.258,12,-0.215,-0.094,0.004,20,0.577,1.258,0.233,0.083,0.31,1.50,0.058,0.009,1.034,-0.907,0.290,0.565
1744992801.71,-1,0.422,0.203,1.258,12,-0.215,-0.094,0.004,20,0.577,1.258,0.233,0.083,0.31,1.50,0.058,0.009,1.034,-0.907,0.290,0.565
1744992801.71,-1,0.422,0.203,1.258,12,-0.215,-0.094,0.009,20,0.577,1.258,0.233,0.083,0.31,1.50,0.056,-0.021,0.955,-0.205,1.144,-0.473
1744992801.71,-1,0.422,0.203,1.258,12,-0.215,-0.094,0.009,20,0.577,1.258,0.233,0.083,0.31,1.50,0.027,-0.058,0.949,-0.480,-0.656,-0.992
1744992801.71,-1,0.422,0.203,1.258,12,-0.215,-0.094,0.009,20,0.577,1.258,0.233,0.083,0.31,1.50,0.027,-0.058,0.949,-0.480,-0.656,-0.992
1744992801.74,-1,0.422,0.203,1.258,12,-0.215,-0.094,0.009,20,0.577,1.258,0.233,0.083,0.31,1.50,0.023,-0.061,0.991,-0.175,0.198,-0.565
1744992801.74,-1,0.422,0.203,1.258,12,-0.215,-0.094,0.009,20,0.577,1.258,0.233,0.083,0.31,1.50,0.023,-0.061,0.991,-0.175,0.198,-0.565
1744992801.74,-1,0.422,0.203,1.258,12,-0.215,-0.094,0.004,20,0.577,1.258,0.233,0.083,0.31,1.50,0.024,-0.039,0.965,0.374,0.229,0.198
1744992801.74,-1,0.422,0.203,1.258,12,-0.215,-0.094,0.004,20,0.577,1.258,0.233,0.083,0.31,1.50,0.030,-0.005,0.969,0.405,0.015,0.137
1744992801.79,-1,0.422,0.203,1.258,12,-0.215,-0.094,0.004,20,0.577,1.258,0.233,0.083,0.31,1.50,0.030,-0.005,0.969,0.405,0.015,0.137
1744992801.79,-1,0.422,0.203,1.258,12,-0.215,-0.094,-0.004,20,0.577,1.258,0.233,0.083,0.31,1.50,0.030,0.021,0.961,0.130,0.748,0.778
1744992801.79,-1,0.422,0.203,1.258,12,-0.215,-0.094,-0.004,20,0.577,1.258,0.233,0.083,0.31,1.50,0.030,0.021,0.961,0.130,0.748,0.778
1744992801.79,-1,0.422,0.203,1.258,12,-0.215,-0.094,-0.013,20,0.577,1.258,0.233,0.083,0.31,1.50,0.035,0.026,0.952,0.191,0.015,0.320
1744992801.79,-1,0.422,0.203,1.258,12,-0.215,-0.094,-0.013,20,0.577,1.258,0.233,0.083,0.31,1.50,0.035,0.003,0.988,-0.572,-0.534,0.168
1744992801.79,-1,0.422,0.203,1.258,12,-0.215,-0.094,-0.013,20,0.577,1.258,0.233,0.083,0.31,1.50,0.035,0.003,0.988,-0.572,-0.534,0.168
1744992801.79,-1,0.422,0.203,1.258,12,-0.215,-0.094,-0.009,20,0.577,1.258,0.233,0.083,0.31,1.50,0.033,-0.022,0.971,-0.541,0.015,-0.046
1744992801.79,-1,0.422,0.203,1.258,12,-0.215,-0.094,-0.009,20,0.577,1.258,0.233,0.083,0.31,1.50,0.033,-0.022,0.971,-0.541,0.015,-0.046
# remark: % State change from 801 to 805
1744992801.82,-1,0.422,0.203,1.258,12,-0.215,-0.094,-0.009,20,0.578,1.258,0.233,0.083,0.31,1.50,0.022,-0.051,0.963,-0.419,0.076,-0.076
1744992801.82,-1,0.422,0.203,1.258,12,-0.215,-0.094,-0.009,20,0.578,1.258,0.233,0.083,0.31,1.50,0.030,-0.043,0.979,-0.053,0.504,0.259
1744992801.82,-1,0.422,0.203,1.258,12,-0.215,-0.094,-0.009,20,0.578,1.258,0.233,0.083,0.31,1.50,0.030,-0.043,0.979,-0.053,0.504,0.259
1744992801.82,-1,0.422,0.203,1.258,12,-0.215,-0.094,0.013,20,0.578,1.258,0.233,0.083,0.31,1.50,0.028,-0.038,0.973,0.130,0.656,0.229
1744992801.82,-1,0.422,0.203,1.258,12,-0.215,-0.094,0.013,20,0.578,1.258,0.233,0.083,0.31,1.50,0.028,-0.038,0.973,0.130,0.656,0.229
1744992801.82,-1,0.422,0.203,1.258,12,-0.215,-0.094,0.013,20,0.578,1.258,0.233,0.083,0.31,1.50,0.047,0.005,0.972,0.313,0.046,0.015
1744992801.85,-1,0.422,0.203,1.258,12,-0.215,-0.094,0.013,20,0.578,1.258,0.233,0.083,0.31,1.50,0.031,0.010,0.964,0.283,0.137,-0.046
1744992801.85,-1,0.422,0.203,1.258,12,-0.215,-0.094,0.013,20,0.578,1.258,0.233,0.083,0.31,1.50,0.031,0.010,0.964,0.283,0.137,-0.046
1744992801.85,-1,0.422,0.203,1.258,12,-0.215,-0.094,0.013,20,0.577,1.258,0.233,0.083,0.31,1.50,0.036,0.027,0.958,0.161,0.137,-0.290
1744992801.85,-1,0.422,0.203,1.258,12,-0.215,-0.094,0.013,20,0.577,1.258,0.233,0.083,0.31,1.50,0.036,0.027,0.958,0.161,0.137,-0.290
1744992801.87,-1,0.422,0.203,1.258,12,-0.215,-0.094,0.013,20,0.577,1.258,0.233,0.083,0.31,1.50,0.033,-0.002,0.965,-0.755,0.076,-0.320
1744992801.87,-1,0.422,0.203,1.258,12,-0.215,-0.094,0.013,20,0.577,1.258,0.233,0.083,0.31,1.50,0.027,-0.012,0.980,-0.480,0.351,-0.046
# remark: robobot/cmd/ti/rc -0.20 0.0
1744992801.93,-1,0.422,0.203,1.258,12,-0.215,-0.094,0.013,20,0.577,1.258,0.000,0.000,0.31,1.50,0.027,-0.012,0.980,-0.480,0.351,-0.046
1744992801.93,-1,0.422,0.203,1.258,12,-0.215,-0.094,0.013,20,0.577,1.258,-0.000,0.000,0.31,1.50,0.018,-0.041,0.972,-0.358,0.015,0.595
1744992801.93,-1,0.422,0.203,1.258,12,-0.215,-0.094,0.013,20,0.577,1.258,-0.000,0.000,0.31,1.50,0.018,-0.041,0.972,-0.358,0.015,0.595
1744992801.93,-1,0.422,0.203,1.258,12,-0.215,-0.094,0.013,20,0.577,1.258,-0.000,0.000,0.31,1.50,0.026,-0.044,0.973,0.161,-0.076,0.870
1744992801.93,-1,0.422,0.203,1.258,12,-0.215,-0.094,0.013,20,0.577,1.258,-0.000,0.000,0.31,1.50,0.028,-0.028,0.978,0.069,0.107,0.656
1744992801.93,-1,0.422,0.203,1.258,12,-0.215,-0.094,0.013,20,0.577,1.258,-0.000,0.000,0.31,1.50,0.028,-0.028,0.978,0.069,0.107,0.656
1744992801.93,-1,0.422,0.203,1.258,12,-0.215,-0.094,0.013,20,0.577,1.258,-0.000,0.000,0.31,1.50,0.034,-0.012,0.968,0.191,0.046,0.076
1744992801.93,-1,0.422,0.203,1.258,12,-0.215,-0.094,0.013,20,0.577,1.258,-0.000,0.000,0.31,1.50,0.034,-0.012,0.968,0.191,0.046,0.076
1744992801.93,-1,0.422,0.203,1.258,12,-0.215,-0.094,0.013,20,0.577,1.258,-0.000,0.000,0.31,1.50,0.035,0.005,0.969,0.222,0.168,-0.748
1744992801.93,-1,0.422,0.203,1.258,12,-0.215,-0.094,0.013,20,0.577,1.258,-0.000,0.000,0.31,1.50,0.034,0.005,0.964,0.252,0.290,-0.839
1744992801.93,-1,0.422,0.203,1.258,12,-0.215,-0.094,0.013,20,0.577,1.258,-0.000,0.000,0.31,1.50,0.034,0.005,0.964,0.252,0.290,-0.839
1744992801.94,-1,0.422,0.203,1.258,12,-0.215,-0.094,0.013,20,0.577,1.258,-0.000,0.000,0.31,1.50,0.021,-0.007,0.967,-0.114,-0.168,-0.748
1744992801.94,-1,0.422,0.203,1.258,12,-0.215,-0.094,0.013,20,0.577,1.258,-0.000,0.000,0.31,1.50,0.021,-0.007,0.967,-0.114,-0.168,-0.748
1744992801.94,-1,0.422,0.203,1.258,12,-0.215,-0.094,0.013,20,0.577,1.258,-0.000,0.000,0.31,1.50,0.021,-0.023,0.980,-0.236,0.015,-0.137
1744992801.95,-1,0.422,0.203,1.258,12,-0.215,-0.094,0.013,20,0.577,1.258,-0.000,0.000,0.31,1.50,0.016,-0.041,0.955,-0.205,-0.168,0.412
1744992801.95,-1,0.422,0.203,1.258,12,-0.215,-0.094,0.013,20,0.577,1.258,-0.000,0.000,0.31,1.50,0.016,-0.041,0.955,-0.205,-0.168,0.412
1744992801.96,-1,0.422,0.203,1.258,12,-0.215,-0.094,0.013,20,0.577,1.258,-0.000,0.000,0.31,1.50,0.030,-0.033,0.974,0.069,0.076,0.565
1744992801.97,-1,0.422,0.203,1.258,12,-0.215,-0.094,0.013,20,0.577,1.258,-0.000,0.000,0.31,1.50,0.030,-0.033,0.974,0.069,0.076,0.565
1744992801.97,-1,0.422,0.203,1.258,12,-0.215,-0.094,0.004,20,0.577,1.258,-0.000,0.000,0.31,1.50,0.030,-0.028,0.977,-0.053,0.412,0.961
1744992801.98,-1,0.422,0.202,1.258,12,-0.215,-0.094,0.004,20,0.577,1.258,-0.000,0.000,0.31,1.50,0.044,-0.007,0.996,0.191,0.046,0.565
1744992801.98,-1,0.422,0.202,1.259,12,-0.215,-0.094,0.004,20,0.577,1.259,-0.000,0.001,0.31,1.50,0.044,-0.007,0.996,0.191,0.046,0.565
1744992801.99,-1,0.422,0.201,1.263,12,-0.215,-0.094,-0.004,20,0.577,1.263,-0.000,0.005,0.31,1.50,0.013,0.156,1.091,0.405,4.471,-2.121
1744992801.99,-1,0.422,0.201,1.263,12,-0.215,-0.094,-0.004,20,0.577,1.263,-0.000,0.005,0.31,1.50,0.013,0.156,1.091,0.405,4.471,-2.121
1744992802.01,-1,0.422,0.201,1.265,12,-0.215,-0.094,-0.417,20,0.577,1.265,-0.001,0.007,0.31,1.50,-0.456,-0.059,1.015,0.497,9.872,-9.567
1744992802.01,-1,0.422,0.200,1.265,12,-0.215,-0.094,-0.417,20,0.577,1.265,-0.001,0.007,0.31,1.50,-0.525,-0.079,0.888,6.508,7.095,-4.867
1744992802.02,-1,0.421,0.200,1.264,12,-0.215,-0.094,-0.417,20,0.577,1.264,-0.001,0.006,0.31,1.50,-0.525,-0.079,0.888,6.508,7.095,-4.867
1744992802.02,-1,0.421,0.199,1.262,12,-0.215,-0.094,-0.270,20,0.575,1.262,-0.002,0.003,0.31,1.50,-0.186,0.087,0.832,-11.436,3.494,-2.548
# remark: robobot/cmd/ti/alive 2025-04-18 18:13:08.652491
1744992802.04,-1,0.421,0.199,1.262,12,-0.215,-0.094,-0.270,20,0.575,1.262,-0.002,0.003,0.31,1.50,-0.186,0.087,0.832,-11.436,3.494,-2.548
1744992802.04,-1,0.421,0.198,1.261,12,-0.215,-0.094,0.152,20,0.574,1.261,-0.003,0.002,0.31,1.50,-0.134,0.108,0.874,0.741,1.663,-5.814
1744992802.04,-1,0.421,0.198,1.262,12,-0.215,-0.094,0.152,20,0.574,1.262,-0.003,0.003,0.31,1.50,-0.177,-0.054,0.866,1.107,-5.051,-12.375
1744992802.04,-1,0.420,0.197,1.262,12,-0.215,-0.094,0.152,20,0.574,1.262,-0.003,0.003,0.31,1.50,-0.177,-0.054,0.866,1.107,-5.051,-12.375
1744992802.06,-1,0.420,0.196,1.259,12,-0.215,-0.094,0.022,20,0.572,1.259,-0.005,0.001,0.31,1.50,-0.293,0.058,1.290,1.717,-8.286,-13.107
1744992802.06,-1,0.420,0.196,1.259,12,-0.215,-0.094,0.022,20,0.572,1.259,-0.005,0.001,0.31,1.50,-0.293,0.058,1.290,1.717,-8.286,-13.107
1744992802.07,-1,0.420,0.194,1.258,12,-0.215,-0.094,0.130,20,0.570,1.258,-0.007,0.000,0.31,1.50,-0.367,-0.067,1.089,-4.447,0.656,-6.576
1744992802.07,-1,0.419,0.193,1.257,12,-0.215,-0.094,0.130,20,0.570,1.257,-0.007,-0.001,0.31,1.50,-0.134,0.021,0.991,-2.128,-0.687,-9.872
1744992802.07,-1,0.419,0.192,1.257,12,-0.215,-0.094,0.130,20,0.570,1.257,-0.007,-0.001,0.31,1.50,-0.134,0.021,0.991,-2.128,-0.687,-9.872
1744992802.08,-1,0.418,0.191,1.255,12,-0.215,-0.094,0.148,20,0.568,1.255,-0.010,-0.004,0.31,1.50,-0.261,-0.010,1.018,2.907,-1.480,-11.398
1744992802.08,-1,0.418,0.191,1.255,12,-0.215,-0.094,0.148,20,0.568,1.255,-0.010,-0.004,0.31,1.50,-0.261,-0.010,1.018,2.907,-1.480,-11.398
1744992802.09,-1,0.418,0.189,1.254,12,-0.215,-0.094,0.117,20,0.565,1.254,-0.013,-0.005,0.32,1.50,-0.154,-0.046,0.884,-1.396,-0.687,-10.544
1744992802.11,-1,0.417,0.188,1.252,12,-0.215,-0.094,0.117,20,0.565,1.252,-0.013,-0.006,0.32,1.50,-0.098,0.003,1.092,-4.722,-2.365,-9.445
1744992802.11,-1,0.417,0.186,1.252,12,-0.215,-0.094,0.117,20,0.565,1.252,-0.013,-0.006,0.32,1.50,-0.098,0.003,1.092,-4.722,-2.365,-9.445
1744992802.11,-1,0.416,0.184,1.252,12,-0.215,-0.094,0.139,20,0.562,1.252,-0.016,-0.006,0.32,1.50,-0.209,-0.015,1.078,2.816,-0.381,-10.757
1744992802.11,-1,0.416,0.184,1.252,12,-0.215,-0.094,0.139,20,0.562,1.252,-0.016,-0.006,0.32,1.50,-0.209,-0.015,1.078,2.816,-0.381,-10.757
1744992802.13,-1,0.416,0.182,1.251,12,-0.215,-0.094,0.104,20,0.559,1.251,-0.019,-0.007,0.32,1.50,-0.025,-0.050,0.815,0.619,-1.053,-11.307
1744992802.13,-1,0.415,0.181,1.250,12,-0.215,-0.094,0.104,20,0.559,1.250,-0.019,-0.008,0.32,1.50,-0.169,-0.076,0.956,-0.572,-1.602,-11.612
1744992802.13,-1,0.415,0.180,1.249,12,-0.215,-0.094,0.104,20,0.559,1.249,-0.019,-0.009,0.32,1.50,-0.169,-0.076,0.956,-0.572,-1.602,-11.612
1744992802.15,-1,0.414,0.178,1.248,12,-0.215,-0.094,0.122,20,0.555,1.248,-0.022,-0.010,0.32,1.50,0.027,-0.022,1.068,0.741,-0.443,-10.330
1744992802.15,-1,0.414,0.178,1.248,12,-0.215,-0.094,0.122,20,0.555,1.248,-0.022,-0.010,0.32,1.50,0.027,-0.022,1.068,0.741,-0.443,-10.330
1744992802.15,-1,0.414,0.176,1.247,12,-0.215,-0.094,0.130,20,0.552,1.247,-0.026,-0.012,0.33,1.50,0.071,0.003,0.914,1.717,-1.877,-11.734
1744992802.16,-1,0.413,0.175,1.247,12,-0.215,-0.094,0.130,20,0.552,1.247,-0.026,-0.012,0.33,1.50,-0.005,-0.039,0.905,1.961,-4.257,-11.764
1744992802.17,-1,0.413,0.174,1.246,12,-0.215,-0.094,0.130,20,0.552,1.246,-0.026,-0.013,0.33,1.50,-0.005,-0.039,0.905,1.961,-4.257,-11.764
1744992802.17,-1,0.412,0.172,1.244,12,-0.215,-0.094,0.117,20,0.548,1.244,-0.029,-0.014,0.33,1.50,-0.019,-0.033,1.083,0.374,-3.036,-12.283
1744992802.17,-1,0.412,0.172,1.244,12,-0.215,-0.094,0.117,20,0.548,1.244,-0.029,-0.014,0.33,1.50,-0.019,-0.033,1.083,0.374,-3.036,-12.283
1744992802.18,-1,0.411,0.170,1.246,12,-0.215,-0.094,0.026,20,0.545,1.246,-0.032,-0.013,0.35,1.50,0.097,0.034,0.932,-0.083,-0.046,-12.314
1744992802.18,-1,0.411,0.169,1.246,12,-0.215,-0.094,0.026,20,0.545,1.246,-0.032,-0.013,0.35,1.50,0.037,-0.005,0.921,0.161,-1.450,-11.856
1744992802.19,-1,0.411,0.168,1.244,12,-0.215,-0.094,0.026,20,0.545,1.244,-0.032,-0.014,0.35,1.50,0.037,-0.005,0.921,0.161,-1.450,-11.856
1744992802.20,-1,0.410,0.165,1.246,12,-0.215,-0.094,-0.017,20,0.542,1.246,-0.036,-0.013,0.35,1.50,0.059,-0.013,0.961,-2.799,0.534,-10.971
1744992802.20,-1,0.410,0.165,1.246,12,-0.215,-0.094,-0.017,20,0.542,1.246,-0.036,-0.013,0.35,1.50,0.059,-0.013,0.961,-2.799,0.534,-10.971
1744992802.21,-1,0.409,0.163,1.246,12,-0.215,-0.094,0.004,20,0.539,1.246,-0.039,-0.013,0.36,1.50,0.021,-0.040,0.914,-1.426,0.259,-10.117
1744992802.22,-1,0.409,0.163,1.244,12,-0.215,-0.094,0.004,20,0.539,1.244,-0.039,-0.014,0.36,1.50,0.026,-0.091,0.988,0.893,-3.830,-7.248
1744992802.22,-1,0.409,0.161,1.244,12,-0.215,-0.094,0.004,20,0.539,1.244,-0.039,-0.014,0.36,1.50,0.026,-0.091,0.988,0.893,-3.830,-7.248
1744992802.23,-1,0.408,0.159,1.243,12,-0.215,-0.094,0.083,20,0.535,1.243,-0.042,-0.015,0.36,1.50,0.076,-0.059,1.069,-1.426,-1.175,-5.203
1744992802.24,-1,0.408,0.159,1.243,12,-0.215,-0.094,0.083,20,0.535,1.243,-0.042,-0.015,0.36,1.50,0.076,-0.059,1.069,-1.426,-1.175,-5.203
1744992802.24,-1,0.407,0.157,1.243,12,-0.215,-0.094,0.087,20,0.532,1.243,-0.046,-0.015,0.38,1.50,0.062,-0.035,0.896,-2.220,1.419,-2.945
1744992802.25,-1,0.407,0.156,1.242,12,-0.215,-0.094,0.087,20,0.532,1.242,-0.046,-0.016,0.38,1.50,0.048,-0.053,0.842,0.527,-2.182,-2.487
1744992802.26,-1,0.407,0.155,1.243,12,-0.215,-0.094,0.087,20,0.532,1.243,-0.046,-0.015,0.38,1.50,0.048,-0.053,0.842,0.527,-2.182,-2.487
1744992802.27,-1,0.406,0.153,1.243,12,-0.215,-0.094,0.009,20,0.529,1.243,-0.049,-0.015,0.38,1.50,0.088,-0.065,1.090,-1.579,1.877,0.137
1744992802.27,-1,0.406,0.153,1.243,12,-0.215,-0.094,0.009,20,0.529,1.243,-0.049,-0.015,0.38,1.50,0.088,-0.065,1.090,-1.579,1.877,0.137
1744992802.28,-1,0.405,0.151,1.243,12,-0.215,-0.094,0.004,20,0.525,1.243,-0.052,-0.015,0.39,1.50,0.066,-0.115,1.052,-3.135,6.027,2.762
1744992802.28,-1,0.405,0.150,1.243,12,-0.215,-0.094,0.004,20,0.525,1.243,-0.052,-0.015,0.39,1.50,0.065,-0.015,0.888,-0.358,-1.968,4.440
1744992802.28,-1,0.404,0.149,1.244,12,-0.215,-0.094,0.004,20,0.525,1.244,-0.052,-0.014,0.39,1.50,0.065,-0.015,0.888,-0.358,-1.968,4.440
1744992802.29,-1,0.404,0.147,1.246,12,-0.215,-0.094,-0.026,20,0.522,1.246,-0.055,-0.013,0.39,1.50,0.000,-0.071,1.010,0.008,-3.403,5.112
1744992802.29,-1,0.404,0.147,1.246,12,-0.215,-0.094,-0.026,20,0.522,1.246,-0.055,-0.013,0.39,1.50,0.000,-0.071,1.010,0.008,-3.403,5.112
1744992802.31,-1,0.403,0.145,1.246,12,-0.215,-0.094,-0.122,20,0.519,1.246,-0.058,-0.013,0.40,1.50,0.068,-0.126,0.926,-3.440,0.748,8.926
1744992802.31,-1,0.403,0.144,1.246,12,-0.215,-0.094,-0.122,20,0.519,1.246,-0.058,-0.013,0.40,1.50,0.044,-0.017,0.914,-0.907,-3.860,11.276
1744992802.31,-1,0.402,0.143,1.247,12,-0.215,-0.094,-0.122,20,0.519,1.247,-0.058,-0.012,0.40,1.50,0.044,-0.017,0.914,-0.907,-3.860,11.276
1744992802.33,-1,0.402,0.141,1.247,12,-0.215,-0.094,-0.091,20,0.516,1.247,-0.061,-0.012,0.40,1.50,0.029,-0.101,0.976,1.534,-2.884,14.023
1744992802.33,-1,0.402,0.141,1.247,12,-0.215,-0.094,-0.091,20,0.516,1.247,-0.061,-0.012,0.40,1.50,0.029,-0.101,0.976,1.534,-2.884,14.023
1744992802.33,-1,0.401,0.139,1.248,12,-0.215,-0.094,-0.057,20,0.513,1.248,-0.064,-0.010,0.41,1.50,0.109,-0.047,0.925,1.382,-0.107,15.549
1744992802.33,-1,0.401,0.138,1.248,12,-0.215,-0.094,-0.057,20,0.513,1.248,-0.064,-0.010,0.41,1.50,0.069,-0.087,0.928,-0.419,-2.213,16.220
1744992802.34,-1,0.401,0.137,1.249,12,-0.215,-0.094,-0.057,20,0.513,1.249,-0.064,-0.009,0.41,1.50,0.069,-0.087,0.928,-0.419,-2.213,16.220
1744992802.36,-1,0.400,0.135,1.250,12,-0.215,-0.094,-0.091,20,0.510,1.250,-0.068,-0.008,0.41,1.50,0.054,-0.132,1.044,2.999,-3.067,18.021
1744992802.36,-1,0.400,0.135,1.250,12,-0.215,-0.094,-0.091,20,0.510,1.250,-0.068,-0.008,0.41,1.50,0.054,-0.132,1.044,2.999,-3.067,18.021
1744992802.36,-1,0.399,0.133,1.250,12,-0.215,-0.094,-0.083,20,0.507,1.250,-0.071,-0.008,0.43,1.50,0.053,-0.084,0.930,1.076,-2.426,20.126
1744992802.36,-1,0.399,0.133,1.251,12,-0.215,-0.094,-0.083,20,0.507,1.251,-0.071,-0.007,0.43,1.50,0.059,-0.104,1.023,0.802,-1.511,20.981
1744992802.37,-1,0.399,0.132,1.252,12,-0.215,-0.094,-0.083,20,0.507,1.252,-0.071,-0.006,0.43,1.50,0.059,-0.104,1.023,0.802,-1.511,20.981
1744992802.38,-1,0.398,0.130,1.256,12,-0.215,-0.094,-0.113,20,0.504,1.256,-0.074,-0.002,0.43,1.50,0.048,-0.001,0.983,2.999,1.694,18.753
1744992802.38,-1,0.398,0.130,1.256,12,-0.215,-0.094,-0.113,20,0.504,1.256,-0.074,-0.002,0.43,1.50,0.048,-0.001,0.983,2.999,1.694,18.753
1744992802.40,-1,0.398,0.128,1.258,12,-0.215,-0.094,-0.265,20,0.501,1.258,-0.076,0.000,0.45,1.30,0.050,-0.066,0.956,2.053,-2.640,19.028
1744992802.40,-1,0.397,0.128,1.258,12,-0.215,-0.094,-0.265,20,0.501,1.258,-0.076,0.000,0.45,1.30,0.015,-0.020,1.122,1.931,0.137,20.096
1744992802.40,-1,0.397,0.126,1.259,12,-0.215,-0.094,-0.265,20,0.501,1.259,-0.076,0.001,0.45,1.30,0.015,-0.020,1.122,1.931,0.137,20.096
1744992802.41,-1,0.396,0.125,1.261,12,-0.215,-0.094,-0.196,20,0.498,1.261,-0.079,0.002,0.45,1.30,0.031,0.059,0.960,-0.602,5.112,20.065
1744992802.42,-1,0.396,0.125,1.261,12,-0.215,-0.094,-0.196,20,0.498,1.261,-0.079,0.002,0.45,1.30,0.031,0.059,0.960,-0.602,5.112,20.065
1744992802.42,-1,0.396,0.123,1.263,12,-0.215,-0.094,-0.196,20,0.496,1.263,-0.082,0.005,0.46,0.86,-0.027,0.029,0.788,2.572,-3.006,17.929
1744992802.43,-1,0.396,0.122,1.264,12,-0.215,-0.094,-0.196,20,0.496,1.264,-0.082,0.006,0.46,0.86,0.053,0.115,1.032,0.771,-4.807,16.983
1744992802.43,-1,0.395,0.121,1.265,12,-0.215,-0.094,-0.196,20,0.496,1.265,-0.082,0.007,0.46,0.86,0.053,0.115,1.032,0.771,-4.807,16.983
1744992802.44,-1,0.395,0.119,1.266,12,-0.215,-0.094,-0.183,20,0.493,1.266,-0.085,0.008,0.46,0.86,0.025,-0.073,1.147,-2.555,5.020,16.281
1744992802.44,-1,0.395,0.119,1.266,12,-0.215,-0.094,-0.183,20,0.493,1.266,-0.085,0.008,0.46,0.86,0.025,-0.073,1.147,-2.555,5.020,16.281
1744992802.45,-1,0.394,0.117,1.268,12,-0.215,-0.094,-0.161,20,0.490,1.268,-0.088,0.009,0.46,0.67,0.021,0.023,1.066,2.083,7.889,16.220
1744992802.46,-1,0.394,0.117,1.269,12,-0.215,-0.094,-0.161,20,0.490,1.269,-0.088,0.010,0.46,0.67,0.024,0.058,0.878,-0.297,6.851,12.436
1744992802.46,-1,0.394,0.116,1.268,12,-0.215,-0.094,-0.161,20,0.490,1.268,-0.088,0.009,0.46,0.67,0.024,0.058,0.878,-0.297,6.851,12.436
1744992802.47,-1,0.393,0.114,1.269,12,-0.215,-0.094,-0.096,20,0.487,1.269,-0.090,0.010,0.46,0.67,0.008,0.044,0.837,0.649,3.494,10.391
1744992802.47,-1,0.393,0.114,1.269,12,-0.215,-0.094,-0.096,20,0.487,1.269,-0.090,0.010,0.46,0.67,0.008,0.044,0.837,0.649,3.494,10.391
1744992802.48,-1,0.392,0.112,1.270,12,-0.215,-0.094,-0.061,20,0.484,1.270,-0.094,0.012,0.49,0.58,-0.026,-0.003,0.898,-0.236,0.809,8.957
1744992802.49,-1,0.392,0.111,1.270,12,-0.215,-0.094,-0.061,20,0.484,1.270,-0.094,0.012,0.49,0.58,0.033,0.032,0.989,0.649,-1.114,6.790
1744992802.49,-1,0.392,0.110,1.271,12,-0.215,-0.094,-0.061,20,0.484,1.271,-0.094,0.013,0.49,0.58,0.033,0.032,0.989,0.649,-1.114,6.790
1744992802.50,-1,0.391,0.108,1.270,12,-0.215,-0.094,-0.074,20,0.481,1.270,-0.096,0.012,0.49,0.58,0.033,-0.019,0.932,1.351,-2.701,6.485
1744992802.50,-1,0.391,0.108,1.270,12,-0.215,-0.094,-0.074,20,0.481,1.270,-0.096,0.012,0.49,0.58,0.033,-0.019,0.932,1.351,-2.701,6.485
1744992802.51,-1,0.391,0.106,1.271,12,-0.215,-0.094,0.000,20,0.478,1.271,-0.099,0.013,0.55,0.51,-0.015,-0.008,0.974,0.374,-1.328,5.692
1744992802.52,-1,0.390,0.105,1.271,12,-0.215,-0.094,0.000,20,0.478,1.271,-0.099,0.013,0.55,0.51,-0.047,-0.027,0.991,-2.006,-0.778,5.600
1744992802.52,-1,0.390,0.104,1.270,12,-0.215,-0.094,0.000,20,0.478,1.270,-0.099,0.012,0.55,0.51,-0.047,-0.027,0.991,-2.006,-0.778,5.600
1744992802.53,-1,0.389,0.102,1.270,12,-0.215,-0.094,0.004,20,0.475,1.270,-0.102,0.012,0.55,0.51,-0.002,0.025,0.929,0.863,-3.220,4.532
1744992802.53,-1,0.389,0.102,1.270,12,-0.215,-0.094,0.004,20,0.475,1.270,-0.102,0.012,0.55,0.51,-0.002,0.025,0.929,0.863,-3.220,4.532
1744992802.54,-1,0.389,0.100,1.271,12,-0.215,-0.094,-0.013,20,0.472,1.271,-0.106,0.013,0.64,0.47,-0.011,0.013,0.925,-0.938,-6.332,5.508
1744992802.55,-1,0.389,0.099,1.271,12,-0.215,-0.094,-0.013,20,0.472,1.271,-0.106,0.013,0.64,0.47,0.047,-0.013,1.259,-2.433,-1.358,6.638
1744992802.55,-1,0.388,0.098,1.271,12,-0.215,-0.094,-0.013,20,0.472,1.271,-0.106,0.013,0.64,0.47,0.047,-0.013,1.259,-2.433,-1.358,6.638
# remark: robobot/cmd/ti/rc 0.0 0.0
# remark: robobot/cmd/ti/alive 2025-04-18 18:13:08.652491
1744992802.56,-1,0.387,0.096,1.272,12,-0.215,-0.094,-0.039,20,0.469,1.272,-0.109,0.014,0.64,0.47,0.046,-0.045,1.150,-0.083,5.447,8.560
1744992802.56,-1,0.387,0.096,1.272,12,-0.215,-0.094,-0.039,20,0.469,1.272,-0.109,0.014,0.64,0.47,0.046,-0.045,1.150,-0.083,5.447,8.560
1744992802.57,-1,0.387,0.094,1.272,12,-0.215,-0.094,-0.057,20,0.465,1.272,-0.112,0.014,0.79,0.49,-0.009,-0.031,0.766,3.182,0.290,7.767
1744992802.58,-1,0.387,0.093,1.273,12,-0.215,-0.094,-0.057,20,0.465,1.273,-0.112,0.015,0.79,0.49,0.024,0.018,0.723,0.466,-3.494,5.112
1744992802.58,-1,0.386,0.092,1.274,12,-0.215,-0.094,-0.057,20,0.465,1.274,-0.112,0.016,0.79,0.49,0.024,0.018,0.723,0.466,-3.494,5.112
1744992802.60,-1,0.386,0.091,1.277,12,-0.215,-0.094,-0.117,20,0.463,1.277,-0.115,0.018,0.79,0.49,0.123,-0.044,1.123,0.924,0.046,6.943
1744992802.60,-1,0.386,0.091,1.277,12,-0.215,-0.094,-0.117,20,0.463,1.277,-0.115,0.018,0.79,0.49,0.123,-0.044,1.123,0.924,0.046,6.943
1744992802.60,-1,0.385,0.089,1.281,12,-0.215,-0.094,-0.278,20,0.460,1.281,-0.118,0.023,1.50,0.50,0.106,-0.078,1.227,0.558,5.814,9.323
1744992802.61,-1,0.385,0.089,1.282,12,-0.215,-0.094,-0.278,20,0.460,1.282,-0.118,0.024,1.50,0.50,0.005,-0.115,0.679,-4.325,-2.274,11.246
1744992802.61,-1,0.385,0.088,1.286,12,-0.215,-0.094,-0.278,20,0.460,1.286,-0.118,0.028,1.50,0.50,0.005,-0.115,0.679,-4.325,-2.274,11.246
1744992802.64,-1,0.384,0.086,1.290,12,-0.215,-0.094,-0.435,20,0.458,1.290,-0.120,0.031,1.50,0.50,0.208,-0.077,0.669,-1.670,-10.849,14.298
1744992802.64,-1,0.384,0.086,1.290,12,-0.215,-0.094,-0.435,20,0.458,1.290,-0.120,0.031,1.50,0.50,0.208,-0.077,0.669,-1.670,-10.849,14.298
1744992802.64,-1,0.384,0.084,1.290,12,-0.215,-0.094,-0.274,20,0.455,1.290,-0.122,0.031,1.50,0.52,0.195,-0.117,1.060,1.351,0.107,22.507
1744992802.64,-1,0.384,0.084,1.291,12,-0.215,-0.094,-0.274,20,0.455,1.291,-0.122,0.032,1.50,0.52,0.174,0.032,1.051,0.649,6.943,20.401
1744992802.64,-1,0.383,0.083,1.293,12,-0.215,-0.094,-0.274,20,0.455,1.293,-0.122,0.035,1.50,0.52,0.174,0.032,1.051,0.649,6.943,20.401
1744992802.65,-1,0.383,0.081,1.295,12,-0.215,-0.094,-0.191,20,0.452,1.295,-0.125,0.037,1.50,0.52,0.056,-0.000,0.852,-1.212,1.785,19.241
1744992802.65,-1,0.383,0.081,1.295,12,-0.215,-0.094,-0.191,20,0.452,1.295,-0.125,0.037,1.50,0.52,0.056,-0.000,0.852,-1.212,1.785,19.241
1744992802.66,-1,0.383,0.079,1.298,12,-0.215,-0.094,-0.291,20,0.450,1.298,-0.128,0.039,1.50,0.56,0.084,-0.006,0.872,-0.541,-3.464,18.906
1744992802.66,-1,0.382,0.079,1.300,12,-0.215,-0.094,-0.291,20,0.450,1.300,-0.128,0.042,1.50,0.56,0.176,-0.019,1.013,-1.151,-1.755,20.187
1744992802.67,-1,0.382,0.078,1.300,12,-0.215,-0.094,-0.291,20,0.450,1.300,-0.128,0.042,1.50,0.56,0.176,-0.019,1.013,-1.151,-1.755,20.187
1744992802.68,-1,0.382,0.077,1.302,12,-0.215,-0.094,-0.209,20,0.448,1.302,-0.130,0.044,1.50,0.56,0.230,0.001,1.070,1.717,1.968,16.983
1744992802.68,-1,0.382,0.077,1.302,12,-0.215,-0.094,-0.209,20,0.448,1.302,-0.130,0.044,1.50,0.56,0.230,0.001,1.070,1.717,1.968,16.983
1744992802.70,-1,0.381,0.075,1.303,12,-0.215,-0.094,-0.196,20,0.446,1.303,-0.132,0.045,1.50,0.57,0.120,-0.052,0.896,-0.907,0.229,14.877
1744992802.70,-1,0.381,0.075,1.304,12,-0.215,-0.094,-0.196,20,0.446,1.304,-0.132,0.046,1.50,0.57,0.102,0.048,0.904,-0.755,-0.687,12.955
1744992802.70,-1,0.381,0.074,1.306,12,-0.215,-0.094,-0.196,20,0.446,1.306,-0.132,0.047,1.50,0.57,0.102,0.048,0.904,-0.755,-0.687,12.955
1744992802.71,-1,0.381,0.073,1.308,12,-0.215,-0.094,-0.170,20,0.443,1.308,-0.134,0.050,1.50,0.57,0.152,-0.010,0.927,2.053,-0.473,11.795
1744992802.71,-1,0.381,0.073,1.308,12,-0.215,-0.094,-0.170,20,0.443,1.308,-0.134,0.050,1.50,0.57,0.152,-0.010,0.927,2.053,-0.473,11.795
1744992802.73,-1,0.380,0.072,1.309,12,-0.215,-0.094,-0.152,20,0.442,1.309,-0.136,0.051,1.50,0.53,0.154,-0.015,0.992,1.382,-0.046,10.147
1744992802.73,-1,0.380,0.071,1.309,12,-0.215,-0.094,-0.152,20,0.442,1.309,-0.136,0.051,1.50,0.53,0.148,-0.047,1.142,-1.029,-0.412,10.666
1744992802.73,-1,0.380,0.071,1.309,12,-0.215,-0.094,-0.152,20,0.442,1.309,-0.136,0.051,1.50,0.53,0.148,-0.047,1.142,-1.029,-0.412,10.666
1744992802.74,-1,0.380,0.070,1.309,12,-0.215,-0.094,-0.113,20,0.440,1.309,-0.138,0.051,1.50,0.53,0.148,0.055,1.031,2.724,-0.595,6.882
1744992802.76,-1,0.380,0.070,1.309,12,-0.215,-0.094,-0.113,20,0.440,1.309,-0.138,0.051,1.50,0.53,0.148,0.055,1.031,2.724,-0.595,6.882
1744992802.76,-1,0.380,0.069,1.312,12,-0.215,-0.094,-0.061,20,0.438,1.312,-0.139,0.053,1.50,0.45,0.134,0.066,0.836,1.046,-1.511,5.722
1744992802.76,-1,0.380,0.068,1.312,12,-0.215,-0.094,-0.061,20,0.438,1.312,-0.139,0.053,1.50,0.45,0.084,-0.059,0.979,0.435,-0.961,3.769
1744992802.77,-1,0.379,0.068,1.312,12,-0.215,-0.094,-0.122,20,0.437,1.312,-0.141,0.053,1.50,0.45,0.084,-0.059,0.979,0.435,-0.961,3.769
1744992802.77,-1,0.379,0.067,1.313,12,-0.215,-0.094,-0.122,20,0.437,1.313,-0.141,0.054,1.50,0.45,0.180,-0.054,1.097,2.358,1.572,8.621
1744992802.77,-1,0.379,0.067,1.313,12,-0.215,-0.094,-0.122,20,0.437,1.313,-0.141,0.054,1.50,0.45,0.180,-0.054,1.097,2.358,1.572,8.621
1744992802.78,-1,0.379,0.066,1.313,12,-0.215,-0.094,-0.026,20,0.435,1.313,-0.142,0.054,1.50,0.41,0.122,0.019,0.916,-0.572,2.487,7.004
1744992802.79,-1,0.379,0.066,1.313,12,-0.215,-0.094,-0.026,20,0.435,1.313,-0.142,0.054,1.50,0.41,0.194,0.078,0.866,0.191,-3.647,4.379
1744992802.79,-1,0.379,0.066,1.314,12,-0.215,-0.094,-0.048,20,0.434,1.314,-0.143,0.056,1.50,0.41,0.194,0.078,0.866,0.191,-3.647,4.379
1744992802.80,-1,0.379,0.065,1.315,12,-0.215,-0.094,-0.048,20,0.434,1.315,-0.143,0.057,1.50,0.41,-0.015,-0.067,1.024,2.175,-0.992,3.220
1744992802.80,-1,0.379,0.065,1.315,12,-0.215,-0.094,-0.048,20,0.434,1.315,-0.143,0.057,1.50,0.41,-0.015,-0.067,1.024,2.175,-0.992,3.220
1744992802.81,-1,0.379,0.065,1.316,12,-0.215,-0.094,-0.100,20,0.433,1.316,-0.144,0.058,1.50,0.38,0.093,-0.119,0.937,-0.907,-1.144,6.699
1744992802.83,-1,0.378,0.064,1.316,12,-0.215,-0.094,-0.100,20,0.433,1.316,-0.144,0.058,1.50,0.38,0.188,-0.079,1.039,1.137,-3.922,9.628
1744992802.83,-1,0.378,0.064,1.316,12,-0.215,-0.094,-0.070,20,0.432,1.316,-0.145,0.058,1.50,0.38,0.188,-0.079,1.039,1.137,-3.922,9.628
1744992802.83,-1,0.378,0.064,1.315,12,-0.215,-0.094,-0.070,20,0.432,1.315,-0.145,0.057,1.50,0.38,0.127,0.110,1.074,1.839,5.417,7.919
1744992802.83,-1,0.378,0.064,1.315,12,-0.215,-0.094,-0.070,20,0.432,1.315,-0.145,0.057,1.50,0.38,0.127,0.110,1.074,1.839,5.417,7.919
1744992802.84,-1,0.378,0.064,1.316,12,-0.215,-0.094,-0.030,20,0.432,1.316,-0.146,0.058,1.50,0.37,0.167,0.081,0.794,0.954,2.213,1.297
1744992802.85,-1,0.378,0.064,1.316,12,-0.215,-0.094,-0.030,20,0.432,1.316,-0.146,0.058,1.50,0.37,0.269,0.037,0.880,0.161,-9.354,-0.870
1744992802.86,-1,0.378,0.064,1.316,12,-0.215,-0.094,0.004,20,0.431,1.316,-0.147,0.058,1.50,0.37,0.269,0.037,0.880,0.161,-9.354,-0.870
1744992802.87,-1,0.378,0.063,1.315,12,-0.215,-0.094,0.004,20,0.431,1.315,-0.147,0.057,1.50,0.37,0.306,-0.019,1.138,0.863,-3.464,0.076
1744992802.87,-1,0.378,0.063,1.315,12,-0.215,-0.094,0.004,20,0.431,1.315,-0.147,0.057,1.50,0.37,0.306,-0.019,1.138,0.863,-3.464,0.076
1744992802.89,-1,0.378,0.063,1.315,12,-0.215,-0.094,-0.004,20,0.431,1.315,-0.147,0.057,1.50,0.37,0.284,-0.014,0.880,-1.640,3.830,1.480
1744992802.89,-1,0.378,0.063,1.315,12,-0.215,-0.094,-0.004,20,0.431,1.315,-0.147,0.057,1.50,0.37,0.195,0.022,0.839,-0.144,0.992,-0.717
1744992802.89,-1,0.378,0.063,1.315,12,-0.215,-0.094,0.000,20,0.430,1.315,-0.147,0.057,1.50,0.37,0.195,0.022,0.839,-0.144,0.992,-0.717
1744992802.89,-1,0.378,0.064,1.316,12,-0.215,-0.094,0.000,20,0.430,1.316,-0.147,0.058,1.50,0.37,0.075,0.023,1.056,-0.022,5.051,-2.151
1744992802.89,-1,0.378,0.064,1.316,12,-0.215,-0.094,0.000,20,0.430,1.316,-0.147,0.058,1.50,0.37,0.075,0.023,1.056,-0.022,5.051,-2.151
1744992802.90,-1,0.378,0.064,1.315,12,-0.215,-0.094,-0.043,20,0.430,1.315,-0.147,0.057,1.50,0.35,0.082,0.010,0.984,-1.731,5.051,-3.128
1744992802.90,-1,0.378,0.064,1.315,12,-0.215,-0.094,-0.043,20,0.430,1.315,-0.147,0.057,1.50,0.35,0.038,-0.033,0.939,-0.572,0.229,-4.745
1744992802.91,-1,0.378,0.064,1.314,12,-0.215,-0.094,0.013,20,0.430,1.314,-0.147,0.056,1.50,0.35,0.038,-0.033,0.939,-0.572,0.229,-4.745
1744992802.92,-1,0.378,0.064,1.313,12,-0.215,-0.094,0.013,20,0.430,1.313,-0.147,0.054,1.50,0.35,0.061,-0.029,0.974,0.802,-1.144,-3.464
1744992802.94,-1,0.378,0.064,1.313,12,-0.215,-0.094,0.013,20,0.430,1.313,-0.147,0.054,1.50,0.35,0.061,-0.029,0.974,0.802,-1.144,-3.464
1744992802.94,-1,0.378,0.064,1.312,12,-0.215,-0.094,0.052,20,0.430,1.312,-0.147,0.053,1.50,0.36,0.029,-0.035,0.986,-0.358,-0.595,-4.898
1744992802.94,-1,0.378,0.064,1.313,12,-0.215,-0.094,0.052,20,0.430,1.313,-0.147,0.054,1.50,0.36,0.018,-0.015,0.985,-0.663,-0.931,-3.403
1744992802.94,-1,0.378,0.064,1.313,12,-0.215,-0.094,0.030,20,0.430,1.313,-0.147,0.054,1.50,0.36,0.018,-0.015,0.985,-0.663,-0.931,-3.403
1744992802.95,-1,0.378,0.064,1.313,12,-0.215,-0.094,0.030,20,0.430,1.313,-0.147,0.054,1.50,0.36,0.041,-0.003,0.962,0.954,0.107,-2.884
1744992802.95,-1,0.378,0.064,1.313,12,-0.215,-0.094,0.030,20,0.430,1.313,-0.147,0.054,1.50,0.36,0.041,-0.003,0.962,0.954,0.107,-2.884
1744992802.96,-1,0.378,0.064,1.313,12,-0.215,-0.094,0.026,20,0.430,1.313,-0.147,0.054,1.50,0.37,0.008,-0.040,0.972,-1.731,2.518,-1.327
1744992802.97,-1,0.378,0.064,1.313,12,-0.215,-0.094,0.026,20,0.430,1.313,-0.147,0.054,1.50,0.37,0.046,-0.006,0.993,-0.938,2.914,-0.320
1744992802.97,-1,0.378,0.064,1.314,12,-0.215,-0.094,0.013,20,0.430,1.314,-0.147,0.056,1.50,0.37,0.046,-0.006,0.993,-0.938,2.914,-0.320
1744992802.98,-1,0.378,0.064,1.314,12,-0.215,-0.094,0.013,20,0.430,1.314,-0.147,0.056,1.50,0.37,-0.021,0.053,0.921,-1.792,2.182,-1.938
1744992802.98,-1,0.378,0.064,1.314,12,-0.215,-0.094,0.013,20,0.430,1.314,-0.147,0.056,1.50,0.37,-0.021,0.053,0.921,-1.792,2.182,-1.938
1744992802.99,-1,0.378,0.064,1.314,12,-0.215,-0.094,0.000,20,0.430,1.314,-0.147,0.056,0.96,0.37,-0.046,-0.026,0.944,-0.602,-0.748,-2.548
1744992803.00,-1,0.378,0.064,1.314,12,-0.215,-0.094,0.000,20,0.430,1.314,-0.147,0.056,0.96,0.37,-0.027,0.000,0.967,0.344,-1.633,-3.830
1744992803.00,-1,0.378,0.064,1.314,12,-0.215,-0.094,0.000,20,0.430,1.314,-0.147,0.056,0.96,0.37,-0.027,0.000,0.967,0.344,-1.633,-3.830
1744992803.01,-1,0.378,0.064,1.314,12,-0.215,-0.094,0.000,20,0.430,1.314,-0.147,0.056,0.96,0.37,-0.101,-0.056,1.032,-0.541,2.579,-4.044
1744992803.01,-1,0.378,0.064,1.314,12,-0.215,-0.094,0.000,20,0.430,1.314,-0.147,0.056,0.96,0.37,-0.101,-0.056,1.032,-0.541,2.579,-4.044
1744992803.03,-1,0.378,0.064,1.314,12,-0.215,-0.094,0.000,20,0.430,1.314,-0.147,0.056,0.63,0.37,-0.063,-0.077,0.899,1.534,-0.595,-1.877
1744992803.03,-1,0.378,0.064,1.314,12,-0.215,-0.094,0.000,20,0.430,1.314,-0.147,0.056,0.63,0.37,-0.033,-0.072,0.945,-1.273,-2.823,2.152
1744992803.04,-1,0.378,0.064,1.314,12,-0.215,-0.094,0.000,20,0.430,1.314,-0.147,0.056,0.63,0.37,-0.033,-0.072,0.945,-1.273,-2.823,2.152
1744992803.04,-1,0.378,0.064,1.314,12,-0.215,-0.094,0.000,20,0.430,1.314,-0.147,0.056,0.63,0.37,0.029,-0.026,1.037,0.283,-0.015,4.135
1744992803.04,-1,0.378,0.064,1.314,12,-0.215,-0.094,0.000,20,0.430,1.314,-0.147,0.056,0.63,0.37,0.029,-0.026,1.037,0.283,-0.015,4.135
1744992803.05,-1,0.378,0.064,1.314,12,-0.215,-0.094,0.000,20,0.430,1.314,-0.147,0.056,0.54,0.38,0.044,-0.005,0.951,-0.022,-0.259,4.349
1744992803.06,-1,0.378,0.064,1.314,12,-0.215,-0.094,0.000,20,0.430,1.314,-0.147,0.056,0.54,0.38,0.044,0.001,0.952,0.069,-1.328,3.433
1744992803.06,-1,0.378,0.064,1.314,12,-0.215,-0.094,0.000,20,0.430,1.314,-0.147,0.056,0.54,0.38,0.044,0.001,0.952,0.069,-1.328,3.433
1744992803.07,-1,0.378,0.064,1.314,12,-0.215,-0.094,0.000,20,0.430,1.314,-0.147,0.056,0.54,0.38,0.052,0.005,0.989,-0.236,0.839,2.121
1744992803.07,-1,0.378,0.064,1.314,12,-0.215,-0.094,0.000,20,0.430,1.314,-0.147,0.056,0.54,0.38,0.052,0.005,0.989,-0.236,0.839,2.121
1744992803.08,-1,0.378,0.064,1.314,12,-0.215,-0.094,0.000,20,0.430,1.314,-0.147,0.056,0.49,0.38,0.059,0.009,0.965,-0.114,1.846,0.534
1744992803.09,-1,0.378,0.064,1.314,12,-0.215,-0.094,0.000,20,0.430,1.314,-0.147,0.056,0.49,0.38,0.047,-0.008,0.941,-0.144,-0.534,-0.656
# remark: robobot/cmd/ti/alive 2025-04-18 18:13:08.652491
1744992803.09,-1,0.378,0.064,1.314,12,-0.215,-0.094,0.000,20,0.430,1.314,-0.147,0.056,0.49,0.38,0.047,-0.008,0.941,-0.144,-0.534,-0.656
1744992803.11,-1,0.378,0.064,1.314,12,-0.215,-0.094,0.000,20,0.430,1.314,-0.147,0.056,0.49,0.38,0.056,-0.010,0.994,0.497,-1.053,-1.968
1744992803.11,-1,0.378,0.064,1.314,12,-0.215,-0.094,0.000,20,0.430,1.314,-0.147,0.056,0.49,0.38,0.056,-0.010,0.994,0.497,-1.053,-1.968
1744992803.11,-1,0.378,0.064,1.314,12,-0.215,-0.094,0.000,20,0.430,1.314,-0.147,0.056,0.48,0.37,0.046,-0.022,0.963,-0.175,0.351,-1.907
1744992803.12,-1,0.378,0.064,1.314,12,-0.215,-0.094,0.000,20,0.430,1.314,-0.147,0.056,0.48,0.37,0.041,-0.019,0.953,0.283,-0.168,-1.816
1744992803.12,-1,0.378,0.064,1.314,12,-0.215,-0.094,0.000,20,0.430,1.314,-0.147,0.056,0.48,0.37,0.041,-0.019,0.953,0.283,-0.168,-1.816
1744992803.13,-1,0.378,0.064,1.314,12,-0.215,-0.094,0.000,20,0.430,1.314,-0.147,0.056,0.48,0.37,0.042,-0.028,0.979,0.161,0.473,-0.595
1744992803.13,-1,0.378,0.064,1.314,12,-0.215,-0.094,0.000,20,0.430,1.314,-0.147,0.056,0.48,0.37,0.042,-0.028,0.979,0.161,0.473,-0.595
1744992803.14,-1,0.378,0.064,1.314,12,-0.215,-0.094,0.000,20,0.430,1.314,-0.147,0.056,0.45,0.36,0.044,-0.017,0.976,0.191,1.114,0.382
1744992803.15,-1,0.378,0.064,1.314,12,-0.215,-0.094,0.000,20,0.430,1.314,-0.147,0.056,0.45,0.36,0.040,-0.020,0.933,0.130,0.107,1.572
1744992803.15,-1,0.378,0.064,1.314,12,-0.215,-0.094,0.000,20,0.430,1.314,-0.147,0.056,0.45,0.36,0.040,-0.020,0.933,0.130,0.107,1.572
1744992803.16,-1,0.378,0.064,1.314,12,-0.215,-0.094,0.000,20,0.430,1.314,-0.147,0.056,0.45,0.36,0.046,-0.011,0.969,-0.480,-0.839,2.060
1744992803.17,-1,0.378,0.064,1.314,12,-0.215,-0.094,0.000,20,0.430,1.314,-0.147,0.056,0.45,0.36,0.046,-0.011,0.969,-0.480,-0.839,2.060
1744992803.17,-1,0.378,0.064,1.314,12,-0.215,-0.094,0.000,20,0.431,1.314,-0.147,0.056,0.42,0.36,0.047,-0.011,0.990,-0.327,-0.015,1.877
1744992803.18,-1,0.378,0.064,1.314,12,-0.215,-0.094,0.000,20,0.431,1.314,-0.147,0.056,0.42,0.36,0.055,-0.010,0.964,-0.144,0.809,0.809
1744992803.18,-1,0.378,0.064,1.314,12,-0.215,-0.094,0.000,20,0.431,1.314,-0.147,0.056,0.42,0.36,0.055,-0.010,0.964,-0.144,0.809,0.809
1744992803.19,-1,0.378,0.064,1.314,12,-0.215,-0.094,0.000,20,0.431,1.314,-0.147,0.056,0.42,0.36,0.051,-0.009,0.955,-0.297,0.290,-0.229
1744992803.19,-1,0.378,0.064,1.314,12,-0.215,-0.094,0.000,20,0.431,1.314,-0.147,0.056,0.42,0.36,0.051,-0.009,0.955,-0.297,0.290,-0.229
1744992803.20,-1,0.378,0.064,1.314,12,-0.215,-0.094,0.000,20,0.431,1.314,-0.147,0.056,0.40,0.36,0.053,-0.012,0.989,-0.083,0.565,-1.144
1744992803.20,-1,0.378,0.064,1.314,12,-0.215,-0.094,0.000,20,0.431,1.314,-0.147,0.056,0.40,0.36,0.048,-0.013,0.969,0.069,0.381,-1.968
1744992803.21,-1,0.378,0.064,1.314,12,-0.215,-0.094,0.000,20,0.431,1.314,-0.147,0.056,0.40,0.36,0.048,-0.013,0.969,0.069,0.381,-1.968
1744992803.23,-1,0.378,0.064,1.314,12,-0.215,-0.094,0.000,20,0.431,1.314,-0.147,0.056,0.40,0.36,0.046,-0.013,0.962,-0.022,-0.534,-1.999
1744992803.23,-1,0.378,0.064,1.314,12,-0.215,-0.094,0.000,20,0.431,1.314,-0.147,0.056,0.40,0.36,0.046,-0.013,0.962,-0.022,-0.534,-1.999
1744992803.23,-1,0.378,0.064,1.314,12,-0.215,-0.094,0.000,20,0.431,1.314,-0.147,0.056,0.37,0.37,0.040,-0.015,0.980,-0.450,-0.198,-1.724
1744992803.23,-1,0.378,0.064,1.314,12,-0.215,-0.094,0.000,20,0.431,1.314,-0.147,0.056,0.37,0.37,0.037,-0.017,0.978,0.252,1.053,-1.053
1744992803.26,-1,0.378,0.064,1.314,12,-0.215,-0.094,0.000,20,0.431,1.314,-0.147,0.056,0.37,0.37,0.037,-0.017,0.978,0.252,1.053,-1.053
1744992803.26,-1,0.378,0.064,1.314,12,-0.215,-0.094,0.000,20,0.431,1.314,-0.147,0.056,0.37,0.37,0.032,-0.023,0.961,-0.266,0.626,-0.168
1744992803.26,-1,0.378,0.064,1.314,12,-0.215,-0.094,0.000,20,0.431,1.314,-0.147,0.056,0.37,0.37,0.032,-0.023,0.961,-0.266,0.626,-0.168
1744992803.26,-1,0.378,0.064,1.314,12,-0.215,-0.094,0.000,20,0.431,1.314,-0.147,0.056,0.31,0.37,0.041,-0.024,0.968,0.100,0.137,0.412
1744992803.26,-1,0.378,0.064,1.314,12,-0.215,-0.094,0.000,20,0.431,1.314,-0.147,0.056,0.31,0.37,0.037,-0.026,0.976,0.161,0.107,0.870
1744992803.27,-1,0.378,0.064,1.314,12,-0.215,-0.094,0.000,20,0.431,1.314,-0.147,0.056,0.31,0.37,0.037,-0.026,0.976,0.161,0.107,0.870
1744992803.28,-1,0.378,0.064,1.314,12,-0.215,-0.094,0.000,20,0.431,1.314,-0.147,0.056,0.31,0.37,0.029,0.009,0.998,-0.388,1.144,-0.473
1744992803.28,-1,0.378,0.064,1.314,12,-0.215,-0.094,0.000,20,0.431,1.314,-0.147,0.056,0.31,0.37,0.029,0.009,0.998,-0.388,1.144,-0.473
1744992803.30,-1,0.378,0.064,1.314,12,-0.215,-0.094,0.000,20,0.431,1.314,-0.147,0.056,0.27,0.37,0.014,0.006,0.963,0.130,0.839,-2.518
1744992803.30,-1,0.378,0.064,1.314,12,-0.215,-0.094,0.000,20,0.431,1.314,-0.147,0.056,0.27,0.37,0.012,-0.018,0.934,0.313,-0.015,-4.013
1744992803.30,-1,0.378,0.064,1.314,12,-0.215,-0.094,0.000,20,0.431,1.314,-0.147,0.056,0.27,0.37,0.012,-0.018,0.934,0.313,-0.015,-4.013
1744992803.31,-1,0.378,0.064,1.314,12,-0.215,-0.094,0.000,20,0.431,1.314,-0.147,0.056,0.27,0.37,-0.012,-0.064,0.993,0.100,0.198,-2.060
1744992803.31,-1,0.378,0.064,1.314,12,-0.215,-0.094,0.000,20,0.431,1.314,-0.147,0.056,0.27,0.37,-0.012,-0.064,0.993,0.100,0.198,-2.060
1744992803.32,-1,0.378,0.064,1.314,12,-0.215,-0.094,0.000,20,0.431,1.314,-0.147,0.056,0.24,0.37,-0.008,-0.062,0.984,0.466,0.351,1.083
1744992803.33,-1,0.378,0.064,1.314,12,-0.215,-0.094,0.000,20,0.431,1.314,-0.147,0.056,0.24,0.37,0.013,-0.022,0.949,-0.144,-0.320,2.640
1744992803.33,-1,0.378,0.064,1.314,12,-0.215,-0.094,0.000,20,0.431,1.314,-0.147,0.056,0.24,0.37,0.013,-0.022,0.949,-0.144,-0.320,2.640
1744992803.34,-1,0.378,0.064,1.314,12,-0.215,-0.094,0.000,20,0.431,1.314,-0.147,0.056,0.24,0.37,0.025,0.011,0.977,0.130,1.205,1.846
1744992803.34,-1,0.378,0.064,1.314,12,-0.215,-0.094,0.000,20,0.431,1.314,-0.147,0.056,0.24,0.37,0.025,0.011,0.977,0.130,1.205,1.846
1744992803.36,-1,0.378,0.064,1.314,12,-0.215,-0.094,0.004,20,0.431,1.314,-0.147,0.056,0.24,0.37,0.033,-0.002,0.960,0.161,0.687,0.717
1744992803.36,-1,0.378,0.064,1.314,12,-0.215,-0.094,0.004,20,0.431,1.314,-0.147,0.056,0.24,0.37,0.045,-0.010,0.984,0.130,-0.473,0.046
1744992803.37,-1,0.378,0.064,1.314,12,-0.215,-0.094,0.004,20,0.431,1.314,-0.147,0.056,0.24,0.37,0.045,-0.010,0.984,0.130,-0.473,0.046
1744992803.38,-1,0.378,0.064,1.314,12,-0.215,-0.094,0.004,20,0.431,1.314,-0.147,0.056,0.24,0.37,0.044,-0.017,0.985,-0.144,0.320,-0.137
1744992803.38,-1,0.378,0.064,1.314,12,-0.215,-0.094,0.004,20,0.431,1.314,-0.147,0.056,0.24,0.37,0.044,-0.017,0.985,-0.144,0.320,-0.137
1744992803.39,-1,0.378,0.064,1.314,12,-0.215,-0.094,0.004,20,0.431,1.314,-0.147,0.056,0.24,0.37,0.044,-0.020,0.943,0.039,0.351,-0.870
1744992803.39,-1,0.378,0.064,1.314,12,-0.215,-0.094,0.004,20,0.431,1.314,-0.147,0.056,0.24,0.37,0.042,-0.012,0.975,0.039,-0.351,-0.595
1744992803.40,-1,0.378,0.064,1.314,12,-0.215,-0.094,0.000,20,0.431,1.314,-0.147,0.056,0.24,0.37,0.042,-0.012,0.975,0.039,-0.351,-0.595
1744992803.40,-1,0.378,0.064,1.314,12,-0.215,-0.094,0.000,20,0.431,1.314,-0.147,0.056,0.24,0.37,0.044,-0.008,1.006,0.222,1.083,-0.870
1744992803.40,-1,0.378,0.064,1.314,12,-0.215,-0.094,0.000,20,0.431,1.314,-0.147,0.056,0.24,0.37,0.044,-0.008,1.006,0.222,1.083,-0.870
1744992803.42,-1,0.378,0.064,1.314,12,-0.215,-0.094,0.000,20,0.431,1.314,-0.147,0.056,0.23,0.37,0.037,-0.015,0.954,0.008,1.266,-0.839
1744992803.42,-1,0.378,0.064,1.314,12,-0.215,-0.094,0.000,20,0.431,1.314,-0.147,0.056,0.23,0.37,0.041,-0.016,0.945,0.130,-0.229,-0.168
1744992803.42,-1,0.378,0.064,1.314,12,-0.215,-0.094,-0.004,20,0.431,1.314,-0.147,0.056,0.23,0.37,0.041,-0.016,0.945,0.130,-0.229,-0.168
1744992803.43,-1,0.378,0.064,1.314,12,-0.215,-0.094,-0.004,20,0.431,1.314,-0.147,0.056,0.23,0.37,0.046,-0.016,0.991,-0.266,-0.076,0.046
1744992803.43,-1,0.378,0.064,1.314,12,-0.215,-0.094,-0.004,20,0.431,1.314,-0.147,0.056,0.23,0.37,0.046,-0.016,0.991,-0.266,-0.076,0.046
1744992803.44,-1,0.378,0.064,1.314,12,-0.215,-0.094,-0.004,20,0.431,1.314,-0.147,0.056,0.23,0.38,0.042,-0.019,0.971,0.100,0.809,-0.076
1744992803.45,-1,0.378,0.064,1.314,12,-0.215,-0.094,-0.004,20,0.431,1.314,-0.147,0.056,0.23,0.38,0.040,-0.018,0.946,-0.511,0.595,0.168
1744992803.45,-1,0.378,0.064,1.314,12,-0.215,-0.094,-0.004,20,0.431,1.314,-0.147,0.056,0.23,0.38,0.040,-0.018,0.946,-0.511,0.595,0.168
1744992803.46,-1,0.378,0.064,1.314,12,-0.215,-0.094,-0.004,20,0.431,1.314,-0.147,0.056,0.23,0.38,0.040,-0.020,0.982,-0.114,0.687,-0.137
# remark: robobot/cmd/ti/rc 0.0 0.0
# remark: robobot/cmd/T0/leds 16 0 0 0
# remark: robobot/cmd/T0/servo 1 -900 0
# remark: robobot/cmd/T0/leds 16 0 100 0
# remark: robobot/cmd/ti/rc 0.0 0.50
1744992803.48,-1,0.378,0.064,1.314,12,-0.215,-0.094,-0.004,20,0.431,1.314,0.000,0.000,0.23,0.38,0.040,-0.020,0.982,-0.114,0.687,-0.137
1744992803.48,-1,0.378,0.064,1.314,12,-0.215,-0.094,-0.004,20,0.431,1.314,0.000,0.000,0.23,0.38,0.044,-0.019,0.980,-0.053,0.961,-0.351
1744992803.48,-1,0.378,0.064,1.314,12,-0.215,-0.094,-0.004,20,0.431,1.314,0.000,0.000,0.23,0.38,0.042,-0.011,0.949,0.161,-0.381,-0.381
1744992803.48,-1,0.378,0.064,1.314,12,-0.215,-0.094,0.000,20,0.431,1.314,0.000,0.000,0.23,0.38,0.042,-0.011,0.949,0.161,-0.381,-0.381
1744992803.49,-1,0.378,0.064,1.314,12,-0.215,-0.094,0.000,20,0.431,1.314,0.000,0.000,0.23,0.38,0.036,-0.014,0.965,0.283,-0.595,-0.931
1744992803.49,-1,0.378,0.064,1.314,12,-0.215,-0.094,0.000,20,0.431,1.314,0.000,0.000,0.23,0.38,0.036,-0.014,0.965,0.283,-0.595,-0.931
1744992803.50,-1,0.378,0.064,1.314,12,-0.215,-0.094,0.000,20,0.431,1.314,0.000,0.000,0.23,0.37,0.033,0.004,0.989,-0.114,0.870,-1.175
1744992803.50,-1,0.378,0.064,1.314,12,-0.215,-0.094,0.000,20,0.431,1.314,0.000,0.000,0.23,0.37,0.024,-0.011,0.964,0.008,0.565,-1.511
1744992803.52,-1,0.378,0.064,1.314,12,-0.215,-0.094,0.000,20,0.431,1.314,0.000,0.000,0.23,0.37,0.024,-0.011,0.964,0.008,0.565,-1.511
1744992803.53,-1,0.378,0.064,1.314,12,-0.215,-0.094,0.000,20,0.431,1.314,0.000,0.000,0.23,0.37,-0.017,-0.062,1.070,0.405,3.159,-0.107
1744992803.53,-1,0.378,0.064,1.314,12,-0.215,-0.094,0.000,20,0.431,1.314,0.000,0.000,0.23,0.37,-0.017,-0.062,1.070,0.405,3.159,-0.107
1744992803.53,-1,0.378,0.064,1.315,12,-0.215,-0.094,0.000,20,0.431,1.315,0.000,0.001,0.23,0.35,0.040,-0.051,1.060,0.313,11.978,2.213
1744992803.55,-1,0.378,0.064,1.315,12,-0.215,-0.094,0.000,20,0.431,1.315,0.000,0.001,0.23,0.35,0.005,-0.054,0.872,-1.029,0.992,4.990
1744992803.55,-1,0.378,0.064,1.315,12,-0.215,-0.094,0.000,20,0.431,1.315,0.000,0.001,0.23,0.35,0.005,-0.054,0.872,-1.029,0.992,4.990
1744992803.56,-1,0.378,0.064,1.316,12,-0.215,-0.094,0.000,20,0.431,1.316,0.000,0.002,0.23,0.35,-0.033,-0.042,0.852,2.206,-16.708,5.966
1744992803.56,-1,0.378,0.064,1.316,12,-0.215,-0.094,0.000,20,0.431,1.316,0.000,0.002,0.23,0.35,-0.033,-0.042,0.852,2.206,-16.708,5.966
1744992803.56,-1,0.379,0.064,1.320,12,-0.215,-0.094,0.000,20,0.431,1.320,0.000,0.006,0.23,0.35,0.025,0.011,1.145,-0.938,-6.638,3.372
1744992803.57,-1,0.379,0.065,1.321,12,-0.215,-0.094,0.000,20,0.431,1.321,0.000,0.007,0.23,0.35,0.032,0.044,0.991,-0.602,9.872,2.152
1744992803.57,-1,0.379,0.065,1.323,12,-0.215,-0.094,-0.104,20,0.431,1.323,0.000,0.009,0.23,0.35,0.032,0.044,0.991,-0.602,9.872,2.152
1744992803.58,-1,0.379,0.065,1.325,12,-0.215,-0.094,-0.104,20,0.431,1.325,0.000,0.011,0.23,0.35,-0.040,-0.039,0.782,-0.236,4.105,0.198
1744992803.58,-1,0.379,0.065,1.325,12,-0.215,-0.094,-0.104,20,0.431,1.325,0.000,0.011,0.23,0.35,-0.040,-0.039,0.782,-0.236,4.105,0.198
1744992803.60,-1,0.379,0.065,1.325,12,-0.215,-0.094,-0.270,20,0.432,1.325,0.001,0.011,0.23,0.35,0.046,-0.097,1.030,1.046,-8.865,9.445
1744992803.60,-1,0.379,0.065,1.325,12,-0.215,-0.094,-0.270,20,0.432,1.325,0.001,0.011,0.23,0.35,0.024,-0.006,1.237,-0.846,4.562,7.858
1744992803.60,-1,0.379,0.065,1.327,12,-0.215,-0.094,-0.187,20,0.432,1.327,0.001,0.013,0.23,0.35,0.024,-0.006,1.237,-0.846,4.562,7.858
1744992803.61,-1,0.379,0.065,1.328,12,-0.215,-0.094,-0.187,20,0.432,1.328,0.001,0.014,0.23,0.35,-0.012,-0.026,0.835,0.954,6.943,7.309
1744992803.61,-1,0.379,0.065,1.328,12,-0.215,-0.094,-0.187,20,0.432,1.328,0.001,0.014,0.23,0.35,-0.012,-0.026,0.835,0.954,6.943,7.309
1744992803.62,-1,0.378,0.064,1.332,12,-0.215,-0.094,-0.157,20,0.432,1.332,0.001,0.018,0.23,0.36,-0.069,-0.048,0.803,2.968,-3.311,6.882
# remark: robobot/cmd/ti/alive 2025-04-18 18:13:08.652491
1744992803.64,-1,0.378,0.064,1.332,12,-0.215,-0.094,-0.157,20,0.432,1.332,0.001,0.018,0.23,0.36,-0.142,-0.007,1.234,2.480,-2.914,8.621
1744992803.64,-1,0.378,0.064,1.333,12,-0.215,-0.094,-0.239,20,0.432,1.333,0.001,0.020,0.23,0.36,-0.142,-0.007,1.234,2.480,-2.914,8.621
1744992803.64,-1,0.378,0.064,1.335,12,-0.215,-0.094,-0.239,20,0.432,1.335,0.001,0.021,0.23,0.36,0.007,-0.064,0.831,-1.548,-0.381,12.314
1744992803.64,-1,0.378,0.064,1.335,12,-0.215,-0.094,-0.239,20,0.432,1.335,0.001,0.021,0.23,0.36,0.007,-0.064,0.831,-1.548,-0.381,12.314
1744992803.65,-1,0.378,0.064,1.336,12,-0.215,-0.094,-0.230,20,0.432,1.336,0.001,0.022,0.22,0.36,0.030,-0.002,0.791,-1.212,-4.501,11.520
1744992803.66,-1,0.378,0.064,1.337,12,-0.215,-0.094,-0.230,20,0.432,1.337,0.001,0.023,0.22,0.36,-0.003,0.012,1.198,1.320,0.931,10.880
1744992803.66,-1,0.378,0.064,1.338,12,-0.215,-0.094,-0.213,20,0.432,1.338,0.001,0.024,0.22,0.36,-0.003,0.012,1.198,1.320,0.931,10.880
1744992803.67,-1,0.378,0.063,1.340,12,-0.215,-0.094,-0.213,20,0.432,1.340,0.001,0.027,0.22,0.36,0.012,-0.058,1.119,1.534,2.914,12.375
1744992803.67,-1,0.378,0.063,1.340,12,-0.215,-0.094,-0.213,20,0.432,1.340,0.001,0.027,0.22,0.36,0.012,-0.058,1.119,1.534,2.914,12.375
1744992803.68,-1,0.378,0.063,1.343,12,-0.215,-0.094,-0.265,20,0.431,1.343,0.000,0.029,0.21,0.35,-0.040,-0.194,0.877,3.640,-1.724,16.403
1744992803.69,-1,0.378,0.063,1.343,12,-0.215,-0.094,-0.265,20,0.431,1.343,0.000,0.029,0.21,0.35,0.041,-0.073,0.917,-3.105,-1.083,21.225
1744992803.69,-1,0.378,0.063,1.345,12,-0.215,-0.094,-0.274,20,0.431,1.345,0.000,0.031,0.21,0.35,0.041,-0.073,0.917,-3.105,-1.083,21.225
1744992803.70,-1,0.378,0.063,1.349,12,-0.215,-0.094,-0.274,20,0.431,1.349,0.000,0.035,0.21,0.35,0.082,-0.066,1.064,1.748,2.731,19.974
1744992803.70,-1,0.378,0.063,1.349,12,-0.215,-0.094,-0.274,20,0.431,1.349,0.000,0.035,0.21,0.35,0.082,-0.066,1.064,1.748,2.731,19.974
1744992803.71,-1,0.378,0.062,1.351,12,-0.215,-0.094,-0.278,20,0.431,1.351,-0.000,0.037,0.20,0.37,0.003,-0.144,1.080,4.952,5.630,22.171
1744992803.72,-1,0.378,0.062,1.352,12,-0.215,-0.094,-0.278,20,0.431,1.352,-0.000,0.038,0.20,0.37,-0.012,-0.145,0.829,0.863,-0.168,27.756
1744992803.72,-1,0.378,0.062,1.354,12,-0.215,-0.094,-0.317,20,0.430,1.354,-0.001,0.040,0.20,0.37,-0.012,-0.145,0.829,0.863,-0.168,27.756
1744992803.73,-1,0.378,0.062,1.360,12,-0.215,-0.094,-0.317,20,0.430,1.360,-0.001,0.046,0.20,0.37,0.038,-0.122,0.927,0.222,-4.044,30.808
1744992803.73,-1,0.378,0.062,1.360,12,-0.215,-0.094,-0.317,20,0.430,1.360,-0.001,0.046,0.20,0.37,0.038,-0.122,0.927,0.222,-4.044,30.808
1744992803.74,-1,0.378,0.062,1.363,12,-0.215,-0.094,-0.304,20,0.430,1.363,-0.001,0.050,0.19,0.42,0.064,-0.101,1.188,5.440,2.182,37.064
1744992803.75,-1,0.378,0.062,1.366,12,-0.215,-0.094,-0.304,20,0.430,1.366,-0.001,0.052,0.19,0.42,0.094,-0.046,0.902,1.229,5.386,40.390
1744992803.75,-1,0.378,0.062,1.369,12,-0.215,-0.094,-0.374,20,0.430,1.369,-0.001,0.055,0.19,0.42,0.094,-0.046,0.902,1.229,5.386,40.390
1744992803.76,-1,0.378,0.062,1.376,12,-0.215,-0.094,-0.374,20,0.430,1.376,-0.001,0.062,0.19,0.42,-0.011,-0.060,0.916,-1.151,-0.717,41.245
1744992803.77,-1,0.378,0.062,1.376,12,-0.215,-0.094,-0.374,20,0.430,1.376,-0.001,0.062,0.19,0.42,-0.011,-0.060,0.916,-1.151,-0.717,41.245
1744992803.77,-1,0.378,0.062,1.381,12,-0.215,-0.094,-0.513,20,0.430,1.381,-0.001,0.067,0.17,0.44,-0.007,-0.144,0.991,6.478,-3.586,45.364
1744992803.78,-1,0.378,0.062,1.383,12,-0.215,-0.094,-0.513,20,0.430,1.383,-0.001,0.069,0.17,0.44,0.112,-0.024,1.048,1.351,-0.961,49.942
1744992803.79,-1,0.378,0.062,1.387,12,-0.215,-0.094,-0.596,20,0.430,1.387,-0.001,0.073,0.17,0.44,0.112,-0.024,1.048,1.351,-0.961,49.942
1744992803.79,-1,0.378,0.062,1.394,12,-0.215,-0.094,-0.596,20,0.430,1.394,-0.001,0.080,0.17,0.44,-0.009,-0.012,0.979,-1.853,6.271,47.073
1744992803.79,-1,0.378,0.062,1.394,12,-0.215,-0.094,-0.596,20,0.430,1.394,-0.001,0.080,0.17,0.44,-0.009,-0.012,0.979,-1.853,6.271,47.073
1744992803.80,-1,0.378,0.062,1.399,12,-0.215,-0.094,-0.591,20,0.430,1.399,-0.001,0.086,0.15,0.43,0.002,-0.135,0.780,5.776,-1.389,50.003
1744992803.81,-1,0.378,0.062,1.402,12,-0.215,-0.094,-0.591,20,0.430,1.402,-0.001,0.088,0.15,0.43,0.063,-0.039,1.114,1.870,-4.013,51.102
1744992803.81,-1,0.378,0.062,1.405,12,-0.215,-0.094,-0.630,20,0.429,1.405,-0.001,0.091,0.15,0.43,0.063,-0.039,1.114,1.870,-4.013,51.102
1744992803.82,-1,0.378,0.062,1.412,12,-0.215,-0.094,-0.630,20,0.429,1.412,-0.001,0.098,0.15,0.43,-0.025,-0.058,1.141,0.985,7.339,49.332
1744992803.82,-1,0.378,0.062,1.412,12,-0.215,-0.094,-0.630,20,0.429,1.412,-0.001,0.098,0.15,0.43,-0.025,-0.058,1.141,0.985,7.339,49.332
1744992803.83,-1,0.378,0.062,1.419,12,-0.215,-0.094,-0.674,20,0.429,1.419,-0.002,0.105,0.14,0.34,0.072,-0.128,0.663,6.173,-6.271,55.405
1744992803.84,-1,0.378,0.062,1.421,12,-0.215,-0.094,-0.674,20,0.429,1.421,-0.002,0.107,0.14,0.34,-0.013,0.042,1.145,0.222,-1.419,53.604
1744992803.84,-1,0.378,0.062,1.426,12,-0.215,-0.094,-0.635,20,0.429,1.426,-0.002,0.112,0.14,0.34,-0.013,0.042,1.145,0.222,-1.419,53.604
1744992803.85,-1,0.378,0.062,1.431,12,-0.215,-0.094,-0.635,20,0.429,1.431,-0.002,0.117,0.14,0.34,0.014,-0.001,1.139,2.633,8.224,52.231
1744992803.86,-1,0.378,0.062,1.431,12,-0.215,-0.094,-0.635,20,0.429,1.431,-0.002,0.117,0.14,0.34,0.014,-0.001,1.139,2.633,8.224,52.231
1744992803.86,-1,0.378,0.062,1.439,12,-0.215,-0.094,-0.652,20,0.429,1.439,-0.001,0.125,0.14,0.32,0.148,0.051,0.719,3.640,-7.706,54.947
1744992803.86,-1,0.378,0.062,1.441,12,-0.215,-0.094,-0.652,20,0.429,1.441,-0.001,0.127,0.14,0.32,-0.064,0.002,1.112,2.022,2.243,52.353
1744992803.87,-1,0.378,0.062,1.444,12,-0.215,-0.094,-0.683,20,0.429,1.444,-0.002,0.131,0.14,0.32,-0.064,0.002,1.112,2.022,2.243,52.353
1744992803.88,-1,0.378,0.062,1.451,12,-0.215,-0.094,-0.683,20,0.429,1.451,-0.002,0.138,0.14,0.32,0.176,-0.042,0.805,3.274,1.511,53.146
1744992803.88,-1,0.378,0.062,1.451,12,-0.215,-0.094,-0.683,20,0.429,1.451,-0.002,0.138,0.14,0.32,0.176,-0.042,0.805,3.274,1.511,53.146
1744992803.90,-1,0.378,0.062,1.456,12,-0.215,-0.094,-0.674,20,0.429,1.456,-0.002,0.142,0.18,0.31,0.011,0.039,0.969,1.229,-3.860,52.322
1744992803.90,-1,0.378,0.062,1.460,12,-0.215,-0.094,-0.674,20,0.429,1.460,-0.002,0.146,0.18,0.31,0.049,0.066,0.963,2.816,3.342,47.104
1744992803.91,-1,0.378,0.062,1.463,12,-0.215,-0.094,-0.604,20,0.429,1.463,-0.002,0.149,0.18,0.31,0.049,0.066,0.963,2.816,3.342,47.104
1744992803.91,-1,0.378,0.061,1.469,12,-0.215,-0.094,-0.604,20,0.429,1.469,-0.002,0.155,0.18,0.31,0.115,-0.022,0.916,1.809,-1.755,48.355
1744992803.91,-1,0.378,0.061,1.469,12,-0.215,-0.094,-0.604,20,0.429,1.469,-0.002,0.155,0.18,0.31,0.115,-0.022,0.916,1.809,-1.755,48.355
1744992803.92,-1,0.378,0.061,1.474,12,-0.215,-0.094,-0.609,20,0.429,1.474,-0.002,0.161,0.25,0.27,0.026,0.106,1.131,3.213,3.311,42.221
1744992803.93,-1,0.378,0.061,1.477,12,-0.215,-0.094,-0.609,20,0.429,1.477,-0.002,0.163,0.25,0.27,0.062,-0.035,0.792,1.839,2.396,40.543
1744992803.93,-1,0.378,0.061,1.480,12,-0.215,-0.094,-0.604,20,0.429,1.480,-0.002,0.166,0.25,0.27,0.062,-0.035,0.792,1.839,2.396,40.543
1744992803.94,-1,0.378,0.061,1.484,12,-0.215,-0.094,-0.604,20,0.429,1.484,-0.002,0.170,0.25,0.27,-0.036,-0.111,0.883,2.236,-4.379,44.998
1744992803.94,-1,0.378,0.061,1.484,12,-0.215,-0.094,-0.604,20,0.429,1.484,-0.002,0.170,0.25,0.27,-0.036,-0.111,0.883,2.236,-4.379,44.998
1744992803.96,-1,0.378,0.061,1.487,12,-0.215,-0.094,-0.552,20,0.429,1.487,-0.002,0.173,0.36,0.25,0.080,0.105,1.163,0.741,3.098,42.313
1744992803.96,-1,0.378,0.061,1.490,12,-0.215,-0.094,-0.552,20,0.429,1.490,-0.002,0.176,0.36,0.25,0.044,0.028,0.877,1.839,1.205,39.993
1744992803.97,-1,0.378,0.061,1.493,12,-0.215,-0.094,-0.430,20,0.429,1.493,-0.002,0.179,0.36,0.25,0.044,0.028,0.877,1.839,1.205,39.993
1744992803.97,-1,0.378,0.061,1.499,12,-0.215,-0.094,-0.430,20,0.429,1.499,-0.002,0.185,0.36,0.25,0.053,-0.007,0.893,2.511,-6.973,38.040
1744992803.97,-1,0.378,0.061,1.499,12,-0.215,-0.094,-0.430,20,0.429,1.499,-0.002,0.185,0.36,0.25,0.053,-0.007,0.893,2.511,-6.973,38.040
1744992803.98,-1,0.378,0.061,1.502,12,-0.215,-0.094,-0.504,20,0.429,1.502,-0.002,0.188,0.50,0.23,0.084,-0.027,1.138,0.558,1.755,38.498
1744992803.99,-1,0.378,0.061,1.506,12,-0.215,-0.094,-0.504,20,0.429,1.506,-0.002,0.192,0.50,0.23,0.040,0.028,0.865,3.152,3.891,38.040
1744992803.99,-1,0.378,0.061,1.509,12,-0.215,-0.094,-0.539,20,0.428,1.509,-0.003,0.195,0.50,0.23,0.040,0.028,0.865,3.152,3.891,38.040
1744992804.01,-1,0.378,0.061,1.514,12,-0.215,-0.094,-0.539,20,0.428,1.514,-0.003,0.200,0.50,0.23,0.023,0.003,0.868,1.717,-3.281,35.538
1744992804.01,-1,0.378,0.061,1.514,12,-0.215,-0.094,-0.539,20,0.428,1.514,-0.003,0.200,0.50,0.23,0.023,0.003,0.868,1.717,-3.281,35.538
1744992804.01,-1,0.378,0.060,1.520,12,-0.215,-0.094,-0.526,20,0.428,1.520,-0.003,0.206,0.82,0.24,0.088,-0.016,1.091,0.954,-1.389,35.812
1744992804.02,-1,0.378,0.060,1.521,12,-0.215,-0.094,-0.526,20,0.428,1.521,-0.003,0.207,0.82,0.24,0.065,-0.039,1.008,1.931,1.328,39.322
1744992804.02,-1,0.378,0.060,1.522,12,-0.215,-0.094,-0.504,20,0.428,1.522,-0.003,0.208,0.82,0.24,0.065,-0.039,1.008,1.931,1.328,39.322
1744992804.03,-1,0.378,0.060,1.527,12,-0.215,-0.094,-0.504,20,0.428,1.527,-0.003,0.213,0.82,0.24,0.021,0.012,0.810,1.412,-0.473,37.369
1744992804.03,-1,0.378,0.060,1.527,12,-0.215,-0.094,-0.504,20,0.428,1.527,-0.003,0.213,0.82,0.24,0.021,0.012,0.810,1.412,-0.473,37.369
1744992804.04,-1,0.378,0.061,1.531,12,-0.215,-0.094,-0.435,20,0.428,1.531,-0.003,0.217,1.50,0.23,0.031,-0.031,0.910,0.680,-5.508,36.820
1744992804.05,-1,0.378,0.061,1.534,12,-0.215,-0.094,-0.435,20,0.428,1.534,-0.003,0.220,1.50,0.23,0.078,-0.096,1.112,2.572,-4.654,38.773
1744992804.05,-1,0.378,0.061,1.535,12,-0.215,-0.094,-0.426,20,0.428,1.535,-0.003,0.221,1.50,0.23,0.078,-0.096,1.112,2.572,-4.654,38.773
1744992804.06,-1,0.378,0.061,1.539,12,-0.215,-0.094,-0.426,20,0.428,1.539,-0.003,0.225,1.50,0.23,0.038,-0.041,0.985,1.320,1.053,41.397
1744992804.06,-1,0.378,0.061,1.539,12,-0.215,-0.094,-0.426,20,0.428,1.539,-0.003,0.225,1.50,0.23,0.038,-0.041,0.985,1.320,1.053,41.397
1744992804.08,-1,0.378,0.061,1.546,12,-0.215,-0.094,-0.448,20,0.428,1.546,-0.003,0.232,1.50,0.23,0.021,-0.019,0.835,2.328,-2.945,41.367
1744992804.08,-1,0.378,0.061,1.548,12,-0.215,-0.094,-0.448,20,0.428,1.548,-0.003,0.235,1.50,0.23,0.073,-0.068,1.107,1.900,-2.762,42.709
1744992804.08,-1,0.378,0.060,1.552,12,-0.215,-0.094,-0.565,20,0.428,1.552,-0.003,0.238,1.50,0.23,0.073,-0.068,1.107,1.900,-2.762,42.709
1744992804.10,-1,0.378,0.060,1.558,12,-0.215,-0.094,-0.565,20,0.428,1.558,-0.003,0.244,1.50,0.23,0.072,0.002,1.088,0.741,5.173,45.456
1744992804.10,-1,0.378,0.060,1.558,12,-0.215,-0.094,-0.565,20,0.428,1.558,-0.003,0.244,1.50,0.23,0.072,0.002,1.088,0.741,5.173,45.456
1744992804.10,-1,0.378,0.060,1.565,12,-0.215,-0.094,-0.648,20,0.428,1.565,-0.003,0.251,1.50,0.21,0.021,0.024,0.760,1.809,2.121,43.564
1744992804.11,-1,0.378,0.060,1.567,12,-0.215,-0.094,-0.648,20,0.428,1.567,-0.003,0.253,1.50,0.21,0.066,-0.059,0.828,1.900,-5.814,43.472
1744992804.11,-1,0.378,0.060,1.571,12,-0.215,-0.094,-0.622,20,0.428,1.571,-0.003,0.257,1.50,0.21,0.066,-0.059,0.828,1.900,-5.814,43.472
1744992804.12,-1,0.378,0.061,1.574,12,-0.215,-0.094,-0.622,20,0.428,1.574,-0.003,0.260,1.50,0.21,0.093,-0.021,1.286,1.534,2.121,45.578
1744992804.12,-1,0.378,0.061,1.574,12,-0.215,-0.094,-0.622,20,0.428,1.574,-0.003,0.260,1.50,0.21,0.093,-0.021,1.286,1.534,2.121,45.578
1744992804.13,-1,0.378,0.061,1.579,12,-0.215,-0.094,-0.552,20,0.428,1.579,-0.003,0.265,1.50,0.27,0.021,0.009,0.837,1.961,5.173,43.808
1744992804.14,-1,0.378,0.061,1.581,12,-0.215,-0.094,-0.552,20,0.428,1.581,-0.003,0.267,1.50,0.27,0.065,-0.072,0.748,1.992,-7.645,44.937
1744992804.15,-1,0.378,0.061,1.584,12,-0.215,-0.094,-0.478,20,0.428,1.584,-0.003,0.271,1.50,0.27,0.065,-0.072,0.748,1.992,-7.645,44.937
1744992804.15,-1,0.378,0.061,1.589,12,-0.215,-0.094,-0.478,20,0.428,1.589,-0.003,0.275,1.50,0.27,0.046,0.004,1.207,1.137,2.090,45.975
1744992804.15,-1,0.378,0.061,1.589,12,-0.215,-0.094,-0.478,20,0.428,1.589,-0.003,0.275,1.50,0.27,0.046,0.004,1.207,1.137,2.090,45.975
# remark: robobot/cmd/ti/alive 2025-04-18 18:13:08.652491
1744992804.16,-1,0.378,0.061,1.595,12,-0.215,-0.094,-0.522,20,0.428,1.595,-0.003,0.281,1.50,0.33,0.025,-0.024,0.830,2.297,6.699,44.449
1744992804.16,-1,0.378,0.061,1.597,12,-0.215,-0.094,-0.522,20,0.428,1.597,-0.003,0.283,1.50,0.33,0.062,-0.040,0.870,2.267,-6.241,45.395
1744992804.17,-1,0.378,0.061,1.601,12,-0.215,-0.094,-0.557,20,0.428,1.601,-0.003,0.287,1.50,0.33,0.062,-0.040,0.870,2.267,-6.241,45.395
1744992804.18,-1,0.378,0.061,1.606,12,-0.215,-0.094,-0.557,20,0.428,1.606,-0.003,0.293,1.50,0.33,0.012,0.053,1.179,1.198,1.328,43.961
1744992804.18,-1,0.378,0.061,1.606,12,-0.215,-0.094,-0.557,20,0.428,1.606,-0.003,0.293,1.50,0.33,0.012,0.053,1.179,1.198,1.328,43.961
1744992804.20,-1,0.378,0.061,1.611,12,-0.215,-0.094,-0.561,20,0.428,1.611,-0.003,0.297,1.50,0.41,0.046,-0.044,0.750,2.328,1.022,44.632
1744992804.20,-1,0.378,0.061,1.612,12,-0.215,-0.094,-0.561,20,0.428,1.612,-0.003,0.298,1.50,0.41,0.117,0.008,1.103,2.541,-4.929,46.280
1744992804.21,-1,0.378,0.061,1.617,12,-0.215,-0.094,-0.548,20,0.428,1.617,-0.003,0.303,1.50,0.41,0.117,0.008,1.103,2.541,-4.929,46.280
1744992804.21,-1,0.378,0.061,1.623,12,-0.215,-0.094,-0.548,20,0.428,1.623,-0.003,0.309,1.50,0.41,-0.012,0.052,1.278,0.374,8.286,42.831
1744992804.21,-1,0.378,0.061,1.623,12,-0.215,-0.094,-0.548,20,0.428,1.623,-0.003,0.309,1.50,0.41,-0.012,0.052,1.278,0.374,8.286,42.831
1744992804.22,-1,0.378,0.061,1.628,12,-0.215,-0.094,-0.548,20,0.428,1.628,-0.003,0.315,1.50,0.51,0.045,-0.073,0.657,4.769,-3.067,43.839
1744992804.23,-1,0.378,0.061,1.629,12,-0.215,-0.094,-0.548,20,0.428,1.629,-0.003,0.316,1.50,0.51,0.079,0.005,1.099,-0.144,-2.029,44.174
1744992804.23,-1,0.378,0.061,1.633,12,-0.215,-0.094,-0.557,20,0.428,1.633,-0.003,0.319,1.50,0.51,0.079,0.005,1.099,-0.144,-2.029,44.174
1744992804.24,-1,0.378,0.061,1.638,12,-0.215,-0.094,-0.557,20,0.428,1.638,-0.003,0.324,1.50,0.51,0.033,-0.013,1.007,1.961,6.424,42.282
1744992804.24,-1,0.378,0.061,1.638,12,-0.215,-0.094,-0.557,20,0.428,1.638,-0.003,0.324,1.50,0.51,0.033,-0.013,1.007,1.961,6.424,42.282
1744992804.25,-1,0.378,0.061,1.643,12,-0.215,-0.094,-0.565,20,0.428,1.643,-0.003,0.330,1.50,0.54,0.070,-0.049,0.667,4.311,-8.133,44.846
1744992804.26,-1,0.378,0.061,1.647,12,-0.215,-0.094,-0.565,20,0.428,1.647,-0.003,0.333,1.50,0.54,0.099,0.037,1.203,-0.450,-0.076,43.137
1744992804.26,-1,0.378,0.061,1.647,12,-0.215,-0.094,-0.565,20,0.428,1.647,-0.003,0.333,1.50,0.54,0.099,0.037,1.203,-0.450,-0.076,43.137
1744992804.27,-1,0.378,0.061,1.651,12,-0.215,-0.094,-0.526,20,0.428,1.651,-0.003,0.338,1.50,0.54,0.032,0.036,0.934,4.403,8.194,39.505
1744992804.27,-1,0.378,0.061,1.655,12,-0.215,-0.094,-0.526,20,0.428,1.655,-0.003,0.341,1.50,0.54,0.054,-0.034,0.730,2.633,-5.722,40.421
1744992804.29,-1,0.378,0.061,1.657,12,-0.215,-0.094,-0.548,20,0.428,1.657,-0.003,0.343,1.50,0.51,0.054,-0.034,0.730,2.633,-5.722,40.421
1744992804.29,-1,0.378,0.061,1.661,12,-0.215,-0.094,-0.548,20,0.428,1.661,-0.003,0.347,1.50,0.51,0.051,0.047,1.247,0.039,1.724,39.139
1744992804.29,-1,0.378,0.061,1.661,12,-0.215,-0.094,-0.548,20,0.428,1.661,-0.003,0.347,1.50,0.51,0.051,0.047,1.247,0.039,1.724,39.139
1744992804.30,-1,0.378,0.061,1.668,12,-0.215,-0.094,-0.509,20,0.428,1.668,-0.003,0.354,1.50,0.51,0.015,0.020,0.920,3.182,8.102,36.820
1744992804.30,-1,0.378,0.061,1.670,12,-0.215,-0.094,-0.509,20,0.428,1.670,-0.003,0.356,1.50,0.51,0.061,-0.060,0.693,3.029,-7.950,38.620
1744992804.31,-1,0.378,0.061,1.671,12,-0.215,-0.094,-0.496,20,0.428,1.671,-0.003,0.357,1.50,0.84,0.061,-0.060,0.693,3.029,-7.950,38.620
1744992804.32,-1,0.378,0.061,1.676,12,-0.215,-0.094,-0.496,20,0.428,1.676,-0.003,0.362,1.50,0.84,0.097,-0.000,1.118,-1.396,-3.860,39.841
1744992804.34,-1,0.378,0.061,1.676,12,-0.215,-0.094,-0.496,20,0.428,1.676,-0.003,0.362,1.50,0.84,0.097,-0.000,1.118,-1.396,-3.860,39.841
1744992804.34,-1,0.378,0.061,1.683,12,-0.215,-0.094,-0.478,20,0.428,1.683,-0.002,0.369,1.50,0.84,0.086,0.056,1.033,4.708,7.339,35.477
1744992804.34,-1,0.378,0.061,1.685,12,-0.215,-0.094,-0.478,20,0.428,1.685,-0.002,0.371,1.50,0.84,0.029,-0.086,0.701,1.565,-4.471,38.132
1744992804.34,-1,0.378,0.061,1.687,12,-0.215,-0.094,-0.509,20,0.429,1.687,-0.002,0.373,1.50,1.50,0.029,-0.086,0.701,1.565,-4.471,38.132
1744992804.35,-1,0.378,0.061,1.691,12,-0.215,-0.094,-0.509,20,0.429,1.691,-0.002,0.377,1.50,1.50,0.018,-0.043,1.142,0.741,-4.196,39.475
1744992804.35,-1,0.378,0.061,1.691,12,-0.215,-0.094,-0.509,20,0.429,1.691,-0.002,0.377,1.50,1.50,0.018,-0.043,1.142,0.741,-4.196,39.475
1744992804.37,-1,0.378,0.061,1.697,12,-0.215,-0.094,-0.539,20,0.429,1.697,-0.002,0.383,1.50,1.50,0.006,-0.037,1.039,2.999,8.194,39.200
1744992804.37,-1,0.378,0.061,1.699,12,-0.215,-0.094,-0.539,20,0.429,1.699,-0.002,0.385,1.50,1.50,0.070,-0.092,0.671,2.816,-5.814,41.061
1744992804.37,-1,0.378,0.061,1.701,12,-0.215,-0.094,-0.491,20,0.429,1.701,-0.002,0.387,1.50,1.50,0.070,-0.092,0.671,2.816,-5.814,41.061
1744992804.38,-1,0.378,0.061,1.707,12,-0.215,-0.094,-0.491,20,0.429,1.707,-0.002,0.393,1.50,1.50,0.010,-0.005,1.156,0.222,-1.602,41.580
1744992804.38,-1,0.378,0.061,1.707,12,-0.215,-0.094,-0.491,20,0.429,1.707,-0.002,0.393,1.50,1.50,0.010,-0.005,1.156,0.222,-1.602,41.580
1744992804.40,-1,0.378,0.062,1.712,12,-0.215,-0.094,-0.491,20,0.429,1.712,-0.002,0.398,1.50,1.50,0.076,0.050,0.889,4.098,4.288,38.406
1744992804.40,-1,0.378,0.062,1.714,12,-0.215,-0.094,-0.491,20,0.429,1.714,-0.002,0.400,1.50,1.50,0.082,-0.065,0.903,1.382,-7.492,39.169
1744992804.40,-1,0.378,0.062,1.717,12,-0.215,-0.094,-0.517,20,0.429,1.717,-0.002,0.404,1.50,1.50,0.082,-0.065,0.903,1.382,-7.492,39.169
1744992804.41,-1,0.378,0.061,1.723,12,-0.215,-0.094,-0.517,20,0.429,1.723,-0.002,0.409,1.50,1.50,0.020,0.078,1.169,1.778,4.257,38.986
1744992804.42,-1,0.378,0.061,1.723,12,-0.215,-0.094,-0.517,20,0.429,1.723,-0.002,0.409,1.50,1.50,0.020,0.078,1.169,1.778,4.257,38.986
1744992804.42,-1,0.378,0.061,1.730,12,-0.215,-0.094,-0.609,20,0.429,1.730,-0.002,0.416,1.50,1.50,0.057,-0.039,0.713,3.274,0.351,40.451
1744992804.42,-1,0.378,0.061,1.732,12,-0.215,-0.094,-0.609,20,0.429,1.732,-0.002,0.419,1.50,1.50,0.053,-0.042,0.903,1.717,-7.950,42.435
1744992804.43,-1,0.378,0.061,1.735,12,-0.215,-0.094,-0.613,20,0.429,1.735,-0.002,0.421,1.50,1.50,0.053,-0.042,0.903,1.717,-7.950,42.435
1744992804.44,-1,0.378,0.062,1.739,12,-0.215,-0.094,-0.613,20,0.429,1.739,-0.002,0.426,1.50,1.50,0.027,0.027,1.292,1.259,4.868,40.787
1744992804.44,-1,0.378,0.062,1.739,12,-0.215,-0.094,-0.613,20,0.429,1.739,-0.002,0.426,1.50,1.50,0.027,0.027,1.292,1.259,4.868,40.787
1744992804.45,-1,0.378,0.062,1.743,12,-0.215,-0.094,-0.552,20,0.429,1.743,-0.002,0.429,1.50,1.50,0.054,-0.023,0.750,3.731,-0.259,39.597
1744992804.45,-1,0.378,0.062,1.744,12,-0.215,-0.094,-0.552,20,0.429,1.744,-0.002,0.430,1.50,1.50,0.065,0.041,1.085,0.771,-3.830,39.230
1744992804.46,-1,0.378,0.062,1.745,12,-0.215,-0.094,-0.478,20,0.429,1.745,-0.002,0.431,1.50,1.50,0.065,0.041,1.085,0.771,-3.830,39.230
1744992804.47,-1,0.378,0.062,1.752,12,-0.215,-0.094,-0.478,20,0.429,1.752,-0.002,0.438,1.50,1.50,0.115,0.128,1.137,1.107,9.293,33.341
1744992804.48,-1,0.378,0.062,1.752,12,-0.215,-0.094,-0.478,20,0.429,1.752,-0.002,0.438,1.50,1.50,0.115,0.128,1.137,1.107,9.293,33.341
1744992804.48,-1,0.378,0.062,1.758,12,-0.215,-0.094,-0.387,20,0.429,1.758,-0.002,0.444,1.50,1.50,0.040,-0.075,0.766,4.098,0.717,33.005
1744992804.48,-1,0.378,0.062,1.759,12,-0.215,-0.094,-0.387,20,0.429,1.759,-0.002,0.445,1.50,1.50,0.029,-0.018,0.954,0.039,-2.609,34.287
1744992804.49,-1,0.378,0.062,1.761,12,-0.215,-0.094,-0.552,20,0.429,1.761,-0.002,0.448,1.50,1.50,0.029,-0.018,0.954,0.039,-2.609,34.287
1744992804.50,-1,0.378,0.062,1.767,12,-0.215,-0.094,-0.552,20,0.429,1.767,-0.002,0.453,1.50,1.50,0.021,0.059,1.138,1.839,8.743,31.418
1744992804.50,-1,0.378,0.062,1.767,12,-0.215,-0.094,-0.552,20,0.429,1.767,-0.002,0.453,1.50,1.50,0.021,0.059,1.138,1.839,8.743,31.418
1744992804.52,-1,0.378,0.062,1.772,12,-0.215,-0.094,-0.535,20,0.429,1.772,-0.002,0.458,1.50,1.50,0.025,-0.041,0.670,3.365,-2.609,31.418
1744992804.52,-1,0.378,0.062,1.773,12,-0.215,-0.094,-0.535,20,0.429,1.773,-0.002,0.459,1.50,1.50,0.047,-0.065,1.009,-0.511,-7.004,32.700
1744992804.53,-1,0.378,0.062,1.774,12,-0.215,-0.094,-0.504,20,0.429,1.774,-0.002,0.460,1.25,1.32,0.047,-0.065,1.009,-0.511,-7.004,32.700
1744992804.53,-1,0.378,0.062,1.778,12,-0.215,-0.094,-0.504,20,0.429,1.778,-0.002,0.464,1.25,1.32,0.032,0.004,1.146,2.328,7.156,34.103
1744992804.53,-1,0.378,0.062,1.778,12,-0.215,-0.094,-0.504,20,0.429,1.778,-0.002,0.464,1.25,1.32,0.032,0.004,1.146,2.328,7.156,34.103
1744992804.54,-1,0.378,0.062,1.781,12,-0.215,-0.094,-0.422,20,0.429,1.781,-0.002,0.467,1.25,1.32,0.029,-0.021,0.726,3.029,-0.229,33.585
1744992804.54,-1,0.378,0.062,1.783,12,-0.215,-0.094,-0.422,20,0.429,1.783,-0.002,0.470,1.25,1.32,0.039,-0.049,0.987,-0.144,-7.462,34.958
1744992804.55,-1,0.378,0.062,1.788,12,-0.215,-0.094,-0.370,20,0.429,1.788,-0.002,0.474,0.69,1.10,0.039,-0.049,0.987,-0.144,-7.462,34.958
1744992804.56,-1,0.378,0.062,1.791,12,-0.215,-0.094,-0.370,20,0.429,1.791,-0.002,0.478,0.69,1.10,0.048,-0.032,1.236,3.396,5.051,36.881
1744992804.56,-1,0.378,0.062,1.791,12,-0.215,-0.094,-0.370,20,0.429,1.791,-0.002,0.478,0.69,1.10,0.048,-0.032,1.236,3.396,5.051,36.881
1744992804.58,-1,0.378,0.062,1.797,12,-0.215,-0.094,-0.465,20,0.429,1.797,-0.002,0.483,0.69,1.10,-0.005,-0.017,0.743,1.565,5.081,35.812
1744992804.58,-1,0.378,0.062,1.800,12,-0.215,-0.094,-0.465,20,0.429,1.800,-0.002,0.486,0.69,1.10,0.011,-0.033,0.801,1.015,-7.401,34.866
1744992804.58,-1,0.378,0.062,1.804,12,-0.215,-0.094,-0.539,20,0.429,1.804,-0.002,0.490,0.49,0.92,0.011,-0.033,0.801,1.015,-7.401,34.866
1744992804.59,-1,0.378,0.062,1.809,12,-0.215,-0.094,-0.539,20,0.429,1.809,-0.002,0.495,0.49,0.92,0.013,-0.065,1.284,3.304,-0.137,39.291
1744992804.59,-1,0.378,0.062,1.809,12,-0.215,-0.094,-0.539,20,0.429,1.809,-0.002,0.495,0.49,0.92,0.013,-0.065,1.284,3.304,-0.137,39.291
1744992804.62,-1,0.378,0.062,1.813,12,-0.215,-0.094,-0.596,20,0.429,1.813,-0.002,0.500,0.49,0.92,0.035,0.007,0.873,0.832,5.936,38.162
1744992804.62,-1,0.378,0.062,1.816,12,-0.215,-0.094,-0.596,20,0.429,1.816,-0.002,0.502,0.49,0.92,0.042,-0.028,0.759,2.541,-6.699,38.712
1744992804.62,-1,0.378,0.062,1.819,12,-0.215,-0.094,-0.496,20,0.429,1.819,-0.002,0.505,0.46,1.04,0.042,-0.028,0.759,2.541,-6.699,38.712
1744992804.63,-1,0.378,0.062,1.823,12,-0.215,-0.094,-0.496,20,0.429,1.823,-0.002,0.509,0.46,1.04,0.061,-0.049,1.213,3.396,-2.914,40.939
1744992804.63,-1,0.378,0.062,1.823,12,-0.215,-0.094,-0.496,20,0.429,1.823,-0.002,0.509,0.46,1.04,0.061,-0.049,1.213,3.396,-2.914,40.939
1744992804.64,-1,0.378,0.062,1.825,12,-0.215,-0.094,-0.509,20,0.429,1.825,-0.002,0.511,0.46,1.04,0.025,0.006,1.005,1.015,8.621,40.512
1744992804.64,-1,0.378,0.062,1.827,12,-0.215,-0.094,-0.509,20,0.429,1.827,-0.002,0.513,0.46,1.04,0.014,-0.022,0.752,2.968,-2.396,39.169
1744992804.64,-1,0.378,0.062,1.831,12,-0.215,-0.094,-0.426,20,0.429,1.831,-0.002,0.517,0.46,1.23,0.014,-0.022,0.752,2.968,-2.396,39.169
1744992804.65,-1,0.378,0.062,1.835,12,-0.215,-0.094,-0.426,20,0.429,1.835,-0.002,0.522,0.46,1.23,0.065,-0.050,1.048,3.152,-6.973,41.824
1744992804.65,-1,0.378,0.062,1.835,12,-0.215,-0.094,-0.426,20,0.429,1.835,-0.002,0.522,0.46,1.23,0.065,-0.050,1.048,3.152,-6.973,41.824
1744992804.66,-1,0.378,0.062,1.842,12,-0.215,-0.094,-0.491,20,0.429,1.842,-0.002,0.528,0.46,1.23,0.014,-0.008,1.138,0.527,7.401,42.740
1744992804.66,-1,0.378,0.062,1.845,12,-0.215,-0.094,-0.491,20,0.429,1.845,-0.002,0.531,0.46,1.23,0.020,-0.062,0.676,3.640,-2.823,43.716
1744992804.68,-1,0.378,0.062,1.847,12,-0.215,-0.094,-0.535,20,0.429,1.847,-0.002,0.533,0.47,1.20,0.020,-0.062,0.676,3.640,-2.823,43.716
1744992804.68,-1,0.378,0.062,1.854,12,-0.215,-0.094,-0.535,20,0.429,1.854,-0.002,0.540,0.47,1.20,0.025,-0.053,1.081,1.168,-6.973,45.700
1744992804.69,-1,0.378,0.062,1.854,12,-0.215,-0.094,-0.535,20,0.429,1.854,-0.002,0.540,0.47,1.20,0.025,-0.053,1.081,1.168,-6.973,45.700
# remark: robobot/cmd/ti/alive 2025-04-18 18:13:08.652491
1744992804.69,-1,0.378,0.062,1.859,12,-0.215,-0.094,-0.587,20,0.429,1.859,-0.002,0.545,0.47,1.20,0.035,0.042,1.210,1.473,9.811,44.785
1744992804.69,-1,0.377,0.062,1.860,12,-0.215,-0.094,-0.587,20,0.429,1.860,-0.002,0.546,0.47,1.20,0.043,-0.047,0.661,3.609,-3.891,45.792
1744992804.70,-1,0.377,0.062,1.864,12,-0.215,-0.094,-0.552,20,0.429,1.864,-0.002,0.550,0.65,1.16,0.043,-0.047,0.661,3.609,-3.891,45.792
1744992804.71,-1,0.377,0.062,1.869,12,-0.215,-0.094,-0.552,20,0.429,1.869,-0.002,0.555,0.65,1.16,0.046,0.002,1.162,2.328,-3.250,46.524
1744992804.71,-1,0.377,0.062,1.869,12,-0.215,-0.094,-0.552,20,0.429,1.869,-0.002,0.555,0.65,1.16,0.046,0.002,1.162,2.328,-3.250,46.524
1744992804.72,-1,0.377,0.062,1.873,12,-0.215,-0.094,-0.500,20,0.430,1.873,-0.001,0.560,0.65,1.16,0.048,0.028,1.129,3.792,7.492,44.022
1744992804.72,-1,0.377,0.063,1.875,12,-0.215,-0.094,-0.500,20,0.430,1.875,-0.001,0.561,0.65,1.16,0.132,-0.007,0.698,4.098,-7.950,43.137
1744992804.73,-1,0.377,0.063,1.878,12,-0.215,-0.094,-0.500,20,0.430,1.878,-0.001,0.564,0.59,1.32,0.132,-0.007,0.698,4.098,-7.950,43.137
1744992804.74,-1,0.377,0.063,1.884,12,-0.215,-0.094,-0.500,20,0.430,1.884,-0.001,0.570,0.59,1.32,0.062,0.039,1.221,0.374,-0.259,41.031
1744992804.74,-1,0.377,0.063,1.884,12,-0.215,-0.094,-0.500,20,0.430,1.884,-0.001,0.570,0.59,1.32,0.062,0.039,1.221,0.374,-0.259,41.031
1744992804.75,-1,0.378,0.062,1.890,12,-0.215,-0.094,-0.539,20,0.430,1.890,-0.001,0.576,0.59,1.32,0.057,0.058,0.911,6.783,7.462,38.376
1744992804.75,-1,0.378,0.062,1.892,12,-0.215,-0.094,-0.539,20,0.430,1.892,-0.001,0.578,0.59,1.32,0.076,-0.009,0.710,2.236,-8.408,38.284
1744992804.76,-1,0.378,0.062,1.895,12,-0.215,-0.094,-0.583,20,0.430,1.895,-0.001,0.582,0.56,1.40,0.076,-0.009,0.710,2.236,-8.408,38.284
1744992804.77,-1,0.378,0.062,1.900,12,-0.215,-0.094,-0.583,20,0.430,1.900,-0.001,0.586,0.56,1.40,0.068,0.059,1.294,1.473,0.534,35.873
1744992804.77,-1,0.378,0.062,1.900,12,-0.215,-0.094,-0.583,20,0.430,1.900,-0.001,0.586,0.56,1.40,0.068,0.059,1.294,1.473,0.534,35.873
1744992804.78,-1,0.378,0.062,1.904,12,-0.215,-0.094,-0.548,20,0.429,1.904,-0.001,0.590,0.56,1.40,0.064,0.058,0.812,4.861,6.210,32.974
1744992804.79,-1,0.377,0.063,1.905,12,-0.215,-0.094,-0.548,20,0.429,1.905,-0.001,0.591,0.56,1.40,0.097,0.021,0.765,1.748,-8.652,31.326
1744992804.79,-1,0.377,0.063,1.908,12,-0.215,-0.094,-0.487,20,0.429,1.908,-0.001,0.594,0.57,1.50,0.097,0.021,0.765,1.748,-8.652,31.326
1744992804.80,-1,0.377,0.063,1.911,12,-0.215,-0.094,-0.487,20,0.429,1.911,-0.001,0.597,0.57,1.50,0.109,0.044,1.330,0.954,0.320,30.533
1744992804.80,-1,0.377,0.063,1.911,12,-0.215,-0.094,-0.487,20,0.429,1.911,-0.001,0.597,0.57,1.50,0.109,0.044,1.330,0.954,0.320,30.533
1744992804.81,-1,0.377,0.063,1.915,12,-0.215,-0.094,-0.417,20,0.430,1.915,-0.001,0.601,0.57,1.50,0.050,0.035,0.797,4.067,6.668,27.176
1744992804.81,-1,0.377,0.063,1.917,12,-0.215,-0.094,-0.417,20,0.430,1.917,-0.001,0.604,0.57,1.50,0.052,0.046,0.764,0.435,-3.983,23.483
1744992804.82,-1,0.377,0.063,1.921,12,-0.215,-0.094,-0.400,20,0.430,1.921,-0.001,0.607,0.48,1.50,0.052,0.046,0.764,0.435,-3.983,23.483
1744992804.83,-1,0.377,0.063,1.926,12,-0.215,-0.094,-0.400,20,0.430,1.926,-0.001,0.612,0.48,1.50,0.085,0.032,1.214,2.206,-3.433,22.904
1744992804.83,-1,0.377,0.063,1.926,12,-0.215,-0.094,-0.400,20,0.430,1.926,-0.001,0.612,0.48,1.50,0.085,0.032,1.214,2.206,-3.433,22.904
1744992804.85,-1,0.377,0.063,1.928,12,-0.215,-0.094,-0.491,20,0.430,1.928,-0.001,0.614,0.48,1.50,-0.019,-0.032,1.134,2.694,8.713,24.460
1744992804.85,-1,0.378,0.062,1.929,12,-0.215,-0.094,-0.491,20,0.430,1.929,-0.001,0.615,0.48,1.50,-0.034,-0.014,0.703,0.313,1.144,24.490
1744992804.86,-1,0.377,0.063,1.930,12,-0.215,-0.094,-0.435,20,0.429,1.930,-0.001,0.616,0.56,1.50,-0.034,-0.014,0.703,0.313,1.144,24.490
1744992804.86,-1,0.377,0.063,1.935,12,-0.215,-0.094,-0.435,20,0.429,1.935,-0.001,0.621,0.56,1.50,0.097,0.044,0.878,1.778,-9.018,22.385
1744992804.86,-1,0.377,0.063,1.935,12,-0.215,-0.094,-0.435,20,0.429,1.935,-0.001,0.621,0.56,1.50,0.097,0.044,0.878,1.778,-9.018,22.385
1744992804.88,-1,0.377,0.063,1.937,12,-0.215,-0.094,-0.374,20,0.430,1.937,-0.001,0.623,0.56,1.50,0.121,-0.056,1.205,0.893,1.511,23.697
1744992804.88,-1,0.377,0.063,1.938,12,-0.215,-0.094,-0.374,20,0.430,1.938,-0.001,0.624,0.56,1.50,0.084,0.012,0.891,1.504,4.196,24.551
1744992804.89,-1,0.377,0.063,1.938,12,-0.215,-0.094,-0.361,20,0.430,1.938,-0.001,0.624,0.58,1.50,0.084,0.012,0.891,1.504,4.196,24.551
1744992804.89,-1,0.377,0.063,1.942,12,-0.215,-0.094,-0.361,20,0.430,1.942,-0.001,0.628,0.58,1.50,0.044,0.040,0.829,0.588,-1.297,20.950
1744992804.89,-1,0.377,0.063,1.942,12,-0.215,-0.094,-0.361,20,0.430,1.942,-0.001,0.628,0.58,1.50,0.044,0.040,0.829,0.588,-1.297,20.950
1744992804.90,-1,0.377,0.063,1.946,12,-0.215,-0.094,-0.291,20,0.430,1.946,-0.001,0.633,0.58,1.50,0.042,0.061,0.973,1.809,-1.999,17.380
1744992804.90,-1,0.377,0.063,1.948,12,-0.215,-0.094,-0.291,20,0.430,1.948,-0.001,0.634,0.58,1.50,0.017,-0.151,1.059,1.229,1.602,22.629
1744992804.92,-1,0.377,0.063,1.950,12,-0.215,-0.094,-0.309,20,0.430,1.950,-0.001,0.636,0.55,1.33,0.017,-0.151,1.059,1.229,1.602,22.629
1744992804.92,-1,0.377,0.063,1.952,12,-0.215,-0.094,-0.309,20,0.430,1.952,-0.001,0.638,0.55,1.33,-0.083,-0.063,0.985,1.534,5.447,28.885
1744992804.93,-1,0.377,0.063,1.952,12,-0.215,-0.094,-0.309,20,0.430,1.952,-0.001,0.638,0.55,1.33,-0.083,-0.063,0.985,1.534,5.447,28.885
1744992804.93,-1,0.377,0.063,1.957,12,-0.215,-0.094,-0.326,20,0.430,1.957,-0.001,0.643,0.55,1.33,-0.026,-0.045,0.762,0.435,-1.511,29.770
1744992804.93,-1,0.377,0.064,1.958,12,-0.215,-0.094,-0.326,20,0.430,1.958,-0.001,0.644,0.55,1.33,0.061,-0.064,0.952,3.640,-8.469,30.350
1744992804.94,-1,0.377,0.064,1.960,12,-0.215,-0.094,-0.352,20,0.430,1.960,-0.001,0.646,0.47,1.50,0.061,-0.064,0.952,3.640,-8.469,30.350
1744992804.95,-1,0.377,0.064,1.965,12,-0.215,-0.094,-0.352,20,0.430,1.965,-0.001,0.651,0.47,1.50,0.092,-0.083,1.200,1.870,2.243,34.164
1744992804.96,-1,0.377,0.064,1.965,12,-0.215,-0.094,-0.352,20,0.430,1.965,-0.001,0.651,0.47,1.50,0.092,-0.083,1.200,1.870,2.243,34.164
1744992804.96,-1,0.377,0.064,1.970,12,-0.215,-0.094,-0.435,20,0.431,1.970,-0.000,0.656,0.47,1.50,-0.026,-0.046,0.872,3.091,3.799,35.263
1744992804.96,-1,0.377,0.063,1.971,12,-0.215,-0.094,-0.435,20,0.431,1.971,-0.000,0.657,0.47,1.50,-0.118,-0.075,0.917,3.884,-2.579,37.033
1744992804.97,-1,0.377,0.064,1.974,12,-0.215,-0.094,-0.430,20,0.431,1.974,-0.000,0.660,0.58,1.50,-0.118,-0.075,0.917,3.884,-2.579,37.033
1744992804.98,-1,0.377,0.064,1.979,12,-0.215,-0.094,-0.430,20,0.431,1.979,-0.000,0.665,0.58,1.50,0.083,-0.101,0.938,1.778,-5.112,39.475
1744992804.98,-1,0.377,0.064,1.979,12,-0.215,-0.094,-0.430,20,0.431,1.979,-0.000,0.665,0.58,1.50,0.083,-0.101,0.938,1.778,-5.112,39.475
1744992804.99,-1,0.377,0.064,1.985,12,-0.215,-0.094,-0.500,20,0.431,1.985,-0.000,0.671,0.58,1.50,0.089,0.019,1.166,4.281,0.229,40.634
1744992804.99,-1,0.377,0.064,1.987,12,-0.215,-0.094,-0.500,20,0.431,1.987,-0.000,0.673,0.58,1.50,-0.050,-0.064,0.832,4.586,3.342,41.855
1744992805.00,-1,0.377,0.064,1.990,12,-0.215,-0.094,-0.513,20,0.431,1.990,-0.000,0.676,0.83,1.50,-0.050,-0.064,0.832,4.586,3.342,41.855
1744992805.01,-1,0.377,0.064,1.995,12,-0.215,-0.094,-0.513,20,0.431,1.995,-0.000,0.681,0.83,1.50,0.013,-0.093,0.839,3.457,-8.713,47.318
1744992805.02,-1,0.377,0.064,1.995,12,-0.215,-0.094,-0.513,20,0.431,1.995,-0.000,0.681,0.83,1.50,0.013,-0.093,0.839,3.457,-8.713,47.318
1744992805.03,-1,0.377,0.064,2.001,12,-0.215,-0.094,-0.591,20,0.431,2.001,-0.000,0.687,0.83,1.50,0.091,0.015,1.246,0.893,-0.748,47.501
1744992805.03,-1,0.377,0.064,2.005,12,-0.215,-0.094,-0.591,20,0.431,2.005,-0.000,0.692,0.83,1.50,0.036,-0.006,0.865,6.508,3.311,46.249
1744992805.03,-1,0.377,0.064,2.008,12,-0.215,-0.094,-0.591,20,0.431,2.008,-0.000,0.694,1.18,1.50,0.036,-0.006,0.865,6.508,3.311,46.249
1744992805.04,-1,0.377,0.064,2.014,12,-0.215,-0.094,-0.591,20,0.431,2.014,-0.000,0.700,1.18,1.50,0.062,-0.046,0.847,2.602,-5.783,51.651
1744992805.04,-1,0.377,0.064,2.014,12,-0.215,-0.094,-0.591,20,0.431,2.014,-0.000,0.700,1.18,1.50,0.062,-0.046,0.847,2.602,-5.783,51.651
1744992805.05,-1,0.377,0.064,2.019,12,-0.215,-0.094,-0.652,20,0.431,2.019,-0.000,0.705,1.18,1.50,0.094,0.002,1.164,1.259,1.175,48.508
1744992805.06,-1,0.377,0.064,2.024,12,-0.215,-0.094,-0.652,20,0.431,2.024,-0.000,0.710,1.18,1.50,0.001,-0.031,0.878,6.936,0.961,49.698
1744992805.06,-1,0.377,0.064,2.027,12,-0.215,-0.094,-0.643,20,0.431,2.027,-0.000,0.713,1.50,1.50,0.001,-0.031,0.878,6.936,0.961,49.698
1744992805.08,-1,0.377,0.064,2.032,12,-0.215,-0.094,-0.643,20,0.431,2.032,-0.000,0.718,1.50,1.50,0.122,0.016,0.884,1.320,-4.349,50.369
1744992805.08,-1,0.377,0.064,2.032,12,-0.215,-0.094,-0.643,20,0.431,2.032,-0.000,0.718,1.50,1.50,0.122,0.016,0.884,1.320,-4.349,50.369
1744992805.08,-1,0.377,0.064,2.039,12,-0.215,-0.094,-0.617,20,0.431,2.039,-0.000,0.725,1.50,1.50,0.068,0.033,1.170,1.443,2.975,49.118
1744992805.08,-1,0.377,0.064,2.042,12,-0.215,-0.094,-0.617,20,0.431,2.042,-0.000,0.729,1.50,1.50,0.045,0.035,0.806,6.386,1.114,47.562
1744992805.10,-1,0.377,0.064,2.045,12,-0.215,-0.094,-0.617,20,0.431,2.045,-0.000,0.731,1.50,1.50,0.045,0.035,0.806,6.386,1.114,47.562
1744992805.10,-1,0.377,0.064,2.052,12,-0.215,-0.094,-0.617,20,0.431,2.052,-0.000,0.738,1.50,1.50,0.073,0.011,0.920,0.222,-3.616,46.372
1744992805.10,-1,0.377,0.064,2.052,12,-0.215,-0.094,-0.617,20,0.431,2.052,-0.000,0.738,1.50,1.50,0.073,0.011,0.920,0.222,-3.616,46.372
1744992805.11,-1,0.377,0.064,2.057,12,-0.215,-0.094,-0.626,20,0.431,2.057,-0.000,0.744,1.50,1.50,-0.018,-0.019,1.109,3.823,2.853,47.562
1744992805.11,-1,0.377,0.064,2.060,12,-0.215,-0.094,-0.626,20,0.431,2.060,-0.000,0.746,1.50,1.50,0.120,0.026,0.850,4.830,-2.701,49.057
1744992805.12,-1,0.377,0.064,2.061,12,-0.215,-0.094,-0.622,20,0.431,2.061,-0.000,0.747,1.50,1.50,0.120,0.026,0.850,4.830,-2.701,49.057
1744992805.13,-1,0.377,0.064,2.067,12,-0.215,-0.094,-0.622,20,0.431,2.067,-0.000,0.753,1.50,1.50,0.044,-0.027,1.015,-1.548,-1.938,47.684
1744992805.13,-1,0.377,0.064,2.067,12,-0.215,-0.094,-0.622,20,0.431,2.067,-0.000,0.753,1.50,1.50,0.044,-0.027,1.015,-1.548,-1.938,47.684
1744992805.14,-1,0.377,0.064,2.072,12,-0.215,-0.094,-0.517,20,0.431,2.072,-0.000,0.759,1.50,1.50,0.057,0.043,1.023,4.952,1.907,44.785
1744992805.14,-1,0.377,0.064,2.076,12,-0.215,-0.094,-0.517,20,0.431,2.076,-0.000,0.762,1.50,1.50,0.098,0.018,0.822,2.297,-0.381,43.411
1744992805.15,-1,0.377,0.064,2.079,12,-0.215,-0.094,-0.570,20,0.431,2.079,-0.000,0.766,1.50,1.50,0.098,0.018,0.822,2.297,-0.381,43.411
1744992805.16,-1,0.377,0.064,2.085,12,-0.215,-0.094,-0.570,20,0.431,2.085,-0.000,0.771,1.50,1.50,0.078,0.059,1.062,1.595,-0.809,40.970
1744992805.16,-1,0.377,0.064,2.085,12,-0.215,-0.094,-0.570,20,0.431,2.085,-0.000,0.771,1.50,1.50,0.078,0.059,1.062,1.595,-0.809,40.970
1744992805.17,-1,0.377,0.064,2.090,12,-0.215,-0.094,-0.617,20,0.431,2.090,-0.000,0.776,1.50,1.50,0.022,-0.047,0.899,3.274,0.839,44.663
1744992805.17,-1,0.377,0.064,2.092,12,-0.215,-0.094,-0.617,20,0.431,2.092,-0.000,0.778,1.50,1.50,0.074,0.026,0.978,1.809,-1.877,44.113
1744992805.18,-1,0.377,0.064,2.094,12,-0.215,-0.094,-0.596,20,0.431,2.094,-0.000,0.781,1.50,1.50,0.074,0.026,0.978,1.809,-1.877,44.113
1744992805.19,-1,0.377,0.064,2.100,12,-0.215,-0.094,-0.596,20,0.431,2.100,-0.000,0.786,1.50,1.50,0.087,0.033,1.062,0.863,1.389,43.472
1744992805.19,-1,0.377,0.064,2.100,12,-0.215,-0.094,-0.596,20,0.431,2.100,-0.000,0.786,1.50,1.50,0.087,0.033,1.062,0.863,1.389,43.472
1744992805.20,-1,0.377,0.064,2.105,12,-0.215,-0.094,-0.465,20,0.431,2.105,-0.000,0.791,1.50,1.50,0.059,0.030,0.872,3.976,-1.419,41.397
1744992805.20,-1,0.377,0.064,2.108,12,-0.215,-0.094,-0.465,20,0.431,2.108,-0.000,0.794,1.50,1.50,0.059,0.024,1.005,0.985,0.015,39.719
# remark: robobot/cmd/ti/rc 0.0 0.0
# remark: robobot/cmd/ti/alive 2025-04-18 18:13:08.652491
1744992805.22,-1,0.377,0.064,2.111,12,-0.215,-0.094,-0.513,20,0.431,2.111,-0.000,0.797,1.50,1.50,0.059,0.024,1.005,0.985,0.015,39.719
1744992805.22,-1,0.377,0.064,2.116,12,-0.215,-0.094,-0.513,20,0.431,2.116,-0.000,0.803,1.50,1.50,0.065,0.031,0.960,2.144,3.098,38.071
1744992805.23,-1,0.377,0.064,2.116,12,-0.215,-0.094,-0.513,20,0.431,2.116,-0.000,0.803,1.50,1.50,0.065,0.031,0.960,2.144,3.098,38.071
1744992805.24,-1,0.377,0.064,2.122,12,-0.215,-0.094,-0.561,20,0.431,2.122,-0.000,0.808,1.50,1.50,0.042,0.014,0.896,3.091,-0.320,37.186
1744992805.24,-1,0.377,0.064,2.122,12,-0.215,-0.094,-0.561,20,0.431,2.122,-0.000,0.808,1.50,1.50,0.050,0.044,1.020,0.222,0.870,39.169
1744992805.25,-1,0.377,0.064,2.123,12,-0.215,-0.094,-0.591,20,0.431,2.123,-0.000,0.809,1.50,1.50,0.050,0.044,1.020,0.222,0.870,39.169
1744992805.25,-1,0.377,0.064,2.122,12,-0.215,-0.094,-0.591,20,0.431,2.122,-0.000,0.808,1.50,1.50,0.037,-0.002,0.950,0.954,0.351,37.949
1744992805.25,-1,0.377,0.064,2.122,12,-0.215,-0.094,-0.591,20,0.431,2.122,-0.000,0.808,1.50,1.50,0.037,-0.002,0.950,0.954,0.351,37.949
1744992805.26,-1,0.377,0.064,2.122,12,-0.215,-0.094,-0.326,20,0.431,2.122,-0.000,0.808,1.50,1.50,0.074,0.020,0.907,1.961,-0.656,35.904
1744992805.26,-1,0.377,0.064,2.122,12,-0.215,-0.094,-0.326,20,0.431,2.122,-0.000,0.808,1.50,1.50,0.147,0.286,0.939,-1.365,3.891,26.016
1744992805.27,-1,0.377,0.063,2.123,12,-0.215,-0.094,-0.200,20,0.431,2.123,-0.000,0.809,1.50,1.50,0.147,0.286,0.939,-1.365,3.891,26.016
1744992805.28,-1,0.377,0.063,2.126,12,-0.215,-0.094,-0.200,20,0.431,2.126,-0.000,0.812,1.50,1.50,0.103,0.227,0.865,3.091,0.504,14.633
1744992805.28,-1,0.377,0.063,2.126,12,-0.215,-0.094,-0.200,20,0.431,2.126,-0.000,0.812,1.50,1.50,0.103,0.227,0.865,3.091,0.504,14.633
1744992805.31,-1,0.377,0.063,2.128,12,-0.215,-0.094,-0.217,20,0.431,2.128,-0.000,0.814,1.50,1.50,0.058,0.139,1.144,2.877,-2.762,12.589
1744992805.31,-1,0.377,0.063,2.128,12,-0.215,-0.094,-0.217,20,0.431,2.128,-0.000,0.814,1.50,1.50,0.004,0.106,1.068,-2.494,3.983,8.560
1744992805.31,-1,0.377,0.063,2.128,12,-0.215,-0.094,-0.187,20,0.431,2.128,-0.000,0.814,1.50,1.50,0.004,0.106,1.068,-2.494,3.983,8.560
1744992805.32,-1,0.377,0.063,2.128,12,-0.215,-0.094,-0.187,20,0.431,2.128,-0.000,0.814,1.50,1.50,0.145,0.163,0.769,2.083,-5.081,6.393
1744992805.32,-1,0.377,0.063,2.128,12,-0.215,-0.094,-0.187,20,0.431,2.128,-0.000,0.814,1.50,1.50,0.145,0.163,0.769,2.083,-5.081,6.393
1744992805.32,-1,0.377,0.063,2.128,12,-0.215,-0.094,-0.178,20,0.431,2.128,-0.000,0.814,1.50,1.50,0.142,0.129,1.088,-2.464,-2.213,0.443
1744992805.32,-1,0.377,0.063,2.127,12,-0.215,-0.094,-0.178,20,0.431,2.127,-0.000,0.813,1.50,1.50,0.218,0.108,0.945,-0.419,2.884,-5.691
1744992805.34,-1,0.377,0.063,2.127,12,-0.215,-0.094,-0.130,20,0.430,2.127,-0.000,0.813,1.50,1.50,0.218,0.108,0.945,-0.419,2.884,-5.691
1744992805.34,-1,0.377,0.063,2.127,12,-0.215,-0.094,-0.130,20,0.430,2.127,-0.000,0.813,1.50,1.50,0.122,0.040,0.916,-0.327,-1.053,-8.530
1744992805.34,-1,0.377,0.063,2.127,12,-0.215,-0.094,-0.130,20,0.430,2.127,-0.000,0.813,1.50,1.50,0.122,0.040,0.916,-0.327,-1.053,-8.530
1744992805.35,-1,0.377,0.063,2.126,12,-0.215,-0.094,-0.087,20,0.430,2.126,-0.001,0.812,1.50,1.50,0.054,0.006,1.055,-0.968,2.518,-11.032
1744992805.35,-1,0.377,0.063,2.124,12,-0.215,-0.094,-0.087,20,0.430,2.124,-0.001,0.811,1.50,1.50,0.063,-0.009,0.928,-0.663,-0.290,-10.544
1744992805.37,-1,0.377,0.063,2.124,12,-0.215,-0.094,-0.022,20,0.430,2.124,-0.001,0.811,1.50,1.50,0.063,-0.009,0.928,-0.663,-0.290,-10.544
1744992805.37,-1,0.377,0.063,2.124,12,-0.215,-0.094,-0.022,20,0.430,2.124,-0.001,0.811,1.50,1.50,0.073,-0.022,0.985,0.710,-2.182,-11.215
1744992805.37,-1,0.377,0.063,2.124,12,-0.215,-0.094,-0.022,20,0.430,2.124,-0.001,0.811,1.50,1.50,0.073,-0.022,0.985,0.710,-2.182,-11.215
1744992805.38,-1,0.377,0.063,2.124,12,-0.215,-0.094,-0.017,20,0.430,2.124,-0.001,0.811,1.50,1.50,0.040,-0.013,1.010,-1.365,0.778,-10.605
1744992805.39,-1,0.377,0.063,2.124,12,-0.215,-0.094,-0.017,20,0.430,2.124,-0.001,0.811,1.50,1.50,0.024,-0.018,0.916,1.320,-0.931,-9.964
1744992805.39,-1,0.377,0.063,2.124,12,-0.215,-0.094,-0.017,20,0.430,2.124,-0.001,0.811,1.50,1.50,0.024,-0.018,0.916,1.320,-0.931,-9.964
1744992805.40,-1,0.377,0.063,2.124,12,-0.215,-0.094,-0.017,20,0.430,2.124,-0.001,0.811,1.50,1.50,0.032,-0.008,0.995,-0.846,0.076,-9.140
1744992805.40,-1,0.377,0.063,2.124,12,-0.215,-0.094,-0.017,20,0.430,2.124,-0.001,0.811,1.50,1.50,0.032,-0.008,0.995,-0.846,0.076,-9.140
1744992805.41,-1,0.377,0.063,2.124,12,-0.215,-0.094,-0.017,20,0.430,2.124,-0.001,0.811,1.50,1.50,0.005,-0.021,0.981,-0.785,1.358,-8.163
1744992805.41,-1,0.377,0.063,2.124,12,-0.215,-0.094,-0.017,20,0.430,2.124,-0.001,0.811,1.50,1.50,0.017,-0.017,0.948,0.008,-0.198,-6.882
1744992805.43,-1,0.377,0.063,2.124,12,-0.215,-0.094,-0.017,20,0.430,2.124,-0.001,0.811,1.50,1.50,0.017,-0.017,0.948,0.008,-0.198,-6.882
1744992805.43,-1,0.377,0.063,2.124,12,-0.215,-0.094,-0.017,20,0.430,2.124,-0.001,0.811,1.50,1.50,-0.033,-0.064,0.987,-1.060,-0.229,-5.386
1744992805.44,-1,0.377,0.063,2.124,12,-0.215,-0.094,-0.017,20,0.430,2.124,-0.001,0.811,1.50,1.50,-0.033,-0.064,0.987,-1.060,-0.229,-5.386
1744992805.44,-1,0.377,0.063,2.124,12,-0.215,-0.094,-0.017,20,0.430,2.124,-0.001,0.811,1.50,1.50,0.022,-0.024,0.987,0.008,-0.229,-4.166
1744992805.44,-1,0.377,0.063,2.124,12,-0.215,-0.094,-0.017,20,0.430,2.124,-0.001,0.811,1.50,1.50,-0.004,-0.056,0.962,-0.327,-0.656,-2.487
1744992805.47,-1,0.377,0.063,2.124,12,-0.215,-0.094,-0.013,20,0.430,2.124,-0.001,0.811,1.50,1.48,-0.004,-0.056,0.962,-0.327,-0.656,-2.487
1744992805.47,-1,0.377,0.063,2.124,12,-0.215,-0.094,-0.013,20,0.430,2.124,-0.001,0.811,1.50,1.48,0.029,-0.030,0.980,-0.083,0.473,-1.724
1744992805.47,-1,0.377,0.063,2.124,12,-0.215,-0.094,-0.013,20,0.430,2.124,-0.001,0.811,1.50,1.48,0.029,-0.030,0.980,-0.083,0.473,-1.724
1744992805.47,-1,0.377,0.063,2.124,12,-0.215,-0.094,-0.009,20,0.430,2.124,-0.001,0.811,1.50,1.48,0.052,-0.018,0.973,-0.053,0.015,-1.724
1744992805.49,-1,0.377,0.063,2.124,12,-0.215,-0.094,-0.009,20,0.430,2.124,-0.001,0.811,1.50,1.48,0.057,-0.009,0.989,0.649,0.107,-1.450
1744992805.49,-1,0.377,0.063,2.124,12,-0.215,-0.094,-0.009,20,0.430,2.124,-0.001,0.811,1.50,1.50,0.057,-0.009,0.989,0.649,0.107,-1.450
1744992805.53,-1,0.377,0.063,2.124,12,-0.215,-0.094,-0.009,20,0.430,2.124,-0.001,0.811,1.50,1.50,0.056,0.000,0.959,0.008,-0.229,-1.327
1744992805.53,-1,0.377,0.063,2.124,12,-0.215,-0.094,-0.009,20,0.430,2.124,-0.001,0.811,1.50,1.50,0.056,0.000,0.959,0.008,-0.229,-1.327
1744992805.53,-1,0.377,0.063,2.124,12,-0.215,-0.094,-0.009,20,0.430,2.124,-0.001,0.811,1.50,1.50,0.060,0.004,0.965,0.649,-0.290,-0.717
1744992805.53,-1,0.377,0.063,2.124,12,-0.215,-0.094,-0.009,20,0.430,2.124,-0.001,0.811,1.50,1.50,0.062,0.007,0.969,-0.297,0.381,0.320
1744992805.53,-1,0.377,0.063,2.124,12,-0.215,-0.094,-0.009,20,0.430,2.124,-0.001,0.811,1.50,1.50,0.062,0.007,0.969,-0.297,0.381,0.320
1744992805.53,-1,0.377,0.063,2.124,12,-0.215,-0.094,-0.009,20,0.430,2.124,-0.001,0.811,1.50,1.50,0.061,-0.003,0.952,-0.511,-0.015,0.107
1744992805.53,-1,0.377,0.063,2.124,12,-0.215,-0.094,-0.009,20,0.430,2.124,-0.001,0.811,1.50,1.50,0.061,-0.003,0.952,-0.511,-0.015,0.107
1744992805.55,-1,0.377,0.063,2.124,12,-0.215,-0.094,-0.009,20,0.430,2.124,-0.001,0.811,1.50,1.50,0.068,-0.002,0.989,-0.450,0.443,0.656
1744992805.55,-1,0.377,0.063,2.124,12,-0.215,-0.094,-0.009,20,0.430,2.124,-0.001,0.811,1.50,1.50,0.062,-0.016,0.949,-0.175,-0.015,0.595
1744992805.55,-1,0.377,0.063,2.124,12,-0.215,-0.094,-0.009,20,0.430,2.124,-0.001,0.811,1.50,1.50,0.062,-0.016,0.949,-0.175,-0.015,0.595
1744992805.55,-1,0.377,0.063,2.124,12,-0.215,-0.094,-0.009,20,0.430,2.124,-0.001,0.811,1.50,1.50,0.060,-0.008,0.975,0.008,-0.473,0.168
1744992805.56,-1,0.377,0.063,2.124,12,-0.215,-0.094,-0.009,20,0.430,2.124,-0.001,0.811,1.50,1.50,0.060,-0.008,0.975,0.008,-0.473,0.168
1744992805.56,-1,0.377,0.063,2.124,12,-0.215,-0.094,-0.009,20,0.430,2.124,-0.001,0.811,1.50,1.50,0.050,-0.018,0.970,0.008,0.351,0.198
1744992805.56,-1,0.377,0.063,2.124,12,-0.215,-0.094,-0.009,20,0.430,2.124,-0.001,0.811,1.50,1.50,0.045,-0.012,0.979,0.649,0.443,0.046
1744992805.58,-1,0.377,0.063,2.124,12,-0.215,-0.094,0.004,20,0.430,2.124,-0.001,0.811,1.50,1.50,0.045,-0.012,0.979,0.649,0.443,0.046
1744992805.58,-1,0.377,0.063,2.124,12,-0.215,-0.094,0.004,20,0.430,2.124,-0.001,0.811,1.50,1.50,0.014,-0.016,0.965,0.069,0.656,1.267
1744992805.58,-1,0.377,0.063,2.124,12,-0.215,-0.094,0.004,20,0.430,2.124,-0.001,0.811,1.50,1.50,0.014,-0.016,0.965,0.069,0.656,1.267
1744992805.60,-1,0.377,0.063,2.124,12,-0.215,-0.094,0.004,20,0.430,2.124,-0.001,0.811,1.50,1.50,0.021,-0.010,0.964,0.222,0.198,2.274
1744992805.60,-1,0.377,0.063,2.124,12,-0.215,-0.094,0.004,20,0.430,2.124,-0.001,0.811,1.50,1.50,0.032,-0.004,0.975,-0.388,-0.412,2.945
1744992805.60,-1,0.377,0.063,2.124,12,-0.215,-0.094,0.004,20,0.430,2.124,-0.001,0.811,1.50,1.50,0.032,-0.004,0.975,-0.388,-0.412,2.945
1744992805.61,-1,0.377,0.063,2.124,12,-0.215,-0.094,0.004,20,0.430,2.124,-0.001,0.811,1.50,1.50,0.043,0.006,0.973,-0.053,-0.412,2.609
1744992805.61,-1,0.377,0.063,2.124,12,-0.215,-0.094,0.004,20,0.430,2.124,-0.001,0.811,1.50,1.50,0.043,0.006,0.973,-0.053,-0.412,2.609
1744992805.63,-1,0.377,0.063,2.124,12,-0.215,-0.094,0.004,20,0.430,2.124,-0.001,0.811,1.50,1.50,0.042,-0.001,0.975,-0.175,-0.015,2.579
1744992805.63,-1,0.377,0.063,2.124,12,-0.215,-0.094,0.004,20,0.430,2.124,-0.001,0.811,1.50,1.50,0.042,-0.002,0.962,0.130,0.626,1.816
1744992805.63,-1,0.377,0.063,2.124,12,-0.215,-0.094,0.004,20,0.430,2.124,-0.001,0.811,1.50,1.50,0.042,-0.002,0.962,0.130,0.626,1.816
1744992805.64,-1,0.377,0.063,2.124,12,-0.215,-0.094,0.004,20,0.430,2.124,-0.001,0.811,1.50,1.50,0.044,0.000,0.981,0.313,0.504,1.419
1744992805.65,-1,0.377,0.063,2.124,12,-0.215,-0.094,0.004,20,0.430,2.124,-0.001,0.811,1.50,1.50,0.044,0.000,0.981,0.313,0.504,1.419
1744992805.65,-1,0.377,0.063,2.124,12,-0.215,-0.094,0.004,20,0.430,2.124,-0.001,0.811,1.50,1.50,0.044,0.007,0.969,-0.053,0.595,1.114
1744992805.65,-1,0.377,0.063,2.124,12,-0.215,-0.094,0.004,20,0.430,2.124,-0.001,0.811,1.50,1.50,0.050,0.011,0.968,0.100,-0.198,0.656
1744992805.66,-1,0.377,0.063,2.124,12,-0.215,-0.094,0.004,20,0.429,2.124,-0.001,0.811,1.50,1.50,0.050,0.011,0.968,0.100,-0.198,0.656
1744992805.67,-1,0.377,0.063,2.124,12,-0.215,-0.094,0.004,20,0.429,2.124,-0.001,0.811,1.50,1.50,0.045,0.010,0.970,-0.053,-0.320,0.198
1744992805.68,-1,0.377,0.063,2.124,12,-0.215,-0.094,0.004,20,0.429,2.124,-0.001,0.811,1.50,1.50,0.045,0.010,0.970,-0.053,-0.320,0.198
1744992805.69,-1,0.377,0.063,2.124,12,-0.215,-0.094,0.004,20,0.429,2.124,-0.002,0.811,1.50,1.50,0.048,0.009,0.969,0.313,0.229,0.320
1744992805.69,-1,0.377,0.063,2.124,12,-0.215,-0.094,0.004,20,0.429,2.124,-0.002,0.811,1.50,1.50,0.048,0.008,0.963,-0.236,0.168,0.229
1744992805.71,-1,0.377,0.063,2.124,12,-0.215,-0.094,0.004,20,0.429,2.124,-0.002,0.811,1.50,1.50,0.048,0.008,0.963,-0.236,0.168,0.229
1744992805.71,-1,0.377,0.063,2.124,12,-0.215,-0.094,0.004,20,0.429,2.124,-0.002,0.811,1.50,1.50,0.050,0.004,0.973,-0.419,0.443,-0.168
1744992805.71,-1,0.377,0.063,2.124,12,-0.215,-0.094,0.004,20,0.429,2.124,-0.002,0.811,1.50,1.50,0.050,0.004,0.973,-0.419,0.443,-0.168
1744992805.71,-1,0.377,0.063,2.124,12,-0.215,-0.094,0.004,20,0.429,2.124,-0.002,0.811,1.50,1.50,0.052,0.001,0.968,-0.175,0.137,-0.595
1744992805.71,-1,0.377,0.063,2.124,12,-0.215,-0.094,0.004,20,0.429,2.124,-0.002,0.811,1.50,1.50,0.052,-0.005,0.966,-0.205,-0.656,-1.327
1744992805.72,-1,0.377,0.063,2.124,12,-0.215,-0.094,0.004,20,0.429,2.124,-0.002,0.811,1.50,1.50,0.052,-0.005,0.966,-0.205,-0.656,-1.327
1744992805.73,-1,0.377,0.063,2.124,12,-0.215,-0.094,0.004,20,0.429,2.124,-0.002,0.811,1.50,1.50,0.052,0.002,0.976,-0.388,0.198,-1.450
1744992805.74,-1,0.377,0.063,2.124,12,-0.215,-0.094,0.004,20,0.429,2.124,-0.002,0.811,1.50,1.50,0.052,0.002,0.976,-0.388,0.198,-1.450
1744992805.74,-1,0.377,0.063,2.124,12,-0.215,-0.094,0.004,20,0.429,2.124,-0.002,0.811,1.50,1.50,0.047,-0.000,0.960,-0.022,0.046,-1.785
1744992805.74,-1,0.377,0.063,2.124,12,-0.215,-0.094,0.004,20,0.429,2.124,-0.002,0.811,1.50,1.50,0.051,0.004,0.970,-0.083,-0.137,-2.151
1744992805.75,-1,0.377,0.063,2.124,12,-0.215,-0.094,0.000,20,0.429,2.124,-0.002,0.811,1.50,1.50,0.051,0.004,0.970,-0.083,-0.137,-2.151
# remark: robobot/cmd/ti/alive 2025-04-18 18:13:08.652491
1744992805.76,-1,0.377,0.063,2.124,12,-0.215,-0.094,0.000,20,0.429,2.124,-0.002,0.811,1.50,1.50,0.045,0.004,0.963,-0.266,0.320,-1.816
1744992805.77,-1,0.377,0.063,2.124,12,-0.215,-0.094,0.000,20,0.429,2.124,-0.002,0.811,1.50,1.50,0.045,0.004,0.963,-0.266,0.320,-1.816
1744992805.77,-1,0.377,0.063,2.124,12,-0.215,-0.094,0.000,20,0.429,2.124,-0.002,0.811,1.50,1.50,0.046,0.009,0.967,-0.175,-0.137,-2.090
1744992805.78,-1,0.377,0.063,2.124,12,-0.215,-0.094,0.000,20,0.429,2.124,-0.002,0.811,1.50,1.50,0.047,0.002,0.964,-0.236,-0.473,-1.968
1744992805.79,-1,0.377,0.063,2.124,12,-0.215,-0.094,0.004,20,0.429,2.124,-0.002,0.811,1.50,1.50,0.047,0.002,0.964,-0.236,-0.473,-1.968
1744992805.80,-1,0.377,0.063,2.124,12,-0.215,-0.094,0.004,20,0.429,2.124,-0.002,0.811,1.50,1.50,0.042,-0.006,0.977,-0.022,0.046,-1.785
1744992805.80,-1,0.377,0.063,2.124,12,-0.215,-0.094,0.004,20,0.429,2.124,-0.002,0.811,1.50,1.50,0.042,-0.006,0.977,-0.022,0.046,-1.785
1744992805.82,-1,0.377,0.063,2.124,12,-0.215,-0.094,0.009,20,0.429,2.124,-0.002,0.811,1.50,1.50,0.028,-0.019,0.971,-0.480,0.565,-1.266
1744992805.82,-1,0.377,0.063,2.124,12,-0.215,-0.094,0.009,20,0.429,2.124,-0.002,0.811,1.50,1.50,0.028,-0.022,0.969,-0.114,0.198,-0.229
1744992805.82,-1,0.377,0.063,2.124,12,-0.215,-0.094,0.009,20,0.429,2.124,-0.002,0.811,1.50,1.50,0.028,-0.022,0.969,-0.114,0.198,-0.229
1744992805.82,-1,0.377,0.063,2.124,12,-0.215,-0.094,0.009,20,0.429,2.124,-0.002,0.811,1.50,1.50,0.043,-0.018,0.970,-0.236,0.107,-0.198
1744992805.82,-1,0.377,0.063,2.124,12,-0.215,-0.094,0.009,20,0.429,2.124,-0.002,0.811,1.50,1.50,0.043,-0.018,0.970,-0.236,0.107,-0.198
1744992805.84,-1,0.377,0.063,2.124,12,-0.215,-0.094,0.009,20,0.429,2.124,-0.002,0.811,1.50,1.50,0.046,-0.015,0.967,0.100,-0.412,0.076
1744992805.84,-1,0.377,0.063,2.124,12,-0.215,-0.094,0.009,20,0.429,2.124,-0.002,0.811,1.50,1.50,0.048,-0.007,0.969,0.039,0.076,0.015
1744992805.85,-1,0.377,0.063,2.124,12,-0.215,-0.094,0.009,20,0.429,2.124,-0.002,0.811,1.50,1.50,0.048,-0.007,0.969,0.039,0.076,0.015
1744992805.85,-1,0.377,0.063,2.124,12,-0.215,-0.094,0.009,20,0.429,2.124,-0.002,0.811,1.50,1.50,0.048,0.000,0.967,0.283,0.320,-0.015
1744992805.85,-1,0.377,0.063,2.124,12,-0.215,-0.094,0.009,20,0.429,2.124,-0.002,0.811,1.50,1.50,0.048,0.000,0.967,0.283,0.320,-0.015
1744992805.86,-1,0.377,0.063,2.124,12,-0.215,-0.094,0.000,20,0.429,2.124,-0.002,0.811,1.50,1.50,0.052,0.005,0.972,0.161,0.259,0.382
1744992805.88,-1,0.377,0.063,2.124,12,-0.215,-0.094,0.000,20,0.429,2.124,-0.002,0.811,1.50,1.50,0.048,0.006,0.965,0.130,0.290,0.351
1744992805.88,-1,0.377,0.063,2.124,12,-0.215,-0.094,0.000,20,0.429,2.124,-0.002,0.811,1.50,1.50,0.048,0.006,0.965,0.130,0.290,0.351
1744992805.89,-1,0.377,0.063,2.124,12,-0.215,-0.094,0.000,20,0.429,2.124,-0.002,0.811,1.50,1.50,0.051,0.007,0.961,-0.266,-0.137,0.626
1744992805.89,-1,0.377,0.063,2.124,12,-0.215,-0.094,0.000,20,0.429,2.124,-0.002,0.811,1.50,1.50,0.051,0.007,0.961,-0.266,-0.137,0.626
1744992805.89,-1,0.377,0.063,2.124,12,-0.215,-0.094,0.000,20,0.429,2.124,-0.002,0.811,1.50,1.50,0.050,-0.001,0.968,-0.205,-0.320,0.504
1744992805.89,-1,0.377,0.063,2.124,12,-0.215,-0.094,0.000,20,0.429,2.124,-0.002,0.811,1.50,1.50,0.047,-0.009,0.979,-0.114,-0.046,0.626
1744992805.91,-1,0.377,0.063,2.124,12,-0.215,-0.094,0.000,20,0.429,2.124,-0.002,0.811,1.50,1.50,0.047,-0.009,0.979,-0.114,-0.046,0.626
1744992805.91,-1,0.377,0.063,2.124,12,-0.215,-0.094,0.000,20,0.429,2.124,-0.002,0.811,1.50,1.50,0.042,-0.005,0.966,-0.175,0.443,0.320
1744992805.91,-1,0.377,0.063,2.124,12,-0.215,-0.094,0.000,20,0.429,2.124,-0.002,0.811,1.50,1.50,0.042,-0.005,0.966,-0.175,0.443,0.320
# remark: robobot/cmd/ti/rc 0.0 0.0
# remark: robobot/cmd/T0/leds 16 0 0 0
# remark: robobot/cmd/ti/rc 0.2 -0.3
1744992805.92,-1,0.377,0.063,2.124,12,-0.215,-0.094,0.000,20,0.429,2.124,0.000,0.000,1.50,1.50,0.044,-0.008,0.970,0.344,0.259,0.107
1744992805.93,-1,0.377,0.063,2.124,12,-0.215,-0.094,0.000,20,0.429,2.124,0.000,0.000,1.50,1.50,0.039,-0.005,0.965,-0.083,0.259,0.198
1744992805.94,-1,0.377,0.063,2.124,12,-0.215,-0.094,0.000,20,0.429,2.124,0.000,0.000,1.50,1.50,0.039,-0.005,0.965,-0.083,0.259,0.198
1744992805.94,-1,0.377,0.063,2.124,12,-0.215,-0.094,0.000,20,0.429,2.124,0.000,0.000,1.50,1.50,0.037,-0.010,0.963,0.405,0.046,0.565
1744992805.94,-1,0.377,0.063,2.124,12,-0.215,-0.094,0.000,20,0.429,2.124,0.000,0.000,1.50,1.50,0.037,-0.010,0.963,0.405,0.046,0.565
1744992805.95,-1,0.377,0.063,2.126,12,-0.215,-0.094,0.000,20,0.429,2.126,0.000,0.001,1.50,1.50,0.032,-0.001,0.971,0.130,-0.168,0.412
1744992805.96,-1,0.377,0.063,2.124,12,-0.215,-0.094,0.000,20,0.429,2.124,0.000,0.000,1.50,1.50,0.047,0.005,0.962,0.374,-0.381,0.931
1744992805.96,-1,0.377,0.064,2.122,12,-0.215,-0.094,0.000,20,0.429,2.122,0.000,-0.002,1.50,1.50,0.047,0.005,0.962,0.374,-0.381,0.931
1744992805.97,-1,0.376,0.065,2.119,12,-0.215,-0.094,0.000,20,0.429,2.119,0.000,-0.006,1.50,1.50,0.073,0.030,0.784,-1.121,-1.205,0.412
1744992805.97,-1,0.376,0.065,2.119,12,-0.215,-0.094,0.000,20,0.429,2.119,0.000,-0.006,1.50,1.50,0.073,0.030,0.784,-1.121,-1.205,0.412
1744992805.98,-1,0.376,0.066,2.115,12,-0.215,-0.094,0.452,20,0.431,2.115,0.001,-0.009,1.50,1.50,0.325,0.110,0.925,2.175,-11.581,-2.762
1744992805.99,-1,0.376,0.066,2.114,12,-0.215,-0.094,0.452,20,0.431,2.114,0.001,-0.010,1.50,1.50,0.325,0.015,1.259,1.290,5.783,-3.464
1744992805.99,-1,0.375,0.066,2.112,12,-0.215,-0.094,0.296,20,0.432,2.112,0.003,-0.013,1.50,1.50,0.325,0.015,1.259,1.290,5.783,-3.464
1744992806.00,-1,0.375,0.067,2.112,12,-0.215,-0.094,0.296,20,0.432,2.112,0.003,-0.013,1.50,1.50,0.317,-0.002,0.462,-3.318,0.229,-6.363
1744992806.00,-1,0.375,0.067,2.112,12,-0.215,-0.094,0.296,20,0.432,2.112,0.003,-0.013,1.50,1.50,0.317,-0.002,0.462,-3.318,0.229,-6.363
1744992806.02,-1,0.375,0.068,2.111,12,-0.215,-0.094,0.178,20,0.433,2.111,0.004,-0.014,1.50,1.50,0.230,-0.026,1.065,3.853,-0.107,-8.865
1744992806.02,-1,0.374,0.068,2.110,12,-0.215,-0.094,0.178,20,0.433,2.110,0.004,-0.015,1.50,1.50,0.233,0.046,0.923,0.222,3.708,-7.553
1744992806.03,-1,0.374,0.069,2.108,12,-0.215,-0.094,0.157,20,0.434,2.108,0.005,-0.016,1.50,1.50,0.233,0.046,0.923,0.222,3.708,-7.553
1744992806.03,-1,0.373,0.070,2.107,12,-0.215,-0.094,0.157,20,0.434,2.107,0.005,-0.017,1.50,1.50,0.257,0.103,1.006,-3.227,0.259,-12.222
1744992806.04,-1,0.373,0.070,2.107,12,-0.215,-0.094,0.157,20,0.434,2.107,0.005,-0.017,1.50,1.50,0.257,0.103,1.006,-3.227,0.259,-12.222
1744992806.04,-1,0.373,0.071,2.105,12,-0.215,-0.094,0.174,20,0.436,2.105,0.007,-0.020,1.50,1.50,0.276,0.053,0.925,0.222,-2.029,-12.009
1744992806.04,-1,0.372,0.071,2.104,12,-0.215,-0.094,0.174,20,0.436,2.104,0.007,-0.021,1.50,1.50,0.305,-0.034,0.940,-3.532,5.417,-9.720
1744992806.06,-1,0.372,0.072,2.103,12,-0.215,-0.094,0.200,20,0.438,2.103,0.009,-0.022,1.50,1.50,0.305,-0.034,0.940,-3.532,5.417,-9.720
1744992806.06,-1,0.371,0.074,2.100,12,-0.215,-0.094,0.200,20,0.438,2.100,0.009,-0.024,1.50,1.50,0.357,0.113,0.957,-2.921,1.755,-10.757
1744992806.07,-1,0.371,0.074,2.100,12,-0.215,-0.094,0.200,20,0.438,2.100,0.009,-0.024,1.50,1.50,0.357,0.113,0.957,-2.921,1.755,-10.757
1744992806.07,-1,0.370,0.075,2.099,12,-0.215,-0.094,0.222,20,0.441,2.099,0.011,-0.025,1.50,1.50,0.227,-0.017,1.019,0.802,0.534,-14.969
1744992806.07,-1,0.370,0.076,2.098,12,-0.215,-0.094,0.222,20,0.441,2.098,0.011,-0.027,1.50,1.50,0.232,0.022,0.883,-4.295,4.074,-15.335
1744992806.08,-1,0.369,0.077,2.098,12,-0.215,-0.094,0.170,20,0.443,2.098,0.014,-0.027,1.50,1.50,0.232,0.022,0.883,-4.295,4.074,-15.335
1744992806.09,-1,0.368,0.078,2.094,12,-0.215,-0.094,0.170,20,0.443,2.094,0.014,-0.030,1.50,1.50,0.250,0.008,0.901,-6.797,4.044,-15.121
1744992806.09,-1,0.368,0.078,2.094,12,-0.215,-0.094,0.170,20,0.443,2.094,0.014,-0.030,1.50,1.50,0.250,0.008,0.901,-6.797,4.044,-15.121
1744992806.10,-1,0.367,0.080,2.091,12,-0.215,-0.094,0.235,20,0.446,2.091,0.017,-0.033,1.50,1.50,0.246,0.054,0.979,-0.205,5.417,-15.335
1744992806.11,-1,0.367,0.081,2.091,12,-0.215,-0.094,0.235,20,0.446,2.091,0.017,-0.033,1.50,1.50,0.227,0.025,0.970,-4.142,5.173,-15.854
1744992806.11,-1,0.366,0.082,2.090,12,-0.215,-0.094,0.248,20,0.449,2.090,0.020,-0.035,1.50,1.50,0.227,0.025,0.970,-4.142,5.173,-15.854
1744992806.12,-1,0.365,0.084,2.087,12,-0.215,-0.094,0.248,20,0.449,2.087,0.020,-0.037,1.50,1.50,0.171,0.021,0.931,-8.232,4.501,-17.410
1744992806.12,-1,0.365,0.084,2.087,12,-0.215,-0.094,0.248,20,0.449,2.087,0.020,-0.037,1.50,1.50,0.171,0.021,0.931,-8.232,4.501,-17.410
1744992806.13,-1,0.364,0.086,2.086,12,-0.215,-0.094,0.209,20,0.452,2.086,0.023,-0.038,1.50,1.50,0.094,0.005,0.917,-4.905,3.433,-17.532
1744992806.13,-1,0.364,0.087,2.085,12,-0.215,-0.094,0.209,20,0.452,2.085,0.023,-0.039,1.50,1.50,0.123,-0.007,0.924,-6.675,5.234,-15.762
1744992806.14,-1,0.363,0.088,2.083,12,-0.215,-0.094,0.235,20,0.456,2.083,0.027,-0.042,1.50,1.50,0.123,-0.007,0.924,-6.675,5.234,-15.762
1744992806.15,-1,0.362,0.090,2.080,12,-0.215,-0.094,0.235,20,0.456,2.080,0.027,-0.044,1.50,1.50,0.136,-0.006,1.025,-6.919,4.959,-16.647
1744992806.16,-1,0.362,0.090,2.080,12,-0.215,-0.094,0.235,20,0.456,2.080,0.027,-0.044,1.50,1.50,0.136,-0.006,1.025,-6.919,4.959,-16.647
1744992806.17,-1,0.361,0.092,2.078,12,-0.215,-0.094,0.204,20,0.459,2.078,0.030,-0.046,1.50,1.50,0.043,-0.049,1.053,-7.102,4.410,-16.128
1744992806.17,-1,0.360,0.093,2.077,12,-0.215,-0.094,0.204,20,0.459,2.077,0.030,-0.047,1.50,1.50,0.055,-0.058,0.879,-6.980,3.677,-14.786
1744992806.17,-1,0.360,0.094,2.076,12,-0.215,-0.094,0.248,20,0.463,2.076,0.034,-0.049,1.50,1.50,0.055,-0.058,0.879,-6.980,3.677,-14.786
1744992806.18,-1,0.358,0.096,2.072,12,-0.215,-0.094,0.248,20,0.463,2.072,0.034,-0.052,1.50,1.50,0.088,-0.017,1.015,-5.058,1.144,-14.145
1744992806.18,-1,0.358,0.096,2.072,12,-0.215,-0.094,0.248,20,0.463,2.072,0.034,-0.052,1.50,1.50,0.088,-0.017,1.015,-5.058,1.144,-14.145
1744992806.20,-1,0.357,0.098,2.070,12,-0.215,-0.094,0.283,20,0.467,2.070,0.037,-0.054,1.50,1.50,0.031,-0.153,1.058,-0.358,2.853,-11.825
1744992806.20,-1,0.357,0.099,2.069,12,-0.215,-0.094,0.283,20,0.467,2.069,0.037,-0.055,1.50,1.50,0.008,-0.103,0.787,-1.151,1.083,-9.476
1744992806.20,-1,0.356,0.100,2.067,12,-0.215,-0.094,0.309,20,0.470,2.067,0.041,-0.058,1.50,1.50,0.008,-0.103,0.787,-1.151,1.083,-9.476
1744992806.21,-1,0.355,0.102,2.063,12,-0.215,-0.094,0.309,20,0.470,2.063,0.041,-0.061,1.50,1.50,0.047,-0.118,0.953,-0.816,0.015,-8.316
1744992806.21,-1,0.355,0.102,2.063,12,-0.215,-0.094,0.309,20,0.470,2.063,0.041,-0.061,1.50,1.50,0.047,-0.118,0.953,-0.816,0.015,-8.316
1744992806.23,-1,0.354,0.104,2.061,12,-0.215,-0.094,0.335,20,0.473,2.061,0.044,-0.064,1.50,1.50,0.054,-0.127,0.997,2.877,6.241,-8.957
1744992806.23,-1,0.354,0.105,2.061,12,-0.215,-0.094,0.335,20,0.473,2.061,0.044,-0.064,1.50,1.50,0.013,-0.064,0.847,1.473,2.670,-8.438
1744992806.25,-1,0.353,0.106,2.060,12,-0.215,-0.094,0.209,20,0.477,2.060,0.048,-0.065,1.50,1.50,0.013,-0.064,0.847,1.473,2.670,-8.438
1744992806.25,-1,0.352,0.108,2.059,12,-0.215,-0.094,0.209,20,0.477,2.059,0.048,-0.066,1.50,1.50,0.003,0.033,1.029,-2.647,0.290,-11.520
1744992806.25,-1,0.352,0.108,2.059,12,-0.215,-0.094,0.209,20,0.477,2.059,0.048,-0.066,1.50,1.50,0.003,0.033,1.029,-2.647,0.290,-11.520
1744992806.27,-1,0.351,0.111,2.057,12,-0.215,-0.094,0.087,20,0.481,2.057,0.051,-0.067,1.50,1.50,0.014,-0.030,1.075,4.189,-0.595,-9.323
1744992806.27,-1,0.350,0.112,2.057,12,-0.215,-0.094,0.087,20,0.481,2.057,0.051,-0.067,1.50,1.50,-0.004,0.016,0.847,0.649,2.518,-6.149
1744992806.27,-1,0.349,0.113,2.056,12,-0.215,-0.094,0.126,20,0.484,2.056,0.055,-0.068,1.50,1.50,-0.004,0.016,0.847,0.649,2.518,-6.149
1744992806.27,-1,0.348,0.115,2.055,12,-0.215,-0.094,0.126,20,0.484,2.055,0.055,-0.069,1.50,1.50,-0.019,0.101,0.848,-7.194,1.999,-7.980
1744992806.27,-1,0.348,0.115,2.055,12,-0.215,-0.094,0.126,20,0.484,2.055,0.055,-0.069,1.50,1.50,-0.019,0.101,0.848,-7.194,1.999,-7.980
1744992806.28,-1,0.347,0.117,2.054,12,-0.215,-0.094,0.100,20,0.488,2.054,0.059,-0.071,1.50,1.50,-0.002,0.047,1.020,1.870,0.961,-8.713
1744992806.29,-1,0.347,0.118,2.055,12,-0.215,-0.094,0.100,20,0.488,2.055,0.059,-0.069,1.50,1.50,0.001,-0.074,1.054,0.527,3.189,-7.645
# remark: robobot/cmd/ti/alive 2025-04-18 18:13:08.652491
1744992806.29,-1,0.346,0.119,2.054,12,-0.215,-0.094,0.096,20,0.491,2.054,0.062,-0.071,1.50,1.50,0.001,-0.074,1.054,0.527,3.189,-7.645
1744992806.30,-1,0.345,0.121,2.053,12,-0.215,-0.094,0.096,20,0.491,2.053,0.062,-0.072,1.50,1.50,0.019,0.018,1.002,-3.684,4.623,-8.835
1744992806.31,-1,0.345,0.121,2.053,12,-0.215,-0.094,0.096,20,0.491,2.053,0.062,-0.072,1.50,1.50,0.019,0.018,1.002,-3.684,4.623,-8.835
1744992806.32,-1,0.344,0.123,2.050,12,-0.215,-0.094,0.113,20,0.495,2.050,0.066,-0.074,1.50,1.50,-0.052,-0.024,0.897,1.839,0.443,-9.628
1744992806.32,-1,0.343,0.124,2.049,12,-0.215,-0.094,0.113,20,0.495,2.049,0.066,-0.075,1.50,1.50,0.061,-0.034,0.942,1.351,0.168,-12.894
1744992806.33,-1,0.343,0.125,2.049,12,-0.215,-0.094,0.152,20,0.498,2.049,0.069,-0.075,1.50,1.50,0.061,-0.034,0.942,1.351,0.168,-12.894
1744992806.33,-1,0.342,0.127,2.046,12,-0.215,-0.094,0.152,20,0.498,2.046,0.069,-0.079,1.50,1.50,0.032,-0.057,1.097,0.527,2.213,-12.894
1744992806.33,-1,0.342,0.127,2.046,12,-0.215,-0.094,0.152,20,0.498,2.046,0.069,-0.079,1.50,1.50,0.032,-0.057,1.097,0.527,2.213,-12.894
1744992806.34,-1,0.341,0.129,2.046,12,-0.215,-0.094,0.204,20,0.502,2.046,0.073,-0.079,1.50,1.50,-0.067,0.009,1.113,4.006,5.783,-13.290
1744992806.34,-1,0.340,0.130,2.045,12,-0.215,-0.094,0.204,20,0.502,2.045,0.073,-0.080,1.50,1.50,-0.030,0.058,0.812,-1.212,2.914,-14.236
1744992806.35,-1,0.340,0.131,2.042,12,-0.215,-0.094,0.191,20,0.505,2.042,0.076,-0.082,1.50,1.50,-0.030,0.058,0.812,-1.212,2.914,-14.236
1744992806.36,-1,0.339,0.133,2.041,12,-0.215,-0.094,0.191,20,0.505,2.041,0.076,-0.083,1.50,1.50,-0.016,0.039,0.878,-0.327,-2.365,-15.640
1744992806.36,-1,0.339,0.133,2.041,12,-0.215,-0.094,0.191,20,0.505,2.041,0.076,-0.083,1.50,1.50,-0.016,0.039,0.878,-0.327,-2.365,-15.640
1744992806.38,-1,0.338,0.135,2.039,12,-0.215,-0.094,0.183,20,0.509,2.039,0.079,-0.086,1.50,1.50,-0.021,0.078,0.949,-0.480,0.076,-14.969
1744992806.38,-1,0.337,0.136,2.039,12,-0.215,-0.094,0.183,20,0.509,2.039,0.079,-0.086,1.50,1.50,-0.003,-0.027,0.938,-3.349,3.128,-15.274
1744992806.38,-1,0.337,0.137,2.038,12,-0.215,-0.094,0.209,20,0.512,2.038,0.082,-0.087,1.50,1.50,-0.003,-0.027,0.938,-3.349,3.128,-15.274
1744992806.39,-1,0.336,0.139,2.035,12,-0.215,-0.094,0.209,20,0.512,2.035,0.082,-0.089,1.50,1.50,0.014,0.071,0.916,-2.586,1.541,-17.075
1744992806.39,-1,0.336,0.139,2.035,12,-0.215,-0.094,0.209,20,0.512,2.035,0.082,-0.089,1.50,1.50,0.014,0.071,0.916,-2.586,1.541,-17.075
1744992806.44,-1,0.335,0.141,2.032,12,-0.215,-0.094,0.226,20,0.515,2.032,0.086,-0.092,1.50,1.50,-0.031,-0.037,0.995,-1.457,2.243,-20.218
1744992806.44,-1,0.335,0.141,2.031,12,-0.215,-0.094,0.226,20,0.515,2.031,0.086,-0.094,1.50,1.50,0.074,-0.018,0.916,-3.013,3.586,-20.065
1744992806.44,-1,0.334,0.143,2.030,12,-0.215,-0.094,0.257,20,0.518,2.030,0.089,-0.095,1.50,1.50,0.074,-0.018,0.916,-3.013,3.586,-20.065
1744992806.44,-1,0.333,0.144,2.026,12,-0.215,-0.094,0.257,20,0.518,2.026,0.089,-0.098,1.50,1.50,0.024,0.028,0.992,-2.281,1.785,-21.225
1744992806.44,-1,0.333,0.144,2.026,12,-0.215,-0.094,0.257,20,0.518,2.026,0.089,-0.098,1.50,1.50,0.024,0.028,0.992,-2.281,1.785,-21.225
1744992806.44,-1,0.332,0.146,2.024,12,-0.215,-0.094,0.291,20,0.521,2.024,0.092,-0.101,1.50,1.50,0.000,0.005,0.916,-0.175,-1.938,-24.551
1744992806.44,-1,0.332,0.147,2.022,12,-0.215,-0.094,0.291,20,0.521,2.022,0.092,-0.103,1.50,1.50,0.003,-0.014,1.075,-2.586,1.724,-26.688
1744992806.44,-1,0.332,0.148,2.020,12,-0.215,-0.094,0.330,20,0.524,2.020,0.095,-0.104,1.50,1.50,0.003,-0.014,1.075,-2.586,1.724,-26.688
1744992806.45,-1,0.331,0.150,2.017,12,-0.215,-0.094,0.330,20,0.524,2.017,0.095,-0.108,1.50,1.50,0.014,0.010,0.949,0.191,2.579,-25.680
1744992806.45,-1,0.331,0.150,2.017,12,-0.215,-0.094,0.330,20,0.524,2.017,0.095,-0.108,1.50,1.50,0.014,0.010,0.949,0.191,2.579,-25.680
1744992806.47,-1,0.330,0.151,2.014,12,-0.215,-0.094,0.339,20,0.527,2.014,0.097,-0.111,1.50,1.50,-0.042,0.005,0.949,-0.083,0.839,-27.451
1744992806.47,-1,0.330,0.152,2.012,12,-0.215,-0.094,0.339,20,0.527,2.012,0.097,-0.112,1.50,1.50,0.067,0.012,0.945,0.466,0.687,-28.305
1744992806.49,-1,0.329,0.153,2.009,12,-0.215,-0.094,0.365,20,0.530,2.009,0.100,-0.116,1.50,1.50,0.067,0.012,0.945,0.466,0.687,-28.305
1744992806.49,-1,0.328,0.155,2.005,12,-0.215,-0.094,0.365,20,0.530,2.005,0.100,-0.119,1.50,1.50,0.020,-0.034,0.989,-2.159,1.602,-27.817
1744992806.50,-1,0.328,0.155,2.005,12,-0.215,-0.094,0.365,20,0.530,2.005,0.100,-0.119,1.50,1.50,0.020,-0.034,0.989,-2.159,1.602,-27.817
1744992806.50,-1,0.328,0.156,2.003,12,-0.215,-0.094,0.348,20,0.532,2.003,0.103,-0.121,1.50,1.50,-0.027,-0.045,0.964,-0.450,3.372,-27.939
1744992806.50,-1,0.327,0.157,2.001,12,-0.215,-0.094,0.348,20,0.532,2.001,0.103,-0.124,1.50,1.50,0.032,0.023,0.924,1.717,1.724,-27.847
1744992806.52,-1,0.327,0.158,1.998,12,-0.215,-0.094,0.365,20,0.535,1.998,0.106,-0.126,1.50,1.50,0.032,0.023,0.924,1.717,1.724,-27.847
1744992806.52,-1,0.326,0.160,1.995,12,-0.215,-0.094,0.365,20,0.535,1.995,0.106,-0.129,1.50,1.50,0.045,0.013,0.930,-0.266,0.076,-30.014
1744992806.52,-1,0.326,0.160,1.995,12,-0.215,-0.094,0.365,20,0.535,1.995,0.106,-0.129,1.50,1.50,0.045,0.013,0.930,-0.266,0.076,-30.014
1744992806.55,-1,0.325,0.161,1.992,12,-0.215,-0.094,0.348,20,0.538,1.992,0.109,-0.133,1.50,1.50,0.075,-0.051,1.063,0.130,1.938,-28.183
1744992806.55,-1,0.325,0.162,1.990,12,-0.215,-0.094,0.348,20,0.538,1.990,0.109,-0.134,1.50,1.50,0.068,0.005,0.843,-0.602,0.656,-28.946
1744992806.55,-1,0.324,0.163,1.987,12,-0.215,-0.094,0.383,20,0.541,1.987,0.111,-0.138,1.50,1.50,0.068,0.005,0.843,-0.602,0.656,-28.946
1744992806.55,-1,0.324,0.165,1.985,12,-0.215,-0.094,0.383,20,0.541,1.985,0.111,-0.140,1.50,1.50,0.006,0.002,1.003,-1.762,-1.572,-29.922
1744992806.55,-1,0.324,0.165,1.985,12,-0.215,-0.094,0.383,20,0.541,1.985,0.111,-0.140,1.50,1.50,0.006,0.002,1.003,-1.762,-1.572,-29.922
1744992806.57,-1,0.323,0.167,1.980,12,-0.215,-0.094,0.387,20,0.544,1.980,0.114,-0.145,1.50,1.50,0.062,-0.009,0.958,0.649,-0.626,-29.159
1744992806.57,-1,0.323,0.167,1.979,12,-0.215,-0.094,0.387,20,0.544,1.979,0.114,-0.146,1.50,1.50,0.042,0.011,1.005,-2.525,1.663,-30.533
1744992806.57,-1,0.322,0.168,1.976,12,-0.215,-0.094,0.378,20,0.546,1.976,0.117,-0.148,1.50,1.50,0.042,0.011,1.005,-2.525,1.663,-30.533
1744992806.58,-1,0.321,0.170,1.973,12,-0.215,-0.094,0.378,20,0.546,1.973,0.117,-0.151,1.50,1.50,0.000,-0.041,0.938,-3.074,0.168,-29.465
1744992806.58,-1,0.321,0.170,1.973,12,-0.215,-0.094,0.378,20,0.546,1.973,0.117,-0.151,1.50,1.50,0.000,-0.041,0.938,-3.074,0.168,-29.465
1744992806.58,-1,0.321,0.172,1.968,12,-0.215,-0.094,0.374,20,0.549,1.968,0.120,-0.156,1.50,1.50,0.041,-0.029,0.991,0.771,-1.175,-28.915
1744992806.59,-1,0.320,0.173,1.967,12,-0.215,-0.094,0.374,20,0.549,1.967,0.120,-0.157,1.50,1.50,0.071,-0.034,1.001,-2.952,0.961,-30.258
1744992806.59,-1,0.320,0.174,1.965,12,-0.215,-0.094,0.378,20,0.552,1.965,0.123,-0.160,1.50,1.50,0.071,-0.034,1.001,-2.952,0.961,-30.258
1744992806.60,-1,0.319,0.175,1.960,12,-0.215,-0.094,0.378,20,0.552,1.960,0.123,-0.164,1.50,1.50,-0.026,-0.071,0.912,0.039,0.473,-29.709
1744992806.60,-1,0.319,0.175,1.960,12,-0.215,-0.094,0.378,20,0.552,1.960,0.123,-0.164,1.50,1.50,-0.026,-0.071,0.912,0.039,0.473,-29.709
1744992806.61,-1,0.319,0.177,1.958,12,-0.215,-0.094,0.378,20,0.555,1.958,0.126,-0.166,1.50,1.50,0.012,-0.060,0.911,0.680,-1.205,-30.319
1744992806.62,-1,0.318,0.178,1.956,12,-0.215,-0.094,0.378,20,0.555,1.956,0.126,-0.169,1.50,1.50,0.054,-0.038,1.088,-2.952,0.778,-30.746
1744992806.63,-1,0.318,0.179,1.952,12,-0.215,-0.094,0.413,20,0.558,1.952,0.129,-0.172,1.50,1.50,0.054,-0.038,1.088,-2.952,0.778,-30.746
1744992806.64,-1,0.317,0.181,1.950,12,-0.215,-0.094,0.413,20,0.558,1.950,0.129,-0.175,1.50,1.50,0.102,0.031,1.008,0.863,-0.229,-32.120
1744992806.64,-1,0.317,0.181,1.950,12,-0.215,-0.094,0.413,20,0.558,1.950,0.129,-0.175,1.50,1.50,0.102,0.031,1.008,0.863,-0.229,-32.120
1744992806.65,-1,0.316,0.182,1.945,12,-0.215,-0.094,0.387,20,0.561,1.945,0.131,-0.179,1.50,1.50,-0.031,-0.048,0.975,-0.694,-0.565,-32.913
1744992806.65,-1,0.316,0.183,1.944,12,-0.215,-0.094,0.387,20,0.561,1.944,0.131,-0.180,1.50,1.50,-0.026,-0.045,0.893,-1.731,-1.419,-31.357
1744992806.66,-1,0.316,0.184,1.942,12,-0.215,-0.094,0.378,20,0.564,1.942,0.134,-0.183,1.50,1.50,-0.026,-0.045,0.893,-1.731,-1.419,-31.357
1744992806.66,-1,0.315,0.186,1.938,12,-0.215,-0.094,0.378,20,0.564,1.938,0.134,-0.186,1.50,1.50,0.070,0.017,1.072,-0.266,1.633,-29.831
1744992806.67,-1,0.315,0.186,1.938,12,-0.215,-0.094,0.378,20,0.564,1.938,0.134,-0.186,1.50,1.50,0.070,0.017,1.072,-0.266,1.633,-29.831
1744992806.68,-1,0.314,0.188,1.935,12,-0.215,-0.094,0.383,20,0.566,1.935,0.137,-0.190,1.50,1.50,0.002,-0.161,1.179,-2.677,8.865,-26.718
1744992806.68,-1,0.314,0.188,1.934,12,-0.215,-0.094,0.383,20,0.566,1.934,0.137,-0.191,1.50,1.50,0.018,-0.067,0.985,-0.083,8.133,-23.636
1744992806.69,-1,0.314,0.189,1.931,12,-0.215,-0.094,0.335,20,0.569,1.931,0.140,-0.193,1.50,1.50,0.018,-0.067,0.985,-0.083,8.133,-23.636
1744992806.69,-1,0.313,0.191,1.928,12,-0.215,-0.094,0.335,20,0.569,1.928,0.140,-0.197,1.50,1.50,0.013,0.033,0.696,-2.464,3.525,-25.162
1744992806.69,-1,0.313,0.191,1.928,12,-0.215,-0.094,0.335,20,0.569,1.928,0.140,-0.197,1.50,1.50,0.013,0.033,0.696,-2.464,3.525,-25.162
1744992806.71,-1,0.312,0.193,1.924,12,-0.215,-0.094,0.309,20,0.572,1.924,0.143,-0.200,1.50,1.50,0.078,-0.010,0.810,-2.830,-1.053,-26.810
1744992806.71,-1,0.312,0.194,1.923,12,-0.215,-0.094,0.309,20,0.572,1.923,0.143,-0.201,1.50,1.50,0.100,0.007,1.120,-0.114,0.259,-27.206
1744992806.71,-1,0.312,0.195,1.921,12,-0.215,-0.094,0.348,20,0.575,1.921,0.146,-0.203,1.50,1.50,0.100,0.007,1.120,-0.114,0.259,-27.206
1744992806.72,-1,0.311,0.197,1.917,12,-0.215,-0.094,0.348,20,0.575,1.917,0.146,-0.207,1.50,1.50,0.037,-0.003,1.102,-1.670,3.067,-28.152
1744992806.72,-1,0.311,0.197,1.917,12,-0.215,-0.094,0.348,20,0.575,1.917,0.146,-0.207,1.50,1.50,0.037,-0.003,1.102,-1.670,3.067,-28.152
1744992806.73,-1,0.310,0.199,1.914,12,-0.215,-0.094,0.339,20,0.578,1.914,0.149,-0.210,1.50,1.50,-0.008,0.007,0.911,-2.097,0.900,-29.129
1744992806.74,-1,0.310,0.199,1.912,12,-0.215,-0.094,0.339,20,0.578,1.912,0.149,-0.213,1.50,1.50,0.081,0.010,0.923,-1.335,0.351,-30.228
1744992806.75,-1,0.310,0.200,1.911,12,-0.215,-0.094,0.404,20,0.581,1.911,0.151,-0.214,1.50,1.50,0.081,0.010,0.923,-1.335,0.351,-30.228
1744992806.75,-1,0.309,0.202,1.907,12,-0.215,-0.094,0.404,20,0.581,1.907,0.151,-0.217,1.50,1.50,0.056,-0.067,1.009,-2.036,2.304,-31.723
1744992806.75,-1,0.309,0.202,1.907,12,-0.215,-0.094,0.404,20,0.581,1.907,0.151,-0.217,1.50,1.50,0.056,-0.067,1.009,-2.036,2.304,-31.723
1744992806.77,-1,0.308,0.204,1.903,12,-0.215,-0.094,0.348,20,0.584,1.903,0.155,-0.222,1.50,1.50,0.055,-0.065,1.028,-0.602,2.426,-30.746
1744992806.77,-1,0.308,0.205,1.901,12,-0.215,-0.094,0.348,20,0.584,1.901,0.155,-0.223,1.50,1.50,0.021,-0.029,0.909,-1.731,-1.175,-28.915
1744992806.78,-1,0.308,0.206,1.898,12,-0.215,-0.094,0.387,20,0.587,1.898,0.157,-0.227,1.50,1.50,0.021,-0.029,0.909,-1.731,-1.175,-28.915
1744992806.78,-1,0.307,0.208,1.895,12,-0.215,-0.094,0.387,20,0.587,1.895,0.157,-0.229,1.50,1.50,0.000,-0.012,0.890,-0.083,-1.389,-30.014
1744992806.78,-1,0.307,0.208,1.895,12,-0.215,-0.094,0.387,20,0.587,1.895,0.157,-0.229,1.50,1.50,0.000,-0.012,0.890,-0.083,-1.389,-30.014
1744992806.79,-1,0.306,0.210,1.892,12,-0.215,-0.094,0.361,20,0.590,1.892,0.161,-0.232,1.50,1.50,0.027,-0.033,0.893,-0.358,0.076,-29.922
1744992806.80,-1,0.306,0.211,1.889,12,-0.215,-0.094,0.361,20,0.590,1.889,0.161,-0.236,1.50,1.50,0.026,-0.028,1.022,0.161,1.724,-31.082
1744992806.80,-1,0.306,0.212,1.887,12,-0.215,-0.094,0.383,20,0.593,1.887,0.164,-0.237,1.50,1.50,0.026,-0.028,1.022,0.161,1.724,-31.082
1744992806.81,-1,0.305,0.214,1.884,12,-0.215,-0.094,0.383,20,0.593,1.884,0.164,-0.241,1.50,1.50,0.059,0.002,1.076,1.534,1.297,-30.685
1744992806.81,-1,0.305,0.214,1.884,12,-0.215,-0.094,0.383,20,0.593,1.884,0.164,-0.241,1.50,1.50,0.059,0.002,1.076,1.534,1.297,-30.685
1744992806.83,-1,0.305,0.216,1.881,12,-0.215,-0.094,0.374,20,0.596,1.881,0.167,-0.244,1.50,1.50,0.066,-0.026,1.028,0.374,-0.320,-30.746
1744992806.83,-1,0.304,0.217,1.878,12,-0.215,-0.094,0.374,20,0.596,1.878,0.167,-0.246,1.50,1.50,0.024,-0.043,0.976,1.229,0.076,-29.465
# remark: robobot/cmd/ti/alive 2025-04-18 18:13:08.652491
1744992806.83,-1,0.304,0.218,1.877,12,-0.215,-0.094,0.365,20,0.599,1.877,0.170,-0.247,1.50,1.17,0.024,-0.043,0.976,1.229,0.076,-29.465
1744992806.84,-1,0.303,0.220,1.873,12,-0.215,-0.094,0.365,20,0.599,1.873,0.170,-0.251,1.50,1.17,0.003,-0.061,0.894,0.191,-1.968,-28.732
1744992806.85,-1,0.303,0.220,1.873,12,-0.215,-0.094,0.365,20,0.599,1.873,0.170,-0.251,1.50,1.17,0.003,-0.061,0.894,0.191,-1.968,-28.732
1744992806.85,-1,0.303,0.222,1.869,12,-0.215,-0.094,0.370,20,0.602,1.869,0.173,-0.256,1.50,1.17,-0.003,-0.041,1.002,-0.175,-1.358,-28.458
1744992806.86,-1,0.302,0.223,1.867,12,-0.215,-0.094,0.370,20,0.602,1.867,0.173,-0.258,1.50,1.17,0.041,0.004,0.987,1.382,0.351,-29.221
1744992806.86,-1,0.302,0.224,1.865,12,-0.215,-0.094,0.361,20,0.605,1.865,0.176,-0.259,1.50,1.10,0.041,0.004,0.987,1.382,0.351,-29.221
1744992806.87,-1,0.302,0.225,1.863,12,-0.215,-0.094,0.361,20,0.605,1.863,0.176,-0.261,1.50,1.10,0.027,-0.036,0.863,-0.083,-1.053,-28.244
1744992806.87,-1,0.302,0.225,1.863,12,-0.215,-0.094,0.361,20,0.605,1.863,0.176,-0.261,1.50,1.10,0.027,-0.036,0.863,-0.083,-1.053,-28.244
1744992806.88,-1,0.301,0.227,1.859,12,-0.215,-0.094,0.335,20,0.608,1.859,0.179,-0.266,1.50,1.10,0.001,-0.023,0.876,-0.938,-4.044,-27.359
1744992806.89,-1,0.301,0.228,1.856,12,-0.215,-0.094,0.335,20,0.608,1.856,0.179,-0.268,1.50,1.10,0.042,0.011,1.000,-0.877,-2.914,-28.976
1744992806.89,-1,0.300,0.229,1.855,12,-0.215,-0.094,0.361,20,0.611,1.855,0.182,-0.269,1.29,1.49,0.042,0.011,1.000,-0.877,-2.914,-28.976
1744992806.90,-1,0.300,0.231,1.852,12,-0.215,-0.094,0.361,20,0.611,1.852,0.182,-0.273,1.29,1.49,0.051,-0.007,1.006,-1.609,-2.213,-28.397
1744992806.90,-1,0.300,0.231,1.852,12,-0.215,-0.094,0.361,20,0.611,1.852,0.182,-0.273,1.29,1.49,0.051,-0.007,1.006,-1.609,-2.213,-28.397
1744992806.91,-1,0.299,0.233,1.848,12,-0.215,-0.094,0.335,20,0.614,1.848,0.185,-0.276,1.29,1.49,0.038,-0.009,0.906,-2.555,-4.440,-28.885
1744992806.92,-1,0.299,0.234,1.846,12,-0.215,-0.094,0.335,20,0.614,1.846,0.185,-0.279,1.29,1.49,0.058,0.011,0.943,-2.982,-4.868,-30.075
1744992806.92,-1,0.299,0.235,1.845,12,-0.215,-0.094,0.348,20,0.617,1.845,0.188,-0.280,1.00,1.50,0.058,0.011,0.943,-2.982,-4.868,-30.075
1744992806.93,-1,0.298,0.237,1.841,12,-0.215,-0.094,0.348,20,0.617,1.841,0.188,-0.283,1.00,1.50,0.044,-0.018,1.025,-4.020,-0.626,-30.075
1744992806.94,-1,0.298,0.237,1.841,12,-0.215,-0.094,0.348,20,0.617,1.841,0.188,-0.283,1.00,1.50,0.044,-0.018,1.025,-4.020,-0.626,-30.075
1744992806.94,-1,0.298,0.239,1.838,12,-0.215,-0.094,0.374,20,0.620,1.838,0.191,-0.287,1.00,1.50,0.023,-0.027,1.014,-5.699,1.602,-30.106
1744992806.95,-1,0.297,0.240,1.835,12,-0.215,-0.094,0.374,20,0.620,1.835,0.191,-0.289,1.00,1.50,-0.004,-0.080,1.010,-2.555,1.480,-28.671
1744992806.96,-1,0.297,0.241,1.834,12,-0.215,-0.094,0.339,20,0.623,1.834,0.194,-0.290,0.82,1.31,-0.004,-0.080,1.010,-2.555,1.480,-28.671
1744992806.96,-1,0.297,0.243,1.831,12,-0.215,-0.094,0.339,20,0.623,1.831,0.194,-0.294,0.82,1.31,0.048,-0.051,0.933,-3.410,2.243,-26.749
1744992806.96,-1,0.297,0.243,1.831,12,-0.215,-0.094,0.339,20,0.623,1.831,0.194,-0.294,0.82,1.31,0.048,-0.051,0.933,-3.410,2.243,-26.749
1744992806.97,-1,0.296,0.245,1.827,12,-0.215,-0.094,0.335,20,0.626,1.827,0.197,-0.297,0.82,1.31,0.013,-0.071,0.917,-3.654,0.687,-24.918
1744992806.98,-1,0.296,0.246,1.826,12,-0.215,-0.094,0.335,20,0.626,1.826,0.197,-0.298,0.82,1.31,0.011,-0.084,1.044,-0.755,0.198,-25.192
1744992806.98,-1,0.296,0.247,1.824,12,-0.215,-0.094,0.335,20,0.629,1.824,0.200,-0.301,0.74,1.50,0.011,-0.084,1.044,-0.755,0.198,-25.192
1744992806.99,-1,0.295,0.249,1.820,12,-0.215,-0.094,0.335,20,0.629,1.820,0.200,-0.304,0.74,1.50,0.011,-0.054,1.052,-3.044,2.823,-25.497
1744992806.99,-1,0.295,0.249,1.820,12,-0.215,-0.094,0.335,20,0.629,1.820,0.200,-0.304,0.74,1.50,0.011,-0.054,1.052,-3.044,2.823,-25.497
1744992807.00,-1,0.295,0.251,1.818,12,-0.215,-0.094,0.304,20,0.632,1.818,0.203,-0.306,0.74,1.50,0.034,-0.001,0.968,-0.602,5.051,-26.230
1744992807.01,-1,0.294,0.252,1.816,12,-0.215,-0.094,0.304,20,0.632,1.816,0.203,-0.309,0.74,1.50,0.047,0.011,0.906,-0.327,2.762,-28.305
1744992807.01,-1,0.294,0.252,1.816,12,-0.215,-0.094,0.309,20,0.635,1.816,0.206,-0.309,0.70,1.50,0.047,0.011,0.906,-0.327,2.762,-28.305
1744992807.02,-1,0.294,0.254,1.812,12,-0.215,-0.094,0.309,20,0.635,1.812,0.206,-0.312,0.70,1.50,0.046,0.012,0.958,-0.266,0.107,-28.549
1744992807.03,-1,0.294,0.254,1.812,12,-0.215,-0.094,0.309,20,0.635,1.812,0.206,-0.312,0.70,1.50,0.046,0.012,0.958,-0.266,0.107,-28.549
1744992807.04,-1,0.293,0.256,1.809,12,-0.215,-0.094,0.317,20,0.638,1.809,0.209,-0.316,0.70,1.50,0.012,-0.048,1.023,-0.602,0.626,-28.122
1744992807.04,-1,0.293,0.257,1.808,12,-0.215,-0.094,0.317,20,0.638,1.808,0.209,-0.317,0.70,1.50,0.013,-0.044,0.929,-0.846,-2.823,-28.488
1744992807.04,-1,0.293,0.258,1.805,12,-0.215,-0.094,0.335,20,0.641,1.805,0.212,-0.319,1.04,1.35,0.013,-0.044,0.929,-0.846,-2.823,-28.488
1744992807.05,-1,0.292,0.260,1.802,12,-0.215,-0.094,0.335,20,0.641,1.802,0.212,-0.323,1.04,1.35,0.031,-0.029,0.932,-0.572,-2.762,-27.512
1744992807.05,-1,0.292,0.260,1.802,12,-0.215,-0.094,0.335,20,0.641,1.802,0.212,-0.323,1.04,1.35,0.031,-0.029,0.932,-0.572,-2.762,-27.512
1744992807.06,-1,0.292,0.262,1.800,12,-0.215,-0.094,0.317,20,0.644,1.800,0.215,-0.325,1.04,1.35,0.048,-0.004,0.846,-2.372,-1.816,-27.817
1744992807.07,-1,0.292,0.263,1.797,12,-0.215,-0.094,0.317,20,0.644,1.797,0.215,-0.327,1.04,1.35,0.025,0.000,0.912,-0.572,-5.936,-28.519
1744992807.08,-1,0.291,0.264,1.796,12,-0.215,-0.094,0.283,20,0.647,1.796,0.218,-0.328,0.89,1.50,0.025,0.000,0.912,-0.572,-5.936,-28.519
1744992807.08,-1,0.291,0.266,1.793,12,-0.215,-0.094,0.283,20,0.647,1.793,0.218,-0.332,0.89,1.50,0.054,-0.020,1.140,-0.938,-4.196,-28.885
1744992807.08,-1,0.291,0.266,1.793,12,-0.215,-0.094,0.283,20,0.647,1.793,0.218,-0.332,0.89,1.50,0.054,-0.020,1.140,-0.938,-4.196,-28.885
1744992807.09,-1,0.290,0.268,1.790,12,-0.215,-0.094,0.330,20,0.650,1.790,0.221,-0.334,0.89,1.50,0.039,-0.034,1.183,-3.684,5.569,-26.382
1744992807.10,-1,0.290,0.269,1.788,12,-0.215,-0.094,0.330,20,0.650,1.788,0.221,-0.336,0.89,1.50,0.001,0.004,0.816,-0.419,1.114,-27.054
1744992807.10,-1,0.290,0.270,1.787,12,-0.215,-0.094,0.309,20,0.653,1.787,0.224,-0.338,0.74,1.50,0.001,0.004,0.816,-0.419,1.114,-27.054
1744992807.11,-1,0.290,0.272,1.784,12,-0.215,-0.094,0.309,20,0.653,1.784,0.224,-0.340,0.74,1.50,0.013,-0.015,0.864,-2.769,-4.623,-27.847
1744992807.11,-1,0.290,0.272,1.784,12,-0.215,-0.094,0.309,20,0.653,1.784,0.224,-0.340,0.74,1.50,0.013,-0.015,0.864,-2.769,-4.623,-27.847
1744992807.13,-1,0.289,0.274,1.781,12,-0.215,-0.094,0.291,20,0.656,1.781,0.227,-0.343,0.74,1.50,-0.002,-0.022,1.026,-2.830,2.945,-27.695
1744992807.13,-1,0.289,0.275,1.780,12,-0.215,-0.094,0.291,20,0.656,1.780,0.227,-0.345,0.74,1.50,0.013,-0.031,0.871,-2.250,-0.534,-27.481
1744992807.13,-1,0.289,0.276,1.778,12,-0.215,-0.094,0.313,20,0.659,1.778,0.230,-0.347,0.66,1.23,0.013,-0.031,0.871,-2.250,-0.534,-27.481
1744992807.14,-1,0.288,0.278,1.774,12,-0.215,-0.094,0.313,20,0.659,1.774,0.230,-0.350,0.66,1.23,0.005,-0.055,1.052,-2.372,-4.105,-27.634
1744992807.14,-1,0.288,0.278,1.774,12,-0.215,-0.094,0.313,20,0.659,1.774,0.230,-0.350,0.66,1.23,0.005,-0.055,1.052,-2.372,-4.105,-27.634
1744992807.15,-1,0.288,0.280,1.772,12,-0.215,-0.094,0.309,20,0.662,1.772,0.233,-0.353,0.66,1.23,0.040,-0.029,0.961,-1.884,1.053,-26.779
1744992807.17,-1,0.288,0.281,1.769,12,-0.215,-0.094,0.309,20,0.662,1.769,0.233,-0.355,0.66,1.23,0.018,-0.054,0.803,-1.853,-3.433,-26.413
1744992807.17,-1,0.288,0.282,1.767,12,-0.215,-0.094,0.322,20,0.665,1.767,0.236,-0.357,0.53,1.50,0.018,-0.054,0.803,-1.853,-3.433,-26.413
1744992807.17,-1,0.287,0.284,1.765,12,-0.215,-0.094,0.322,20,0.665,1.765,0.236,-0.360,0.53,1.50,0.022,-0.058,1.154,-1.121,-1.877,-25.375
1744992807.17,-1,0.287,0.284,1.765,12,-0.215,-0.094,0.322,20,0.665,1.765,0.236,-0.360,0.53,1.50,0.022,-0.058,1.154,-1.121,-1.877,-25.375
1744992807.19,-1,0.287,0.286,1.761,12,-0.215,-0.094,0.322,20,0.668,1.761,0.239,-0.363,0.53,1.50,0.034,-0.024,1.068,-2.220,4.074,-24.582
1744992807.19,-1,0.287,0.287,1.760,12,-0.215,-0.094,0.322,20,0.668,1.760,0.239,-0.364,0.53,1.50,0.054,0.023,0.935,-0.816,-1.053,-26.138
1744992807.19,-1,0.286,0.288,1.758,12,-0.215,-0.094,0.317,20,0.671,1.758,0.242,-0.367,0.46,1.31,0.054,0.023,0.935,-0.816,-1.053,-26.138
1744992807.20,-1,0.286,0.289,1.757,12,-0.215,-0.094,0.317,20,0.671,1.757,0.242,-0.368,0.46,1.31,0.052,-0.012,1.011,-1.243,-0.381,-25.436
1744992807.22,-1,0.286,0.289,1.757,12,-0.215,-0.094,0.317,20,0.671,1.757,0.242,-0.368,0.46,1.31,0.052,-0.012,1.011,-1.243,-0.381,-25.436
1744992807.24,-1,0.286,0.291,1.753,12,-0.215,-0.094,0.291,20,0.674,1.753,0.245,-0.371,0.46,1.31,0.025,-0.086,0.948,-2.189,1.663,-24.887
1744992807.24,-1,0.286,0.292,1.751,12,-0.215,-0.094,0.291,20,0.674,1.751,0.245,-0.374,0.46,1.31,0.022,-0.065,0.992,1.382,-0.717,-24.368
1744992807.24,-1,0.285,0.293,1.750,12,-0.215,-0.094,0.313,20,0.677,1.750,0.248,-0.375,0.45,1.07,0.022,-0.065,0.992,1.382,-0.717,-24.368
1744992807.25,-1,0.285,0.295,1.746,12,-0.215,-0.094,0.313,20,0.677,1.746,0.248,-0.378,0.45,1.07,0.061,-0.033,0.960,-1.060,-0.595,-25.223
1744992807.26,-1,0.285,0.295,1.746,12,-0.215,-0.094,0.313,20,0.677,1.746,0.248,-0.378,0.45,1.07,0.061,-0.033,0.960,-1.060,-0.595,-25.223
1744992807.26,-1,0.285,0.297,1.743,12,-0.215,-0.094,0.313,20,0.680,1.743,0.251,-0.382,0.45,1.07,0.055,-0.011,0.975,0.435,-0.778,-25.803
1744992807.26,-1,0.284,0.298,1.740,12,-0.215,-0.094,0.313,20,0.680,1.740,0.251,-0.384,0.45,1.07,0.042,-0.032,0.946,1.412,-0.656,-26.504
1744992807.27,-1,0.284,0.299,1.740,12,-0.215,-0.094,0.317,20,0.683,1.740,0.254,-0.384,0.48,0.88,0.042,-0.032,0.946,1.412,-0.656,-26.504
1744992807.27,-1,0.284,0.301,1.737,12,-0.215,-0.094,0.317,20,0.683,1.737,0.254,-0.387,0.48,0.88,-0.005,-0.069,0.949,-0.297,-2.243,-27.389
1744992807.27,-1,0.284,0.301,1.737,12,-0.215,-0.094,0.317,20,0.683,1.737,0.254,-0.387,0.48,0.88,-0.005,-0.069,0.949,-0.297,-2.243,-27.389
1744992807.28,-1,0.284,0.303,1.734,12,-0.215,-0.094,0.313,20,0.686,1.734,0.257,-0.391,0.48,0.88,0.036,-0.010,1.023,1.107,-1.022,-28.122
1744992807.28,-1,0.283,0.304,1.732,12,-0.215,-0.094,0.313,20,0.686,1.732,0.257,-0.392,0.48,0.88,0.046,0.005,0.990,-0.175,1.022,-27.359
1744992807.28,-1,0.283,0.305,1.730,12,-0.215,-0.094,0.335,20,0.689,1.730,0.260,-0.394,0.54,0.94,0.046,0.005,0.990,-0.175,1.022,-27.359
1744992807.29,-1,0.283,0.307,1.727,12,-0.215,-0.094,0.335,20,0.689,1.727,0.260,-0.398,0.54,0.94,0.046,0.027,0.965,-0.724,0.320,-25.864
1744992807.30,-1,0.283,0.307,1.727,12,-0.215,-0.094,0.335,20,0.689,1.727,0.260,-0.398,0.54,0.94,0.046,0.027,0.965,-0.724,0.320,-25.864
1744992807.30,-1,0.283,0.309,1.724,12,-0.215,-0.094,0.330,20,0.692,1.724,0.263,-0.400,0.54,0.94,0.032,0.037,0.959,-0.511,-0.351,-26.627
1744992807.31,-1,0.283,0.310,1.722,12,-0.215,-0.094,0.330,20,0.692,1.722,0.263,-0.402,0.54,0.94,0.020,-0.033,0.966,-1.884,-0.900,-26.932
1744992807.32,-1,0.282,0.311,1.721,12,-0.215,-0.094,0.304,20,0.695,1.721,0.266,-0.404,0.74,0.97,0.020,-0.033,0.966,-1.884,-0.900,-26.932
1744992807.32,-1,0.282,0.313,1.717,12,-0.215,-0.094,0.304,20,0.695,1.717,0.266,-0.407,0.74,0.97,0.015,-0.089,0.989,0.771,-0.290,-26.413
1744992807.32,-1,0.282,0.313,1.717,12,-0.215,-0.094,0.304,20,0.695,1.717,0.266,-0.407,0.74,0.97,0.015,-0.089,0.989,0.771,-0.290,-26.413
1744992807.34,-1,0.282,0.315,1.715,12,-0.215,-0.094,0.326,20,0.698,1.715,0.269,-0.409,0.74,0.97,0.050,-0.057,0.909,-1.701,-0.320,-26.596
1744992807.34,-1,0.282,0.316,1.713,12,-0.215,-0.094,0.326,20,0.698,1.713,0.269,-0.412,0.74,0.97,0.060,-0.029,0.913,-0.022,-1.236,-27.481
1744992807.35,-1,0.282,0.317,1.712,12,-0.215,-0.094,0.291,20,0.701,1.712,0.272,-0.413,1.19,0.90,0.060,-0.029,0.913,-0.022,-1.236,-27.481
# remark: robobot/cmd/ti/alive 2025-04-18 18:13:08.652491
1744992807.35,-1,0.281,0.319,1.708,12,-0.215,-0.094,0.291,20,0.701,1.708,0.272,-0.416,1.19,0.90,0.047,-0.033,1.000,0.313,-0.015,-27.176
1744992807.35,-1,0.281,0.319,1.708,12,-0.215,-0.094,0.291,20,0.701,1.708,0.272,-0.416,1.19,0.90,0.047,-0.033,1.000,0.313,-0.015,-27.176
1744992807.36,-1,0.281,0.321,1.705,12,-0.215,-0.094,0.330,20,0.704,1.705,0.275,-0.420,1.19,0.90,0.030,-0.019,0.965,-0.968,1.785,-28.305
1744992807.38,-1,0.281,0.322,1.704,12,-0.215,-0.094,0.330,20,0.704,1.704,0.275,-0.421,1.19,0.90,0.018,-0.046,1.029,0.558,1.419,-27.817
1744992807.38,-1,0.281,0.323,1.702,12,-0.215,-0.094,0.313,20,0.707,1.702,0.278,-0.422,1.49,1.00,0.018,-0.046,1.029,0.558,1.419,-27.817
1744992807.39,-1,0.281,0.325,1.699,12,-0.215,-0.094,0.313,20,0.707,1.699,0.278,-0.426,1.49,1.00,0.085,0.002,0.926,-0.846,2.060,-25.680
1744992807.39,-1,0.281,0.325,1.699,12,-0.215,-0.094,0.313,20,0.707,1.699,0.278,-0.426,1.49,1.00,0.085,0.002,0.926,-0.846,2.060,-25.680
1744992807.39,-1,0.280,0.327,1.695,12,-0.215,-0.094,0.300,20,0.710,1.695,0.281,-0.429,1.49,1.00,0.068,0.021,0.902,-0.175,-0.198,-25.192
1744992807.40,-1,0.280,0.328,1.694,12,-0.215,-0.094,0.300,20,0.710,1.694,0.281,-0.430,1.49,1.00,0.044,-0.032,0.965,-1.060,-2.335,-25.742
1744992807.40,-1,0.280,0.329,1.693,12,-0.215,-0.094,0.287,20,0.713,1.693,0.284,-0.431,1.35,1.00,0.044,-0.032,0.965,-1.060,-2.335,-25.742
1744992807.41,-1,0.280,0.331,1.690,12,-0.215,-0.094,0.287,20,0.713,1.690,0.284,-0.435,1.35,1.00,0.012,-0.042,1.063,-1.823,2.396,-25.497
1744992807.43,-1,0.280,0.331,1.690,12,-0.215,-0.094,0.287,20,0.713,1.690,0.284,-0.435,1.35,1.00,0.012,-0.042,1.063,-1.823,2.396,-25.497
1744992807.43,-1,0.280,0.333,1.687,12,-0.215,-0.094,0.291,20,0.716,1.687,0.287,-0.437,1.35,1.00,0.015,-0.033,0.860,-1.151,0.168,-27.115
1744992807.43,-1,0.279,0.334,1.685,12,-0.215,-0.094,0.291,20,0.716,1.685,0.287,-0.439,1.35,1.00,0.016,-0.073,0.993,-1.121,0.290,-27.756
1744992807.44,-1,0.279,0.335,1.685,12,-0.215,-0.094,0.296,20,0.719,1.685,0.290,-0.439,1.32,0.82,0.016,-0.073,0.993,-1.121,0.290,-27.756
1744992807.44,-1,0.279,0.337,1.681,12,-0.215,-0.094,0.296,20,0.719,1.681,0.290,-0.443,1.32,0.82,0.058,-0.048,0.901,-1.121,2.243,-27.573
1744992807.45,-1,0.279,0.337,1.681,12,-0.215,-0.094,0.296,20,0.719,1.681,0.290,-0.443,1.32,0.82,0.058,-0.048,0.901,-1.121,2.243,-27.573
1744992807.46,-1,0.279,0.339,1.678,12,-0.215,-0.094,0.296,20,0.722,1.678,0.293,-0.446,1.32,0.82,0.069,0.010,0.906,-1.396,-2.762,-28.549
1744992807.47,-1,0.279,0.340,1.677,12,-0.215,-0.094,0.296,20,0.722,1.677,0.293,-0.448,1.32,0.82,0.049,0.010,1.084,-0.968,-1.022,-28.854
1744992807.47,-1,0.279,0.341,1.675,12,-0.215,-0.094,0.296,20,0.725,1.675,0.296,-0.450,1.50,0.67,0.049,0.010,1.084,-0.968,-1.022,-28.854
1744992807.47,-1,0.278,0.343,1.671,12,-0.215,-0.094,0.296,20,0.725,1.671,0.296,-0.453,1.50,0.67,0.003,-0.058,0.965,-1.945,2.914,-28.488
1744992807.48,-1,0.278,0.343,1.671,12,-0.215,-0.094,0.296,20,0.725,1.671,0.296,-0.453,1.50,0.67,0.003,-0.058,0.965,-1.945,2.914,-28.488
1744992807.49,-1,0.278,0.345,1.669,12,-0.215,-0.094,0.317,20,0.728,1.669,0.299,-0.456,1.50,0.67,0.002,-0.010,0.860,-2.372,-0.626,-27.878
1744992807.49,-1,0.278,0.346,1.668,12,-0.215,-0.094,0.317,20,0.728,1.668,0.299,-0.457,1.50,0.67,0.005,-0.049,0.993,-2.189,1.694,-27.206
1744992807.50,-1,0.278,0.347,1.665,12,-0.215,-0.094,0.304,20,0.731,1.665,0.302,-0.459,1.50,0.76,0.005,-0.049,0.993,-2.189,1.694,-27.206
1744992807.50,-1,0.278,0.349,1.661,12,-0.215,-0.094,0.304,20,0.731,1.661,0.302,-0.464,1.50,0.76,0.051,-0.031,0.989,-2.647,2.762,-25.406
1744992807.51,-1,0.278,0.349,1.661,12,-0.215,-0.094,0.304,20,0.731,1.661,0.302,-0.464,1.50,0.76,0.051,-0.031,0.989,-2.647,2.762,-25.406
1744992807.51,-1,0.278,0.351,1.657,12,-0.215,-0.094,0.339,20,0.734,1.657,0.305,-0.467,1.50,0.76,0.033,-0.001,1.101,-3.166,2.426,-25.131
1744992807.53,-1,0.278,0.352,1.657,12,-0.215,-0.094,0.339,20,0.734,1.657,0.305,-0.467,1.50,0.76,0.015,-0.023,0.987,-0.938,3.616,-25.253
1744992807.53,-1,0.277,0.353,1.656,12,-0.215,-0.094,0.317,20,0.737,1.656,0.308,-0.468,1.50,0.90,0.015,-0.023,0.987,-0.938,3.616,-25.253
1744992807.53,-1,0.277,0.355,1.653,12,-0.215,-0.094,0.317,20,0.737,1.653,0.308,-0.472,1.50,0.90,0.039,-0.059,0.869,-2.128,1.114,-26.260
1744992807.53,-1,0.277,0.355,1.653,12,-0.215,-0.094,0.317,20,0.737,1.653,0.308,-0.472,1.50,0.90,0.039,-0.059,0.869,-2.128,1.114,-26.260
1744992807.55,-1,0.277,0.357,1.649,12,-0.215,-0.094,0.291,20,0.740,1.649,0.311,-0.475,1.50,0.90,0.010,-0.052,0.936,-2.189,-1.389,-25.253
1744992807.55,-1,0.277,0.358,1.648,12,-0.215,-0.094,0.291,20,0.740,1.648,0.311,-0.476,1.50,0.90,0.042,-0.039,1.004,-0.816,-0.351,-26.627
1744992807.56,-1,0.277,0.359,1.647,12,-0.215,-0.094,0.309,20,0.743,1.647,0.314,-0.478,1.50,0.88,0.042,-0.039,1.004,-0.816,-0.351,-26.627
1744992807.56,-1,0.277,0.361,1.643,12,-0.215,-0.094,0.309,20,0.743,1.643,0.314,-0.481,1.50,0.88,0.061,-0.010,1.021,-0.846,-1.999,-27.786
1744992807.56,-1,0.277,0.361,1.643,12,-0.215,-0.094,0.309,20,0.743,1.643,0.314,-0.481,1.50,0.88,0.061,-0.010,1.021,-0.846,-1.999,-27.786
1744992807.58,-1,0.277,0.363,1.640,12,-0.215,-0.094,0.291,20,0.746,1.640,0.317,-0.485,1.50,0.88,0.016,-0.027,0.983,-0.999,-1.114,-26.199
1744992807.58,-1,0.277,0.364,1.638,12,-0.215,-0.094,0.291,20,0.746,1.638,0.317,-0.487,1.50,0.88,-0.019,-0.051,0.905,-1.548,-2.365,-27.451
1744992807.58,-1,0.277,0.365,1.636,12,-0.215,-0.094,0.330,20,0.749,1.636,0.320,-0.488,1.50,0.80,-0.019,-0.051,0.905,-1.548,-2.365,-27.451
1744992807.59,-1,0.276,0.367,1.633,12,-0.215,-0.094,0.330,20,0.749,1.633,0.320,-0.491,1.50,0.80,0.047,0.003,1.069,-0.907,-2.029,-27.237
1744992807.60,-1,0.276,0.367,1.633,12,-0.215,-0.094,0.330,20,0.749,1.633,0.320,-0.491,1.50,0.80,0.047,0.003,1.069,-0.907,-2.029,-27.237
1744992807.61,-1,0.276,0.369,1.632,12,-0.215,-0.094,0.326,20,0.752,1.632,0.323,-0.493,1.50,0.80,0.056,-0.017,0.986,0.924,1.724,-26.749
1744992807.61,-1,0.276,0.370,1.629,12,-0.215,-0.094,0.326,20,0.752,1.629,0.323,-0.495,1.50,0.80,0.048,-0.001,0.975,-1.579,-1.419,-26.474
1744992807.62,-1,0.276,0.371,1.627,12,-0.215,-0.094,0.287,20,0.755,1.627,0.326,-0.497,1.50,0.73,0.048,-0.001,0.975,-1.579,-1.419,-26.474
1744992807.63,-1,0.276,0.373,1.625,12,-0.215,-0.094,0.287,20,0.755,1.625,0.326,-0.500,1.50,0.73,0.025,-0.005,0.913,-0.602,-1.877,-26.169
1744992807.63,-1,0.276,0.373,1.625,12,-0.215,-0.094,0.287,20,0.755,1.625,0.326,-0.500,1.50,0.73,0.025,-0.005,0.913,-0.602,-1.877,-26.169
1744992807.64,-1,0.276,0.375,1.620,12,-0.215,-0.094,0.335,20,0.758,1.620,0.329,-0.504,1.50,0.73,0.033,-0.017,0.969,-0.846,-0.809,-26.321
1744992807.64,-1,0.276,0.376,1.619,12,-0.215,-0.094,0.335,20,0.758,1.619,0.329,-0.505,1.50,0.73,0.003,-0.022,0.956,-2.372,-0.900,-27.023
1744992807.65,-1,0.276,0.377,1.618,12,-0.215,-0.094,0.339,20,0.761,1.618,0.332,-0.507,1.50,0.47,0.003,-0.022,0.956,-2.372,-0.900,-27.023
1744992807.65,-1,0.276,0.379,1.613,12,-0.215,-0.094,0.339,20,0.761,1.613,0.332,-0.511,1.50,0.47,0.025,-0.065,1.011,-0.419,-1.541,-26.962
1744992807.65,-1,0.276,0.379,1.613,12,-0.215,-0.094,0.339,20,0.761,1.613,0.332,-0.511,1.50,0.47,0.025,-0.065,1.011,-0.419,-1.541,-26.962
1744992807.66,-1,0.276,0.381,1.611,12,-0.215,-0.094,0.335,20,0.764,1.611,0.335,-0.513,1.50,0.47,0.068,-0.027,0.987,-2.830,-0.961,-26.413
1744992807.68,-1,0.276,0.382,1.610,12,-0.215,-0.094,0.335,20,0.764,1.610,0.335,-0.515,1.50,0.47,0.079,-0.008,0.912,-1.945,-0.992,-26.016
1744992807.68,-1,0.276,0.383,1.607,12,-0.215,-0.094,0.309,20,0.767,1.607,0.338,-0.517,1.50,0.36,0.079,-0.008,0.912,-1.945,-0.992,-26.016
1744992807.68,-1,0.276,0.385,1.604,12,-0.215,-0.094,0.309,20,0.767,1.604,0.338,-0.520,1.50,0.36,0.004,-0.046,1.050,-1.823,0.412,-25.253
1744992807.68,-1,0.276,0.385,1.604,12,-0.215,-0.094,0.309,20,0.767,1.604,0.338,-0.520,1.50,0.36,0.004,-0.046,1.050,-1.823,0.412,-25.253
1744992807.69,-1,0.276,0.387,1.602,12,-0.215,-0.094,0.322,20,0.770,1.602,0.341,-0.523,1.50,0.36,-0.042,-0.044,1.023,-3.105,4.074,-24.368
1744992807.70,-1,0.275,0.388,1.601,12,-0.215,-0.094,0.322,20,0.770,1.601,0.341,-0.524,1.50,0.36,0.015,-0.030,0.914,-2.769,-0.687,-25.131
1744992807.70,-1,0.275,0.389,1.598,12,-0.215,-0.094,0.287,20,0.773,1.598,0.344,-0.526,1.50,0.32,0.015,-0.030,0.914,-2.769,-0.687,-25.131
1744992807.72,-1,0.275,0.391,1.596,12,-0.215,-0.094,0.287,20,0.773,1.596,0.344,-0.528,1.50,0.32,0.033,-0.042,1.080,-0.816,0.961,-24.368
1744992807.72,-1,0.275,0.391,1.596,12,-0.215,-0.094,0.287,20,0.773,1.596,0.344,-0.528,1.50,0.32,0.033,-0.042,1.080,-0.816,0.961,-24.368
1744992807.73,-1,0.275,0.393,1.594,12,-0.215,-0.094,0.283,20,0.776,1.594,0.347,-0.531,1.50,0.32,0.067,-0.035,0.914,-0.785,2.853,-23.636
1744992807.73,-1,0.275,0.394,1.591,12,-0.215,-0.094,0.283,20,0.776,1.591,0.347,-0.533,1.50,0.32,-0.011,-0.023,0.923,-2.067,-1.450,-24.734
1744992807.74,-1,0.275,0.395,1.590,12,-0.215,-0.094,0.313,20,0.779,1.590,0.350,-0.534,1.50,0.29,-0.011,-0.023,0.923,-2.067,-1.450,-24.734
1744992807.75,-1,0.275,0.397,1.587,12,-0.215,-0.094,0.313,20,0.779,1.587,0.350,-0.538,1.50,0.29,0.030,-0.040,1.036,0.100,0.443,-25.864
1744992807.75,-1,0.275,0.397,1.587,12,-0.215,-0.094,0.313,20,0.779,1.587,0.350,-0.538,1.50,0.29,0.030,-0.040,1.036,0.100,0.443,-25.864
1744992807.76,-1,0.275,0.399,1.583,12,-0.215,-0.094,0.313,20,0.782,1.583,0.353,-0.541,1.50,0.29,0.042,-0.058,0.895,-0.755,0.717,-26.718
1744992807.76,-1,0.275,0.400,1.582,12,-0.215,-0.094,0.313,20,0.782,1.582,0.353,-0.542,1.50,0.29,0.060,0.002,0.922,-1.090,-0.870,-26.504
1744992807.78,-1,0.275,0.401,1.580,12,-0.215,-0.094,0.296,20,0.785,1.580,0.356,-0.545,1.50,0.32,0.060,0.002,0.922,-1.090,-0.870,-26.504
1744992807.78,-1,0.275,0.403,1.576,12,-0.215,-0.094,0.296,20,0.785,1.576,0.356,-0.548,1.50,0.32,0.032,-0.002,1.010,-0.999,-0.626,-25.009
1744992807.78,-1,0.275,0.403,1.576,12,-0.215,-0.094,0.296,20,0.785,1.576,0.356,-0.548,1.50,0.32,0.032,-0.002,1.010,-0.999,-0.626,-25.009
1744992807.78,-1,0.275,0.405,1.574,12,-0.215,-0.094,0.330,20,0.788,1.574,0.359,-0.550,1.50,0.32,0.008,-0.007,0.964,-1.884,-0.961,-26.016
1744992807.79,-1,0.275,0.406,1.573,12,-0.215,-0.094,0.330,20,0.788,1.573,0.359,-0.552,1.50,0.32,0.042,-0.020,1.024,-0.724,1.236,-26.352
1744992807.79,-1,0.275,0.407,1.571,12,-0.215,-0.094,0.304,20,0.791,1.571,0.362,-0.554,1.50,0.35,0.042,-0.020,1.024,-0.724,1.236,-26.352
1744992807.80,-1,0.275,0.409,1.567,12,-0.215,-0.094,0.304,20,0.791,1.567,0.362,-0.557,1.50,0.35,-0.013,-0.029,0.878,-2.250,1.938,-26.627
1744992807.80,-1,0.275,0.409,1.567,12,-0.215,-0.094,0.304,20,0.791,1.567,0.362,-0.557,1.50,0.35,-0.013,-0.029,0.878,-2.250,1.938,-26.627
1744992807.82,-1,0.275,0.411,1.564,12,-0.215,-0.094,0.300,20,0.794,1.564,0.364,-0.561,1.50,0.35,0.037,-0.037,0.862,0.344,-2.609,-26.260
1744992807.82,-1,0.275,0.412,1.562,12,-0.215,-0.094,0.300,20,0.794,1.562,0.364,-0.562,1.50,0.35,0.059,0.007,1.092,-2.830,-0.107,-25.833
1744992807.84,-1,0.275,0.413,1.561,12,-0.215,-0.094,0.335,20,0.797,1.561,0.368,-0.563,0.88,0.39,0.059,0.007,1.092,-2.830,-0.107,-25.833
1744992807.84,-1,0.275,0.415,1.558,12,-0.215,-0.094,0.335,20,0.797,1.558,0.368,-0.567,0.88,0.39,0.072,-0.026,1.073,-1.548,1.572,-25.314
1744992807.84,-1,0.275,0.415,1.558,12,-0.215,-0.094,0.335,20,0.797,1.558,0.368,-0.567,0.88,0.39,0.072,-0.026,1.073,-1.548,1.572,-25.314
1744992807.85,-1,0.275,0.417,1.556,12,-0.215,-0.094,0.317,20,0.800,1.556,0.371,-0.569,0.88,0.39,0.055,-0.067,0.903,-1.762,-0.748,-25.711
1744992807.85,-1,0.275,0.418,1.553,12,-0.215,-0.094,0.317,20,0.800,1.553,0.371,-0.571,0.88,0.39,0.012,-0.058,0.961,-3.684,1.236,-26.474
1744992807.85,-1,0.275,0.419,1.552,12,-0.215,-0.094,0.322,20,0.803,1.552,0.373,-0.572,0.65,0.44,0.012,-0.058,0.961,-3.684,1.236,-26.474
1744992807.88,-1,0.275,0.421,1.548,12,-0.215,-0.094,0.322,20,0.803,1.548,0.373,-0.576,0.65,0.44,0.022,-0.068,0.916,-1.548,1.419,-26.993
1744992807.88,-1,0.275,0.421,1.548,12,-0.215,-0.094,0.322,20,0.803,1.548,0.373,-0.576,0.65,0.44,0.022,-0.068,0.916,-1.548,1.419,-26.993
# remark: robobot/cmd/ti/alive 2025-04-18 18:13:08.652491
1744992807.89,-1,0.275,0.423,1.545,12,-0.215,-0.094,0.317,20,0.806,1.545,0.377,-0.579,0.65,0.44,0.034,-0.057,1.022,-2.372,0.504,-26.962
1744992807.89,-1,0.275,0.424,1.544,12,-0.215,-0.094,0.317,20,0.806,1.544,0.377,-0.581,0.65,0.44,0.017,-0.027,1.007,-1.518,3.128,-25.009
1744992807.89,-1,0.275,0.425,1.543,12,-0.215,-0.094,0.313,20,0.809,1.543,0.379,-0.582,0.56,0.44,0.017,-0.027,1.007,-1.518,3.128,-25.009
1744992807.89,-1,0.276,0.427,1.539,12,-0.215,-0.094,0.313,20,0.809,1.539,0.379,-0.585,0.56,0.44,0.041,-0.043,0.887,-1.853,0.015,-23.697
1744992807.89,-1,0.276,0.427,1.539,12,-0.215,-0.094,0.313,20,0.809,1.539,0.379,-0.585,0.56,0.44,0.041,-0.043,0.887,-1.853,0.015,-23.697
1744992807.91,-1,0.276,0.429,1.536,12,-0.215,-0.094,0.309,20,0.812,1.536,0.383,-0.589,0.56,0.44,0.002,-0.012,0.952,-3.288,-0.229,-24.368
1744992807.91,-1,0.276,0.430,1.536,12,-0.215,-0.094,0.309,20,0.812,1.536,0.383,-0.589,0.56,0.44,0.040,-0.002,0.861,0.191,-1.022,-25.314
1744992807.92,-1,0.276,0.431,1.532,12,-0.215,-0.094,0.296,20,0.815,1.532,0.386,-0.592,0.51,0.42,0.040,-0.002,0.861,0.191,-1.022,-25.314
1744992807.92,-1,0.276,0.433,1.530,12,-0.215,-0.094,0.296,20,0.815,1.530,0.386,-0.594,0.51,0.42,0.027,-0.011,1.101,0.008,-1.602,-24.124
1744992807.92,-1,0.276,0.433,1.530,12,-0.215,-0.094,0.296,20,0.815,1.530,0.386,-0.594,0.51,0.42,0.027,-0.011,1.101,0.008,-1.602,-24.124
1744992807.93,-1,0.276,0.435,1.527,12,-0.215,-0.094,0.330,20,0.818,1.527,0.389,-0.598,0.51,0.42,0.034,-0.022,0.999,-0.755,-1.999,-25.833
1744992807.94,-1,0.276,0.436,1.527,12,-0.215,-0.094,0.330,20,0.818,1.527,0.389,-0.598,0.51,0.42,-0.019,-0.090,0.964,-0.724,-0.320,-26.199
1744992807.94,-1,0.276,0.437,1.523,12,-0.215,-0.094,0.291,20,0.821,1.523,0.392,-0.601,0.43,0.41,-0.019,-0.090,0.964,-0.724,-0.320,-26.199
1744992807.95,-1,0.276,0.439,1.521,12,-0.215,-0.094,0.291,20,0.821,1.521,0.392,-0.604,0.43,0.41,-0.011,-0.051,0.873,0.405,0.656,-24.582
1744992807.95,-1,0.276,0.439,1.521,12,-0.215,-0.094,0.291,20,0.821,1.521,0.392,-0.604,0.43,0.41,-0.011,-0.051,0.873,0.405,0.656,-24.582
1744992807.96,-1,0.276,0.441,1.518,12,-0.215,-0.094,0.304,20,0.824,1.518,0.395,-0.606,0.43,0.41,0.022,0.020,0.969,-1.823,-1.480,-24.155
1744992807.97,-1,0.276,0.442,1.516,12,-0.215,-0.094,0.304,20,0.824,1.516,0.395,-0.608,0.43,0.41,0.024,0.005,1.229,-0.358,-2.914,-25.497
1744992807.97,-1,0.276,0.443,1.515,12,-0.215,-0.094,0.313,20,0.827,1.515,0.398,-0.609,0.38,0.43,0.024,0.005,1.229,-0.358,-2.914,-25.497
1744992808.00,-1,0.276,0.445,1.512,12,-0.215,-0.094,0.313,20,0.827,1.512,0.398,-0.613,0.38,0.43,0.096,-0.029,1.019,-0.816,1.358,-24.979
1744992808.00,-1,0.276,0.445,1.512,12,-0.215,-0.094,0.313,20,0.827,1.512,0.398,-0.613,0.38,0.43,0.096,-0.029,1.019,-0.816,1.358,-24.979
1744992808.00,-1,0.276,0.447,1.508,12,-0.215,-0.094,0.309,20,0.830,1.508,0.401,-0.616,0.38,0.43,0.023,-0.023,0.908,-1.945,0.046,-24.979
1744992808.01,-1,0.277,0.448,1.507,12,-0.215,-0.094,0.309,20,0.830,1.507,0.401,-0.618,0.38,0.43,0.010,-0.063,0.826,-0.419,-1.022,-25.314
1744992808.01,-1,0.277,0.449,1.506,12,-0.215,-0.094,0.300,20,0.833,1.506,0.404,-0.619,0.34,0.43,0.010,-0.063,0.826,-0.419,-1.022,-25.314
1744992808.01,-1,0.277,0.451,1.502,12,-0.215,-0.094,0.300,20,0.833,1.502,0.404,-0.622,0.34,0.43,0.018,-0.094,0.959,-1.457,1.663,-24.887
1744992808.01,-1,0.277,0.451,1.502,12,-0.215,-0.094,0.300,20,0.833,1.502,0.404,-0.622,0.34,0.43,0.018,-0.094,0.959,-1.457,1.663,-24.887
1744992808.03,-1,0.277,0.453,1.499,12,-0.215,-0.094,0.330,20,0.836,1.499,0.407,-0.626,0.34,0.43,0.052,-0.032,1.054,0.008,6.058,-25.772
1744992808.03,-1,0.277,0.453,1.498,12,-0.215,-0.094,0.330,20,0.836,1.498,0.407,-0.627,0.34,0.43,0.038,-0.037,0.902,-0.694,1.175,-24.216
1744992808.04,-1,0.277,0.455,1.496,12,-0.215,-0.094,0.291,20,0.839,1.496,0.410,-0.628,0.32,0.43,0.038,-0.037,0.902,-0.694,1.175,-24.216
1744992808.04,-1,0.277,0.457,1.493,12,-0.215,-0.094,0.291,20,0.839,1.493,0.410,-0.631,0.32,0.43,0.024,-0.003,0.972,0.558,0.229,-23.819
1744992808.05,-1,0.277,0.457,1.493,12,-0.215,-0.094,0.291,20,0.839,1.493,0.410,-0.631,0.32,0.43,0.024,-0.003,0.972,0.558,0.229,-23.819
1744992808.06,-1,0.277,0.459,1.490,12,-0.215,-0.094,0.291,20,0.842,1.490,0.412,-0.635,0.32,0.43,0.040,-0.003,0.924,-0.388,0.259,-22.964
1744992808.06,-1,0.277,0.459,1.490,12,-0.215,-0.094,0.291,20,0.842,1.490,0.412,-0.635,0.32,0.43,0.052,0.036,0.964,-0.999,-1.694,-23.758
1744992808.06,-1,0.277,0.461,1.488,12,-0.215,-0.094,0.296,20,0.845,1.488,0.415,-0.636,0.31,0.45,0.052,0.036,0.964,-0.999,-1.694,-23.758
1744992808.07,-1,0.278,0.463,1.485,12,-0.215,-0.094,0.296,20,0.845,1.485,0.415,-0.640,0.31,0.45,0.016,-0.007,1.062,-0.938,-1.328,-24.948
1744992808.08,-1,0.278,0.463,1.485,12,-0.215,-0.094,0.296,20,0.845,1.485,0.415,-0.640,0.31,0.45,0.016,-0.007,1.062,-0.938,-1.328,-24.948
1744992808.09,-1,0.278,0.465,1.482,12,-0.215,-0.094,0.291,20,0.848,1.482,0.419,-0.643,0.31,0.45,0.098,0.000,0.935,-1.975,-0.320,-25.284
1744992808.09,-1,0.278,0.465,1.480,12,-0.215,-0.094,0.291,20,0.848,1.480,0.419,-0.644,0.31,0.45,0.034,-0.036,0.975,-2.159,-1.938,-25.742
1744992808.10,-1,0.278,0.467,1.478,12,-0.215,-0.094,0.313,20,0.851,1.478,0.421,-0.646,0.30,0.48,0.034,-0.036,0.975,-2.159,-1.938,-25.742
1744992808.10,-1,0.278,0.469,1.474,12,-0.215,-0.094,0.313,20,0.851,1.474,0.421,-0.650,0.30,0.48,0.022,-0.049,0.944,-0.175,-2.060,-27.084
1744992808.10,-1,0.278,0.469,1.474,12,-0.215,-0.094,0.313,20,0.851,1.474,0.421,-0.650,0.30,0.48,0.022,-0.049,0.944,-0.175,-2.060,-27.084
1744992808.12,-1,0.278,0.470,1.471,12,-0.215,-0.094,0.322,20,0.854,1.471,0.425,-0.653,0.30,0.48,0.018,-0.049,0.983,-1.182,0.290,-26.443
1744992808.12,-1,0.278,0.471,1.471,12,-0.215,-0.094,0.322,20,0.854,1.471,0.425,-0.653,0.30,0.48,0.073,-0.020,0.907,-1.151,0.504,-26.047
1744992808.14,-1,0.279,0.472,1.468,12,-0.215,-0.094,0.335,20,0.857,1.468,0.427,-0.657,0.30,0.51,0.073,-0.020,0.907,-1.151,0.504,-26.047
1744992808.14,-1,0.279,0.475,1.465,12,-0.215,-0.094,0.335,20,0.857,1.465,0.427,-0.659,0.30,0.51,0.069,0.015,0.945,-1.457,0.504,-26.901
1744992808.14,-1,0.279,0.475,1.465,12,-0.215,-0.094,0.335,20,0.857,1.465,0.427,-0.659,0.30,0.51,0.069,0.015,0.945,-1.457,0.504,-26.901
1744992808.16,-1,0.279,0.477,1.462,12,-0.215,-0.094,0.300,20,0.860,1.462,0.430,-0.663,0.30,0.51,0.013,-0.059,0.964,0.954,-0.443,-25.772
1744992808.16,-1,0.279,0.477,1.461,12,-0.215,-0.094,0.300,20,0.860,1.461,0.430,-0.664,0.30,0.51,0.008,-0.040,0.917,-1.853,-0.473,-24.643
1744992808.16,-1,0.279,0.479,1.458,12,-0.215,-0.094,0.326,20,0.863,1.458,0.433,-0.666,0.29,0.55,0.008,-0.040,0.917,-1.853,-0.473,-24.643
1744992808.17,-1,0.279,0.481,1.455,12,-0.215,-0.094,0.326,20,0.863,1.455,0.433,-0.670,0.29,0.55,0.052,-0.031,0.998,-3.135,-0.778,-26.443
1744992808.17,-1,0.279,0.481,1.455,12,-0.215,-0.094,0.326,20,0.863,1.455,0.433,-0.670,0.29,0.55,0.052,-0.031,0.998,-3.135,-0.778,-26.443
1744992808.17,-1,0.280,0.483,1.454,12,-0.215,-0.094,0.304,20,0.866,1.454,0.436,-0.671,0.29,0.55,0.064,-0.053,1.043,0.710,1.236,-26.810
1744992808.18,-1,0.280,0.483,1.451,12,-0.215,-0.094,0.304,20,0.866,1.451,0.436,-0.673,0.29,0.55,0.075,-0.027,0.923,-1.945,1.907,-26.352
1744992808.18,-1,0.280,0.485,1.450,12,-0.215,-0.094,0.317,20,0.869,1.450,0.439,-0.674,0.28,0.59,0.075,-0.027,0.923,-1.945,1.907,-26.352
1744992808.19,-1,0.280,0.486,1.447,12,-0.215,-0.094,0.317,20,0.869,1.447,0.439,-0.678,0.28,0.59,0.034,-0.019,0.969,-2.586,0.961,-27.573
1744992808.19,-1,0.280,0.486,1.447,12,-0.215,-0.094,0.317,20,0.869,1.447,0.439,-0.678,0.28,0.59,0.034,-0.019,0.969,-2.586,0.961,-27.573
1744992808.21,-1,0.280,0.488,1.443,12,-0.215,-0.094,0.317,20,0.872,1.443,0.442,-0.681,0.28,0.59,0.063,-0.097,1.039,-0.114,-0.443,-25.925
1744992808.21,-1,0.281,0.489,1.441,12,-0.215,-0.094,0.317,20,0.872,1.441,0.442,-0.683,0.28,0.59,-0.018,-0.083,0.907,0.435,2.029,-25.375
1744992808.22,-1,0.281,0.490,1.440,12,-0.215,-0.094,0.322,20,0.875,1.440,0.446,-0.685,0.28,0.59,-0.018,-0.083,0.907,0.435,2.029,-25.375
1744992808.23,-1,0.281,0.493,1.438,12,-0.215,-0.094,0.322,20,0.875,1.438,0.446,-0.687,0.28,0.59,0.013,-0.043,0.832,-2.250,-0.717,-25.375
1744992808.23,-1,0.281,0.493,1.438,12,-0.215,-0.094,0.322,20,0.875,1.438,0.446,-0.687,0.28,0.59,0.013,-0.043,0.832,-2.250,-0.717,-25.375
1744992808.24,-1,0.281,0.495,1.434,12,-0.215,-0.094,0.300,20,0.878,1.434,0.449,-0.690,0.28,0.59,0.047,0.004,1.021,0.222,0.046,-23.636
1744992808.24,-1,0.281,0.495,1.432,12,-0.215,-0.094,0.300,20,0.878,1.432,0.449,-0.693,0.28,0.59,0.052,0.004,0.955,-1.426,1.175,-24.826
1744992808.25,-1,0.281,0.497,1.431,12,-0.215,-0.094,0.322,20,0.881,1.431,0.451,-0.694,0.27,0.64,0.052,0.004,0.955,-1.426,1.175,-24.826
1744992808.25,-1,0.282,0.498,1.427,12,-0.215,-0.094,0.322,20,0.881,1.427,0.451,-0.697,0.27,0.64,-0.000,-0.038,1.025,-1.457,0.046,-25.101
1744992808.25,-1,0.282,0.498,1.427,12,-0.215,-0.094,0.322,20,0.881,1.427,0.451,-0.697,0.27,0.64,-0.000,-0.038,1.025,-1.457,0.046,-25.101
1744992808.27,-1,0.282,0.501,1.425,12,-0.215,-0.094,0.291,20,0.884,1.425,0.455,-0.700,0.27,0.64,-0.013,-0.050,1.015,-0.083,0.992,-24.277
1744992808.27,-1,0.282,0.501,1.424,12,-0.215,-0.094,0.291,20,0.884,1.424,0.455,-0.701,0.27,0.64,0.057,-0.011,0.970,-1.945,-2.518,-24.033
1744992808.28,-1,0.282,0.503,1.421,12,-0.215,-0.094,0.304,20,0.887,1.421,0.458,-0.703,0.28,0.67,0.057,-0.011,0.970,-1.945,-2.518,-24.033
1744992808.28,-1,0.283,0.504,1.419,12,-0.215,-0.094,0.304,20,0.887,1.419,0.458,-0.705,0.28,0.67,0.067,-0.010,1.109,0.405,-0.626,-24.368
1744992808.33,-1,0.283,0.504,1.419,12,-0.215,-0.094,0.304,20,0.887,1.419,0.458,-0.705,0.28,0.67,0.067,-0.010,1.109,0.405,-0.626,-24.368
1744992808.33,-1,0.283,0.507,1.417,12,-0.215,-0.094,0.278,20,0.890,1.417,0.461,-0.708,0.28,0.67,0.043,-0.046,0.999,1.351,0.565,-23.971
1744992808.33,-1,0.283,0.507,1.414,12,-0.215,-0.094,0.278,20,0.890,1.414,0.461,-0.710,0.28,0.67,-0.028,-0.072,0.959,-0.388,-0.137,-25.589
1744992808.34,-1,0.283,0.508,1.413,12,-0.215,-0.094,0.304,20,0.893,1.413,0.464,-0.711,0.29,0.66,-0.028,-0.072,0.959,-0.388,-0.137,-25.589
1744992808.34,-1,0.284,0.510,1.410,12,-0.215,-0.094,0.304,20,0.893,1.410,0.464,-0.715,0.29,0.66,0.047,-0.073,0.907,1.320,-1.022,-25.375
1744992808.34,-1,0.284,0.510,1.410,12,-0.215,-0.094,0.304,20,0.893,1.410,0.464,-0.715,0.29,0.66,0.047,-0.073,0.907,1.320,-1.022,-25.375
1744992808.34,-1,0.284,0.512,1.406,12,-0.215,-0.094,0.317,20,0.896,1.406,0.467,-0.718,0.29,0.66,0.030,-0.046,0.946,-0.236,-0.473,-26.138
1744992808.34,-1,0.284,0.513,1.405,12,-0.215,-0.094,0.317,20,0.896,1.405,0.467,-0.719,0.29,0.66,0.039,-0.027,0.948,0.680,-1.450,-26.169
1744992808.34,-1,0.284,0.514,1.404,12,-0.215,-0.094,0.296,20,0.899,1.404,0.470,-0.720,0.33,0.67,0.039,-0.027,0.948,0.680,-1.450,-26.169
1744992808.37,-1,0.285,0.516,1.401,12,-0.215,-0.094,0.296,20,0.899,1.401,0.470,-0.724,0.33,0.67,0.052,0.035,0.997,-0.663,0.137,-25.619
1744992808.37,-1,0.285,0.516,1.401,12,-0.215,-0.094,0.296,20,0.899,1.401,0.470,-0.724,0.33,0.67,0.052,0.035,0.997,-0.663,0.137,-25.619
1744992808.37,-1,0.285,0.518,1.397,12,-0.215,-0.094,0.339,20,0.902,1.397,0.473,-0.727,0.33,0.67,0.045,0.038,0.982,-0.236,0.961,-26.352
1744992808.37,-1,0.285,0.519,1.396,12,-0.215,-0.094,0.339,20,0.902,1.396,0.473,-0.729,0.33,0.67,-0.003,-0.044,0.891,-1.426,-1.266,-25.803
1744992808.38,-1,0.285,0.520,1.394,12,-0.215,-0.094,0.291,20,0.905,1.394,0.476,-0.731,0.37,0.72,-0.003,-0.044,0.891,-1.426,-1.266,-25.803
1744992808.38,-1,0.286,0.522,1.390,12,-0.215,-0.094,0.291,20,0.905,1.390,0.476,-0.734,0.37,0.72,0.008,-0.006,1.022,-0.968,2.396,-25.009
1744992808.38,-1,0.286,0.522,1.390,12,-0.215,-0.094,0.291,20,0.905,1.390,0.476,-0.734,0.37,0.72,0.008,-0.006,1.022,-0.968,2.396,-25.009
1744992808.40,-1,0.286,0.524,1.388,12,-0.215,-0.094,0.300,20,0.908,1.388,0.479,-0.737,0.37,0.72,0.068,-0.010,0.840,-2.738,0.351,-23.727
1744992808.40,-1,0.286,0.525,1.387,12,-0.215,-0.094,0.300,20,0.908,1.387,0.479,-0.738,0.37,0.72,0.085,0.004,1.047,-3.501,0.748,-25.284
1744992808.40,-1,0.286,0.526,1.385,12,-0.215,-0.094,0.326,20,0.911,1.385,0.482,-0.739,0.38,0.73,0.085,0.004,1.047,-3.501,0.748,-25.284
1744992808.42,-1,0.287,0.528,1.382,12,-0.215,-0.094,0.326,20,0.911,1.382,0.482,-0.742,0.38,0.73,0.074,-0.070,1.022,-1.762,4.898,-24.185
1744992808.42,-1,0.287,0.528,1.382,12,-0.215,-0.094,0.326,20,0.911,1.382,0.482,-0.742,0.38,0.73,0.074,-0.070,1.022,-1.762,4.898,-24.185
1744992808.42,-1,0.287,0.530,1.379,12,-0.215,-0.094,0.291,20,0.914,1.379,0.485,-0.746,0.38,0.73,0.030,-0.055,0.799,-2.799,1.602,-24.277
1744992808.42,-1,0.287,0.531,1.377,12,-0.215,-0.094,0.291,20,0.914,1.377,0.485,-0.747,0.38,0.73,0.012,-0.047,0.864,-3.044,-0.992,-23.544
# remark: robobot/cmd/ti/alive 2025-04-18 18:13:08.652491
1744992808.43,-1,0.288,0.532,1.376,12,-0.215,-0.094,0.283,20,0.917,1.376,0.487,-0.748,0.36,0.75,0.012,-0.047,0.864,-3.044,-0.992,-23.544
1744992808.44,-1,0.288,0.534,1.373,12,-0.215,-0.094,0.283,20,0.917,1.373,0.487,-0.752,0.36,0.75,0.066,-0.044,1.096,-2.525,0.229,-23.575
1744992808.44,-1,0.288,0.534,1.373,12,-0.215,-0.094,0.283,20,0.917,1.373,0.487,-0.752,0.36,0.75,0.066,-0.044,1.096,-2.525,0.229,-23.575
1744992808.46,-1,0.288,0.536,1.370,12,-0.215,-0.094,0.304,20,0.920,1.370,0.491,-0.754,0.36,0.75,0.081,-0.004,1.076,-1.609,1.907,-24.033
1744992808.46,-1,0.289,0.537,1.368,12,-0.215,-0.094,0.304,20,0.920,1.368,0.491,-0.756,0.36,0.75,0.020,-0.044,0.988,-2.067,-0.015,-24.429
1744992808.46,-1,0.289,0.538,1.368,12,-0.215,-0.094,0.265,20,0.923,1.368,0.494,-0.756,0.33,0.89,0.020,-0.044,0.988,-2.067,-0.015,-24.429
# remark: robobot/cmd/ti/rc 0.0 0.0
1744992808.48,-1,0.289,0.540,1.365,12,-0.215,-0.094,0.265,20,0.923,1.365,0.494,-0.760,0.33,0.89,0.010,-0.044,0.980,-1.151,3.036,-24.643
1744992808.48,-1,0.289,0.540,1.365,12,-0.215,-0.094,0.265,20,0.923,1.365,0.494,-0.760,0.33,0.89,0.010,-0.044,0.980,-1.151,3.036,-24.643
1744992808.48,-1,0.290,0.542,1.361,12,-0.215,-0.094,0.309,20,0.926,1.361,0.497,-0.763,0.33,0.89,0.027,-0.033,0.814,0.161,-0.381,-24.948
1744992808.48,-1,0.290,0.543,1.360,12,-0.215,-0.094,0.309,20,0.926,1.360,0.497,-0.764,0.33,0.89,0.010,-0.013,0.958,-0.053,-0.900,-27.389
1744992808.50,-1,0.290,0.544,1.359,12,-0.215,-0.094,0.309,20,0.929,1.359,0.500,-0.766,0.30,0.93,0.010,-0.013,0.958,-0.053,-0.900,-27.389
1744992808.50,-1,0.290,0.546,1.355,12,-0.215,-0.094,0.309,20,0.929,1.355,0.500,-0.769,0.30,0.93,0.023,-0.021,1.049,0.374,0.809,-26.718
1744992808.50,-1,0.290,0.546,1.355,12,-0.215,-0.094,0.309,20,0.929,1.355,0.500,-0.769,0.30,0.93,0.023,-0.021,1.049,0.374,0.809,-26.718
1744992808.50,-1,0.291,0.548,1.352,12,-0.215,-0.094,0.317,20,0.932,1.352,0.503,-0.773,0.30,0.93,0.042,0.003,0.988,-0.541,-0.107,-25.436
# remark: robobot/cmd/ti/rc 0.20 0.0
1744992808.52,-1,0.291,0.549,1.350,12,-0.215,-0.094,0.317,20,0.932,1.350,0.000,-0.002,0.30,0.93,0.044,0.017,1.003,-0.327,1.175,-25.162
1744992808.52,-1,0.291,0.550,1.349,12,-0.215,-0.094,0.335,20,0.935,1.349,0.003,-0.003,0.30,0.84,0.044,0.017,1.003,-0.327,1.175,-25.162
1744992808.52,-1,0.292,0.552,1.346,12,-0.215,-0.094,0.335,20,0.935,1.346,0.003,-0.006,0.30,0.84,0.027,-0.065,0.874,-0.541,1.358,-24.948
1744992808.52,-1,0.292,0.552,1.346,12,-0.215,-0.094,0.335,20,0.935,1.346,0.003,-0.006,0.30,0.84,0.027,-0.065,0.874,-0.541,1.358,-24.948
1744992808.56,-1,0.292,0.554,1.343,12,-0.215,-0.094,0.287,20,0.938,1.343,0.006,-0.009,0.30,0.84,0.006,-0.069,1.033,-1.426,1.328,-23.697
1744992808.56,-1,0.292,0.555,1.340,12,-0.215,-0.094,0.287,20,0.938,1.340,0.006,-0.012,0.30,0.84,0.076,-0.031,1.038,0.313,4.807,-24.216
1744992808.56,-1,0.293,0.556,1.340,12,-0.215,-0.094,0.309,20,0.941,1.340,0.009,-0.012,0.32,0.79,0.076,-0.031,1.038,0.313,4.807,-24.216
1744992808.59,-1,0.293,0.558,1.337,12,-0.215,-0.094,0.309,20,0.941,1.337,0.009,-0.015,0.32,0.79,0.077,-0.031,0.950,-2.097,1.022,-23.819
1744992808.59,-1,0.293,0.558,1.337,12,-0.215,-0.094,0.309,20,0.941,1.337,0.009,-0.015,0.32,0.79,0.077,-0.031,0.950,-2.097,1.022,-23.819
1744992808.59,-1,0.294,0.560,1.335,12,-0.215,-0.094,0.265,20,0.944,1.335,0.012,-0.017,0.32,0.79,0.018,-0.042,1.023,-0.114,1.358,-23.239
1744992808.59,-1,0.294,0.561,1.332,12,-0.215,-0.094,0.265,20,0.944,1.332,0.012,-0.020,0.32,0.79,0.043,-0.039,0.804,-1.548,-0.290,-23.880
1744992808.59,-1,0.294,0.562,1.331,12,-0.215,-0.094,0.291,20,0.947,1.331,0.015,-0.021,0.35,0.83,0.043,-0.039,0.804,-1.548,-0.290,-23.880
1744992808.59,-1,0.294,0.563,1.328,12,-0.215,-0.094,0.291,20,0.947,1.328,0.015,-0.024,0.35,0.83,0.040,0.008,0.942,-2.189,-1.785,-25.223
1744992808.59,-1,0.294,0.563,1.328,12,-0.215,-0.094,0.291,20,0.947,1.328,0.015,-0.024,0.35,0.83,0.040,0.008,0.942,-2.189,-1.785,-25.223
1744992808.63,-1,0.295,0.565,1.324,12,-0.215,-0.094,0.330,20,0.950,1.324,0.018,-0.028,0.35,0.83,0.072,0.015,1.027,-0.907,0.046,-26.382
1744992808.63,-1,0.295,0.567,1.323,12,-0.215,-0.094,0.330,20,0.950,1.323,0.018,-0.029,0.35,0.83,0.045,0.009,0.992,-1.121,-0.565,-25.345
1744992808.64,-1,0.295,0.567,1.321,12,-0.215,-0.094,0.313,20,0.953,1.321,0.021,-0.031,0.42,0.81,0.045,0.009,0.992,-1.121,-0.565,-25.345
1744992808.64,-1,0.296,0.569,1.322,12,-0.215,-0.094,0.313,20,0.953,1.322,0.021,-0.030,0.42,0.81,0.031,0.003,0.983,-2.220,-1.694,-24.612
1744992808.64,-1,0.296,0.569,1.322,12,-0.215,-0.094,0.313,20,0.953,1.322,0.021,-0.030,0.42,0.81,0.031,0.003,0.983,-2.220,-1.694,-24.612
1744992808.64,-1,0.296,0.570,1.322,12,-0.215,-0.094,0.204,20,0.956,1.322,0.024,-0.030,0.42,0.81,-0.141,-0.079,1.123,-0.022,4.349,-26.108
1744992808.64,-1,0.296,0.570,1.322,12,-0.215,-0.094,0.204,20,0.956,1.322,0.024,-0.030,0.42,0.81,-0.368,-0.247,0.982,5.105,7.278,-13.321
1744992808.65,-1,0.296,0.570,1.321,12,-0.215,-0.094,-0.030,20,0.957,1.321,0.025,-0.031,0.46,0.83,-0.368,-0.247,0.982,5.105,7.278,-13.321
1744992808.65,-1,0.296,0.571,1.322,12,-0.215,-0.094,-0.030,20,0.957,1.322,0.025,-0.030,0.46,0.83,-0.419,-0.046,0.918,-8.018,8.438,-7.828
1744992808.65,-1,0.296,0.571,1.322,12,-0.215,-0.094,-0.030,20,0.957,1.322,0.025,-0.030,0.46,0.83,-0.419,-0.046,0.918,-8.018,8.438,-7.828
1744992808.67,-1,0.297,0.572,1.323,12,-0.215,-0.094,0.009,20,0.958,1.323,0.026,-0.029,0.46,0.83,-0.669,-0.247,1.100,2.297,13.657,-0.778
1744992808.67,-1,0.297,0.572,1.323,12,-0.215,-0.094,0.009,20,0.958,1.323,0.026,-0.029,0.46,0.83,-0.202,-0.361,0.719,2.633,1.785,6.973
1744992808.67,-1,0.297,0.573,1.323,12,-0.215,-0.094,-0.157,20,0.960,1.323,0.028,-0.029,0.47,0.85,-0.202,-0.361,0.719,2.633,1.785,6.973
1744992808.67,-1,0.297,0.574,1.323,12,-0.215,-0.094,-0.157,20,0.960,1.323,0.028,-0.029,0.47,0.85,-0.270,-0.311,0.771,-8.109,-19.760,5.203
1744992808.68,-1,0.297,0.574,1.323,12,-0.215,-0.094,-0.157,20,0.960,1.323,0.028,-0.029,0.47,0.85,-0.270,-0.311,0.771,-8.109,-19.760,5.203
1744992808.68,-1,0.297,0.575,1.323,12,-0.215,-0.094,-0.039,20,0.961,1.323,0.029,-0.029,0.47,0.85,0.036,-0.031,0.805,3.640,-17.685,11.917
1744992808.69,-1,0.298,0.576,1.323,12,-0.215,-0.094,-0.039,20,0.961,1.323,0.029,-0.029,0.47,0.85,0.076,0.038,1.412,-0.266,-3.403,7.889
1744992808.70,-1,0.298,0.577,1.323,12,-0.215,-0.094,0.009,20,0.964,1.323,0.032,-0.029,0.46,0.80,0.076,0.038,1.412,-0.266,-3.403,7.889
1744992808.71,-1,0.298,0.578,1.324,12,-0.215,-0.094,0.009,20,0.964,1.324,0.032,-0.028,0.46,0.80,0.036,0.137,1.438,3.640,6.760,-4.532
1744992808.71,-1,0.298,0.578,1.324,12,-0.215,-0.094,0.009,20,0.964,1.324,0.032,-0.028,0.46,0.80,0.036,0.137,1.438,3.640,6.760,-4.532
1744992808.71,-1,0.299,0.579,1.323,12,-0.215,-0.094,-0.057,20,0.966,1.323,0.034,-0.029,0.46,0.80,0.032,0.125,0.424,0.313,-7.492,-6.882
1744992808.73,-1,0.299,0.580,1.323,12,-0.215,-0.094,-0.057,20,0.966,1.323,0.034,-0.029,0.46,0.80,0.095,0.075,0.961,-1.914,-10.635,-7.523
1744992808.73,-1,0.299,0.580,1.322,12,-0.215,-0.094,-0.026,20,0.968,1.322,0.036,-0.030,0.42,0.78,0.095,0.075,0.961,-1.914,-10.635,-7.523
1744992808.74,-1,0.299,0.581,1.321,12,-0.215,-0.094,-0.026,20,0.968,1.321,0.036,-0.031,0.42,0.78,0.163,0.121,1.093,-0.327,12.711,-5.325
1744992808.75,-1,0.299,0.581,1.321,12,-0.215,-0.094,-0.026,20,0.968,1.321,0.036,-0.031,0.42,0.78,0.163,0.121,1.093,-0.327,12.711,-5.325
1744992808.75,-1,0.299,0.582,1.321,12,-0.215,-0.094,0.109,20,0.969,1.321,0.037,-0.031,0.42,0.78,0.148,0.001,0.661,-0.388,-0.290,-7.156
1744992808.75,-1,0.299,0.583,1.321,12,-0.215,-0.094,0.109,20,0.969,1.321,0.037,-0.031,0.42,0.78,0.210,-0.088,1.276,-1.640,-6.882,-5.112
1744992808.76,-1,0.300,0.584,1.321,12,-0.215,-0.094,0.083,20,0.971,1.321,0.039,-0.031,0.38,0.80,0.210,-0.088,1.276,-1.640,-6.882,-5.112
1744992808.77,-1,0.300,0.585,1.319,12,-0.215,-0.094,0.083,20,0.971,1.319,0.039,-0.032,0.38,0.80,0.251,-0.076,1.273,-3.471,3.189,-3.403
1744992808.77,-1,0.300,0.585,1.319,12,-0.215,-0.094,0.083,20,0.971,1.319,0.039,-0.032,0.38,0.80,0.251,-0.076,1.273,-3.471,3.189,-3.403
1744992808.77,-1,0.300,0.587,1.317,12,-0.215,-0.094,0.087,20,0.973,1.317,0.041,-0.035,0.38,0.80,0.220,-0.009,0.675,2.816,-1.572,-5.936
1744992808.79,-1,0.301,0.588,1.317,12,-0.215,-0.094,0.087,20,0.973,1.317,0.041,-0.035,0.38,0.80,0.198,0.027,1.035,1.778,-3.586,-8.530
1744992808.79,-1,0.301,0.588,1.317,12,-0.215,-0.094,0.104,20,0.976,1.317,0.043,-0.035,0.37,0.79,0.198,0.027,1.035,1.778,-3.586,-8.530
1744992808.79,-1,0.301,0.590,1.316,12,-0.215,-0.094,0.104,20,0.976,1.316,0.043,-0.036,0.37,0.79,0.209,-0.020,1.123,-1.426,2.945,-11.398
1744992808.80,-1,0.301,0.590,1.316,12,-0.215,-0.094,0.104,20,0.976,1.316,0.043,-0.036,0.37,0.79,0.209,-0.020,1.123,-1.426,2.945,-11.398
1744992808.81,-1,0.302,0.591,1.315,12,-0.215,-0.094,0.087,20,0.978,1.315,0.046,-0.037,0.37,0.79,0.167,-0.070,0.980,2.480,1.205,-11.337
1744992808.81,-1,0.302,0.592,1.315,12,-0.215,-0.094,0.087,20,0.978,1.315,0.046,-0.037,0.37,0.79,0.136,-0.021,0.914,-0.266,0.473,-13.077
1744992808.83,-1,0.302,0.593,1.314,12,-0.215,-0.094,0.109,20,0.981,1.314,0.048,-0.038,0.36,0.75,0.136,-0.021,0.914,-0.266,0.473,-13.077
1744992808.85,-1,0.303,0.595,1.313,12,-0.215,-0.094,0.109,20,0.981,1.313,0.048,-0.039,0.36,0.75,0.145,-0.006,0.809,0.191,-2.640,-12.711
1744992808.85,-1,0.303,0.595,1.313,12,-0.215,-0.094,0.109,20,0.981,1.313,0.048,-0.039,0.36,0.75,0.145,-0.006,0.809,0.191,-2.640,-12.711
1744992808.85,-1,0.303,0.597,1.311,12,-0.215,-0.094,0.130,20,0.984,1.311,0.051,-0.041,0.36,0.75,0.099,0.005,0.919,1.168,-0.687,-11.002
1744992808.85,-1,0.303,0.598,1.310,12,-0.215,-0.094,0.130,20,0.984,1.310,0.051,-0.042,0.36,0.75,0.114,0.040,0.937,0.008,3.098,-11.459
1744992808.86,-1,0.304,0.599,1.310,12,-0.215,-0.094,0.109,20,0.986,1.310,0.054,-0.042,0.33,0.78,0.114,0.040,0.937,0.008,3.098,-11.459
1744992808.86,-1,0.304,0.601,1.311,12,-0.215,-0.094,0.109,20,0.986,1.311,0.054,-0.041,0.33,0.78,0.084,0.012,0.895,-2.067,-0.198,-12.558
1744992808.86,-1,0.304,0.601,1.311,12,-0.215,-0.094,0.109,20,0.986,1.311,0.054,-0.041,0.33,0.78,0.084,0.012,0.895,-2.067,-0.198,-12.558
1744992808.88,-1,0.305,0.603,1.310,12,-0.215,-0.094,0.035,20,0.990,1.310,0.057,-0.042,0.33,0.78,0.114,0.012,1.023,-2.220,0.412,-12.985
1744992808.88,-1,0.305,0.604,1.310,12,-0.215,-0.094,0.035,20,0.990,1.310,0.057,-0.042,0.33,0.78,0.092,-0.066,0.965,0.649,1.541,-11.459
1744992808.88,-1,0.305,0.605,1.310,12,-0.215,-0.094,0.030,20,0.993,1.310,0.060,-0.042,0.32,0.80,0.092,-0.066,0.965,0.649,1.541,-11.459
1744992808.90,-1,0.306,0.607,1.310,12,-0.215,-0.094,0.030,20,0.993,1.310,0.060,-0.042,0.32,0.80,0.132,-0.039,0.963,-0.236,0.443,-12.894
1744992808.90,-1,0.306,0.607,1.310,12,-0.215,-0.094,0.030,20,0.993,1.310,0.060,-0.042,0.32,0.80,0.132,-0.039,0.963,-0.236,0.443,-12.894
1744992808.90,-1,0.306,0.609,1.310,12,-0.215,-0.094,0.039,20,0.996,1.310,0.064,-0.042,0.32,0.80,0.077,-0.071,0.818,-1.884,-1.480,-14.664
1744992808.90,-1,0.307,0.610,1.310,12,-0.215,-0.094,0.039,20,0.996,1.310,0.064,-0.042,0.32,0.80,0.018,-0.063,0.987,0.405,-1.511,-16.800
1744992808.91,-1,0.307,0.611,1.310,12,-0.215,-0.094,-0.022,20,0.999,1.310,0.067,-0.042,0.29,0.77,0.018,-0.063,0.987,0.405,-1.511,-16.800
1744992808.91,-1,0.307,0.613,1.308,12,-0.215,-0.094,-0.022,20,0.999,1.308,0.067,-0.044,0.29,0.77,0.031,-0.114,0.950,0.558,1.511,-14.175
1744992808.92,-1,0.307,0.613,1.308,12,-0.215,-0.094,-0.022,20,0.999,1.308,0.067,-0.044,0.29,0.77,0.031,-0.114,0.950,0.558,1.511,-14.175
1744992808.92,-1,0.308,0.615,1.307,12,-0.215,-0.094,0.074,20,1.002,1.307,0.070,-0.045,0.29,0.77,-0.068,-0.023,0.842,-0.083,1.938,-14.419
1744992808.93,-1,0.308,0.617,1.306,12,-0.215,-0.094,0.074,20,1.002,1.306,0.070,-0.046,0.29,0.77,0.017,-0.010,0.848,-1.365,-1.266,-13.626
1744992808.94,-1,0.309,0.618,1.307,12,-0.215,-0.094,0.130,20,1.006,1.307,0.073,-0.045,0.27,0.75,0.017,-0.010,0.848,-1.365,-1.266,-13.626
1744992808.95,-1,0.309,0.620,1.304,12,-0.215,-0.094,0.130,20,1.006,1.304,0.073,-0.047,0.27,0.75,0.070,-0.060,1.031,1.443,-0.168,-12.924
1744992808.95,-1,0.309,0.620,1.304,12,-0.215,-0.094,0.130,20,1.006,1.304,0.073,-0.047,0.27,0.75,0.070,-0.060,1.031,1.443,-0.168,-12.924
1744992808.96,-1,0.310,0.622,1.303,12,-0.215,-0.094,0.157,20,1.009,1.303,0.077,-0.049,0.27,0.75,0.056,0.018,1.038,-1.975,2.396,-13.351
# remark: robobot/cmd/ti/alive 2025-04-18 18:13:08.652491
1744992808.96,-1,0.310,0.623,1.302,12,-0.215,-0.094,0.157,20,1.009,1.302,0.077,-0.050,0.27,0.75,-0.040,-0.071,0.953,1.107,0.870,-14.572
1744992808.98,-1,0.310,0.624,1.302,12,-0.215,-0.094,0.126,20,1.012,1.302,0.080,-0.050,0.25,0.83,-0.040,-0.071,0.953,1.107,0.870,-14.572
1744992808.99,-1,0.311,0.626,1.301,12,-0.215,-0.094,0.126,20,1.012,1.301,0.080,-0.051,0.25,0.83,-0.007,-0.008,0.964,0.039,-1.266,-14.023
1744992808.99,-1,0.311,0.626,1.301,12,-0.215,-0.094,0.126,20,1.012,1.301,0.080,-0.051,0.25,0.83,-0.007,-0.008,0.964,0.039,-1.266,-14.023
1744992808.99,-1,0.312,0.629,1.299,12,-0.215,-0.094,0.113,20,1.016,1.299,0.084,-0.053,0.25,0.83,0.011,-0.083,0.937,-0.572,-1.938,-12.680
1744992808.99,-1,0.312,0.630,1.299,12,-0.215,-0.094,0.113,20,1.016,1.299,0.084,-0.053,0.25,0.83,0.045,-0.062,1.113,-1.212,-0.107,-11.307
1744992809.00,-1,0.312,0.631,1.298,12,-0.215,-0.094,0.143,20,1.019,1.298,0.087,-0.054,0.21,0.82,0.045,-0.062,1.113,-1.212,-0.107,-11.307
1744992809.00,-1,0.313,0.633,1.296,12,-0.215,-0.094,0.143,20,1.019,1.296,0.087,-0.056,0.21,0.82,0.030,-0.061,1.047,1.992,2.701,-11.429
1744992809.01,-1,0.313,0.633,1.296,12,-0.215,-0.094,0.143,20,1.019,1.296,0.087,-0.056,0.21,0.82,0.030,-0.061,1.047,1.992,2.701,-11.429
1744992809.03,-1,0.313,0.635,1.296,12,-0.215,-0.094,0.113,20,1.023,1.296,0.091,-0.056,0.21,0.82,-0.045,0.019,1.038,0.649,3.860,-10.818
1744992809.03,-1,0.314,0.636,1.295,12,-0.215,-0.094,0.113,20,1.023,1.295,0.091,-0.057,0.21,0.82,-0.053,-0.022,0.848,-3.196,-2.945,-10.574
1744992809.03,-1,0.314,0.637,1.295,12,-0.215,-0.094,0.100,20,1.026,1.295,0.094,-0.057,0.17,0.83,-0.053,-0.022,0.848,-3.196,-2.945,-10.574
1744992809.04,-1,0.315,0.639,1.294,12,-0.215,-0.094,0.100,20,1.026,1.294,0.094,-0.058,0.17,0.83,0.023,0.031,1.080,1.382,-4.105,-11.002
1744992809.04,-1,0.315,0.639,1.294,12,-0.215,-0.094,0.100,20,1.026,1.294,0.094,-0.058,0.17,0.83,0.023,0.031,1.080,1.382,-4.105,-11.002
1744992809.04,-1,0.315,0.641,1.294,12,-0.215,-0.094,0.091,20,1.029,1.294,0.097,-0.058,0.17,0.83,0.040,0.013,0.986,-3.990,2.457,-8.865
1744992809.05,-1,0.316,0.643,1.292,12,-0.215,-0.094,0.091,20,1.029,1.292,0.097,-0.060,0.17,0.83,-0.012,0.006,1.004,-2.159,1.297,-9.354
1744992809.05,-1,0.316,0.644,1.292,12,-0.215,-0.094,0.087,20,1.033,1.292,0.101,-0.060,0.15,0.86,-0.012,0.006,1.004,-2.159,1.297,-9.354
1744992809.06,-1,0.316,0.646,1.292,12,-0.215,-0.094,0.087,20,1.033,1.292,0.101,-0.060,0.15,0.86,-0.043,-0.026,1.098,-1.029,-0.900,-8.316
1744992809.06,-1,0.316,0.646,1.292,12,-0.215,-0.094,0.087,20,1.033,1.292,0.101,-0.060,0.15,0.86,-0.043,-0.026,1.098,-1.029,-0.900,-8.316
1744992809.07,-1,0.317,0.648,1.291,12,-0.215,-0.094,0.083,20,1.036,1.291,0.104,-0.061,0.15,0.86,0.005,-0.083,0.970,-1.548,-1.328,-7.034
# remark: robobot/cmd/ti/rc 0.0 0.0
1744992809.08,-1,0.317,0.649,1.291,12,-0.215,-0.094,0.083,20,1.036,1.291,0.104,-0.061,0.15,0.86,0.023,-0.023,0.937,-1.884,0.290,-6.851
1744992809.08,-1,0.318,0.650,1.290,12,-0.215,-0.094,0.061,20,1.039,1.290,0.107,-0.062,0.14,0.86,0.023,-0.023,0.937,-1.884,0.290,-6.851
1744992809.09,-1,0.318,0.652,1.290,12,-0.215,-0.094,0.061,20,1.039,1.290,0.107,-0.062,0.14,0.86,-0.068,-0.061,0.899,-2.250,-0.595,-6.454
1744992809.09,-1,0.318,0.652,1.290,12,-0.215,-0.094,0.061,20,1.039,1.290,0.107,-0.062,0.14,0.86,-0.068,-0.061,0.899,-2.250,-0.595,-6.454
1744992809.12,-1,0.319,0.653,1.290,12,-0.215,-0.094,0.074,20,1.042,1.290,0.110,-0.062,0.14,0.86,0.016,-0.001,1.049,-0.144,-0.992,-6.851
1744992809.12,-1,0.319,0.654,1.292,12,-0.215,-0.094,0.074,20,1.042,1.292,0.110,-0.060,0.14,0.86,-0.107,-0.046,1.130,-1.029,4.745,-6.882
1744992809.12,-1,0.319,0.654,1.293,12,-0.215,-0.094,-0.017,20,1.045,1.293,0.113,-0.059,0.14,1.01,-0.107,-0.046,1.130,-1.029,4.745,-6.882
1744992809.14,-1,0.319,0.655,1.298,12,-0.215,-0.094,-0.017,20,1.045,1.298,0.113,-0.054,0.14,1.01,-0.434,-0.274,1.058,10.903,11.124,2.182
1744992809.14,-1,0.319,0.655,1.298,12,-0.215,-0.094,-0.017,20,1.045,1.298,0.113,-0.054,0.14,1.01,-0.434,-0.274,1.058,10.903,11.124,2.182
1744992809.14,-1,0.319,0.655,1.300,12,-0.215,-0.094,-0.187,20,1.046,1.300,0.114,-0.052,0.14,1.01,-0.417,-0.430,0.719,-7.133,-0.443,16.831
1744992809.14,-1,0.319,0.656,1.303,12,-0.215,-0.094,-0.187,20,1.046,1.303,0.114,-0.049,0.14,1.01,-0.448,-0.319,0.891,-3.349,2.426,32.425
1744992809.15,-1,0.319,0.656,1.304,12,-0.215,-0.094,-0.200,20,1.047,1.304,0.115,-0.047,0.16,1.15,-0.448,-0.319,0.891,-3.349,2.426,32.425
1744992809.15,-1,0.320,0.657,1.311,12,-0.215,-0.094,-0.200,20,1.047,1.311,0.115,-0.041,0.16,1.15,-0.361,-0.258,0.857,10.995,18.173,51.621
1744992809.15,-1,0.320,0.657,1.311,12,-0.215,-0.094,-0.200,20,1.047,1.311,0.115,-0.041,0.16,1.15,-0.361,-0.258,0.857,10.995,18.173,51.621
1744992809.17,-1,0.320,0.657,1.316,12,-0.215,-0.094,-0.522,20,1.048,1.316,0.116,-0.036,0.16,1.15,-0.412,-0.343,0.838,-5.088,0.748,45.670
1744992809.17,-1,0.320,0.658,1.316,12,-0.215,-0.094,-0.522,20,1.048,1.316,0.116,-0.036,0.16,1.15,-0.230,-0.010,0.965,4.494,-11.856,52.048
1744992809.17,-1,0.320,0.658,1.317,12,-0.215,-0.094,-0.478,20,1.050,1.317,0.117,-0.035,0.20,1.11,-0.230,-0.010,0.965,4.494,-11.856,52.048
1744992809.18,-1,0.320,0.658,1.318,12,-0.215,-0.094,-0.478,20,1.050,1.318,0.117,-0.034,0.20,1.11,-0.212,0.070,0.900,6.112,-5.753,43.289
1744992809.18,-1,0.320,0.658,1.318,12,-0.215,-0.094,-0.478,20,1.050,1.318,0.117,-0.034,0.20,1.11,-0.212,0.070,0.900,6.112,-5.753,43.289
1744992809.20,-1,0.320,0.658,1.319,12,-0.215,-0.094,-0.252,20,1.050,1.319,0.118,-0.032,0.20,1.11,-0.159,0.351,0.883,-0.236,-2.213,29.923
1744992809.20,-1,0.320,0.658,1.321,12,-0.215,-0.094,-0.252,20,1.050,1.321,0.118,-0.031,0.20,1.11,-0.152,0.326,1.597,2.297,-4.776,14.542
1744992809.20,-1,0.320,0.658,1.322,12,-0.215,-0.094,-0.117,20,1.051,1.322,0.119,-0.030,0.24,0.90,-0.152,0.326,1.597,2.297,-4.776,14.542
1744992809.22,-1,0.320,0.658,1.323,12,-0.215,-0.094,-0.117,20,1.051,1.323,0.119,-0.029,0.24,0.90,0.001,0.213,0.906,3.914,-5.264,9.934
1744992809.22,-1,0.320,0.658,1.323,12,-0.215,-0.094,-0.117,20,1.051,1.323,0.119,-0.029,0.24,0.90,0.001,0.213,0.906,3.914,-5.264,9.934
1744992809.23,-1,0.320,0.658,1.325,12,-0.215,-0.094,-0.165,20,1.051,1.325,0.119,-0.027,0.24,0.90,-0.000,0.223,0.775,-1.823,0.992,4.868
1744992809.23,-1,0.320,0.658,1.327,12,-0.215,-0.094,-0.165,20,1.051,1.327,0.119,-0.025,0.24,0.90,-0.080,0.050,1.015,-0.968,0.778,7.187
1744992809.24,-1,0.320,0.657,1.328,12,-0.215,-0.094,-0.209,20,1.051,1.328,0.119,-0.024,0.32,0.79,-0.080,0.050,1.015,-0.968,0.778,7.187
1744992809.24,-1,0.320,0.657,1.329,12,-0.215,-0.094,-0.209,20,1.051,1.329,0.119,-0.023,0.32,0.79,-0.043,0.020,0.774,0.283,-2.060,11.032
1744992809.25,-1,0.320,0.657,1.329,12,-0.215,-0.094,-0.209,20,1.051,1.329,0.119,-0.023,0.32,0.79,-0.043,0.020,0.774,0.283,-2.060,11.032
1744992809.26,-1,0.320,0.657,1.330,12,-0.215,-0.094,-0.257,20,1.051,1.330,0.119,-0.022,0.32,0.79,0.146,0.044,1.219,-6.278,-1.663,7.645
1744992809.26,-1,0.320,0.657,1.330,12,-0.215,-0.094,-0.257,20,1.051,1.330,0.119,-0.022,0.32,0.79,0.112,-0.016,1.087,0.619,0.931,-0.412
1744992809.26,-1,0.320,0.657,1.330,12,-0.215,-0.094,-0.243,20,1.051,1.330,0.119,-0.022,0.40,0.73,0.112,-0.016,1.087,0.619,0.931,-0.412
1744992809.28,-1,0.320,0.657,1.329,12,-0.215,-0.094,-0.243,20,1.051,1.329,0.119,-0.023,0.40,0.73,0.112,-0.056,0.818,2.968,-1.389,-6.546
1744992809.28,-1,0.320,0.657,1.329,12,-0.215,-0.094,-0.243,20,1.051,1.329,0.119,-0.023,0.40,0.73,0.112,-0.056,0.818,2.968,-1.389,-6.546
1744992809.29,-1,0.320,0.657,1.329,12,-0.215,-0.094,-0.187,20,1.051,1.329,0.119,-0.023,0.40,0.73,0.069,-0.124,0.856,-3.501,-1.968,-10.117
1744992809.29,-1,0.320,0.657,1.329,12,-0.215,-0.094,-0.187,20,1.051,1.329,0.119,-0.023,0.40,0.73,0.072,-0.062,1.125,1.961,1.144,-11.856
1744992809.30,-1,0.320,0.657,1.328,12,-0.215,-0.094,-0.117,20,1.051,1.328,0.118,-0.024,0.39,0.68,0.072,-0.062,1.125,1.961,1.144,-11.856
1744992809.31,-1,0.320,0.656,1.325,12,-0.215,-0.094,-0.117,20,1.051,1.325,0.118,-0.027,0.39,0.68,0.009,-0.046,1.014,4.342,0.992,-9.994
1744992809.31,-1,0.320,0.656,1.325,12,-0.215,-0.094,-0.117,20,1.051,1.325,0.118,-0.027,0.39,0.68,0.009,-0.046,1.014,4.342,0.992,-9.994
1744992809.31,-1,0.320,0.656,1.324,12,-0.215,-0.094,-0.022,20,1.050,1.324,0.118,-0.028,0.39,0.68,0.008,0.039,0.966,-0.175,-0.595,-7.126
1744992809.32,-1,0.320,0.656,1.324,12,-0.215,-0.094,-0.022,20,1.050,1.324,0.118,-0.028,0.39,0.65,0.013,0.068,0.958,-1.396,0.412,-3.006
1744992809.34,-1,0.320,0.656,1.324,12,-0.215,-0.094,0.057,20,1.050,1.324,0.118,-0.028,0.39,0.65,0.013,0.068,0.958,-1.396,0.412,-3.006
1744992809.34,-1,0.320,0.656,1.324,12,-0.215,-0.094,0.057,20,1.050,1.324,0.118,-0.028,0.39,0.65,0.023,0.076,0.917,2.419,-0.259,-0.259
1744992809.34,-1,0.320,0.656,1.324,12,-0.215,-0.094,0.057,20,1.050,1.324,0.118,-0.028,0.39,0.65,0.023,0.076,0.917,2.419,-0.259,-0.259
1744992809.35,-1,0.320,0.656,1.324,12,-0.215,-0.094,0.061,20,1.050,1.324,0.117,-0.028,0.39,0.65,0.073,-0.028,0.951,-3.684,-2.975,3.586
1744992809.35,-1,0.319,0.656,1.325,12,-0.215,-0.094,0.061,20,1.050,1.325,0.117,-0.027,0.38,0.69,0.122,-0.049,1.106,-2.921,0.595,6.088
1744992809.36,-1,0.319,0.656,1.325,12,-0.215,-0.094,0.057,20,1.049,1.325,0.117,-0.027,0.38,0.69,0.122,-0.049,1.106,-2.921,0.595,6.088
1744992809.38,-1,0.319,0.656,1.328,12,-0.215,-0.094,0.057,20,1.049,1.328,0.117,-0.024,0.38,0.69,0.108,-0.050,0.969,2.206,2.640,4.746
1744992809.38,-1,0.319,0.656,1.328,12,-0.215,-0.094,0.057,20,1.049,1.328,0.117,-0.024,0.38,0.69,0.108,-0.050,0.969,2.206,2.640,4.746
1744992809.38,-1,0.319,0.656,1.329,12,-0.215,-0.094,0.035,20,1.049,1.329,0.117,-0.023,0.38,0.69,0.104,-0.100,0.859,0.100,-1.083,4.196
1744992809.38,-1,0.319,0.656,1.329,12,-0.215,-0.094,0.035,20,1.049,1.329,0.117,-0.023,0.36,0.68,0.106,-0.050,1.009,-2.647,0.778,2.121
1744992809.39,-1,0.319,0.656,1.329,12,-0.215,-0.094,0.017,20,1.049,1.329,0.117,-0.023,0.36,0.68,0.106,-0.050,1.009,-2.647,0.778,2.121
1744992809.40,-1,0.319,0.656,1.329,12,-0.215,-0.094,0.017,20,1.049,1.329,0.117,-0.023,0.36,0.68,0.123,-0.009,0.939,2.846,1.419,-2.243
1744992809.40,-1,0.319,0.656,1.329,12,-0.215,-0.094,0.017,20,1.049,1.329,0.117,-0.023,0.36,0.68,0.123,-0.009,0.939,2.846,1.419,-2.243
1744992809.42,-1,0.319,0.656,1.329,12,-0.215,-0.094,0.009,20,1.049,1.329,0.117,-0.023,0.36,0.68,0.092,-0.011,0.923,0.466,-1.389,-4.867
1744992809.42,-1,0.319,0.656,1.329,12,-0.215,-0.094,0.009,20,1.049,1.329,0.117,-0.023,0.35,0.87,0.067,0.031,1.077,0.649,0.961,-6.729
1744992809.42,-1,0.319,0.656,1.329,12,-0.215,-0.094,0.000,20,1.049,1.329,0.116,-0.023,0.35,0.87,0.067,0.031,1.077,0.649,0.961,-6.729
1744992809.44,-1,0.319,0.656,1.329,12,-0.215,-0.094,0.000,20,1.049,1.329,0.116,-0.023,0.35,0.87,0.032,0.027,0.964,2.389,1.175,-5.295
1744992809.44,-1,0.319,0.656,1.329,12,-0.215,-0.094,0.000,20,1.049,1.329,0.116,-0.023,0.35,0.87,0.032,0.027,0.964,2.389,1.175,-5.295
1744992809.44,-1,0.319,0.656,1.329,12,-0.215,-0.094,-0.004,20,1.048,1.329,0.116,-0.023,0.35,0.87,-0.007,0.000,0.890,-0.633,-0.015,-2.609
1744992809.44,-1,0.319,0.656,1.329,12,-0.215,-0.094,-0.004,20,1.048,1.329,0.116,-0.023,0.34,0.90,-0.001,-0.016,0.959,-1.273,0.137,1.511
1744992809.44,-1,0.319,0.656,1.329,12,-0.215,-0.094,-0.009,20,1.048,1.329,0.116,-0.023,0.34,0.90,-0.001,-0.016,0.959,-1.273,0.137,1.511
1744992809.46,-1,0.319,0.656,1.329,12,-0.215,-0.094,-0.009,20,1.048,1.329,0.116,-0.023,0.34,0.90,-0.017,-0.037,0.960,0.435,-0.137,5.112
1744992809.46,-1,0.319,0.656,1.329,12,-0.215,-0.094,-0.009,20,1.048,1.329,0.116,-0.023,0.34,0.90,-0.017,-0.037,0.960,0.435,-0.137,5.112
1744992809.47,-1,0.319,0.656,1.329,12,-0.215,-0.094,-0.013,20,1.048,1.329,0.116,-0.023,0.34,0.90,0.029,-0.058,1.023,-2.586,-0.229,6.729
1744992809.47,-1,0.319,0.656,1.329,12,-0.215,-0.094,-0.013,20,1.048,1.329,0.116,-0.023,0.33,0.91,0.051,-0.044,1.011,-1.060,0.687,5.661
1744992809.48,-1,0.319,0.656,1.329,12,-0.215,-0.094,-0.013,20,1.048,1.329,0.116,-0.023,0.33,0.91,0.051,-0.044,1.011,-1.060,0.687,5.661
1744992809.48,-1,0.319,0.656,1.329,12,-0.215,-0.094,-0.013,20,1.048,1.329,0.116,-0.023,0.33,0.91,0.074,-0.016,0.932,1.382,0.595,2.792
1744992809.49,-1,0.319,0.656,1.329,12,-0.215,-0.094,-0.013,20,1.048,1.329,0.116,-0.023,0.33,0.91,0.074,-0.016,0.932,1.382,0.595,2.792
# remark: robobot/cmd/ti/alive 2025-04-18 18:13:08.652491
1744992809.49,-1,0.319,0.656,1.329,12,-0.215,-0.094,-0.013,20,1.048,1.329,0.116,-0.023,0.33,0.91,0.045,-0.017,0.895,-0.877,-0.137,-0.076
1744992809.50,-1,0.319,0.656,1.329,12,-0.215,-0.094,-0.013,20,1.048,1.329,0.116,-0.023,0.32,1.19,0.018,-0.014,1.070,1.412,0.351,-2.945
1744992809.51,-1,0.319,0.656,1.328,12,-0.215,-0.094,0.000,20,1.048,1.328,0.116,-0.024,0.32,1.19,0.018,-0.014,1.070,1.412,0.351,-2.945
1744992809.51,-1,0.319,0.656,1.329,12,-0.215,-0.094,0.000,20,1.048,1.329,0.116,-0.023,0.32,1.19,-0.011,-0.012,1.013,1.473,1.450,-2.975
1744992809.52,-1,0.319,0.656,1.329,12,-0.215,-0.094,0.000,20,1.048,1.329,0.116,-0.023,0.32,1.19,-0.011,-0.012,1.013,1.473,1.450,-2.975
1744992809.52,-1,0.319,0.656,1.329,12,-0.215,-0.094,-0.004,20,1.048,1.329,0.116,-0.023,0.32,1.19,-0.022,-0.002,0.916,-0.388,0.076,-1.175
1744992809.53,-1,0.319,0.656,1.329,12,-0.215,-0.094,-0.004,20,1.048,1.329,0.116,-0.023,0.37,1.34,-0.031,0.000,0.934,-0.205,-0.137,1.938
1744992809.54,-1,0.319,0.656,1.329,12,-0.215,-0.094,-0.004,20,1.048,1.329,0.116,-0.023,0.37,1.34,-0.031,0.000,0.934,-0.205,-0.137,1.938
1744992809.54,-1,0.319,0.656,1.329,12,-0.215,-0.094,-0.004,20,1.048,1.329,0.116,-0.023,0.37,1.34,-0.007,0.000,0.925,-0.816,0.168,3.464
1744992809.54,-1,0.319,0.656,1.329,12,-0.215,-0.094,-0.004,20,1.048,1.329,0.116,-0.023,0.37,1.34,-0.007,0.000,0.925,-0.816,0.168,3.464
1744992809.56,-1,0.319,0.656,1.329,12,-0.215,-0.094,-0.004,20,1.048,1.329,0.116,-0.023,0.37,1.34,0.035,0.015,1.030,-1.853,-0.992,2.853
1744992809.56,-1,0.319,0.656,1.329,12,-0.215,-0.094,-0.004,20,1.048,1.329,0.116,-0.023,0.39,1.33,0.055,-0.012,1.028,-0.053,0.443,-0.046
1744992809.57,-1,0.319,0.656,1.329,12,-0.215,-0.094,-0.004,20,1.048,1.329,0.116,-0.023,0.39,1.33,0.055,-0.012,1.028,-0.053,0.443,-0.046
1744992809.58,-1,0.319,0.656,1.329,12,-0.215,-0.094,-0.004,20,1.048,1.329,0.116,-0.023,0.39,1.33,0.046,-0.045,0.922,-0.053,0.687,-2.365
1744992809.58,-1,0.319,0.656,1.329,12,-0.215,-0.094,-0.004,20,1.048,1.329,0.116,-0.023,0.39,1.33,0.046,-0.045,0.922,-0.053,0.687,-2.365
1744992809.58,-1,0.319,0.656,1.329,12,-0.215,-0.094,-0.004,20,1.048,1.329,0.115,-0.023,0.39,1.33,0.000,-0.073,0.957,1.107,-0.015,-2.365
1744992809.59,-1,0.319,0.656,1.329,12,-0.215,-0.094,-0.004,20,1.048,1.329,0.115,-0.023,0.39,1.16,-0.004,-0.052,0.983,1.168,0.412,-1.144
1744992809.59,-1,0.319,0.656,1.329,12,-0.215,-0.094,-0.004,20,1.048,1.329,0.115,-0.023,0.39,1.16,-0.004,-0.052,0.983,1.168,0.412,-1.144
1744992809.61,-1,0.319,0.656,1.329,12,-0.215,-0.094,-0.004,20,1.048,1.329,0.115,-0.023,0.39,1.16,0.012,0.005,0.971,0.100,-0.198,-0.046
1744992809.61,-1,0.319,0.656,1.329,12,-0.215,-0.094,-0.004,20,1.048,1.329,0.115,-0.023,0.39,1.16,0.012,0.005,0.971,0.100,-0.198,-0.046
1744992809.61,-1,0.319,0.656,1.329,12,-0.215,-0.094,-0.004,20,1.048,1.329,0.115,-0.023,0.39,1.16,0.040,0.050,0.976,0.527,-0.015,-0.473
1744992809.63,-1,0.319,0.656,1.329,12,-0.215,-0.094,-0.004,20,1.048,1.329,0.115,-0.023,0.41,1.18,0.048,0.044,0.930,-0.663,-0.168,-1.083
1744992809.63,-1,0.319,0.656,1.329,12,-0.215,-0.094,-0.004,20,1.048,1.329,0.115,-0.023,0.41,1.18,0.048,0.044,0.930,-0.663,-0.168,-1.083
1744992809.63,-1,0.319,0.656,1.329,12,-0.215,-0.094,-0.004,20,1.048,1.329,0.115,-0.023,0.41,1.18,0.035,0.003,0.968,-0.877,-0.015,-1.297
1744992809.63,-1,0.319,0.656,1.329,12,-0.215,-0.094,-0.004,20,1.048,1.329,0.115,-0.023,0.41,1.18,0.035,0.003,0.968,-0.877,-0.015,-1.297
1744992809.65,-1,0.319,0.656,1.329,12,-0.215,-0.094,-0.004,20,1.048,1.329,0.115,-0.023,0.41,1.18,0.031,-0.043,1.000,-0.572,0.259,-0.687
1744992809.66,-1,0.319,0.656,1.329,12,-0.215,-0.094,-0.004,20,1.048,1.329,0.115,-0.023,0.40,1.23,0.025,-0.077,0.973,-0.419,0.626,0.076
1744992809.66,-1,0.319,0.656,1.329,12,-0.215,-0.094,-0.004,20,1.047,1.329,0.115,-0.023,0.40,1.23,0.025,-0.077,0.973,-0.419,0.626,0.076
1744992809.67,-1,0.319,0.656,1.329,12,-0.215,-0.094,-0.004,20,1.047,1.329,0.115,-0.023,0.40,1.23,0.032,-0.067,0.964,0.497,-0.107,0.687
1744992809.67,-1,0.319,0.656,1.329,12,-0.215,-0.094,-0.004,20,1.047,1.329,0.115,-0.023,0.40,1.23,0.032,-0.067,0.964,0.497,-0.107,0.687
1744992809.67,-1,0.319,0.656,1.329,12,-0.215,-0.094,-0.004,20,1.047,1.329,0.115,-0.023,0.40,1.23,0.040,-0.040,0.964,0.649,-0.320,0.809
1744992809.68,-1,0.319,0.656,1.329,12,-0.215,-0.094,-0.004,20,1.047,1.329,0.115,-0.023,0.38,1.11,0.042,0.011,0.961,0.710,-0.137,-0.015
1744992809.69,-1,0.319,0.656,1.329,12,-0.215,-0.094,-0.004,20,1.047,1.329,0.115,-0.023,0.38,1.11,0.042,0.011,0.961,0.710,-0.137,-0.015
1744992809.69,-1,0.319,0.656,1.329,12,-0.215,-0.094,-0.004,20,1.047,1.329,0.115,-0.023,0.38,1.11,0.046,0.036,0.961,0.252,0.198,-1.083
1744992809.69,-1,0.319,0.656,1.329,12,-0.215,-0.094,-0.004,20,1.047,1.329,0.115,-0.023,0.38,1.11,0.046,0.036,0.961,0.252,0.198,-1.083
1744992809.71,-1,0.319,0.656,1.329,12,-0.215,-0.094,0.000,20,1.047,1.329,0.115,-0.023,0.38,1.11,0.039,0.031,0.976,0.039,0.443,-1.480
1744992809.71,-1,0.319,0.656,1.329,12,-0.215,-0.094,0.000,20,1.047,1.329,0.115,-0.023,0.38,1.15,0.031,-0.003,0.974,-0.541,0.595,-1.236
1744992809.72,-1,0.319,0.656,1.329,12,-0.215,-0.094,0.000,20,1.047,1.329,0.115,-0.023,0.38,1.15,0.031,-0.003,0.974,-0.541,0.595,-1.236
1744992809.73,-1,0.319,0.656,1.329,12,-0.215,-0.094,0.000,20,1.047,1.329,0.115,-0.023,0.38,1.15,0.025,-0.042,0.971,-0.450,-0.168,-0.137
1744992809.73,-1,0.319,0.656,1.329,12,-0.215,-0.094,0.000,20,1.047,1.329,0.115,-0.023,0.38,1.15,0.025,-0.042,0.971,-0.450,-0.168,-0.137
1744992809.74,-1,0.319,0.656,1.329,12,-0.215,-0.094,0.000,20,1.047,1.329,0.115,-0.023,0.38,1.15,0.019,-0.063,0.963,-0.511,-0.290,1.206
1744992809.74,-1,0.319,0.656,1.329,12,-0.215,-0.094,0.000,20,1.047,1.329,0.115,-0.023,0.39,1.25,0.028,-0.054,0.969,0.069,0.015,1.602
1744992809.75,-1,0.319,0.656,1.329,12,-0.215,-0.094,0.000,20,1.047,1.329,0.115,-0.023,0.39,1.25,0.028,-0.054,0.969,0.069,0.015,1.602
1744992809.76,-1,0.319,0.656,1.329,12,-0.215,-0.094,0.000,20,1.047,1.329,0.115,-0.023,0.39,1.25,0.041,-0.029,0.978,0.344,0.443,1.358
1744992809.76,-1,0.319,0.656,1.329,12,-0.215,-0.094,0.000,20,1.047,1.329,0.115,-0.023,0.39,1.25,0.041,-0.029,0.978,0.344,0.443,1.358
1744992809.77,-1,0.319,0.656,1.329,12,-0.215,-0.094,0.000,20,1.047,1.329,0.115,-0.023,0.39,1.25,0.052,0.006,0.989,0.405,0.320,0.473
1744992809.77,-1,0.319,0.656,1.329,12,-0.215,-0.094,0.000,20,1.047,1.329,0.115,-0.023,0.36,1.15,0.051,0.022,0.964,0.405,0.046,-0.992
1744992809.78,-1,0.319,0.656,1.329,12,-0.215,-0.094,0.000,20,1.047,1.329,0.115,-0.023,0.36,1.15,0.051,0.022,0.964,0.405,0.046,-0.992
1744992809.79,-1,0.319,0.656,1.329,12,-0.215,-0.094,0.000,20,1.047,1.329,0.115,-0.023,0.36,1.15,0.037,0.014,0.953,-0.175,-0.290,-1.816
1744992809.80,-1,0.319,0.656,1.329,12,-0.215,-0.094,0.000,20,1.047,1.329,0.115,-0.023,0.36,1.15,0.037,0.014,0.953,-0.175,-0.290,-1.816
1744992809.80,-1,0.319,0.656,1.329,12,-0.215,-0.094,0.000,20,1.047,1.329,0.115,-0.023,0.36,1.15,0.021,-0.006,0.962,-0.388,0.259,-1.236
1744992809.81,-1,0.319,0.656,1.329,12,-0.215,-0.094,0.000,20,1.047,1.329,0.115,-0.023,0.35,1.14,0.021,-0.034,0.985,-0.175,0.351,-0.351
1744992809.81,-1,0.319,0.656,1.329,12,-0.215,-0.094,-0.004,20,1.047,1.329,0.115,-0.023,0.35,1.14,0.021,-0.034,0.985,-0.175,0.351,-0.351
1744992809.82,-1,0.319,0.656,1.329,12,-0.215,-0.094,-0.004,20,1.047,1.329,0.115,-0.023,0.35,1.14,0.019,-0.047,0.981,-0.480,0.534,1.144
1744992809.82,-1,0.319,0.656,1.329,12,-0.215,-0.094,-0.004,20,1.047,1.329,0.115,-0.023,0.35,1.14,0.019,-0.047,0.981,-0.480,0.534,1.144
1744992809.82,-1,0.319,0.656,1.329,12,-0.215,-0.094,-0.013,20,1.047,1.329,0.115,-0.023,0.35,1.14,0.033,-0.035,0.951,-0.205,-0.534,2.029
1744992809.84,-1,0.319,0.656,1.329,12,-0.215,-0.094,-0.013,20,1.047,1.329,0.115,-0.023,0.37,1.14,0.045,-0.021,0.969,0.191,-0.290,1.816
1744992809.84,-1,0.319,0.656,1.329,12,-0.215,-0.094,-0.013,20,1.047,1.329,0.115,-0.023,0.37,1.14,0.045,-0.021,0.969,0.191,-0.290,1.816
1744992809.84,-1,0.319,0.656,1.329,12,-0.215,-0.094,-0.013,20,1.047,1.329,0.115,-0.023,0.37,1.14,0.045,0.001,0.976,-0.022,0.229,0.320
1744992809.84,-1,0.319,0.656,1.329,12,-0.215,-0.094,-0.013,20,1.047,1.329,0.115,-0.023,0.37,1.14,0.045,0.001,0.976,-0.022,0.229,0.320
1744992809.86,-1,0.319,0.656,1.329,12,-0.215,-0.094,-0.013,20,1.047,1.329,0.115,-0.023,0.37,1.14,0.027,0.002,0.986,0.619,0.778,-0.748
1744992809.86,-1,0.319,0.656,1.329,12,-0.215,-0.094,-0.013,20,1.047,1.329,0.115,-0.023,0.39,1.14,0.012,-0.014,0.973,0.130,0.748,-0.442
1744992809.88,-1,0.319,0.656,1.329,12,-0.215,-0.094,-0.009,20,1.047,1.329,0.115,-0.023,0.39,1.14,0.012,-0.014,0.973,0.130,0.748,-0.442
1744992809.88,-1,0.319,0.656,1.329,12,-0.215,-0.094,-0.009,20,1.047,1.329,0.115,-0.023,0.39,1.14,0.004,-0.018,0.958,-0.205,-0.015,-0.076
1744992809.88,-1,0.319,0.656,1.329,12,-0.215,-0.094,-0.009,20,1.047,1.329,0.115,-0.023,0.39,1.14,0.004,-0.018,0.958,-0.205,-0.015,-0.076
1744992809.89,-1,0.319,0.656,1.329,12,-0.215,-0.094,0.004,20,1.047,1.329,0.115,-0.023,0.39,1.14,0.016,-0.013,0.966,0.069,-0.565,0.748
1744992809.89,-1,0.319,0.656,1.329,12,-0.215,-0.094,0.004,20,1.047,1.329,0.115,-0.023,0.36,1.16,0.033,-0.000,0.976,-0.358,-0.473,0.290
# remark: robobot/cmd/ti/rc 0.0 0.0
# remark: robobot/cmd/T0/leds 16 0 0 0
1744992809.91,-1,0.319,0.656,1.329,12,-0.215,-0.094,0.004,20,1.047,1.329,0.115,-0.023,0.36,1.16,0.033,-0.000,0.976,-0.358,-0.473,0.290
1744992809.91,-1,0.319,0.656,1.329,12,-0.215,-0.094,0.004,20,1.047,1.329,0.115,-0.023,0.36,1.16,0.037,-0.009,0.969,-0.053,-0.015,-0.778
1744992809.91,-1,0.319,0.656,1.329,12,-0.215,-0.094,0.004,20,1.047,1.329,0.115,-0.023,0.36,1.16,0.037,-0.009,0.969,-0.053,-0.015,-0.778
1744992809.91,-1,0.319,0.656,1.329,12,-0.215,-0.094,0.004,20,1.047,1.329,0.115,-0.023,0.36,1.16,0.038,-0.021,0.967,-0.022,0.137,-1.999
1744992809.92,-1,0.319,0.656,1.329,12,-0.215,-0.094,0.004,20,1.047,1.329,0.115,-0.023,0.37,1.05,0.029,-0.030,0.975,0.161,0.412,-1.663
1744992809.93,-1,0.319,0.656,1.329,12,-0.215,-0.094,0.004,20,1.047,1.329,0.115,-0.023,0.37,1.05,0.029,-0.030,0.975,0.161,0.412,-1.663
1744992809.94,-1,0.319,0.656,1.329,12,-0.215,-0.094,0.004,20,1.047,1.329,0.115,-0.023,0.37,1.05,0.024,-0.034,0.974,0.100,-0.443,-0.778
1744992809.94,-1,0.319,0.656,1.329,12,-0.215,-0.094,0.004,20,1.047,1.329,0.115,-0.023,0.37,1.05,0.024,-0.034,0.974,0.100,-0.443,-0.778
1744992809.95,-1,0.319,0.656,1.329,12,-0.215,-0.094,0.004,20,1.047,1.329,0.115,-0.023,0.37,1.05,0.021,-0.022,0.967,0.283,-0.534,0.198
1744992809.95,-1,0.319,0.656,1.329,12,-0.215,-0.094,0.004,20,1.047,1.329,0.115,-0.023,0.39,0.97,0.031,-0.004,0.966,0.191,0.046,0.382
1744992809.95,-1,0.319,0.656,1.329,12,-0.215,-0.094,0.004,20,1.047,1.329,0.115,-0.023,0.39,0.97,0.031,-0.004,0.966,0.191,0.046,0.382
1744992809.97,-1,0.319,0.656,1.329,12,-0.215,-0.094,0.004,20,1.047,1.329,0.115,-0.023,0.39,0.97,0.037,0.003,0.962,-0.053,0.320,0.595
1744992809.97,-1,0.319,0.656,1.329,12,-0.215,-0.094,0.004,20,1.047,1.329,0.115,-0.023,0.39,0.97,0.037,0.003,0.962,-0.053,0.320,0.595
1744992809.99,-1,0.319,0.656,1.329,12,-0.215,-0.094,0.004,20,1.047,1.329,0.115,-0.023,0.39,0.97,0.040,-0.002,0.980,-0.022,0.076,0.229
1744992809.99,-1,0.319,0.656,1.329,12,-0.215,-0.094,0.004,20,1.047,1.329,0.115,-0.023,0.41,0.84,0.037,-0.015,0.971,-0.388,-0.015,-0.259
1744992809.99,-1,0.319,0.656,1.329,12,-0.215,-0.094,0.004,20,1.047,1.329,0.115,-0.023,0.41,0.84,0.037,-0.015,0.971,-0.388,-0.015,-0.259
1744992809.99,-1,0.319,0.656,1.329,12,-0.215,-0.094,0.004,20,1.047,1.329,0.115,-0.023,0.41,0.84,0.035,-0.029,0.945,-0.144,-0.168,-0.503
1744992809.99,-1,0.319,0.656,1.329,12,-0.215,-0.094,0.004,20,1.047,1.329,0.115,-0.023,0.41,0.84,0.029,-0.038,0.971,0.130,0.046,-0.381
1744992810.00,-1,0.319,0.656,1.329,12,-0.215,-0.094,0.004,20,1.047,1.329,0.115,-0.023,0.41,0.84,0.029,-0.038,0.971,0.130,0.046,-0.381
1744992810.01,-1,0.319,0.656,1.329,12,-0.215,-0.094,0.004,20,1.047,1.329,0.115,-0.023,0.42,0.94,0.034,-0.028,0.977,0.039,0.595,-0.137
1744992810.02,-1,0.319,0.656,1.329,12,-0.215,-0.094,0.000,20,1.047,1.329,0.115,-0.023,0.42,0.94,0.034,-0.028,0.977,0.039,0.595,-0.137
# remark: robobot/cmd/ti/alive 2025-04-18 18:13:08.652491
1744992810.03,-1,0.319,0.656,1.329,12,-0.215,-0.094,0.000,20,1.047,1.329,0.115,-0.023,0.42,0.94,0.032,-0.012,0.975,0.191,0.381,0.107
1744992810.03,-1,0.319,0.656,1.329,12,-0.215,-0.094,0.000,20,1.047,1.329,0.115,-0.023,0.42,0.94,0.036,-0.009,0.962,0.344,-0.076,0.198
1744992810.05,-1,0.319,0.656,1.329,12,-0.215,-0.094,0.000,20,1.047,1.329,0.115,-0.023,0.42,0.94,0.036,-0.009,0.962,0.344,-0.076,0.198
1744992810.05,-1,0.319,0.656,1.329,12,-0.215,-0.094,0.000,20,1.047,1.329,0.115,-0.023,0.38,1.00,0.030,-0.004,0.954,-0.083,-0.290,-0.198
1744992810.05,-1,0.319,0.656,1.329,12,-0.215,-0.094,0.000,20,1.047,1.329,0.115,-0.023,0.38,1.00,0.030,-0.004,0.954,-0.083,-0.290,-0.198
1744992810.05,-1,0.319,0.656,1.329,12,-0.215,-0.094,0.000,20,1.047,1.329,0.115,-0.023,0.38,1.00,0.028,-0.009,0.981,-0.144,0.107,0.320
1744992810.06,-1,0.319,0.656,1.329,12,-0.215,-0.094,0.000,20,1.047,1.329,0.115,-0.023,0.38,1.00,0.031,-0.023,0.969,-0.297,0.229,0.198
1744992810.07,-1,0.319,0.656,1.329,12,-0.215,-0.094,0.000,20,1.047,1.329,0.115,-0.023,0.38,1.00,0.031,-0.023,0.969,-0.297,0.229,0.198
1744992810.08,-1,0.319,0.656,1.329,12,-0.215,-0.094,0.000,20,1.047,1.329,0.115,-0.023,0.37,0.98,0.031,-0.027,0.965,0.130,0.381,0.351
1744992810.08,-1,0.319,0.656,1.329,12,-0.215,-0.094,0.000,20,1.047,1.329,0.115,-0.023,0.37,0.98,0.031,-0.027,0.965,0.130,0.381,0.351
1744992810.09,-1,0.319,0.656,1.329,12,-0.215,-0.094,0.000,20,1.047,1.329,0.115,-0.023,0.37,0.98,0.031,-0.027,0.966,-0.266,0.290,0.412
1744992810.09,-1,0.319,0.656,1.329,12,-0.215,-0.094,0.000,20,1.047,1.329,0.115,-0.023,0.37,0.98,0.029,-0.024,0.979,-0.297,0.198,0.168
1744992810.09,-1,0.319,0.656,1.329,12,-0.215,-0.094,0.000,20,1.047,1.329,0.115,-0.023,0.37,0.98,0.029,-0.024,0.979,-0.297,0.198,0.168
1744992810.11,-1,0.319,0.656,1.329,12,-0.215,-0.094,0.000,20,1.047,1.329,0.115,-0.023,0.38,1.24,0.024,-0.009,0.979,-0.022,0.046,0.565
1744992810.11,-1,0.319,0.656,1.329,12,-0.215,-0.094,0.000,20,1.047,1.329,0.115,-0.023,0.38,1.24,0.024,-0.009,0.979,-0.022,0.046,0.565
1744992810.11,-1,0.319,0.656,1.329,12,-0.215,-0.094,0.000,20,1.047,1.329,0.115,-0.023,0.38,1.24,0.028,-0.002,0.958,-0.114,0.107,0.015
1744992810.11,-1,0.319,0.656,1.329,12,-0.215,-0.094,0.000,20,1.047,1.329,0.115,-0.023,0.38,1.24,0.028,-0.004,0.965,-0.175,-0.015,-0.076
1744992810.14,-1,0.319,0.656,1.329,12,-0.215,-0.094,0.000,20,1.047,1.329,0.115,-0.023,0.38,1.24,0.028,-0.004,0.965,-0.175,-0.015,-0.076
1744992810.14,-1,0.319,0.656,1.329,12,-0.215,-0.094,0.000,20,1.047,1.329,0.115,-0.023,0.39,1.24,0.027,-0.014,0.973,-0.083,0.168,-0.137
1744992810.14,-1,0.319,0.656,1.329,12,-0.215,-0.094,0.000,20,1.047,1.329,0.115,-0.023,0.39,1.24,0.027,-0.014,0.973,-0.083,0.168,-0.137
1744992810.14,-1,0.319,0.656,1.329,12,-0.215,-0.094,0.000,20,1.047,1.329,0.115,-0.023,0.39,1.24,0.021,-0.021,0.978,-0.327,-0.046,-0.198
1744992810.14,-1,0.319,0.656,1.329,12,-0.215,-0.094,0.000,20,1.047,1.329,0.115,-0.023,0.39,1.24,0.028,-0.022,0.960,0.008,-0.107,-0.076
1744992810.15,-1,0.319,0.656,1.329,12,-0.215,-0.094,0.000,20,1.047,1.329,0.115,-0.023,0.39,1.24,0.028,-0.022,0.960,0.008,-0.107,-0.076
1744992810.16,-1,0.319,0.656,1.329,12,-0.215,-0.094,0.000,20,1.047,1.329,0.115,-0.023,0.36,1.05,0.034,-0.021,0.958,-0.175,0.168,-0.565
1744992810.17,-1,0.319,0.656,1.329,12,-0.215,-0.094,0.000,20,1.047,1.329,0.115,-0.023,0.36,1.05,0.034,-0.021,0.958,-0.175,0.168,-0.565
1744992810.18,-1,0.319,0.656,1.329,12,-0.215,-0.094,0.000,20,1.047,1.329,0.115,-0.023,0.36,1.05,0.039,-0.018,0.973,-0.144,0.320,-0.534
1744992810.18,-1,0.319,0.656,1.329,12,-0.215,-0.094,0.000,20,1.047,1.329,0.115,-0.023,0.36,1.05,0.033,-0.013,0.973,0.039,0.259,-0.748
1744992810.19,-1,0.319,0.656,1.329,12,-0.215,-0.094,0.000,20,1.047,1.329,0.115,-0.023,0.36,1.05,0.033,-0.013,0.973,0.039,0.259,-0.748
1744992810.20,-1,0.319,0.656,1.329,12,-0.215,-0.094,0.000,20,1.047,1.329,0.115,-0.023,0.36,1.50,0.029,-0.016,0.980,-0.266,0.198,-0.534
1744992810.20,-1,0.319,0.656,1.329,12,-0.215,-0.094,0.000,20,1.047,1.329,0.115,-0.023,0.36,1.50,0.029,-0.016,0.980,-0.266,0.198,-0.534
1744992810.21,-1,0.319,0.656,1.329,12,-0.215,-0.094,0.000,20,1.047,1.329,0.115,-0.023,0.36,1.50,0.028,-0.014,0.968,-0.114,0.412,0.015
1744992810.21,-1,0.319,0.656,1.329,12,-0.215,-0.094,0.000,20,1.047,1.329,0.115,-0.023,0.36,1.50,0.031,-0.016,0.966,-0.114,0.046,0.259
1744992810.21,-1,0.319,0.656,1.329,12,-0.215,-0.094,0.000,20,1.047,1.329,0.115,-0.023,0.36,1.50,0.031,-0.016,0.966,-0.114,0.046,0.259
1744992810.23,-1,0.319,0.656,1.329,12,-0.215,-0.094,0.000,20,1.047,1.329,0.115,-0.023,0.37,1.50,0.036,-0.016,0.977,-0.114,0.137,0.351
1744992810.23,-1,0.319,0.656,1.329,12,-0.215,-0.094,0.000,20,1.047,1.329,0.115,-0.023,0.37,1.50,0.036,-0.016,0.977,-0.114,0.137,0.351
1744992810.25,-1,0.319,0.656,1.329,12,-0.215,-0.094,0.000,20,1.047,1.329,0.115,-0.023,0.37,1.50,0.039,-0.012,0.966,0.161,0.168,0.290
1744992810.25,-1,0.319,0.656,1.329,12,-0.215,-0.094,0.000,20,1.047,1.329,0.115,-0.023,0.37,1.50,0.035,-0.017,0.964,-0.236,0.259,0.015
1744992810.25,-1,0.319,0.656,1.329,12,-0.215,-0.094,0.000,20,1.047,1.329,0.115,-0.023,0.37,1.50,0.035,-0.017,0.964,-0.236,0.259,0.015
1744992810.25,-1,0.319,0.656,1.329,13,-0.215,-0.094,0.000,20,1.047,1.329,0.115,-0.023,0.36,1.50,0.036,-0.017,0.966,-0.053,0.168,-0.259
1744992810.25,-1,0.319,0.656,1.329,13,-0.215,-0.094,0.000,20,1.047,1.329,0.115,-0.023,0.36,1.50,0.036,-0.017,0.966,-0.053,0.168,-0.259
1744992810.27,-1,0.319,0.656,1.329,13,-0.215,-0.094,0.000,20,1.047,1.329,0.115,-0.023,0.36,1.50,0.026,-0.017,0.978,0.008,-0.046,0.290
1744992810.27,-1,0.319,0.656,1.329,13,-0.215,-0.094,0.000,20,1.047,1.329,0.115,-0.023,0.36,1.50,0.025,-0.019,0.960,-0.297,0.381,0.382
1744992810.28,-1,0.319,0.656,1.329,13,-0.215,-0.094,0.000,20,1.047,1.329,0.115,-0.023,0.36,1.50,0.025,-0.019,0.960,-0.297,0.381,0.382
1744992810.28,-1,0.319,0.656,1.329,13,-0.215,-0.094,0.000,20,1.047,1.329,0.115,-0.023,0.37,1.38,0.028,-0.018,0.969,0.008,0.015,0.229
1744992810.29,-1,0.319,0.656,1.329,13,-0.215,-0.094,0.000,20,1.047,1.329,0.115,-0.023,0.37,1.38,0.028,-0.018,0.969,0.008,0.015,0.229
1744992810.29,-1,0.319,0.656,1.329,13,-0.215,-0.094,0.000,20,1.047,1.329,0.115,-0.023,0.37,1.38,0.031,-0.006,0.965,-0.022,0.137,0.443
1744992810.29,-1,0.319,0.656,1.329,13,-0.215,-0.094,0.000,20,1.047,1.329,0.115,-0.023,0.37,1.38,0.031,-0.009,0.973,-0.083,0.229,-0.076
1744992810.31,-1,0.319,0.656,1.329,13,-0.215,-0.094,0.000,20,1.047,1.329,0.115,-0.023,0.37,1.38,0.031,-0.009,0.973,-0.083,0.229,-0.076
1744992810.31,-1,0.319,0.656,1.329,13,-0.215,-0.094,0.000,20,1.047,1.329,0.115,-0.023,0.40,1.44,0.031,-0.020,0.984,-0.114,0.229,-0.351
1744992810.32,-1,0.319,0.656,1.329,13,-0.215,-0.094,0.000,20,1.047,1.329,0.115,-0.023,0.40,1.44,0.031,-0.020,0.984,-0.114,0.229,-0.351
1744992810.32,-1,0.319,0.656,1.329,13,-0.215,-0.094,0.000,20,1.047,1.329,0.115,-0.023,0.40,1.44,0.027,-0.025,0.968,-0.175,0.015,-0.412
1744992810.32,-1,0.319,0.656,1.329,13,-0.215,-0.094,0.000,20,1.047,1.329,0.115,-0.023,0.40,1.44,0.028,-0.024,0.966,0.100,-0.107,-0.107
1744992810.34,-1,0.319,0.656,1.329,13,-0.215,-0.094,0.000,20,1.047,1.329,0.115,-0.023,0.40,1.44,0.028,-0.024,0.966,0.100,-0.107,-0.107
1744992810.34,-1,0.319,0.656,1.329,13,-0.215,-0.094,0.000,20,1.047,1.329,0.115,-0.023,0.39,1.49,0.031,-0.018,0.974,0.100,0.015,-0.015
1744992810.34,-1,0.319,0.656,1.329,13,-0.215,-0.094,0.000,20,1.047,1.329,0.115,-0.023,0.39,1.49,0.031,-0.018,0.974,0.100,0.015,-0.015
1744992810.35,-1,0.319,0.656,1.329,13,-0.215,-0.094,0.000,20,1.047,1.329,0.115,-0.023,0.39,1.49,0.033,-0.008,0.976,0.008,0.076,-0.168
1744992810.35,-1,0.319,0.656,1.329,13,-0.215,-0.094,0.000,20,1.047,1.329,0.115,-0.023,0.39,1.49,0.032,-0.009,0.965,-0.053,-0.137,-0.290
1744992810.36,-1,0.319,0.656,1.329,13,-0.215,-0.094,0.000,20,1.047,1.329,0.115,-0.023,0.39,1.49,0.032,-0.009,0.965,-0.053,-0.137,-0.290
# remark: % State change from 805 to 810
1744992810.37,-1,0.319,0.656,1.329,13,-0.215,-0.094,0.000,20,1.047,1.329,0.115,-0.023,0.38,1.20,0.031,-0.016,0.964,0.191,0.259,-0.351
1744992810.39,-1,0.319,0.656,1.329,13,-0.215,-0.094,0.000,20,1.047,1.329,0.115,-0.023,0.38,1.20,0.031,-0.016,0.964,0.191,0.259,-0.351
1744992810.39,-1,0.319,0.656,1.329,13,-0.215,-0.094,0.000,20,1.047,1.329,0.115,-0.023,0.38,1.20,0.031,-0.019,0.969,-0.022,0.443,-0.259
1744992810.39,-1,0.319,0.656,1.329,13,-0.215,-0.094,0.000,20,1.047,1.329,0.115,-0.023,0.38,1.20,0.034,-0.020,0.979,-0.083,0.015,0.229
1744992810.41,-1,0.319,0.656,1.329,13,-0.215,-0.094,0.000,20,1.047,1.329,0.115,-0.023,0.38,1.20,0.034,-0.020,0.979,-0.083,0.015,0.229
1744992810.41,-1,0.319,0.656,1.329,13,-0.215,-0.094,0.000,20,1.047,1.329,0.115,-0.023,0.37,1.50,0.034,-0.016,0.975,-0.450,0.107,0.015
1744992810.41,-1,0.319,0.656,1.329,13,-0.215,-0.094,0.000,20,1.047,1.329,0.115,-0.023,0.37,1.50,0.034,-0.016,0.975,-0.450,0.107,0.015
1744992810.42,-1,0.319,0.656,1.329,13,-0.215,-0.094,0.000,20,1.047,1.329,0.115,-0.023,0.37,1.50,0.031,-0.016,0.973,-0.022,0.137,0.076
1744992810.42,-1,0.319,0.656,1.329,13,-0.215,-0.094,0.000,20,1.047,1.329,0.115,-0.023,0.37,1.50,0.037,-0.018,0.970,0.008,0.473,-0.076
1744992810.43,-1,0.319,0.656,1.329,13,-0.215,-0.094,0.000,20,1.047,1.329,0.115,-0.023,0.37,1.50,0.037,-0.018,0.970,0.008,0.473,-0.076
1744992810.43,-1,0.319,0.656,1.329,13,-0.215,-0.094,0.000,20,1.047,1.329,0.115,-0.023,0.37,1.50,0.026,-0.018,0.966,0.161,0.168,-0.137
1744992810.44,-1,0.319,0.656,1.329,13,-0.215,-0.094,0.000,20,1.047,1.329,0.115,-0.023,0.37,1.50,0.026,-0.018,0.966,0.161,0.168,-0.137
1744992810.45,-1,0.319,0.656,1.329,13,-0.215,-0.094,0.000,20,1.047,1.329,0.115,-0.023,0.37,1.50,0.025,-0.019,0.964,0.039,0.168,-0.046
1744992810.45,-1,0.319,0.656,1.329,13,-0.215,-0.094,0.000,20,1.047,1.329,0.115,-0.023,0.37,1.50,0.030,-0.011,0.963,-0.205,0.046,0.382
1744992810.46,-1,0.319,0.656,1.329,13,-0.215,-0.094,0.000,20,1.047,1.329,0.115,-0.023,0.37,1.50,0.030,-0.011,0.963,-0.205,0.046,0.382
1744992810.46,-1,0.319,0.656,1.329,13,-0.215,-0.094,0.000,20,1.047,1.329,0.115,-0.023,0.37,1.46,0.025,-0.007,0.980,-0.236,0.381,0.076
1744992810.47,-1,0.319,0.656,1.329,13,-0.215,-0.094,0.000,20,1.047,1.329,0.115,-0.023,0.37,1.46,0.025,-0.007,0.980,-0.236,0.381,0.076
1744992810.48,-1,0.319,0.656,1.329,13,-0.215,-0.094,0.000,20,1.047,1.329,0.115,-0.023,0.37,1.46,0.031,-0.012,0.972,0.069,0.198,-0.198
1744992810.48,-1,0.319,0.656,1.329,13,-0.215,-0.094,0.000,20,1.047,1.329,0.115,-0.023,0.37,1.46,0.028,-0.020,0.965,-0.205,0.137,0.015
1744992810.49,-1,0.319,0.656,1.329,13,-0.215,-0.094,0.000,20,1.047,1.329,0.115,-0.023,0.37,1.46,0.028,-0.020,0.965,-0.205,0.137,0.015
1744992810.49,-1,0.319,0.656,1.329,13,-0.215,-0.094,0.000,20,1.047,1.329,0.115,-0.023,0.38,1.37,0.031,-0.021,0.962,0.069,0.015,-0.168
1744992810.50,-1,0.319,0.656,1.329,13,-0.215,-0.094,0.000,20,1.047,1.329,0.115,-0.023,0.38,1.37,0.031,-0.021,0.962,0.069,0.015,-0.168
1744992810.51,-1,0.319,0.656,1.329,13,-0.215,-0.094,0.000,20,1.047,1.329,0.115,-0.023,0.38,1.37,0.027,-0.022,0.977,0.039,0.046,-0.351
1744992810.51,-1,0.319,0.656,1.329,13,-0.215,-0.094,0.000,20,1.047,1.329,0.115,-0.023,0.38,1.37,0.032,-0.013,0.978,0.222,0.168,-0.351
1744992810.51,-1,0.319,0.656,1.329,13,-0.215,-0.094,0.000,20,1.047,1.329,0.115,-0.023,0.38,1.37,0.032,-0.013,0.978,0.222,0.168,-0.351
1744992810.52,-1,0.319,0.656,1.329,13,-0.215,-0.094,0.000,20,1.047,1.329,0.115,-0.023,0.40,1.50,0.033,-0.009,0.966,-0.114,0.198,-0.473
1744992810.53,-1,0.319,0.656,1.329,13,-0.215,-0.094,0.000,20,1.047,1.329,0.115,-0.023,0.40,1.50,0.033,-0.009,0.966,-0.114,0.198,-0.473
1744992810.54,-1,0.319,0.656,1.329,13,-0.215,-0.094,0.000,20,1.047,1.329,0.115,-0.023,0.40,1.50,0.031,-0.010,0.968,-0.114,0.015,-0.229
1744992810.54,-1,0.319,0.656,1.329,13,-0.215,-0.094,0.000,20,1.047,1.329,0.115,-0.023,0.40,1.50,0.031,-0.018,0.965,-0.175,0.107,0.046
1744992810.56,-1,0.319,0.656,1.329,13,-0.215,-0.094,0.000,20,1.047,1.329,0.115,-0.023,0.40,1.50,0.031,-0.018,0.965,-0.175,0.107,0.046
1744992810.56,-1,0.319,0.656,1.329,13,-0.215,-0.094,0.000,20,1.047,1.329,0.115,-0.023,0.38,1.50,0.031,-0.018,0.971,-0.053,0.015,0.168
1744992810.56,-1,0.319,0.656,1.329,13,-0.215,-0.094,0.000,20,1.047,1.329,0.115,-0.023,0.38,1.50,0.031,-0.018,0.971,-0.053,0.015,0.168
# remark: robobot/cmd/ti/alive 2025-04-18 18:13:08.652491
1744992810.57,-1,0.319,0.656,1.329,13,-0.215,-0.094,0.000,20,1.047,1.329,0.115,-0.023,0.38,1.50,0.031,-0.018,0.977,-0.297,0.046,0.320
1744992810.57,-1,0.319,0.656,1.329,13,-0.215,-0.094,0.000,20,1.047,1.329,0.115,-0.023,0.38,1.50,0.032,-0.022,0.976,-0.388,0.229,-0.137
1744992810.58,-1,0.319,0.656,1.329,13,-0.215,-0.094,0.000,20,1.047,1.329,0.115,-0.023,0.38,1.50,0.032,-0.022,0.976,-0.388,0.229,-0.137
1744992810.58,-1,0.319,0.656,1.329,13,-0.215,-0.094,0.000,20,1.047,1.329,0.115,-0.023,0.34,1.49,0.031,-0.019,0.972,0.039,0.076,0.168
1744992810.58,-1,0.319,0.656,1.329,13,-0.215,-0.094,0.000,20,1.047,1.329,0.115,-0.023,0.34,1.49,0.031,-0.019,0.972,0.039,0.076,0.168
1744992810.59,-1,0.319,0.656,1.329,13,-0.215,-0.094,0.000,20,1.047,1.329,0.115,-0.023,0.34,1.49,0.028,-0.018,0.960,0.008,0.168,-0.137
1744992810.59,-1,0.319,0.656,1.329,13,-0.215,-0.094,0.000,20,1.047,1.329,0.115,-0.023,0.34,1.49,0.031,-0.017,0.977,-0.083,0.137,0.076
1744992810.61,-1,0.319,0.656,1.329,13,-0.215,-0.094,0.000,20,1.047,1.329,0.115,-0.023,0.34,1.49,0.031,-0.017,0.977,-0.083,0.137,0.076
1744992810.61,-1,0.319,0.656,1.329,13,-0.215,-0.094,0.000,20,1.047,1.329,0.115,-0.023,0.35,1.50,0.028,-0.013,0.967,-0.297,0.626,-0.015
1744992810.62,-1,0.319,0.656,1.329,13,-0.215,-0.094,0.000,20,1.047,1.329,0.115,-0.023,0.35,1.50,0.028,-0.013,0.967,-0.297,0.626,-0.015
1744992810.63,-1,0.319,0.656,1.329,13,-0.215,-0.094,0.000,20,1.047,1.329,0.115,-0.023,0.35,1.50,0.031,-0.009,0.969,-0.327,0.137,0.137
1744992810.63,-1,0.319,0.656,1.329,13,-0.215,-0.094,0.000,20,1.047,1.329,0.115,-0.023,0.35,1.50,0.030,-0.010,0.969,0.008,0.107,0.015
1744992810.64,-1,0.319,0.656,1.329,13,-0.215,-0.094,0.000,20,1.047,1.329,0.115,-0.023,0.35,1.50,0.030,-0.010,0.969,0.008,0.107,0.015
1744992810.64,-1,0.319,0.656,1.329,13,-0.215,-0.094,0.000,20,1.047,1.329,0.115,-0.023,0.38,1.50,0.028,-0.018,0.961,0.130,0.046,-0.107
1744992810.65,-1,0.319,0.656,1.329,13,-0.215,-0.094,0.000,20,1.047,1.329,0.115,-0.023,0.38,1.50,0.028,-0.018,0.961,0.130,0.046,-0.107
1744992810.65,-1,0.319,0.656,1.329,13,-0.215,-0.094,0.000,20,1.047,1.329,0.115,-0.023,0.38,1.50,0.024,-0.020,0.966,-0.022,0.076,0.137
1744992810.65,-1,0.319,0.656,1.329,13,-0.215,-0.094,0.000,20,1.047,1.329,0.115,-0.023,0.38,1.50,0.035,-0.016,0.977,0.252,0.168,-0.259
1744992810.67,-1,0.319,0.656,1.329,13,-0.215,-0.094,0.000,20,1.047,1.329,0.115,-0.023,0.38,1.50,0.035,-0.016,0.977,0.252,0.168,-0.259
1744992810.68,-1,0.319,0.656,1.329,13,-0.215,-0.094,0.000,20,1.047,1.329,0.115,-0.023,0.39,1.31,0.031,-0.013,0.971,-0.083,-0.229,-0.290
1744992810.68,-1,0.319,0.656,1.329,13,-0.215,-0.094,0.000,20,1.047,1.329,0.115,-0.023,0.39,1.31,0.031,-0.013,0.971,-0.083,-0.229,-0.290
1744992810.69,-1,0.319,0.656,1.329,13,-0.215,-0.094,0.000,20,1.047,1.329,0.115,-0.023,0.39,1.31,0.031,-0.013,0.969,0.252,-0.015,-0.534
1744992810.69,-1,0.319,0.656,1.329,13,-0.215,-0.094,0.000,20,1.047,1.329,0.115,-0.023,0.39,1.31,0.027,-0.017,0.969,0.008,0.076,-0.290
1744992810.69,-1,0.319,0.656,1.329,13,-0.215,-0.094,0.000,20,1.047,1.329,0.115,-0.023,0.39,1.31,0.027,-0.017,0.969,0.008,0.076,-0.290
1744992810.70,-1,0.319,0.656,1.329,13,-0.215,-0.094,0.000,20,1.047,1.329,0.115,-0.023,0.40,1.44,0.027,-0.015,0.969,-0.205,0.107,0.015
1744992810.71,-1,0.319,0.656,1.329,13,-0.215,-0.094,0.000,20,1.047,1.329,0.115,-0.023,0.40,1.44,0.027,-0.015,0.969,-0.205,0.107,0.015
1744992810.72,-1,0.319,0.656,1.329,13,-0.215,-0.094,0.000,20,1.047,1.329,0.115,-0.023,0.40,1.44,0.032,-0.012,0.969,-0.266,0.168,-0.015
1744992810.72,-1,0.319,0.656,1.329,13,-0.215,-0.094,0.000,20,1.047,1.329,0.115,-0.023,0.40,1.44,0.031,-0.013,0.970,-0.236,0.229,-0.229
1744992810.73,-1,0.319,0.656,1.329,13,-0.215,-0.094,0.000,20,1.047,1.329,0.115,-0.023,0.40,1.44,0.031,-0.013,0.970,-0.236,0.229,-0.229
1744992810.73,-1,0.319,0.656,1.329,13,-0.215,-0.094,0.000,20,1.047,1.329,0.115,-0.023,0.40,1.50,0.030,-0.021,0.973,-0.083,-0.015,-0.473
1744992810.74,-1,0.319,0.656,1.329,13,-0.215,-0.094,0.000,20,1.047,1.329,0.115,-0.023,0.40,1.50,0.030,-0.021,0.973,-0.083,-0.015,-0.473
1744992810.74,-1,0.319,0.656,1.329,13,-0.215,-0.094,0.000,20,1.047,1.329,0.115,-0.023,0.40,1.50,0.028,-0.024,0.965,-0.144,-0.076,-0.137
1744992810.75,-1,0.319,0.656,1.329,13,-0.215,-0.094,0.000,20,1.047,1.329,0.115,-0.023,0.40,1.50,0.031,-0.019,0.966,0.039,0.015,0.076
1744992810.76,-1,0.319,0.656,1.329,13,-0.215,-0.094,0.000,20,1.047,1.329,0.115,-0.023,0.40,1.50,0.031,-0.019,0.966,0.039,0.015,0.076
1744992810.76,-1,0.319,0.656,1.329,13,-0.215,-0.094,0.000,20,1.047,1.329,0.115,-0.023,0.39,1.50,0.035,-0.014,0.974,-0.175,0.290,0.198
1744992810.76,-1,0.319,0.656,1.329,13,-0.215,-0.094,0.000,20,1.047,1.329,0.115,-0.023,0.39,1.50,0.035,-0.014,0.974,-0.175,0.290,0.198
1744992810.78,-1,0.319,0.656,1.329,13,-0.215,-0.094,0.000,20,1.047,1.329,0.115,-0.023,0.39,1.50,0.027,-0.010,0.973,0.039,0.351,-0.076
1744992810.78,-1,0.319,0.656,1.329,13,-0.215,-0.094,0.000,20,1.047,1.329,0.115,-0.023,0.39,1.50,0.030,-0.011,0.970,-0.114,0.168,-0.229
1744992810.79,-1,0.319,0.656,1.329,13,-0.215,-0.094,0.000,20,1.047,1.329,0.115,-0.023,0.39,1.50,0.030,-0.011,0.970,-0.114,0.168,-0.229
1744992810.79,-1,0.319,0.656,1.329,13,-0.215,-0.094,0.000,20,1.047,1.329,0.115,-0.023,0.36,1.50,0.031,-0.016,0.964,0.008,0.076,-0.076
1744992810.80,-1,0.319,0.656,1.329,13,-0.215,-0.094,0.000,20,1.047,1.329,0.115,-0.023,0.36,1.50,0.031,-0.016,0.964,0.008,0.076,-0.076
1744992810.81,-1,0.319,0.656,1.329,13,-0.215,-0.094,0.000,20,1.047,1.329,0.115,-0.023,0.36,1.50,0.028,-0.016,0.971,-0.327,0.198,0.076
1744992810.81,-1,0.319,0.656,1.329,13,-0.215,-0.094,0.000,20,1.047,1.329,0.115,-0.023,0.36,1.50,0.029,-0.017,0.977,0.069,0.320,-0.076
1744992810.81,-1,0.319,0.656,1.329,13,-0.215,-0.094,0.000,20,1.047,1.329,0.115,-0.023,0.36,1.50,0.029,-0.017,0.977,0.069,0.320,-0.076
1744992810.82,-1,0.319,0.656,1.329,13,-0.215,-0.094,0.000,20,1.047,1.329,0.115,-0.023,0.35,1.31,0.034,-0.017,0.966,-0.053,0.137,-0.198
1744992810.84,-1,0.319,0.656,1.329,13,-0.215,-0.094,0.000,20,1.047,1.329,0.115,-0.023,0.35,1.31,0.034,-0.017,0.966,-0.053,0.137,-0.198
1744992810.84,-1,0.319,0.656,1.329,13,-0.215,-0.094,0.000,20,1.047,1.329,0.115,-0.023,0.35,1.31,0.034,-0.015,0.968,-0.053,0.290,-0.351
1744992810.84,-1,0.319,0.656,1.329,13,-0.215,-0.094,0.000,20,1.047,1.329,0.115,-0.023,0.35,1.31,0.028,-0.019,0.975,0.191,0.198,-0.229
1744992810.85,-1,0.319,0.656,1.329,14,-0.215,-0.094,0.000,20,1.047,1.329,0.115,-0.023,0.35,1.31,0.028,-0.019,0.975,0.191,0.198,-0.229
1744992810.85,-1,0.319,0.656,1.329,14,-0.215,-0.094,0.000,20,1.047,1.329,0.115,-0.023,0.35,1.16,0.027,-0.016,0.966,-0.205,0.259,-0.229
1744992810.85,-1,0.319,0.656,1.329,14,-0.215,-0.094,0.000,20,1.047,1.329,0.115,-0.023,0.35,1.16,0.027,-0.016,0.966,-0.205,0.259,-0.229
1744992810.87,-1,0.319,0.656,1.329,14,-0.215,-0.094,0.000,20,1.047,1.329,0.115,-0.023,0.35,1.16,0.030,-0.016,0.972,-0.022,0.076,-0.107
1744992810.87,-1,0.319,0.656,1.329,14,-0.215,-0.094,0.000,20,1.047,1.329,0.115,-0.023,0.35,1.16,0.032,-0.011,0.969,-0.053,-0.046,-0.198
1744992810.87,-1,0.319,0.656,1.329,14,-0.215,-0.094,0.000,20,1.047,1.329,0.115,-0.023,0.35,1.16,0.032,-0.011,0.969,-0.053,-0.046,-0.198
1744992810.89,-1,0.319,0.656,1.329,14,-0.215,-0.094,0.000,20,1.047,1.329,0.115,-0.023,0.35,1.44,0.027,-0.013,0.969,0.039,-0.076,0.076
1744992810.89,-1,0.319,0.656,1.329,14,-0.215,-0.094,0.000,20,1.047,1.329,0.115,-0.023,0.35,1.44,0.027,-0.013,0.969,0.039,-0.076,0.076
1744992810.90,-1,0.319,0.656,1.329,14,-0.215,-0.094,0.000,20,1.047,1.329,0.115,-0.023,0.35,1.44,0.034,-0.022,0.969,-0.175,0.259,0.015
1744992810.90,-1,0.319,0.656,1.329,14,-0.215,-0.094,0.000,20,1.047,1.329,0.115,-0.023,0.35,1.44,0.030,-0.022,0.962,-0.236,0.351,0.015
1744992810.91,-1,0.319,0.656,1.329,14,-0.215,-0.094,0.000,20,1.047,1.329,0.115,-0.023,0.35,1.44,0.030,-0.022,0.962,-0.236,0.351,0.015
1744992810.91,-1,0.319,0.656,1.329,14,-0.215,-0.094,0.000,20,1.047,1.329,0.115,-0.023,0.36,1.50,0.030,-0.016,0.972,0.008,0.320,0.168
1744992810.91,-1,0.319,0.656,1.329,14,-0.215,-0.094,0.000,20,1.047,1.329,0.115,-0.023,0.36,1.50,0.030,-0.016,0.972,0.008,0.320,0.168
1744992810.92,-1,0.319,0.656,1.329,14,-0.215,-0.094,0.000,20,1.047,1.329,0.115,-0.023,0.36,1.50,0.032,-0.020,0.969,-0.053,0.198,0.168
1744992810.92,-1,0.319,0.656,1.329,14,-0.215,-0.094,0.000,20,1.047,1.329,0.115,-0.023,0.36,1.50,0.032,-0.014,0.965,-0.175,0.168,0.229
1744992810.94,-1,0.319,0.656,1.329,14,-0.215,-0.094,0.000,20,1.047,1.329,0.115,-0.023,0.36,1.50,0.032,-0.014,0.965,-0.175,0.168,0.229
1744992810.94,-1,0.319,0.656,1.329,14,-0.215,-0.094,0.000,20,1.047,1.329,0.115,-0.023,0.36,1.50,0.032,-0.017,0.974,0.008,-0.168,0.107
1744992810.94,-1,0.319,0.656,1.329,14,-0.215,-0.094,0.000,20,1.047,1.329,0.115,-0.023,0.36,1.50,0.032,-0.017,0.974,0.008,-0.168,0.107
1744992810.96,-1,0.319,0.656,1.329,14,-0.215,-0.094,0.000,20,1.047,1.329,0.115,-0.023,0.36,1.50,0.028,-0.014,0.965,-0.175,0.015,-0.107
1744992810.96,-1,0.319,0.656,1.329,14,-0.215,-0.094,0.000,20,1.047,1.329,0.115,-0.023,0.36,1.50,0.028,-0.020,0.970,-0.053,0.107,0.015
1744992810.97,-1,0.319,0.656,1.329,14,-0.215,-0.094,0.000,20,1.047,1.329,0.115,-0.023,0.36,1.50,0.028,-0.020,0.970,-0.053,0.107,0.015
1744992810.97,-1,0.319,0.656,1.329,14,-0.215,-0.094,0.000,20,1.047,1.329,0.115,-0.023,0.35,1.33,0.030,-0.019,0.974,0.069,-0.046,-0.015
1744992810.98,-1,0.319,0.656,1.329,14,-0.215,-0.094,0.000,20,1.047,1.329,0.115,-0.023,0.35,1.33,0.030,-0.019,0.974,0.069,-0.046,-0.015
1744992810.98,-1,0.319,0.656,1.329,14,-0.215,-0.094,0.000,20,1.047,1.329,0.115,-0.023,0.35,1.33,0.031,-0.018,0.969,-0.297,0.137,-0.168
1744992810.99,-1,0.319,0.656,1.329,14,-0.215,-0.094,0.000,20,1.047,1.329,0.115,-0.023,0.35,1.33,0.031,-0.020,0.972,-0.022,0.015,-0.076
1744992811.00,-1,0.319,0.656,1.329,14,-0.215,-0.094,0.000,20,1.047,1.329,0.115,-0.023,0.35,1.33,0.031,-0.020,0.972,-0.022,0.015,-0.076
1744992811.01,-1,0.319,0.656,1.329,14,-0.215,-0.094,0.000,20,1.047,1.329,0.115,-0.023,0.37,1.50,0.031,-0.019,0.970,0.252,0.412,0.015
1744992811.01,-1,0.319,0.656,1.329,14,-0.215,-0.094,0.000,20,1.047,1.329,0.115,-0.023,0.37,1.50,0.031,-0.019,0.970,0.252,0.412,0.015
1744992811.01,-1,0.319,0.656,1.329,14,-0.215,-0.094,0.000,20,1.047,1.329,0.115,-0.023,0.37,1.50,0.031,-0.017,0.963,-0.144,0.046,-0.442
1744992811.02,-1,0.319,0.656,1.329,14,-0.215,-0.094,0.000,20,1.047,1.329,0.115,-0.023,0.37,1.50,0.031,-0.013,0.967,0.039,0.046,-0.137
1744992811.03,-1,0.319,0.656,1.329,14,-0.215,-0.094,0.000,20,1.047,1.329,0.115,-0.023,0.37,1.50,0.031,-0.013,0.967,0.039,0.046,-0.137
1744992811.03,-1,0.319,0.656,1.329,14,-0.215,-0.094,0.000,20,1.047,1.329,0.115,-0.023,0.37,1.50,0.032,-0.012,0.969,-0.022,-0.076,0.107
1744992811.04,-1,0.319,0.656,1.329,14,-0.215,-0.094,0.000,20,1.047,1.329,0.115,-0.023,0.37,1.50,0.032,-0.012,0.969,-0.022,-0.076,0.107
1744992811.04,-1,0.319,0.656,1.329,14,-0.215,-0.094,0.000,20,1.047,1.329,0.115,-0.023,0.37,1.50,0.038,-0.016,0.962,0.008,0.168,-0.046
1744992811.04,-1,0.319,0.656,1.329,14,-0.215,-0.094,0.000,20,1.047,1.329,0.115,-0.023,0.37,1.50,0.040,-0.014,0.972,-0.053,0.137,-0.412
1744992811.06,-1,0.319,0.656,1.329,14,-0.215,-0.094,0.000,20,1.047,1.329,0.115,-0.023,0.37,1.50,0.040,-0.014,0.972,-0.053,0.137,-0.412
1744992811.06,-1,0.319,0.656,1.329,14,-0.215,-0.094,0.000,20,1.047,1.329,0.115,-0.023,0.35,1.50,0.035,-0.014,0.964,0.039,-0.015,0.046
1744992811.06,-1,0.319,0.656,1.329,14,-0.215,-0.094,0.000,20,1.047,1.329,0.115,-0.023,0.35,1.50,0.035,-0.014,0.964,0.039,-0.015,0.046
1744992811.08,-1,0.319,0.656,1.329,14,-0.215,-0.094,0.000,20,1.047,1.329,0.115,-0.023,0.35,1.50,0.027,-0.020,0.968,-0.327,-0.076,0.168
1744992811.08,-1,0.319,0.656,1.329,14,-0.215,-0.094,0.000,20,1.047,1.329,0.115,-0.023,0.35,1.50,0.029,-0.017,0.978,0.008,0.320,-0.107
1744992811.08,-1,0.319,0.656,1.329,14,-0.215,-0.094,0.000,20,1.047,1.329,0.115,-0.023,0.35,1.50,0.029,-0.017,0.978,0.008,0.320,-0.107
1744992811.09,-1,0.319,0.656,1.329,14,-0.215,-0.094,0.000,20,1.047,1.329,0.115,-0.023,0.38,1.50,0.029,-0.014,0.965,-0.205,0.107,-0.015
1744992811.09,-1,0.319,0.656,1.329,14,-0.215,-0.094,0.000,20,1.047,1.329,0.115,-0.023,0.38,1.50,0.029,-0.014,0.965,-0.205,0.107,-0.015
1744992811.11,-1,0.319,0.656,1.329,14,-0.215,-0.094,0.000,20,1.047,1.329,0.115,-0.023,0.38,1.50,0.027,-0.015,0.972,-0.205,0.076,-0.229
1744992811.11,-1,0.319,0.656,1.329,14,-0.215,-0.094,0.000,20,1.047,1.329,0.115,-0.023,0.38,1.50,0.033,-0.014,0.968,0.130,0.320,-0.259
# remark: robobot/cmd/ti/alive 2025-04-18 18:13:08.652491
1744992811.12,-1,0.319,0.656,1.329,14,-0.215,-0.094,0.000,20,1.047,1.329,0.115,-0.023,0.38,1.50,0.033,-0.014,0.968,0.130,0.320,-0.259
1744992811.12,-1,0.319,0.656,1.329,14,-0.215,-0.094,0.000,20,1.047,1.329,0.115,-0.023,0.37,1.50,0.030,-0.016,0.961,-0.175,0.137,0.046
1744992811.13,-1,0.319,0.656,1.329,14,-0.215,-0.094,0.000,20,1.047,1.329,0.115,-0.023,0.37,1.50,0.030,-0.016,0.961,-0.175,0.137,0.046
1744992811.14,-1,0.319,0.656,1.329,14,-0.215,-0.094,0.000,20,1.047,1.329,0.115,-0.023,0.37,1.50,0.027,-0.019,0.977,0.130,0.046,0.046
1744992811.14,-1,0.319,0.656,1.329,14,-0.215,-0.094,0.000,20,1.047,1.329,0.115,-0.023,0.37,1.50,0.031,-0.016,0.973,0.222,0.290,-0.168
1744992811.15,-1,0.319,0.656,1.329,14,-0.215,-0.094,0.000,20,1.047,1.329,0.115,-0.023,0.37,1.50,0.031,-0.016,0.973,0.222,0.290,-0.168
1744992811.15,-1,0.319,0.656,1.329,14,-0.215,-0.094,0.000,20,1.047,1.329,0.115,-0.023,0.36,1.47,0.035,-0.015,0.971,-0.205,0.076,0.076
1744992811.15,-1,0.319,0.656,1.329,14,-0.215,-0.094,0.000,20,1.047,1.329,0.115,-0.023,0.36,1.47,0.035,-0.015,0.971,-0.205,0.076,0.076
1744992811.17,-1,0.319,0.656,1.329,14,-0.215,-0.094,0.000,20,1.047,1.329,0.115,-0.023,0.36,1.47,0.029,-0.016,0.969,-0.083,0.198,-0.168
1744992811.17,-1,0.319,0.656,1.329,14,-0.215,-0.094,0.000,20,1.047,1.329,0.115,-0.023,0.36,1.47,0.028,-0.022,0.957,-0.083,0.229,-0.046
1744992811.18,-1,0.319,0.656,1.329,14,-0.215,-0.094,0.000,20,1.047,1.329,0.115,-0.023,0.36,1.47,0.028,-0.022,0.957,-0.083,0.229,-0.046
1744992811.18,-1,0.319,0.656,1.329,14,-0.215,-0.094,0.000,20,1.047,1.329,0.115,-0.023,0.39,1.50,0.029,-0.015,0.977,-0.358,-0.015,0.015
1744992811.18,-1,0.319,0.656,1.329,14,-0.215,-0.094,0.000,20,1.047,1.329,0.115,-0.023,0.39,1.50,0.029,-0.015,0.977,-0.358,-0.015,0.015
1744992811.19,-1,0.319,0.656,1.329,14,-0.215,-0.094,0.000,20,1.047,1.329,0.115,-0.023,0.39,1.50,0.030,-0.015,0.974,0.344,0.259,-0.137
1744992811.19,-1,0.319,0.656,1.329,14,-0.215,-0.094,0.000,20,1.047,1.329,0.115,-0.023,0.39,1.50,0.031,-0.016,0.964,0.008,-0.046,-0.198
1744992811.21,-1,0.319,0.656,1.329,14,-0.215,-0.094,0.000,20,1.047,1.329,0.115,-0.023,0.39,1.50,0.031,-0.016,0.964,0.008,-0.046,-0.198
1744992811.21,-1,0.319,0.656,1.329,14,-0.215,-0.094,0.000,20,1.047,1.329,0.115,-0.023,0.38,1.50,0.031,-0.022,0.971,-0.022,0.320,-0.168
1744992811.23,-1,0.319,0.656,1.329,14,-0.215,-0.094,0.000,20,1.047,1.329,0.115,-0.023,0.38,1.50,0.031,-0.022,0.971,-0.022,0.320,-0.168
1744992811.23,-1,0.319,0.656,1.329,14,-0.215,-0.094,0.000,20,1.047,1.329,0.115,-0.023,0.38,1.50,0.030,-0.021,0.971,-0.114,0.229,-0.046
1744992811.24,-1,0.319,0.656,1.329,14,-0.215,-0.094,0.000,20,1.047,1.329,0.115,-0.023,0.38,1.50,0.031,-0.015,0.973,-0.114,-0.046,0.076
1744992811.24,-1,0.319,0.656,1.329,14,-0.215,-0.094,0.000,20,1.047,1.329,0.115,-0.023,0.38,1.50,0.031,-0.015,0.973,-0.114,-0.046,0.076
1744992811.25,-1,0.319,0.656,1.329,15,-0.215,-0.094,0.000,20,1.047,1.329,0.115,-0.023,0.39,1.32,0.033,-0.012,0.971,-0.175,0.443,-0.198
1744992811.25,-1,0.319,0.656,1.329,15,-0.215,-0.094,0.000,20,1.047,1.329,0.115,-0.023,0.39,1.32,0.033,-0.012,0.971,-0.175,0.443,-0.198
1744992811.27,-1,0.319,0.656,1.329,15,-0.215,-0.094,0.000,20,1.047,1.329,0.115,-0.023,0.39,1.32,0.032,-0.016,0.965,-0.236,0.015,-0.259
1744992811.27,-1,0.319,0.656,1.329,15,-0.215,-0.094,0.000,20,1.047,1.329,0.115,-0.023,0.39,1.32,0.031,-0.015,0.974,-0.327,-0.046,-0.107
1744992811.27,-1,0.319,0.656,1.329,15,-0.215,-0.094,0.000,20,1.047,1.329,0.115,-0.023,0.39,1.32,0.031,-0.015,0.974,-0.327,-0.046,-0.107
1744992811.28,-1,0.319,0.656,1.329,15,-0.215,-0.094,0.000,20,1.047,1.329,0.115,-0.023,0.39,1.49,0.029,-0.015,0.963,0.008,0.198,-0.168
1744992811.28,-1,0.319,0.656,1.329,15,-0.215,-0.094,0.000,20,1.047,1.329,0.115,-0.023,0.39,1.49,0.029,-0.015,0.963,0.008,0.198,-0.168
1744992811.28,-1,0.319,0.656,1.329,15,-0.215,-0.094,0.000,20,1.047,1.329,0.115,-0.023,0.39,1.49,0.031,-0.015,0.969,-0.205,-0.107,0.229
1744992811.29,-1,0.319,0.656,1.329,15,-0.215,-0.094,0.000,20,1.047,1.329,0.115,-0.023,0.39,1.49,0.032,-0.016,0.969,-0.022,0.473,-0.137
1744992811.31,-1,0.319,0.656,1.329,15,-0.215,-0.094,0.000,20,1.047,1.329,0.115,-0.023,0.39,1.49,0.032,-0.016,0.969,-0.022,0.473,-0.137
1744992811.31,-1,0.319,0.656,1.329,15,-0.215,-0.094,0.000,20,1.047,1.329,0.115,-0.023,0.38,1.42,0.031,-0.018,0.970,-0.205,0.320,-0.168
1744992811.31,-1,0.319,0.656,1.329,15,-0.215,-0.094,0.000,20,1.047,1.329,0.115,-0.023,0.38,1.42,0.031,-0.018,0.970,-0.205,0.320,-0.168
1744992811.32,-1,0.319,0.656,1.329,15,-0.215,-0.094,0.000,20,1.047,1.329,0.115,-0.023,0.38,1.42,0.026,-0.017,0.966,-0.083,-0.046,-0.107
1744992811.32,-1,0.319,0.656,1.329,15,-0.215,-0.094,0.000,20,1.047,1.329,0.115,-0.023,0.38,1.42,0.028,-0.012,0.969,-0.175,0.229,0.107
1744992811.35,-1,0.319,0.656,1.329,15,-0.215,-0.094,0.000,20,1.047,1.329,0.115,-0.023,0.38,1.42,0.028,-0.012,0.969,-0.175,0.229,0.107
1744992811.35,-1,0.319,0.656,1.329,15,-0.215,-0.094,0.000,20,1.047,1.329,0.115,-0.023,0.39,1.37,0.031,-0.014,0.970,0.161,-0.046,-0.168
1744992811.35,-1,0.319,0.656,1.329,15,-0.215,-0.094,0.000,20,1.047,1.329,0.115,-0.023,0.39,1.37,0.031,-0.014,0.970,0.161,-0.046,-0.168
1744992811.35,-1,0.319,0.656,1.329,15,-0.215,-0.094,0.000,20,1.047,1.329,0.115,-0.023,0.39,1.37,0.034,-0.014,0.974,0.008,0.168,0.046
1744992811.35,-1,0.319,0.656,1.329,15,-0.215,-0.094,0.000,20,1.047,1.329,0.115,-0.023,0.39,1.37,0.034,-0.020,0.969,-0.022,0.076,-0.259
# remark: % State change from 810 to 811
1744992811.37,-1,0.319,0.656,1.329,15,-0.215,-0.094,0.000,20,1.047,1.329,0.115,-0.023,0.39,1.37,0.034,-0.020,0.969,-0.022,0.076,-0.259
1744992811.37,-1,0.319,0.656,1.329,15,-0.215,-0.094,0.000,20,1.047,1.329,0.115,-0.023,0.39,1.44,0.028,-0.023,0.969,-0.114,-0.076,-0.137
1744992811.37,-1,0.319,0.656,1.329,15,-0.215,-0.094,0.000,20,1.047,1.329,0.115,-0.023,0.39,1.44,0.028,-0.023,0.969,-0.114,-0.076,-0.137
1744992811.37,-1,0.319,0.656,1.329,15,-0.215,-0.094,0.000,20,1.047,1.329,0.115,-0.023,0.39,1.44,0.031,-0.018,0.969,-0.114,0.198,0.198
1744992811.39,-1,0.319,0.656,1.329,15,-0.215,-0.094,0.000,20,1.047,1.329,0.115,-0.023,0.39,1.44,0.033,-0.014,0.963,-0.114,0.046,-0.107
1744992811.39,-1,0.319,0.656,1.329,15,-0.215,-0.094,0.000,20,1.047,1.329,0.115,-0.023,0.39,1.44,0.033,-0.014,0.963,-0.114,0.046,-0.107
1744992811.39,-1,0.319,0.656,1.329,15,-0.215,-0.094,0.000,20,1.047,1.329,0.115,-0.023,0.39,1.38,0.035,-0.017,0.964,0.283,0.137,0.015
1744992811.39,-1,0.319,0.656,1.329,15,-0.215,-0.094,0.000,20,1.047,1.329,0.115,-0.023,0.39,1.38,0.035,-0.017,0.964,0.283,0.137,0.015
1744992811.41,-1,0.319,0.656,1.329,15,-0.215,-0.094,0.000,20,1.047,1.329,0.115,-0.023,0.39,1.38,0.027,-0.017,0.966,0.008,-0.076,0.107
1744992811.41,-1,0.319,0.656,1.329,15,-0.215,-0.094,0.000,20,1.047,1.329,0.115,-0.023,0.39,1.38,0.031,-0.017,0.965,0.161,0.137,-0.107
1744992811.42,-1,0.319,0.656,1.329,15,-0.215,-0.094,0.000,20,1.047,1.329,0.115,-0.023,0.39,1.38,0.031,-0.017,0.965,0.161,0.137,-0.107
1744992811.43,-1,0.319,0.656,1.329,15,-0.215,-0.094,0.000,20,1.047,1.329,0.115,-0.023,0.38,1.43,0.028,-0.023,0.954,-0.236,0.137,-0.229
1744992811.43,-1,0.319,0.656,1.329,15,-0.215,-0.094,0.000,20,1.047,1.329,0.115,-0.023,0.38,1.43,0.028,-0.023,0.954,-0.236,0.137,-0.229
1744992811.44,-1,0.319,0.656,1.329,15,-0.215,-0.094,0.000,20,1.047,1.329,0.115,-0.023,0.38,1.43,0.026,-0.011,0.982,-0.175,0.412,0.443
1744992811.44,-1,0.319,0.656,1.329,15,-0.215,-0.094,0.000,20,1.047,1.329,0.115,-0.023,0.38,1.43,0.029,-0.011,0.969,-0.114,0.107,0.015
1744992811.46,-1,0.319,0.656,1.329,15,-0.215,-0.094,0.000,20,1.047,1.329,0.115,-0.023,0.38,1.43,0.029,-0.011,0.969,-0.114,0.107,0.015
1744992811.46,-1,0.319,0.656,1.329,15,-0.215,-0.094,0.000,20,1.047,1.329,0.115,-0.023,0.35,1.36,0.029,-0.017,0.978,-0.144,0.198,-0.168
1744992811.46,-1,0.319,0.656,1.329,15,-0.215,-0.094,0.000,20,1.047,1.329,0.115,-0.023,0.35,1.36,0.029,-0.017,0.978,-0.144,0.198,-0.168
# remark: robobot/cmd/T0/servo 1 -900 0
1744992811.47,-1,0.319,0.656,1.329,15,-0.215,-0.094,0.000,20,1.047,1.329,0.115,-0.023,0.35,1.36,0.033,-0.018,0.969,0.039,0.168,0.015
1744992811.47,-1,0.319,0.656,1.329,15,-0.215,-0.094,0.000,20,1.047,1.329,0.115,-0.023,0.35,1.36,0.031,-0.019,0.977,-0.053,0.229,-0.229
1744992811.48,-1,0.319,0.656,1.329,15,-0.215,-0.094,0.000,20,1.047,1.329,0.115,-0.023,0.35,1.36,0.031,-0.019,0.977,-0.053,0.229,-0.229
1744992811.48,-1,0.319,0.656,1.329,15,-0.215,-0.094,0.000,20,1.047,1.329,0.115,-0.023,0.36,1.26,0.034,-0.018,0.969,-0.358,0.168,-0.168
1744992811.49,-1,0.319,0.656,1.329,15,-0.215,-0.094,0.000,20,1.047,1.329,0.115,-0.023,0.36,1.26,0.034,-0.018,0.969,-0.358,0.168,-0.168
1744992811.49,-1,0.319,0.656,1.329,15,-0.215,-0.094,0.000,20,1.047,1.329,0.115,-0.023,0.36,1.26,0.031,-0.020,0.962,0.069,0.107,-0.259
1744992811.51,-1,0.319,0.656,1.329,15,-0.215,-0.094,0.000,20,1.047,1.329,0.115,-0.023,0.36,1.26,0.030,-0.017,0.950,-0.144,0.107,-0.137
1744992811.51,-1,0.319,0.656,1.329,15,-0.215,-0.094,0.000,20,1.047,1.329,0.115,-0.023,0.36,1.26,0.030,-0.017,0.950,-0.144,0.107,-0.137
1744992811.53,-1,0.319,0.656,1.329,15,-0.215,-0.094,0.000,20,1.047,1.329,0.115,-0.023,0.35,1.33,0.029,-0.018,0.955,-0.358,0.137,-0.259
1744992811.53,-1,0.319,0.656,1.329,15,-0.215,-0.094,0.000,20,1.047,1.329,0.115,-0.023,0.35,1.33,0.029,-0.018,0.955,-0.358,0.137,-0.259
1744992811.53,-1,0.319,0.656,1.329,15,-0.215,-0.094,0.000,20,1.047,1.329,0.115,-0.023,0.35,1.33,0.033,-0.011,0.987,-0.144,0.320,0.168
1744992811.53,-1,0.319,0.656,1.329,15,-0.215,-0.094,0.000,20,1.047,1.329,0.115,-0.023,0.35,1.33,0.032,-0.013,0.973,-0.114,0.412,0.015
1744992811.55,-1,0.319,0.656,1.329,15,-0.215,-0.094,0.000,20,1.047,1.329,0.115,-0.023,0.35,1.33,0.032,-0.013,0.973,-0.114,0.412,0.015
1744992811.55,-1,0.319,0.656,1.329,15,-0.215,-0.094,0.000,20,1.047,1.329,0.115,-0.023,0.35,1.26,0.036,-0.017,0.968,-0.266,0.015,-0.412
1744992811.55,-1,0.319,0.656,1.329,15,-0.215,-0.094,0.000,20,1.047,1.329,0.115,-0.023,0.35,1.26,0.036,-0.017,0.968,-0.266,0.015,-0.412
1744992811.56,-1,0.319,0.656,1.329,15,-0.215,-0.094,0.000,20,1.047,1.329,0.115,-0.023,0.35,1.26,0.026,-0.023,0.973,-0.053,0.351,-0.046
1744992811.56,-1,0.319,0.656,1.329,15,-0.215,-0.094,0.000,20,1.047,1.329,0.115,-0.023,0.35,1.26,0.028,-0.021,0.974,-0.236,0.259,0.015
1744992811.57,-1,0.319,0.656,1.329,15,-0.215,-0.094,0.000,20,1.047,1.329,0.115,-0.023,0.35,1.26,0.028,-0.021,0.974,-0.236,0.259,0.015
1744992811.58,-1,0.319,0.656,1.329,15,-0.215,-0.094,0.000,20,1.047,1.329,0.115,-0.023,0.36,1.25,0.031,-0.016,0.981,0.283,-0.046,-0.046
1744992811.58,-1,0.319,0.656,1.329,15,-0.215,-0.094,0.000,20,1.047,1.329,0.115,-0.023,0.36,1.25,0.031,-0.016,0.981,0.283,-0.046,-0.046
1744992811.59,-1,0.319,0.656,1.329,15,-0.215,-0.094,0.000,20,1.047,1.329,0.115,-0.023,0.36,1.25,0.041,-0.011,0.970,-0.053,0.473,-0.107
1744992811.59,-1,0.319,0.656,1.329,15,-0.215,-0.094,0.000,20,1.047,1.329,0.115,-0.023,0.36,1.25,0.031,-0.011,0.953,-0.236,-0.107,-0.168
1744992811.61,-1,0.319,0.656,1.329,15,-0.215,-0.094,0.000,20,1.047,1.329,0.115,-0.023,0.36,1.25,0.031,-0.011,0.953,-0.236,-0.107,-0.168
1744992811.61,-1,0.319,0.656,1.329,15,-0.215,-0.094,0.000,20,1.047,1.329,0.115,-0.023,0.37,1.35,0.027,-0.016,0.968,0.100,0.137,-0.107
1744992811.62,-1,0.319,0.656,1.329,15,-0.215,-0.094,0.000,20,1.047,1.329,0.115,-0.023,0.37,1.35,0.027,-0.016,0.968,0.100,0.137,-0.107
1744992811.62,-1,0.319,0.656,1.329,15,-0.215,-0.094,0.000,20,1.047,1.329,0.115,-0.023,0.37,1.35,0.025,-0.011,0.970,-0.236,0.107,0.198
1744992811.62,-1,0.319,0.656,1.329,15,-0.215,-0.094,0.000,20,1.047,1.329,0.115,-0.023,0.37,1.35,0.034,-0.011,0.987,-0.144,0.137,0.046
1744992811.63,-1,0.319,0.656,1.329,15,-0.215,-0.094,0.000,20,1.047,1.329,0.115,-0.023,0.37,1.35,0.034,-0.011,0.987,-0.144,0.137,0.046
1744992811.63,-1,0.319,0.656,1.329,15,-0.215,-0.094,0.000,20,1.047,1.329,0.115,-0.023,0.38,1.27,0.040,-0.014,0.982,0.252,-0.046,-0.198
1744992811.64,-1,0.319,0.656,1.329,15,-0.215,-0.094,0.000,20,1.047,1.329,0.115,-0.023,0.38,1.27,0.040,-0.014,0.982,0.252,-0.046,-0.198
# remark: robobot/cmd/ti/alive 2025-04-18 18:13:08.652491
1744992811.65,-1,0.319,0.656,1.329,15,-0.215,-0.094,0.000,20,1.047,1.329,0.115,-0.023,0.38,1.27,0.027,-0.023,0.961,-0.144,0.137,-0.198
1744992811.65,-1,0.319,0.656,1.329,15,-0.215,-0.094,0.000,20,1.047,1.329,0.115,-0.023,0.38,1.27,0.022,-0.030,0.964,0.191,-0.107,-0.320
1744992811.66,-1,0.319,0.656,1.329,15,-0.215,-0.094,0.000,20,1.047,1.329,0.115,-0.023,0.38,1.27,0.022,-0.030,0.964,0.191,-0.107,-0.320
1744992811.67,-1,0.319,0.656,1.329,15,-0.215,-0.094,0.000,20,1.047,1.329,0.115,-0.023,0.37,1.50,0.028,-0.019,0.969,0.252,0.107,0.046
1744992811.67,-1,0.319,0.656,1.329,15,-0.215,-0.094,0.000,20,1.047,1.329,0.115,-0.023,0.37,1.50,0.028,-0.019,0.969,0.252,0.107,0.046
1744992811.68,-1,0.319,0.656,1.329,15,-0.215,-0.094,0.000,20,1.047,1.329,0.115,-0.023,0.37,1.50,0.035,-0.005,0.966,0.222,0.259,0.351
1744992811.68,-1,0.319,0.656,1.329,15,-0.215,-0.094,0.000,20,1.047,1.329,0.115,-0.023,0.37,1.50,0.035,-0.002,0.981,-0.083,0.137,-0.412
1744992811.69,-1,0.319,0.656,1.329,15,-0.215,-0.094,0.000,20,1.047,1.329,0.115,-0.023,0.37,1.50,0.035,-0.002,0.981,-0.083,0.137,-0.412
1744992811.69,-1,0.319,0.656,1.329,15,-0.215,-0.094,0.000,20,1.047,1.329,0.115,-0.023,0.36,1.34,0.029,-0.010,0.975,-0.511,0.229,-0.320
1744992811.69,-1,0.319,0.656,1.329,15,-0.215,-0.094,0.000,20,1.047,1.329,0.115,-0.023,0.36,1.34,0.029,-0.010,0.975,-0.511,0.229,-0.320
1744992811.71,-1,0.319,0.656,1.329,15,-0.215,-0.094,0.000,20,1.047,1.329,0.115,-0.023,0.36,1.34,0.028,-0.020,0.962,-0.388,0.015,0.168
1744992811.71,-1,0.319,0.656,1.329,15,-0.215,-0.094,0.000,20,1.047,1.329,0.115,-0.023,0.36,1.34,0.023,-0.025,0.973,-0.297,0.198,0.290
1744992811.72,-1,0.319,0.656,1.329,15,-0.215,-0.094,0.000,20,1.047,1.329,0.115,-0.023,0.36,1.34,0.023,-0.025,0.973,-0.297,0.198,0.290
1744992811.73,-1,0.319,0.656,1.329,15,-0.215,-0.094,0.000,20,1.047,1.329,0.115,-0.023,0.43,1.21,0.036,-0.021,0.975,0.008,0.351,0.015
1744992811.73,-1,0.319,0.656,1.329,15,-0.215,-0.094,0.000,20,1.047,1.329,0.115,-0.023,0.43,1.21,0.036,-0.021,0.975,0.008,0.351,0.015
1744992811.74,-1,0.319,0.656,1.329,15,-0.215,-0.094,0.000,20,1.047,1.329,0.115,-0.023,0.43,1.21,0.041,-0.015,0.988,0.130,0.168,-0.259
1744992811.74,-1,0.319,0.656,1.329,15,-0.215,-0.094,0.000,20,1.047,1.329,0.115,-0.023,0.43,1.21,0.034,-0.024,0.965,0.283,0.076,-0.168
1744992811.75,-1,0.319,0.656,1.329,15,-0.215,-0.094,0.000,20,1.047,1.329,0.115,-0.023,0.43,1.21,0.034,-0.024,0.965,0.283,0.076,-0.168
1744992811.76,-1,0.319,0.656,1.329,15,-0.215,-0.094,0.000,20,1.047,1.329,0.115,-0.023,0.38,1.16,0.023,-0.025,0.954,0.252,-0.015,-0.351
1744992811.76,-1,0.319,0.656,1.329,15,-0.215,-0.094,0.000,20,1.047,1.329,0.115,-0.023,0.38,1.16,0.023,-0.025,0.954,0.252,-0.015,-0.351
1744992811.77,-1,0.319,0.656,1.329,15,-0.215,-0.094,0.000,20,1.047,1.329,0.115,-0.023,0.38,1.16,0.022,-0.012,0.960,-0.175,-0.015,0.320
1744992811.77,-1,0.319,0.656,1.329,15,-0.215,-0.094,0.000,20,1.047,1.329,0.115,-0.023,0.38,1.16,0.036,-0.003,0.974,-0.236,0.137,0.290
1744992811.78,-1,0.319,0.656,1.329,15,-0.215,-0.094,0.000,20,1.047,1.329,0.115,-0.023,0.38,1.16,0.036,-0.003,0.974,-0.236,0.137,0.290
1744992811.79,-1,0.319,0.656,1.329,15,-0.215,-0.094,0.000,20,1.047,1.329,0.115,-0.023,0.35,1.19,0.036,-0.001,0.976,-0.419,0.076,0.137
1744992811.79,-1,0.319,0.656,1.329,15,-0.215,-0.094,0.000,20,1.047,1.329,0.115,-0.023,0.35,1.19,0.036,-0.001,0.976,-0.419,0.076,0.137
1744992811.79,-1,0.319,0.656,1.329,15,-0.215,-0.094,0.000,20,1.047,1.329,0.115,-0.023,0.35,1.19,0.031,-0.016,0.968,-0.450,0.168,-0.076
1744992811.81,-1,0.319,0.656,1.329,15,-0.215,-0.094,0.000,20,1.047,1.329,0.115,-0.023,0.35,1.19,0.026,-0.034,0.967,-0.266,0.137,-0.107
1744992811.81,-1,0.319,0.656,1.329,15,-0.215,-0.094,0.000,20,1.047,1.329,0.115,-0.023,0.35,1.19,0.026,-0.034,0.967,-0.266,0.137,-0.107
1744992811.81,-1,0.319,0.656,1.329,15,-0.215,-0.094,0.000,20,1.047,1.329,0.115,-0.023,0.33,1.40,0.026,-0.026,0.961,-0.114,0.168,0.198
1744992811.81,-1,0.319,0.656,1.329,15,-0.215,-0.094,0.000,20,1.047,1.329,0.115,-0.023,0.33,1.40,0.026,-0.026,0.961,-0.114,0.168,0.198
1744992811.83,-1,0.319,0.656,1.329,15,-0.215,-0.094,0.000,20,1.047,1.329,0.115,-0.023,0.33,1.40,0.032,-0.018,0.975,0.130,0.412,0.046
1744992811.83,-1,0.319,0.656,1.329,15,-0.215,-0.094,0.000,20,1.047,1.329,0.115,-0.023,0.33,1.40,0.039,-0.010,0.968,0.130,0.137,-0.229
1744992811.84,-1,0.319,0.656,1.329,15,-0.215,-0.094,0.000,20,1.047,1.329,0.115,-0.023,0.33,1.40,0.039,-0.010,0.968,0.130,0.137,-0.229
1744992811.85,-1,0.319,0.656,1.329,16,-0.215,-0.094,0.000,20,1.047,1.329,0.115,-0.023,0.33,1.50,0.035,-0.008,0.971,-0.144,-0.046,-0.534
1744992811.85,-1,0.319,0.656,1.329,16,-0.215,-0.094,0.000,20,1.047,1.329,0.115,-0.023,0.33,1.50,0.035,-0.008,0.971,-0.144,-0.046,-0.534
1744992811.85,-1,0.319,0.656,1.329,16,-0.215,-0.094,0.000,20,1.047,1.329,0.115,-0.023,0.33,1.50,0.020,-0.012,0.959,-0.175,0.290,-0.259
1744992811.86,-1,0.319,0.656,1.329,16,-0.215,-0.094,0.000,20,1.047,1.329,0.115,-0.023,0.33,1.50,0.020,-0.016,0.963,-0.114,-0.107,0.351
1744992811.86,-1,0.319,0.656,1.329,16,-0.215,-0.094,0.000,20,1.047,1.329,0.115,-0.023,0.33,1.50,0.020,-0.016,0.963,-0.114,-0.107,0.351
1744992811.88,-1,0.319,0.656,1.329,16,-0.215,-0.094,0.000,20,1.047,1.329,0.115,-0.023,0.36,1.50,0.029,-0.012,0.976,-0.175,-0.015,0.229
1744992811.88,-1,0.319,0.656,1.329,16,-0.215,-0.094,0.000,20,1.047,1.329,0.115,-0.023,0.36,1.50,0.029,-0.012,0.976,-0.175,-0.015,0.229
1744992811.90,-1,0.319,0.656,1.329,16,-0.215,-0.094,0.000,20,1.047,1.329,0.115,-0.023,0.36,1.50,0.039,-0.017,0.964,-0.083,0.015,0.320
1744992811.90,-1,0.319,0.656,1.329,16,-0.215,-0.094,0.000,20,1.047,1.329,0.115,-0.023,0.36,1.50,0.036,-0.018,0.981,-0.419,-0.076,-0.381
1744992811.90,-1,0.319,0.656,1.329,16,-0.215,-0.094,0.000,20,1.047,1.329,0.115,-0.023,0.36,1.50,0.036,-0.018,0.981,-0.419,-0.076,-0.381
1744992811.90,-1,0.319,0.656,1.329,16,-0.215,-0.094,0.000,20,1.047,1.329,0.115,-0.023,0.35,1.50,0.027,-0.027,0.977,0.100,0.259,-0.198
1744992811.92,-1,0.319,0.656,1.329,16,-0.215,-0.094,0.000,20,1.047,1.329,0.115,-0.023,0.35,1.50,0.027,-0.027,0.977,0.100,0.259,-0.198
1744992811.92,-1,0.319,0.656,1.329,16,-0.215,-0.094,0.000,20,1.047,1.329,0.115,-0.023,0.35,1.50,0.027,-0.022,0.967,-0.022,0.137,-0.229
1744992811.92,-1,0.319,0.656,1.329,16,-0.215,-0.094,0.000,20,1.047,1.329,0.115,-0.023,0.35,1.50,0.032,-0.010,0.977,0.130,-0.046,0.015
1744992811.92,-1,0.319,0.656,1.329,16,-0.215,-0.094,0.000,20,1.047,1.329,0.115,-0.023,0.35,1.50,0.032,-0.010,0.977,0.130,-0.046,0.015
1744992811.94,-1,0.319,0.656,1.329,16,-0.215,-0.094,0.000,20,1.047,1.329,0.115,-0.023,0.35,1.50,0.034,-0.008,0.965,0.069,0.351,0.137
1744992811.94,-1,0.319,0.656,1.329,16,-0.215,-0.094,0.000,20,1.047,1.329,0.115,-0.023,0.35,1.50,0.034,-0.008,0.965,0.069,0.351,0.137
1744992811.95,-1,0.319,0.656,1.329,16,-0.215,-0.094,0.000,20,1.047,1.329,0.115,-0.023,0.35,1.50,0.031,-0.007,0.967,-0.114,-0.168,0.046
1744992811.95,-1,0.319,0.656,1.329,16,-0.215,-0.094,0.000,20,1.047,1.329,0.115,-0.023,0.35,1.50,0.027,-0.016,0.966,-0.419,0.290,-0.015
1744992811.96,-1,0.319,0.656,1.329,16,-0.215,-0.094,0.000,20,1.047,1.329,0.115,-0.023,0.35,1.50,0.027,-0.016,0.966,-0.419,0.290,-0.015
1744992811.96,-1,0.319,0.656,1.329,16,-0.215,-0.094,0.000,20,1.047,1.329,0.115,-0.023,0.37,1.50,0.031,-0.019,0.961,-0.266,0.137,0.137
1744992811.96,-1,0.319,0.656,1.329,16,-0.215,-0.094,0.000,20,1.047,1.329,0.115,-0.023,0.37,1.50,0.031,-0.019,0.961,-0.266,0.137,0.137
# remark: robobot/cmd/T0/servo 1 -900 0
1744992811.98,-1,0.319,0.656,1.329,16,-0.215,-0.094,0.000,20,1.047,1.329,0.115,-0.023,0.37,1.50,0.037,-0.023,0.973,-0.022,0.168,0.229
1744992811.98,-1,0.319,0.656,1.329,16,-0.215,-0.094,0.000,20,1.047,1.329,0.115,-0.023,0.37,1.50,0.032,-0.023,0.968,0.039,-0.229,-0.076
1744992811.98,-1,0.319,0.656,1.329,16,-0.215,-0.094,0.000,20,1.047,1.329,0.115,-0.023,0.37,1.50,0.032,-0.023,0.968,0.039,-0.229,-0.076
1744992811.99,-1,0.319,0.656,1.329,16,-0.215,-0.094,0.000,20,1.047,1.329,0.115,-0.023,0.38,1.50,0.032,-0.019,0.978,0.130,0.076,-0.320
1744992812.01,-1,0.319,0.656,1.329,16,-0.215,-0.094,0.000,20,1.047,1.329,0.115,-0.023,0.38,1.50,0.032,-0.019,0.978,0.130,0.076,-0.320
1744992812.01,-1,0.319,0.656,1.329,16,-0.215,-0.094,0.000,20,1.047,1.329,0.115,-0.023,0.38,1.50,0.031,-0.021,0.974,0.039,0.381,-0.168
1744992812.01,-1,0.319,0.656,1.329,16,-0.215,-0.094,0.000,20,1.047,1.329,0.115,-0.023,0.38,1.50,0.029,-0.010,0.968,-0.053,0.107,-0.168
1744992812.01,-1,0.319,0.656,1.329,16,-0.215,-0.094,0.000,20,1.047,1.329,0.115,-0.023,0.38,1.50,0.029,-0.010,0.968,-0.053,0.107,-0.168
1744992812.02,-1,0.319,0.656,1.329,16,-0.215,-0.094,0.000,20,1.047,1.329,0.115,-0.023,0.39,1.50,0.030,-0.008,0.970,0.100,-0.046,0.076
1744992812.02,-1,0.319,0.656,1.329,16,-0.215,-0.094,0.000,20,1.047,1.329,0.115,-0.023,0.39,1.50,0.030,-0.008,0.970,0.100,-0.046,0.076
1744992812.04,-1,0.319,0.656,1.329,16,-0.215,-0.094,0.000,20,1.047,1.329,0.115,-0.023,0.39,1.50,0.032,-0.012,0.965,0.039,0.198,-0.076
1744992812.04,-1,0.319,0.656,1.329,16,-0.215,-0.094,0.000,20,1.047,1.329,0.115,-0.023,0.39,1.50,0.025,-0.018,0.967,-0.083,-0.076,0.046
1744992812.04,-1,0.319,0.656,1.329,16,-0.215,-0.094,0.000,20,1.047,1.329,0.115,-0.023,0.39,1.50,0.025,-0.018,0.967,-0.083,-0.076,0.046
1744992812.06,-1,0.319,0.656,1.329,16,-0.215,-0.094,0.000,20,1.047,1.329,0.115,-0.023,0.37,1.49,0.036,-0.016,0.971,-0.175,0.259,0.168
1744992812.06,-1,0.319,0.656,1.329,16,-0.215,-0.094,0.000,20,1.047,1.329,0.115,-0.023,0.37,1.49,0.036,-0.016,0.971,-0.175,0.259,0.168
1744992812.08,-1,0.319,0.656,1.329,16,-0.215,-0.094,0.000,20,1.047,1.329,0.115,-0.023,0.37,1.49,0.025,-0.019,0.971,-0.053,0.320,-0.015
1744992812.08,-1,0.319,0.656,1.329,16,-0.215,-0.094,0.000,20,1.047,1.329,0.115,-0.023,0.37,1.49,0.036,-0.017,0.985,0.069,0.107,-0.381
1744992812.09,-1,0.319,0.656,1.329,16,-0.215,-0.094,0.000,20,1.047,1.329,0.115,-0.023,0.37,1.49,0.036,-0.017,0.985,0.069,0.107,-0.381
1744992812.09,-1,0.319,0.656,1.329,16,-0.215,-0.094,0.000,20,1.047,1.329,0.115,-0.023,0.35,1.50,0.032,-0.019,0.970,-0.236,-0.015,-0.107
1744992812.09,-1,0.319,0.656,1.329,16,-0.215,-0.094,0.000,20,1.047,1.329,0.115,-0.023,0.35,1.50,0.032,-0.019,0.970,-0.236,-0.015,-0.107
1744992812.10,-1,0.319,0.656,1.329,16,-0.215,-0.094,0.000,20,1.047,1.329,0.115,-0.023,0.35,1.50,0.029,-0.021,0.957,0.130,-0.137,-0.259
1744992812.11,-1,0.319,0.656,1.329,16,-0.215,-0.094,0.000,20,1.047,1.329,0.115,-0.023,0.35,1.50,0.026,-0.018,0.961,-0.053,0.168,0.198
1744992812.11,-1,0.319,0.656,1.329,16,-0.215,-0.094,0.000,20,1.047,1.329,0.115,-0.023,0.35,1.50,0.026,-0.018,0.961,-0.053,0.168,0.198
1744992812.11,-1,0.319,0.656,1.329,16,-0.215,-0.094,0.000,20,1.047,1.329,0.115,-0.023,0.35,1.50,0.032,-0.010,0.968,0.191,0.076,-0.259
1744992812.11,-1,0.319,0.656,1.329,16,-0.215,-0.094,0.000,20,1.047,1.329,0.115,-0.023,0.35,1.50,0.032,-0.010,0.968,0.191,0.076,-0.259
1744992812.12,-1,0.319,0.656,1.329,16,-0.215,-0.094,0.000,20,1.047,1.329,0.115,-0.023,0.35,1.50,0.031,-0.006,0.964,-0.236,0.229,-0.198
1744992812.13,-1,0.319,0.656,1.329,16,-0.215,-0.094,0.000,20,1.047,1.329,0.115,-0.023,0.35,1.50,0.027,-0.016,0.963,0.130,0.259,-0.259
1744992812.14,-1,0.319,0.656,1.329,16,-0.215,-0.094,0.000,20,1.047,1.329,0.115,-0.023,0.35,1.50,0.027,-0.016,0.963,0.130,0.259,-0.259
1744992812.14,-1,0.319,0.656,1.329,16,-0.215,-0.094,0.000,20,1.047,1.329,0.115,-0.023,0.33,1.27,0.026,-0.021,0.962,-0.327,0.076,0.046
1744992812.14,-1,0.319,0.656,1.329,16,-0.215,-0.094,0.000,20,1.047,1.329,0.115,-0.023,0.33,1.27,0.026,-0.021,0.962,-0.327,0.076,0.046
1744992812.16,-1,0.319,0.656,1.329,16,-0.215,-0.094,0.000,20,1.047,1.329,0.115,-0.023,0.33,1.27,0.025,-0.024,0.982,-0.419,-0.046,0.320
1744992812.16,-1,0.319,0.656,1.329,16,-0.215,-0.094,0.000,20,1.047,1.329,0.115,-0.023,0.33,1.27,0.034,-0.012,0.972,-0.114,0.320,-0.198
1744992812.17,-1,0.319,0.656,1.329,16,-0.215,-0.094,0.000,20,1.047,1.329,0.115,-0.023,0.33,1.27,0.034,-0.012,0.972,-0.114,0.320,-0.198
# remark: robobot/cmd/ti/alive 2025-04-18 18:13:08.652491
1744992812.19,-1,0.319,0.656,1.329,16,-0.215,-0.094,0.000,20,1.047,1.329,0.115,-0.023,0.33,1.50,0.036,-0.013,0.979,-0.053,0.290,0.320
1744992812.19,-1,0.319,0.656,1.329,16,-0.215,-0.094,0.000,20,1.047,1.329,0.115,-0.023,0.33,1.50,0.036,-0.013,0.979,-0.053,0.290,0.320
1744992812.19,-1,0.319,0.656,1.329,16,-0.215,-0.094,0.000,20,1.047,1.329,0.115,-0.023,0.33,1.50,0.032,-0.013,0.973,0.252,0.229,-0.320
1744992812.20,-1,0.319,0.656,1.329,16,-0.215,-0.094,0.000,20,1.047,1.329,0.115,-0.023,0.33,1.50,0.020,-0.015,0.962,0.130,-0.107,-0.442
1744992812.20,-1,0.319,0.656,1.329,16,-0.215,-0.094,0.000,20,1.047,1.329,0.115,-0.023,0.33,1.50,0.020,-0.015,0.962,0.130,-0.107,-0.442
1744992812.21,-1,0.319,0.656,1.329,16,-0.215,-0.094,0.000,20,1.047,1.329,0.115,-0.023,0.35,1.50,0.025,-0.018,0.967,0.039,0.290,-0.137
1744992812.21,-1,0.319,0.656,1.329,16,-0.215,-0.094,0.000,20,1.047,1.329,0.115,-0.023,0.35,1.50,0.025,-0.018,0.967,0.039,0.290,-0.137
1744992812.22,-1,0.319,0.656,1.329,16,-0.215,-0.094,0.000,20,1.047,1.329,0.115,-0.023,0.35,1.50,0.032,-0.014,0.963,-0.175,0.229,0.015
1744992812.22,-1,0.319,0.656,1.329,16,-0.215,-0.094,0.000,20,1.047,1.329,0.115,-0.023,0.35,1.50,0.036,-0.008,0.977,-0.114,0.229,-0.015
1744992812.23,-1,0.319,0.656,1.329,16,-0.215,-0.094,0.000,20,1.047,1.329,0.115,-0.023,0.35,1.50,0.036,-0.008,0.977,-0.114,0.229,-0.015
1744992812.24,-1,0.319,0.656,1.329,16,-0.215,-0.094,0.000,20,1.047,1.329,0.115,-0.023,0.38,1.35,0.037,-0.015,0.972,-0.144,0.137,-0.076
1744992812.24,-1,0.319,0.656,1.329,16,-0.215,-0.094,0.000,20,1.047,1.329,0.115,-0.023,0.38,1.35,0.037,-0.015,0.972,-0.144,0.137,-0.076
1744992812.24,-1,0.319,0.656,1.329,16,-0.215,-0.094,0.000,20,1.047,1.329,0.115,-0.023,0.38,1.35,0.032,-0.022,0.974,0.008,0.320,-0.320
1744992812.25,-1,0.319,0.656,1.329,16,-0.215,-0.094,0.000,20,1.047,1.329,0.115,-0.023,0.38,1.35,0.028,-0.025,0.962,0.039,-0.015,-0.320
1744992812.26,-1,0.319,0.656,1.329,16,-0.215,-0.094,0.000,20,1.047,1.329,0.115,-0.023,0.38,1.35,0.028,-0.025,0.962,0.039,-0.015,-0.320
1744992812.27,-1,0.319,0.656,1.329,16,-0.215,-0.094,0.000,20,1.047,1.329,0.115,-0.023,0.35,1.49,0.026,-0.017,0.971,-0.053,-0.046,0.168
1744992812.27,-1,0.319,0.656,1.329,16,-0.215,-0.094,0.000,20,1.047,1.329,0.115,-0.023,0.35,1.49,0.026,-0.017,0.971,-0.053,-0.046,0.168
1744992812.28,-1,0.319,0.656,1.329,16,-0.215,-0.094,0.000,20,1.047,1.329,0.115,-0.023,0.35,1.49,0.033,-0.011,0.973,0.069,0.198,0.076
1744992812.28,-1,0.319,0.656,1.329,16,-0.215,-0.094,0.000,20,1.047,1.329,0.115,-0.023,0.35,1.49,0.036,-0.006,0.967,-0.144,-0.076,-0.412
1744992812.29,-1,0.319,0.656,1.329,16,-0.215,-0.094,0.000,20,1.047,1.329,0.115,-0.023,0.35,1.49,0.036,-0.006,0.967,-0.144,-0.076,-0.412
1744992812.30,-1,0.319,0.656,1.329,16,-0.215,-0.094,0.000,20,1.047,1.329,0.115,-0.023,0.35,1.50,0.027,-0.013,0.978,0.191,0.473,-0.381
1744992812.30,-1,0.319,0.656,1.329,16,-0.215,-0.094,0.000,20,1.047,1.329,0.115,-0.023,0.35,1.50,0.027,-0.013,0.978,0.191,0.473,-0.381
1744992812.31,-1,0.319,0.656,1.329,16,-0.215,-0.094,0.000,20,1.047,1.329,0.115,-0.023,0.35,1.50,0.030,-0.020,0.960,-0.297,0.137,-0.198
1744992812.31,-1,0.319,0.656,1.329,16,-0.215,-0.094,0.000,20,1.047,1.329,0.115,-0.023,0.35,1.50,0.030,-0.020,0.985,-0.327,0.229,0.198
1744992812.32,-1,0.319,0.656,1.329,16,-0.215,-0.094,0.000,20,1.047,1.329,0.115,-0.023,0.35,1.50,0.030,-0.020,0.985,-0.327,0.229,0.198
1744992812.33,-1,0.319,0.656,1.329,16,-0.215,-0.094,0.000,20,1.047,1.329,0.115,-0.023,0.36,1.38,0.035,-0.012,0.961,-0.358,0.137,0.259
1744992812.33,-1,0.319,0.656,1.329,16,-0.215,-0.094,0.000,20,1.047,1.329,0.115,-0.023,0.36,1.38,0.035,-0.012,0.961,-0.358,0.137,0.259
1744992812.34,-1,0.319,0.656,1.329,16,-0.215,-0.094,0.000,20,1.047,1.329,0.115,-0.023,0.36,1.38,0.032,-0.013,0.971,-0.266,-0.015,0.015
1744992812.36,-1,0.319,0.656,1.329,16,-0.215,-0.094,0.000,20,1.047,1.329,0.115,-0.023,0.36,1.38,0.030,-0.016,0.979,0.100,0.168,-0.320
1744992812.36,-1,0.319,0.656,1.329,16,-0.215,-0.094,0.000,20,1.047,1.329,0.115,-0.023,0.36,1.38,0.030,-0.016,0.979,0.100,0.168,-0.320
1744992812.36,-1,0.319,0.656,1.329,16,-0.215,-0.094,0.000,20,1.047,1.329,0.115,-0.023,0.35,1.31,0.029,-0.017,0.958,-0.236,0.259,-0.046
1744992812.36,-1,0.319,0.656,1.329,16,-0.215,-0.094,0.000,20,1.047,1.329,0.115,-0.023,0.35,1.31,0.029,-0.017,0.958,-0.236,0.259,-0.046
1744992812.37,-1,0.319,0.656,1.329,16,-0.215,-0.094,0.000,20,1.047,1.329,0.115,-0.023,0.35,1.31,0.028,-0.016,0.977,0.161,0.137,-0.076
1744992812.37,-1,0.319,0.656,1.329,16,-0.215,-0.094,0.000,20,1.047,1.329,0.115,-0.023,0.35,1.31,0.033,-0.017,0.955,-0.022,0.107,0.168
1744992812.38,-1,0.319,0.656,1.329,16,-0.215,-0.094,0.000,20,1.047,1.329,0.115,-0.023,0.35,1.31,0.033,-0.017,0.955,-0.022,0.107,0.168
1744992812.39,-1,0.319,0.656,1.329,16,-0.215,-0.094,0.000,20,1.047,1.329,0.115,-0.023,0.33,1.50,0.027,-0.007,0.979,-0.053,-0.107,0.107
1744992812.39,-1,0.319,0.656,1.329,16,-0.215,-0.094,0.000,20,1.047,1.329,0.115,-0.023,0.33,1.50,0.027,-0.007,0.979,-0.053,-0.107,0.107
1744992812.40,-1,0.319,0.656,1.329,16,-0.215,-0.094,0.000,20,1.047,1.329,0.115,-0.023,0.33,1.50,0.032,-0.012,0.974,-0.053,0.198,-0.137
1744992812.41,-1,0.319,0.656,1.329,16,-0.215,-0.094,0.000,20,1.047,1.329,0.115,-0.023,0.33,1.50,0.030,-0.019,0.969,-0.327,0.198,-0.198
1744992812.41,-1,0.319,0.656,1.329,16,-0.215,-0.094,0.000,20,1.047,1.329,0.115,-0.023,0.33,1.50,0.030,-0.019,0.969,-0.327,0.198,-0.198
1744992812.42,-1,0.319,0.656,1.329,16,-0.215,-0.094,0.000,20,1.047,1.329,0.115,-0.023,0.36,1.43,0.029,-0.020,0.969,0.100,-0.015,-0.107
1744992812.42,-1,0.319,0.656,1.329,16,-0.215,-0.094,0.000,20,1.047,1.329,0.115,-0.023,0.36,1.43,0.029,-0.020,0.969,0.100,-0.015,-0.107
1744992812.43,-1,0.319,0.656,1.329,16,-0.215,-0.094,0.000,20,1.047,1.329,0.115,-0.023,0.36,1.43,0.030,-0.021,0.955,-0.175,-0.046,0.137
1744992812.43,-1,0.319,0.656,1.329,16,-0.215,-0.094,0.000,20,1.047,1.329,0.115,-0.023,0.36,1.43,0.029,-0.013,0.972,0.100,0.076,0.076
1744992812.43,-1,0.319,0.656,1.329,16,-0.215,-0.094,0.000,20,1.047,1.329,0.115,-0.023,0.36,1.43,0.029,-0.013,0.972,0.100,0.076,0.076
1744992812.45,-1,0.319,0.656,1.329,17,-0.215,-0.094,0.000,20,1.047,1.329,0.115,-0.023,0.37,1.08,0.037,-0.010,0.975,0.161,0.259,-0.015
1744992812.45,-1,0.319,0.656,1.329,17,-0.215,-0.094,0.000,20,1.047,1.329,0.115,-0.023,0.37,1.08,0.037,-0.010,0.975,0.161,0.259,-0.015
1744992812.46,-1,0.319,0.656,1.329,17,-0.215,-0.094,0.000,20,1.047,1.329,0.115,-0.023,0.37,1.08,0.030,-0.013,0.976,-0.083,0.168,-0.381
1744992812.46,-1,0.319,0.656,1.329,17,-0.215,-0.094,0.000,20,1.047,1.329,0.115,-0.023,0.37,1.08,0.027,-0.019,0.968,0.100,0.046,-0.076
1744992812.47,-1,0.319,0.656,1.329,17,-0.215,-0.094,0.000,20,1.047,1.329,0.115,-0.023,0.37,1.08,0.027,-0.019,0.968,0.100,0.046,-0.076
1744992812.48,-1,0.319,0.656,1.329,17,-0.215,-0.094,0.000,20,1.047,1.329,0.115,-0.023,0.35,1.33,0.026,-0.026,0.963,0.069,0.076,-0.046
1744992812.48,-1,0.319,0.656,1.329,17,-0.215,-0.094,0.000,20,1.047,1.329,0.115,-0.023,0.35,1.33,0.026,-0.026,0.963,0.069,0.076,-0.046
1744992812.48,-1,0.319,0.656,1.329,17,-0.215,-0.094,0.000,20,1.047,1.329,0.115,-0.023,0.35,1.33,0.033,-0.019,0.971,-0.022,0.168,0.229
1744992812.49,-1,0.319,0.656,1.329,17,-0.215,-0.094,0.000,20,1.047,1.329,0.115,-0.023,0.35,1.33,0.033,-0.017,0.965,-0.083,0.351,0.046
1744992812.49,-1,0.319,0.656,1.329,17,-0.215,-0.094,0.000,20,1.047,1.329,0.115,-0.023,0.35,1.33,0.033,-0.017,0.965,-0.083,0.351,0.046
1744992812.51,-1,0.319,0.656,1.329,17,-0.215,-0.094,0.000,20,1.047,1.329,0.115,-0.023,0.34,1.50,0.031,-0.015,0.969,-0.144,0.046,-0.259
1744992812.51,-1,0.319,0.656,1.329,17,-0.215,-0.094,0.000,20,1.047,1.329,0.115,-0.023,0.34,1.50,0.031,-0.015,0.969,-0.144,0.046,-0.259
1744992812.52,-1,0.319,0.656,1.329,17,-0.215,-0.094,0.000,20,1.047,1.329,0.115,-0.023,0.34,1.50,0.032,-0.018,0.969,-0.022,0.137,-0.198
1744992812.52,-1,0.319,0.656,1.329,17,-0.215,-0.094,0.000,20,1.047,1.329,0.115,-0.023,0.34,1.50,0.025,-0.020,0.964,-0.205,0.137,-0.229
1744992812.54,-1,0.319,0.656,1.329,17,-0.215,-0.094,0.000,20,1.047,1.329,0.115,-0.023,0.34,1.50,0.025,-0.020,0.964,-0.205,0.137,-0.229
1744992812.54,-1,0.319,0.656,1.329,17,-0.215,-0.094,0.000,20,1.047,1.329,0.115,-0.023,0.36,1.46,0.029,-0.017,0.970,-0.266,0.107,0.137
1744992812.54,-1,0.319,0.656,1.329,17,-0.215,-0.094,0.000,20,1.047,1.329,0.115,-0.023,0.36,1.46,0.029,-0.017,0.970,-0.266,0.107,0.137
1744992812.55,-1,0.319,0.656,1.329,17,-0.215,-0.094,0.000,20,1.047,1.329,0.115,-0.023,0.36,1.46,0.033,-0.011,0.971,0.008,-0.015,0.015
1744992812.56,-1,0.319,0.656,1.329,17,-0.215,-0.094,0.000,20,1.047,1.329,0.115,-0.023,0.36,1.46,0.035,-0.015,0.979,-0.266,0.076,-0.015
1744992812.56,-1,0.319,0.656,1.329,17,-0.215,-0.094,0.000,20,1.047,1.329,0.115,-0.023,0.36,1.46,0.035,-0.015,0.979,-0.266,0.076,-0.015
# remark: robobot/cmd/T0/servo 1 -900 0
1744992812.58,-1,0.319,0.656,1.329,17,-0.215,-0.094,0.000,20,1.047,1.329,0.115,-0.023,0.36,1.50,0.037,-0.020,0.974,0.313,0.015,-0.381
1744992812.58,-1,0.319,0.656,1.329,17,-0.215,-0.094,0.000,20,1.047,1.329,0.115,-0.023,0.36,1.50,0.037,-0.020,0.974,0.313,0.015,-0.381
1744992812.58,-1,0.319,0.656,1.329,17,-0.215,-0.094,0.000,20,1.047,1.329,0.115,-0.023,0.36,1.50,0.029,-0.023,0.969,0.008,0.320,-0.137
1744992812.58,-1,0.319,0.656,1.329,17,-0.215,-0.094,0.000,20,1.047,1.329,0.115,-0.023,0.36,1.50,0.031,-0.020,0.962,-0.022,-0.046,-0.076
1744992812.59,-1,0.319,0.656,1.329,17,-0.215,-0.094,0.000,20,1.047,1.329,0.115,-0.023,0.36,1.50,0.031,-0.020,0.962,-0.022,-0.046,-0.076
1744992812.60,-1,0.319,0.656,1.329,17,-0.215,-0.094,0.000,20,1.047,1.329,0.115,-0.023,0.37,1.50,0.031,-0.010,0.971,0.100,0.198,0.259
1744992812.60,-1,0.319,0.656,1.329,17,-0.215,-0.094,0.000,20,1.047,1.329,0.115,-0.023,0.37,1.50,0.031,-0.010,0.971,0.100,0.198,0.259
1744992812.61,-1,0.319,0.656,1.329,17,-0.215,-0.094,0.000,20,1.047,1.329,0.115,-0.023,0.37,1.50,0.032,-0.007,0.967,0.008,0.046,0.076
1744992812.61,-1,0.319,0.656,1.329,17,-0.215,-0.094,0.000,20,1.047,1.329,0.115,-0.023,0.37,1.50,0.027,-0.015,0.980,0.069,0.046,-0.198
1744992812.62,-1,0.319,0.656,1.329,17,-0.215,-0.094,0.000,20,1.047,1.329,0.115,-0.023,0.37,1.50,0.027,-0.015,0.980,0.069,0.046,-0.198
1744992812.63,-1,0.319,0.656,1.329,17,-0.215,-0.094,0.000,20,1.047,1.329,0.115,-0.023,0.39,1.34,0.028,-0.018,0.971,0.039,0.137,-0.137
1744992812.63,-1,0.319,0.656,1.329,17,-0.215,-0.094,0.000,20,1.047,1.329,0.115,-0.023,0.39,1.34,0.028,-0.018,0.971,0.039,0.137,-0.137
1744992812.64,-1,0.319,0.656,1.329,17,-0.215,-0.094,0.000,20,1.047,1.329,0.115,-0.023,0.39,1.34,0.034,-0.020,0.970,-0.327,0.015,0.107
1744992812.64,-1,0.319,0.656,1.329,17,-0.215,-0.094,0.000,20,1.047,1.329,0.115,-0.023,0.39,1.34,0.028,-0.019,0.973,-0.083,-0.076,-0.046
1744992812.65,-1,0.319,0.656,1.329,17,-0.215,-0.094,0.000,20,1.047,1.329,0.115,-0.023,0.39,1.34,0.028,-0.019,0.973,-0.083,-0.076,-0.046
1744992812.65,-1,0.319,0.656,1.329,17,-0.215,-0.094,0.000,20,1.047,1.329,0.115,-0.023,0.37,1.34,0.035,-0.016,0.967,0.069,0.137,-0.198
1744992812.65,-1,0.319,0.656,1.329,17,-0.215,-0.094,0.000,20,1.047,1.329,0.115,-0.023,0.37,1.34,0.035,-0.016,0.967,0.069,0.137,-0.198
1744992812.67,-1,0.319,0.656,1.329,17,-0.215,-0.094,0.000,20,1.047,1.329,0.115,-0.023,0.37,1.34,0.029,-0.014,0.975,-0.114,-0.076,-0.076
1744992812.67,-1,0.319,0.656,1.329,17,-0.215,-0.094,0.000,20,1.047,1.329,0.115,-0.023,0.37,1.34,0.030,-0.019,0.973,0.100,0.381,0.076
1744992812.68,-1,0.319,0.656,1.329,17,-0.215,-0.094,0.000,20,1.047,1.329,0.115,-0.023,0.37,1.34,0.030,-0.019,0.973,0.100,0.381,0.076
1744992812.68,-1,0.319,0.656,1.329,17,-0.215,-0.094,0.000,20,1.047,1.329,0.115,-0.023,0.35,1.50,0.025,-0.019,0.964,-0.053,-0.107,-0.320
1744992812.68,-1,0.319,0.656,1.329,17,-0.215,-0.094,0.000,20,1.047,1.329,0.115,-0.023,0.35,1.50,0.025,-0.019,0.964,-0.053,-0.107,-0.320
1744992812.70,-1,0.319,0.656,1.329,17,-0.215,-0.094,0.000,20,1.047,1.329,0.115,-0.023,0.35,1.50,0.026,-0.018,0.976,-0.114,0.076,0.290
1744992812.71,-1,0.319,0.656,1.329,17,-0.215,-0.094,0.000,20,1.047,1.329,0.115,-0.023,0.35,1.50,0.034,-0.018,0.973,-0.266,0.107,-0.015
1744992812.71,-1,0.319,0.656,1.329,17,-0.215,-0.094,0.000,20,1.047,1.329,0.115,-0.023,0.35,1.50,0.034,-0.018,0.973,-0.266,0.107,-0.015
1744992812.72,-1,0.319,0.656,1.329,17,-0.215,-0.094,0.000,20,1.047,1.329,0.115,-0.023,0.37,1.50,0.032,-0.015,0.966,-0.175,-0.137,0.015
1744992812.72,-1,0.319,0.656,1.329,17,-0.215,-0.094,0.000,20,1.047,1.329,0.115,-0.023,0.37,1.50,0.032,-0.015,0.966,-0.175,-0.137,0.015
# remark: robobot/cmd/ti/alive 2025-04-18 18:13:08.652491
1744992812.73,-1,0.319,0.656,1.329,17,-0.215,-0.094,0.000,20,1.047,1.329,0.115,-0.023,0.37,1.50,0.031,-0.019,0.971,-0.022,0.168,-0.076
1744992812.73,-1,0.319,0.656,1.329,17,-0.215,-0.094,0.000,20,1.047,1.329,0.115,-0.023,0.37,1.50,0.028,-0.021,0.969,0.161,0.381,-0.107
1744992812.74,-1,0.319,0.656,1.329,17,-0.215,-0.094,0.000,20,1.047,1.329,0.115,-0.023,0.37,1.50,0.028,-0.021,0.969,0.161,0.381,-0.107
1744992812.74,-1,0.319,0.656,1.329,17,-0.215,-0.094,0.000,20,1.047,1.329,0.115,-0.023,0.39,1.22,0.030,-0.020,0.970,0.161,-0.015,0.107
1744992812.74,-1,0.319,0.656,1.329,17,-0.215,-0.094,0.000,20,1.047,1.329,0.115,-0.023,0.39,1.22,0.030,-0.020,0.970,0.161,-0.015,0.107
1744992812.75,-1,0.319,0.656,1.329,17,-0.215,-0.094,0.000,20,1.047,1.329,0.115,-0.023,0.39,1.22,0.030,-0.008,0.971,-0.144,0.229,0.076
1744992812.76,-1,0.319,0.656,1.329,17,-0.215,-0.094,0.000,20,1.047,1.329,0.115,-0.023,0.39,1.22,0.033,-0.010,0.968,-0.144,0.168,0.198
1744992812.77,-1,0.319,0.656,1.329,17,-0.215,-0.094,0.000,20,1.047,1.329,0.115,-0.023,0.39,1.22,0.033,-0.010,0.968,-0.144,0.168,0.198
1744992812.78,-1,0.319,0.656,1.329,17,-0.215,-0.094,0.000,20,1.047,1.329,0.115,-0.023,0.37,1.37,0.029,-0.015,0.965,-0.083,-0.229,-0.198
1744992812.78,-1,0.319,0.656,1.329,17,-0.215,-0.094,0.000,20,1.047,1.329,0.115,-0.023,0.37,1.37,0.029,-0.015,0.965,-0.083,-0.229,-0.198
1744992812.79,-1,0.319,0.656,1.329,17,-0.215,-0.094,0.000,20,1.047,1.329,0.115,-0.023,0.37,1.37,0.030,-0.020,0.974,-0.022,0.168,-0.046
1744992812.79,-1,0.319,0.656,1.329,17,-0.215,-0.094,0.000,20,1.047,1.329,0.115,-0.023,0.37,1.37,0.035,-0.023,0.958,0.130,0.046,-0.168
1744992812.80,-1,0.319,0.656,1.329,17,-0.215,-0.094,0.000,20,1.047,1.329,0.115,-0.023,0.37,1.37,0.035,-0.023,0.958,0.130,0.046,-0.168
1744992812.81,-1,0.319,0.656,1.329,17,-0.215,-0.094,0.000,20,1.047,1.329,0.115,-0.023,0.40,1.38,0.027,-0.021,0.969,0.008,-0.046,-0.046
1744992812.81,-1,0.319,0.656,1.329,17,-0.215,-0.094,0.000,20,1.047,1.329,0.115,-0.023,0.40,1.38,0.027,-0.021,0.969,0.008,-0.046,-0.046
1744992812.82,-1,0.319,0.656,1.329,17,-0.215,-0.094,0.000,20,1.047,1.329,0.115,-0.023,0.40,1.38,0.033,-0.018,0.976,0.191,0.443,0.076
1744992812.82,-1,0.319,0.656,1.329,17,-0.215,-0.094,0.000,20,1.047,1.329,0.115,-0.023,0.40,1.38,0.033,-0.014,0.964,0.069,-0.198,-0.351
1744992812.84,-1,0.319,0.656,1.329,17,-0.215,-0.094,0.000,20,1.047,1.329,0.115,-0.023,0.40,1.38,0.033,-0.014,0.964,0.069,-0.198,-0.351
1744992812.84,-1,0.319,0.656,1.329,17,-0.215,-0.094,0.000,20,1.047,1.329,0.115,-0.023,0.39,1.37,0.027,-0.017,0.976,0.100,0.443,0.229
1744992812.84,-1,0.319,0.656,1.329,17,-0.215,-0.094,0.000,20,1.047,1.329,0.115,-0.023,0.39,1.37,0.027,-0.017,0.976,0.100,0.443,0.229
1744992812.85,-1,0.319,0.656,1.329,17,-0.215,-0.094,0.000,20,1.047,1.329,0.115,-0.023,0.39,1.37,0.029,-0.017,0.967,0.191,0.412,-0.015
1744992812.85,-1,0.319,0.656,1.329,17,-0.215,-0.094,0.000,20,1.047,1.329,0.115,-0.023,0.39,1.37,0.026,-0.021,0.960,0.039,-0.107,-0.046
1744992812.87,-1,0.319,0.656,1.329,17,-0.215,-0.094,0.000,20,1.047,1.329,0.115,-0.023,0.39,1.37,0.026,-0.021,0.960,0.039,-0.107,-0.046
1744992812.87,-1,0.319,0.656,1.329,17,-0.215,-0.094,0.000,20,1.047,1.329,0.115,-0.023,0.35,1.50,0.031,-0.016,0.980,-0.175,0.534,-0.107
1744992812.87,-1,0.319,0.656,1.329,17,-0.215,-0.094,0.000,20,1.047,1.329,0.115,-0.023,0.35,1.50,0.031,-0.016,0.980,-0.175,0.534,-0.107
1744992812.88,-1,0.319,0.656,1.329,17,-0.215,-0.094,0.000,20,1.047,1.329,0.115,-0.023,0.35,1.50,0.034,-0.015,0.965,-0.022,0.565,-0.015
1744992812.88,-1,0.319,0.656,1.329,17,-0.215,-0.094,0.000,20,1.047,1.329,0.115,-0.023,0.35,1.50,0.035,-0.014,0.964,-0.114,-0.656,-0.076
1744992812.89,-1,0.319,0.656,1.329,17,-0.215,-0.094,0.000,20,1.047,1.329,0.115,-0.023,0.35,1.50,0.035,-0.014,0.964,-0.114,-0.656,-0.076
1744992812.90,-1,0.319,0.656,1.329,17,-0.215,-0.094,0.000,20,1.047,1.329,0.115,-0.023,0.34,1.50,0.027,-0.020,0.975,-0.022,0.198,-0.107
1744992812.90,-1,0.319,0.656,1.329,17,-0.215,-0.094,0.000,20,1.047,1.329,0.115,-0.023,0.34,1.50,0.027,-0.020,0.975,-0.022,0.198,-0.107
1744992812.90,-1,0.319,0.656,1.329,17,-0.215,-0.094,0.000,20,1.047,1.329,0.115,-0.023,0.34,1.50,0.031,-0.018,0.959,-0.236,0.046,-0.076
1744992812.91,-1,0.319,0.656,1.329,17,-0.215,-0.094,0.000,20,1.047,1.329,0.115,-0.023,0.34,1.50,0.026,-0.022,0.967,-0.114,-0.076,-0.076
1744992812.91,-1,0.319,0.656,1.329,17,-0.215,-0.094,0.000,20,1.047,1.329,0.115,-0.023,0.34,1.50,0.026,-0.022,0.967,-0.114,-0.076,-0.076
1744992812.94,-1,0.319,0.656,1.329,17,-0.215,-0.094,0.000,20,1.047,1.329,0.115,-0.023,0.36,1.50,0.034,-0.012,0.978,0.008,0.290,0.046
1744992812.94,-1,0.319,0.656,1.329,17,-0.215,-0.094,0.000,20,1.047,1.329,0.115,-0.023,0.36,1.50,0.034,-0.012,0.978,0.008,0.290,0.046
1744992812.94,-1,0.319,0.656,1.329,17,-0.215,-0.094,0.000,20,1.047,1.329,0.115,-0.023,0.36,1.50,0.036,-0.009,0.966,-0.083,0.076,0.076
1744992812.94,-1,0.319,0.656,1.329,17,-0.215,-0.094,0.000,20,1.047,1.329,0.115,-0.023,0.36,1.50,0.031,-0.016,0.978,0.039,-0.015,-0.107
1744992812.95,-1,0.319,0.656,1.329,17,-0.215,-0.094,0.000,20,1.047,1.329,0.115,-0.023,0.36,1.50,0.031,-0.016,0.978,0.039,-0.015,-0.107
1744992812.95,-1,0.319,0.656,1.329,17,-0.215,-0.094,0.000,20,1.047,1.329,0.115,-0.023,0.36,1.50,0.031,-0.019,0.966,0.069,0.320,-0.015
1744992812.95,-1,0.319,0.656,1.329,17,-0.215,-0.094,0.000,20,1.047,1.329,0.115,-0.023,0.36,1.50,0.031,-0.019,0.966,0.069,0.320,-0.015
1744992812.96,-1,0.319,0.656,1.329,17,-0.215,-0.094,0.000,20,1.047,1.329,0.115,-0.023,0.36,1.50,0.031,-0.016,0.958,0.069,-0.107,0.107
1744992812.97,-1,0.319,0.656,1.329,17,-0.215,-0.094,0.000,20,1.047,1.329,0.115,-0.023,0.36,1.50,0.030,-0.015,0.977,-0.144,0.168,-0.046
1744992812.98,-1,0.319,0.656,1.329,17,-0.215,-0.094,0.000,20,1.047,1.329,0.115,-0.023,0.36,1.50,0.030,-0.015,0.977,-0.144,0.168,-0.046
1744992812.98,-1,0.319,0.656,1.329,17,-0.215,-0.094,0.000,20,1.047,1.329,0.115,-0.023,0.36,1.50,0.030,-0.012,0.967,-0.022,-0.046,0.168
1744992812.98,-1,0.319,0.656,1.329,17,-0.215,-0.094,0.000,20,1.047,1.329,0.115,-0.023,0.36,1.50,0.030,-0.012,0.967,-0.022,-0.046,0.168
1744992813.00,-1,0.319,0.656,1.329,17,-0.215,-0.094,0.000,20,1.047,1.329,0.115,-0.023,0.36,1.50,0.029,-0.016,0.975,-0.114,0.107,-0.381
1744992813.01,-1,0.319,0.656,1.329,17,-0.215,-0.094,0.000,20,1.047,1.329,0.115,-0.023,0.36,1.50,0.031,-0.018,0.972,0.130,0.290,-0.107
1744992813.01,-1,0.319,0.656,1.329,17,-0.215,-0.094,0.000,20,1.047,1.329,0.115,-0.023,0.36,1.50,0.031,-0.018,0.972,0.130,0.290,-0.107
1744992813.01,-1,0.319,0.656,1.329,17,-0.215,-0.094,0.000,20,1.047,1.329,0.115,-0.023,0.35,1.50,0.027,-0.018,0.963,-0.083,0.015,-0.107
1744992813.02,-1,0.319,0.656,1.329,17,-0.215,-0.094,0.000,20,1.047,1.329,0.115,-0.023,0.35,1.50,0.027,-0.018,0.963,-0.083,0.015,-0.107
1744992813.03,-1,0.319,0.656,1.329,17,-0.215,-0.094,0.000,20,1.047,1.329,0.115,-0.023,0.35,1.50,0.033,-0.015,0.971,-0.205,0.046,-0.015
1744992813.04,-1,0.319,0.656,1.329,18,-0.215,-0.094,0.000,20,1.047,1.329,0.115,-0.023,0.35,1.50,0.031,-0.012,0.968,-0.053,0.137,0.015
1744992813.04,-1,0.319,0.656,1.329,18,-0.215,-0.094,0.000,20,1.047,1.329,0.115,-0.023,0.35,1.50,0.031,-0.012,0.968,-0.053,0.137,0.015
1744992813.04,-1,0.319,0.656,1.329,18,-0.215,-0.094,0.000,20,1.047,1.329,0.115,-0.023,0.36,1.38,0.031,-0.013,0.969,0.008,0.015,0.046
1744992813.04,-1,0.319,0.656,1.329,18,-0.215,-0.094,0.000,20,1.047,1.329,0.115,-0.023,0.36,1.38,0.031,-0.013,0.969,0.008,0.015,0.046
1744992813.06,-1,0.319,0.656,1.329,18,-0.215,-0.094,0.000,20,1.047,1.329,0.115,-0.023,0.36,1.38,0.031,-0.015,0.973,-0.144,0.381,-0.168
1744992813.06,-1,0.319,0.656,1.329,18,-0.215,-0.094,0.000,20,1.047,1.329,0.115,-0.023,0.36,1.38,0.030,-0.018,0.968,0.069,0.290,0.015
1744992813.07,-1,0.319,0.656,1.329,18,-0.215,-0.094,0.000,20,1.047,1.329,0.115,-0.023,0.36,1.38,0.030,-0.018,0.968,0.069,0.290,0.015
1744992813.08,-1,0.319,0.656,1.329,18,-0.215,-0.094,0.000,20,1.047,1.329,0.115,-0.023,0.36,1.10,0.028,-0.018,0.970,-0.053,0.290,0.076
1744992813.08,-1,0.319,0.656,1.329,18,-0.215,-0.094,0.000,20,1.047,1.329,0.115,-0.023,0.36,1.10,0.028,-0.018,0.970,-0.053,0.290,0.076
1744992813.08,-1,0.319,0.656,1.329,18,-0.215,-0.094,0.000,20,1.047,1.329,0.115,-0.023,0.36,1.10,0.033,-0.013,0.978,0.008,0.229,0.137
1744992813.09,-1,0.319,0.656,1.329,18,-0.215,-0.094,0.000,20,1.047,1.329,0.115,-0.023,0.36,1.10,0.032,-0.014,0.964,0.039,0.198,0.046
1744992813.10,-1,0.319,0.656,1.329,18,-0.215,-0.094,0.000,20,1.047,1.329,0.115,-0.023,0.36,1.10,0.032,-0.014,0.964,0.039,0.198,0.046
1744992813.11,-1,0.319,0.656,1.329,18,-0.215,-0.094,0.000,20,1.047,1.329,0.115,-0.023,0.37,0.96,0.031,-0.023,0.972,0.008,0.259,-0.076
1744992813.11,-1,0.319,0.656,1.329,18,-0.215,-0.094,0.000,20,1.047,1.329,0.115,-0.023,0.37,0.96,0.031,-0.023,0.972,0.008,0.259,-0.076
1744992813.11,-1,0.319,0.656,1.329,18,-0.215,-0.094,0.000,20,1.047,1.329,0.115,-0.023,0.37,0.96,0.028,-0.018,0.970,0.161,0.198,0.015
1744992813.12,-1,0.319,0.656,1.329,18,-0.215,-0.094,0.000,20,1.047,1.329,0.115,-0.023,0.37,0.96,0.027,-0.019,0.966,-0.022,0.046,-0.015
1744992813.12,-1,0.319,0.656,1.329,18,-0.215,-0.094,0.000,20,1.047,1.329,0.115,-0.023,0.37,0.96,0.027,-0.019,0.966,-0.022,0.046,-0.015
1744992813.14,-1,0.319,0.656,1.329,18,-0.215,-0.094,0.000,20,1.047,1.329,0.115,-0.023,0.37,1.36,0.031,-0.016,0.973,-0.266,0.137,-0.107
1744992813.14,-1,0.319,0.656,1.329,18,-0.215,-0.094,0.000,20,1.047,1.329,0.115,-0.023,0.37,1.36,0.031,-0.016,0.973,-0.266,0.137,-0.107
# remark: robobot/cmd/T0/servo 1 -900 0
1744992813.16,-1,0.319,0.656,1.329,18,-0.215,-0.094,0.000,20,1.047,1.329,0.115,-0.023,0.37,1.36,0.033,-0.013,0.965,0.039,0.137,-0.015
1744992813.16,-1,0.319,0.656,1.329,18,-0.215,-0.094,0.000,20,1.047,1.329,0.115,-0.023,0.37,1.36,0.028,-0.015,0.979,0.039,0.290,-0.168
1744992813.16,-1,0.319,0.656,1.329,18,-0.215,-0.094,0.000,20,1.047,1.329,0.115,-0.023,0.37,1.36,0.028,-0.015,0.979,0.039,0.290,-0.168
1744992813.17,-1,0.319,0.656,1.329,18,-0.215,-0.094,0.000,20,1.047,1.329,0.115,-0.023,0.40,1.44,0.027,-0.021,0.968,0.069,0.412,0.107
1744992813.17,-1,0.319,0.656,1.329,18,-0.215,-0.094,0.000,20,1.047,1.329,0.115,-0.023,0.40,1.44,0.027,-0.021,0.968,0.069,0.412,0.107
1744992813.18,-1,0.319,0.656,1.329,18,-0.215,-0.094,0.000,20,1.047,1.329,0.115,-0.023,0.40,1.44,0.030,-0.017,0.968,0.100,0.015,-0.198
1744992813.18,-1,0.319,0.656,1.329,18,-0.215,-0.094,0.000,20,1.047,1.329,0.115,-0.023,0.40,1.44,0.027,-0.014,0.972,0.100,0.046,0.168
1744992813.18,-1,0.319,0.656,1.329,18,-0.215,-0.094,0.000,20,1.047,1.329,0.115,-0.023,0.40,1.44,0.027,-0.014,0.972,0.100,0.046,0.168
1744992813.20,-1,0.319,0.656,1.329,18,-0.215,-0.094,0.000,20,1.047,1.329,0.115,-0.023,0.38,1.38,0.037,-0.011,0.967,0.191,0.504,0.137
1744992813.20,-1,0.319,0.656,1.329,18,-0.215,-0.094,0.000,20,1.047,1.329,0.115,-0.023,0.38,1.38,0.037,-0.011,0.967,0.191,0.504,0.137
1744992813.21,-1,0.319,0.656,1.329,18,-0.215,-0.094,0.000,20,1.047,1.329,0.115,-0.023,0.38,1.38,0.030,-0.010,0.970,-0.327,-0.046,-0.107
1744992813.21,-1,0.319,0.656,1.329,18,-0.215,-0.094,0.000,20,1.047,1.329,0.115,-0.023,0.38,1.38,0.032,-0.012,0.971,-0.480,0.229,-0.046
1744992813.21,-1,0.319,0.656,1.329,18,-0.215,-0.094,0.000,20,1.047,1.329,0.115,-0.023,0.38,1.38,0.032,-0.012,0.971,-0.480,0.229,-0.046
1744992813.24,-1,0.319,0.656,1.329,18,-0.215,-0.094,0.000,20,1.047,1.329,0.115,-0.023,0.35,1.26,0.031,-0.016,0.966,0.069,-0.046,-0.076
1744992813.24,-1,0.319,0.656,1.329,18,-0.215,-0.094,0.000,20,1.047,1.329,0.115,-0.023,0.35,1.26,0.031,-0.016,0.966,0.069,-0.046,-0.076
1744992813.24,-1,0.319,0.656,1.329,18,-0.215,-0.094,0.000,20,1.047,1.329,0.115,-0.023,0.35,1.26,0.030,-0.021,0.965,-0.022,-0.015,0.076
1744992813.24,-1,0.319,0.656,1.329,18,-0.215,-0.094,0.000,20,1.047,1.329,0.115,-0.023,0.35,1.26,0.033,-0.015,0.963,-0.083,0.412,0.198
1744992813.25,-1,0.319,0.656,1.329,18,-0.215,-0.094,0.000,20,1.047,1.329,0.115,-0.023,0.35,1.26,0.033,-0.015,0.963,-0.083,0.412,0.198
1744992813.26,-1,0.319,0.656,1.329,18,-0.215,-0.094,0.000,20,1.047,1.329,0.115,-0.023,0.33,1.35,0.031,-0.017,0.962,-0.022,0.046,-0.137
1744992813.26,-1,0.319,0.656,1.329,18,-0.215,-0.094,0.000,20,1.047,1.329,0.115,-0.023,0.33,1.35,0.031,-0.017,0.962,-0.022,0.046,-0.137
# remark: robobot/cmd/ti/alive 2025-04-18 18:13:08.652491
1744992813.27,-1,0.319,0.656,1.329,18,-0.215,-0.094,0.000,20,1.047,1.329,0.115,-0.023,0.33,1.35,0.028,-0.014,0.972,0.100,-0.168,-0.229
1744992813.27,-1,0.319,0.656,1.329,18,-0.215,-0.094,0.000,20,1.047,1.329,0.115,-0.023,0.33,1.35,0.028,-0.010,0.966,-0.083,0.076,0.107
1744992813.27,-1,0.319,0.656,1.329,18,-0.215,-0.094,0.000,20,1.047,1.329,0.115,-0.023,0.33,1.35,0.028,-0.010,0.966,-0.083,0.076,0.107
1744992813.29,-1,0.319,0.656,1.329,18,-0.215,-0.094,0.000,20,1.047,1.329,0.115,-0.023,0.37,1.49,0.030,-0.010,0.967,0.069,-0.046,-0.168
1744992813.29,-1,0.319,0.656,1.329,18,-0.215,-0.094,0.000,20,1.047,1.329,0.115,-0.023,0.37,1.49,0.030,-0.010,0.967,0.069,-0.046,-0.168
1744992813.29,-1,0.319,0.656,1.329,18,-0.215,-0.094,0.000,20,1.047,1.329,0.115,-0.023,0.37,1.49,0.030,-0.016,0.974,-0.236,0.137,0.015
1744992813.31,-1,0.319,0.656,1.329,18,-0.215,-0.094,0.000,20,1.047,1.329,0.115,-0.023,0.37,1.49,0.031,-0.017,0.972,0.069,0.076,0.198
1744992813.31,-1,0.319,0.656,1.329,18,-0.215,-0.094,0.000,20,1.047,1.329,0.115,-0.023,0.37,1.49,0.031,-0.017,0.972,0.069,0.076,0.198
1744992813.32,-1,0.319,0.656,1.329,18,-0.215,-0.094,0.000,20,1.047,1.329,0.115,-0.023,0.38,1.50,0.034,-0.013,0.966,-0.236,0.015,-0.168
1744992813.32,-1,0.319,0.656,1.329,18,-0.215,-0.094,0.000,20,1.047,1.329,0.115,-0.023,0.38,1.50,0.034,-0.013,0.966,-0.236,0.015,-0.168
1744992813.32,-1,0.319,0.656,1.329,18,-0.215,-0.094,0.000,20,1.047,1.329,0.115,-0.023,0.38,1.50,0.032,-0.019,0.973,-0.175,0.168,-0.076
1744992813.33,-1,0.319,0.656,1.329,18,-0.215,-0.094,0.000,20,1.047,1.329,0.115,-0.023,0.38,1.50,0.030,-0.019,0.964,0.100,-0.015,0.076
1744992813.34,-1,0.319,0.656,1.329,18,-0.215,-0.094,0.000,20,1.047,1.329,0.115,-0.023,0.38,1.50,0.030,-0.019,0.964,0.100,-0.015,0.076
1744992813.35,-1,0.319,0.656,1.329,18,-0.215,-0.094,0.000,20,1.047,1.329,0.115,-0.023,0.38,1.50,0.033,-0.016,0.975,-0.114,0.076,0.076
1744992813.35,-1,0.319,0.656,1.329,18,-0.215,-0.094,0.000,20,1.047,1.329,0.115,-0.023,0.38,1.50,0.033,-0.016,0.975,-0.114,0.076,0.076
1744992813.35,-1,0.319,0.656,1.329,18,-0.215,-0.094,0.000,20,1.047,1.329,0.115,-0.023,0.38,1.50,0.035,-0.011,0.968,-0.022,0.168,0.015
1744992813.36,-1,0.319,0.656,1.329,18,-0.215,-0.094,0.000,20,1.047,1.329,0.115,-0.023,0.38,1.50,0.029,-0.018,0.962,-0.327,-0.015,0.137
1744992813.37,-1,0.319,0.656,1.329,18,-0.215,-0.094,0.000,20,1.047,1.329,0.115,-0.023,0.38,1.50,0.029,-0.018,0.962,-0.327,-0.015,0.137
1744992813.39,-1,0.319,0.656,1.329,18,-0.215,-0.094,0.000,20,1.047,1.329,0.115,-0.023,0.37,1.50,0.028,-0.020,0.975,-0.022,0.229,0.168
1744992813.39,-1,0.319,0.656,1.329,18,-0.215,-0.094,0.000,20,1.047,1.329,0.115,-0.023,0.37,1.50,0.028,-0.020,0.975,-0.022,0.229,0.168
1744992813.39,-1,0.319,0.656,1.329,18,-0.215,-0.094,0.000,20,1.047,1.329,0.115,-0.023,0.37,1.50,0.035,-0.012,0.963,-0.114,0.259,0.168
1744992813.39,-1,0.319,0.656,1.329,18,-0.215,-0.094,0.000,20,1.047,1.329,0.115,-0.023,0.37,1.50,0.033,-0.016,0.968,-0.144,0.137,0.198
1744992813.39,-1,0.319,0.656,1.329,18,-0.215,-0.094,0.000,20,1.047,1.329,0.115,-0.023,0.37,1.50,0.033,-0.016,0.968,-0.144,0.137,0.198
1744992813.41,-1,0.319,0.656,1.329,18,-0.215,-0.094,0.000,20,1.047,1.329,0.115,-0.023,0.34,1.23,0.033,-0.017,0.967,0.100,0.107,-0.168
1744992813.41,-1,0.319,0.656,1.329,18,-0.215,-0.094,0.000,20,1.047,1.329,0.115,-0.023,0.34,1.23,0.033,-0.017,0.967,0.100,0.107,-0.168
1744992813.42,-1,0.319,0.656,1.329,18,-0.215,-0.094,0.000,20,1.047,1.329,0.115,-0.023,0.34,1.23,0.027,-0.018,0.969,-0.144,0.168,-0.198
1744992813.42,-1,0.319,0.656,1.329,18,-0.215,-0.094,0.000,20,1.047,1.329,0.115,-0.023,0.34,1.23,0.029,-0.017,0.966,-0.205,0.198,0.198
1744992813.44,-1,0.319,0.656,1.329,18,-0.215,-0.094,0.000,20,1.047,1.329,0.115,-0.023,0.34,1.23,0.029,-0.017,0.966,-0.205,0.198,0.198
1744992813.44,-1,0.319,0.656,1.329,18,-0.215,-0.094,0.000,20,1.047,1.329,0.115,-0.023,0.34,1.26,0.027,-0.018,0.969,0.008,0.137,0.046
1744992813.44,-1,0.319,0.656,1.329,18,-0.215,-0.094,0.000,20,1.047,1.329,0.115,-0.023,0.34,1.26,0.027,-0.018,0.969,0.008,0.137,0.046
1744992813.44,-1,0.319,0.656,1.329,18,-0.215,-0.094,0.000,20,1.047,1.329,0.115,-0.023,0.34,1.26,0.033,-0.015,0.969,0.039,-0.015,-0.229
1744992813.45,-1,0.319,0.656,1.329,18,-0.215,-0.094,0.000,20,1.047,1.329,0.115,-0.023,0.34,1.26,0.031,-0.015,0.975,-0.236,0.168,-0.046
1744992813.46,-1,0.319,0.656,1.329,18,-0.215,-0.094,0.000,20,1.047,1.329,0.115,-0.023,0.34,1.26,0.031,-0.015,0.975,-0.236,0.168,-0.046
1744992813.47,-1,0.319,0.656,1.329,18,-0.215,-0.094,0.000,20,1.047,1.329,0.115,-0.023,0.36,1.31,0.028,-0.014,0.973,-0.083,0.107,0.015
1744992813.47,-1,0.319,0.656,1.329,18,-0.215,-0.094,0.000,20,1.047,1.329,0.115,-0.023,0.36,1.31,0.028,-0.014,0.973,-0.083,0.107,0.015
1744992813.48,-1,0.319,0.656,1.329,18,-0.215,-0.094,0.000,20,1.047,1.329,0.115,-0.023,0.36,1.31,0.025,-0.019,0.964,-0.083,0.076,-0.076
1744992813.49,-1,0.319,0.656,1.329,18,-0.215,-0.094,0.000,20,1.047,1.329,0.115,-0.023,0.36,1.31,0.030,-0.016,0.965,-0.114,0.076,0.015
1744992813.49,-1,0.319,0.656,1.329,18,-0.215,-0.094,0.000,20,1.047,1.329,0.115,-0.023,0.36,1.31,0.030,-0.016,0.965,-0.114,0.076,0.015
1744992813.49,-1,0.319,0.656,1.329,18,-0.215,-0.094,0.000,20,1.047,1.329,0.115,-0.023,0.38,1.33,0.032,-0.011,0.963,-0.297,0.168,0.137
1744992813.49,-1,0.319,0.656,1.329,18,-0.215,-0.094,0.000,20,1.047,1.329,0.115,-0.023,0.38,1.33,0.032,-0.011,0.963,-0.297,0.168,0.137
1744992813.50,-1,0.319,0.656,1.329,18,-0.215,-0.094,0.000,20,1.047,1.329,0.115,-0.023,0.38,1.33,0.034,-0.017,0.971,-0.144,-0.015,-0.015
1744992813.51,-1,0.319,0.656,1.329,18,-0.215,-0.094,0.000,20,1.047,1.329,0.115,-0.023,0.38,1.33,0.029,-0.018,0.967,-0.144,0.046,-0.198
1744992813.52,-1,0.319,0.656,1.329,18,-0.215,-0.094,0.000,20,1.047,1.329,0.115,-0.023,0.38,1.33,0.029,-0.018,0.967,-0.144,0.046,-0.198
1744992813.52,-1,0.319,0.656,1.329,18,-0.215,-0.094,0.000,20,1.047,1.329,0.115,-0.023,0.38,1.50,0.033,-0.016,0.970,-0.175,0.137,0.107
1744992813.52,-1,0.319,0.656,1.329,18,-0.215,-0.094,0.000,20,1.047,1.329,0.115,-0.023,0.38,1.50,0.033,-0.016,0.970,-0.175,0.137,0.107
1744992813.54,-1,0.319,0.656,1.329,18,-0.215,-0.094,0.000,20,1.047,1.329,0.115,-0.023,0.38,1.50,0.028,-0.017,0.971,0.008,0.259,-0.137
1744992813.54,-1,0.319,0.656,1.329,18,-0.215,-0.094,0.000,20,1.047,1.329,0.115,-0.023,0.38,1.50,0.029,-0.016,0.965,-0.114,0.107,0.137
1744992813.54,-1,0.319,0.656,1.329,18,-0.215,-0.094,0.000,20,1.047,1.329,0.115,-0.023,0.38,1.50,0.029,-0.016,0.965,-0.114,0.107,0.137
1744992813.56,-1,0.319,0.656,1.329,18,-0.215,-0.094,0.000,20,1.047,1.329,0.115,-0.023,0.38,1.50,0.032,-0.013,0.969,-0.053,0.137,-0.015
1744992813.56,-1,0.319,0.656,1.329,18,-0.215,-0.094,0.000,20,1.047,1.329,0.115,-0.023,0.38,1.50,0.032,-0.013,0.969,-0.053,0.137,-0.015
1744992813.57,-1,0.319,0.656,1.329,18,-0.215,-0.094,0.000,20,1.047,1.329,0.115,-0.023,0.38,1.50,0.029,-0.012,0.968,0.100,-0.107,-0.015
1744992813.57,-1,0.319,0.656,1.329,18,-0.215,-0.094,0.000,20,1.047,1.329,0.115,-0.023,0.38,1.50,0.030,-0.014,0.966,0.039,0.107,-0.015
1744992813.58,-1,0.319,0.656,1.329,18,-0.215,-0.094,0.000,20,1.047,1.329,0.115,-0.023,0.38,1.50,0.030,-0.014,0.966,0.039,0.107,-0.015
1744992813.59,-1,0.319,0.656,1.329,18,-0.215,-0.094,0.000,20,1.047,1.329,0.115,-0.023,0.38,1.50,0.029,-0.017,0.975,-0.358,0.198,0.076
1744992813.59,-1,0.319,0.656,1.329,18,-0.215,-0.094,0.000,20,1.047,1.329,0.115,-0.023,0.38,1.50,0.029,-0.017,0.975,-0.358,0.198,0.076
1744992813.60,-1,0.319,0.656,1.329,18,-0.215,-0.094,0.000,20,1.047,1.329,0.115,-0.023,0.38,1.50,0.031,-0.018,0.965,0.039,-0.046,-0.046
1744992813.60,-1,0.319,0.656,1.329,18,-0.215,-0.094,0.000,20,1.047,1.329,0.115,-0.023,0.38,1.50,0.029,-0.019,0.970,-0.144,-0.046,-0.137
1744992813.61,-1,0.319,0.656,1.329,18,-0.215,-0.094,0.000,20,1.047,1.329,0.115,-0.023,0.38,1.50,0.029,-0.019,0.970,-0.144,-0.046,-0.137
1744992813.62,-1,0.319,0.656,1.329,18,-0.215,-0.094,0.000,20,1.047,1.329,0.115,-0.023,0.37,1.50,0.031,-0.019,0.974,-0.175,0.229,-0.198
1744992813.62,-1,0.319,0.656,1.329,18,-0.215,-0.094,0.000,20,1.047,1.329,0.115,-0.023,0.37,1.50,0.031,-0.019,0.974,-0.175,0.229,-0.198
1744992813.64,-1,0.319,0.656,1.329,18,-0.215,-0.094,0.000,20,1.047,1.329,0.115,-0.023,0.37,1.50,0.030,-0.016,0.970,-0.022,0.076,-0.229
1744992813.64,-1,0.319,0.656,1.329,18,-0.215,-0.094,0.000,20,1.047,1.329,0.115,-0.023,0.37,1.50,0.033,-0.014,0.968,-0.205,0.259,-0.076
1744992813.64,-1,0.319,0.656,1.329,18,-0.215,-0.094,0.000,20,1.047,1.329,0.115,-0.023,0.37,1.50,0.033,-0.014,0.968,-0.205,0.259,-0.076
1744992813.65,-1,0.319,0.656,1.329,19,-0.215,-0.094,0.000,20,1.047,1.329,0.115,-0.023,0.38,1.50,0.030,-0.015,0.970,0.252,-0.107,-0.168
1744992813.65,-1,0.319,0.656,1.329,19,-0.215,-0.094,0.000,20,1.047,1.329,0.115,-0.023,0.38,1.50,0.030,-0.015,0.970,0.252,-0.107,-0.168
1744992813.65,-1,0.319,0.656,1.329,19,-0.215,-0.094,0.000,20,1.047,1.329,0.115,-0.023,0.38,1.50,0.030,-0.012,0.971,-0.175,0.198,0.107
1744992813.67,-1,0.319,0.656,1.329,19,-0.215,-0.094,0.000,20,1.047,1.329,0.115,-0.023,0.38,1.50,0.028,-0.015,0.972,0.161,0.137,-0.015
1744992813.67,-1,0.319,0.656,1.329,19,-0.215,-0.094,0.000,20,1.047,1.329,0.115,-0.023,0.38,1.50,0.028,-0.015,0.972,0.161,0.137,-0.015
1744992813.68,-1,0.319,0.656,1.329,19,-0.215,-0.094,0.000,20,1.047,1.329,0.115,-0.023,0.40,1.50,0.031,-0.016,0.967,0.161,0.168,0.015
1744992813.68,-1,0.319,0.656,1.329,19,-0.215,-0.094,0.000,20,1.047,1.329,0.115,-0.023,0.40,1.50,0.031,-0.016,0.967,0.161,0.168,0.015
1744992813.69,-1,0.319,0.656,1.329,19,-0.215,-0.094,0.000,20,1.047,1.329,0.115,-0.023,0.40,1.50,0.034,-0.015,0.972,-0.083,0.076,0.290
1744992813.69,-1,0.319,0.656,1.329,19,-0.215,-0.094,0.000,20,1.047,1.329,0.115,-0.023,0.40,1.50,0.033,-0.017,0.970,-0.053,0.046,-0.137
1744992813.70,-1,0.319,0.656,1.329,19,-0.215,-0.094,0.000,20,1.047,1.329,0.115,-0.023,0.40,1.50,0.033,-0.017,0.970,-0.053,0.046,-0.137
1744992813.71,-1,0.319,0.656,1.329,19,-0.215,-0.094,0.000,20,1.047,1.329,0.115,-0.023,0.37,1.50,0.030,-0.021,0.973,-0.053,-0.107,0.107
1744992813.71,-1,0.319,0.656,1.329,19,-0.215,-0.094,0.000,20,1.047,1.329,0.115,-0.023,0.37,1.50,0.030,-0.021,0.973,-0.053,-0.107,0.107
1744992813.72,-1,0.319,0.656,1.329,19,-0.215,-0.094,0.000,20,1.047,1.329,0.115,-0.023,0.37,1.50,0.029,-0.014,0.966,0.069,0.168,-0.229
1744992813.72,-1,0.319,0.656,1.329,19,-0.215,-0.094,0.000,20,1.047,1.329,0.115,-0.023,0.37,1.50,0.031,-0.011,0.969,-0.083,0.381,0.107
1744992813.72,-1,0.319,0.656,1.329,19,-0.215,-0.094,0.000,20,1.047,1.329,0.115,-0.023,0.37,1.50,0.031,-0.011,0.969,-0.083,0.381,0.107
1744992813.74,-1,0.319,0.656,1.329,19,-0.215,-0.094,0.000,20,1.047,1.329,0.115,-0.023,0.36,1.35,0.035,-0.016,0.965,0.161,0.320,-0.229
1744992813.74,-1,0.319,0.656,1.329,19,-0.215,-0.094,0.000,20,1.047,1.329,0.115,-0.023,0.36,1.35,0.035,-0.016,0.965,0.161,0.320,-0.229
1744992813.75,-1,0.319,0.656,1.329,19,-0.215,-0.094,0.000,20,1.047,1.329,0.115,-0.023,0.36,1.35,0.031,-0.018,0.975,-0.175,0.198,0.107
1744992813.76,-1,0.319,0.656,1.329,19,-0.215,-0.094,0.000,20,1.047,1.329,0.115,-0.023,0.36,1.35,0.029,-0.017,0.960,0.039,-0.046,0.168
1744992813.76,-1,0.319,0.656,1.329,19,-0.215,-0.094,0.000,20,1.047,1.329,0.115,-0.023,0.36,1.35,0.029,-0.017,0.960,0.039,-0.046,0.168
1744992813.77,-1,0.319,0.656,1.329,19,-0.215,-0.094,0.000,20,1.047,1.329,0.115,-0.023,0.36,1.39,0.030,-0.017,0.971,-0.022,0.076,-0.168
1744992813.77,-1,0.319,0.656,1.329,19,-0.215,-0.094,0.000,20,1.047,1.329,0.115,-0.023,0.36,1.39,0.030,-0.017,0.971,-0.022,0.076,-0.168
# remark: robobot/cmd/T0/servo 1 -900 0
1744992813.78,-1,0.319,0.656,1.329,19,-0.215,-0.094,0.000,20,1.047,1.329,0.115,-0.023,0.36,1.39,0.028,-0.020,0.969,-0.175,0.137,0.015
1744992813.78,-1,0.319,0.656,1.329,19,-0.215,-0.094,0.000,20,1.047,1.329,0.115,-0.023,0.36,1.39,0.034,-0.012,0.966,0.069,0.137,0.076
1744992813.79,-1,0.319,0.656,1.329,19,-0.215,-0.094,0.000,20,1.047,1.329,0.115,-0.023,0.36,1.39,0.034,-0.012,0.966,0.069,0.137,0.076
# remark: robobot/cmd/ti/alive 2025-04-18 18:13:08.652491
1744992813.80,-1,0.319,0.656,1.329,19,-0.215,-0.094,0.000,20,1.047,1.329,0.115,-0.023,0.37,1.28,0.033,-0.014,0.974,0.039,0.259,-0.046
1744992813.80,-1,0.319,0.656,1.329,19,-0.215,-0.094,0.000,20,1.047,1.329,0.115,-0.023,0.37,1.28,0.033,-0.014,0.974,0.039,0.259,-0.046
1744992813.81,-1,0.319,0.656,1.329,19,-0.215,-0.094,0.000,20,1.047,1.329,0.115,-0.023,0.37,1.28,0.030,-0.015,0.971,0.008,0.412,-0.198
1744992813.81,-1,0.319,0.656,1.329,19,-0.215,-0.094,0.000,20,1.047,1.329,0.115,-0.023,0.37,1.28,0.029,-0.019,0.962,-0.053,0.076,0.229
1744992813.82,-1,0.319,0.656,1.329,19,-0.215,-0.094,0.000,20,1.047,1.329,0.115,-0.023,0.37,1.28,0.029,-0.019,0.962,-0.053,0.076,0.229
1744992813.83,-1,0.319,0.656,1.329,19,-0.215,-0.094,0.000,20,1.047,1.329,0.115,-0.023,0.35,1.50,0.029,-0.017,0.968,0.008,-0.015,0.168
1744992813.83,-1,0.319,0.656,1.329,19,-0.215,-0.094,0.000,20,1.047,1.329,0.115,-0.023,0.35,1.50,0.029,-0.017,0.968,0.008,-0.015,0.168
1744992813.84,-1,0.319,0.656,1.329,19,-0.215,-0.094,0.000,20,1.047,1.329,0.115,-0.023,0.35,1.50,0.032,-0.016,0.963,0.039,0.198,-0.229
1744992813.84,-1,0.319,0.656,1.329,19,-0.215,-0.094,0.000,20,1.047,1.329,0.115,-0.023,0.35,1.50,0.033,-0.018,0.969,-0.236,-0.137,-0.168
1744992813.85,-1,0.319,0.656,1.329,19,-0.215,-0.094,0.000,20,1.047,1.329,0.115,-0.023,0.35,1.50,0.033,-0.018,0.969,-0.236,-0.137,-0.168
1744992813.86,-1,0.319,0.656,1.329,19,-0.215,-0.094,0.000,20,1.047,1.329,0.115,-0.023,0.34,1.50,0.030,-0.017,0.966,-0.053,0.076,0.076
1744992813.86,-1,0.319,0.656,1.329,19,-0.215,-0.094,0.000,20,1.047,1.329,0.115,-0.023,0.34,1.50,0.030,-0.017,0.966,-0.053,0.076,0.076
1744992813.86,-1,0.319,0.656,1.329,19,-0.215,-0.094,0.000,20,1.047,1.329,0.115,-0.023,0.34,1.50,0.026,-0.014,0.965,0.069,0.046,0.137
1744992813.88,-1,0.319,0.656,1.329,19,-0.215,-0.094,0.000,20,1.047,1.329,0.115,-0.023,0.34,1.50,0.032,-0.013,0.970,0.222,0.137,0.229
1744992813.88,-1,0.319,0.656,1.329,19,-0.215,-0.094,0.000,20,1.047,1.329,0.115,-0.023,0.34,1.50,0.032,-0.013,0.970,0.222,0.137,0.229
1744992813.89,-1,0.319,0.656,1.329,19,-0.215,-0.094,0.000,20,1.047,1.329,0.115,-0.023,0.35,1.50,0.032,-0.017,0.970,0.069,0.107,-0.168
1744992813.89,-1,0.319,0.656,1.329,19,-0.215,-0.094,0.000,20,1.047,1.329,0.115,-0.023,0.35,1.50,0.032,-0.017,0.970,0.069,0.107,-0.168
1744992813.90,-1,0.319,0.656,1.329,19,-0.215,-0.094,0.000,20,1.047,1.329,0.115,-0.023,0.35,1.50,0.029,-0.015,0.959,-0.175,-0.198,-0.046
1744992813.90,-1,0.319,0.656,1.329,19,-0.215,-0.094,0.000,20,1.047,1.329,0.115,-0.023,0.35,1.50,0.034,-0.020,0.973,-0.022,-0.046,-0.015
1744992813.91,-1,0.319,0.656,1.329,19,-0.215,-0.094,0.000,20,1.047,1.329,0.115,-0.023,0.35,1.50,0.034,-0.020,0.973,-0.022,-0.046,-0.015
1744992813.92,-1,0.319,0.656,1.329,19,-0.215,-0.094,0.000,20,1.047,1.329,0.115,-0.023,0.38,1.50,0.031,-0.017,0.968,0.100,0.015,0.046
1744992813.92,-1,0.319,0.656,1.329,19,-0.215,-0.094,0.000,20,1.047,1.329,0.115,-0.023,0.38,1.50,0.031,-0.017,0.968,0.100,0.015,0.046
1744992813.93,-1,0.319,0.656,1.329,19,-0.215,-0.094,0.000,20,1.047,1.329,0.115,-0.023,0.38,1.50,0.030,-0.019,0.967,0.130,0.229,-0.046
1744992813.93,-1,0.319,0.656,1.329,19,-0.215,-0.094,0.000,20,1.047,1.329,0.115,-0.023,0.38,1.50,0.031,-0.015,0.972,0.100,0.107,-0.015
1744992813.94,-1,0.319,0.656,1.329,19,-0.215,-0.094,0.000,20,1.047,1.329,0.115,-0.023,0.38,1.50,0.031,-0.015,0.972,0.100,0.107,-0.015
1744992813.94,-1,0.319,0.656,1.329,19,-0.215,-0.094,0.000,20,1.047,1.329,0.115,-0.023,0.38,1.41,0.029,-0.019,0.967,-0.053,-0.015,0.137
1744992813.94,-1,0.319,0.656,1.329,19,-0.215,-0.094,0.000,20,1.047,1.329,0.115,-0.023,0.38,1.41,0.029,-0.019,0.967,-0.053,-0.015,0.137
1744992813.95,-1,0.319,0.656,1.329,19,-0.215,-0.094,0.000,20,1.047,1.329,0.115,-0.023,0.38,1.41,0.031,-0.014,0.974,-0.144,-0.107,-0.259
1744992813.96,-1,0.319,0.656,1.329,19,-0.215,-0.094,0.000,20,1.047,1.329,0.115,-0.023,0.38,1.41,0.030,-0.014,0.969,-0.083,0.351,-0.107
1744992813.97,-1,0.319,0.656,1.329,19,-0.215,-0.094,0.000,20,1.047,1.329,0.115,-0.023,0.38,1.41,0.030,-0.014,0.969,-0.083,0.351,-0.107
1744992813.98,-1,0.319,0.656,1.329,19,-0.215,-0.094,0.000,20,1.047,1.329,0.115,-0.023,0.38,1.50,0.027,-0.019,0.965,-0.297,0.046,-0.107
1744992813.98,-1,0.319,0.656,1.329,19,-0.215,-0.094,0.000,20,1.047,1.329,0.115,-0.023,0.38,1.50,0.027,-0.019,0.965,-0.297,0.046,-0.107
1744992814.00,-1,0.319,0.656,1.329,19,-0.215,-0.094,0.000,20,1.047,1.329,0.115,-0.023,0.38,1.50,0.035,-0.017,0.965,0.008,0.168,-0.107
1744992814.00,-1,0.319,0.656,1.329,19,-0.215,-0.094,0.000,20,1.047,1.329,0.115,-0.023,0.38,1.50,0.031,-0.019,0.967,-0.419,-0.015,0.290
1744992814.00,-1,0.319,0.656,1.329,19,-0.215,-0.094,0.000,20,1.047,1.329,0.115,-0.023,0.38,1.50,0.031,-0.019,0.967,-0.419,-0.015,0.290
1744992814.01,-1,0.319,0.656,1.329,19,-0.215,-0.094,0.000,20,1.047,1.329,0.115,-0.023,0.37,1.50,0.030,-0.017,0.972,-0.236,0.259,-0.107
1744992814.01,-1,0.319,0.656,1.329,19,-0.215,-0.094,0.000,20,1.047,1.329,0.115,-0.023,0.37,1.50,0.030,-0.017,0.972,-0.236,0.259,-0.107
1744992814.02,-1,0.319,0.656,1.329,19,-0.215,-0.094,0.000,20,1.047,1.329,0.115,-0.023,0.37,1.50,0.031,-0.015,0.970,-0.083,0.137,-0.076
1744992814.02,-1,0.319,0.656,1.329,19,-0.215,-0.094,0.000,20,1.047,1.329,0.115,-0.023,0.37,1.50,0.032,-0.016,0.968,-0.022,-0.168,0.015
1744992814.04,-1,0.319,0.656,1.329,19,-0.215,-0.094,0.000,20,1.047,1.329,0.115,-0.023,0.37,1.50,0.032,-0.016,0.968,-0.022,-0.168,0.015
1744992814.04,-1,0.319,0.656,1.329,19,-0.215,-0.094,0.000,20,1.047,1.329,0.115,-0.023,0.36,1.50,0.034,-0.015,0.979,0.130,0.137,0.107
1744992814.04,-1,0.319,0.656,1.329,19,-0.215,-0.094,0.000,20,1.047,1.329,0.115,-0.023,0.36,1.50,0.034,-0.015,0.979,0.130,0.137,0.107
1744992814.04,-1,0.319,0.656,1.329,19,-0.215,-0.094,0.000,20,1.047,1.329,0.115,-0.023,0.36,1.50,0.031,-0.013,0.971,0.100,0.229,-0.259
1744992814.05,-1,0.319,0.656,1.329,19,-0.215,-0.094,0.000,20,1.047,1.329,0.115,-0.023,0.36,1.50,0.033,-0.015,0.971,-0.266,0.046,0.168
1744992814.06,-1,0.319,0.656,1.329,19,-0.215,-0.094,0.000,20,1.047,1.329,0.115,-0.023,0.36,1.50,0.033,-0.015,0.971,-0.266,0.046,0.168
1744992814.07,-1,0.319,0.656,1.329,19,-0.215,-0.094,0.000,20,1.047,1.329,0.115,-0.023,0.42,1.50,0.029,-0.015,0.970,0.039,0.229,-0.046
1744992814.07,-1,0.319,0.656,1.329,19,-0.215,-0.094,0.000,20,1.047,1.329,0.115,-0.023,0.42,1.50,0.029,-0.015,0.970,0.039,0.229,-0.046
1744992814.08,-1,0.319,0.656,1.329,19,-0.215,-0.094,0.000,20,1.047,1.329,0.115,-0.023,0.42,1.50,0.034,-0.017,0.966,-0.114,0.046,0.015
1744992814.08,-1,0.319,0.656,1.329,19,-0.215,-0.094,0.000,20,1.047,1.329,0.115,-0.023,0.42,1.50,0.030,-0.017,0.970,0.039,0.076,-0.015
1744992814.09,-1,0.319,0.656,1.329,19,-0.215,-0.094,0.000,20,1.047,1.329,0.115,-0.023,0.42,1.50,0.030,-0.017,0.970,0.039,0.076,-0.015
1744992814.11,-1,0.319,0.656,1.329,19,-0.215,-0.094,0.000,20,1.047,1.329,0.115,-0.023,0.38,1.40,0.034,-0.016,0.970,-0.205,0.381,-0.076
1744992814.11,-1,0.319,0.656,1.329,19,-0.215,-0.094,0.000,20,1.047,1.329,0.115,-0.023,0.38,1.40,0.034,-0.016,0.970,-0.205,0.381,-0.076
1744992814.11,-1,0.319,0.656,1.329,19,-0.215,-0.094,0.000,20,1.047,1.329,0.115,-0.023,0.38,1.40,0.031,-0.014,0.969,0.252,0.198,-0.046
1744992814.11,-1,0.319,0.656,1.329,19,-0.215,-0.094,0.000,20,1.047,1.329,0.115,-0.023,0.38,1.40,0.031,-0.016,0.972,-0.022,0.229,-0.229
1744992814.12,-1,0.319,0.656,1.329,19,-0.215,-0.094,0.000,20,1.047,1.329,0.115,-0.023,0.38,1.40,0.031,-0.016,0.972,-0.022,0.229,-0.229
1744992814.14,-1,0.319,0.656,1.329,19,-0.215,-0.094,0.000,20,1.047,1.329,0.115,-0.023,0.36,1.50,0.035,-0.018,0.968,0.069,0.015,0.137
1744992814.14,-1,0.319,0.656,1.329,19,-0.215,-0.094,0.000,20,1.047,1.329,0.115,-0.023,0.36,1.50,0.035,-0.018,0.968,0.069,0.015,0.137
1744992814.14,-1,0.319,0.656,1.329,19,-0.215,-0.094,0.000,20,1.047,1.329,0.115,-0.023,0.36,1.50,0.033,-0.015,0.975,-0.083,0.320,-0.046
1744992814.15,-1,0.319,0.656,1.329,19,-0.215,-0.094,0.000,20,1.047,1.329,0.115,-0.023,0.36,1.50,0.032,-0.016,0.971,-0.236,0.015,-0.229
1744992814.15,-1,0.319,0.656,1.329,19,-0.215,-0.094,0.000,20,1.047,1.329,0.115,-0.023,0.36,1.50,0.032,-0.016,0.971,-0.236,0.015,-0.229
1744992814.16,-1,0.319,0.656,1.329,19,-0.215,-0.094,0.000,20,1.047,1.329,0.115,-0.023,0.36,1.50,0.033,-0.017,0.968,0.039,0.198,-0.198
1744992814.16,-1,0.319,0.656,1.329,19,-0.215,-0.094,0.000,20,1.047,1.329,0.115,-0.023,0.36,1.50,0.033,-0.017,0.968,0.039,0.198,-0.198
1744992814.17,-1,0.319,0.656,1.329,19,-0.215,-0.094,0.000,20,1.047,1.329,0.115,-0.023,0.36,1.50,0.033,-0.015,0.970,-0.205,0.259,0.076
1744992814.18,-1,0.319,0.656,1.329,19,-0.215,-0.094,0.000,20,1.047,1.329,0.115,-0.023,0.36,1.50,0.029,-0.014,0.967,0.039,0.168,-0.076
1744992814.18,-1,0.319,0.656,1.329,19,-0.215,-0.094,0.000,20,1.047,1.329,0.115,-0.023,0.36,1.50,0.029,-0.014,0.967,0.039,0.168,-0.076
1744992814.19,-1,0.319,0.656,1.329,19,-0.215,-0.094,0.000,20,1.047,1.329,0.115,-0.023,0.38,1.50,0.033,-0.019,0.974,-0.083,0.168,0.107
1744992814.19,-1,0.319,0.656,1.329,19,-0.215,-0.094,0.000,20,1.047,1.329,0.115,-0.023,0.38,1.50,0.033,-0.019,0.974,-0.083,0.168,0.107
1744992814.20,-1,0.319,0.656,1.329,19,-0.215,-0.094,0.000,20,1.047,1.329,0.115,-0.023,0.38,1.50,0.030,-0.017,0.973,0.039,-0.107,-0.168
1744992814.21,-1,0.319,0.656,1.329,19,-0.215,-0.094,0.000,20,1.047,1.329,0.115,-0.023,0.38,1.50,0.031,-0.016,0.962,-0.297,-0.137,0.137
1744992814.21,-1,0.319,0.656,1.329,19,-0.215,-0.094,0.000,20,1.047,1.329,0.115,-0.023,0.38,1.50,0.031,-0.016,0.962,-0.297,-0.137,0.137
1744992814.22,-1,0.319,0.656,1.329,19,-0.215,-0.094,0.000,20,1.047,1.329,0.115,-0.023,0.37,1.12,0.032,-0.016,0.971,-0.022,0.015,-0.046
1744992814.22,-1,0.319,0.656,1.329,19,-0.215,-0.094,0.000,20,1.047,1.329,0.115,-0.023,0.37,1.12,0.032,-0.016,0.971,-0.022,0.015,-0.046
1744992814.23,-1,0.319,0.656,1.329,19,-0.215,-0.094,0.000,20,1.047,1.329,0.115,-0.023,0.37,1.12,0.030,-0.015,0.968,-0.175,0.198,-0.046
1744992814.24,-1,0.319,0.656,1.329,20,-0.215,-0.094,0.000,20,1.047,1.329,0.115,-0.023,0.37,1.12,0.029,-0.013,0.969,-0.236,0.381,0.046
1744992814.24,-1,0.319,0.656,1.329,20,-0.215,-0.094,0.000,20,1.047,1.329,0.115,-0.023,0.37,1.12,0.029,-0.013,0.969,-0.236,0.381,0.046
1744992814.25,-1,0.319,0.656,1.329,20,-0.215,-0.094,0.000,20,1.047,1.329,0.115,-0.023,0.35,1.16,0.027,-0.015,0.978,-0.083,0.290,-0.107
1744992814.25,-1,0.319,0.656,1.329,20,-0.215,-0.094,0.000,20,1.047,1.329,0.115,-0.023,0.35,1.16,0.027,-0.015,0.978,-0.083,0.290,-0.107
1744992814.25,-1,0.319,0.656,1.329,20,-0.215,-0.094,0.000,20,1.047,1.329,0.115,-0.023,0.35,1.16,0.034,-0.015,0.967,-0.388,0.076,-0.015
1744992814.26,-1,0.319,0.656,1.329,20,-0.215,-0.094,0.000,20,1.047,1.329,0.115,-0.023,0.35,1.16,0.031,-0.014,0.975,-0.083,0.198,-0.015
1744992814.27,-1,0.319,0.656,1.329,20,-0.215,-0.094,0.000,20,1.047,1.329,0.115,-0.023,0.35,1.16,0.031,-0.014,0.975,-0.083,0.198,-0.015
1744992814.28,-1,0.319,0.656,1.329,20,-0.215,-0.094,0.000,20,1.047,1.329,0.115,-0.023,0.34,1.15,0.034,-0.019,0.966,-0.083,0.198,-0.198
1744992814.28,-1,0.319,0.656,1.329,20,-0.215,-0.094,0.000,20,1.047,1.329,0.115,-0.023,0.34,1.15,0.034,-0.019,0.966,-0.083,0.198,-0.198
1744992814.29,-1,0.319,0.656,1.329,20,-0.215,-0.094,0.000,20,1.047,1.329,0.115,-0.023,0.34,1.15,0.028,-0.015,0.966,-0.144,0.443,-0.229
1744992814.29,-1,0.319,0.656,1.329,20,-0.215,-0.094,0.000,20,1.047,1.329,0.115,-0.023,0.34,1.15,0.031,-0.012,0.972,0.100,0.137,0.015
1744992814.30,-1,0.319,0.656,1.329,20,-0.215,-0.094,0.000,20,1.047,1.329,0.115,-0.023,0.34,1.15,0.031,-0.012,0.972,0.100,0.137,0.015
1744992814.31,-1,0.319,0.656,1.329,20,-0.215,-0.094,0.000,20,1.047,1.329,0.115,-0.023,0.34,1.06,0.029,-0.015,0.964,-0.144,0.259,-0.137
1744992814.31,-1,0.319,0.656,1.329,20,-0.215,-0.094,0.000,20,1.047,1.329,0.115,-0.023,0.34,1.06,0.029,-0.015,0.964,-0.144,0.259,-0.137
1744992814.32,-1,0.319,0.656,1.329,20,-0.215,-0.094,0.000,20,1.047,1.329,0.115,-0.023,0.34,1.06,0.030,-0.012,0.974,0.008,-0.015,0.046
1744992814.32,-1,0.319,0.656,1.329,20,-0.215,-0.094,0.000,20,1.047,1.329,0.115,-0.023,0.34,1.06,0.031,-0.015,0.974,-0.175,0.107,0.015
1744992814.32,-1,0.319,0.656,1.329,20,-0.215,-0.094,0.000,20,1.047,1.329,0.115,-0.023,0.34,1.06,0.031,-0.015,0.974,-0.175,0.107,0.015
# remark: robobot/cmd/ti/alive 2025-04-18 18:13:08.652491
1744992814.34,-1,0.319,0.656,1.329,20,-0.215,-0.094,0.000,20,1.047,1.329,0.115,-0.023,0.36,1.29,0.033,-0.019,0.959,-0.144,0.198,-0.015
1744992814.34,-1,0.319,0.656,1.329,20,-0.215,-0.094,0.000,20,1.047,1.329,0.115,-0.023,0.36,1.29,0.033,-0.019,0.959,-0.144,0.198,-0.015
1744992814.35,-1,0.319,0.656,1.329,20,-0.215,-0.094,0.000,20,1.047,1.329,0.115,-0.023,0.36,1.29,0.034,-0.017,0.971,0.069,0.259,-0.259
1744992814.35,-1,0.319,0.656,1.329,20,-0.215,-0.094,0.000,20,1.047,1.329,0.115,-0.023,0.36,1.29,0.031,-0.019,0.965,0.008,0.107,-0.351
1744992814.35,-1,0.319,0.656,1.329,20,-0.215,-0.094,0.000,20,1.047,1.329,0.115,-0.023,0.36,1.29,0.031,-0.019,0.965,0.008,0.107,-0.351
# remark: robobot/cmd/T0/servo 1 -900 0
1744992814.37,-1,0.319,0.656,1.329,20,-0.215,-0.094,0.000,20,1.047,1.329,0.115,-0.023,0.37,1.40,0.027,-0.018,0.968,-0.266,0.351,-0.229
1744992814.37,-1,0.319,0.656,1.329,20,-0.215,-0.094,0.000,20,1.047,1.329,0.115,-0.023,0.37,1.40,0.030,-0.015,0.974,0.008,0.320,-0.046
1744992814.38,-1,0.319,0.656,1.329,20,-0.215,-0.094,0.000,20,1.047,1.329,0.115,-0.023,0.37,1.40,0.030,-0.015,0.974,0.008,0.320,-0.046
1744992814.38,-1,0.319,0.656,1.329,20,-0.215,-0.094,0.000,20,1.047,1.329,0.115,-0.023,0.37,1.40,0.031,-0.013,0.961,-0.175,0.168,0.015
1744992814.39,-1,0.319,0.656,1.329,20,-0.215,-0.094,0.000,20,1.047,1.329,0.115,-0.023,0.37,1.40,0.031,-0.013,0.961,-0.175,0.168,0.015
1744992814.40,-1,0.319,0.656,1.329,20,-0.215,-0.094,0.000,20,1.047,1.329,0.115,-0.023,0.37,1.09,0.030,-0.016,0.969,-0.083,0.046,0.046
1744992814.40,-1,0.319,0.656,1.329,20,-0.215,-0.094,0.000,20,1.047,1.329,0.115,-0.023,0.37,1.09,0.031,-0.017,0.970,-0.175,0.290,0.046
1744992814.41,-1,0.319,0.656,1.329,20,-0.215,-0.094,0.000,20,1.047,1.329,0.115,-0.023,0.37,1.09,0.031,-0.017,0.970,-0.175,0.290,0.046
1744992814.42,-1,0.319,0.656,1.329,20,-0.215,-0.094,0.000,20,1.047,1.329,0.115,-0.023,0.37,1.09,0.027,-0.014,0.971,-0.083,-0.046,-0.076
1744992814.42,-1,0.319,0.656,1.329,20,-0.215,-0.094,0.000,20,1.047,1.329,0.115,-0.023,0.37,1.09,0.027,-0.014,0.971,-0.083,-0.046,-0.076
1744992814.44,-1,0.319,0.656,1.329,20,-0.215,-0.094,0.000,20,1.047,1.329,0.115,-0.023,0.37,1.34,0.031,-0.016,0.968,0.130,-0.107,-0.107
1744992814.44,-1,0.319,0.656,1.329,20,-0.215,-0.094,0.000,20,1.047,1.329,0.115,-0.023,0.37,1.34,0.032,-0.017,0.967,-0.053,0.259,-0.107
1744992814.44,-1,0.319,0.656,1.329,20,-0.215,-0.094,0.000,20,1.047,1.329,0.115,-0.023,0.37,1.34,0.032,-0.017,0.967,-0.053,0.259,-0.107
1744992814.45,-1,0.319,0.656,1.329,20,-0.215,-0.094,0.000,20,1.047,1.329,0.115,-0.023,0.37,1.34,0.030,-0.018,0.974,0.161,0.015,-0.107
1744992814.45,-1,0.319,0.656,1.329,20,-0.215,-0.094,0.000,20,1.047,1.329,0.115,-0.023,0.37,1.34,0.030,-0.018,0.974,0.161,0.015,-0.107
1744992814.47,-1,0.319,0.656,1.329,20,-0.215,-0.094,0.000,20,1.047,1.329,0.115,-0.023,0.36,1.48,0.031,-0.021,0.973,0.039,-0.015,-0.198
1744992814.47,-1,0.319,0.656,1.329,20,-0.215,-0.094,0.000,20,1.047,1.329,0.115,-0.023,0.36,1.48,0.030,-0.018,0.968,-0.297,0.076,-0.168
1744992814.47,-1,0.319,0.656,1.329,20,-0.215,-0.094,0.000,20,1.047,1.329,0.115,-0.023,0.36,1.48,0.030,-0.018,0.968,-0.297,0.076,-0.168
1744992814.47,-1,0.319,0.656,1.329,20,-0.215,-0.094,0.000,20,1.047,1.329,0.115,-0.023,0.36,1.48,0.028,-0.013,0.969,-0.144,0.046,-0.015
1744992814.48,-1,0.319,0.656,1.329,20,-0.215,-0.094,0.000,20,1.047,1.329,0.115,-0.023,0.36,1.48,0.028,-0.013,0.969,-0.144,0.046,-0.015
1744992814.49,-1,0.319,0.656,1.329,20,-0.215,-0.094,0.000,20,1.047,1.329,0.115,-0.023,0.37,1.42,0.031,-0.014,0.970,0.344,0.046,-0.076
1744992814.49,-1,0.319,0.656,1.329,20,-0.215,-0.094,0.000,20,1.047,1.329,0.115,-0.023,0.37,1.42,0.033,-0.015,0.966,-0.175,-0.168,-0.137
1744992814.49,-1,0.319,0.656,1.329,20,-0.215,-0.094,0.000,20,1.047,1.329,0.115,-0.023,0.37,1.42,0.033,-0.015,0.966,-0.175,-0.168,-0.137
1744992814.51,-1,0.319,0.656,1.329,20,-0.215,-0.094,0.000,20,1.047,1.329,0.115,-0.023,0.37,1.42,0.032,-0.016,0.972,-0.022,0.015,-0.107
1744992814.51,-1,0.319,0.656,1.329,20,-0.215,-0.094,0.000,20,1.047,1.329,0.115,-0.023,0.37,1.42,0.032,-0.016,0.972,-0.022,0.015,-0.107
1744992814.52,-1,0.319,0.656,1.329,20,-0.215,-0.094,0.000,20,1.047,1.329,0.115,-0.023,0.37,1.37,0.034,-0.018,0.967,-0.053,0.076,0.046
1744992814.52,-1,0.319,0.656,1.329,20,-0.215,-0.094,0.000,20,1.047,1.329,0.115,-0.023,0.37,1.37,0.031,-0.018,0.972,-0.266,0.107,-0.076
1744992814.54,-1,0.319,0.656,1.329,20,-0.215,-0.094,0.000,20,1.047,1.329,0.115,-0.023,0.37,1.37,0.031,-0.018,0.972,-0.266,0.107,-0.076
1744992814.54,-1,0.319,0.656,1.329,20,-0.215,-0.094,0.000,20,1.047,1.329,0.115,-0.023,0.37,1.37,0.032,-0.017,0.970,-0.144,0.198,0.412
1744992814.54,-1,0.319,0.656,1.329,20,-0.215,-0.094,0.000,20,1.047,1.329,0.115,-0.023,0.37,1.37,0.032,-0.017,0.970,-0.144,0.198,0.412
1744992814.55,-1,0.319,0.656,1.329,20,-0.215,-0.094,0.000,20,1.047,1.329,0.115,-0.023,0.37,1.50,0.032,-0.016,0.967,-0.266,-0.137,-0.229
1744992814.55,-1,0.319,0.656,1.329,20,-0.215,-0.094,0.000,20,1.047,1.329,0.115,-0.023,0.37,1.50,0.033,-0.017,0.973,-0.297,-0.015,0.046
1744992814.56,-1,0.319,0.656,1.329,20,-0.215,-0.094,0.000,20,1.047,1.329,0.115,-0.023,0.37,1.50,0.033,-0.017,0.973,-0.297,-0.015,0.046
1744992814.56,-1,0.319,0.656,1.329,20,-0.215,-0.094,0.000,20,1.047,1.329,0.115,-0.023,0.37,1.50,0.030,-0.016,0.966,-0.144,0.290,0.076
1744992814.57,-1,0.319,0.656,1.329,20,-0.215,-0.094,0.000,20,1.047,1.329,0.115,-0.023,0.37,1.50,0.030,-0.016,0.966,-0.144,0.290,0.076
1744992814.58,-1,0.319,0.656,1.329,20,-0.215,-0.094,0.000,20,1.047,1.329,0.115,-0.023,0.37,1.50,0.030,-0.013,0.968,-0.144,-0.046,0.168
1744992814.58,-1,0.319,0.656,1.329,20,-0.215,-0.094,0.000,20,1.047,1.329,0.115,-0.023,0.37,1.50,0.031,-0.019,0.976,0.039,0.076,0.198
1744992814.59,-1,0.319,0.656,1.329,20,-0.215,-0.094,0.000,20,1.047,1.329,0.115,-0.023,0.37,1.50,0.031,-0.019,0.976,0.039,0.076,0.198
1744992814.60,-1,0.319,0.656,1.329,20,-0.215,-0.094,0.000,20,1.047,1.329,0.115,-0.023,0.37,1.50,0.031,-0.018,0.966,-0.022,0.015,0.015
1744992814.60,-1,0.319,0.656,1.329,20,-0.215,-0.094,0.000,20,1.047,1.329,0.115,-0.023,0.37,1.50,0.031,-0.018,0.966,-0.022,0.015,0.015
1744992814.61,-1,0.319,0.656,1.329,20,-0.215,-0.094,0.000,20,1.047,1.329,0.115,-0.023,0.36,1.50,0.029,-0.017,0.971,-0.053,-0.107,-0.015
1744992814.61,-1,0.319,0.656,1.329,20,-0.215,-0.094,0.000,20,1.047,1.329,0.115,-0.023,0.36,1.50,0.033,-0.014,0.971,0.100,0.015,0.290
1744992814.62,-1,0.319,0.656,1.329,20,-0.215,-0.094,0.000,20,1.047,1.329,0.115,-0.023,0.36,1.50,0.033,-0.014,0.971,0.100,0.015,0.290
1744992814.62,-1,0.319,0.656,1.329,20,-0.215,-0.094,0.000,20,1.047,1.329,0.115,-0.023,0.36,1.50,0.031,-0.014,0.966,0.130,0.046,0.076
1744992814.64,-1,0.319,0.656,1.329,20,-0.215,-0.094,0.000,20,1.047,1.329,0.115,-0.023,0.36,1.50,0.031,-0.014,0.966,0.130,0.046,0.076
1744992814.64,-1,0.319,0.656,1.329,20,-0.215,-0.094,0.000,20,1.047,1.329,0.115,-0.023,0.34,1.50,0.028,-0.016,0.970,0.069,0.137,-0.076
1744992814.64,-1,0.319,0.656,1.329,20,-0.215,-0.094,0.000,20,1.047,1.329,0.115,-0.023,0.34,1.50,0.028,-0.016,0.972,-0.053,0.351,-0.290
1744992814.65,-1,0.319,0.656,1.329,20,-0.215,-0.094,0.000,20,1.047,1.329,0.115,-0.023,0.34,1.50,0.028,-0.016,0.972,-0.053,0.351,-0.290
1744992814.65,-1,0.319,0.656,1.329,20,-0.215,-0.094,0.000,20,1.047,1.329,0.115,-0.023,0.34,1.50,0.032,-0.014,0.960,-0.114,0.107,-0.076
1744992814.66,-1,0.319,0.656,1.329,20,-0.215,-0.094,0.000,20,1.047,1.329,0.115,-0.023,0.34,1.50,0.032,-0.014,0.960,-0.114,0.107,-0.076
1744992814.68,-1,0.319,0.656,1.329,20,-0.215,-0.094,0.000,20,1.047,1.329,0.115,-0.023,0.34,1.44,0.028,-0.017,0.974,0.008,-0.198,-0.015
1744992814.68,-1,0.319,0.656,1.329,20,-0.215,-0.094,0.000,20,1.047,1.329,0.115,-0.023,0.34,1.44,0.030,-0.010,0.964,0.039,0.351,-0.320
1744992814.68,-1,0.319,0.656,1.329,20,-0.215,-0.094,0.000,20,1.047,1.329,0.115,-0.023,0.34,1.44,0.030,-0.010,0.964,0.039,0.351,-0.320
1744992814.68,-1,0.319,0.656,1.329,20,-0.215,-0.094,0.000,20,1.047,1.329,0.115,-0.023,0.34,1.44,0.030,-0.016,0.973,-0.327,0.076,-0.198
1744992814.69,-1,0.319,0.656,1.329,20,-0.215,-0.094,0.000,20,1.047,1.329,0.115,-0.023,0.34,1.44,0.030,-0.016,0.973,-0.327,0.076,-0.198
1744992814.70,-1,0.319,0.656,1.329,20,-0.215,-0.094,0.000,20,1.047,1.329,0.115,-0.023,0.36,1.50,0.031,-0.015,0.976,-0.144,0.351,0.046
1744992814.70,-1,0.319,0.656,1.329,20,-0.215,-0.094,0.000,20,1.047,1.329,0.115,-0.023,0.36,1.50,0.031,-0.015,0.968,0.039,0.229,-0.015
1744992814.70,-1,0.319,0.656,1.329,20,-0.215,-0.094,0.000,20,1.047,1.329,0.115,-0.023,0.36,1.50,0.031,-0.015,0.968,0.039,0.229,-0.015
1744992814.71,-1,0.319,0.656,1.329,20,-0.215,-0.094,0.000,20,1.047,1.329,0.115,-0.023,0.36,1.50,0.032,-0.013,0.972,0.069,0.076,0.015
1744992814.71,-1,0.319,0.656,1.329,20,-0.215,-0.094,0.000,20,1.047,1.329,0.115,-0.023,0.36,1.50,0.032,-0.013,0.972,0.069,0.076,0.015
1744992814.73,-1,0.319,0.656,1.329,20,-0.215,-0.094,0.000,20,1.047,1.329,0.115,-0.023,0.35,1.50,0.031,-0.016,0.977,-0.114,0.168,-0.015
1744992814.73,-1,0.319,0.656,1.329,20,-0.215,-0.094,0.000,20,1.047,1.329,0.115,-0.023,0.35,1.50,0.029,-0.015,0.966,0.008,0.137,-0.137
1744992814.74,-1,0.319,0.656,1.329,20,-0.215,-0.094,0.000,20,1.047,1.329,0.115,-0.023,0.35,1.50,0.029,-0.015,0.966,0.008,0.137,-0.137
1744992814.74,-1,0.319,0.656,1.329,20,-0.215,-0.094,0.000,20,1.047,1.329,0.115,-0.023,0.35,1.50,0.030,-0.019,0.970,-0.053,0.320,-0.198
1744992814.75,-1,0.319,0.656,1.329,20,-0.215,-0.094,0.000,20,1.047,1.329,0.115,-0.023,0.35,1.50,0.030,-0.019,0.970,-0.053,0.320,-0.198
1744992814.76,-1,0.319,0.656,1.329,20,-0.215,-0.094,0.000,20,1.047,1.329,0.115,-0.023,0.41,1.50,0.032,-0.017,0.968,-0.022,0.412,-0.229
1744992814.76,-1,0.319,0.656,1.329,20,-0.215,-0.094,0.000,20,1.047,1.329,0.115,-0.023,0.41,1.50,0.033,-0.018,0.965,0.039,0.015,-0.107
1744992814.77,-1,0.319,0.656,1.329,20,-0.215,-0.094,0.000,20,1.047,1.329,0.115,-0.023,0.41,1.50,0.033,-0.018,0.965,0.039,0.015,-0.107
1744992814.77,-1,0.319,0.656,1.329,20,-0.215,-0.094,0.000,20,1.047,1.329,0.115,-0.023,0.41,1.50,0.033,-0.018,0.975,-0.144,0.168,0.046
1744992814.77,-1,0.319,0.656,1.329,20,-0.215,-0.094,0.000,20,1.047,1.329,0.115,-0.023,0.41,1.50,0.033,-0.018,0.975,-0.144,0.168,0.046
1744992814.79,-1,0.319,0.656,1.329,20,-0.215,-0.094,0.000,20,1.047,1.329,0.115,-0.023,0.39,1.25,0.031,-0.013,0.968,0.100,0.137,-0.198
1744992814.79,-1,0.319,0.656,1.329,20,-0.215,-0.094,0.000,20,1.047,1.329,0.115,-0.023,0.39,1.25,0.028,-0.014,0.974,0.069,-0.046,-0.229
1744992814.80,-1,0.319,0.656,1.329,20,-0.215,-0.094,0.000,20,1.047,1.329,0.115,-0.023,0.39,1.25,0.028,-0.014,0.974,0.069,-0.046,-0.229
1744992814.80,-1,0.319,0.656,1.329,20,-0.215,-0.094,0.000,20,1.047,1.329,0.115,-0.023,0.39,1.25,0.034,-0.016,0.970,-0.083,0.229,0.229
1744992814.81,-1,0.319,0.656,1.329,20,-0.215,-0.094,0.000,20,1.047,1.329,0.115,-0.023,0.39,1.25,0.034,-0.016,0.970,-0.083,0.229,0.229
# remark: robobot/cmd/ti/alive 2025-04-18 18:13:08.652491
# remark: robobot/cmd/T0/servo 1 -900 0
1744992815.15,-1,0.319,0.656,1.329,21,-0.215,-0.094,0.000,20,1.047,1.329,0.115,-0.023,0.36,1.50,0.030,-0.016,0.968,-0.022,0.137,-0.259
1744992815.15,-1,0.319,0.656,1.329,21,-0.215,-0.094,0.000,20,1.047,1.329,0.115,-0.023,0.36,1.50,0.026,-0.016,0.968,0.069,0.076,0.015
1744992815.15,-1,0.319,0.656,1.329,21,-0.215,-0.094,0.000,20,1.047,1.329,0.115,-0.023,0.36,1.50,0.026,-0.016,0.968,0.069,0.076,0.015
1744992815.15,-1,0.319,0.656,1.329,21,-0.215,-0.094,0.000,20,1.047,1.329,0.115,-0.023,0.36,1.50,0.031,-0.017,0.975,-0.114,-0.015,-0.015
1744992815.15,-1,0.319,0.656,1.329,21,-0.215,-0.094,0.000,20,1.047,1.329,0.115,-0.023,0.36,1.50,0.031,-0.017,0.975,-0.114,-0.015,-0.015
1744992815.15,-1,0.319,0.656,1.329,21,-0.215,-0.094,0.000,20,1.047,1.329,0.115,-0.023,0.36,1.50,0.030,-0.013,0.969,-0.205,0.198,0.137
1744992815.15,-1,0.319,0.656,1.329,21,-0.215,-0.094,0.000,20,1.047,1.329,0.115,-0.023,0.36,1.50,0.032,-0.013,0.974,-0.236,0.381,0.076
1744992815.16,-1,0.319,0.656,1.329,21,-0.215,-0.094,0.000,20,1.047,1.329,0.115,-0.023,0.36,1.50,0.032,-0.013,0.974,-0.236,0.381,0.076
1744992815.16,-1,0.319,0.656,1.329,21,-0.215,-0.094,0.000,20,1.047,1.329,0.115,-0.023,0.36,1.50,0.028,-0.019,0.971,0.069,0.137,0.229
1744992815.16,-1,0.319,0.656,1.329,21,-0.215,-0.094,0.000,20,1.047,1.329,0.115,-0.023,0.36,1.50,0.028,-0.019,0.971,0.069,0.137,0.229
1744992815.16,-1,0.319,0.656,1.329,21,-0.215,-0.094,0.000,20,1.047,1.329,0.115,-0.023,0.38,1.33,0.033,-0.016,0.971,0.008,0.168,-0.076
1744992815.16,-1,0.319,0.656,1.329,21,-0.215,-0.094,0.000,20,1.047,1.329,0.115,-0.023,0.38,1.33,0.028,-0.019,0.971,0.161,0.076,0.015
1744992815.16,-1,0.319,0.656,1.329,21,-0.215,-0.094,0.000,20,1.047,1.329,0.115,-0.023,0.38,1.33,0.028,-0.019,0.971,0.161,0.076,0.015
1744992815.16,-1,0.319,0.656,1.329,21,-0.215,-0.094,0.000,20,1.047,1.329,0.115,-0.023,0.38,1.33,0.032,-0.015,0.965,0.130,-0.076,0.046
1744992815.16,-1,0.319,0.656,1.329,21,-0.215,-0.094,0.000,20,1.047,1.329,0.115,-0.023,0.38,1.33,0.032,-0.015,0.965,0.130,-0.076,0.046
1744992815.16,-1,0.319,0.656,1.329,21,-0.215,-0.094,0.000,20,1.047,1.329,0.115,-0.023,0.38,1.50,0.029,-0.016,0.972,-0.297,0.015,-0.046
1744992815.16,-1,0.319,0.656,1.329,21,-0.215,-0.094,0.000,20,1.047,1.329,0.115,-0.023,0.38,1.50,0.030,-0.017,0.971,-0.144,0.168,-0.046
1744992815.16,-1,0.319,0.656,1.329,21,-0.215,-0.094,0.000,20,1.047,1.329,0.115,-0.023,0.38,1.50,0.030,-0.017,0.971,-0.144,0.168,-0.046
1744992815.16,-1,0.319,0.656,1.329,21,-0.215,-0.094,0.000,20,1.047,1.329,0.115,-0.023,0.38,1.50,0.031,-0.016,0.971,0.130,-0.015,-0.046
1744992815.16,-1,0.319,0.656,1.329,21,-0.215,-0.094,0.000,20,1.047,1.329,0.115,-0.023,0.38,1.50,0.031,-0.016,0.971,0.130,-0.015,-0.046
1744992815.16,-1,0.319,0.656,1.329,21,-0.215,-0.094,0.000,20,1.047,1.329,0.115,-0.023,0.37,1.50,0.032,-0.014,0.972,-0.083,0.290,0.046
1744992815.16,-1,0.319,0.656,1.329,21,-0.215,-0.094,0.000,20,1.047,1.329,0.115,-0.023,0.37,1.50,0.030,-0.016,0.967,-0.053,-0.076,-0.076
1744992815.16,-1,0.319,0.656,1.329,21,-0.215,-0.094,0.000,20,1.047,1.329,0.115,-0.023,0.37,1.50,0.030,-0.016,0.967,-0.053,-0.076,-0.076
1744992815.16,-1,0.319,0.656,1.329,21,-0.215,-0.094,0.000,20,1.047,1.329,0.115,-0.023,0.37,1.50,0.031,-0.017,0.970,0.069,-0.015,-0.076
1744992815.16,-1,0.319,0.656,1.329,21,-0.215,-0.094,0.000,20,1.047,1.329,0.115,-0.023,0.37,1.50,0.031,-0.017,0.970,0.069,-0.015,-0.076
1744992815.16,-1,0.319,0.656,1.329,21,-0.215,-0.094,0.000,20,1.047,1.329,0.115,-0.023,0.37,1.50,0.030,-0.014,0.974,0.008,0.259,0.168
1744992815.16,-1,0.319,0.656,1.329,21,-0.215,-0.094,0.000,20,1.047,1.329,0.115,-0.023,0.37,1.50,0.031,-0.014,0.971,-0.327,0.137,-0.290
1744992815.16,-1,0.319,0.656,1.329,21,-0.215,-0.094,0.000,20,1.047,1.329,0.115,-0.023,0.37,1.50,0.031,-0.014,0.971,-0.327,0.137,-0.290
1744992815.16,-1,0.319,0.656,1.329,21,-0.215,-0.094,0.000,20,1.047,1.329,0.115,-0.023,0.37,1.50,0.031,-0.016,0.969,-0.144,-0.015,-0.015
1744992815.16,-1,0.319,0.656,1.329,21,-0.215,-0.094,0.000,20,1.047,1.329,0.115,-0.023,0.37,1.50,0.031,-0.016,0.969,-0.144,-0.015,-0.015
1744992815.17,-1,0.319,0.656,1.329,21,-0.215,-0.094,0.000,20,1.047,1.329,0.115,-0.023,0.40,1.47,0.031,-0.019,0.974,0.130,0.259,-0.137
1744992815.17,-1,0.319,0.656,1.329,21,-0.215,-0.094,0.000,20,1.047,1.329,0.115,-0.023,0.40,1.47,0.031,-0.019,0.974,0.130,0.259,-0.137
1744992815.18,-1,0.319,0.656,1.329,21,-0.215,-0.094,0.000,20,1.047,1.329,0.115,-0.023,0.34,1.50,0.036,-0.016,0.971,-0.053,0.015,0.107
1744992815.18,-1,0.319,0.656,1.329,21,-0.215,-0.094,0.000,20,1.047,1.329,0.115,-0.023,0.34,1.50,0.036,-0.016,0.971,-0.053,0.015,0.107
1744992815.19,-1,0.319,0.656,1.329,21,-0.215,-0.094,0.000,20,1.047,1.329,0.115,-0.023,0.34,1.50,0.028,-0.018,0.971,-0.083,-0.137,-0.107
1744992815.20,-1,0.319,0.656,1.329,21,-0.215,-0.094,0.000,20,1.047,1.329,0.115,-0.023,0.34,1.50,0.032,-0.019,0.970,0.069,0.229,0.137
1744992815.20,-1,0.319,0.656,1.329,21,-0.215,-0.094,0.000,20,1.047,1.329,0.115,-0.023,0.34,1.50,0.032,-0.019,0.970,0.069,0.229,0.137
1744992815.21,-1,0.319,0.656,1.329,21,-0.215,-0.094,0.000,20,1.047,1.329,0.115,-0.023,0.35,1.50,0.032,-0.014,0.966,-0.144,-0.015,-0.168
1744992815.21,-1,0.319,0.656,1.329,21,-0.215,-0.094,0.000,20,1.047,1.329,0.115,-0.023,0.35,1.50,0.032,-0.014,0.966,-0.144,-0.015,-0.168
1744992815.22,-1,0.319,0.656,1.329,21,-0.215,-0.094,0.000,20,1.047,1.329,0.115,-0.023,0.35,1.50,0.032,-0.016,0.969,-0.053,0.259,-0.259
1744992815.24,-1,0.319,0.656,1.329,21,-0.215,-0.094,0.000,20,1.047,1.329,0.115,-0.023,0.35,1.50,0.034,-0.013,0.967,-0.236,0.198,0.168
1744992815.24,-1,0.319,0.656,1.329,21,-0.215,-0.094,0.000,20,1.047,1.329,0.115,-0.023,0.35,1.50,0.034,-0.013,0.967,-0.236,0.198,0.168
1744992815.24,-1,0.319,0.656,1.329,21,-0.215,-0.094,0.000,20,1.047,1.329,0.115,-0.023,0.36,1.46,0.032,-0.013,0.964,0.039,0.137,-0.137
1744992815.24,-1,0.319,0.656,1.329,21,-0.215,-0.094,0.000,20,1.047,1.329,0.115,-0.023,0.36,1.46,0.032,-0.013,0.964,0.039,0.137,-0.137
1744992815.25,-1,0.319,0.656,1.329,21,-0.215,-0.094,0.000,20,1.047,1.329,0.115,-0.023,0.36,1.46,0.026,-0.018,0.972,0.161,0.015,0.046
1744992815.26,-1,0.319,0.656,1.329,21,-0.215,-0.094,0.000,20,1.047,1.329,0.115,-0.023,0.36,1.46,0.030,-0.014,0.968,-0.114,0.473,-0.137
1744992815.26,-1,0.319,0.656,1.329,21,-0.215,-0.094,0.000,20,1.047,1.329,0.115,-0.023,0.36,1.46,0.030,-0.014,0.968,-0.114,0.473,-0.137
1744992815.27,-1,0.319,0.656,1.329,21,-0.215,-0.094,0.000,20,1.047,1.329,0.115,-0.023,0.39,1.50,0.031,-0.014,0.972,-0.266,0.229,-0.046
1744992815.27,-1,0.319,0.656,1.329,21,-0.215,-0.094,0.000,20,1.047,1.329,0.115,-0.023,0.39,1.50,0.031,-0.014,0.972,-0.266,0.229,-0.046
1744992815.28,-1,0.319,0.656,1.329,21,-0.215,-0.094,0.000,20,1.047,1.329,0.115,-0.023,0.39,1.50,0.032,-0.015,0.971,0.161,0.168,-0.198
1744992815.29,-1,0.319,0.656,1.329,21,-0.215,-0.094,0.000,20,1.047,1.329,0.115,-0.023,0.39,1.50,0.028,-0.012,0.970,-0.175,0.259,-0.046
1744992815.29,-1,0.319,0.656,1.329,21,-0.215,-0.094,0.000,20,1.047,1.329,0.115,-0.023,0.39,1.50,0.028,-0.012,0.970,-0.175,0.259,-0.046
1744992815.30,-1,0.319,0.656,1.329,21,-0.215,-0.094,0.000,20,1.047,1.329,0.115,-0.023,0.38,1.46,0.028,-0.018,0.973,0.069,0.076,0.168
1744992815.30,-1,0.319,0.656,1.329,21,-0.215,-0.094,0.000,20,1.047,1.329,0.115,-0.023,0.38,1.46,0.028,-0.018,0.973,0.069,0.076,0.168
1744992815.31,-1,0.319,0.656,1.329,21,-0.215,-0.094,0.000,20,1.047,1.329,0.115,-0.023,0.38,1.46,0.028,-0.018,0.973,0.069,0.076,0.168
1744992815.32,-1,0.319,0.656,1.329,21,-0.215,-0.094,0.000,20,1.047,1.329,0.115,-0.023,0.38,1.46,0.031,-0.015,0.969,0.191,0.076,-0.137
1744992815.32,-1,0.319,0.656,1.329,21,-0.215,-0.094,0.000,20,1.047,1.329,0.115,-0.023,0.38,1.46,0.031,-0.015,0.969,0.191,0.076,-0.137
1744992815.34,-1,0.319,0.656,1.329,21,-0.215,-0.094,0.000,20,1.047,1.329,0.115,-0.023,0.39,1.50,0.031,-0.015,0.974,-0.053,0.351,-0.076
1744992815.34,-1,0.319,0.656,1.329,21,-0.215,-0.094,0.000,20,1.047,1.329,0.115,-0.023,0.39,1.50,0.028,-0.016,0.968,0.100,0.015,0.046
1744992815.34,-1,0.319,0.656,1.329,21,-0.215,-0.094,0.000,20,1.047,1.329,0.115,-0.023,0.39,1.50,0.028,-0.016,0.968,0.100,0.015,0.046
1744992815.35,-1,0.319,0.656,1.329,21,-0.215,-0.094,0.000,20,1.047,1.329,0.115,-0.023,0.39,1.50,0.031,-0.019,0.971,-0.114,0.137,-0.107
1744992815.35,-1,0.319,0.656,1.329,21,-0.215,-0.094,0.000,20,1.047,1.329,0.115,-0.023,0.39,1.50,0.031,-0.019,0.971,-0.114,0.137,-0.107
1744992815.36,-1,0.319,0.656,1.329,21,-0.215,-0.094,0.000,20,1.047,1.329,0.115,-0.023,0.38,1.50,0.035,-0.014,0.972,-0.053,0.168,-0.259
1744992815.37,-1,0.319,0.656,1.329,21,-0.215,-0.094,0.000,20,1.047,1.329,0.115,-0.023,0.38,1.50,0.032,-0.016,0.966,-0.175,-0.076,0.198
1744992815.37,-1,0.319,0.656,1.329,21,-0.215,-0.094,0.000,20,1.047,1.329,0.115,-0.023,0.38,1.50,0.032,-0.016,0.966,-0.175,-0.076,0.198
1744992815.39,-1,0.319,0.656,1.329,21,-0.215,-0.094,0.000,20,1.047,1.329,0.115,-0.023,0.38,1.50,0.030,-0.014,0.976,0.069,0.259,0.015
1744992815.39,-1,0.319,0.656,1.329,21,-0.215,-0.094,0.000,20,1.047,1.329,0.115,-0.023,0.38,1.50,0.030,-0.014,0.976,0.069,0.259,0.015
1744992815.39,-1,0.319,0.656,1.329,21,-0.215,-0.094,0.000,20,1.047,1.329,0.115,-0.023,0.36,1.50,0.033,-0.017,0.968,-0.175,0.168,-0.076
1744992815.39,-1,0.319,0.656,1.329,21,-0.215,-0.094,0.000,20,1.047,1.329,0.115,-0.023,0.36,1.50,0.026,-0.015,0.963,-0.175,0.473,-0.107
1744992815.40,-1,0.319,0.656,1.329,21,-0.215,-0.094,0.000,20,1.047,1.329,0.115,-0.023,0.36,1.50,0.026,-0.015,0.963,-0.175,0.473,-0.107
1744992815.41,-1,0.319,0.656,1.329,21,-0.215,-0.094,0.000,20,1.047,1.329,0.115,-0.023,0.36,1.50,0.027,-0.016,0.966,0.039,-0.076,-0.290
1744992815.41,-1,0.319,0.656,1.329,21,-0.215,-0.094,0.000,20,1.047,1.329,0.115,-0.023,0.36,1.50,0.027,-0.016,0.966,0.039,-0.076,-0.290
# remark: robobot/cmd/ti/alive 2025-04-18 18:13:08.652491
1744992815.42,-1,0.319,0.656,1.329,21,-0.215,-0.094,0.000,20,1.047,1.329,0.115,-0.023,0.35,1.49,0.030,-0.018,0.971,-0.083,0.137,0.076
1744992815.43,-1,0.319,0.656,1.329,21,-0.215,-0.094,0.000,20,1.047,1.329,0.115,-0.023,0.35,1.49,0.035,-0.013,0.972,0.039,0.137,-0.290
1744992815.43,-1,0.319,0.656,1.329,21,-0.215,-0.094,0.000,20,1.047,1.329,0.115,-0.023,0.35,1.49,0.035,-0.013,0.972,0.039,0.137,-0.290
1744992815.44,-1,0.319,0.656,1.329,22,-0.215,-0.094,0.000,20,1.047,1.329,0.115,-0.023,0.35,1.49,0.033,-0.014,0.974,-0.083,0.107,-0.320
1744992815.44,-1,0.319,0.656,1.329,22,-0.215,-0.094,0.000,20,1.047,1.329,0.115,-0.023,0.35,1.49,0.033,-0.014,0.974,-0.083,0.107,-0.320
1744992815.45,-1,0.319,0.656,1.329,22,-0.215,-0.094,0.000,20,1.047,1.329,0.115,-0.023,0.36,1.50,0.033,-0.014,0.972,-0.022,0.076,-0.107
1744992815.45,-1,0.319,0.656,1.329,22,-0.215,-0.094,0.000,20,1.047,1.329,0.115,-0.023,0.36,1.50,0.031,-0.016,0.967,-0.205,0.076,0.076
1744992815.46,-1,0.319,0.656,1.329,22,-0.215,-0.094,0.000,20,1.047,1.329,0.115,-0.023,0.36,1.50,0.031,-0.016,0.967,-0.205,0.076,0.076
1744992815.47,-1,0.319,0.656,1.329,22,-0.215,-0.094,0.000,20,1.047,1.329,0.115,-0.023,0.36,1.50,0.031,-0.013,0.970,-0.022,0.137,-0.046
1744992815.47,-1,0.319,0.656,1.329,22,-0.215,-0.094,0.000,20,1.047,1.329,0.115,-0.023,0.36,1.50,0.031,-0.013,0.970,-0.022,0.137,-0.046
1744992815.48,-1,0.319,0.656,1.329,22,-0.215,-0.094,0.000,20,1.047,1.329,0.115,-0.023,0.34,1.49,0.032,-0.016,0.968,-0.175,0.198,0.076
1744992815.49,-1,0.319,0.656,1.329,22,-0.215,-0.094,0.000,20,1.047,1.329,0.115,-0.023,0.34,1.49,0.031,-0.015,0.966,0.069,0.168,-0.046
1744992815.49,-1,0.319,0.656,1.329,22,-0.215,-0.094,0.000,20,1.047,1.329,0.115,-0.023,0.34,1.49,0.031,-0.015,0.966,0.069,0.168,-0.046
1744992815.50,-1,0.319,0.656,1.329,22,-0.215,-0.094,0.000,20,1.047,1.329,0.115,-0.023,0.34,1.49,0.031,-0.017,0.971,0.161,0.290,-0.015
1744992815.50,-1,0.319,0.656,1.329,22,-0.215,-0.094,0.000,20,1.047,1.329,0.115,-0.023,0.34,1.49,0.031,-0.017,0.971,0.161,0.290,-0.015
1744992815.51,-1,0.319,0.656,1.329,22,-0.215,-0.094,0.000,20,1.047,1.329,0.115,-0.023,0.31,1.50,0.031,-0.018,0.967,0.069,0.046,-0.046
1744992815.51,-1,0.319,0.656,1.329,22,-0.215,-0.094,0.000,20,1.047,1.329,0.115,-0.023,0.31,1.50,0.029,-0.014,0.971,0.100,0.168,-0.198
1744992815.52,-1,0.319,0.656,1.329,22,-0.215,-0.094,0.000,20,1.047,1.329,0.115,-0.023,0.31,1.50,0.029,-0.014,0.971,0.100,0.168,-0.198
1744992815.54,-1,0.319,0.656,1.329,22,-0.215,-0.094,0.000,20,1.047,1.329,0.115,-0.023,0.31,1.50,0.031,-0.013,0.975,-0.114,0.015,0.046
1744992815.54,-1,0.319,0.656,1.329,22,-0.215,-0.094,0.000,20,1.047,1.329,0.115,-0.023,0.31,1.50,0.031,-0.013,0.975,-0.114,0.015,0.046
1744992815.54,-1,0.319,0.656,1.329,22,-0.215,-0.094,0.000,20,1.047,1.329,0.115,-0.023,0.33,1.50,0.027,-0.015,0.964,-0.175,0.107,-0.137
1744992815.54,-1,0.319,0.656,1.329,22,-0.215,-0.094,0.000,20,1.047,1.329,0.115,-0.023,0.33,1.50,0.025,-0.015,0.968,0.039,0.076,-0.076
1744992815.56,-1,0.319,0.656,1.329,22,-0.215,-0.094,0.000,20,1.047,1.329,0.115,-0.023,0.33,1.50,0.025,-0.015,0.968,0.039,0.076,-0.076
# remark: robobot/cmd/T0/servo 1 -900 0
1744992815.57,-1,0.319,0.656,1.329,22,-0.215,-0.094,0.000,20,1.047,1.329,0.115,-0.023,0.33,1.50,0.030,-0.018,0.964,-0.419,0.381,-0.107
1744992815.57,-1,0.319,0.656,1.329,22,-0.215,-0.094,0.000,20,1.047,1.329,0.115,-0.023,0.33,1.50,0.030,-0.018,0.964,-0.419,0.381,-0.107
1744992815.58,-1,0.319,0.656,1.329,22,-0.215,-0.094,0.000,20,1.047,1.329,0.115,-0.023,0.35,1.50,0.035,-0.018,0.973,-0.144,0.229,-0.107
1744992815.58,-1,0.319,0.656,1.329,22,-0.215,-0.094,0.000,20,1.047,1.329,0.115,-0.023,0.35,1.50,0.032,-0.013,0.972,-0.053,0.320,-0.259
1744992815.58,-1,0.319,0.656,1.329,22,-0.215,-0.094,0.000,20,1.047,1.329,0.115,-0.023,0.35,1.50,0.032,-0.013,0.972,-0.053,0.320,-0.259
1744992815.59,-1,0.319,0.656,1.329,22,-0.215,-0.094,0.000,20,1.047,1.329,0.115,-0.023,0.35,1.50,0.033,-0.018,0.967,-0.053,0.137,-0.046
1744992815.59,-1,0.319,0.656,1.329,22,-0.215,-0.094,0.000,20,1.047,1.329,0.115,-0.023,0.35,1.50,0.033,-0.018,0.967,-0.053,0.137,-0.046
1744992815.60,-1,0.319,0.656,1.329,22,-0.215,-0.094,0.000,20,1.047,1.329,0.115,-0.023,0.35,1.50,0.031,-0.016,0.973,-0.083,0.107,-0.198
1744992815.60,-1,0.319,0.656,1.329,22,-0.215,-0.094,0.000,20,1.047,1.329,0.115,-0.023,0.35,1.50,0.031,-0.017,0.973,0.039,-0.015,0.015
1744992815.61,-1,0.319,0.656,1.329,22,-0.215,-0.094,0.000,20,1.047,1.329,0.115,-0.023,0.35,1.50,0.031,-0.017,0.973,0.039,-0.015,0.015
1744992815.62,-1,0.319,0.656,1.329,22,-0.215,-0.094,0.000,20,1.047,1.329,0.115,-0.023,0.35,1.50,0.031,-0.013,0.975,0.039,0.137,0.198
1744992815.62,-1,0.319,0.656,1.329,22,-0.215,-0.094,0.000,20,1.047,1.329,0.115,-0.023,0.35,1.50,0.031,-0.013,0.975,0.039,0.137,0.198
1744992815.64,-1,0.319,0.656,1.329,22,-0.215,-0.094,0.000,20,1.047,1.329,0.115,-0.023,0.36,1.50,0.032,-0.018,0.974,0.008,0.198,-0.381
1744992815.64,-1,0.319,0.656,1.329,22,-0.215,-0.094,0.000,20,1.047,1.329,0.115,-0.023,0.36,1.50,0.030,-0.016,0.972,-0.144,-0.046,-0.046
1744992815.64,-1,0.319,0.656,1.329,22,-0.215,-0.094,0.000,20,1.047,1.329,0.115,-0.023,0.36,1.50,0.030,-0.016,0.972,-0.144,-0.046,-0.046
1744992815.65,-1,0.319,0.656,1.329,22,-0.215,-0.094,0.000,20,1.047,1.329,0.115,-0.023,0.36,1.50,0.029,-0.017,0.968,-0.053,0.381,0.015
1744992815.65,-1,0.319,0.656,1.329,22,-0.215,-0.094,0.000,20,1.047,1.329,0.115,-0.023,0.36,1.50,0.029,-0.017,0.968,-0.053,0.381,0.015
1744992815.66,-1,0.319,0.656,1.329,22,-0.215,-0.094,0.000,20,1.047,1.329,0.115,-0.023,0.38,1.50,0.032,-0.018,0.970,0.252,0.259,-0.107
1744992815.66,-1,0.319,0.656,1.329,22,-0.215,-0.094,0.000,20,1.047,1.329,0.115,-0.023,0.38,1.50,0.031,-0.014,0.974,0.008,0.015,0.107
1744992815.71,-1,0.319,0.656,1.329,22,-0.215,-0.094,0.000,20,1.047,1.329,0.115,-0.023,0.38,1.50,0.031,-0.014,0.974,0.008,0.015,0.107
1744992815.71,-1,0.319,0.656,1.329,22,-0.215,-0.094,0.000,20,1.047,1.329,0.115,-0.023,0.38,1.50,0.032,-0.019,0.965,-0.083,0.107,-0.229
1744992815.71,-1,0.319,0.656,1.329,22,-0.215,-0.094,0.000,20,1.047,1.329,0.115,-0.023,0.38,1.50,0.032,-0.019,0.965,-0.083,0.107,-0.229
1744992815.72,-1,0.319,0.656,1.329,22,-0.215,-0.094,0.000,20,1.047,1.329,0.115,-0.023,0.37,1.46,0.034,-0.013,0.963,0.100,0.107,-0.076
1744992815.72,-1,0.319,0.656,1.329,22,-0.215,-0.094,0.000,20,1.047,1.329,0.115,-0.023,0.37,1.46,0.029,-0.013,0.969,0.191,0.107,-0.259
1744992815.72,-1,0.319,0.656,1.329,22,-0.215,-0.094,0.000,20,1.047,1.329,0.115,-0.023,0.37,1.46,0.029,-0.013,0.969,0.191,0.107,-0.259
1744992815.72,-1,0.319,0.656,1.329,22,-0.215,-0.094,0.000,20,1.047,1.329,0.115,-0.023,0.37,1.46,0.031,-0.015,0.971,-0.114,0.015,-0.015
1744992815.72,-1,0.319,0.656,1.329,22,-0.215,-0.094,0.000,20,1.047,1.329,0.115,-0.023,0.37,1.46,0.031,-0.015,0.971,-0.114,0.015,-0.015
1744992815.75,-1,0.319,0.656,1.329,22,-0.215,-0.094,0.000,20,1.047,1.329,0.115,-0.023,0.35,1.50,0.032,-0.018,0.964,0.222,0.259,0.015
1744992815.75,-1,0.319,0.656,1.329,22,-0.215,-0.094,0.000,20,1.047,1.329,0.115,-0.023,0.35,1.50,0.035,-0.015,0.962,0.100,-0.076,-0.046
1744992815.75,-1,0.319,0.656,1.329,22,-0.215,-0.094,0.000,20,1.047,1.329,0.115,-0.023,0.35,1.50,0.035,-0.015,0.962,0.100,-0.076,-0.046
1744992815.78,-1,0.319,0.656,1.329,22,-0.215,-0.094,0.000,20,1.047,1.329,0.115,-0.023,0.35,1.50,0.030,-0.015,0.973,-0.053,0.137,-0.229
1744992815.78,-1,0.319,0.656,1.329,22,-0.215,-0.094,0.000,20,1.047,1.329,0.115,-0.023,0.35,1.50,0.030,-0.015,0.973,-0.053,0.137,-0.229
1744992815.79,-1,0.319,0.656,1.329,22,-0.215,-0.094,0.000,20,1.047,1.329,0.115,-0.023,0.35,1.50,0.029,-0.019,0.969,0.008,0.137,0.076
1744992815.79,-1,0.319,0.656,1.329,22,-0.215,-0.094,0.000,20,1.047,1.329,0.115,-0.023,0.35,1.50,0.031,-0.019,0.968,-0.236,0.137,-0.046
1744992815.79,-1,0.319,0.656,1.329,22,-0.215,-0.094,0.000,20,1.047,1.329,0.115,-0.023,0.35,1.50,0.031,-0.019,0.968,-0.236,0.137,-0.046
1744992815.79,-1,0.319,0.656,1.329,22,-0.215,-0.094,0.000,20,1.047,1.329,0.115,-0.023,0.35,1.50,0.032,-0.018,0.963,-0.083,-0.015,-0.320
1744992815.79,-1,0.319,0.656,1.329,22,-0.215,-0.094,0.000,20,1.047,1.329,0.115,-0.023,0.35,1.50,0.032,-0.018,0.963,-0.083,-0.015,-0.320
1744992815.83,-1,0.319,0.656,1.329,22,-0.215,-0.094,0.000,20,1.047,1.329,0.115,-0.023,0.36,1.43,0.027,-0.017,0.977,-0.022,0.076,0.015
1744992815.83,-1,0.319,0.656,1.329,22,-0.215,-0.094,0.000,20,1.047,1.329,0.115,-0.023,0.36,1.43,0.031,-0.019,0.970,-0.114,0.198,-0.107
1744992815.83,-1,0.319,0.656,1.329,22,-0.215,-0.094,0.000,20,1.047,1.329,0.115,-0.023,0.36,1.43,0.031,-0.019,0.970,-0.114,0.198,-0.107
1744992815.83,-1,0.319,0.656,1.329,22,-0.215,-0.094,0.000,20,1.047,1.329,0.115,-0.023,0.36,1.43,0.030,-0.018,0.966,-0.205,0.198,-0.229
1744992815.83,-1,0.319,0.656,1.329,22,-0.215,-0.094,0.000,20,1.047,1.329,0.115,-0.023,0.36,1.43,0.030,-0.018,0.966,-0.205,0.198,-0.229
1744992815.85,-1,0.319,0.656,1.329,22,-0.215,-0.094,0.000,20,1.047,1.329,0.115,-0.023,0.39,1.50,0.029,-0.014,0.976,-0.053,-0.015,0.107
1744992815.85,-1,0.319,0.656,1.329,22,-0.215,-0.094,0.000,20,1.047,1.329,0.115,-0.023,0.39,1.50,0.031,-0.016,0.975,-0.144,0.076,-0.015
1744992815.85,-1,0.319,0.656,1.329,22,-0.215,-0.094,0.000,20,1.047,1.329,0.115,-0.023,0.39,1.50,0.031,-0.016,0.975,-0.144,0.076,-0.015
1744992815.85,-1,0.319,0.656,1.329,22,-0.215,-0.094,0.000,20,1.047,1.329,0.115,-0.023,0.39,1.50,0.032,-0.016,0.972,-0.022,0.259,0.046
1744992815.85,-1,0.319,0.656,1.329,22,-0.215,-0.094,0.000,20,1.047,1.329,0.115,-0.023,0.39,1.50,0.032,-0.016,0.972,-0.022,0.259,0.046
1744992815.85,-1,0.319,0.656,1.329,22,-0.215,-0.094,0.000,20,1.047,1.329,0.115,-0.023,0.40,1.50,0.031,-0.014,0.964,-0.083,0.198,0.168
1744992815.88,-1,0.319,0.656,1.329,22,-0.215,-0.094,0.000,20,1.047,1.329,0.115,-0.023,0.40,1.50,0.027,-0.011,0.974,-0.114,0.290,0.076
1744992815.88,-1,0.319,0.656,1.329,22,-0.215,-0.094,0.000,20,1.047,1.329,0.115,-0.023,0.40,1.50,0.027,-0.011,0.974,-0.114,0.290,0.076
1744992815.88,-1,0.319,0.656,1.329,22,-0.215,-0.094,0.000,20,1.047,1.329,0.115,-0.023,0.40,1.50,0.033,-0.015,0.974,0.008,0.198,-0.107
1744992815.88,-1,0.319,0.656,1.329,22,-0.215,-0.094,0.000,20,1.047,1.329,0.115,-0.023,0.40,1.50,0.033,-0.015,0.974,0.008,0.198,-0.107
1744992815.89,-1,0.319,0.656,1.329,22,-0.215,-0.094,0.000,20,1.047,1.329,0.115,-0.023,0.39,1.50,0.028,-0.016,0.973,-0.175,0.107,0.076
1744992815.89,-1,0.319,0.656,1.329,22,-0.215,-0.094,0.000,20,1.047,1.329,0.115,-0.023,0.39,1.50,0.030,-0.017,0.969,-0.419,0.229,-0.015
1744992815.89,-1,0.319,0.656,1.329,22,-0.215,-0.094,0.000,20,1.047,1.329,0.115,-0.023,0.39,1.50,0.030,-0.017,0.969,-0.419,0.229,-0.015
1744992815.90,-1,0.319,0.656,1.329,22,-0.215,-0.094,0.000,20,1.047,1.329,0.115,-0.023,0.39,1.50,0.031,-0.019,0.965,-0.083,0.168,0.015
1744992815.90,-1,0.319,0.656,1.329,22,-0.215,-0.094,0.000,20,1.047,1.329,0.115,-0.023,0.39,1.50,0.031,-0.019,0.965,-0.083,0.168,0.015
1744992815.90,-1,0.319,0.656,1.329,22,-0.215,-0.094,0.000,20,1.047,1.329,0.115,-0.023,0.38,1.10,0.031,-0.018,0.974,0.130,0.229,-0.107
1744992815.90,-1,0.319,0.656,1.329,22,-0.215,-0.094,0.000,20,1.047,1.329,0.115,-0.023,0.38,1.10,0.031,-0.015,0.974,-0.205,-0.076,-0.046
1744992815.93,-1,0.319,0.656,1.329,22,-0.215,-0.094,0.000,20,1.047,1.329,0.115,-0.023,0.38,1.10,0.031,-0.015,0.974,-0.205,-0.076,-0.046
1744992815.93,-1,0.319,0.656,1.329,22,-0.215,-0.094,0.000,20,1.047,1.329,0.115,-0.023,0.38,1.10,0.030,-0.017,0.961,-0.236,0.015,0.198
1744992815.93,-1,0.319,0.656,1.329,22,-0.215,-0.094,0.000,20,1.047,1.329,0.115,-0.023,0.38,1.10,0.030,-0.016,0.961,0.008,0.015,-0.259
1744992815.94,-1,0.319,0.656,1.329,22,-0.215,-0.094,0.000,20,1.047,1.329,0.115,-0.023,0.34,1.37,0.030,-0.016,0.961,0.008,0.015,-0.259
1744992815.94,-1,0.319,0.656,1.329,22,-0.215,-0.094,0.000,20,1.047,1.329,0.115,-0.023,0.34,1.37,0.029,-0.017,0.967,0.161,-0.076,0.320
1744992815.94,-1,0.319,0.656,1.329,22,-0.215,-0.094,0.000,20,1.047,1.329,0.115,-0.023,0.34,1.37,0.029,-0.017,0.967,0.161,-0.076,0.320
# remark: robobot/cmd/ti/alive 2025-04-18 18:13:08.652491
1744992815.97,-1,0.319,0.656,1.329,22,-0.215,-0.094,0.000,20,1.047,1.329,0.115,-0.023,0.34,1.37,0.029,-0.013,0.964,-0.175,-0.015,-0.259
1744992815.97,-1,0.319,0.656,1.329,22,-0.215,-0.094,0.000,20,1.047,1.329,0.115,-0.023,0.34,1.37,0.031,-0.012,0.971,-0.083,-0.046,0.198
1744992815.97,-1,0.319,0.656,1.329,22,-0.215,-0.094,0.000,20,1.047,1.329,0.115,-0.023,0.35,1.50,0.031,-0.012,0.971,-0.083,-0.046,0.198
1744992815.97,-1,0.319,0.656,1.329,22,-0.215,-0.094,0.000,20,1.047,1.329,0.115,-0.023,0.35,1.50,0.029,-0.015,0.967,-0.480,0.290,-0.076
1744992815.97,-1,0.319,0.656,1.329,22,-0.215,-0.094,0.000,20,1.047,1.329,0.115,-0.023,0.35,1.50,0.029,-0.015,0.967,-0.480,0.290,-0.076
1744992815.99,-1,0.319,0.656,1.329,22,-0.215,-0.094,0.000,20,1.047,1.329,0.115,-0.023,0.35,1.50,0.026,-0.021,0.968,0.161,-0.076,0.168
1744992816.00,-1,0.319,0.656,1.329,22,-0.215,-0.094,0.000,20,1.047,1.329,0.115,-0.023,0.35,1.50,0.029,-0.019,0.969,-0.144,0.107,-0.137
1744992816.00,-1,0.319,0.656,1.329,22,-0.215,-0.094,0.000,20,1.047,1.329,0.115,-0.023,0.34,1.50,0.029,-0.019,0.969,-0.144,0.107,-0.137
1744992816.01,-1,0.319,0.656,1.329,22,-0.215,-0.094,0.000,20,1.047,1.329,0.115,-0.023,0.34,1.50,0.034,-0.021,0.967,-0.053,0.168,0.046
1744992816.01,-1,0.319,0.656,1.329,22,-0.215,-0.094,0.000,20,1.047,1.329,0.115,-0.023,0.34,1.50,0.034,-0.021,0.967,-0.053,0.168,0.046
1744992816.01,-1,0.319,0.656,1.329,22,-0.215,-0.094,0.000,20,1.047,1.329,0.115,-0.023,0.34,1.50,0.031,-0.016,0.976,-0.022,-0.015,0.229
1744992816.02,-1,0.319,0.656,1.329,22,-0.215,-0.094,0.000,20,1.047,1.329,0.115,-0.023,0.34,1.50,0.030,-0.014,0.979,0.008,0.381,-0.198
1744992816.02,-1,0.319,0.656,1.329,22,-0.215,-0.094,0.000,20,1.047,1.329,0.115,-0.023,0.35,1.50,0.030,-0.014,0.979,0.008,0.381,-0.198
1744992816.02,-1,0.319,0.656,1.329,22,-0.215,-0.094,0.000,20,1.047,1.329,0.115,-0.023,0.35,1.50,0.031,-0.014,0.970,-0.022,0.137,0.137
1744992816.05,-1,0.319,0.656,1.329,22,-0.215,-0.094,0.000,20,1.047,1.329,0.115,-0.023,0.35,1.50,0.031,-0.014,0.970,-0.022,0.137,0.137
1744992816.07,-1,0.319,0.656,1.329,23,-0.215,-0.094,0.000,20,1.047,1.329,0.115,-0.023,0.35,1.50,0.029,-0.019,0.967,-0.114,0.137,-0.046
1744992816.07,-1,0.319,0.656,1.329,23,-0.215,-0.094,0.000,20,1.047,1.329,0.115,-0.023,0.35,1.50,0.032,-0.018,0.967,-0.205,0.229,0.137
1744992816.07,-1,0.319,0.656,1.329,23,-0.215,-0.094,0.000,20,1.047,1.329,0.115,-0.023,0.39,1.50,0.032,-0.018,0.967,-0.205,0.229,0.137
1744992816.07,-1,0.319,0.656,1.329,23,-0.215,-0.094,0.000,20,1.047,1.329,0.115,-0.023,0.39,1.50,0.035,-0.016,0.979,0.100,0.076,-0.107
1744992816.07,-1,0.319,0.656,1.329,23,-0.215,-0.094,0.000,20,1.047,1.329,0.115,-0.023,0.39,1.50,0.035,-0.016,0.979,0.100,0.076,-0.107
1744992816.08,-1,0.319,0.656,1.329,23,-0.215,-0.094,0.000,20,1.047,1.329,0.115,-0.023,0.39,1.50,0.029,-0.012,0.967,0.039,0.137,-0.168
1744992816.08,-1,0.319,0.656,1.329,23,-0.215,-0.094,0.000,20,1.047,1.329,0.115,-0.023,0.39,1.50,0.026,-0.020,0.972,0.161,0.107,-0.107
1744992816.08,-1,0.319,0.656,1.329,23,-0.215,-0.094,0.000,20,1.047,1.329,0.115,-0.023,0.34,1.48,0.026,-0.020,0.972,0.161,0.107,-0.107
1744992816.09,-1,0.319,0.656,1.329,23,-0.215,-0.094,0.000,20,1.047,1.329,0.115,-0.023,0.34,1.48,0.025,-0.019,0.968,0.100,0.198,0.015
1744992816.11,-1,0.319,0.656,1.329,23,-0.215,-0.094,0.000,20,1.047,1.329,0.115,-0.023,0.34,1.48,0.025,-0.019,0.968,0.100,0.198,0.015
1744992816.11,-1,0.319,0.656,1.329,23,-0.215,-0.094,0.000,20,1.047,1.329,0.115,-0.023,0.34,1.48,0.027,-0.012,0.969,-0.053,-0.076,-0.076
1744992816.11,-1,0.319,0.656,1.329,23,-0.215,-0.094,0.000,20,1.047,1.329,0.115,-0.023,0.34,1.48,0.035,-0.009,0.972,-0.175,0.137,-0.015
1744992816.12,-1,0.319,0.656,1.329,23,-0.215,-0.094,0.000,20,1.047,1.329,0.115,-0.023,0.34,1.46,0.035,-0.009,0.972,-0.175,0.137,-0.015
1744992816.12,-1,0.319,0.656,1.329,23,-0.215,-0.094,0.000,20,1.047,1.329,0.115,-0.023,0.34,1.46,0.029,-0.012,0.967,-0.297,-0.015,0.137
1744992816.12,-1,0.319,0.656,1.329,23,-0.215,-0.094,0.000,20,1.047,1.329,0.115,-0.023,0.34,1.46,0.029,-0.012,0.967,-0.297,-0.015,0.137
1744992816.14,-1,0.319,0.656,1.329,23,-0.215,-0.094,0.000,20,1.047,1.329,0.115,-0.023,0.34,1.46,0.029,-0.016,0.974,-0.053,-0.015,-0.137
1744992816.14,-1,0.319,0.656,1.329,23,-0.215,-0.094,0.000,20,1.047,1.329,0.115,-0.023,0.34,1.46,0.027,-0.017,0.965,0.008,0.168,0.168
1744992816.14,-1,0.319,0.656,1.329,23,-0.215,-0.094,0.000,20,1.047,1.329,0.115,-0.023,0.36,1.50,0.027,-0.017,0.965,0.008,0.168,0.168
1744992816.15,-1,0.319,0.656,1.329,23,-0.215,-0.094,0.000,20,1.047,1.329,0.115,-0.023,0.36,1.50,0.028,-0.017,0.970,0.008,-0.046,-0.107
1744992816.17,-1,0.319,0.656,1.329,23,-0.215,-0.094,0.000,20,1.047,1.329,0.115,-0.023,0.36,1.50,0.028,-0.017,0.970,0.008,-0.046,-0.107
1744992816.17,-1,0.319,0.656,1.329,23,-0.215,-0.094,0.000,20,1.047,1.329,0.115,-0.023,0.36,1.50,0.030,-0.018,0.963,-0.083,-0.015,-0.076
1744992816.17,-1,0.319,0.656,1.329,23,-0.215,-0.094,0.000,20,1.047,1.329,0.115,-0.023,0.36,1.50,0.035,-0.018,0.970,0.161,0.137,-0.107
1744992816.17,-1,0.319,0.656,1.329,23,-0.215,-0.094,0.000,20,1.047,1.329,0.115,-0.023,0.39,1.50,0.035,-0.018,0.970,0.161,0.137,-0.107
# remark: robobot/cmd/T0/servo 1 -900 0
1744992816.20,-1,0.319,0.656,1.329,23,-0.215,-0.094,0.000,20,1.047,1.329,0.115,-0.023,0.39,1.50,0.032,-0.012,0.970,-0.144,0.198,-0.076
1744992816.20,-1,0.319,0.656,1.329,23,-0.215,-0.094,0.000,20,1.047,1.329,0.115,-0.023,0.39,1.50,0.032,-0.012,0.970,-0.144,0.198,-0.076
1744992816.20,-1,0.319,0.656,1.329,23,-0.215,-0.094,0.000,20,1.047,1.329,0.115,-0.023,0.39,1.50,0.031,-0.010,0.966,-0.022,0.320,0.015
1744992816.20,-1,0.319,0.656,1.329,23,-0.215,-0.094,0.000,20,1.047,1.329,0.115,-0.023,0.39,1.50,0.031,-0.018,0.969,0.069,0.198,-0.137
1744992816.22,-1,0.319,0.656,1.329,23,-0.215,-0.094,0.000,20,1.047,1.329,0.115,-0.023,0.36,1.50,0.031,-0.018,0.969,0.069,0.198,-0.137
1744992816.22,-1,0.319,0.656,1.329,23,-0.215,-0.094,0.000,20,1.047,1.329,0.115,-0.023,0.36,1.50,0.028,-0.014,0.970,-0.022,-0.229,0.198
1744992816.22,-1,0.319,0.656,1.329,23,-0.215,-0.094,0.000,20,1.047,1.329,0.115,-0.023,0.36,1.50,0.028,-0.014,0.970,-0.022,-0.229,0.198
1744992816.23,-1,0.319,0.656,1.329,23,-0.215,-0.094,0.000,20,1.047,1.329,0.115,-0.023,0.36,1.50,0.033,-0.018,0.970,0.069,0.259,-0.198
1744992816.23,-1,0.319,0.656,1.329,23,-0.215,-0.094,0.000,20,1.047,1.329,0.115,-0.023,0.36,1.50,0.031,-0.014,0.969,0.191,0.290,0.107
1744992816.25,-1,0.319,0.656,1.329,23,-0.215,-0.094,0.000,20,1.047,1.329,0.115,-0.023,0.38,1.50,0.031,-0.014,0.969,0.191,0.290,0.107
1744992816.25,-1,0.319,0.656,1.329,23,-0.215,-0.094,0.000,20,1.047,1.329,0.115,-0.023,0.38,1.50,0.029,-0.015,0.971,0.008,0.076,-0.137
1744992816.25,-1,0.319,0.656,1.329,23,-0.215,-0.094,0.000,20,1.047,1.329,0.115,-0.023,0.38,1.50,0.029,-0.015,0.971,0.008,0.076,-0.137
1744992816.27,-1,0.319,0.656,1.329,23,-0.215,-0.094,0.000,20,1.047,1.329,0.115,-0.023,0.38,1.50,0.028,-0.023,0.972,0.130,0.168,0.198
1744992816.27,-1,0.319,0.656,1.329,23,-0.215,-0.094,0.000,20,1.047,1.329,0.115,-0.023,0.38,1.50,0.031,-0.020,0.974,-0.114,-0.046,0.046
1744992816.27,-1,0.319,0.656,1.329,23,-0.215,-0.094,0.000,20,1.047,1.329,0.115,-0.023,0.36,1.48,0.031,-0.020,0.974,-0.114,-0.046,0.046
1744992816.27,-1,0.319,0.656,1.329,23,-0.215,-0.094,0.000,20,1.047,1.329,0.115,-0.023,0.36,1.48,0.024,-0.019,0.969,-0.083,-0.015,0.076
1744992816.27,-1,0.319,0.656,1.329,23,-0.215,-0.094,0.000,20,1.047,1.329,0.115,-0.023,0.36,1.48,0.024,-0.019,0.969,-0.083,-0.015,0.076
1744992816.30,-1,0.319,0.656,1.329,23,-0.215,-0.094,0.000,20,1.047,1.329,0.115,-0.023,0.36,1.48,0.034,-0.010,0.971,0.039,-0.015,-0.137
1744992816.30,-1,0.319,0.656,1.329,23,-0.215,-0.094,0.000,20,1.047,1.329,0.115,-0.023,0.36,1.48,0.032,-0.015,0.971,-0.175,0.046,0.137
1744992816.30,-1,0.319,0.656,1.329,23,-0.215,-0.094,0.000,20,1.047,1.329,0.115,-0.023,0.34,1.45,0.032,-0.015,0.971,-0.175,0.046,0.137
1744992816.31,-1,0.319,0.656,1.329,23,-0.215,-0.094,0.000,20,1.047,1.329,0.115,-0.023,0.34,1.45,0.028,-0.012,0.974,0.130,0.198,-0.259
1744992816.31,-1,0.319,0.656,1.329,23,-0.215,-0.094,0.000,20,1.047,1.329,0.115,-0.023,0.34,1.45,0.028,-0.012,0.974,0.130,0.198,-0.259
1744992816.33,-1,0.319,0.656,1.329,23,-0.215,-0.094,0.000,20,1.047,1.329,0.115,-0.023,0.34,1.45,0.031,-0.016,0.968,-0.205,0.076,0.076
1744992816.33,-1,0.319,0.656,1.329,23,-0.215,-0.094,0.000,20,1.047,1.329,0.115,-0.023,0.34,1.45,0.029,-0.017,0.966,-0.236,0.198,0.046
1744992816.33,-1,0.319,0.656,1.329,23,-0.215,-0.094,0.000,20,1.047,1.329,0.115,-0.023,0.36,1.38,0.029,-0.017,0.966,-0.236,0.198,0.046
1744992816.36,-1,0.319,0.656,1.329,23,-0.215,-0.094,0.000,20,1.047,1.329,0.115,-0.023,0.36,1.38,0.036,-0.017,0.975,-0.175,-0.168,0.015
1744992816.36,-1,0.319,0.656,1.329,23,-0.215,-0.094,0.000,20,1.047,1.329,0.115,-0.023,0.36,1.38,0.036,-0.017,0.975,-0.175,-0.168,0.015
1744992816.36,-1,0.319,0.656,1.329,23,-0.215,-0.094,0.000,20,1.047,1.329,0.115,-0.023,0.36,1.38,0.030,-0.015,0.969,-0.205,0.259,0.168
1744992816.36,-1,0.319,0.656,1.329,23,-0.215,-0.094,0.000,20,1.047,1.329,0.115,-0.023,0.36,1.38,0.030,-0.017,0.970,-0.022,0.259,-0.015
1744992816.37,-1,0.319,0.656,1.329,23,-0.215,-0.094,0.000,20,1.047,1.329,0.115,-0.023,0.34,1.50,0.030,-0.017,0.970,-0.022,0.259,-0.015
1744992816.37,-1,0.319,0.656,1.329,23,-0.215,-0.094,0.000,20,1.047,1.329,0.115,-0.023,0.34,1.50,0.028,-0.019,0.971,0.069,0.046,-0.137
1744992816.37,-1,0.319,0.656,1.329,23,-0.215,-0.094,0.000,20,1.047,1.329,0.115,-0.023,0.34,1.50,0.028,-0.019,0.971,0.069,0.046,-0.137
1744992816.39,-1,0.319,0.656,1.329,23,-0.215,-0.094,0.000,20,1.047,1.329,0.115,-0.023,0.34,1.50,0.032,-0.015,0.968,-0.022,0.076,-0.320
1744992816.39,-1,0.319,0.656,1.329,23,-0.215,-0.094,0.000,20,1.047,1.329,0.115,-0.023,0.34,1.50,0.028,-0.009,0.973,-0.083,0.137,-0.015
1744992816.39,-1,0.319,0.656,1.329,23,-0.215,-0.094,0.000,20,1.047,1.329,0.115,-0.023,0.36,1.50,0.028,-0.009,0.973,-0.083,0.137,-0.015
1744992816.39,-1,0.319,0.656,1.329,23,-0.215,-0.094,0.000,20,1.047,1.329,0.115,-0.023,0.36,1.50,0.028,-0.014,0.970,-0.053,0.290,0.168
1744992816.39,-1,0.319,0.656,1.329,23,-0.215,-0.094,0.000,20,1.047,1.329,0.115,-0.023,0.36,1.50,0.028,-0.014,0.970,-0.053,0.290,0.168
1744992816.41,-1,0.319,0.656,1.329,23,-0.215,-0.094,0.000,20,1.047,1.329,0.115,-0.023,0.36,1.50,0.034,-0.014,0.970,-0.083,-0.015,-0.015
1744992816.41,-1,0.319,0.656,1.329,23,-0.215,-0.094,0.000,20,1.047,1.329,0.115,-0.023,0.36,1.50,0.033,-0.017,0.963,-0.083,-0.015,-0.107
1744992816.41,-1,0.319,0.656,1.329,23,-0.215,-0.094,0.000,20,1.047,1.329,0.115,-0.023,0.36,1.20,0.033,-0.017,0.963,-0.083,-0.015,-0.107
1744992816.43,-1,0.319,0.656,1.329,23,-0.215,-0.094,0.000,20,1.047,1.329,0.115,-0.023,0.36,1.20,0.029,-0.017,0.966,-0.083,0.168,-0.290
1744992816.43,-1,0.319,0.656,1.329,23,-0.215,-0.094,0.000,20,1.047,1.329,0.115,-0.023,0.36,1.20,0.029,-0.017,0.966,-0.083,0.168,-0.290
1744992816.45,-1,0.319,0.656,1.329,24,-0.215,-0.094,0.000,20,1.047,1.329,0.115,-0.023,0.36,1.20,0.030,-0.022,0.974,0.100,-0.046,0.259
1744992816.45,-1,0.319,0.656,1.329,24,-0.215,-0.094,0.000,20,1.047,1.329,0.115,-0.023,0.36,1.20,0.033,-0.015,0.968,-0.053,-0.076,0.046
1744992816.45,-1,0.319,0.656,1.329,24,-0.215,-0.094,0.000,20,1.047,1.329,0.115,-0.023,0.35,1.29,0.033,-0.015,0.968,-0.053,-0.076,0.046
1744992816.45,-1,0.319,0.656,1.329,24,-0.215,-0.094,0.000,20,1.047,1.329,0.115,-0.023,0.35,1.29,0.031,-0.014,0.967,-0.114,0.168,0.015
1744992816.45,-1,0.319,0.656,1.329,24,-0.215,-0.094,0.000,20,1.047,1.329,0.115,-0.023,0.35,1.29,0.031,-0.014,0.967,-0.114,0.168,0.015
1744992816.47,-1,0.319,0.656,1.329,24,-0.215,-0.094,0.000,20,1.047,1.329,0.115,-0.023,0.35,1.29,0.031,-0.019,0.973,0.008,0.168,-0.137
1744992816.47,-1,0.319,0.656,1.329,24,-0.215,-0.094,0.000,20,1.047,1.329,0.115,-0.023,0.35,1.29,0.029,-0.019,0.965,-0.144,0.015,-0.015
1744992816.47,-1,0.319,0.656,1.329,24,-0.215,-0.094,0.000,20,1.047,1.329,0.115,-0.023,0.37,1.27,0.029,-0.019,0.965,-0.144,0.015,-0.015
1744992816.48,-1,0.319,0.656,1.329,24,-0.215,-0.094,0.000,20,1.047,1.329,0.115,-0.023,0.37,1.27,0.030,-0.015,0.967,-0.083,0.198,0.046
1744992816.48,-1,0.319,0.656,1.329,24,-0.215,-0.094,0.000,20,1.047,1.329,0.115,-0.023,0.37,1.27,0.030,-0.015,0.967,-0.083,0.198,0.046
1744992816.49,-1,0.319,0.656,1.329,24,-0.215,-0.094,0.000,20,1.047,1.329,0.115,-0.023,0.37,1.27,0.029,-0.014,0.962,0.008,0.076,-0.168
1744992816.49,-1,0.319,0.656,1.329,24,-0.215,-0.094,0.000,20,1.047,1.329,0.115,-0.023,0.37,1.27,0.036,-0.014,0.971,-0.144,0.137,-0.259
# remark: robobot/cmd/ti/alive 2025-04-18 18:13:08.652491
1744992816.51,-1,0.319,0.656,1.329,24,-0.215,-0.094,0.000,20,1.047,1.329,0.115,-0.023,0.38,1.37,0.036,-0.014,0.971,-0.144,0.137,-0.259
1744992816.51,-1,0.319,0.656,1.329,24,-0.215,-0.094,0.000,20,1.047,1.329,0.115,-0.023,0.38,1.37,0.032,-0.018,0.968,-0.114,0.137,-0.198
1744992816.51,-1,0.319,0.656,1.329,24,-0.215,-0.094,0.000,20,1.047,1.329,0.115,-0.023,0.38,1.37,0.032,-0.018,0.968,-0.114,0.137,-0.198
1744992816.54,-1,0.319,0.656,1.329,24,-0.215,-0.094,0.000,20,1.047,1.329,0.115,-0.023,0.38,1.37,0.032,-0.017,0.971,0.069,-0.137,-0.442
1744992816.54,-1,0.319,0.656,1.329,24,-0.215,-0.094,0.000,20,1.047,1.329,0.115,-0.023,0.38,1.37,0.030,-0.018,0.970,-0.083,0.229,0.046
1744992816.54,-1,0.319,0.656,1.329,24,-0.215,-0.094,0.000,20,1.047,1.329,0.115,-0.023,0.38,1.47,0.030,-0.018,0.970,-0.083,0.229,0.046
1744992816.54,-1,0.319,0.656,1.329,24,-0.215,-0.094,0.000,20,1.047,1.329,0.115,-0.023,0.38,1.47,0.028,-0.013,0.969,-0.327,0.168,0.046
1744992816.54,-1,0.319,0.656,1.329,24,-0.215,-0.094,0.000,20,1.047,1.329,0.115,-0.023,0.38,1.47,0.028,-0.013,0.969,-0.327,0.168,0.046
1744992816.56,-1,0.319,0.656,1.329,24,-0.215,-0.094,0.000,20,1.047,1.329,0.115,-0.023,0.38,1.47,0.032,-0.015,0.973,-0.327,0.076,-0.168
1744992816.56,-1,0.319,0.656,1.329,24,-0.215,-0.094,0.000,20,1.047,1.329,0.115,-0.023,0.38,1.47,0.029,-0.014,0.975,-0.388,0.290,-0.046
1744992816.56,-1,0.319,0.656,1.329,24,-0.215,-0.094,0.000,20,1.047,1.329,0.115,-0.023,0.38,1.48,0.029,-0.014,0.975,-0.388,0.290,-0.046
# remark: robobot/cmd/T0/servo 1 -900 0
1744992816.58,-1,0.319,0.656,1.329,24,-0.215,-0.094,0.000,20,1.047,1.329,0.115,-0.023,0.38,1.48,0.028,-0.024,0.965,-0.053,0.076,-0.107
1744992816.58,-1,0.319,0.656,1.329,24,-0.215,-0.094,0.000,20,1.047,1.329,0.115,-0.023,0.38,1.48,0.028,-0.024,0.965,-0.053,0.076,-0.107
1744992816.58,-1,0.319,0.656,1.329,24,-0.215,-0.094,0.000,20,1.047,1.329,0.115,-0.023,0.38,1.48,0.031,-0.022,0.969,0.008,0.198,0.107
1744992816.58,-1,0.319,0.656,1.329,24,-0.215,-0.094,0.000,20,1.047,1.329,0.115,-0.023,0.38,1.48,0.030,-0.013,0.971,-0.022,0.229,0.168
1744992816.59,-1,0.319,0.656,1.329,24,-0.215,-0.094,0.000,20,1.047,1.329,0.115,-0.023,0.37,1.48,0.030,-0.013,0.971,-0.022,0.229,0.168
1744992816.59,-1,0.319,0.656,1.329,24,-0.215,-0.094,0.000,20,1.047,1.329,0.115,-0.023,0.37,1.48,0.032,-0.013,0.969,0.008,0.259,-0.015
1744992816.61,-1,0.319,0.656,1.329,24,-0.215,-0.094,0.000,20,1.047,1.329,0.115,-0.023,0.37,1.48,0.032,-0.013,0.969,0.008,0.259,-0.015
1744992816.61,-1,0.319,0.656,1.329,24,-0.215,-0.094,0.000,20,1.047,1.329,0.115,-0.023,0.37,1.48,0.029,-0.017,0.970,-0.053,0.198,-0.046
1744992816.61,-1,0.319,0.656,1.329,24,-0.215,-0.094,0.000,20,1.047,1.329,0.115,-0.023,0.37,1.48,0.031,-0.015,0.966,0.008,0.137,-0.076
1744992816.62,-1,0.319,0.656,1.329,24,-0.215,-0.094,0.000,20,1.047,1.329,0.115,-0.023,0.38,1.39,0.031,-0.015,0.966,0.008,0.137,-0.076
1744992816.64,-1,0.319,0.656,1.329,24,-0.215,-0.094,0.000,20,1.047,1.329,0.115,-0.023,0.38,1.39,0.033,-0.018,0.970,-0.266,0.015,-0.076
1744992816.64,-1,0.319,0.656,1.329,24,-0.215,-0.094,0.000,20,1.047,1.329,0.115,-0.023,0.38,1.39,0.033,-0.018,0.970,-0.266,0.015,-0.076
1744992816.65,-1,0.319,0.656,1.329,24,-0.215,-0.094,0.000,20,1.047,1.329,0.115,-0.023,0.38,1.39,0.030,-0.014,0.975,0.039,0.046,0.015
1744992816.65,-1,0.319,0.656,1.329,24,-0.215,-0.094,0.000,20,1.047,1.329,0.115,-0.023,0.38,1.39,0.031,-0.011,0.962,-0.205,0.412,-0.168
1744992816.65,-1,0.319,0.656,1.329,24,-0.215,-0.094,0.000,20,1.047,1.329,0.115,-0.023,0.38,1.41,0.031,-0.011,0.962,-0.205,0.412,-0.168
1744992816.67,-1,0.319,0.656,1.329,24,-0.215,-0.094,0.000,20,1.047,1.329,0.115,-0.023,0.38,1.41,0.032,-0.014,0.974,-0.114,0.076,-0.107
1744992816.67,-1,0.319,0.656,1.329,24,-0.215,-0.094,0.000,20,1.047,1.329,0.115,-0.023,0.38,1.41,0.032,-0.014,0.974,-0.114,0.076,-0.107
1744992816.68,-1,0.319,0.656,1.329,24,-0.215,-0.094,0.000,20,1.047,1.329,0.115,-0.023,0.38,1.41,0.029,-0.019,0.974,-0.053,0.320,-0.168
1744992816.68,-1,0.319,0.656,1.329,24,-0.215,-0.094,0.000,20,1.047,1.329,0.115,-0.023,0.38,1.41,0.026,-0.020,0.968,0.100,0.046,0.107
1744992816.68,-1,0.319,0.656,1.329,24,-0.215,-0.094,0.000,20,1.047,1.329,0.115,-0.023,0.37,1.29,0.026,-0.020,0.968,0.100,0.046,0.107
1744992816.69,-1,0.319,0.656,1.329,24,-0.215,-0.094,0.000,20,1.047,1.329,0.115,-0.023,0.37,1.29,0.031,-0.018,0.968,0.039,0.076,-0.076
1744992816.69,-1,0.319,0.656,1.329,24,-0.215,-0.094,0.000,20,1.047,1.329,0.115,-0.023,0.37,1.29,0.031,-0.018,0.968,0.039,0.076,-0.076
1744992816.70,-1,0.319,0.656,1.329,24,-0.215,-0.094,0.000,20,1.047,1.329,0.115,-0.023,0.37,1.29,0.034,-0.013,0.973,-0.053,-0.229,0.015
1744992816.70,-1,0.319,0.656,1.329,24,-0.215,-0.094,0.000,20,1.047,1.329,0.115,-0.023,0.37,1.29,0.034,-0.014,0.974,-0.144,0.168,-0.351
1744992816.71,-1,0.319,0.656,1.329,24,-0.215,-0.094,0.000,20,1.047,1.329,0.115,-0.023,0.35,1.33,0.034,-0.014,0.974,-0.144,0.168,-0.351
1744992816.71,-1,0.319,0.656,1.329,24,-0.215,-0.094,0.000,20,1.047,1.329,0.115,-0.023,0.35,1.33,0.031,-0.016,0.973,-0.175,0.290,-0.046
1744992816.72,-1,0.319,0.656,1.329,24,-0.215,-0.094,0.000,20,1.047,1.329,0.115,-0.023,0.35,1.33,0.031,-0.016,0.973,-0.175,0.290,-0.046
1744992816.73,-1,0.319,0.656,1.329,24,-0.215,-0.094,0.000,20,1.047,1.329,0.115,-0.023,0.35,1.33,0.027,-0.017,0.968,-0.236,0.107,-0.076
1744992816.73,-1,0.319,0.656,1.329,24,-0.215,-0.094,0.000,20,1.047,1.329,0.115,-0.023,0.35,1.33,0.027,-0.019,0.969,0.252,-0.107,-0.107
1744992816.75,-1,0.319,0.656,1.329,24,-0.215,-0.094,0.000,20,1.047,1.329,0.115,-0.023,0.38,1.42,0.027,-0.019,0.969,0.252,-0.107,-0.107
1744992816.75,-1,0.319,0.656,1.329,24,-0.215,-0.094,0.000,20,1.047,1.329,0.115,-0.023,0.38,1.42,0.031,-0.018,0.972,-0.114,0.168,-0.015
1744992816.75,-1,0.319,0.656,1.329,24,-0.215,-0.094,0.000,20,1.047,1.329,0.115,-0.023,0.38,1.42,0.031,-0.018,0.972,-0.114,0.168,-0.015
1744992816.76,-1,0.319,0.656,1.329,24,-0.215,-0.094,0.000,20,1.047,1.329,0.115,-0.023,0.38,1.42,0.030,-0.014,0.970,-0.053,0.046,-0.107
1744992816.76,-1,0.319,0.656,1.329,24,-0.215,-0.094,0.000,20,1.047,1.329,0.115,-0.023,0.38,1.42,0.029,-0.017,0.971,-0.205,-0.076,-0.107
1744992816.77,-1,0.319,0.656,1.329,24,-0.215,-0.094,0.000,20,1.047,1.329,0.115,-0.023,0.37,1.37,0.029,-0.017,0.971,-0.205,-0.076,-0.107
1744992816.78,-1,0.319,0.656,1.329,24,-0.215,-0.094,0.000,20,1.047,1.329,0.115,-0.023,0.37,1.37,0.033,-0.017,0.976,-0.358,0.107,0.137
1744992816.78,-1,0.319,0.656,1.329,24,-0.215,-0.094,0.000,20,1.047,1.329,0.115,-0.023,0.37,1.37,0.033,-0.017,0.976,-0.358,0.107,0.137
1744992816.79,-1,0.319,0.656,1.329,24,-0.215,-0.094,0.000,20,1.047,1.329,0.115,-0.023,0.37,1.37,0.030,-0.022,0.975,0.039,0.107,0.015
1744992816.79,-1,0.319,0.656,1.329,24,-0.215,-0.094,0.000,20,1.047,1.329,0.115,-0.023,0.37,1.37,0.033,-0.014,0.969,0.100,0.198,-0.168
1744992816.81,-1,0.319,0.656,1.329,24,-0.215,-0.094,0.000,20,1.047,1.329,0.115,-0.023,0.37,1.36,0.033,-0.014,0.969,0.100,0.198,-0.168
1744992816.81,-1,0.319,0.656,1.329,24,-0.215,-0.094,0.000,20,1.047,1.329,0.115,-0.023,0.37,1.36,0.033,-0.012,0.969,0.069,0.229,0.046
1744992816.81,-1,0.319,0.656,1.329,24,-0.215,-0.094,0.000,20,1.047,1.329,0.115,-0.023,0.37,1.36,0.033,-0.012,0.969,0.069,0.229,0.046
1744992816.83,-1,0.319,0.656,1.329,24,-0.215,-0.094,0.000,20,1.047,1.329,0.115,-0.023,0.37,1.36,0.030,-0.019,0.974,-0.022,0.015,-0.351
1744992816.83,-1,0.319,0.656,1.329,24,-0.215,-0.094,0.000,20,1.047,1.329,0.115,-0.023,0.37,1.36,0.029,-0.022,0.969,-0.083,0.290,-0.107
1744992816.84,-1,0.319,0.656,1.329,24,-0.215,-0.094,0.000,20,1.047,1.329,0.115,-0.023,0.38,1.42,0.029,-0.022,0.969,-0.083,0.290,-0.107
1744992816.84,-1,0.319,0.656,1.329,24,-0.215,-0.094,0.000,20,1.047,1.329,0.115,-0.023,0.38,1.42,0.031,-0.017,0.963,-0.022,0.076,0.076
1744992816.85,-1,0.319,0.656,1.329,24,-0.215,-0.094,0.000,20,1.047,1.329,0.115,-0.023,0.38,1.42,0.031,-0.017,0.963,-0.022,0.076,0.076
1744992816.85,-1,0.319,0.656,1.329,24,-0.215,-0.094,0.000,20,1.047,1.329,0.115,-0.023,0.38,1.42,0.029,-0.016,0.973,-0.083,0.229,-0.015
1744992816.85,-1,0.319,0.656,1.329,24,-0.215,-0.094,0.000,20,1.047,1.329,0.115,-0.023,0.38,1.42,0.028,-0.016,0.976,-0.053,0.259,0.198
1744992816.87,-1,0.319,0.656,1.329,24,-0.215,-0.094,0.000,20,1.047,1.329,0.115,-0.023,0.39,1.26,0.028,-0.016,0.976,-0.053,0.259,0.198
1744992816.87,-1,0.319,0.656,1.329,24,-0.215,-0.094,0.000,20,1.047,1.329,0.115,-0.023,0.39,1.26,0.032,-0.017,0.957,-0.083,0.076,0.168
1744992816.87,-1,0.319,0.656,1.329,24,-0.215,-0.094,0.000,20,1.047,1.329,0.115,-0.023,0.39,1.26,0.032,-0.017,0.957,-0.083,0.076,0.168
1744992816.88,-1,0.319,0.656,1.329,24,-0.215,-0.094,0.000,20,1.047,1.329,0.115,-0.023,0.39,1.26,0.026,-0.020,0.967,0.069,0.381,-0.290
1744992816.88,-1,0.319,0.656,1.329,24,-0.215,-0.094,0.000,20,1.047,1.329,0.115,-0.023,0.39,1.26,0.031,-0.016,0.971,-0.175,0.198,-0.076
1744992816.89,-1,0.319,0.656,1.329,24,-0.215,-0.094,0.000,20,1.047,1.329,0.115,-0.023,0.39,1.36,0.031,-0.016,0.971,-0.175,0.198,-0.076
1744992816.90,-1,0.319,0.656,1.329,24,-0.215,-0.094,0.000,20,1.047,1.329,0.115,-0.023,0.39,1.36,0.025,-0.019,0.969,0.130,0.259,0.046
1744992816.90,-1,0.319,0.656,1.329,24,-0.215,-0.094,0.000,20,1.047,1.329,0.115,-0.023,0.39,1.36,0.025,-0.019,0.969,0.130,0.259,0.046
1744992816.91,-1,0.319,0.656,1.329,24,-0.215,-0.094,0.000,20,1.047,1.329,0.115,-0.023,0.39,1.36,0.027,-0.014,0.959,-0.114,0.198,-0.015
1744992816.91,-1,0.319,0.656,1.329,24,-0.215,-0.094,0.000,20,1.047,1.329,0.115,-0.023,0.39,1.36,0.034,-0.009,0.956,-0.327,-0.015,0.076
1744992816.94,-1,0.319,0.656,1.329,24,-0.215,-0.094,0.000,20,1.047,1.329,0.115,-0.023,0.40,1.50,0.034,-0.009,0.956,-0.327,-0.015,0.076
1744992816.94,-1,0.319,0.656,1.329,24,-0.215,-0.094,0.000,20,1.047,1.329,0.115,-0.023,0.40,1.50,0.029,-0.009,0.987,0.008,0.168,-0.107
1744992816.94,-1,0.319,0.656,1.329,24,-0.215,-0.094,0.000,20,1.047,1.329,0.115,-0.023,0.40,1.50,0.029,-0.009,0.987,0.008,0.168,-0.107
1744992816.96,-1,0.319,0.656,1.329,24,-0.215,-0.094,0.000,20,1.047,1.329,0.115,-0.023,0.40,1.50,0.033,-0.013,0.983,-0.175,0.229,-0.046
1744992816.96,-1,0.319,0.656,1.329,24,-0.215,-0.094,0.000,20,1.047,1.329,0.115,-0.023,0.40,1.50,0.036,-0.018,0.964,-0.388,0.168,0.137
1744992816.96,-1,0.319,0.656,1.329,24,-0.215,-0.094,0.000,20,1.047,1.329,0.115,-0.023,0.42,1.49,0.036,-0.018,0.964,-0.388,0.168,0.137
1744992816.96,-1,0.319,0.656,1.329,24,-0.215,-0.094,0.000,20,1.047,1.329,0.115,-0.023,0.42,1.49,0.031,-0.025,0.965,0.374,0.107,-0.259
1744992816.98,-1,0.319,0.656,1.329,24,-0.215,-0.094,0.000,20,1.047,1.329,0.115,-0.023,0.42,1.49,0.031,-0.025,0.965,0.374,0.107,-0.259
1744992816.98,-1,0.319,0.656,1.329,24,-0.215,-0.094,0.000,20,1.047,1.329,0.115,-0.023,0.42,1.49,0.033,-0.023,0.980,0.222,-0.046,0.015
1744992816.98,-1,0.319,0.656,1.329,24,-0.215,-0.094,0.000,20,1.047,1.329,0.115,-0.023,0.42,1.49,0.030,-0.019,0.980,-0.022,0.107,-0.107
1744992816.98,-1,0.319,0.656,1.329,24,-0.215,-0.094,0.000,20,1.047,1.329,0.115,-0.023,0.37,1.31,0.030,-0.019,0.980,-0.022,0.107,-0.107
1744992817.01,-1,0.319,0.656,1.329,24,-0.215,-0.094,0.000,20,1.047,1.329,0.115,-0.023,0.37,1.31,0.034,-0.014,0.968,0.405,-0.015,-0.107
1744992817.01,-1,0.319,0.656,1.329,24,-0.215,-0.094,0.000,20,1.047,1.329,0.115,-0.023,0.37,1.31,0.034,-0.014,0.968,0.405,-0.015,-0.107
1744992817.01,-1,0.319,0.656,1.329,24,-0.215,-0.094,0.000,20,1.047,1.329,0.115,-0.023,0.37,1.31,0.031,-0.010,0.945,-0.053,0.107,-0.046
1744992817.01,-1,0.319,0.656,1.329,24,-0.215,-0.094,0.000,20,1.047,1.329,0.115,-0.023,0.37,1.31,0.029,-0.014,0.965,-0.053,0.137,-0.107
1744992817.02,-1,0.319,0.656,1.329,24,-0.215,-0.094,0.000,20,1.047,1.329,0.115,-0.023,0.39,1.40,0.029,-0.014,0.965,-0.053,0.137,-0.107
1744992817.02,-1,0.319,0.656,1.329,24,-0.215,-0.094,0.000,20,1.047,1.329,0.115,-0.023,0.39,1.40,0.027,-0.015,0.966,-0.205,-0.046,0.382
1744992817.02,-1,0.319,0.656,1.329,24,-0.215,-0.094,0.000,20,1.047,1.329,0.115,-0.023,0.39,1.40,0.027,-0.015,0.966,-0.205,-0.046,0.382
1744992817.03,-1,0.319,0.656,1.329,24,-0.215,-0.094,0.000,20,1.047,1.329,0.115,-0.023,0.39,1.40,0.033,-0.013,0.978,-0.266,-0.259,-0.076
1744992817.03,-1,0.319,0.656,1.329,24,-0.215,-0.094,0.000,20,1.047,1.329,0.115,-0.023,0.39,1.40,0.040,-0.018,0.984,0.283,0.229,-0.259
# remark: robobot/cmd/ti/alive 2025-04-18 18:13:08.652491
1744992817.04,-1,0.319,0.656,1.329,25,-0.215,-0.094,0.000,20,1.047,1.329,0.115,-0.023,0.37,1.50,0.040,-0.018,0.984,0.283,0.229,-0.259
1744992817.04,-1,0.319,0.656,1.329,25,-0.215,-0.094,0.000,20,1.047,1.329,0.115,-0.023,0.37,1.50,0.034,-0.025,0.971,-0.053,0.168,-0.259
1744992817.06,-1,0.319,0.656,1.329,25,-0.215,-0.094,0.000,20,1.047,1.329,0.115,-0.023,0.37,1.50,0.034,-0.025,0.971,-0.053,0.168,-0.259
1744992817.06,-1,0.319,0.656,1.329,25,-0.215,-0.094,0.000,20,1.047,1.329,0.115,-0.023,0.37,1.50,0.030,-0.028,0.973,0.069,-0.076,-0.229
1744992817.06,-1,0.319,0.656,1.329,25,-0.215,-0.094,0.000,20,1.047,1.329,0.115,-0.023,0.37,1.50,0.027,-0.020,0.960,0.069,0.290,0.107
1744992817.07,-1,0.319,0.656,1.329,25,-0.215,-0.094,0.000,20,1.047,1.329,0.115,-0.023,0.36,1.47,0.027,-0.020,0.960,0.069,0.290,0.107
1744992817.08,-1,0.319,0.656,1.329,25,-0.215,-0.094,0.000,20,1.047,1.329,0.115,-0.023,0.36,1.47,0.031,-0.004,0.960,0.130,0.229,0.229
1744992817.08,-1,0.319,0.656,1.329,25,-0.215,-0.094,0.000,20,1.047,1.329,0.115,-0.023,0.36,1.47,0.031,-0.004,0.960,0.130,0.229,0.229
1744992817.09,-1,0.319,0.656,1.329,25,-0.215,-0.094,0.000,20,1.047,1.329,0.115,-0.023,0.36,1.47,0.035,-0.005,0.974,0.069,0.137,-0.107
1744992817.09,-1,0.319,0.656,1.329,25,-0.215,-0.094,0.000,20,1.047,1.329,0.115,-0.023,0.36,1.47,0.031,-0.009,0.974,-0.236,0.473,-0.320
1744992817.11,-1,0.319,0.656,1.329,25,-0.215,-0.094,0.000,20,1.047,1.329,0.115,-0.023,0.40,1.50,0.031,-0.009,0.974,-0.236,0.473,-0.320
1744992817.11,-1,0.319,0.656,1.329,25,-0.215,-0.094,0.000,20,1.047,1.329,0.115,-0.023,0.40,1.50,0.029,-0.020,0.962,-0.297,0.107,0.076
1744992817.11,-1,0.319,0.656,1.329,25,-0.215,-0.094,0.000,20,1.047,1.329,0.115,-0.023,0.40,1.50,0.029,-0.020,0.962,-0.297,0.107,0.076
1744992817.12,-1,0.319,0.656,1.329,25,-0.215,-0.094,0.000,20,1.047,1.329,0.115,-0.023,0.40,1.50,0.026,-0.020,0.969,-0.358,0.076,0.290
1744992817.12,-1,0.319,0.656,1.329,25,-0.215,-0.094,0.000,20,1.047,1.329,0.115,-0.023,0.40,1.50,0.034,-0.022,0.978,-0.114,0.229,0.382
1744992817.13,-1,0.319,0.656,1.329,25,-0.215,-0.094,0.000,20,1.047,1.329,0.115,-0.023,0.35,1.50,0.034,-0.022,0.978,-0.114,0.229,0.382
1744992817.13,-1,0.319,0.656,1.329,25,-0.215,-0.094,0.000,20,1.047,1.329,0.115,-0.023,0.35,1.50,0.040,-0.018,0.983,-0.053,0.137,-0.198
1744992817.14,-1,0.319,0.656,1.329,25,-0.215,-0.094,0.000,20,1.047,1.329,0.115,-0.023,0.35,1.50,0.040,-0.018,0.983,-0.053,0.137,-0.198
1744992817.15,-1,0.319,0.656,1.329,25,-0.215,-0.094,0.000,20,1.047,1.329,0.115,-0.023,0.35,1.50,0.032,-0.020,0.975,0.222,0.290,-0.473
1744992817.15,-1,0.319,0.656,1.329,25,-0.215,-0.094,0.000,20,1.047,1.329,0.115,-0.023,0.35,1.50,0.028,-0.021,0.956,0.374,0.137,0.015
1744992817.16,-1,0.319,0.656,1.329,25,-0.215,-0.094,0.000,20,1.047,1.329,0.115,-0.023,0.36,1.31,0.028,-0.021,0.956,0.374,0.137,0.015
1744992817.17,-1,0.319,0.656,1.329,25,-0.215,-0.094,0.000,20,1.047,1.329,0.115,-0.023,0.36,1.31,0.022,-0.016,0.960,0.008,-0.015,0.046
1744992817.17,-1,0.319,0.656,1.329,25,-0.215,-0.094,0.000,20,1.047,1.329,0.115,-0.023,0.36,1.31,0.022,-0.016,0.960,0.008,-0.015,0.046
# remark: robobot/cmd/T0/servo 1 -900 0
1744992817.18,-1,0.319,0.656,1.329,25,-0.215,-0.094,0.000,20,1.047,1.329,0.115,-0.023,0.36,1.31,0.031,-0.006,0.967,-0.114,0.076,0.107
1744992817.19,-1,0.319,0.656,1.329,25,-0.215,-0.094,0.000,20,1.047,1.329,0.115,-0.023,0.36,1.31,0.037,-0.004,0.979,-0.327,0.351,0.015
1744992817.19,-1,0.319,0.656,1.329,25,-0.215,-0.094,0.000,20,1.047,1.329,0.115,-0.023,0.36,1.50,0.037,-0.004,0.979,-0.327,0.351,0.015
1744992817.20,-1,0.319,0.656,1.329,25,-0.215,-0.094,0.000,20,1.047,1.329,0.115,-0.023,0.36,1.50,0.037,-0.015,0.973,-0.327,-0.107,0.046
1744992817.20,-1,0.319,0.656,1.329,25,-0.215,-0.094,0.000,20,1.047,1.329,0.115,-0.023,0.36,1.50,0.037,-0.015,0.973,-0.327,-0.107,0.046
1744992817.21,-1,0.319,0.656,1.329,25,-0.215,-0.094,0.000,20,1.047,1.329,0.115,-0.023,0.36,1.50,0.027,-0.024,0.977,-0.327,0.015,-0.229
1744992817.21,-1,0.319,0.656,1.329,25,-0.215,-0.094,0.000,20,1.047,1.329,0.115,-0.023,0.36,1.50,0.030,-0.032,0.968,0.161,-0.046,0.137
1744992817.22,-1,0.319,0.656,1.329,25,-0.215,-0.094,0.000,20,1.047,1.329,0.115,-0.023,0.35,1.50,0.030,-0.032,0.968,0.161,-0.046,0.137
1744992817.22,-1,0.319,0.656,1.329,25,-0.215,-0.094,0.000,20,1.047,1.329,0.115,-0.023,0.35,1.50,0.029,-0.021,0.968,-0.022,0.107,-0.168
1744992817.23,-1,0.319,0.656,1.329,25,-0.215,-0.094,0.000,20,1.047,1.329,0.115,-0.023,0.35,1.50,0.029,-0.021,0.968,-0.022,0.107,-0.168
1744992817.25,-1,0.319,0.656,1.329,25,-0.215,-0.094,0.000,20,1.047,1.329,0.115,-0.023,0.35,1.50,0.035,-0.010,0.973,0.252,0.259,-0.137
1744992817.25,-1,0.319,0.656,1.329,25,-0.215,-0.094,0.000,20,1.047,1.329,0.115,-0.023,0.35,1.50,0.032,-0.008,0.968,-0.083,0.107,-0.503
1744992817.25,-1,0.319,0.656,1.329,25,-0.215,-0.094,0.000,20,1.047,1.329,0.115,-0.023,0.36,1.50,0.032,-0.008,0.968,-0.083,0.107,-0.503
1744992817.26,-1,0.319,0.656,1.329,25,-0.215,-0.094,0.000,20,1.047,1.329,0.115,-0.023,0.36,1.50,0.026,-0.009,0.968,-0.205,-0.015,-0.259
1744992817.26,-1,0.319,0.656,1.329,25,-0.215,-0.094,0.000,20,1.047,1.329,0.115,-0.023,0.36,1.50,0.026,-0.009,0.968,-0.205,-0.015,-0.259
1744992817.28,-1,0.319,0.656,1.329,25,-0.215,-0.094,0.000,20,1.047,1.329,0.115,-0.023,0.36,1.50,0.023,-0.017,0.965,0.100,0.076,-0.229
1744992817.28,-1,0.319,0.656,1.329,25,-0.215,-0.094,0.000,20,1.047,1.329,0.115,-0.023,0.36,1.50,0.029,-0.016,0.973,-0.419,-0.107,0.382
1744992817.28,-1,0.319,0.656,1.329,25,-0.215,-0.094,0.000,20,1.047,1.329,0.115,-0.023,0.38,1.50,0.029,-0.016,0.973,-0.419,-0.107,0.382
1744992817.28,-1,0.319,0.656,1.329,25,-0.215,-0.094,0.000,20,1.047,1.329,0.115,-0.023,0.38,1.50,0.034,-0.014,0.971,-0.083,0.046,0.504
1744992817.29,-1,0.319,0.656,1.329,25,-0.215,-0.094,0.000,20,1.047,1.329,0.115,-0.023,0.38,1.50,0.034,-0.014,0.971,-0.083,0.046,0.504
1744992817.32,-1,0.319,0.656,1.329,25,-0.215,-0.094,0.000,20,1.047,1.329,0.115,-0.023,0.38,1.50,0.038,-0.020,0.973,-0.327,0.046,-0.198
1744992817.32,-1,0.319,0.656,1.329,25,-0.215,-0.094,0.000,20,1.047,1.329,0.115,-0.023,0.38,1.50,0.033,-0.023,0.978,-0.083,0.168,-0.290
1744992817.32,-1,0.319,0.656,1.329,25,-0.215,-0.094,0.000,20,1.047,1.329,0.115,-0.023,0.38,1.42,0.033,-0.023,0.978,-0.083,0.168,-0.290
1744992817.32,-1,0.319,0.656,1.329,25,-0.215,-0.094,0.000,20,1.047,1.329,0.115,-0.023,0.38,1.42,0.027,-0.022,0.963,0.161,0.473,-0.107
1744992817.32,-1,0.319,0.656,1.329,25,-0.215,-0.094,0.000,20,1.047,1.329,0.115,-0.023,0.38,1.42,0.027,-0.022,0.963,0.161,0.473,-0.107
1744992817.34,-1,0.319,0.656,1.329,25,-0.215,-0.094,0.000,20,1.047,1.329,0.115,-0.023,0.38,1.42,0.028,-0.016,0.968,0.466,0.076,0.046
1744992817.34,-1,0.319,0.656,1.329,25,-0.215,-0.094,0.000,20,1.047,1.329,0.115,-0.023,0.38,1.42,0.031,-0.006,0.961,0.008,-0.137,0.076
1744992817.34,-1,0.319,0.656,1.329,25,-0.215,-0.094,0.000,20,1.047,1.329,0.115,-0.023,0.38,1.26,0.031,-0.006,0.961,0.008,-0.137,0.076
1744992817.36,-1,0.319,0.656,1.329,25,-0.215,-0.094,0.000,20,1.047,1.329,0.115,-0.023,0.38,1.26,0.033,-0.002,0.973,0.069,-0.259,-0.046
1744992817.36,-1,0.319,0.656,1.329,25,-0.215,-0.094,0.000,20,1.047,1.329,0.115,-0.023,0.38,1.26,0.033,-0.002,0.973,0.069,-0.259,-0.046
1744992817.36,-1,0.319,0.656,1.329,25,-0.215,-0.094,0.000,20,1.047,1.329,0.115,-0.023,0.38,1.26,0.029,-0.011,0.969,0.039,0.168,-0.046
1744992817.36,-1,0.319,0.656,1.329,25,-0.215,-0.094,0.000,20,1.047,1.329,0.115,-0.023,0.38,1.26,0.032,-0.019,0.963,-0.450,0.198,-0.107
1744992817.38,-1,0.319,0.656,1.329,25,-0.215,-0.094,0.000,20,1.047,1.329,0.115,-0.023,0.37,1.25,0.032,-0.019,0.963,-0.450,0.198,-0.107
1744992817.38,-1,0.319,0.656,1.329,25,-0.215,-0.094,0.000,20,1.047,1.329,0.115,-0.023,0.37,1.25,0.030,-0.019,0.972,-0.450,0.351,-0.137
1744992817.38,-1,0.319,0.656,1.329,25,-0.215,-0.094,0.000,20,1.047,1.329,0.115,-0.023,0.37,1.25,0.030,-0.019,0.972,-0.450,0.351,-0.137
1744992817.41,-1,0.319,0.656,1.329,25,-0.215,-0.094,0.000,20,1.047,1.329,0.115,-0.023,0.37,1.25,0.032,-0.025,0.971,0.252,0.076,0.076
1744992817.41,-1,0.319,0.656,1.329,25,-0.215,-0.094,0.000,20,1.047,1.329,0.115,-0.023,0.37,1.25,0.035,-0.020,0.981,-0.144,-0.015,-0.259
1744992817.41,-1,0.319,0.656,1.329,25,-0.215,-0.094,0.000,20,1.047,1.329,0.115,-0.023,0.42,1.50,0.035,-0.020,0.981,-0.144,-0.015,-0.259
1744992817.41,-1,0.319,0.656,1.329,25,-0.215,-0.094,0.000,20,1.047,1.329,0.115,-0.023,0.42,1.50,0.029,-0.015,0.970,0.100,0.290,0.168
1744992817.41,-1,0.319,0.656,1.329,25,-0.215,-0.094,0.000,20,1.047,1.329,0.115,-0.023,0.42,1.50,0.029,-0.015,0.970,0.100,0.290,0.168
1744992817.43,-1,0.319,0.656,1.329,25,-0.215,-0.094,0.000,20,1.047,1.329,0.115,-0.023,0.42,1.50,0.028,-0.011,0.976,0.008,0.198,-0.137
1744992817.43,-1,0.319,0.656,1.329,25,-0.215,-0.094,0.000,20,1.047,1.329,0.115,-0.023,0.42,1.50,0.029,-0.011,0.968,-0.358,0.259,-0.473
1744992817.43,-1,0.319,0.656,1.329,25,-0.215,-0.094,0.000,20,1.047,1.329,0.115,-0.023,0.41,1.50,0.029,-0.011,0.968,-0.358,0.259,-0.473
1744992817.45,-1,0.319,0.656,1.329,25,-0.215,-0.094,0.000,20,1.047,1.329,0.115,-0.023,0.41,1.50,0.030,-0.011,0.967,-0.083,0.107,0.015
1744992817.45,-1,0.319,0.656,1.329,25,-0.215,-0.094,0.000,20,1.047,1.329,0.115,-0.023,0.41,1.50,0.030,-0.011,0.967,-0.083,0.107,0.015
1744992817.45,-1,0.319,0.656,1.329,25,-0.215,-0.094,0.000,20,1.047,1.329,0.115,-0.023,0.41,1.50,0.031,-0.013,0.958,-0.327,0.290,0.168
1744992817.45,-1,0.319,0.656,1.329,25,-0.215,-0.094,0.000,20,1.047,1.329,0.115,-0.023,0.41,1.50,0.030,-0.014,0.967,-0.297,-0.015,-0.107
1744992817.46,-1,0.319,0.656,1.329,25,-0.215,-0.094,0.000,20,1.047,1.329,0.115,-0.023,0.39,1.50,0.030,-0.014,0.967,-0.297,-0.015,-0.107
1744992817.47,-1,0.319,0.656,1.329,25,-0.215,-0.094,0.000,20,1.047,1.329,0.115,-0.023,0.39,1.50,0.031,-0.023,0.976,0.039,0.046,-0.168
1744992817.47,-1,0.319,0.656,1.329,25,-0.215,-0.094,0.000,20,1.047,1.329,0.115,-0.023,0.39,1.50,0.031,-0.023,0.976,0.039,0.046,-0.168
1744992817.48,-1,0.319,0.656,1.329,25,-0.215,-0.094,0.000,20,1.047,1.329,0.115,-0.023,0.39,1.50,0.035,-0.021,0.977,0.069,0.046,-0.412
1744992817.49,-1,0.319,0.656,1.329,25,-0.215,-0.094,0.000,20,1.047,1.329,0.115,-0.023,0.39,1.50,0.031,-0.022,0.976,-0.144,0.198,-0.381
1744992817.49,-1,0.319,0.656,1.329,25,-0.215,-0.094,0.000,20,1.047,1.329,0.115,-0.023,0.39,1.50,0.031,-0.022,0.976,-0.144,0.198,-0.381
1744992817.49,-1,0.319,0.656,1.329,25,-0.215,-0.094,0.000,20,1.047,1.329,0.115,-0.023,0.39,1.50,0.031,-0.021,0.964,0.100,0.168,0.015
1744992817.51,-1,0.319,0.656,1.329,25,-0.215,-0.094,0.000,20,1.047,1.329,0.115,-0.023,0.39,1.50,0.031,-0.021,0.964,0.100,0.168,0.015
1744992817.52,-1,0.319,0.656,1.329,25,-0.215,-0.094,0.000,20,1.047,1.329,0.115,-0.023,0.39,1.50,0.032,-0.011,0.967,-0.175,0.046,-0.229
1744992817.52,-1,0.319,0.656,1.329,25,-0.215,-0.094,0.000,20,1.047,1.329,0.115,-0.023,0.39,1.50,0.033,-0.014,0.972,0.283,0.137,0.198
1744992817.52,-1,0.319,0.656,1.329,25,-0.215,-0.094,0.000,20,1.047,1.329,0.115,-0.023,0.41,1.50,0.033,-0.014,0.972,0.283,0.137,0.198
1744992817.54,-1,0.319,0.656,1.329,25,-0.215,-0.094,0.000,20,1.047,1.329,0.115,-0.023,0.41,1.50,0.033,-0.007,0.967,-0.236,0.015,-0.198
1744992817.54,-1,0.319,0.656,1.329,25,-0.215,-0.094,0.000,20,1.047,1.329,0.115,-0.023,0.41,1.50,0.033,-0.007,0.967,-0.236,0.015,-0.198
1744992817.54,-1,0.319,0.656,1.329,25,-0.215,-0.094,0.000,20,1.047,1.329,0.115,-0.023,0.41,1.50,0.029,-0.012,0.974,-0.480,0.137,-0.046
1744992817.54,-1,0.319,0.656,1.329,25,-0.215,-0.094,0.000,20,1.047,1.329,0.115,-0.023,0.41,1.50,0.026,-0.020,0.967,-0.114,0.168,0.076
1744992817.55,-1,0.319,0.656,1.329,25,-0.215,-0.094,0.000,20,1.047,1.329,0.115,-0.023,0.39,1.50,0.026,-0.020,0.967,-0.114,0.168,0.076
1744992817.57,-1,0.319,0.656,1.329,25,-0.215,-0.094,0.000,20,1.047,1.329,0.115,-0.023,0.39,1.50,0.027,-0.022,0.961,-0.053,-0.046,-0.046
1744992817.57,-1,0.319,0.656,1.329,25,-0.215,-0.094,0.000,20,1.047,1.329,0.115,-0.023,0.39,1.50,0.027,-0.022,0.961,-0.053,-0.046,-0.046
1744992817.57,-1,0.319,0.656,1.329,25,-0.215,-0.094,0.000,20,1.047,1.329,0.115,-0.023,0.39,1.50,0.033,-0.014,0.969,0.069,0.229,0.076
1744992817.58,-1,0.319,0.656,1.329,25,-0.215,-0.094,0.000,20,1.047,1.329,0.115,-0.023,0.39,1.50,0.031,-0.016,0.967,-0.083,0.259,-0.107
# remark: robobot/cmd/ti/alive 2025-04-18 18:13:08.652491
1744992817.59,-1,0.319,0.656,1.329,25,-0.215,-0.094,0.000,20,1.047,1.329,0.115,-0.023,0.37,1.50,0.031,-0.016,0.967,-0.083,0.259,-0.107
1744992817.59,-1,0.319,0.656,1.329,25,-0.215,-0.094,0.000,20,1.047,1.329,0.115,-0.023,0.37,1.50,0.031,-0.011,0.977,-0.053,0.137,-0.168
1744992817.59,-1,0.319,0.656,1.329,25,-0.215,-0.094,0.000,20,1.047,1.329,0.115,-0.023,0.37,1.50,0.031,-0.011,0.977,-0.053,0.137,-0.168
1744992817.60,-1,0.319,0.656,1.329,25,-0.215,-0.094,0.000,20,1.047,1.329,0.115,-0.023,0.37,1.50,0.025,-0.016,0.967,0.008,-0.046,-0.290
1744992817.60,-1,0.319,0.656,1.329,25,-0.215,-0.094,0.000,20,1.047,1.329,0.115,-0.023,0.37,1.50,0.026,-0.016,0.955,-0.022,0.259,0.046
1744992817.61,-1,0.319,0.656,1.329,25,-0.215,-0.094,0.000,20,1.047,1.329,0.115,-0.023,0.35,1.50,0.026,-0.016,0.955,-0.022,0.259,0.046
1744992817.62,-1,0.319,0.656,1.329,25,-0.215,-0.094,0.000,20,1.047,1.329,0.115,-0.023,0.35,1.50,0.031,-0.013,0.967,0.130,0.198,0.290
1744992817.62,-1,0.319,0.656,1.329,25,-0.215,-0.094,0.000,20,1.047,1.329,0.115,-0.023,0.35,1.50,0.031,-0.013,0.967,0.130,0.198,0.290
1744992817.63,-1,0.319,0.656,1.329,25,-0.215,-0.094,0.000,20,1.047,1.329,0.115,-0.023,0.35,1.50,0.032,-0.014,0.970,-0.144,0.320,-0.015
1744992817.64,-1,0.319,0.656,1.329,25,-0.215,-0.094,0.000,20,1.047,1.329,0.115,-0.023,0.35,1.50,0.032,-0.014,0.973,0.008,0.351,-0.015
1744992817.64,-1,0.319,0.656,1.329,26,-0.215,-0.094,0.000,20,1.047,1.329,0.115,-0.023,0.36,1.46,0.032,-0.014,0.973,0.008,0.351,-0.015
1744992817.67,-1,0.319,0.656,1.329,26,-0.215,-0.094,0.000,20,1.047,1.329,0.115,-0.023,0.36,1.46,0.034,-0.020,0.978,0.039,0.229,-0.168
1744992817.67,-1,0.319,0.656,1.329,26,-0.215,-0.094,0.000,20,1.047,1.329,0.115,-0.023,0.36,1.46,0.034,-0.020,0.978,0.039,0.229,-0.168
1744992817.67,-1,0.319,0.656,1.329,26,-0.215,-0.094,0.000,20,1.047,1.329,0.115,-0.023,0.36,1.46,0.025,-0.024,0.963,-0.266,-0.015,0.015
1744992817.67,-1,0.319,0.656,1.329,26,-0.215,-0.094,0.000,20,1.047,1.329,0.115,-0.023,0.36,1.46,0.029,-0.018,0.980,0.008,0.229,0.015
1744992817.69,-1,0.319,0.656,1.329,26,-0.215,-0.094,0.000,20,1.047,1.329,0.115,-0.023,0.38,1.47,0.029,-0.018,0.980,0.008,0.229,0.015
1744992817.69,-1,0.319,0.656,1.329,26,-0.215,-0.094,0.000,20,1.047,1.329,0.115,-0.023,0.38,1.47,0.031,-0.016,0.955,-0.053,0.320,-0.076
1744992817.69,-1,0.319,0.656,1.329,26,-0.215,-0.094,0.000,20,1.047,1.329,0.115,-0.023,0.38,1.47,0.031,-0.016,0.955,-0.053,0.320,-0.076
1744992817.69,-1,0.319,0.656,1.329,26,-0.215,-0.094,0.000,20,1.047,1.329,0.115,-0.023,0.38,1.47,0.031,-0.010,0.979,-0.175,0.046,-0.351
1744992817.71,-1,0.319,0.656,1.329,26,-0.215,-0.094,0.000,20,1.047,1.329,0.115,-0.023,0.38,1.47,0.030,-0.014,0.966,0.039,0.046,-0.107
1744992817.71,-1,0.319,0.656,1.329,26,-0.215,-0.094,0.000,20,1.047,1.329,0.115,-0.023,0.38,1.31,0.030,-0.014,0.966,0.039,0.046,-0.107
1744992817.71,-1,0.319,0.656,1.329,26,-0.215,-0.094,0.000,20,1.047,1.329,0.115,-0.023,0.38,1.31,0.026,-0.020,0.972,-0.327,0.290,-0.015
1744992817.71,-1,0.319,0.656,1.329,26,-0.215,-0.094,0.000,20,1.047,1.329,0.115,-0.023,0.38,1.31,0.026,-0.020,0.972,-0.327,0.290,-0.015
1744992817.72,-1,0.319,0.656,1.329,26,-0.215,-0.094,0.000,20,1.047,1.329,0.115,-0.023,0.38,1.31,0.027,-0.018,0.973,0.008,-0.198,0.320
1744992817.72,-1,0.319,0.656,1.329,26,-0.215,-0.094,0.000,20,1.047,1.329,0.115,-0.023,0.38,1.31,0.035,-0.017,0.959,-0.175,0.259,0.046
1744992817.73,-1,0.319,0.656,1.329,26,-0.215,-0.094,0.000,20,1.047,1.329,0.115,-0.023,0.35,1.22,0.035,-0.017,0.959,-0.175,0.259,0.046
1744992817.74,-1,0.319,0.656,1.329,26,-0.215,-0.094,0.000,20,1.047,1.329,0.115,-0.023,0.35,1.22,0.031,-0.016,0.982,-0.083,-0.046,0.015
1744992817.74,-1,0.319,0.656,1.329,26,-0.215,-0.094,0.000,20,1.047,1.329,0.115,-0.023,0.35,1.22,0.031,-0.016,0.982,-0.083,-0.046,0.015
1744992817.75,-1,0.319,0.656,1.329,26,-0.215,-0.094,0.000,20,1.047,1.329,0.115,-0.023,0.35,1.22,0.032,-0.013,0.961,0.069,0.259,-0.412
1744992817.75,-1,0.319,0.656,1.329,26,-0.215,-0.094,0.000,20,1.047,1.329,0.115,-0.023,0.35,1.22,0.027,-0.017,0.969,-0.022,0.107,0.076
1744992817.76,-1,0.319,0.656,1.329,26,-0.215,-0.094,0.000,20,1.047,1.329,0.115,-0.023,0.35,1.11,0.027,-0.017,0.969,-0.022,0.107,0.076
1744992817.77,-1,0.319,0.656,1.329,26,-0.215,-0.094,0.000,20,1.047,1.329,0.115,-0.023,0.35,1.11,0.028,-0.018,0.963,0.069,0.137,-0.137
1744992817.77,-1,0.319,0.656,1.329,26,-0.215,-0.094,0.000,20,1.047,1.329,0.115,-0.023,0.35,1.11,0.028,-0.018,0.963,0.069,0.137,-0.137
# remark: robobot/cmd/T0/servo 1 -900 0
1744992817.78,-1,0.319,0.656,1.329,26,-0.215,-0.094,0.000,20,1.047,1.329,0.115,-0.023,0.35,1.11,0.029,-0.017,0.960,-0.266,-0.015,-0.107
1744992817.78,-1,0.319,0.656,1.329,26,-0.215,-0.094,0.000,20,1.047,1.329,0.115,-0.023,0.35,1.11,0.030,-0.012,0.976,0.039,0.137,0.320
1744992817.79,-1,0.319,0.656,1.329,26,-0.215,-0.094,0.000,20,1.047,1.329,0.115,-0.023,0.35,1.50,0.030,-0.012,0.976,0.039,0.137,0.320
1744992817.80,-1,0.319,0.656,1.329,26,-0.215,-0.094,0.000,20,1.047,1.329,0.115,-0.023,0.35,1.50,0.037,-0.010,0.966,0.008,0.137,0.168
1744992817.80,-1,0.319,0.656,1.329,26,-0.215,-0.094,0.000,20,1.047,1.329,0.115,-0.023,0.35,1.50,0.037,-0.010,0.966,0.008,0.137,0.168
1744992817.81,-1,0.319,0.656,1.329,26,-0.215,-0.094,0.000,20,1.047,1.329,0.115,-0.023,0.35,1.50,0.029,-0.016,0.977,-0.297,0.076,0.046
1744992817.82,-1,0.319,0.656,1.329,26,-0.215,-0.094,0.000,20,1.047,1.329,0.115,-0.023,0.35,1.50,0.030,-0.021,0.962,0.008,0.137,-0.320
1744992817.83,-1,0.319,0.656,1.329,26,-0.215,-0.094,0.000,20,1.047,1.329,0.115,-0.023,0.36,1.50,0.030,-0.021,0.962,0.008,0.137,-0.320
1744992817.83,-1,0.319,0.656,1.329,26,-0.215,-0.094,0.000,20,1.047,1.329,0.115,-0.023,0.36,1.50,0.029,-0.019,0.971,0.039,-0.015,-0.076
1744992817.83,-1,0.319,0.656,1.329,26,-0.215,-0.094,0.000,20,1.047,1.329,0.115,-0.023,0.36,1.50,0.029,-0.019,0.971,0.039,-0.015,-0.076
1744992817.85,-1,0.319,0.656,1.329,26,-0.215,-0.094,0.000,20,1.047,1.329,0.115,-0.023,0.36,1.50,0.031,-0.013,0.971,-0.175,0.107,0.046
1744992817.85,-1,0.319,0.656,1.329,26,-0.215,-0.094,0.000,20,1.047,1.329,0.115,-0.023,0.36,1.50,0.032,-0.018,0.973,-0.053,0.137,0.107
1744992817.85,-1,0.319,0.656,1.329,26,-0.215,-0.094,0.000,20,1.047,1.329,0.115,-0.023,0.37,1.49,0.032,-0.018,0.973,-0.053,0.137,0.107
1744992817.85,-1,0.319,0.656,1.329,26,-0.215,-0.094,0.000,20,1.047,1.329,0.115,-0.023,0.37,1.49,0.030,-0.013,0.975,0.069,0.076,-0.076
1744992817.86,-1,0.319,0.656,1.329,26,-0.215,-0.094,0.000,20,1.047,1.329,0.115,-0.023,0.37,1.49,0.030,-0.013,0.975,0.069,0.076,-0.076
1744992817.87,-1,0.319,0.656,1.329,26,-0.215,-0.094,0.000,20,1.047,1.329,0.115,-0.023,0.37,1.49,0.032,-0.016,0.965,-0.175,0.168,-0.259
1744992817.87,-1,0.319,0.656,1.329,26,-0.215,-0.094,0.000,20,1.047,1.329,0.115,-0.023,0.37,1.49,0.030,-0.018,0.966,-0.022,-0.076,0.076
1744992817.88,-1,0.319,0.656,1.329,26,-0.215,-0.094,0.000,20,1.047,1.329,0.115,-0.023,0.36,1.40,0.030,-0.018,0.966,-0.022,-0.076,0.076
1744992817.88,-1,0.319,0.656,1.329,26,-0.215,-0.094,0.000,20,1.047,1.329,0.115,-0.023,0.36,1.40,0.033,-0.016,0.972,0.161,0.015,-0.168
1744992817.89,-1,0.319,0.656,1.329,26,-0.215,-0.094,0.000,20,1.047,1.329,0.115,-0.023,0.36,1.40,0.033,-0.016,0.972,0.161,0.015,-0.168
1744992817.90,-1,0.319,0.656,1.329,26,-0.215,-0.094,0.000,20,1.047,1.329,0.115,-0.023,0.36,1.40,0.032,-0.015,0.974,-0.114,0.168,-0.198
1744992817.90,-1,0.319,0.656,1.329,26,-0.215,-0.094,0.000,20,1.047,1.329,0.115,-0.023,0.36,1.40,0.034,-0.013,0.969,-0.266,0.229,-0.076
1744992817.92,-1,0.319,0.656,1.329,26,-0.215,-0.094,0.000,20,1.047,1.329,0.115,-0.023,0.37,1.50,0.034,-0.013,0.969,-0.266,0.229,-0.076
1744992817.92,-1,0.319,0.656,1.329,26,-0.215,-0.094,0.000,20,1.047,1.329,0.115,-0.023,0.37,1.50,0.030,-0.023,0.962,-0.297,-0.015,-0.076
1744992817.92,-1,0.319,0.656,1.329,26,-0.215,-0.094,0.000,20,1.047,1.329,0.115,-0.023,0.37,1.50,0.030,-0.023,0.962,-0.297,-0.015,-0.076
1744992817.93,-1,0.319,0.656,1.329,26,-0.215,-0.094,0.000,20,1.047,1.329,0.115,-0.023,0.37,1.50,0.026,-0.020,0.970,0.222,0.137,-0.351
1744992817.93,-1,0.319,0.656,1.329,26,-0.215,-0.094,0.000,20,1.047,1.329,0.115,-0.023,0.37,1.50,0.028,-0.017,0.972,-0.114,0.046,-0.046
1744992817.94,-1,0.319,0.656,1.329,26,-0.215,-0.094,0.000,20,1.047,1.329,0.115,-0.023,0.34,1.50,0.028,-0.017,0.972,-0.114,0.046,-0.046
1744992817.96,-1,0.319,0.656,1.329,26,-0.215,-0.094,0.000,20,1.047,1.329,0.115,-0.023,0.34,1.50,0.031,-0.014,0.973,0.069,0.351,-0.046
1744992817.96,-1,0.319,0.656,1.329,26,-0.215,-0.094,0.000,20,1.047,1.329,0.115,-0.023,0.34,1.50,0.031,-0.014,0.973,0.069,0.351,-0.046
1744992817.96,-1,0.319,0.656,1.329,26,-0.215,-0.094,0.000,20,1.047,1.329,0.115,-0.023,0.34,1.50,0.032,-0.012,0.973,-0.022,-0.107,-0.229
1744992817.98,-1,0.319,0.656,1.329,26,-0.215,-0.094,0.000,20,1.047,1.329,0.115,-0.023,0.34,1.50,0.027,-0.020,0.978,0.161,0.076,-0.442
1744992817.98,-1,0.319,0.656,1.329,26,-0.215,-0.094,0.000,20,1.047,1.329,0.115,-0.023,0.34,1.17,0.027,-0.020,0.978,0.161,0.076,-0.442
1744992818.00,-1,0.319,0.656,1.329,26,-0.215,-0.094,0.000,20,1.047,1.329,0.115,-0.023,0.34,1.17,0.025,-0.023,0.955,0.100,0.290,-0.015
1744992818.00,-1,0.319,0.656,1.329,26,-0.215,-0.094,0.000,20,1.047,1.329,0.115,-0.023,0.34,1.17,0.025,-0.023,0.955,0.100,0.290,-0.015
1744992818.00,-1,0.319,0.656,1.329,26,-0.215,-0.094,0.000,20,1.047,1.329,0.115,-0.023,0.34,1.17,0.028,-0.016,0.967,0.039,0.015,-0.259
1744992818.00,-1,0.319,0.656,1.329,26,-0.215,-0.094,0.000,20,1.047,1.329,0.115,-0.023,0.34,1.17,0.029,-0.015,0.971,0.100,0.107,0.137
1744992818.02,-1,0.319,0.656,1.329,26,-0.215,-0.094,0.000,20,1.047,1.329,0.115,-0.023,0.36,1.48,0.029,-0.015,0.971,0.100,0.107,0.137
1744992818.02,-1,0.319,0.656,1.329,26,-0.215,-0.094,0.000,20,1.047,1.329,0.115,-0.023,0.36,1.48,0.034,-0.010,0.968,-0.175,0.015,0.076
1744992818.02,-1,0.319,0.656,1.329,26,-0.215,-0.094,0.000,20,1.047,1.329,0.115,-0.023,0.36,1.48,0.034,-0.010,0.968,-0.175,0.015,0.076
1744992818.05,-1,0.319,0.656,1.329,26,-0.215,-0.094,0.000,20,1.047,1.329,0.115,-0.023,0.36,1.48,0.031,-0.016,0.976,0.039,0.259,-0.015
1744992818.05,-1,0.319,0.656,1.329,26,-0.215,-0.094,0.000,20,1.047,1.329,0.115,-0.023,0.36,1.48,0.030,-0.017,0.965,-0.205,0.107,-0.168
1744992818.05,-1,0.319,0.656,1.329,26,-0.215,-0.094,0.000,20,1.047,1.329,0.115,-0.023,0.35,1.50,0.030,-0.017,0.965,-0.205,0.107,-0.168
1744992818.06,-1,0.319,0.656,1.329,26,-0.215,-0.094,0.000,20,1.047,1.329,0.115,-0.023,0.35,1.50,0.029,-0.018,0.970,-0.205,0.137,-0.076
1744992818.08,-1,0.319,0.656,1.329,26,-0.215,-0.094,0.000,20,1.047,1.329,0.115,-0.023,0.35,1.50,0.029,-0.018,0.970,-0.205,0.137,-0.076
1744992818.08,-1,0.319,0.656,1.329,26,-0.215,-0.094,0.000,20,1.047,1.329,0.115,-0.023,0.35,1.50,0.030,-0.019,0.969,-0.144,0.076,0.137
1744992818.08,-1,0.319,0.656,1.329,26,-0.215,-0.094,0.000,20,1.047,1.329,0.115,-0.023,0.35,1.50,0.030,-0.015,0.969,-0.114,0.168,-0.229
1744992818.08,-1,0.319,0.656,1.329,26,-0.215,-0.094,0.000,20,1.047,1.329,0.115,-0.023,0.35,1.50,0.030,-0.015,0.969,-0.114,0.168,-0.229
# remark: robobot/cmd/ti/alive 2025-04-18 18:13:08.652491
1744992818.12,-1,0.319,0.656,1.329,26,-0.215,-0.094,0.000,20,1.047,1.329,0.115,-0.023,0.35,1.50,0.031,-0.013,0.976,-0.083,0.168,-0.168
1744992818.12,-1,0.319,0.656,1.329,26,-0.215,-0.094,0.000,20,1.047,1.329,0.115,-0.023,0.35,1.50,0.031,-0.013,0.976,-0.083,0.168,-0.168
1744992818.12,-1,0.319,0.656,1.329,26,-0.215,-0.094,0.000,20,1.047,1.329,0.115,-0.023,0.35,1.50,0.028,-0.013,0.971,-0.175,0.198,-0.229
1744992818.12,-1,0.319,0.656,1.329,26,-0.215,-0.094,0.000,20,1.047,1.329,0.115,-0.023,0.35,1.50,0.028,-0.015,0.969,0.313,0.473,-0.259
1744992818.12,-1,0.319,0.656,1.329,26,-0.215,-0.094,0.000,20,1.047,1.329,0.115,-0.023,0.34,1.50,0.028,-0.015,0.969,0.313,0.473,-0.259
1744992818.12,-1,0.319,0.656,1.329,26,-0.215,-0.094,0.000,20,1.047,1.329,0.115,-0.023,0.34,1.50,0.030,-0.017,0.967,-0.022,0.076,0.015
1744992818.12,-1,0.319,0.656,1.329,26,-0.215,-0.094,0.000,20,1.047,1.329,0.115,-0.023,0.34,1.50,0.030,-0.017,0.967,-0.022,0.076,0.015
1744992818.12,-1,0.319,0.656,1.329,26,-0.215,-0.094,0.000,20,1.047,1.329,0.115,-0.023,0.34,1.50,0.028,-0.013,0.968,-0.022,-0.015,-0.137
1744992818.12,-1,0.319,0.656,1.329,26,-0.215,-0.094,0.000,20,1.047,1.329,0.115,-0.023,0.34,1.50,0.035,-0.017,0.972,-0.022,0.137,-0.229
1744992818.12,-1,0.319,0.656,1.329,26,-0.215,-0.094,0.000,20,1.047,1.329,0.115,-0.023,0.34,1.50,0.035,-0.017,0.972,-0.022,0.137,-0.229
1744992818.13,-1,0.319,0.656,1.329,26,-0.215,-0.094,0.000,20,1.047,1.329,0.115,-0.023,0.34,1.50,0.032,-0.016,0.970,0.069,-0.107,-0.229
1744992818.15,-1,0.319,0.656,1.329,26,-0.215,-0.094,0.000,20,1.047,1.329,0.115,-0.023,0.34,1.50,0.032,-0.016,0.970,0.069,-0.107,-0.229
1744992818.15,-1,0.319,0.656,1.329,26,-0.215,-0.094,0.000,20,1.047,1.329,0.115,-0.023,0.34,1.50,0.027,-0.016,0.963,0.161,0.290,0.046
1744992818.15,-1,0.319,0.656,1.329,26,-0.215,-0.094,0.000,20,1.047,1.329,0.115,-0.023,0.34,1.50,0.032,-0.014,0.967,-0.083,0.229,-0.137
1744992818.15,-1,0.319,0.656,1.329,26,-0.215,-0.094,0.000,20,1.047,1.329,0.115,-0.023,0.33,1.44,0.032,-0.014,0.967,-0.083,0.229,-0.137
1744992818.17,-1,0.319,0.656,1.329,26,-0.215,-0.094,0.000,20,1.047,1.329,0.115,-0.023,0.33,1.44,0.029,-0.016,0.973,-0.144,0.320,0.198
1744992818.17,-1,0.319,0.656,1.329,26,-0.215,-0.094,0.000,20,1.047,1.329,0.115,-0.023,0.33,1.44,0.029,-0.016,0.973,-0.144,0.320,0.198
1744992818.19,-1,0.319,0.656,1.329,26,-0.215,-0.094,0.000,20,1.047,1.329,0.115,-0.023,0.33,1.44,0.031,-0.014,0.973,0.008,0.076,0.046
1744992818.19,-1,0.319,0.656,1.329,26,-0.215,-0.094,0.000,20,1.047,1.329,0.115,-0.023,0.33,1.44,0.030,-0.013,0.972,0.161,0.290,-0.046
1744992818.19,-1,0.319,0.656,1.329,26,-0.215,-0.094,0.000,20,1.047,1.329,0.115,-0.023,0.35,1.50,0.030,-0.013,0.972,0.161,0.290,-0.046
1744992818.19,-1,0.319,0.656,1.329,26,-0.215,-0.094,0.000,20,1.047,1.329,0.115,-0.023,0.35,1.50,0.028,-0.018,0.972,0.100,0.259,-0.137
1744992818.19,-1,0.319,0.656,1.329,26,-0.215,-0.094,0.000,20,1.047,1.329,0.115,-0.023,0.35,1.50,0.028,-0.018,0.972,0.100,0.259,-0.137
1744992818.21,-1,0.319,0.656,1.329,26,-0.215,-0.094,0.000,20,1.047,1.329,0.115,-0.023,0.35,1.50,0.029,-0.023,0.966,0.130,0.137,-0.168
1744992818.21,-1,0.319,0.656,1.329,26,-0.215,-0.094,0.000,20,1.047,1.329,0.115,-0.023,0.35,1.50,0.027,-0.014,0.972,-0.327,0.259,-0.015
1744992818.21,-1,0.319,0.656,1.329,26,-0.215,-0.094,0.000,20,1.047,1.329,0.115,-0.023,0.36,1.50,0.027,-0.014,0.972,-0.327,0.259,-0.015
1744992818.22,-1,0.319,0.656,1.329,26,-0.215,-0.094,0.000,20,1.047,1.329,0.115,-0.023,0.36,1.50,0.031,-0.019,0.968,-0.236,0.259,-0.137
1744992818.22,-1,0.319,0.656,1.329,26,-0.215,-0.094,0.000,20,1.047,1.329,0.115,-0.023,0.36,1.50,0.031,-0.019,0.968,-0.236,0.259,-0.137
1744992818.24,-1,0.319,0.656,1.329,26,-0.215,-0.094,0.000,20,1.047,1.329,0.115,-0.023,0.36,1.50,0.031,-0.017,0.966,0.039,0.046,-0.137
1744992818.24,-1,0.319,0.656,1.329,26,-0.215,-0.094,0.000,20,1.047,1.329,0.115,-0.023,0.36,1.50,0.030,-0.019,0.972,-0.175,0.076,-0.107
1744992818.25,-1,0.319,0.656,1.329,26,-0.215,-0.094,0.000,20,1.047,1.329,0.115,-0.023,0.37,1.50,0.030,-0.019,0.972,-0.175,0.076,-0.107
1744992818.25,-1,0.319,0.656,1.329,27,-0.215,-0.094,0.000,20,1.047,1.329,0.115,-0.023,0.37,1.50,0.026,-0.015,0.967,-0.297,0.259,-0.015
1744992818.26,-1,0.319,0.656,1.329,27,-0.215,-0.094,0.000,20,1.047,1.329,0.115,-0.023,0.37,1.50,0.026,-0.015,0.967,-0.297,0.259,-0.015
1744992818.26,-1,0.319,0.656,1.329,27,-0.215,-0.094,0.000,20,1.047,1.329,0.115,-0.023,0.37,1.50,0.029,-0.014,0.969,-0.083,0.168,-0.046
1744992818.28,-1,0.319,0.656,1.329,27,-0.215,-0.094,0.000,20,1.047,1.329,0.115,-0.023,0.37,1.50,0.033,-0.013,0.971,0.008,0.320,-0.046
1744992818.28,-1,0.319,0.656,1.329,27,-0.215,-0.094,0.000,20,1.047,1.329,0.115,-0.023,0.36,1.48,0.033,-0.013,0.971,0.008,0.320,-0.046
1744992818.28,-1,0.319,0.656,1.329,27,-0.215,-0.094,0.000,20,1.047,1.329,0.115,-0.023,0.36,1.48,0.031,-0.019,0.969,0.100,-0.076,-0.076
1744992818.28,-1,0.319,0.656,1.329,27,-0.215,-0.094,0.000,20,1.047,1.329,0.115,-0.023,0.36,1.48,0.031,-0.019,0.969,0.100,-0.076,-0.076
1744992818.30,-1,0.319,0.656,1.329,27,-0.215,-0.094,0.000,20,1.047,1.329,0.115,-0.023,0.36,1.48,0.027,-0.017,0.967,-0.083,0.076,-0.351
1744992818.30,-1,0.319,0.656,1.329,27,-0.215,-0.094,0.000,20,1.047,1.329,0.115,-0.023,0.36,1.48,0.030,-0.016,0.970,0.222,0.046,-0.259
1744992818.31,-1,0.319,0.656,1.329,27,-0.215,-0.094,0.000,20,1.047,1.329,0.115,-0.023,0.36,1.50,0.030,-0.016,0.970,0.222,0.046,-0.259
1744992818.31,-1,0.319,0.656,1.329,27,-0.215,-0.094,0.000,20,1.047,1.329,0.115,-0.023,0.36,1.50,0.031,-0.018,0.969,-0.114,0.259,-0.137
1744992818.31,-1,0.319,0.656,1.329,27,-0.215,-0.094,0.000,20,1.047,1.329,0.115,-0.023,0.36,1.50,0.031,-0.018,0.969,-0.114,0.259,-0.137
1744992818.33,-1,0.319,0.656,1.329,27,-0.215,-0.094,0.000,20,1.047,1.329,0.115,-0.023,0.36,1.50,0.031,-0.013,0.968,-0.083,0.290,-0.107
1744992818.33,-1,0.319,0.656,1.329,27,-0.215,-0.094,0.000,20,1.047,1.329,0.115,-0.023,0.36,1.50,0.030,-0.015,0.967,0.100,0.259,0.046
1744992818.33,-1,0.319,0.656,1.329,27,-0.215,-0.094,0.000,20,1.047,1.329,0.115,-0.023,0.35,1.50,0.030,-0.015,0.967,0.100,0.259,0.046
1744992818.34,-1,0.319,0.656,1.329,27,-0.215,-0.094,0.000,20,1.047,1.329,0.115,-0.023,0.35,1.50,0.031,-0.018,0.964,-0.114,0.290,-0.259
1744992818.35,-1,0.319,0.656,1.329,27,-0.215,-0.094,0.000,20,1.047,1.329,0.115,-0.023,0.35,1.50,0.031,-0.018,0.964,-0.114,0.290,-0.259
1744992818.35,-1,0.319,0.656,1.329,27,-0.215,-0.094,0.000,20,1.047,1.329,0.115,-0.023,0.35,1.50,0.036,-0.018,0.971,-0.083,0.198,0.076
1744992818.35,-1,0.319,0.656,1.329,27,-0.215,-0.094,0.000,20,1.047,1.329,0.115,-0.023,0.35,1.50,0.033,-0.018,0.967,-0.083,0.229,-0.076
1744992818.36,-1,0.319,0.656,1.329,27,-0.215,-0.094,0.000,20,1.047,1.329,0.115,-0.023,0.35,1.24,0.033,-0.018,0.967,-0.083,0.229,-0.076
1744992818.37,-1,0.319,0.656,1.329,27,-0.215,-0.094,0.000,20,1.047,1.329,0.115,-0.023,0.35,1.24,0.032,-0.017,0.966,-0.083,0.015,-0.290
1744992818.37,-1,0.319,0.656,1.329,27,-0.215,-0.094,0.000,20,1.047,1.329,0.115,-0.023,0.35,1.24,0.032,-0.017,0.966,-0.083,0.015,-0.290
# remark: robobot/cmd/T0/servo 1 -900 0
1744992818.39,-1,0.319,0.656,1.329,27,-0.215,-0.094,0.000,20,1.047,1.329,0.115,-0.023,0.35,1.24,0.028,-0.019,0.967,-0.175,0.046,0.137
1744992818.39,-1,0.319,0.656,1.329,27,-0.215,-0.094,0.000,20,1.047,1.329,0.115,-0.023,0.35,1.24,0.033,-0.016,0.969,-0.083,0.320,0.076
1744992818.39,-1,0.319,0.656,1.329,27,-0.215,-0.094,0.000,20,1.047,1.329,0.115,-0.023,0.37,1.45,0.033,-0.016,0.969,-0.083,0.320,0.076
1744992818.41,-1,0.319,0.656,1.329,27,-0.215,-0.094,0.000,20,1.047,1.329,0.115,-0.023,0.37,1.45,0.032,-0.012,0.974,-0.022,0.046,0.351
1744992818.41,-1,0.319,0.656,1.329,27,-0.215,-0.094,0.000,20,1.047,1.329,0.115,-0.023,0.37,1.45,0.032,-0.012,0.974,-0.022,0.046,0.351
1744992818.41,-1,0.319,0.656,1.329,27,-0.215,-0.094,0.000,20,1.047,1.329,0.115,-0.023,0.37,1.45,0.027,-0.015,0.971,-0.266,-0.137,-0.320
1744992818.42,-1,0.319,0.656,1.329,27,-0.215,-0.094,0.000,20,1.047,1.329,0.115,-0.023,0.37,1.45,0.026,-0.015,0.968,-0.053,-0.046,-0.107
1744992818.42,-1,0.319,0.656,1.329,27,-0.215,-0.094,0.000,20,1.047,1.329,0.115,-0.023,0.36,1.50,0.026,-0.015,0.968,-0.053,-0.046,-0.107
1744992818.45,-1,0.319,0.656,1.329,27,-0.215,-0.094,0.000,20,1.047,1.329,0.115,-0.023,0.36,1.50,0.034,-0.021,0.970,-0.205,0.137,-0.076
1744992818.45,-1,0.319,0.656,1.329,27,-0.215,-0.094,0.000,20,1.047,1.329,0.115,-0.023,0.36,1.50,0.034,-0.021,0.970,-0.205,0.137,-0.076
1744992818.45,-1,0.319,0.656,1.329,27,-0.215,-0.094,0.000,20,1.047,1.329,0.115,-0.023,0.36,1.50,0.028,-0.016,0.973,-0.083,0.046,0.015
1744992818.45,-1,0.319,0.656,1.329,27,-0.215,-0.094,0.000,20,1.047,1.329,0.115,-0.023,0.36,1.50,0.032,-0.013,0.970,0.100,0.107,0.107
1744992818.45,-1,0.319,0.656,1.329,27,-0.215,-0.094,0.000,20,1.047,1.329,0.115,-0.023,0.35,1.48,0.032,-0.013,0.970,0.100,0.107,0.107
1744992818.46,-1,0.319,0.656,1.329,27,-0.215,-0.094,0.000,20,1.047,1.329,0.115,-0.023,0.35,1.48,0.032,-0.021,0.974,-0.053,0.015,-0.107
1744992818.46,-1,0.319,0.656,1.329,27,-0.215,-0.094,0.000,20,1.047,1.329,0.115,-0.023,0.35,1.48,0.032,-0.021,0.974,-0.053,0.015,-0.107
1744992818.49,-1,0.319,0.656,1.329,27,-0.215,-0.094,0.000,20,1.047,1.329,0.115,-0.023,0.35,1.48,0.029,-0.012,0.969,0.008,0.168,-0.076
1744992818.49,-1,0.319,0.656,1.329,27,-0.215,-0.094,0.000,20,1.047,1.329,0.115,-0.023,0.35,1.48,0.029,-0.020,0.966,0.069,-0.015,0.046
1744992818.49,-1,0.319,0.656,1.329,27,-0.215,-0.094,0.000,20,1.047,1.329,0.115,-0.023,0.36,1.28,0.029,-0.020,0.966,0.069,-0.015,0.046
1744992818.49,-1,0.319,0.656,1.329,27,-0.215,-0.094,0.000,20,1.047,1.329,0.115,-0.023,0.36,1.28,0.032,-0.017,0.969,-0.114,0.137,0.015
1744992818.49,-1,0.319,0.656,1.329,27,-0.215,-0.094,0.000,20,1.047,1.329,0.115,-0.023,0.36,1.28,0.032,-0.017,0.969,-0.114,0.137,0.015
1744992818.51,-1,0.319,0.656,1.329,27,-0.215,-0.094,0.000,20,1.047,1.329,0.115,-0.023,0.36,1.28,0.035,-0.016,0.969,0.130,-0.015,-0.015
1744992818.51,-1,0.319,0.656,1.329,27,-0.215,-0.094,0.000,20,1.047,1.329,0.115,-0.023,0.36,1.28,0.035,-0.018,0.978,-0.236,0.076,-0.076
1744992818.51,-1,0.319,0.656,1.329,27,-0.215,-0.094,0.000,20,1.047,1.329,0.115,-0.023,0.38,1.44,0.035,-0.018,0.978,-0.236,0.076,-0.076
1744992818.52,-1,0.319,0.656,1.329,27,-0.215,-0.094,0.000,20,1.047,1.329,0.115,-0.023,0.38,1.44,0.029,-0.020,0.970,-0.297,0.259,-0.168
1744992818.52,-1,0.319,0.656,1.329,27,-0.215,-0.094,0.000,20,1.047,1.329,0.115,-0.023,0.38,1.44,0.029,-0.020,0.970,-0.297,0.259,-0.168
1744992818.53,-1,0.319,0.656,1.329,27,-0.215,-0.094,0.000,20,1.047,1.329,0.115,-0.023,0.38,1.44,0.028,-0.018,0.964,0.130,-0.168,-0.137
1744992818.54,-1,0.319,0.656,1.329,27,-0.215,-0.094,0.000,20,1.047,1.329,0.115,-0.023,0.38,1.44,0.029,-0.015,0.969,0.161,0.320,0.229
1744992818.54,-1,0.319,0.656,1.329,27,-0.215,-0.094,0.000,20,1.047,1.329,0.115,-0.023,0.37,1.50,0.029,-0.015,0.969,0.161,0.320,0.229
1744992818.57,-1,0.319,0.656,1.329,27,-0.215,-0.094,0.000,20,1.047,1.329,0.115,-0.023,0.37,1.50,0.033,-0.012,0.972,-0.144,0.046,-0.076
1744992818.57,-1,0.319,0.656,1.329,27,-0.215,-0.094,0.000,20,1.047,1.329,0.115,-0.023,0.37,1.50,0.033,-0.012,0.972,-0.144,0.046,-0.076
1744992818.57,-1,0.319,0.656,1.329,27,-0.215,-0.094,0.000,20,1.047,1.329,0.115,-0.023,0.37,1.50,0.033,-0.013,0.972,-0.022,0.137,0.046
1744992818.57,-1,0.319,0.656,1.329,27,-0.215,-0.094,0.000,20,1.047,1.329,0.115,-0.023,0.37,1.50,0.029,-0.018,0.970,-0.236,-0.137,-0.046
1744992818.58,-1,0.319,0.656,1.329,27,-0.215,-0.094,0.000,20,1.047,1.329,0.115,-0.023,0.37,1.50,0.029,-0.018,0.970,-0.236,-0.137,-0.046
1744992818.58,-1,0.319,0.656,1.329,27,-0.215,-0.094,0.000,20,1.047,1.329,0.115,-0.023,0.37,1.50,0.027,-0.017,0.969,0.039,0.076,0.046
1744992818.58,-1,0.319,0.656,1.329,27,-0.215,-0.094,0.000,20,1.047,1.329,0.115,-0.023,0.37,1.50,0.027,-0.017,0.969,0.039,0.076,0.046
1744992818.60,-1,0.319,0.656,1.329,27,-0.215,-0.094,0.000,20,1.047,1.329,0.115,-0.023,0.37,1.50,0.029,-0.019,0.972,0.100,0.229,-0.168
1744992818.60,-1,0.319,0.656,1.329,27,-0.215,-0.094,0.000,20,1.047,1.329,0.115,-0.023,0.37,1.50,0.028,-0.015,0.971,-0.144,0.137,0.076
1744992818.60,-1,0.319,0.656,1.329,27,-0.215,-0.094,0.000,20,1.047,1.329,0.115,-0.023,0.38,1.50,0.028,-0.015,0.971,-0.144,0.137,0.076
1744992818.62,-1,0.319,0.656,1.329,27,-0.215,-0.094,0.000,20,1.047,1.329,0.115,-0.023,0.38,1.50,0.033,-0.012,0.974,0.039,-0.046,-0.198
1744992818.62,-1,0.319,0.656,1.329,27,-0.215,-0.094,0.000,20,1.047,1.329,0.115,-0.023,0.38,1.50,0.033,-0.012,0.974,0.039,-0.046,-0.198
1744992818.62,-1,0.319,0.656,1.329,27,-0.215,-0.094,0.000,20,1.047,1.329,0.115,-0.023,0.38,1.50,0.033,-0.018,0.968,-0.053,-0.076,-0.137
1744992818.65,-1,0.319,0.656,1.329,27,-0.215,-0.094,0.000,20,1.047,1.329,0.115,-0.023,0.38,1.50,0.025,-0.018,0.969,-0.358,0.076,0.137
1744992818.65,-1,0.319,0.656,1.329,27,-0.215,-0.094,0.000,20,1.047,1.329,0.115,-0.023,0.40,1.27,0.025,-0.018,0.969,-0.358,0.076,0.137
1744992818.65,-1,0.319,0.656,1.329,27,-0.215,-0.094,0.000,20,1.047,1.329,0.115,-0.023,0.40,1.27,0.031,-0.016,0.961,-0.114,0.137,0.076
1744992818.65,-1,0.319,0.656,1.329,27,-0.215,-0.094,0.000,20,1.047,1.329,0.115,-0.023,0.40,1.27,0.031,-0.016,0.961,-0.114,0.137,0.076
# remark: robobot/cmd/ti/alive 2025-04-18 18:13:08.652491
1744992818.67,-1,0.319,0.656,1.329,27,-0.215,-0.094,0.000,20,1.047,1.329,0.115,-0.023,0.40,1.27,0.033,-0.016,0.975,0.039,0.259,0.046
1744992818.67,-1,0.319,0.656,1.329,27,-0.215,-0.094,0.000,20,1.047,1.329,0.115,-0.023,0.40,1.27,0.031,-0.011,0.975,-0.144,0.473,-0.046
1744992818.67,-1,0.319,0.656,1.329,27,-0.215,-0.094,0.000,20,1.047,1.329,0.115,-0.023,0.41,1.50,0.031,-0.011,0.975,-0.144,0.473,-0.046
1744992818.68,-1,0.319,0.656,1.329,27,-0.215,-0.094,0.000,20,1.047,1.329,0.115,-0.023,0.41,1.50,0.027,-0.014,0.969,0.161,0.168,-0.107
1744992818.68,-1,0.319,0.656,1.329,27,-0.215,-0.094,0.000,20,1.047,1.329,0.115,-0.023,0.41,1.50,0.027,-0.014,0.969,0.161,0.168,-0.107
1744992818.69,-1,0.319,0.656,1.329,27,-0.215,-0.094,0.000,20,1.047,1.329,0.115,-0.023,0.41,1.50,0.026,-0.014,0.971,0.100,0.046,-0.046
1744992818.69,-1,0.319,0.656,1.329,27,-0.215,-0.094,0.000,20,1.047,1.329,0.115,-0.023,0.41,1.50,0.032,-0.018,0.967,0.069,0.168,0.137
1744992818.69,-1,0.319,0.656,1.329,27,-0.215,-0.094,0.000,20,1.047,1.329,0.115,-0.023,0.36,1.50,0.032,-0.018,0.967,0.069,0.168,0.137
1744992818.70,-1,0.319,0.656,1.329,27,-0.215,-0.094,0.000,20,1.047,1.329,0.115,-0.023,0.36,1.50,0.032,-0.013,0.969,-0.114,0.107,0.168
1744992818.70,-1,0.319,0.656,1.329,27,-0.215,-0.094,0.000,20,1.047,1.329,0.115,-0.023,0.36,1.50,0.032,-0.013,0.969,-0.114,0.107,0.168
1744992818.71,-1,0.319,0.656,1.329,27,-0.215,-0.094,0.000,20,1.047,1.329,0.115,-0.023,0.36,1.50,0.033,-0.015,0.970,-0.053,0.137,0.015
1744992818.71,-1,0.319,0.656,1.329,27,-0.215,-0.094,0.000,20,1.047,1.329,0.115,-0.023,0.36,1.50,0.029,-0.018,0.971,0.069,0.107,-0.076
1744992818.72,-1,0.319,0.656,1.329,27,-0.215,-0.094,0.000,20,1.047,1.329,0.115,-0.023,0.30,1.50,0.029,-0.018,0.971,0.069,0.107,-0.076
1744992818.74,-1,0.319,0.656,1.329,27,-0.215,-0.094,0.000,20,1.047,1.329,0.115,-0.023,0.30,1.50,0.027,-0.018,0.969,-0.144,0.168,0.107
1744992818.74,-1,0.319,0.656,1.329,27,-0.215,-0.094,0.000,20,1.047,1.329,0.115,-0.023,0.30,1.50,0.027,-0.018,0.969,-0.144,0.168,0.107
1744992818.74,-1,0.319,0.656,1.329,27,-0.215,-0.094,0.000,20,1.047,1.329,0.115,-0.023,0.30,1.50,0.031,-0.019,0.959,0.069,0.168,0.107
1744992818.76,-1,0.319,0.656,1.329,27,-0.215,-0.094,0.000,20,1.047,1.329,0.115,-0.023,0.30,1.50,0.033,-0.015,0.967,0.039,0.259,-0.137
1744992818.76,-1,0.319,0.656,1.329,27,-0.215,-0.094,0.000,20,1.047,1.329,0.115,-0.023,0.28,1.48,0.033,-0.015,0.967,0.039,0.259,-0.137
1744992818.77,-1,0.319,0.656,1.329,27,-0.215,-0.094,0.000,20,1.047,1.329,0.115,-0.023,0.28,1.48,0.033,-0.014,0.972,-0.144,0.076,0.015
1744992818.77,-1,0.319,0.656,1.329,27,-0.215,-0.094,0.000,20,1.047,1.329,0.115,-0.023,0.28,1.48,0.033,-0.014,0.972,-0.144,0.076,0.015
1744992818.80,-1,0.319,0.656,1.329,27,-0.215,-0.094,0.000,20,1.047,1.329,0.115,-0.023,0.28,1.48,0.030,-0.020,0.971,-0.114,0.107,-0.381
1744992818.80,-1,0.319,0.656,1.329,27,-0.215,-0.094,0.000,20,1.047,1.329,0.115,-0.023,0.28,1.48,0.029,-0.017,0.973,-0.114,0.259,-0.259
1744992818.80,-1,0.319,0.656,1.329,27,-0.215,-0.094,0.000,20,1.047,1.329,0.115,-0.023,0.29,1.27,0.029,-0.017,0.973,-0.114,0.259,-0.259
1744992818.80,-1,0.319,0.656,1.329,27,-0.215,-0.094,0.000,20,1.047,1.329,0.115,-0.023,0.29,1.27,0.031,-0.018,0.970,-0.205,0.168,-0.046
1744992818.81,-1,0.319,0.656,1.329,27,-0.215,-0.094,0.000,20,1.047,1.329,0.115,-0.023,0.29,1.27,0.031,-0.018,0.970,-0.205,0.168,-0.046
1744992818.81,-1,0.319,0.656,1.329,27,-0.215,-0.094,0.000,20,1.047,1.329,0.115,-0.023,0.29,1.27,0.031,-0.017,0.960,-0.022,-0.137,-0.076
1744992818.81,-1,0.319,0.656,1.329,27,-0.215,-0.094,0.000,20,1.047,1.329,0.115,-0.023,0.29,1.27,0.033,-0.019,0.970,-0.266,0.259,-0.168
1744992818.81,-1,0.319,0.656,1.329,27,-0.215,-0.094,0.000,20,1.047,1.329,0.115,-0.023,1.50,1.25,0.033,-0.019,0.970,-0.266,0.259,-0.168
1744992818.83,-1,0.319,0.656,1.329,27,-0.215,-0.094,0.000,20,1.047,1.329,0.115,-0.023,1.50,1.25,0.032,-0.015,0.972,-0.175,0.504,-0.076
1744992818.83,-1,0.319,0.656,1.329,27,-0.215,-0.094,0.000,20,1.047,1.329,0.115,-0.023,1.50,1.25,0.032,-0.015,0.972,-0.175,0.504,-0.076
1744992818.83,-1,0.319,0.656,1.329,27,-0.215,-0.094,0.000,20,1.047,1.329,0.115,-0.023,1.50,1.25,0.029,-0.009,0.974,0.008,0.076,0.015
1744992818.86,-1,0.319,0.656,1.329,27,-0.215,-0.094,0.000,20,1.047,1.329,0.115,-0.023,1.50,1.25,0.028,-0.018,0.964,0.039,0.015,-0.137
1744992818.86,-1,0.319,0.656,1.329,27,-0.215,-0.094,0.000,20,1.047,1.329,0.115,-0.023,0.51,1.40,0.028,-0.018,0.964,0.039,0.015,-0.137
1744992818.87,-1,0.319,0.656,1.329,27,-0.215,-0.094,0.000,20,1.047,1.329,0.115,-0.023,0.51,1.40,0.031,-0.017,0.973,0.191,0.015,0.046
1744992818.87,-1,0.319,0.656,1.329,27,-0.215,-0.094,0.000,20,1.047,1.329,0.115,-0.023,0.51,1.40,0.031,-0.017,0.973,0.191,0.015,0.046
1744992818.88,-1,0.319,0.656,1.329,27,-0.215,-0.094,0.000,20,1.047,1.329,0.115,-0.023,0.51,1.40,0.031,-0.015,0.966,0.008,0.015,-0.107
1744992818.89,-1,0.319,0.656,1.329,27,-0.215,-0.094,0.000,20,1.047,1.329,0.115,-0.023,0.51,1.40,0.031,-0.014,0.972,0.039,0.229,-0.046
1744992818.89,-1,0.319,0.656,1.329,27,-0.215,-0.094,0.000,20,1.047,1.329,0.115,-0.023,0.38,1.46,0.031,-0.014,0.972,0.039,0.229,-0.046
1744992818.90,-1,0.319,0.656,1.329,27,-0.215,-0.094,0.000,20,1.047,1.329,0.115,-0.023,0.38,1.46,0.029,-0.015,0.970,0.191,0.107,-0.137
1744992818.90,-1,0.319,0.656,1.329,27,-0.215,-0.094,0.000,20,1.047,1.329,0.115,-0.023,0.38,1.46,0.029,-0.015,0.970,0.191,0.107,-0.137
1744992818.90,-1,0.319,0.656,1.329,27,-0.215,-0.094,0.000,20,1.047,1.329,0.115,-0.023,0.38,1.46,0.030,-0.019,0.970,-0.144,0.076,-0.137
1744992818.90,-1,0.319,0.656,1.329,27,-0.215,-0.094,0.000,20,1.047,1.329,0.115,-0.023,0.38,1.46,0.028,-0.019,0.973,-0.083,0.168,0.473
1744992818.92,-1,0.319,0.656,1.329,28,-0.215,-0.094,0.000,20,1.047,1.329,0.115,-0.023,0.38,1.50,0.028,-0.019,0.973,-0.083,0.168,0.473
1744992818.92,-1,0.319,0.656,1.329,28,-0.215,-0.094,0.000,20,1.047,1.329,0.115,-0.023,0.38,1.50,0.032,-0.018,0.975,0.039,0.137,-0.381
1744992818.92,-1,0.319,0.656,1.329,28,-0.215,-0.094,0.000,20,1.047,1.329,0.115,-0.023,0.38,1.50,0.032,-0.018,0.975,0.039,0.137,-0.381
1744992818.94,-1,0.319,0.656,1.329,28,-0.215,-0.094,0.000,20,1.047,1.329,0.115,-0.023,0.38,1.50,0.029,-0.015,0.970,-0.022,0.168,-0.046
1744992818.94,-1,0.319,0.656,1.329,28,-0.215,-0.094,0.000,20,1.047,1.329,0.115,-0.023,0.38,1.50,0.031,-0.015,0.970,0.100,-0.046,-0.137
1744992818.94,-1,0.319,0.656,1.329,28,-0.215,-0.094,0.000,20,1.047,1.329,0.115,-0.023,0.35,1.50,0.031,-0.015,0.970,0.100,-0.046,-0.137
1744992818.94,-1,0.319,0.656,1.329,28,-0.215,-0.094,0.000,20,1.047,1.329,0.115,-0.023,0.35,1.50,0.031,-0.021,0.973,0.039,0.015,0.137
1744992818.94,-1,0.319,0.656,1.329,28,-0.215,-0.094,0.000,20,1.047,1.329,0.115,-0.023,0.35,1.50,0.031,-0.021,0.973,0.039,0.015,0.137
1744992818.96,-1,0.319,0.656,1.329,28,-0.215,-0.094,0.000,20,1.047,1.329,0.115,-0.023,0.35,1.50,0.030,-0.021,0.967,-0.083,0.137,-0.076
1744992818.96,-1,0.319,0.656,1.329,28,-0.215,-0.094,0.000,20,1.047,1.329,0.115,-0.023,0.35,1.50,0.029,-0.016,0.967,0.039,0.168,0.168
1744992818.97,-1,0.319,0.656,1.329,28,-0.215,-0.094,0.000,20,1.047,1.329,0.115,-0.023,0.33,1.50,0.029,-0.016,0.967,0.039,0.168,0.168
1744992818.97,-1,0.319,0.656,1.329,28,-0.215,-0.094,0.000,20,1.047,1.329,0.115,-0.023,0.33,1.50,0.030,-0.012,0.967,-0.144,0.259,-0.107
1744992818.97,-1,0.319,0.656,1.329,28,-0.215,-0.094,0.000,20,1.047,1.329,0.115,-0.023,0.33,1.50,0.030,-0.012,0.967,-0.144,0.259,-0.107
1744992819.02,-1,0.319,0.656,1.329,28,-0.215,-0.094,0.000,20,1.047,1.329,0.115,-0.023,0.33,1.50,0.031,-0.013,0.971,-0.114,0.290,0.076
1744992819.02,-1,0.319,0.656,1.329,28,-0.215,-0.094,0.000,20,1.047,1.329,0.115,-0.023,0.33,1.50,0.032,-0.010,0.972,-0.205,0.168,-0.107
1744992819.02,-1,0.319,0.656,1.329,28,-0.215,-0.094,0.000,20,1.047,1.329,0.115,-0.023,0.34,1.50,0.032,-0.010,0.972,-0.205,0.168,-0.107
1744992819.02,-1,0.319,0.656,1.329,28,-0.215,-0.094,0.000,20,1.047,1.329,0.115,-0.023,0.34,1.50,0.027,-0.017,0.971,0.161,0.137,0.137
1744992819.02,-1,0.319,0.656,1.329,28,-0.215,-0.094,0.000,20,1.047,1.329,0.115,-0.023,0.34,1.50,0.027,-0.017,0.971,0.161,0.137,0.137
1744992819.02,-1,0.319,0.656,1.329,28,-0.215,-0.094,0.000,20,1.047,1.329,0.115,-0.023,0.34,1.50,0.029,-0.017,0.969,-0.205,0.168,0.259
1744992819.02,-1,0.319,0.656,1.329,28,-0.215,-0.094,0.000,20,1.047,1.329,0.115,-0.023,0.34,1.50,0.030,-0.015,0.971,-0.205,0.229,-0.137
# remark: robobot/cmd/T0/servo 1 -900 0
1744992819.04,-1,0.319,0.656,1.329,28,-0.215,-0.094,0.000,20,1.047,1.329,0.115,-0.023,0.36,1.50,0.030,-0.015,0.971,-0.205,0.229,-0.137
1744992819.04,-1,0.319,0.656,1.329,28,-0.215,-0.094,0.000,20,1.047,1.329,0.115,-0.023,0.36,1.50,0.032,-0.017,0.966,-0.053,0.198,-0.137
1744992819.04,-1,0.319,0.656,1.329,28,-0.215,-0.094,0.000,20,1.047,1.329,0.115,-0.023,0.36,1.50,0.032,-0.017,0.966,-0.053,0.198,-0.137
1744992819.04,-1,0.319,0.656,1.329,28,-0.215,-0.094,0.000,20,1.047,1.329,0.115,-0.023,0.36,1.50,0.034,-0.016,0.970,-0.053,0.107,-0.107
1744992819.07,-1,0.319,0.656,1.329,28,-0.215,-0.094,0.000,20,1.047,1.329,0.115,-0.023,0.36,1.50,0.031,-0.014,0.977,-0.083,0.046,-0.137
1744992819.07,-1,0.319,0.656,1.329,28,-0.215,-0.094,0.000,20,1.047,1.329,0.115,-0.023,0.36,1.36,0.031,-0.014,0.977,-0.083,0.046,-0.137
1744992819.07,-1,0.319,0.656,1.329,28,-0.215,-0.094,0.000,20,1.047,1.329,0.115,-0.023,0.36,1.36,0.032,-0.015,0.963,0.130,0.107,-0.229
1744992819.07,-1,0.319,0.656,1.329,28,-0.215,-0.094,0.000,20,1.047,1.329,0.115,-0.023,0.36,1.36,0.032,-0.015,0.963,0.130,0.107,-0.229
1744992819.09,-1,0.319,0.656,1.329,28,-0.215,-0.094,0.000,20,1.047,1.329,0.115,-0.023,0.36,1.36,0.029,-0.016,0.970,0.008,0.137,-0.046
1744992819.09,-1,0.319,0.656,1.329,28,-0.215,-0.094,0.000,20,1.047,1.329,0.115,-0.023,0.36,1.36,0.026,-0.013,0.972,-0.053,-0.046,0.107
1744992819.09,-1,0.319,0.656,1.329,28,-0.215,-0.094,0.000,20,1.047,1.329,0.115,-0.023,0.36,1.50,0.026,-0.013,0.972,-0.053,-0.046,0.107
1744992819.09,-1,0.319,0.656,1.329,28,-0.215,-0.094,0.000,20,1.047,1.329,0.115,-0.023,0.36,1.50,0.033,-0.016,0.970,-0.114,0.137,-0.046
1744992819.10,-1,0.319,0.656,1.329,28,-0.215,-0.094,0.000,20,1.047,1.329,0.115,-0.023,0.36,1.50,0.033,-0.016,0.970,-0.114,0.137,-0.046
1744992819.10,-1,0.319,0.656,1.329,28,-0.215,-0.094,0.000,20,1.047,1.329,0.115,-0.023,0.36,1.50,0.031,-0.024,0.967,-0.114,0.046,-0.198
1744992819.12,-1,0.319,0.656,1.329,28,-0.215,-0.094,0.000,20,1.047,1.329,0.115,-0.023,0.36,1.50,0.030,-0.022,0.968,-0.053,0.198,0.046
1744992819.12,-1,0.319,0.656,1.329,28,-0.215,-0.094,0.000,20,1.047,1.329,0.115,-0.023,0.35,1.50,0.030,-0.022,0.968,-0.053,0.198,0.046
1744992819.12,-1,0.319,0.656,1.329,28,-0.215,-0.094,0.000,20,1.047,1.329,0.115,-0.023,0.35,1.50,0.031,-0.016,0.968,0.039,0.137,-0.137
1744992819.12,-1,0.319,0.656,1.329,28,-0.215,-0.094,0.000,20,1.047,1.329,0.115,-0.023,0.35,1.50,0.031,-0.016,0.968,0.039,0.137,-0.137
1744992819.14,-1,0.319,0.656,1.329,28,-0.215,-0.094,0.000,20,1.047,1.329,0.115,-0.023,0.35,1.50,0.030,-0.015,0.969,0.100,0.290,0.107
1744992819.14,-1,0.319,0.656,1.329,28,-0.215,-0.094,0.000,20,1.047,1.329,0.115,-0.023,0.35,1.50,0.034,-0.014,0.978,-0.175,0.107,-0.076
1744992819.14,-1,0.319,0.656,1.329,28,-0.215,-0.094,0.000,20,1.047,1.329,0.115,-0.023,0.35,1.40,0.034,-0.014,0.978,-0.175,0.107,-0.076
1744992819.17,-1,0.319,0.656,1.329,28,-0.215,-0.094,0.000,20,1.047,1.329,0.115,-0.023,0.35,1.40,0.031,-0.014,0.971,0.069,0.107,-0.229
1744992819.17,-1,0.319,0.656,1.329,28,-0.215,-0.094,0.000,20,1.047,1.329,0.115,-0.023,0.35,1.40,0.031,-0.014,0.971,0.069,0.107,-0.229
1744992819.17,-1,0.319,0.656,1.329,28,-0.215,-0.094,0.000,20,1.047,1.329,0.115,-0.023,0.35,1.40,0.032,-0.014,0.969,-0.083,0.290,-0.076
1744992819.17,-1,0.319,0.656,1.329,28,-0.215,-0.094,0.000,20,1.047,1.329,0.115,-0.023,0.35,1.40,0.032,-0.019,0.968,-0.114,-0.046,0.076
1744992819.17,-1,0.319,0.656,1.329,28,-0.215,-0.094,0.000,20,1.047,1.329,0.115,-0.023,0.34,1.50,0.032,-0.019,0.968,-0.114,-0.046,0.076
1744992819.18,-1,0.319,0.656,1.329,28,-0.215,-0.094,0.000,20,1.047,1.329,0.115,-0.023,0.34,1.50,0.031,-0.023,0.971,0.161,0.259,0.015
1744992819.18,-1,0.319,0.656,1.329,28,-0.215,-0.094,0.000,20,1.047,1.329,0.115,-0.023,0.34,1.50,0.031,-0.023,0.971,0.161,0.259,0.015
# remark: robobot/cmd/ti/alive 2025-04-18 18:13:08.652491
1744992819.20,-1,0.319,0.656,1.329,28,-0.215,-0.094,0.000,20,1.047,1.329,0.115,-0.023,0.34,1.50,0.031,-0.016,0.970,0.222,0.137,-0.168
1744992819.20,-1,0.319,0.656,1.329,28,-0.215,-0.094,0.000,20,1.047,1.329,0.115,-0.023,0.34,1.50,0.032,-0.019,0.977,0.100,0.198,-0.229
1744992819.20,-1,0.319,0.656,1.329,28,-0.215,-0.094,0.000,20,1.047,1.329,0.115,-0.023,0.36,1.50,0.032,-0.019,0.977,0.100,0.198,-0.229
1744992819.23,-1,0.319,0.656,1.329,28,-0.215,-0.094,0.000,20,1.047,1.329,0.115,-0.023,0.36,1.50,0.028,-0.019,0.970,-0.053,0.351,-0.168
1744992819.23,-1,0.319,0.656,1.329,28,-0.215,-0.094,0.000,20,1.047,1.329,0.115,-0.023,0.36,1.50,0.028,-0.019,0.970,-0.053,0.351,-0.168
1744992819.23,-1,0.319,0.656,1.329,28,-0.215,-0.094,0.000,20,1.047,1.329,0.115,-0.023,0.36,1.50,0.025,-0.018,0.968,-0.053,0.290,-0.046
1744992819.23,-1,0.319,0.656,1.329,28,-0.215,-0.094,0.000,20,1.047,1.329,0.115,-0.023,0.36,1.50,0.030,-0.017,0.971,-0.236,0.015,-0.168
1744992819.25,-1,0.319,0.656,1.329,28,-0.215,-0.094,0.000,20,1.047,1.329,0.115,-0.023,0.39,1.50,0.030,-0.017,0.971,-0.236,0.015,-0.168
1744992819.25,-1,0.319,0.656,1.329,28,-0.215,-0.094,0.000,20,1.047,1.329,0.115,-0.023,0.39,1.50,0.033,-0.017,0.968,-0.205,0.290,-0.168
1744992819.25,-1,0.319,0.656,1.329,28,-0.215,-0.094,0.000,20,1.047,1.329,0.115,-0.023,0.39,1.50,0.033,-0.017,0.968,-0.205,0.290,-0.168
1744992819.27,-1,0.319,0.656,1.329,28,-0.215,-0.094,0.000,20,1.047,1.329,0.115,-0.023,0.39,1.50,0.032,-0.015,0.968,0.039,0.259,-0.076
1744992819.27,-1,0.319,0.656,1.329,28,-0.215,-0.094,0.000,20,1.047,1.329,0.115,-0.023,0.39,1.50,0.030,-0.017,0.967,0.008,0.229,0.351
1744992819.27,-1,0.319,0.656,1.329,28,-0.215,-0.094,0.000,20,1.047,1.329,0.115,-0.023,0.38,1.50,0.030,-0.017,0.967,0.008,0.229,0.351
1744992819.27,-1,0.319,0.656,1.329,28,-0.215,-0.094,0.000,20,1.047,1.329,0.115,-0.023,0.38,1.50,0.030,-0.017,0.972,-0.083,0.259,-0.137
1744992819.27,-1,0.319,0.656,1.329,28,-0.215,-0.094,0.000,20,1.047,1.329,0.115,-0.023,0.38,1.50,0.030,-0.017,0.972,-0.083,0.259,-0.137
1744992819.28,-1,0.319,0.656,1.329,28,-0.215,-0.094,0.000,20,1.047,1.329,0.115,-0.023,0.38,1.50,0.031,-0.018,0.967,0.039,0.107,-0.290
1744992819.28,-1,0.319,0.656,1.329,28,-0.215,-0.094,0.000,20,1.047,1.329,0.115,-0.023,0.38,1.50,0.031,-0.012,0.975,-0.022,0.198,-0.076
1744992819.30,-1,0.319,0.656,1.329,28,-0.215,-0.094,0.000,20,1.047,1.329,0.115,-0.023,0.37,1.50,0.031,-0.012,0.975,-0.022,0.198,-0.076
1744992819.32,-1,0.319,0.656,1.329,28,-0.215,-0.094,0.000,20,1.047,1.329,0.115,-0.023,0.37,1.50,0.031,-0.015,0.966,-0.114,0.046,0.137
1744992819.32,-1,0.319,0.656,1.329,28,-0.215,-0.094,0.000,20,1.047,1.329,0.115,-0.023,0.37,1.50,0.031,-0.015,0.966,-0.114,0.046,0.137
1744992819.32,-1,0.319,0.656,1.329,28,-0.215,-0.094,0.000,20,1.047,1.329,0.115,-0.023,0.37,1.50,0.031,-0.018,0.968,0.008,0.229,-0.381
1744992819.32,-1,0.319,0.656,1.329,28,-0.215,-0.094,0.000,20,1.047,1.329,0.115,-0.023,0.37,1.50,0.033,-0.016,0.966,0.039,0.381,0.015
1744992819.32,-1,0.319,0.656,1.329,28,-0.215,-0.094,0.000,20,1.047,1.329,0.115,-0.023,0.36,1.21,0.033,-0.016,0.966,0.039,0.381,0.015
1744992819.34,-1,0.319,0.656,1.329,28,-0.215,-0.094,0.000,20,1.047,1.329,0.115,-0.023,0.36,1.21,0.029,-0.019,0.967,-0.327,0.259,0.015
1744992819.34,-1,0.319,0.656,1.329,28,-0.215,-0.094,0.000,20,1.047,1.329,0.115,-0.023,0.36,1.21,0.029,-0.019,0.967,-0.327,0.259,0.015
1744992819.34,-1,0.319,0.656,1.329,28,-0.215,-0.094,0.000,20,1.047,1.329,0.115,-0.023,0.36,1.21,0.029,-0.018,0.974,-0.114,0.381,-0.107
1744992819.34,-1,0.319,0.656,1.329,28,-0.215,-0.094,0.000,20,1.047,1.329,0.115,-0.023,0.36,1.21,0.028,-0.017,0.964,-0.022,0.107,0.015
1744992819.36,-1,0.319,0.656,1.329,28,-0.215,-0.094,0.000,20,1.047,1.329,0.115,-0.023,0.35,1.29,0.028,-0.017,0.964,-0.022,0.107,0.015
1744992819.36,-1,0.319,0.656,1.329,28,-0.215,-0.094,0.000,20,1.047,1.329,0.115,-0.023,0.35,1.29,0.032,-0.013,0.970,-0.266,0.137,-0.107
1744992819.36,-1,0.319,0.656,1.329,28,-0.215,-0.094,0.000,20,1.047,1.329,0.115,-0.023,0.35,1.29,0.032,-0.013,0.970,-0.266,0.137,-0.107
1744992819.37,-1,0.319,0.656,1.329,28,-0.215,-0.094,0.000,20,1.047,1.329,0.115,-0.023,0.35,1.29,0.035,-0.015,0.972,-0.053,0.443,-0.168
1744992819.39,-1,0.319,0.656,1.329,28,-0.215,-0.094,0.000,20,1.047,1.329,0.115,-0.023,0.35,1.29,0.031,-0.017,0.964,-0.266,0.046,-0.046
1744992819.39,-1,0.319,0.656,1.329,28,-0.215,-0.094,0.000,20,1.047,1.329,0.115,-0.023,0.35,1.31,0.031,-0.017,0.964,-0.266,0.046,-0.046
1744992819.39,-1,0.319,0.656,1.329,28,-0.215,-0.094,0.000,20,1.047,1.329,0.115,-0.023,0.35,1.31,0.030,-0.012,0.973,0.008,0.137,-0.229
1744992819.39,-1,0.319,0.656,1.329,28,-0.215,-0.094,0.000,20,1.047,1.329,0.115,-0.023,0.35,1.31,0.030,-0.012,0.973,0.008,0.137,-0.229
1744992819.42,-1,0.319,0.656,1.329,28,-0.215,-0.094,0.000,20,1.047,1.329,0.115,-0.023,0.35,1.31,0.030,-0.014,0.963,0.130,-0.015,0.107
1744992819.42,-1,0.319,0.656,1.329,28,-0.215,-0.094,0.000,20,1.047,1.329,0.115,-0.023,0.35,1.31,0.029,-0.015,0.967,-0.083,0.137,-0.046
1744992819.42,-1,0.319,0.656,1.329,28,-0.215,-0.094,0.000,20,1.047,1.329,0.115,-0.023,0.36,1.24,0.029,-0.015,0.967,-0.083,0.137,-0.046
1744992819.43,-1,0.319,0.656,1.329,28,-0.215,-0.094,0.000,20,1.047,1.329,0.115,-0.023,0.36,1.24,0.031,-0.015,0.977,-0.083,0.290,-0.046
1744992819.43,-1,0.319,0.656,1.329,28,-0.215,-0.094,0.000,20,1.047,1.329,0.115,-0.023,0.36,1.24,0.031,-0.015,0.977,-0.083,0.290,-0.046
1744992819.43,-1,0.319,0.656,1.329,28,-0.215,-0.094,0.000,20,1.047,1.329,0.115,-0.023,0.36,1.24,0.029,-0.015,0.975,0.008,0.198,-0.168
1744992819.43,-1,0.319,0.656,1.329,28,-0.215,-0.094,0.000,20,1.047,1.329,0.115,-0.023,0.36,1.24,0.028,-0.018,0.969,0.069,-0.015,-0.107
1744992819.45,-1,0.319,0.656,1.329,29,-0.215,-0.094,0.000,20,1.047,1.329,0.115,-0.023,0.38,1.44,0.028,-0.018,0.969,0.069,-0.015,-0.107
1744992819.45,-1,0.319,0.656,1.329,29,-0.215,-0.094,0.000,20,1.047,1.329,0.115,-0.023,0.38,1.44,0.027,-0.016,0.969,0.008,0.107,0.107
1744992819.45,-1,0.319,0.656,1.329,29,-0.215,-0.094,0.000,20,1.047,1.329,0.115,-0.023,0.38,1.44,0.027,-0.016,0.969,0.008,0.107,0.107
1744992819.47,-1,0.319,0.656,1.329,29,-0.215,-0.094,0.000,20,1.047,1.329,0.115,-0.023,0.38,1.44,0.031,-0.017,0.969,-0.053,0.137,-0.381
1744992819.47,-1,0.319,0.656,1.329,29,-0.215,-0.094,0.000,20,1.047,1.329,0.115,-0.023,0.38,1.44,0.036,-0.012,0.969,-0.053,0.259,-0.015
1744992819.47,-1,0.319,0.656,1.329,29,-0.215,-0.094,0.000,20,1.047,1.329,0.115,-0.023,0.35,1.50,0.036,-0.012,0.969,-0.053,0.259,-0.015
1744992819.48,-1,0.319,0.656,1.329,29,-0.215,-0.094,0.000,20,1.047,1.329,0.115,-0.023,0.35,1.50,0.030,-0.017,0.966,-0.144,0.168,0.046
1744992819.48,-1,0.319,0.656,1.329,29,-0.215,-0.094,0.000,20,1.047,1.329,0.115,-0.023,0.35,1.50,0.030,-0.017,0.966,-0.144,0.168,0.046
1744992819.49,-1,0.319,0.656,1.329,29,-0.215,-0.094,0.000,20,1.047,1.329,0.115,-0.023,0.35,1.50,0.034,-0.016,0.959,0.100,0.351,-0.107
1744992819.50,-1,0.319,0.656,1.329,29,-0.215,-0.094,0.000,20,1.047,1.329,0.115,-0.023,0.35,1.50,0.031,-0.021,0.968,0.069,0.107,-0.107
1744992819.51,-1,0.319,0.656,1.329,29,-0.215,-0.094,0.000,20,1.047,1.329,0.115,-0.023,0.37,1.50,0.031,-0.021,0.968,0.069,0.107,-0.107
1744992819.52,-1,0.319,0.656,1.329,29,-0.215,-0.094,0.000,20,1.047,1.329,0.115,-0.023,0.37,1.50,0.033,-0.014,0.969,0.008,0.412,-0.442
1744992819.52,-1,0.319,0.656,1.329,29,-0.215,-0.094,0.000,20,1.047,1.329,0.115,-0.023,0.37,1.50,0.033,-0.014,0.969,0.008,0.412,-0.442
1744992819.54,-1,0.319,0.656,1.329,29,-0.215,-0.094,0.000,20,1.047,1.329,0.115,-0.023,0.37,1.50,0.030,-0.013,0.978,-0.053,-0.046,-0.137
1744992819.54,-1,0.319,0.656,1.329,29,-0.215,-0.094,0.000,20,1.047,1.329,0.115,-0.023,0.37,1.50,0.029,-0.016,0.969,-0.083,0.076,-0.107
1744992819.54,-1,0.319,0.656,1.329,29,-0.215,-0.094,0.000,20,1.047,1.329,0.115,-0.023,0.36,1.44,0.029,-0.016,0.969,-0.083,0.076,-0.107
1744992819.54,-1,0.319,0.656,1.329,29,-0.215,-0.094,0.000,20,1.047,1.329,0.115,-0.023,0.36,1.44,0.033,-0.017,0.967,-0.236,0.168,-0.046
1744992819.54,-1,0.319,0.656,1.329,29,-0.215,-0.094,0.000,20,1.047,1.329,0.115,-0.023,0.36,1.44,0.033,-0.017,0.967,-0.236,0.168,-0.046
1744992819.55,-1,0.319,0.656,1.329,29,-0.215,-0.094,0.000,20,1.047,1.329,0.115,-0.023,0.36,1.44,0.028,-0.017,0.977,-0.114,0.229,0.015
# remark: robobot/cmd/T0/servo 1 -900 0
1744992819.58,-1,0.319,0.656,1.329,29,-0.215,-0.094,0.000,20,1.047,1.329,0.115,-0.023,0.36,1.44,0.030,-0.016,0.968,-0.114,0.046,0.107
1744992819.58,-1,0.319,0.656,1.329,29,-0.215,-0.094,0.000,20,1.047,1.329,0.115,-0.023,0.34,1.38,0.030,-0.016,0.968,-0.114,0.046,0.107
1744992819.58,-1,0.319,0.656,1.329,29,-0.215,-0.094,0.000,20,1.047,1.329,0.115,-0.023,0.34,1.38,0.033,-0.014,0.967,-0.297,-0.046,-0.107
1744992819.58,-1,0.319,0.656,1.329,29,-0.215,-0.094,0.000,20,1.047,1.329,0.115,-0.023,0.34,1.38,0.033,-0.014,0.967,-0.297,-0.046,-0.107
1744992819.58,-1,0.319,0.656,1.329,29,-0.215,-0.094,0.000,20,1.047,1.329,0.115,-0.023,0.34,1.38,0.029,-0.012,0.969,0.008,0.259,-0.198
1744992819.58,-1,0.319,0.656,1.329,29,-0.215,-0.094,0.000,20,1.047,1.329,0.115,-0.023,0.34,1.38,0.028,-0.018,0.967,-0.175,0.015,-0.351
1744992819.59,-1,0.319,0.656,1.329,29,-0.215,-0.094,0.000,20,1.047,1.329,0.115,-0.023,0.35,1.37,0.028,-0.018,0.967,-0.175,0.015,-0.351
1744992819.62,-1,0.319,0.656,1.329,29,-0.215,-0.094,0.000,20,1.047,1.329,0.115,-0.023,0.35,1.37,0.030,-0.016,0.972,0.191,0.107,0.259
1744992819.62,-1,0.319,0.656,1.329,29,-0.215,-0.094,0.000,20,1.047,1.329,0.115,-0.023,0.35,1.37,0.030,-0.016,0.972,0.191,0.107,0.259
1744992819.62,-1,0.319,0.656,1.329,29,-0.215,-0.094,0.000,20,1.047,1.329,0.115,-0.023,0.35,1.37,0.030,-0.016,0.970,-0.053,0.046,0.198
1744992819.62,-1,0.319,0.656,1.329,29,-0.215,-0.094,0.000,20,1.047,1.329,0.115,-0.023,0.35,1.37,0.035,-0.014,0.971,0.130,0.229,-0.168
1744992819.64,-1,0.319,0.656,1.329,29,-0.215,-0.094,0.000,20,1.047,1.329,0.115,-0.023,0.34,1.25,0.035,-0.014,0.971,0.130,0.229,-0.168
1744992819.64,-1,0.319,0.656,1.329,29,-0.215,-0.094,0.000,20,1.047,1.329,0.115,-0.023,0.34,1.25,0.030,-0.016,0.969,-0.053,0.198,-0.046
1744992819.64,-1,0.319,0.656,1.329,29,-0.215,-0.094,0.000,20,1.047,1.329,0.115,-0.023,0.34,1.25,0.030,-0.016,0.969,-0.053,0.198,-0.046
1744992819.66,-1,0.319,0.656,1.329,29,-0.215,-0.094,0.000,20,1.047,1.329,0.115,-0.023,0.34,1.25,0.028,-0.018,0.964,0.008,-0.046,-0.015
1744992819.66,-1,0.319,0.656,1.329,29,-0.215,-0.094,0.000,20,1.047,1.329,0.115,-0.023,0.34,1.25,0.032,-0.018,0.970,-0.083,0.107,0.198
1744992819.69,-1,0.319,0.656,1.329,29,-0.215,-0.094,0.000,20,1.047,1.329,0.115,-0.023,0.36,1.18,0.032,-0.018,0.970,-0.083,0.107,0.198
1744992819.69,-1,0.319,0.656,1.329,29,-0.215,-0.094,0.000,20,1.047,1.329,0.115,-0.023,0.36,1.18,0.027,-0.018,0.968,-0.053,0.290,-0.137
1744992819.69,-1,0.319,0.656,1.329,29,-0.215,-0.094,0.000,20,1.047,1.329,0.115,-0.023,0.36,1.18,0.027,-0.018,0.968,-0.053,0.290,-0.137
1744992819.69,-1,0.319,0.656,1.329,29,-0.215,-0.094,0.000,20,1.047,1.329,0.115,-0.023,0.36,1.18,0.033,-0.013,0.969,-0.022,-0.137,0.015
1744992819.70,-1,0.319,0.656,1.329,29,-0.215,-0.094,0.000,20,1.047,1.329,0.115,-0.023,0.36,1.18,0.031,-0.018,0.969,-0.083,0.107,-0.015
1744992819.70,-1,0.319,0.656,1.329,29,-0.215,-0.094,0.000,20,1.047,1.329,0.115,-0.023,0.38,1.33,0.031,-0.018,0.969,-0.083,0.107,-0.015
1744992819.70,-1,0.319,0.656,1.329,29,-0.215,-0.094,0.000,20,1.047,1.329,0.115,-0.023,0.38,1.33,0.032,-0.018,0.973,-0.114,0.229,-0.046
1744992819.70,-1,0.319,0.656,1.329,29,-0.215,-0.094,0.000,20,1.047,1.329,0.115,-0.023,0.38,1.33,0.032,-0.018,0.973,-0.114,0.229,-0.046
# remark: robobot/cmd/ti/alive 2025-04-18 18:13:08.652491
1744992819.73,-1,0.319,0.656,1.329,29,-0.215,-0.094,0.000,20,1.047,1.329,0.115,-0.023,0.38,1.33,0.030,-0.015,0.967,0.161,0.076,-0.229
1744992819.73,-1,0.319,0.656,1.329,29,-0.215,-0.094,0.000,20,1.047,1.329,0.115,-0.023,0.38,1.33,0.030,-0.018,0.970,-0.083,0.015,0.229
1744992819.73,-1,0.319,0.656,1.329,29,-0.215,-0.094,0.000,20,1.047,1.329,0.115,-0.023,0.38,1.27,0.030,-0.018,0.970,-0.083,0.015,0.229
1744992819.73,-1,0.319,0.656,1.329,29,-0.215,-0.094,0.000,20,1.047,1.329,0.115,-0.023,0.38,1.27,0.030,-0.015,0.970,-0.266,0.198,0.076
1744992819.73,-1,0.319,0.656,1.329,29,-0.215,-0.094,0.000,20,1.047,1.329,0.115,-0.023,0.38,1.27,0.030,-0.015,0.970,-0.266,0.198,0.076
1744992819.73,-1,0.319,0.656,1.329,29,-0.215,-0.094,0.000,20,1.047,1.329,0.115,-0.023,0.38,1.27,0.030,-0.016,0.971,0.191,0.229,-0.076
1744992819.76,-1,0.319,0.656,1.329,29,-0.215,-0.094,0.000,20,1.047,1.329,0.115,-0.023,0.38,1.27,0.036,-0.013,0.968,-0.053,0.259,-0.259
1744992819.76,-1,0.319,0.656,1.329,29,-0.215,-0.094,0.000,20,1.047,1.329,0.115,-0.023,0.39,1.50,0.036,-0.013,0.968,-0.053,0.259,-0.259
1744992819.76,-1,0.319,0.656,1.329,29,-0.215,-0.094,0.000,20,1.047,1.329,0.115,-0.023,0.39,1.50,0.029,-0.017,0.969,-0.053,-0.015,0.076
1744992819.76,-1,0.319,0.656,1.329,29,-0.215,-0.094,0.000,20,1.047,1.329,0.115,-0.023,0.39,1.50,0.029,-0.017,0.969,-0.053,-0.015,0.076
1744992819.79,-1,0.319,0.656,1.329,29,-0.215,-0.094,0.000,20,1.047,1.329,0.115,-0.023,0.39,1.50,0.032,-0.019,0.973,0.039,0.015,0.351
1744992819.79,-1,0.319,0.656,1.329,29,-0.215,-0.094,0.000,20,1.047,1.329,0.115,-0.023,0.39,1.50,0.035,-0.011,0.969,-0.144,0.046,-0.076
1744992819.79,-1,0.319,0.656,1.329,29,-0.215,-0.094,0.000,20,1.047,1.329,0.115,-0.023,0.40,1.50,0.035,-0.011,0.969,-0.144,0.046,-0.076
1744992819.80,-1,0.319,0.656,1.329,29,-0.215,-0.094,0.000,20,1.047,1.329,0.115,-0.023,0.40,1.50,0.029,-0.016,0.970,-0.053,0.076,0.015
1744992819.80,-1,0.319,0.656,1.329,29,-0.215,-0.094,0.000,20,1.047,1.329,0.115,-0.023,0.40,1.50,0.029,-0.016,0.970,-0.053,0.076,0.015
1744992819.80,-1,0.319,0.656,1.329,29,-0.215,-0.094,0.000,20,1.047,1.329,0.115,-0.023,0.40,1.50,0.026,-0.017,0.967,-0.358,0.259,-0.137
1744992819.80,-1,0.319,0.656,1.329,29,-0.215,-0.094,0.000,20,1.047,1.329,0.115,-0.023,0.40,1.50,0.029,-0.017,0.968,-0.053,0.168,0.046
1744992819.80,-1,0.319,0.656,1.329,29,-0.215,-0.094,0.000,20,1.047,1.329,0.115,-0.023,0.39,1.50,0.029,-0.017,0.968,-0.053,0.168,0.046
1744992819.83,-1,0.319,0.656,1.329,29,-0.215,-0.094,0.000,20,1.047,1.329,0.115,-0.023,0.39,1.50,0.032,-0.019,0.973,0.222,0.076,-0.137
1744992819.83,-1,0.319,0.656,1.329,29,-0.215,-0.094,0.000,20,1.047,1.329,0.115,-0.023,0.39,1.50,0.032,-0.019,0.973,0.222,0.076,-0.137
1744992819.83,-1,0.319,0.656,1.329,29,-0.215,-0.094,0.000,20,1.047,1.329,0.115,-0.023,0.39,1.50,0.028,-0.016,0.971,-0.053,0.259,-0.107
1744992819.83,-1,0.319,0.656,1.329,29,-0.215,-0.094,0.000,20,1.047,1.329,0.115,-0.023,0.39,1.50,0.031,-0.018,0.968,-0.083,0.198,-0.168
1744992819.85,-1,0.319,0.656,1.329,29,-0.215,-0.094,0.000,20,1.047,1.329,0.115,-0.023,0.38,1.50,0.031,-0.018,0.968,-0.083,0.198,-0.168
1744992819.85,-1,0.319,0.656,1.329,29,-0.215,-0.094,0.000,20,1.047,1.329,0.115,-0.023,0.38,1.50,0.026,-0.015,0.975,-0.236,0.290,-0.320
1744992819.85,-1,0.319,0.656,1.329,29,-0.215,-0.094,0.000,20,1.047,1.329,0.115,-0.023,0.38,1.50,0.026,-0.015,0.975,-0.236,0.290,-0.320
1744992819.87,-1,0.319,0.656,1.329,29,-0.215,-0.094,0.000,20,1.047,1.329,0.115,-0.023,0.38,1.50,0.029,-0.015,0.970,-0.144,-0.015,0.076
1744992819.87,-1,0.319,0.656,1.329,29,-0.215,-0.094,0.000,20,1.047,1.329,0.115,-0.023,0.38,1.50,0.030,-0.015,0.977,-0.205,0.534,-0.015
1744992819.87,-1,0.319,0.656,1.329,29,-0.215,-0.094,0.000,20,1.047,1.329,0.115,-0.023,0.36,1.50,0.030,-0.015,0.977,-0.205,0.534,-0.015
1744992819.89,-1,0.319,0.656,1.329,29,-0.215,-0.094,0.000,20,1.047,1.329,0.115,-0.023,0.36,1.50,0.032,-0.017,0.973,0.069,0.137,-0.412
1744992819.89,-1,0.319,0.656,1.329,29,-0.215,-0.094,0.000,20,1.047,1.329,0.115,-0.023,0.36,1.50,0.032,-0.017,0.973,0.069,0.137,-0.412
1744992819.89,-1,0.319,0.656,1.329,29,-0.215,-0.094,0.000,20,1.047,1.329,0.115,-0.023,0.36,1.50,0.032,-0.019,0.975,-0.114,0.076,-0.015
1744992819.89,-1,0.319,0.656,1.329,29,-0.215,-0.094,0.000,20,1.047,1.329,0.115,-0.023,0.36,1.50,0.032,-0.017,0.967,-0.236,0.198,-0.137
1744992819.93,-1,0.319,0.656,1.329,29,-0.215,-0.094,0.000,20,1.047,1.329,0.115,-0.023,0.39,1.50,0.032,-0.017,0.967,-0.236,0.198,-0.137
1744992819.93,-1,0.319,0.656,1.329,29,-0.215,-0.094,0.000,20,1.047,1.329,0.115,-0.023,0.39,1.50,0.028,-0.012,0.971,0.008,0.351,0.168
1744992819.93,-1,0.319,0.656,1.329,29,-0.215,-0.094,0.000,20,1.047,1.329,0.115,-0.023,0.39,1.50,0.028,-0.012,0.971,0.008,0.351,0.168
1744992819.93,-1,0.319,0.656,1.329,29,-0.215,-0.094,0.000,20,1.047,1.329,0.115,-0.023,0.39,1.50,0.028,-0.017,0.969,0.008,0.168,-0.168
1744992819.93,-1,0.319,0.656,1.329,29,-0.215,-0.094,0.000,20,1.047,1.329,0.115,-0.023,0.39,1.50,0.030,-0.017,0.974,-0.175,-0.015,-0.168
1744992819.93,-1,0.319,0.656,1.329,29,-0.215,-0.094,0.000,20,1.047,1.329,0.115,-0.023,0.38,1.50,0.030,-0.017,0.974,-0.175,-0.015,-0.168
1744992819.93,-1,0.319,0.656,1.329,29,-0.215,-0.094,0.000,20,1.047,1.329,0.115,-0.023,0.38,1.50,0.033,-0.013,0.969,0.130,0.168,-0.198
1744992819.93,-1,0.319,0.656,1.329,29,-0.215,-0.094,0.000,20,1.047,1.329,0.115,-0.023,0.38,1.50,0.033,-0.013,0.969,0.130,0.168,-0.198
1744992819.96,-1,0.319,0.656,1.329,29,-0.215,-0.094,0.000,20,1.047,1.329,0.115,-0.023,0.38,1.50,0.032,-0.016,0.970,-0.205,0.198,-0.198
1744992819.96,-1,0.319,0.656,1.329,29,-0.215,-0.094,0.000,20,1.047,1.329,0.115,-0.023,0.38,1.50,0.026,-0.017,0.972,-0.144,0.290,0.290
1744992819.96,-1,0.319,0.656,1.329,29,-0.215,-0.094,0.000,20,1.047,1.329,0.115,-0.023,0.34,1.41,0.026,-0.017,0.972,-0.144,0.290,0.290
1744992819.97,-1,0.319,0.656,1.329,29,-0.215,-0.094,0.000,20,1.047,1.329,0.115,-0.023,0.34,1.41,0.031,-0.014,0.971,0.069,0.046,0.229
1744992819.97,-1,0.319,0.656,1.329,29,-0.215,-0.094,0.000,20,1.047,1.329,0.115,-0.023,0.34,1.41,0.031,-0.014,0.971,0.069,0.046,0.229
1744992819.97,-1,0.319,0.656,1.329,29,-0.215,-0.094,0.000,20,1.047,1.329,0.115,-0.023,0.34,1.41,0.030,-0.019,0.966,0.069,0.198,0.137
1744992820.01,-1,0.319,0.656,1.329,29,-0.215,-0.094,0.000,20,1.047,1.329,0.115,-0.023,0.34,1.41,0.030,-0.018,0.969,-0.266,0.107,-0.076
1744992820.01,-1,0.319,0.656,1.329,29,-0.215,-0.094,0.000,20,1.047,1.329,0.115,-0.023,0.39,1.44,0.030,-0.018,0.969,-0.266,0.107,-0.076
1744992820.01,-1,0.319,0.656,1.329,29,-0.215,-0.094,0.000,20,1.047,1.329,0.115,-0.023,0.39,1.44,0.030,-0.016,0.969,-0.053,0.107,-0.168
1744992820.01,-1,0.319,0.656,1.329,29,-0.215,-0.094,0.000,20,1.047,1.329,0.115,-0.023,0.39,1.44,0.030,-0.016,0.969,-0.053,0.107,-0.168
1744992820.03,-1,0.319,0.656,1.329,29,-0.215,-0.094,0.000,20,1.047,1.329,0.115,-0.023,0.39,1.44,0.030,-0.015,0.968,-0.266,0.229,-0.107
1744992820.03,-1,0.319,0.656,1.329,29,-0.215,-0.094,0.000,20,1.047,1.329,0.115,-0.023,0.39,1.44,0.027,-0.013,0.970,0.100,0.198,0.107
1744992820.03,-1,0.319,0.656,1.329,29,-0.215,-0.094,0.000,20,1.047,1.329,0.115,-0.023,0.39,1.50,0.027,-0.013,0.970,0.100,0.198,0.107
1744992820.05,-1,0.319,0.656,1.329,29,-0.215,-0.094,0.000,20,1.047,1.329,0.115,-0.023,0.39,1.50,0.026,-0.019,0.972,-0.022,-0.107,0.015
1744992820.05,-1,0.319,0.656,1.329,29,-0.215,-0.094,0.000,20,1.047,1.329,0.115,-0.023,0.39,1.50,0.026,-0.019,0.972,-0.022,-0.107,0.015
1744992820.05,-1,0.319,0.656,1.329,29,-0.215,-0.094,0.000,20,1.047,1.329,0.115,-0.023,0.39,1.50,0.028,-0.011,0.972,-0.144,0.076,-0.076
1744992820.05,-1,0.319,0.656,1.329,29,-0.215,-0.094,0.000,20,1.047,1.329,0.115,-0.023,0.39,1.50,0.027,-0.015,0.969,0.008,0.168,-0.015
1744992820.06,-1,0.319,0.656,1.329,29,-0.215,-0.094,0.000,20,1.047,1.329,0.115,-0.023,0.39,1.50,0.027,-0.015,0.969,-0.205,0.320,0.137
1744992820.06,-1,0.319,0.656,1.329,29,-0.215,-0.094,0.000,20,1.047,1.329,0.115,-0.023,0.39,1.50,0.030,-0.015,0.973,0.008,-0.046,-0.046
1744992820.06,-1,0.319,0.656,1.329,29,-0.215,-0.094,0.000,20,1.047,1.329,0.115,-0.023,0.39,1.50,0.030,-0.015,0.973,0.008,-0.046,-0.046
1744992820.07,-1,0.319,0.656,1.329,30,-0.215,-0.094,0.000,20,1.047,1.329,0.115,-0.023,0.39,1.50,0.030,-0.019,0.972,0.008,0.046,0.015
1744992820.07,-1,0.319,0.656,1.329,30,-0.215,-0.094,0.000,20,1.047,1.329,0.115,-0.023,0.39,1.50,0.029,-0.015,0.965,0.008,0.046,0.015
1744992820.07,-1,0.319,0.656,1.329,30,-0.215,-0.094,0.000,20,1.047,1.329,0.115,-0.023,0.39,1.47,0.029,-0.015,0.965,-0.175,0.229,0.107
1744992820.10,-1,0.319,0.656,1.329,30,-0.215,-0.094,0.000,20,1.047,1.329,0.115,-0.023,0.39,1.47,0.030,-0.017,0.969,-0.053,0.351,-0.076
1744992820.10,-1,0.319,0.656,1.329,30,-0.215,-0.094,0.000,20,1.047,1.329,0.115,-0.023,0.39,1.47,0.030,-0.017,0.969,-0.053,0.351,-0.076
1744992820.10,-1,0.319,0.656,1.329,30,-0.215,-0.094,0.000,20,1.047,1.329,0.115,-0.023,0.39,1.47,0.031,-0.012,0.975,0.191,-0.046,-0.015
1744992820.10,-1,0.319,0.656,1.329,30,-0.215,-0.094,0.000,20,1.047,1.329,0.115,-0.023,0.39,1.47,0.033,-0.017,0.969,0.191,-0.046,-0.015
1744992820.12,-1,0.319,0.656,1.329,30,-0.215,-0.094,0.000,20,1.047,1.329,0.115,-0.023,0.38,1.19,0.033,-0.017,0.969,-0.144,-0.015,-0.137
1744992820.12,-1,0.319,0.656,1.329,30,-0.215,-0.094,0.000,20,1.047,1.329,0.115,-0.023,0.38,1.19,0.027,-0.015,0.970,-0.327,0.107,-0.259
1744992820.12,-1,0.319,0.656,1.329,30,-0.215,-0.094,0.000,20,1.047,1.329,0.115,-0.023,0.38,1.19,0.027,-0.015,0.970,-0.327,0.107,-0.259
1744992820.16,-1,0.319,0.656,1.329,30,-0.215,-0.094,0.000,20,1.047,1.329,0.115,-0.023,0.38,1.19,0.030,-0.016,0.974,0.039,0.107,-0.046
1744992820.16,-1,0.319,0.656,1.329,30,-0.215,-0.094,0.000,20,1.047,1.329,0.115,-0.023,0.38,1.19,0.028,-0.014,0.977,0.039,0.107,-0.046
1744992820.16,-1,0.319,0.656,1.329,30,-0.215,-0.094,0.000,20,1.047,1.329,0.115,-0.023,0.41,1.34,0.028,-0.014,0.977,0.374,0.015,0.046
1744992820.16,-1,0.319,0.656,1.329,30,-0.215,-0.094,0.000,20,1.047,1.329,0.115,-0.023,0.41,1.34,0.030,-0.013,0.963,-0.266,0.046,0.168
1744992820.16,-1,0.319,0.656,1.329,30,-0.215,-0.094,0.000,20,1.047,1.329,0.115,-0.023,0.41,1.34,0.030,-0.013,0.963,-0.266,0.046,0.168
1744992820.16,-1,0.319,0.656,1.329,30,-0.215,-0.094,0.000,20,1.047,1.329,0.115,-0.023,0.41,1.34,0.032,-0.017,0.970,0.039,0.046,0.015
1744992820.16,-1,0.319,0.656,1.329,30,-0.215,-0.094,0.000,20,1.047,1.329,0.115,-0.023,0.41,1.34,0.030,-0.016,0.972,0.039,0.046,0.015
1744992820.18,-1,0.319,0.656,1.329,30,-0.215,-0.094,0.000,20,1.047,1.329,0.115,-0.023,0.39,1.22,0.030,-0.016,0.972,-0.083,0.076,-0.198
1744992820.18,-1,0.319,0.656,1.329,30,-0.215,-0.094,0.000,20,1.047,1.329,0.115,-0.023,0.39,1.22,0.024,-0.017,0.970,0.100,0.015,0.076
1744992820.18,-1,0.319,0.656,1.329,30,-0.215,-0.094,0.000,20,1.047,1.329,0.115,-0.023,0.39,1.22,0.024,-0.017,0.970,0.100,0.015,0.076
# remark: robobot/cmd/T0/servo 1 -900 0
1744992820.20,-1,0.319,0.656,1.329,30,-0.215,-0.094,0.000,20,1.047,1.329,0.115,-0.023,0.39,1.22,0.028,-0.016,0.971,-0.175,0.046,-0.198
1744992820.20,-1,0.319,0.656,1.329,30,-0.215,-0.094,0.000,20,1.047,1.329,0.115,-0.023,0.39,1.22,0.026,-0.020,0.969,-0.175,0.046,-0.198
1744992820.20,-1,0.319,0.656,1.329,30,-0.215,-0.094,0.000,20,1.047,1.329,0.115,-0.023,0.37,1.12,0.026,-0.020,0.969,-0.175,0.137,-0.473
1744992820.22,-1,0.319,0.656,1.329,30,-0.215,-0.094,0.000,20,1.047,1.329,0.115,-0.023,0.37,1.12,0.029,-0.014,0.969,0.039,0.168,-0.046
1744992820.22,-1,0.319,0.656,1.329,30,-0.215,-0.094,0.000,20,1.047,1.329,0.115,-0.023,0.37,1.12,0.029,-0.014,0.969,0.039,0.168,-0.046
1744992820.22,-1,0.319,0.656,1.329,30,-0.215,-0.094,0.000,20,1.047,1.329,0.115,-0.023,0.37,1.12,0.031,-0.012,0.971,-0.144,-0.046,0.076
1744992820.22,-1,0.319,0.656,1.329,30,-0.215,-0.094,0.000,20,1.047,1.329,0.115,-0.023,0.37,1.12,0.028,-0.011,0.963,-0.144,-0.046,0.076
1744992820.24,-1,0.319,0.656,1.329,30,-0.215,-0.094,0.000,20,1.047,1.329,0.115,-0.023,0.34,1.50,0.028,-0.011,0.963,-0.053,-0.015,-0.137
1744992820.24,-1,0.319,0.656,1.329,30,-0.215,-0.094,0.000,20,1.047,1.329,0.115,-0.023,0.34,1.50,0.031,-0.017,0.968,-0.114,0.046,-0.168
1744992820.24,-1,0.319,0.656,1.329,30,-0.215,-0.094,0.000,20,1.047,1.329,0.115,-0.023,0.34,1.50,0.031,-0.017,0.968,-0.114,0.046,-0.168
1744992820.24,-1,0.319,0.656,1.329,30,-0.215,-0.094,0.000,20,1.047,1.329,0.115,-0.023,0.34,1.50,0.033,-0.017,0.970,0.008,0.229,0.015
# remark: robobot/cmd/ti/alive 2025-04-18 18:13:08.652491
1744992820.30,-1,0.319,0.656,1.329,30,-0.215,-0.094,0.000,20,1.047,1.329,0.115,-0.023,0.34,1.50,0.033,-0.014,0.970,0.008,0.229,0.015
1744992820.30,-1,0.319,0.656,1.329,30,-0.215,-0.094,0.000,20,1.047,1.329,0.115,-0.023,0.35,1.50,0.033,-0.014,0.970,0.008,0.198,0.076
1744992820.30,-1,0.319,0.656,1.329,30,-0.215,-0.094,0.000,20,1.047,1.329,0.115,-0.023,0.35,1.50,0.033,-0.016,0.972,0.008,0.076,-0.107
1744992820.30,-1,0.319,0.656,1.329,30,-0.215,-0.094,0.000,20,1.047,1.329,0.115,-0.023,0.35,1.50,0.033,-0.016,0.972,0.008,0.076,-0.107
1744992820.30,-1,0.319,0.656,1.329,30,-0.215,-0.094,0.000,20,1.047,1.329,0.115,-0.023,0.35,1.50,0.030,-0.018,0.964,0.008,0.168,-0.229
1744992820.30,-1,0.319,0.656,1.329,30,-0.215,-0.094,0.000,20,1.047,1.329,0.115,-0.023,0.35,1.50,0.030,-0.017,0.968,0.008,0.168,-0.229
1744992820.30,-1,0.319,0.656,1.329,30,-0.215,-0.094,0.000,20,1.047,1.329,0.115,-0.023,0.37,1.50,0.030,-0.017,0.968,0.008,0.320,-0.107
1744992820.31,-1,0.319,0.656,1.329,30,-0.215,-0.094,0.000,20,1.047,1.329,0.115,-0.023,0.37,1.50,0.030,-0.020,0.969,0.100,0.198,-0.320
1744992820.31,-1,0.319,0.656,1.329,30,-0.215,-0.094,0.000,20,1.047,1.329,0.115,-0.023,0.37,1.50,0.030,-0.020,0.969,0.100,0.198,-0.320
1744992820.31,-1,0.319,0.656,1.329,30,-0.215,-0.094,0.000,20,1.047,1.329,0.115,-0.023,0.37,1.50,0.035,-0.018,0.971,-0.205,0.198,0.229
1744992820.31,-1,0.319,0.656,1.329,30,-0.215,-0.094,0.000,20,1.047,1.329,0.115,-0.023,0.37,1.50,0.029,-0.018,0.968,-0.205,0.198,0.229
1744992820.33,-1,0.319,0.656,1.329,30,-0.215,-0.094,0.000,20,1.047,1.329,0.115,-0.023,0.38,1.46,0.029,-0.018,0.968,-0.022,0.381,-0.198
1744992820.35,-1,0.319,0.656,1.329,30,-0.215,-0.094,0.000,20,1.047,1.329,0.115,-0.023,0.38,1.46,0.031,-0.012,0.970,-0.327,-0.076,0.046
1744992820.35,-1,0.319,0.656,1.329,30,-0.215,-0.094,0.000,20,1.047,1.329,0.115,-0.023,0.38,1.46,0.031,-0.012,0.970,-0.327,-0.076,0.046
1744992820.35,-1,0.319,0.656,1.329,30,-0.215,-0.094,0.000,20,1.047,1.329,0.115,-0.023,0.38,1.46,0.033,-0.012,0.970,0.008,-0.198,-0.290
1744992820.35,-1,0.319,0.656,1.329,30,-0.215,-0.094,0.000,20,1.047,1.329,0.115,-0.023,0.38,1.46,0.029,-0.015,0.962,0.008,-0.198,-0.290
1744992820.37,-1,0.319,0.656,1.329,30,-0.215,-0.094,0.000,20,1.047,1.329,0.115,-0.023,0.38,1.48,0.029,-0.015,0.962,-0.053,0.320,-0.046
1744992820.37,-1,0.319,0.656,1.329,30,-0.215,-0.094,0.000,20,1.047,1.329,0.115,-0.023,0.38,1.48,0.029,-0.015,0.972,-0.114,0.137,0.015
1744992820.37,-1,0.319,0.656,1.329,30,-0.215,-0.094,0.000,20,1.047,1.329,0.115,-0.023,0.38,1.48,0.029,-0.015,0.972,-0.114,0.137,0.015
1744992820.38,-1,0.319,0.656,1.329,30,-0.215,-0.094,0.000,20,1.047,1.329,0.115,-0.023,0.38,1.48,0.029,-0.018,0.972,0.191,-0.015,-0.107
1744992820.38,-1,0.319,0.656,1.329,30,-0.215,-0.094,0.000,20,1.047,1.329,0.115,-0.023,0.38,1.48,0.031,-0.015,0.976,0.191,-0.015,-0.107
1744992820.38,-1,0.319,0.656,1.329,30,-0.215,-0.094,0.000,20,1.047,1.329,0.115,-0.023,0.37,1.37,0.031,-0.015,0.976,-0.083,0.107,-0.046
1744992820.40,-1,0.319,0.656,1.329,30,-0.215,-0.094,0.000,20,1.047,1.329,0.115,-0.023,0.37,1.37,0.027,-0.018,0.971,-0.205,-0.015,-0.442
1744992820.40,-1,0.319,0.656,1.329,30,-0.215,-0.094,0.000,20,1.047,1.329,0.115,-0.023,0.37,1.37,0.027,-0.018,0.971,-0.205,-0.015,-0.442
1744992820.40,-1,0.319,0.656,1.329,30,-0.215,-0.094,0.000,20,1.047,1.329,0.115,-0.023,0.37,1.37,0.028,-0.015,0.969,0.039,0.168,0.168
1744992820.40,-1,0.319,0.656,1.329,30,-0.215,-0.094,0.000,20,1.047,1.329,0.115,-0.023,0.37,1.37,0.028,-0.016,0.963,0.039,0.168,0.168
1744992820.42,-1,0.319,0.656,1.329,30,-0.215,-0.094,0.000,20,1.047,1.329,0.115,-0.023,0.37,1.04,0.028,-0.016,0.963,0.069,-0.046,0.137
1744992820.42,-1,0.319,0.656,1.329,30,-0.215,-0.094,0.000,20,1.047,1.329,0.115,-0.023,0.37,1.04,0.024,-0.010,0.969,0.039,-0.046,-0.046
1744992820.42,-1,0.319,0.656,1.329,30,-0.215,-0.094,0.000,20,1.047,1.329,0.115,-0.023,0.37,1.04,0.024,-0.010,0.969,0.039,-0.046,-0.046
1744992820.44,-1,0.319,0.656,1.329,30,-0.215,-0.094,0.000,20,1.047,1.329,0.115,-0.023,0.37,1.04,0.030,-0.016,0.975,0.069,0.168,-0.137
1744992820.44,-1,0.319,0.656,1.329,30,-0.215,-0.094,0.000,20,1.047,1.329,0.115,-0.023,0.37,1.04,0.030,-0.017,0.965,0.069,0.168,-0.137
1744992820.44,-1,0.319,0.656,1.329,30,-0.215,-0.094,0.000,20,1.047,1.329,0.115,-0.023,0.38,1.50,0.030,-0.017,0.965,-0.053,0.198,0.107
1744992820.47,-1,0.319,0.656,1.329,30,-0.215,-0.094,0.000,20,1.047,1.329,0.115,-0.023,0.38,1.50,0.031,-0.016,0.971,0.100,0.015,0.076
1744992820.47,-1,0.319,0.656,1.329,30,-0.215,-0.094,0.000,20,1.047,1.329,0.115,-0.023,0.38,1.50,0.031,-0.016,0.971,0.100,0.015,0.076
1744992820.47,-1,0.319,0.656,1.329,30,-0.215,-0.094,0.000,20,1.047,1.329,0.115,-0.023,0.38,1.50,0.034,-0.019,0.966,-0.053,0.076,-0.351
1744992820.47,-1,0.319,0.656,1.329,30,-0.215,-0.094,0.000,20,1.047,1.329,0.115,-0.023,0.38,1.50,0.033,-0.015,0.975,-0.053,0.076,-0.351
1744992820.47,-1,0.319,0.656,1.329,30,-0.215,-0.094,0.000,20,1.047,1.329,0.115,-0.023,0.39,1.50,0.033,-0.015,0.975,-0.114,0.076,-0.076
1744992820.48,-1,0.319,0.656,1.329,30,-0.215,-0.094,0.000,20,1.047,1.329,0.115,-0.023,0.39,1.50,0.028,-0.014,0.972,-0.053,0.320,-0.137
1744992820.48,-1,0.319,0.656,1.329,30,-0.215,-0.094,0.000,20,1.047,1.329,0.115,-0.023,0.39,1.50,0.028,-0.014,0.972,-0.053,0.320,-0.137
1744992820.50,-1,0.319,0.656,1.329,31,-0.215,-0.094,0.000,20,1.047,1.329,0.115,-0.023,0.39,1.50,0.029,-0.016,0.972,-0.175,-0.259,-0.229
1744992820.50,-1,0.319,0.656,1.329,31,-0.215,-0.094,0.000,20,1.047,1.329,0.115,-0.023,0.39,1.50,0.031,-0.015,0.969,-0.175,-0.259,-0.229
1744992820.50,-1,0.319,0.656,1.329,31,-0.215,-0.094,0.000,20,1.047,1.329,0.115,-0.023,0.39,1.44,0.031,-0.015,0.969,-0.114,0.229,-0.107
1744992820.52,-1,0.319,0.656,1.329,31,-0.215,-0.094,0.000,20,1.047,1.329,0.115,-0.023,0.39,1.44,0.031,-0.017,0.970,-0.266,0.076,0.168
1744992820.52,-1,0.319,0.656,1.329,31,-0.215,-0.094,0.000,20,1.047,1.329,0.115,-0.023,0.39,1.44,0.031,-0.017,0.970,-0.266,0.076,0.168
1744992820.52,-1,0.319,0.656,1.329,31,-0.215,-0.094,0.000,20,1.047,1.329,0.115,-0.023,0.39,1.44,0.034,-0.018,0.966,0.161,0.290,-0.015
1744992820.52,-1,0.319,0.656,1.329,31,-0.215,-0.094,0.000,20,1.047,1.329,0.115,-0.023,0.39,1.44,0.029,-0.016,0.975,0.161,0.290,-0.015
1744992820.54,-1,0.319,0.656,1.329,31,-0.215,-0.094,0.000,20,1.047,1.329,0.115,-0.023,0.36,1.50,0.029,-0.016,0.975,-0.205,0.107,-0.137
1744992820.54,-1,0.319,0.656,1.329,31,-0.215,-0.094,0.000,20,1.047,1.329,0.115,-0.023,0.36,1.50,0.028,-0.014,0.973,-0.236,0.107,-0.107
1744992820.54,-1,0.319,0.656,1.329,31,-0.215,-0.094,0.000,20,1.047,1.329,0.115,-0.023,0.36,1.50,0.028,-0.014,0.973,-0.236,0.107,-0.107
1744992820.56,-1,0.319,0.656,1.329,31,-0.215,-0.094,0.000,20,1.047,1.329,0.115,-0.023,0.36,1.50,0.029,-0.019,0.972,-0.053,0.229,0.015
1744992820.56,-1,0.319,0.656,1.329,31,-0.215,-0.094,0.000,20,1.047,1.329,0.115,-0.023,0.36,1.50,0.030,-0.018,0.974,-0.053,0.229,0.015
1744992820.57,-1,0.319,0.656,1.329,31,-0.215,-0.094,0.000,20,1.047,1.329,0.115,-0.023,0.36,1.35,0.030,-0.018,0.974,-0.114,0.168,-0.107
1744992820.57,-1,0.319,0.656,1.329,31,-0.215,-0.094,0.000,20,1.047,1.329,0.115,-0.023,0.36,1.35,0.028,-0.016,0.970,0.008,0.107,0.076
1744992820.57,-1,0.319,0.656,1.329,31,-0.215,-0.094,0.000,20,1.047,1.329,0.115,-0.023,0.36,1.35,0.033,-0.014,0.969,0.008,0.107,0.076
1744992820.58,-1,0.319,0.656,1.329,31,-0.215,-0.094,0.000,20,1.047,1.329,0.115,-0.023,0.36,1.35,0.033,-0.014,0.969,0.222,0.015,0.168
1744992820.58,-1,0.319,0.656,1.329,31,-0.215,-0.094,0.000,20,1.047,1.329,0.115,-0.023,0.36,1.35,0.026,-0.014,0.970,0.222,0.015,0.168
1744992820.60,-1,0.319,0.656,1.329,31,-0.215,-0.094,0.000,20,1.047,1.329,0.115,-0.023,0.36,1.22,0.026,-0.014,0.970,0.069,0.076,0.351
1744992820.60,-1,0.319,0.656,1.329,31,-0.215,-0.094,0.000,20,1.047,1.329,0.115,-0.023,0.36,1.22,0.028,-0.020,0.970,-0.144,0.015,0.168
1744992820.60,-1,0.319,0.656,1.329,31,-0.215,-0.094,0.000,20,1.047,1.329,0.115,-0.023,0.36,1.22,0.029,-0.021,0.967,-0.144,0.015,0.168
# remark: robobot/cmd/T0/servo 1 -900 0
1744992820.63,-1,0.319,0.656,1.329,31,-0.215,-0.094,0.000,20,1.047,1.329,0.115,-0.023,0.36,1.22,0.029,-0.021,0.967,-0.083,0.107,0.107
1744992820.63,-1,0.319,0.656,1.329,31,-0.215,-0.094,0.000,20,1.047,1.329,0.115,-0.023,0.36,1.22,0.032,-0.019,0.967,-0.083,0.107,0.107
1744992820.63,-1,0.319,0.656,1.329,31,-0.215,-0.094,0.000,20,1.047,1.329,0.115,-0.023,0.36,1.40,0.032,-0.019,0.967,-0.266,0.137,0.259
1744992820.66,-1,0.319,0.656,1.329,31,-0.215,-0.094,0.000,20,1.047,1.329,0.115,-0.023,0.36,1.40,0.033,-0.013,0.970,0.069,-0.015,-0.198
1744992820.66,-1,0.319,0.656,1.329,31,-0.215,-0.094,0.000,20,1.047,1.329,0.115,-0.023,0.36,1.40,0.033,-0.014,0.974,0.069,-0.015,-0.198
1744992820.66,-1,0.319,0.656,1.329,31,-0.215,-0.094,0.000,20,1.047,1.329,0.115,-0.023,0.36,1.40,0.033,-0.014,0.974,-0.266,0.259,-0.259
1744992820.66,-1,0.319,0.656,1.329,31,-0.215,-0.094,0.000,20,1.047,1.329,0.115,-0.023,0.36,1.40,0.030,-0.013,0.969,-0.266,0.259,-0.259
1744992820.66,-1,0.319,0.656,1.329,31,-0.215,-0.094,0.000,20,1.047,1.329,0.115,-0.023,0.35,1.34,0.030,-0.013,0.969,-0.175,-0.259,-0.107
1744992820.66,-1,0.319,0.656,1.329,31,-0.215,-0.094,0.000,20,1.047,1.329,0.115,-0.023,0.35,1.34,0.030,-0.017,0.967,0.039,0.320,0.168
1744992820.66,-1,0.319,0.656,1.329,31,-0.215,-0.094,0.000,20,1.047,1.329,0.115,-0.023,0.35,1.34,0.032,-0.015,0.967,0.039,0.320,0.168
1744992820.66,-1,0.319,0.656,1.329,31,-0.215,-0.094,0.000,20,1.047,1.329,0.115,-0.023,0.35,1.34,0.032,-0.015,0.967,-0.022,0.229,0.046
1744992820.68,-1,0.319,0.656,1.329,31,-0.215,-0.094,0.000,20,1.047,1.329,0.115,-0.023,0.35,1.34,0.031,-0.016,0.968,-0.022,0.229,0.046
1744992820.68,-1,0.319,0.656,1.329,31,-0.215,-0.094,0.000,20,1.047,1.329,0.115,-0.023,0.36,1.37,0.031,-0.016,0.968,-0.022,0.137,-0.107
1744992820.68,-1,0.319,0.656,1.329,31,-0.215,-0.094,0.000,20,1.047,1.329,0.115,-0.023,0.36,1.37,0.031,-0.017,0.968,0.008,0.046,-0.259
1744992820.68,-1,0.319,0.656,1.329,31,-0.215,-0.094,0.000,20,1.047,1.329,0.115,-0.023,0.36,1.37,0.031,-0.019,0.968,0.008,0.046,-0.259
1744992820.72,-1,0.319,0.656,1.329,31,-0.215,-0.094,0.000,20,1.047,1.329,0.115,-0.023,0.36,1.37,0.031,-0.019,0.968,0.008,0.259,-0.381
1744992820.72,-1,0.319,0.656,1.329,31,-0.215,-0.094,0.000,20,1.047,1.329,0.115,-0.023,0.36,1.37,0.030,-0.017,0.967,0.008,0.259,-0.381
1744992820.72,-1,0.319,0.656,1.329,31,-0.215,-0.094,0.000,20,1.047,1.329,0.115,-0.023,0.36,1.27,0.030,-0.017,0.967,0.008,0.015,0.198
1744992820.74,-1,0.319,0.656,1.329,31,-0.215,-0.094,0.000,20,1.047,1.329,0.115,-0.023,0.36,1.27,0.030,-0.016,0.973,-0.236,-0.015,-0.412
1744992820.74,-1,0.319,0.656,1.329,31,-0.215,-0.094,0.000,20,1.047,1.329,0.115,-0.023,0.36,1.27,0.033,-0.011,0.969,-0.236,-0.015,-0.412
1744992820.74,-1,0.319,0.656,1.329,31,-0.215,-0.094,0.000,20,1.047,1.329,0.115,-0.023,0.36,1.27,0.033,-0.011,0.969,-0.053,0.229,-0.229
1744992820.74,-1,0.319,0.656,1.329,31,-0.215,-0.094,0.000,20,1.047,1.329,0.115,-0.023,0.36,1.27,0.031,-0.017,0.971,-0.053,0.229,-0.229
1744992820.75,-1,0.319,0.656,1.329,31,-0.215,-0.094,0.000,20,1.047,1.329,0.115,-0.023,0.36,1.50,0.031,-0.017,0.971,-0.022,0.046,-0.046
1744992820.75,-1,0.319,0.656,1.329,31,-0.215,-0.094,0.000,20,1.047,1.329,0.115,-0.023,0.36,1.50,0.031,-0.017,0.973,-0.022,-0.107,-0.107
1744992820.75,-1,0.319,0.656,1.329,31,-0.215,-0.094,0.000,20,1.047,1.329,0.115,-0.023,0.36,1.50,0.031,-0.017,0.966,-0.022,-0.107,-0.107
1744992820.79,-1,0.319,0.656,1.329,31,-0.215,-0.094,0.000,20,1.047,1.329,0.115,-0.023,0.36,1.50,0.031,-0.017,0.966,-0.022,0.320,-0.107
1744992820.79,-1,0.319,0.656,1.329,31,-0.215,-0.094,0.000,20,1.047,1.329,0.115,-0.023,0.36,1.50,0.028,-0.022,0.969,-0.022,0.320,-0.107
1744992820.79,-1,0.319,0.656,1.329,31,-0.215,-0.094,0.000,20,1.047,1.329,0.115,-0.023,0.35,1.50,0.028,-0.022,0.969,-0.022,0.046,-0.290
1744992820.79,-1,0.319,0.656,1.329,31,-0.215,-0.094,0.000,20,1.047,1.329,0.115,-0.023,0.35,1.50,0.030,-0.020,0.972,-0.144,0.290,0.168
1744992820.79,-1,0.319,0.656,1.329,31,-0.215,-0.094,0.000,20,1.047,1.329,0.115,-0.023,0.35,1.50,0.029,-0.013,0.971,-0.144,0.290,0.168
1744992820.79,-1,0.319,0.656,1.329,31,-0.215,-0.094,0.000,20,1.047,1.329,0.115,-0.023,0.35,1.50,0.029,-0.013,0.971,-0.144,0.015,-0.076
1744992820.79,-1,0.319,0.656,1.329,31,-0.215,-0.094,0.000,20,1.047,1.329,0.115,-0.023,0.35,1.50,0.031,-0.021,0.967,-0.144,0.015,-0.076
1744992820.79,-1,0.319,0.656,1.329,31,-0.215,-0.094,0.000,20,1.047,1.329,0.115,-0.023,0.36,1.47,0.031,-0.021,0.967,0.008,0.229,-0.229
# remark: robobot/cmd/ti/alive 2025-04-18 18:13:08.652491
1744992820.82,-1,0.319,0.656,1.329,31,-0.215,-0.094,0.000,20,1.047,1.329,0.115,-0.023,0.36,1.47,0.031,-0.012,0.967,0.130,0.290,-0.015
1744992820.82,-1,0.319,0.656,1.329,31,-0.215,-0.094,0.000,20,1.047,1.329,0.115,-0.023,0.36,1.47,0.029,-0.016,0.964,0.130,0.290,-0.015
1744992820.82,-1,0.319,0.656,1.329,31,-0.215,-0.094,0.000,20,1.047,1.329,0.115,-0.023,0.36,1.47,0.029,-0.016,0.964,-0.297,-0.015,-0.259
1744992820.86,-1,0.319,0.656,1.329,31,-0.215,-0.094,0.000,20,1.047,1.329,0.115,-0.023,0.36,1.47,0.032,-0.015,0.970,-0.297,-0.015,-0.259
1744992820.86,-1,0.319,0.656,1.329,31,-0.215,-0.094,0.000,20,1.047,1.329,0.115,-0.023,0.37,1.37,0.032,-0.015,0.970,-0.022,0.168,0.168
1744992820.86,-1,0.319,0.656,1.329,31,-0.215,-0.094,0.000,20,1.047,1.329,0.115,-0.023,0.37,1.37,0.029,-0.017,0.966,0.130,-0.015,0.137
1744992820.86,-1,0.319,0.656,1.329,31,-0.215,-0.094,0.000,20,1.047,1.329,0.115,-0.023,0.37,1.37,0.028,-0.015,0.971,0.130,-0.015,0.137
1744992820.86,-1,0.319,0.656,1.329,31,-0.215,-0.094,0.000,20,1.047,1.329,0.115,-0.023,0.37,1.37,0.028,-0.015,0.971,-0.266,0.046,-0.046
1744992820.86,-1,0.319,0.656,1.329,31,-0.215,-0.094,0.000,20,1.047,1.329,0.115,-0.023,0.37,1.37,0.030,-0.013,0.969,-0.266,0.046,-0.046
1744992820.86,-1,0.319,0.656,1.329,31,-0.215,-0.094,0.000,20,1.047,1.329,0.115,-0.023,0.38,1.50,0.030,-0.013,0.969,-0.114,0.229,-0.137
1744992820.89,-1,0.319,0.656,1.329,31,-0.215,-0.094,0.000,20,1.047,1.329,0.115,-0.023,0.38,1.50,0.033,-0.018,0.973,0.191,0.290,-0.198
1744992820.89,-1,0.319,0.656,1.329,31,-0.215,-0.094,0.000,20,1.047,1.329,0.115,-0.023,0.38,1.50,0.035,-0.019,0.975,0.191,0.290,-0.198
1744992820.89,-1,0.319,0.656,1.329,31,-0.215,-0.094,0.000,20,1.047,1.329,0.115,-0.023,0.38,1.50,0.035,-0.019,0.975,-0.083,0.259,-0.351
1744992820.89,-1,0.319,0.656,1.329,31,-0.215,-0.094,0.000,20,1.047,1.329,0.115,-0.023,0.38,1.50,0.034,-0.018,0.973,-0.083,0.259,-0.351
1744992820.90,-1,0.319,0.656,1.329,31,-0.215,-0.094,0.000,20,1.047,1.329,0.115,-0.023,0.36,1.37,0.034,-0.018,0.973,-0.266,0.107,0.107
1744992820.90,-1,0.319,0.656,1.329,31,-0.215,-0.094,0.000,20,1.047,1.329,0.115,-0.023,0.36,1.37,0.029,-0.017,0.967,-0.114,0.046,-0.168
1744992820.90,-1,0.319,0.656,1.329,31,-0.215,-0.094,0.000,20,1.047,1.329,0.115,-0.023,0.36,1.37,0.029,-0.019,0.963,-0.114,0.046,-0.168
1744992820.92,-1,0.319,0.656,1.329,31,-0.215,-0.094,0.000,20,1.047,1.329,0.115,-0.023,0.36,1.37,0.029,-0.019,0.963,0.100,0.046,0.046
1744992820.92,-1,0.319,0.656,1.329,31,-0.215,-0.094,0.000,20,1.047,1.329,0.115,-0.023,0.36,1.37,0.028,-0.018,0.975,0.100,0.046,0.046
1744992820.92,-1,0.319,0.656,1.329,31,-0.215,-0.094,0.000,20,1.047,1.329,0.115,-0.023,0.35,1.50,0.028,-0.018,0.975,-0.053,0.320,-0.015
1744992820.92,-1,0.319,0.656,1.329,31,-0.215,-0.094,0.000,20,1.047,1.329,0.115,-0.023,0.35,1.50,0.030,-0.018,0.969,-0.358,0.259,-0.168
1744992820.92,-1,0.319,0.656,1.329,31,-0.215,-0.094,0.000,20,1.047,1.329,0.115,-0.023,0.35,1.50,0.032,-0.019,0.969,-0.358,0.259,-0.168
1744992820.96,-1,0.319,0.656,1.329,31,-0.215,-0.094,0.000,20,1.047,1.329,0.115,-0.023,0.35,1.50,0.032,-0.019,0.969,0.100,0.076,-0.107
1744992820.96,-1,0.319,0.656,1.329,31,-0.215,-0.094,0.000,20,1.047,1.329,0.115,-0.023,0.35,1.50,0.032,-0.016,0.967,0.100,0.076,-0.107
1744992820.96,-1,0.319,0.656,1.329,31,-0.215,-0.094,0.000,20,1.047,1.329,0.115,-0.023,0.36,1.50,0.032,-0.016,0.967,-0.083,0.198,-0.046
1744992820.97,-1,0.319,0.656,1.329,31,-0.215,-0.094,0.000,20,1.047,1.329,0.115,-0.023,0.36,1.50,0.029,-0.014,0.974,-0.022,0.015,0.076
1744992820.97,-1,0.319,0.656,1.329,31,-0.215,-0.094,0.000,20,1.047,1.329,0.115,-0.023,0.36,1.50,0.034,-0.019,0.978,-0.022,0.015,0.076
1744992820.97,-1,0.319,0.656,1.329,31,-0.215,-0.094,0.000,20,1.047,1.329,0.115,-0.023,0.36,1.50,0.034,-0.019,0.978,-0.022,-0.137,-0.229
1744992820.97,-1,0.319,0.656,1.329,31,-0.215,-0.094,0.000,20,1.047,1.329,0.115,-0.023,0.36,1.50,0.030,-0.015,0.966,-0.022,-0.137,-0.229
1744992821.04,-1,0.319,0.656,1.329,31,-0.215,-0.094,0.000,20,1.047,1.329,0.115,-0.023,0.36,1.50,0.030,-0.015,0.966,-0.083,0.290,-0.168
1744992821.04,-1,0.319,0.656,1.329,31,-0.215,-0.094,0.000,20,1.047,1.329,0.115,-0.023,0.36,1.50,0.030,-0.018,0.968,-0.175,-0.107,-0.137
1744992821.04,-1,0.319,0.656,1.329,31,-0.215,-0.094,0.000,20,1.047,1.329,0.115,-0.023,0.36,1.50,0.030,-0.015,0.971,-0.175,-0.107,-0.137
1744992821.04,-1,0.319,0.656,1.329,31,-0.215,-0.094,0.000,20,1.047,1.329,0.115,-0.023,0.36,1.50,0.030,-0.015,0.971,0.008,0.107,-0.015
1744992821.04,-1,0.319,0.656,1.329,31,-0.215,-0.094,0.000,20,1.047,1.329,0.115,-0.023,0.36,1.50,0.026,-0.015,0.970,0.008,0.107,-0.015
1744992821.04,-1,0.319,0.656,1.329,31,-0.215,-0.094,0.000,20,1.047,1.329,0.115,-0.023,0.35,1.43,0.026,-0.015,0.970,-0.175,0.046,-0.076
1744992821.05,-1,0.319,0.656,1.329,31,-0.215,-0.094,0.000,20,1.047,1.329,0.115,-0.023,0.35,1.43,0.030,-0.019,0.973,-0.480,0.076,0.015
1744992821.05,-1,0.319,0.656,1.329,31,-0.215,-0.094,0.000,20,1.047,1.329,0.115,-0.023,0.35,1.43,0.031,-0.017,0.968,-0.480,0.076,0.015
1744992821.05,-1,0.319,0.656,1.329,31,-0.215,-0.094,0.000,20,1.047,1.329,0.115,-0.023,0.35,1.43,0.031,-0.017,0.968,-0.266,-0.137,-0.107
1744992821.05,-1,0.319,0.656,1.329,31,-0.215,-0.094,0.000,20,1.047,1.329,0.115,-0.023,0.35,1.43,0.032,-0.013,0.968,-0.266,-0.137,-0.107
1744992821.05,-1,0.319,0.656,1.329,31,-0.215,-0.094,0.000,20,1.047,1.329,0.115,-0.023,0.38,1.25,0.032,-0.013,0.968,0.069,0.229,-0.076
1744992821.07,-1,0.319,0.656,1.329,31,-0.215,-0.094,0.000,20,1.047,1.329,0.115,-0.023,0.38,1.25,0.035,-0.019,0.970,-0.114,0.107,0.107
1744992821.07,-1,0.319,0.656,1.329,31,-0.215,-0.094,0.000,20,1.047,1.329,0.115,-0.023,0.38,1.25,0.029,-0.014,0.976,-0.114,0.107,0.107
1744992821.07,-1,0.319,0.656,1.329,31,-0.215,-0.094,0.000,20,1.047,1.329,0.115,-0.023,0.38,1.25,0.029,-0.014,0.976,-0.114,0.229,0.137
1744992821.07,-1,0.319,0.656,1.329,31,-0.215,-0.094,0.000,20,1.047,1.329,0.115,-0.023,0.38,1.25,0.030,-0.014,0.969,-0.114,0.229,0.137
1744992821.07,-1,0.319,0.656,1.329,31,-0.215,-0.094,0.000,20,1.047,1.329,0.115,-0.023,0.36,1.40,0.030,-0.014,0.969,0.130,-0.168,-0.076
1744992821.08,-1,0.319,0.656,1.329,31,-0.215,-0.094,0.000,20,1.047,1.329,0.115,-0.023,0.36,1.40,0.031,-0.015,0.967,-0.083,0.290,-0.015
1744992821.08,-1,0.319,0.656,1.329,31,-0.215,-0.094,0.000,20,1.047,1.329,0.115,-0.023,0.36,1.40,0.031,-0.018,0.967,-0.083,0.290,-0.015
1744992821.10,-1,0.319,0.656,1.329,31,-0.215,-0.094,0.000,20,1.047,1.329,0.115,-0.023,0.36,1.40,0.031,-0.018,0.967,-0.266,0.168,-0.076
1744992821.10,-1,0.319,0.656,1.329,31,-0.215,-0.094,0.000,20,1.047,1.329,0.115,-0.023,0.36,1.40,0.029,-0.018,0.968,-0.266,0.168,-0.076
1744992821.10,-1,0.319,0.656,1.329,31,-0.215,-0.094,0.000,20,1.047,1.329,0.115,-0.023,0.36,1.50,0.029,-0.018,0.968,-0.297,-0.015,-0.015
1744992821.13,-1,0.319,0.656,1.329,31,-0.215,-0.094,0.000,20,1.047,1.329,0.115,-0.023,0.36,1.50,0.029,-0.015,0.968,0.100,0.046,0.015
1744992821.13,-1,0.319,0.656,1.329,31,-0.215,-0.094,0.000,20,1.047,1.329,0.115,-0.023,0.36,1.50,0.030,-0.018,0.967,0.100,0.046,0.015
1744992821.13,-1,0.319,0.656,1.329,31,-0.215,-0.094,0.000,20,1.047,1.329,0.115,-0.023,0.36,1.50,0.030,-0.018,0.967,-0.205,0.198,-0.198
1744992821.13,-1,0.319,0.656,1.329,31,-0.215,-0.094,0.000,20,1.047,1.329,0.115,-0.023,0.36,1.50,0.027,-0.019,0.972,-0.205,0.198,-0.198
1744992821.14,-1,0.319,0.656,1.329,31,-0.215,-0.094,0.000,20,1.047,1.329,0.115,-0.023,0.36,1.35,0.027,-0.019,0.972,0.008,0.320,-0.351
1744992821.14,-1,0.319,0.656,1.329,31,-0.215,-0.094,0.000,20,1.047,1.329,0.115,-0.023,0.36,1.35,0.032,-0.016,0.972,-0.114,0.198,-0.046
1744992821.14,-1,0.319,0.656,1.329,31,-0.215,-0.094,0.000,20,1.047,1.329,0.115,-0.023,0.36,1.35,0.028,-0.018,0.970,-0.114,0.198,-0.046
1744992821.14,-1,0.319,0.656,1.329,31,-0.215,-0.094,0.000,20,1.047,1.329,0.115,-0.023,0.36,1.35,0.028,-0.018,0.970,-0.144,-0.137,-0.046
1744992821.18,-1,0.319,0.656,1.329,31,-0.215,-0.094,0.000,20,1.047,1.329,0.115,-0.023,0.36,1.35,0.028,-0.018,0.968,-0.144,-0.137,-0.046
1744992821.18,-1,0.319,0.656,1.329,31,-0.215,-0.094,0.000,20,1.047,1.329,0.115,-0.023,0.38,1.50,0.028,-0.018,0.968,-0.053,0.137,-0.351
1744992821.18,-1,0.319,0.656,1.329,31,-0.215,-0.094,0.000,20,1.047,1.329,0.115,-0.023,0.38,1.50,0.029,-0.019,0.969,-0.205,0.137,-0.076
1744992821.19,-1,0.319,0.656,1.329,31,-0.215,-0.094,0.000,20,1.047,1.329,0.115,-0.023,0.38,1.50,0.032,-0.016,0.973,-0.205,0.137,-0.076
1744992821.19,-1,0.319,0.656,1.329,31,-0.215,-0.094,0.000,20,1.047,1.329,0.115,-0.023,0.38,1.50,0.032,-0.016,0.973,-0.022,0.229,-0.015
1744992821.19,-1,0.319,0.656,1.329,31,-0.215,-0.094,0.000,20,1.047,1.329,0.115,-0.023,0.38,1.50,0.029,-0.015,0.970,-0.022,0.229,-0.015
1744992821.19,-1,0.319,0.656,1.329,31,-0.215,-0.094,0.000,20,1.047,1.329,0.115,-0.023,0.38,1.50,0.029,-0.015,0.970,-0.144,0.290,-0.412
1744992821.21,-1,0.319,0.656,1.329,31,-0.215,-0.094,0.000,20,1.047,1.329,0.115,-0.023,0.38,1.50,0.027,-0.015,0.971,-0.053,-0.137,-0.076
1744992821.21,-1,0.319,0.656,1.329,31,-0.215,-0.094,0.000,20,1.047,1.329,0.115,-0.023,0.38,1.50,0.029,-0.016,0.968,-0.053,-0.137,-0.076
1744992821.21,-1,0.319,0.656,1.329,31,-0.215,-0.094,0.000,20,1.047,1.329,0.115,-0.023,0.38,1.50,0.029,-0.016,0.968,-0.236,0.046,-0.229
1744992821.21,-1,0.319,0.656,1.329,31,-0.215,-0.094,0.000,20,1.047,1.329,0.115,-0.023,0.38,1.50,0.033,-0.015,0.972,-0.236,0.046,-0.229
1744992821.23,-1,0.319,0.656,1.329,31,-0.215,-0.094,0.000,20,1.047,1.329,0.115,-0.023,0.37,1.42,0.033,-0.015,0.972,-0.053,0.351,-0.198
1744992821.23,-1,0.319,0.656,1.329,31,-0.215,-0.094,0.000,20,1.047,1.329,0.115,-0.023,0.37,1.42,0.031,-0.014,0.972,0.039,0.229,-0.137
1744992821.23,-1,0.319,0.656,1.329,31,-0.215,-0.094,0.000,20,1.047,1.329,0.115,-0.023,0.37,1.42,0.031,-0.016,0.969,0.039,0.229,-0.137
1744992821.24,-1,0.319,0.656,1.329,32,-0.215,-0.094,0.000,20,1.047,1.329,0.115,-0.023,0.37,1.42,0.031,-0.016,0.969,-0.053,0.107,-0.137
1744992821.24,-1,0.319,0.656,1.329,32,-0.215,-0.094,0.000,20,1.047,1.329,0.115,-0.023,0.37,1.42,0.030,-0.018,0.963,-0.053,0.107,-0.137
1744992821.24,-1,0.319,0.656,1.329,32,-0.215,-0.094,0.000,20,1.047,1.329,0.115,-0.023,0.37,1.45,0.030,-0.018,0.963,0.039,-0.076,-0.137
1744992821.26,-1,0.319,0.656,1.329,32,-0.215,-0.094,0.000,20,1.047,1.329,0.115,-0.023,0.37,1.45,0.028,-0.017,0.967,-0.144,0.046,0.137
1744992821.26,-1,0.319,0.656,1.329,32,-0.215,-0.094,0.000,20,1.047,1.329,0.115,-0.023,0.37,1.45,0.029,-0.014,0.967,-0.144,0.046,0.137
1744992821.28,-1,0.319,0.656,1.329,32,-0.215,-0.094,0.000,20,1.047,1.329,0.115,-0.023,0.37,1.45,0.029,-0.014,0.967,0.039,0.229,-0.168
1744992821.28,-1,0.319,0.656,1.329,32,-0.215,-0.094,0.000,20,1.047,1.329,0.115,-0.023,0.37,1.45,0.032,-0.015,0.971,0.039,0.229,-0.168
1744992821.28,-1,0.319,0.656,1.329,32,-0.215,-0.094,0.000,20,1.047,1.329,0.115,-0.023,0.36,1.44,0.032,-0.015,0.971,0.008,-0.015,-0.015
# remark: robobot/cmd/ti/alive 2025-04-18 18:13:08.652491
1744992821.33,-1,0.319,0.656,1.329,32,-0.215,-0.094,0.000,20,1.047,1.329,0.115,-0.023,0.36,1.44,0.028,-0.016,0.970,-0.266,-0.046,-0.137
1744992821.33,-1,0.319,0.656,1.329,32,-0.215,-0.094,0.000,20,1.047,1.329,0.115,-0.023,0.36,1.44,0.032,-0.017,0.962,-0.266,-0.046,-0.137
1744992821.33,-1,0.319,0.656,1.329,32,-0.215,-0.094,0.000,20,1.047,1.329,0.115,-0.023,0.36,1.44,0.032,-0.017,0.962,0.252,0.107,0.076
1744992821.33,-1,0.319,0.656,1.329,32,-0.215,-0.094,0.000,20,1.047,1.329,0.115,-0.023,0.36,1.44,0.030,-0.016,0.978,0.252,0.107,0.076
1744992821.33,-1,0.319,0.656,1.329,32,-0.215,-0.094,0.000,20,1.047,1.329,0.115,-0.023,0.34,1.50,0.030,-0.016,0.978,0.069,0.320,-0.168
1744992821.33,-1,0.319,0.656,1.329,32,-0.215,-0.094,0.000,20,1.047,1.329,0.115,-0.023,0.34,1.50,0.029,-0.018,0.969,-0.480,0.381,-0.351
1744992821.33,-1,0.319,0.656,1.329,32,-0.215,-0.094,0.000,20,1.047,1.329,0.115,-0.023,0.34,1.50,0.031,-0.012,0.976,-0.480,0.381,-0.351
1744992821.33,-1,0.319,0.656,1.329,32,-0.215,-0.094,0.000,20,1.047,1.329,0.115,-0.023,0.34,1.50,0.031,-0.012,0.976,-0.083,-0.076,0.015
1744992821.35,-1,0.319,0.656,1.329,32,-0.215,-0.094,0.000,20,1.047,1.329,0.115,-0.023,0.34,1.50,0.030,-0.013,0.960,-0.083,-0.076,0.015
1744992821.35,-1,0.319,0.656,1.329,32,-0.215,-0.094,0.000,20,1.047,1.329,0.115,-0.023,0.34,1.50,0.030,-0.013,0.960,-0.205,0.198,0.107
1744992821.35,-1,0.319,0.656,1.329,32,-0.215,-0.094,0.000,20,1.047,1.329,0.115,-0.023,0.34,1.50,0.031,-0.015,0.969,-0.053,0.320,0.137
# remark: robobot/cmd/T0/servo 1 -900 0
1744992821.37,-1,0.319,0.656,1.329,32,-0.215,-0.094,0.000,20,1.047,1.329,0.115,-0.023,0.34,1.50,0.031,-0.019,0.969,-0.053,0.320,0.137
1744992821.37,-1,0.319,0.656,1.329,32,-0.215,-0.094,0.000,20,1.047,1.329,0.115,-0.023,0.34,1.50,0.031,-0.019,0.969,-0.297,0.046,0.168
1744992821.37,-1,0.319,0.656,1.329,32,-0.215,-0.094,0.000,20,1.047,1.329,0.115,-0.023,0.34,1.50,0.028,-0.015,0.969,-0.297,0.046,0.168
1744992821.37,-1,0.319,0.656,1.329,32,-0.215,-0.094,0.000,20,1.047,1.329,0.115,-0.023,0.33,1.50,0.028,-0.015,0.969,-0.175,0.137,-0.076
1744992821.39,-1,0.319,0.656,1.329,32,-0.215,-0.094,0.000,20,1.047,1.329,0.115,-0.023,0.33,1.50,0.033,-0.012,0.979,-0.236,0.168,-0.259
1744992821.39,-1,0.319,0.656,1.329,32,-0.215,-0.094,0.000,20,1.047,1.329,0.115,-0.023,0.33,1.50,0.034,-0.016,0.965,-0.236,0.168,-0.259
1744992821.39,-1,0.319,0.656,1.329,32,-0.215,-0.094,0.000,20,1.047,1.329,0.115,-0.023,0.33,1.50,0.034,-0.016,0.965,-0.266,0.015,0.198
1744992821.42,-1,0.319,0.656,1.329,32,-0.215,-0.094,0.000,20,1.047,1.329,0.115,-0.023,0.33,1.50,0.025,-0.017,0.969,-0.266,0.015,0.198
1744992821.42,-1,0.319,0.656,1.329,32,-0.215,-0.094,0.000,20,1.047,1.329,0.115,-0.023,0.34,1.44,0.025,-0.017,0.969,0.283,0.381,0.015
1744992821.42,-1,0.319,0.656,1.329,32,-0.215,-0.094,0.000,20,1.047,1.329,0.115,-0.023,0.34,1.44,0.030,-0.015,0.982,-0.083,0.229,-0.320
1744992821.42,-1,0.319,0.656,1.329,32,-0.215,-0.094,0.000,20,1.047,1.329,0.115,-0.023,0.34,1.44,0.031,-0.011,0.962,-0.083,0.229,-0.320
1744992821.45,-1,0.319,0.656,1.329,32,-0.215,-0.094,0.000,20,1.047,1.329,0.115,-0.023,0.34,1.44,0.031,-0.011,0.962,-0.144,0.259,0.046
1744992821.45,-1,0.319,0.656,1.329,32,-0.215,-0.094,0.000,20,1.047,1.329,0.115,-0.023,0.34,1.44,0.031,-0.014,0.977,-0.144,0.259,0.046
1744992821.45,-1,0.319,0.656,1.329,32,-0.215,-0.094,0.000,20,1.047,1.329,0.115,-0.023,0.34,1.39,0.031,-0.014,0.977,-0.083,0.229,0.168
1744992821.47,-1,0.319,0.656,1.329,32,-0.215,-0.094,0.000,20,1.047,1.329,0.115,-0.023,0.34,1.39,0.032,-0.013,0.965,-0.053,-0.198,0.015
1744992821.47,-1,0.319,0.656,1.329,32,-0.215,-0.094,0.000,20,1.047,1.329,0.115,-0.023,0.34,1.39,0.031,-0.017,0.964,-0.053,-0.198,0.015
1744992821.47,-1,0.319,0.656,1.329,32,-0.215,-0.094,0.000,20,1.047,1.329,0.115,-0.023,0.34,1.39,0.031,-0.017,0.964,0.039,0.168,-0.015
1744992821.47,-1,0.319,0.656,1.329,32,-0.215,-0.094,0.000,20,1.047,1.329,0.115,-0.023,0.34,1.39,0.029,-0.015,0.971,0.039,0.168,-0.015
1744992821.48,-1,0.319,0.656,1.329,32,-0.215,-0.094,0.000,20,1.047,1.329,0.115,-0.023,0.36,1.23,0.029,-0.015,0.971,0.313,0.229,-0.320
1744992821.48,-1,0.319,0.656,1.329,32,-0.215,-0.094,0.000,20,1.047,1.329,0.115,-0.023,0.36,1.23,0.027,-0.014,0.972,0.100,-0.107,-0.137
1744992821.48,-1,0.319,0.656,1.329,32,-0.215,-0.094,0.000,20,1.047,1.329,0.115,-0.023,0.36,1.23,0.030,-0.013,0.967,0.100,-0.107,-0.137
1744992821.50,-1,0.319,0.656,1.329,32,-0.215,-0.094,0.000,20,1.047,1.329,0.115,-0.023,0.36,1.23,0.030,-0.013,0.967,-0.205,0.351,-0.198
1744992821.50,-1,0.319,0.656,1.329,32,-0.215,-0.094,0.000,20,1.047,1.329,0.115,-0.023,0.36,1.23,0.029,-0.018,0.973,-0.205,0.351,-0.198
1744992821.50,-1,0.319,0.656,1.329,32,-0.215,-0.094,0.000,20,1.047,1.329,0.115,-0.023,0.37,0.98,0.029,-0.018,0.973,0.039,-0.198,-0.137
1744992821.50,-1,0.319,0.656,1.329,32,-0.215,-0.094,0.000,20,1.047,1.329,0.115,-0.023,0.37,0.98,0.026,-0.020,0.968,-0.114,0.320,0.046
1744992821.51,-1,0.319,0.656,1.329,32,-0.215,-0.094,0.000,20,1.047,1.329,0.115,-0.023,0.37,0.98,0.030,-0.019,0.969,-0.114,0.320,0.046
1744992821.51,-1,0.319,0.656,1.329,32,-0.215,-0.094,0.000,20,1.047,1.329,0.115,-0.023,0.37,0.98,0.030,-0.019,0.969,-0.083,0.504,-0.046
1744992821.51,-1,0.319,0.656,1.329,32,-0.215,-0.094,0.000,20,1.047,1.329,0.115,-0.023,0.37,0.98,0.034,-0.011,0.976,-0.083,0.504,-0.046
1744992821.51,-1,0.319,0.656,1.329,32,-0.215,-0.094,0.000,20,1.047,1.329,0.115,-0.023,0.37,1.35,0.034,-0.011,0.976,-0.053,-0.046,-0.168
1744992821.53,-1,0.319,0.656,1.329,32,-0.215,-0.094,0.000,20,1.047,1.329,0.115,-0.023,0.37,1.35,0.033,-0.014,0.968,-0.114,0.046,-0.290
1744992821.53,-1,0.319,0.656,1.329,32,-0.215,-0.094,0.000,20,1.047,1.329,0.115,-0.023,0.37,1.35,0.028,-0.019,0.978,-0.114,0.046,-0.290
1744992821.53,-1,0.319,0.656,1.329,32,-0.215,-0.094,0.000,20,1.047,1.329,0.115,-0.023,0.37,1.35,0.028,-0.019,0.978,-0.053,0.198,-0.015
1744992821.55,-1,0.319,0.656,1.329,32,-0.215,-0.094,0.000,20,1.047,1.329,0.115,-0.023,0.37,1.35,0.026,-0.018,0.965,-0.053,0.198,-0.015
1744992821.55,-1,0.319,0.656,1.329,32,-0.215,-0.094,0.000,20,1.047,1.329,0.115,-0.023,0.37,1.50,0.026,-0.018,0.965,0.069,0.046,0.198
1744992821.55,-1,0.319,0.656,1.329,32,-0.215,-0.094,0.000,20,1.047,1.329,0.115,-0.023,0.37,1.50,0.030,-0.013,0.968,0.100,0.015,-0.259
1744992821.57,-1,0.319,0.656,1.329,32,-0.215,-0.094,0.000,20,1.047,1.329,0.115,-0.023,0.37,1.50,0.033,-0.013,0.971,0.100,0.015,-0.259
1744992821.57,-1,0.319,0.656,1.329,32,-0.215,-0.094,0.000,20,1.047,1.329,0.115,-0.023,0.37,1.50,0.033,-0.013,0.971,-0.114,0.107,-0.320
1744992821.57,-1,0.319,0.656,1.329,32,-0.215,-0.094,0.000,20,1.047,1.329,0.115,-0.023,0.37,1.50,0.033,-0.015,0.963,-0.114,0.107,-0.320
1744992821.57,-1,0.319,0.656,1.329,32,-0.215,-0.094,0.000,20,1.047,1.329,0.115,-0.023,0.37,1.30,0.033,-0.015,0.963,-0.205,0.107,-0.168
1744992821.60,-1,0.319,0.656,1.329,32,-0.215,-0.094,0.000,20,1.047,1.329,0.115,-0.023,0.37,1.30,0.025,-0.014,0.978,0.069,-0.076,0.168
1744992821.60,-1,0.319,0.656,1.329,32,-0.215,-0.094,0.000,20,1.047,1.329,0.115,-0.023,0.37,1.30,0.025,-0.017,0.973,0.069,-0.076,0.168
1744992821.60,-1,0.319,0.656,1.329,32,-0.215,-0.094,0.000,20,1.047,1.329,0.115,-0.023,0.37,1.30,0.025,-0.017,0.973,-0.327,-0.107,-0.229
1744992821.60,-1,0.319,0.656,1.329,32,-0.215,-0.094,0.000,20,1.047,1.329,0.115,-0.023,0.37,1.30,0.031,-0.015,0.969,-0.327,-0.107,-0.229
1744992821.60,-1,0.319,0.656,1.329,32,-0.215,-0.094,0.000,20,1.047,1.329,0.115,-0.023,0.38,1.30,0.031,-0.015,0.969,0.039,0.198,-0.259
1744992821.64,-1,0.319,0.656,1.329,32,-0.215,-0.094,0.000,20,1.047,1.329,0.115,-0.023,0.38,1.30,0.033,-0.011,0.976,-0.114,0.198,-0.107
1744992821.64,-1,0.319,0.656,1.329,32,-0.215,-0.094,0.000,20,1.047,1.329,0.115,-0.023,0.38,1.30,0.030,-0.016,0.967,-0.114,0.198,-0.107
1744992821.64,-1,0.319,0.656,1.329,32,-0.215,-0.094,0.000,20,1.047,1.329,0.115,-0.023,0.38,1.30,0.030,-0.016,0.967,-0.053,-0.107,-0.229
1744992821.64,-1,0.319,0.656,1.329,32,-0.215,-0.094,0.000,20,1.047,1.329,0.115,-0.023,0.38,1.30,0.031,-0.016,0.969,-0.053,-0.107,-0.229
1744992821.66,-1,0.319,0.656,1.329,32,-0.215,-0.094,0.000,20,1.047,1.329,0.115,-0.023,0.38,1.30,0.031,-0.016,0.969,-0.022,0.290,-0.229
1744992821.66,-1,0.319,0.656,1.329,32,-0.215,-0.094,0.000,20,1.047,1.329,0.115,-0.023,0.38,1.30,0.029,-0.017,0.973,-0.266,0.076,0.107
1744992821.66,-1,0.319,0.656,1.329,32,-0.215,-0.094,0.000,20,1.047,1.329,0.115,-0.023,0.38,1.30,0.031,-0.018,0.963,-0.266,0.076,0.107
1744992821.66,-1,0.319,0.656,1.329,32,-0.215,-0.094,0.000,20,1.047,1.329,0.115,-0.023,0.38,1.30,0.031,-0.018,0.963,-0.083,-0.015,-0.442
1744992821.66,-1,0.319,0.656,1.329,32,-0.215,-0.094,0.000,20,1.047,1.329,0.115,-0.023,0.38,1.30,0.032,-0.016,0.981,-0.083,-0.015,-0.442
1744992821.67,-1,0.319,0.656,1.329,32,-0.215,-0.094,0.000,20,1.047,1.329,0.115,-0.023,0.35,1.26,0.032,-0.016,0.981,0.191,0.565,0.046
1744992821.70,-1,0.319,0.656,1.329,33,-0.215,-0.094,0.000,20,1.047,1.329,0.115,-0.023,0.35,1.26,0.031,-0.012,0.982,-0.144,-0.107,-0.046
1744992821.70,-1,0.319,0.656,1.329,33,-0.215,-0.094,0.000,20,1.047,1.329,0.115,-0.023,0.35,1.26,0.028,-0.017,0.965,-0.144,-0.107,-0.046
1744992821.70,-1,0.319,0.656,1.329,33,-0.215,-0.094,0.000,20,1.047,1.329,0.115,-0.023,0.35,1.26,0.028,-0.017,0.965,-0.083,0.168,0.198
1744992821.70,-1,0.319,0.656,1.329,33,-0.215,-0.094,0.000,20,1.047,1.329,0.115,-0.023,0.35,1.26,0.028,-0.020,0.974,-0.083,0.168,0.198
1744992821.71,-1,0.319,0.656,1.329,33,-0.215,-0.094,0.000,20,1.047,1.329,0.115,-0.023,0.37,1.50,0.028,-0.020,0.974,-0.022,0.107,0.229
1744992821.71,-1,0.319,0.656,1.329,33,-0.215,-0.094,0.000,20,1.047,1.329,0.115,-0.023,0.37,1.50,0.031,-0.019,0.959,0.008,-0.229,0.015
1744992821.71,-1,0.319,0.656,1.329,33,-0.215,-0.094,0.000,20,1.047,1.329,0.115,-0.023,0.37,1.50,0.029,-0.014,0.977,0.008,-0.229,0.015
1744992821.72,-1,0.319,0.656,1.329,33,-0.215,-0.094,0.000,20,1.047,1.329,0.115,-0.023,0.37,1.50,0.029,-0.014,0.977,0.008,0.443,0.137
1744992821.72,-1,0.319,0.656,1.329,33,-0.215,-0.094,0.000,20,1.047,1.329,0.115,-0.023,0.37,1.50,0.031,-0.012,0.970,0.008,0.443,0.137
1744992821.72,-1,0.319,0.656,1.329,33,-0.215,-0.094,0.000,20,1.047,1.329,0.115,-0.023,0.34,1.50,0.031,-0.012,0.970,-0.205,0.198,-0.381
1744992821.75,-1,0.319,0.656,1.329,33,-0.215,-0.094,0.000,20,1.047,1.329,0.115,-0.023,0.34,1.50,0.025,-0.017,0.958,0.008,-0.046,-0.137
1744992821.75,-1,0.319,0.656,1.329,33,-0.215,-0.094,0.000,20,1.047,1.329,0.115,-0.023,0.34,1.50,0.027,-0.019,0.982,0.008,-0.046,-0.137
1744992821.75,-1,0.319,0.656,1.329,33,-0.215,-0.094,0.000,20,1.047,1.329,0.115,-0.023,0.34,1.50,0.027,-0.019,0.982,-0.083,-0.107,0.107
1744992821.78,-1,0.319,0.656,1.329,33,-0.215,-0.094,0.000,20,1.047,1.329,0.115,-0.023,0.34,1.50,0.029,-0.013,0.975,-0.083,-0.107,0.107
1744992821.78,-1,0.319,0.656,1.329,33,-0.215,-0.094,0.000,20,1.047,1.329,0.115,-0.023,0.33,1.50,0.029,-0.013,0.975,-0.419,0.107,0.015
1744992821.78,-1,0.319,0.656,1.329,33,-0.215,-0.094,0.000,20,1.047,1.329,0.115,-0.023,0.33,1.50,0.032,-0.012,0.961,-0.144,0.137,-0.290
1744992821.78,-1,0.319,0.656,1.329,33,-0.215,-0.094,0.000,20,1.047,1.329,0.115,-0.023,0.33,1.50,0.033,-0.013,0.984,-0.144,0.137,-0.290
# remark: robobot/cmd/T0/servo 1 -900 0
1744992821.80,-1,0.319,0.656,1.329,33,-0.215,-0.094,0.000,20,1.047,1.329,0.115,-0.023,0.33,1.50,0.033,-0.013,0.984,-0.053,0.259,-0.046
1744992821.80,-1,0.319,0.656,1.329,33,-0.215,-0.094,0.000,20,1.047,1.329,0.115,-0.023,0.33,1.50,0.035,-0.015,0.969,-0.053,0.259,-0.046
1744992821.80,-1,0.319,0.656,1.329,33,-0.215,-0.094,0.000,20,1.047,1.329,0.115,-0.023,0.33,1.32,0.035,-0.015,0.969,-0.053,-0.137,0.046
1744992821.81,-1,0.319,0.656,1.329,33,-0.215,-0.094,0.000,20,1.047,1.329,0.115,-0.023,0.33,1.32,0.026,-0.020,0.971,-0.083,0.259,0.198
1744992821.81,-1,0.319,0.656,1.329,33,-0.215,-0.094,0.000,20,1.047,1.329,0.115,-0.023,0.33,1.32,0.028,-0.016,0.980,-0.083,0.259,0.198
1744992821.81,-1,0.319,0.656,1.329,33,-0.215,-0.094,0.000,20,1.047,1.329,0.115,-0.023,0.33,1.32,0.028,-0.016,0.980,-0.083,0.015,-0.015
1744992821.81,-1,0.319,0.656,1.329,33,-0.215,-0.094,0.000,20,1.047,1.329,0.115,-0.023,0.33,1.32,0.031,-0.017,0.963,-0.083,0.015,-0.015
1744992821.81,-1,0.319,0.656,1.329,33,-0.215,-0.094,0.000,20,1.047,1.329,0.115,-0.023,0.36,1.32,0.031,-0.017,0.963,-0.175,-0.076,-0.137
1744992821.85,-1,0.319,0.656,1.329,33,-0.215,-0.094,0.000,20,1.047,1.329,0.115,-0.023,0.36,1.32,0.029,-0.016,0.983,0.039,0.320,-0.168
1744992821.85,-1,0.319,0.656,1.329,33,-0.215,-0.094,0.000,20,1.047,1.329,0.115,-0.023,0.36,1.32,0.029,-0.013,0.970,0.039,0.320,-0.168
1744992821.85,-1,0.319,0.656,1.329,33,-0.215,-0.094,0.000,20,1.047,1.329,0.115,-0.023,0.36,1.32,0.029,-0.013,0.970,0.130,-0.076,-0.015
1744992821.85,-1,0.319,0.656,1.329,33,-0.215,-0.094,0.000,20,1.047,1.329,0.115,-0.023,0.36,1.32,0.029,-0.011,0.965,0.130,-0.076,-0.015
1744992821.85,-1,0.319,0.656,1.329,33,-0.215,-0.094,0.000,20,1.047,1.329,0.115,-0.023,0.32,1.33,0.029,-0.011,0.965,-0.022,-0.015,0.076
1744992821.85,-1,0.319,0.656,1.329,33,-0.215,-0.094,0.000,20,1.047,1.329,0.115,-0.023,0.32,1.33,0.028,-0.019,0.979,-0.022,0.320,0.046
# remark: robobot/cmd/ti/alive 2025-04-18 18:13:08.652491
1744992821.88,-1,0.319,0.656,1.329,33,-0.215,-0.094,0.000,20,1.047,1.329,0.115,-0.023,0.32,1.33,0.027,-0.018,0.958,-0.022,0.320,0.046
1744992821.88,-1,0.319,0.656,1.329,33,-0.215,-0.094,0.000,20,1.047,1.329,0.115,-0.023,0.32,1.33,0.027,-0.018,0.958,-0.053,0.046,-0.107
1744992821.88,-1,0.319,0.656,1.329,33,-0.215,-0.094,0.000,20,1.047,1.329,0.115,-0.023,0.32,1.33,0.033,-0.016,0.976,-0.053,0.046,-0.107
1744992821.88,-1,0.319,0.656,1.329,33,-0.215,-0.094,0.000,20,1.047,1.329,0.115,-0.023,0.24,1.14,0.033,-0.016,0.976,-0.022,0.443,-0.168
1744992821.91,-1,0.319,0.656,1.329,33,-0.215,-0.094,0.000,20,1.047,1.329,0.115,-0.023,0.24,1.14,0.031,-0.015,0.970,0.039,0.107,-0.229
1744992821.91,-1,0.319,0.656,1.329,33,-0.215,-0.094,0.000,20,1.047,1.329,0.115,-0.023,0.24,1.14,0.035,-0.016,0.969,0.039,0.107,-0.229
1744992821.91,-1,0.319,0.656,1.329,33,-0.215,-0.094,0.000,20,1.047,1.329,0.115,-0.023,0.24,1.14,0.035,-0.016,0.969,-0.022,0.015,-0.198
1744992821.92,-1,0.319,0.656,1.329,33,-0.215,-0.094,0.000,20,1.047,1.329,0.115,-0.023,0.24,1.14,0.028,-0.016,0.972,-0.022,0.015,-0.198
1744992821.92,-1,0.319,0.656,1.329,33,-0.215,-0.094,0.000,20,1.047,1.329,0.115,-0.023,0.21,1.46,0.028,-0.016,0.972,-0.053,0.168,-0.046
1744992821.92,-1,0.319,0.656,1.329,33,-0.215,-0.094,0.000,20,1.047,1.329,0.115,-0.023,0.21,1.46,0.027,-0.018,0.971,-0.053,-0.351,0.046
1744992821.92,-1,0.319,0.656,1.329,33,-0.215,-0.094,0.000,20,1.047,1.329,0.115,-0.023,0.21,1.46,0.031,-0.018,0.969,-0.053,-0.351,0.046
1744992821.96,-1,0.319,0.656,1.329,33,-0.215,-0.094,0.000,20,1.047,1.329,0.115,-0.023,0.21,1.46,0.031,-0.018,0.969,-0.053,0.229,-0.046
1744992821.96,-1,0.319,0.656,1.329,33,-0.215,-0.094,0.000,20,1.047,1.329,0.115,-0.023,0.21,1.46,0.032,-0.018,0.973,-0.053,0.229,-0.046
1744992821.96,-1,0.319,0.656,1.329,33,-0.215,-0.094,0.000,20,1.047,1.329,0.115,-0.023,1.35,1.50,0.032,-0.018,0.973,0.191,0.412,-0.259
1744992821.96,-1,0.319,0.656,1.329,33,-0.215,-0.094,0.000,20,1.047,1.329,0.115,-0.023,1.35,1.50,0.034,-0.015,0.972,-0.114,0.046,-0.137
1744992821.96,-1,0.319,0.656,1.329,33,-0.215,-0.094,0.000,20,1.047,1.329,0.115,-0.023,1.35,1.50,0.031,-0.015,0.974,-0.114,0.046,-0.137
1744992821.96,-1,0.319,0.656,1.329,33,-0.215,-0.094,0.000,20,1.047,1.329,0.115,-0.023,1.35,1.50,0.031,-0.015,0.974,-0.114,0.229,-0.320
1744992821.96,-1,0.319,0.656,1.329,33,-0.215,-0.094,0.000,20,1.047,1.329,0.115,-0.023,1.35,1.50,0.029,-0.018,0.965,-0.114,0.229,-0.320
1744992821.96,-1,0.319,0.656,1.329,33,-0.215,-0.094,0.000,20,1.047,1.329,0.115,-0.023,1.50,1.48,0.029,-0.018,0.965,0.130,0.290,0.076
1744992822.01,-1,0.319,0.656,1.329,33,-0.215,-0.094,0.000,20,1.047,1.329,0.115,-0.023,1.50,1.48,0.027,-0.017,0.960,0.130,-0.076,0.229
1744992822.01,-1,0.319,0.656,1.329,33,-0.215,-0.094,0.000,20,1.047,1.329,0.115,-0.023,1.50,1.48,0.029,-0.014,0.975,0.130,-0.076,0.229
1744992822.01,-1,0.319,0.656,1.329,33,-0.215,-0.094,0.000,20,1.047,1.329,0.115,-0.023,1.50,1.48,0.029,-0.014,0.975,-0.327,0.320,-0.229
1744992822.07,-1,0.319,0.656,1.329,33,-0.215,-0.094,0.000,20,1.047,1.329,0.115,-0.023,1.50,1.48,0.029,-0.015,0.961,-0.327,0.320,-0.229
1744992822.07,-1,0.319,0.656,1.329,33,-0.215,-0.094,0.000,20,1.047,1.329,0.115,-0.023,0.75,1.50,0.029,-0.015,0.961,-0.083,0.381,-0.259
1744992822.07,-1,0.319,0.656,1.329,33,-0.215,-0.094,0.000,20,1.047,1.329,0.115,-0.023,0.75,1.50,0.030,-0.012,0.968,-0.175,0.320,-0.046
1744992822.07,-1,0.319,0.656,1.329,33,-0.215,-0.094,0.000,20,1.047,1.329,0.115,-0.023,0.75,1.50,0.032,-0.017,0.967,-0.175,0.320,-0.046
1744992822.07,-1,0.319,0.656,1.329,33,-0.215,-0.094,0.000,20,1.047,1.329,0.115,-0.023,0.75,1.50,0.032,-0.017,0.967,-0.144,-0.046,-0.137
1744992822.07,-1,0.319,0.656,1.329,33,-0.215,-0.094,0.000,20,1.047,1.329,0.115,-0.023,0.75,1.50,0.028,-0.019,0.964,-0.144,-0.046,-0.137
1744992822.07,-1,0.319,0.656,1.329,33,-0.215,-0.094,0.000,20,1.047,1.329,0.115,-0.023,0.41,1.38,0.028,-0.019,0.964,0.191,0.168,0.137
1744992822.14,-1,0.319,0.656,1.329,33,-0.215,-0.094,0.000,20,1.047,1.329,0.115,-0.023,0.41,1.38,0.031,-0.018,0.983,-0.022,-0.107,0.076
1744992822.14,-1,0.319,0.656,1.329,33,-0.215,-0.094,0.000,20,1.047,1.329,0.115,-0.023,0.41,1.38,0.031,-0.014,0.961,-0.022,-0.107,0.076
1744992822.14,-1,0.319,0.656,1.329,33,-0.215,-0.094,0.000,20,1.047,1.329,0.115,-0.023,0.41,1.38,0.031,-0.014,0.961,-0.083,0.168,-0.351
1744992822.14,-1,0.319,0.656,1.329,33,-0.215,-0.094,0.000,20,1.047,1.329,0.115,-0.023,0.41,1.38,0.028,-0.017,0.975,-0.083,0.168,-0.351
1744992822.14,-1,0.319,0.656,1.329,33,-0.215,-0.094,0.000,20,1.047,1.329,0.115,-0.023,0.35,1.21,0.028,-0.017,0.975,0.100,0.381,-0.046
1744992822.14,-1,0.319,0.656,1.329,33,-0.215,-0.094,0.000,20,1.047,1.329,0.115,-0.023,0.35,1.21,0.029,-0.016,0.970,-0.358,0.076,-0.076
1744992822.14,-1,0.319,0.656,1.329,33,-0.215,-0.094,0.000,20,1.047,1.329,0.115,-0.023,0.35,1.21,0.031,-0.020,0.956,-0.358,0.076,-0.076
1744992822.16,-1,0.319,0.656,1.329,33,-0.215,-0.094,0.000,20,1.047,1.329,0.115,-0.023,0.35,1.21,0.031,-0.020,0.956,0.130,0.229,0.076
1744992822.16,-1,0.319,0.656,1.329,33,-0.215,-0.094,0.000,20,1.047,1.329,0.115,-0.023,0.35,1.21,0.031,-0.015,0.979,0.130,0.229,0.076
1744992822.16,-1,0.319,0.656,1.329,33,-0.215,-0.094,0.000,20,1.047,1.329,0.115,-0.023,0.36,1.27,0.031,-0.015,0.979,0.130,0.229,-0.198
1744992822.16,-1,0.319,0.656,1.329,33,-0.215,-0.094,0.000,20,1.047,1.329,0.115,-0.023,0.36,1.27,0.031,-0.013,0.966,-0.205,-0.381,-0.198
1744992822.16,-1,0.319,0.656,1.329,33,-0.215,-0.094,0.000,20,1.047,1.329,0.115,-0.023,0.36,1.27,0.030,-0.018,0.954,-0.205,-0.381,-0.198
1744992822.16,-1,0.319,0.656,1.329,33,-0.215,-0.094,0.000,20,1.047,1.329,0.115,-0.023,0.36,1.27,0.030,-0.018,0.954,0.161,0.259,-0.046
1744992822.16,-1,0.319,0.656,1.329,33,-0.215,-0.094,0.000,20,1.047,1.329,0.115,-0.023,0.36,1.27,0.028,-0.015,0.979,0.161,0.259,-0.046
1744992822.16,-1,0.319,0.656,1.329,33,-0.215,-0.094,0.000,20,1.047,1.329,0.115,-0.023,0.35,1.32,0.028,-0.015,0.979,-0.114,0.381,0.076
1744992822.16,-1,0.319,0.656,1.329,33,-0.215,-0.094,0.000,20,1.047,1.329,0.115,-0.023,0.35,1.32,0.032,-0.017,0.965,-0.144,0.015,-0.381
1744992822.16,-1,0.319,0.656,1.329,33,-0.215,-0.094,0.000,20,1.047,1.329,0.115,-0.023,0.35,1.32,0.035,-0.014,0.978,-0.144,0.015,-0.381
1744992822.16,-1,0.319,0.656,1.329,33,-0.215,-0.094,0.000,20,1.047,1.329,0.115,-0.023,0.35,1.32,0.035,-0.014,0.978,0.008,0.351,-0.076
1744992822.16,-1,0.319,0.656,1.329,33,-0.215,-0.094,0.000,20,1.047,1.329,0.115,-0.023,0.35,1.32,0.032,-0.015,0.965,0.008,0.351,-0.076
1744992822.16,-1,0.319,0.656,1.329,33,-0.215,-0.094,0.000,20,1.047,1.329,0.115,-0.023,0.35,1.48,0.032,-0.015,0.965,0.069,0.137,-0.015
1744992822.16,-1,0.319,0.656,1.329,33,-0.215,-0.094,0.000,20,1.047,1.329,0.115,-0.023,0.35,1.48,0.029,-0.015,0.958,-0.236,0.015,0.015
1744992822.16,-1,0.319,0.656,1.329,34,-0.215,-0.094,0.000,20,1.047,1.329,0.115,-0.023,0.35,1.48,0.026,-0.017,0.989,-0.236,0.015,0.015
1744992822.21,-1,0.319,0.656,1.329,34,-0.215,-0.094,0.000,20,1.047,1.329,0.115,-0.023,0.35,1.48,0.026,-0.017,0.989,-0.053,0.351,0.076
1744992822.21,-1,0.319,0.656,1.329,34,-0.215,-0.094,0.000,20,1.047,1.329,0.115,-0.023,0.35,1.48,0.031,-0.014,0.966,-0.053,0.351,0.076
1744992822.21,-1,0.319,0.656,1.329,34,-0.215,-0.094,0.000,20,1.047,1.329,0.115,-0.023,0.35,1.50,0.031,-0.014,0.966,0.405,-0.259,-0.229
1744992822.22,-1,0.319,0.656,1.329,34,-0.215,-0.094,0.000,20,1.047,1.329,0.115,-0.023,0.35,1.50,0.037,-0.013,0.957,0.039,0.137,0.168
1744992822.22,-1,0.319,0.656,1.329,34,-0.215,-0.094,0.000,20,1.047,1.329,0.115,-0.023,0.35,1.50,0.028,-0.018,0.977,0.039,0.137,0.168
1744992822.22,-1,0.319,0.656,1.329,34,-0.215,-0.094,0.000,20,1.047,1.329,0.115,-0.023,0.35,1.50,0.028,-0.018,0.977,0.100,0.290,0.168
1744992822.22,-1,0.319,0.656,1.329,34,-0.215,-0.094,0.000,20,1.047,1.329,0.115,-0.023,0.35,1.50,0.029,-0.020,0.972,0.100,0.290,0.168
1744992822.22,-1,0.319,0.656,1.329,34,-0.215,-0.094,0.000,20,1.047,1.329,0.115,-0.023,0.39,1.50,0.029,-0.020,0.972,-0.236,-0.168,0.076
1744992822.23,-1,0.319,0.656,1.329,34,-0.215,-0.094,0.000,20,1.047,1.329,0.115,-0.023,0.39,1.50,0.033,-0.016,0.984,-0.144,0.137,-0.015
1744992822.23,-1,0.319,0.656,1.329,34,-0.215,-0.094,0.000,20,1.047,1.329,0.115,-0.023,0.39,1.50,0.035,-0.018,0.965,-0.144,0.137,-0.015
1744992822.23,-1,0.319,0.656,1.329,34,-0.215,-0.094,0.000,20,1.047,1.329,0.115,-0.023,0.39,1.50,0.035,-0.018,0.965,-0.266,0.168,-0.137
1744992822.26,-1,0.319,0.656,1.329,34,-0.215,-0.094,0.000,20,1.047,1.329,0.115,-0.023,0.39,1.50,0.034,-0.013,0.965,-0.266,0.168,-0.137
1744992822.26,-1,0.319,0.656,1.329,34,-0.215,-0.094,0.000,20,1.047,1.329,0.115,-0.023,0.38,1.50,0.034,-0.013,0.965,-0.083,-0.046,-0.137
1744992822.26,-1,0.319,0.656,1.329,34,-0.215,-0.094,0.000,20,1.047,1.329,0.115,-0.023,0.38,1.50,0.029,-0.018,0.976,-0.205,0.381,-0.076
1744992822.26,-1,0.319,0.656,1.329,34,-0.215,-0.094,0.000,20,1.047,1.329,0.115,-0.023,0.38,1.50,0.030,-0.019,0.970,-0.205,0.381,-0.076
1744992822.27,-1,0.319,0.656,1.329,34,-0.215,-0.094,0.000,20,1.047,1.329,0.115,-0.023,0.38,1.50,0.030,-0.019,0.970,0.069,0.443,-0.015
1744992822.27,-1,0.319,0.656,1.329,34,-0.215,-0.094,0.000,20,1.047,1.329,0.115,-0.023,0.38,1.50,0.033,-0.016,0.969,0.069,0.443,-0.015
1744992822.27,-1,0.319,0.656,1.329,34,-0.215,-0.094,0.000,20,1.047,1.329,0.115,-0.023,0.37,1.38,0.033,-0.016,0.969,-0.205,0.137,0.015
1744992822.29,-1,0.319,0.656,1.329,34,-0.215,-0.094,0.000,20,1.047,1.329,0.115,-0.023,0.37,1.38,0.030,-0.011,0.959,-0.236,0.107,-0.015
1744992822.29,-1,0.319,0.656,1.329,34,-0.215,-0.094,0.000,20,1.047,1.329,0.115,-0.023,0.37,1.38,0.027,-0.017,0.978,-0.236,0.107,-0.015
1744992822.29,-1,0.319,0.656,1.329,34,-0.215,-0.094,0.000,20,1.047,1.329,0.115,-0.023,0.37,1.38,0.027,-0.017,0.978,-0.083,-0.168,-0.290
1744992822.29,-1,0.319,0.656,1.329,34,-0.215,-0.094,0.000,20,1.047,1.329,0.115,-0.023,0.37,1.38,0.031,-0.018,0.962,-0.083,-0.168,-0.290
# remark: robobot/cmd/T0/servo 1 -900 0
1744992822.32,-1,0.319,0.656,1.329,34,-0.215,-0.094,0.000,20,1.047,1.329,0.115,-0.023,0.35,1.46,0.031,-0.018,0.962,-0.266,0.351,0.076
1744992822.32,-1,0.319,0.656,1.329,34,-0.215,-0.094,0.000,20,1.047,1.329,0.115,-0.023,0.35,1.46,0.030,-0.018,0.972,0.222,0.198,0.168
1744992822.32,-1,0.319,0.656,1.329,34,-0.215,-0.094,0.000,20,1.047,1.329,0.115,-0.023,0.35,1.46,0.031,-0.011,0.977,0.222,0.198,0.168
1744992822.33,-1,0.319,0.656,1.329,34,-0.215,-0.094,0.000,20,1.047,1.329,0.115,-0.023,0.35,1.46,0.031,-0.011,0.977,-0.022,0.229,-0.168
1744992822.33,-1,0.319,0.656,1.329,34,-0.215,-0.094,0.000,20,1.047,1.329,0.115,-0.023,0.35,1.46,0.035,-0.016,0.978,-0.022,0.229,-0.168
1744992822.33,-1,0.319,0.656,1.329,34,-0.215,-0.094,0.000,20,1.047,1.329,0.115,-0.023,0.22,1.50,0.035,-0.016,0.978,-0.236,0.198,-0.259
1744992822.35,-1,0.319,0.656,1.329,34,-0.215,-0.094,0.000,20,1.047,1.329,0.115,-0.023,0.22,1.50,0.032,-0.016,0.976,0.069,0.076,-0.259
1744992822.35,-1,0.319,0.656,1.329,34,-0.215,-0.094,0.000,20,1.047,1.329,0.115,-0.023,0.22,1.50,0.030,-0.018,0.969,0.069,0.076,-0.259
1744992822.35,-1,0.319,0.656,1.329,34,-0.215,-0.094,0.000,20,1.047,1.329,0.115,-0.023,0.22,1.50,0.030,-0.018,0.969,-0.114,-0.046,0.107
1744992822.35,-1,0.319,0.656,1.329,34,-0.215,-0.094,0.000,20,1.047,1.329,0.115,-0.023,0.22,1.50,0.028,-0.013,0.951,-0.114,-0.046,0.107
1744992822.35,-1,0.319,0.656,1.329,34,-0.215,-0.094,0.000,20,1.047,1.329,0.115,-0.023,0.36,1.46,0.028,-0.013,0.951,0.008,-0.046,0.137
1744992822.38,-1,0.319,0.656,1.329,34,-0.215,-0.094,0.000,20,1.047,1.329,0.115,-0.023,0.36,1.46,0.024,-0.012,0.963,0.008,0.137,-0.107
1744992822.38,-1,0.319,0.656,1.329,34,-0.215,-0.094,0.000,20,1.047,1.329,0.115,-0.023,0.36,1.46,0.031,-0.011,0.959,0.008,0.137,-0.107
1744992822.38,-1,0.319,0.656,1.329,34,-0.215,-0.094,0.000,20,1.047,1.329,0.115,-0.023,0.36,1.46,0.031,-0.011,0.959,-0.236,0.015,-0.107
1744992822.38,-1,0.319,0.656,1.329,34,-0.215,-0.094,0.000,20,1.047,1.329,0.115,-0.023,0.36,1.46,0.035,-0.013,0.976,-0.236,0.015,-0.107
1744992822.40,-1,0.319,0.656,1.329,34,-0.215,-0.094,0.000,20,1.047,1.329,0.115,-0.023,0.85,1.42,0.035,-0.013,0.976,-0.053,-0.015,-0.259
1744992822.40,-1,0.319,0.656,1.329,34,-0.215,-0.094,0.000,20,1.047,1.329,0.115,-0.023,0.85,1.42,0.028,-0.022,0.960,0.222,0.168,-0.351
1744992822.40,-1,0.319,0.656,1.329,34,-0.215,-0.094,0.000,20,1.047,1.329,0.115,-0.023,0.85,1.42,0.029,-0.022,0.976,0.222,0.168,-0.351
1744992822.40,-1,0.319,0.656,1.329,34,-0.215,-0.094,0.000,20,1.047,1.329,0.115,-0.023,0.85,1.42,0.029,-0.022,0.976,-0.175,0.259,0.076
1744992822.41,-1,0.319,0.656,1.329,34,-0.215,-0.094,0.000,20,1.047,1.329,0.115,-0.023,0.85,1.42,0.032,-0.021,0.971,-0.175,0.259,0.076
# remark: robobot/cmd/ti/alive 2025-04-18 18:13:08.652491
1744992822.41,-1,0.319,0.656,1.329,34,-0.215,-0.094,0.000,20,1.047,1.329,0.115,-0.023,1.07,1.20,0.032,-0.021,0.971,0.222,-0.168,-0.046
1744992822.42,-1,0.319,0.656,1.329,34,-0.215,-0.094,0.000,20,1.047,1.329,0.115,-0.023,1.07,1.20,0.027,-0.016,0.967,0.100,0.168,-0.015
1744992822.44,-1,0.319,0.656,1.329,34,-0.215,-0.094,0.000,20,1.047,1.329,0.115,-0.023,1.07,1.20,0.028,-0.009,0.969,0.100,0.168,-0.015
1744992822.44,-1,0.319,0.656,1.329,34,-0.215,-0.094,0.000,20,1.047,1.329,0.115,-0.023,1.07,1.20,0.028,-0.009,0.969,-0.450,0.015,-0.320
1744992822.44,-1,0.319,0.656,1.329,34,-0.215,-0.094,0.000,20,1.047,1.329,0.115,-0.023,1.07,1.20,0.029,-0.012,0.951,-0.450,0.015,-0.320
1744992822.44,-1,0.319,0.656,1.329,34,-0.215,-0.094,0.000,20,1.047,1.329,0.115,-0.023,0.38,1.16,0.029,-0.012,0.951,-0.144,0.076,0.107
1744992822.48,-1,0.319,0.656,1.329,34,-0.215,-0.094,0.000,20,1.047,1.329,0.115,-0.023,0.38,1.16,0.026,-0.014,0.973,-0.297,0.351,0.198
1744992822.48,-1,0.319,0.656,1.329,34,-0.215,-0.094,0.000,20,1.047,1.329,0.115,-0.023,0.38,1.16,0.031,-0.017,0.961,-0.297,0.351,0.198
1744992822.48,-1,0.319,0.656,1.329,34,-0.215,-0.094,0.000,20,1.047,1.329,0.115,-0.023,0.38,1.16,0.031,-0.017,0.961,-0.327,0.015,-0.046
1744992822.48,-1,0.319,0.656,1.329,34,-0.215,-0.094,0.000,20,1.047,1.329,0.115,-0.023,0.38,1.16,0.029,-0.013,0.985,-0.327,0.015,-0.046
1744992822.48,-1,0.319,0.656,1.329,34,-0.215,-0.094,0.000,20,1.047,1.329,0.115,-0.023,0.37,1.50,0.029,-0.013,0.985,0.130,-0.046,-0.168
1744992822.50,-1,0.319,0.656,1.329,34,-0.215,-0.094,0.000,20,1.047,1.329,0.115,-0.023,0.37,1.50,0.037,-0.017,0.987,-0.083,-0.076,-0.046
1744992822.50,-1,0.319,0.656,1.329,34,-0.215,-0.094,0.000,20,1.047,1.329,0.115,-0.023,0.37,1.50,0.031,-0.022,0.958,-0.083,-0.076,-0.046
1744992822.50,-1,0.319,0.656,1.329,34,-0.215,-0.094,0.000,20,1.047,1.329,0.115,-0.023,0.37,1.50,0.031,-0.022,0.958,0.130,-0.046,-0.076
1744992822.50,-1,0.319,0.656,1.329,34,-0.215,-0.094,0.000,20,1.047,1.329,0.115,-0.023,0.37,1.50,0.030,-0.020,0.969,0.130,-0.046,-0.076
1744992822.54,-1,0.319,0.656,1.329,34,-0.215,-0.094,0.000,20,1.047,1.329,0.115,-0.023,0.37,1.31,0.030,-0.020,0.969,0.161,0.351,0.076
1744992822.54,-1,0.319,0.656,1.329,34,-0.215,-0.094,0.000,20,1.047,1.329,0.115,-0.023,0.37,1.31,0.032,-0.016,0.965,-0.236,0.076,-0.046
1744992822.54,-1,0.319,0.656,1.329,34,-0.215,-0.094,0.000,20,1.047,1.329,0.115,-0.023,0.37,1.31,0.031,-0.006,0.967,-0.236,0.076,-0.046
1744992822.54,-1,0.319,0.656,1.329,34,-0.215,-0.094,0.000,20,1.047,1.329,0.115,-0.023,0.37,1.31,0.031,-0.006,0.967,-0.388,0.443,-0.351
1744992822.54,-1,0.319,0.656,1.329,34,-0.215,-0.094,0.000,20,1.047,1.329,0.115,-0.023,0.37,1.31,0.027,-0.007,0.970,-0.388,0.443,-0.351
1744992822.54,-1,0.319,0.656,1.329,34,-0.215,-0.094,0.000,20,1.047,1.329,0.115,-0.023,0.37,1.38,0.027,-0.007,0.970,-0.297,0.198,-0.259
1744992822.54,-1,0.319,0.656,1.329,34,-0.215,-0.094,0.000,20,1.047,1.329,0.115,-0.023,0.37,1.38,0.027,-0.013,0.962,0.039,-0.168,0.229
1744992822.55,-1,0.319,0.656,1.329,34,-0.215,-0.094,0.000,20,1.047,1.329,0.115,-0.023,0.37,1.38,0.027,-0.019,0.979,0.039,-0.168,0.229
1744992822.58,-1,0.319,0.656,1.329,34,-0.215,-0.094,0.000,20,1.047,1.329,0.115,-0.023,0.37,1.38,0.027,-0.019,0.979,0.039,-0.107,0.107
1744992822.58,-1,0.319,0.656,1.329,34,-0.215,-0.094,0.000,20,1.047,1.329,0.115,-0.023,0.37,1.38,0.030,-0.022,0.966,0.039,-0.107,0.107
1744992822.58,-1,0.319,0.656,1.329,34,-0.215,-0.094,0.000,20,1.047,1.329,0.115,-0.023,0.39,1.40,0.030,-0.022,0.966,-0.358,0.381,-0.381
1744992822.61,-1,0.319,0.656,1.329,34,-0.215,-0.094,0.000,20,1.047,1.329,0.115,-0.023,0.39,1.40,0.029,-0.021,0.979,0.527,0.320,-0.259
1744992822.61,-1,0.319,0.656,1.329,34,-0.215,-0.094,0.000,20,1.047,1.329,0.115,-0.023,0.39,1.40,0.032,-0.020,0.977,0.527,0.320,-0.259
1744992822.61,-1,0.319,0.656,1.329,34,-0.215,-0.094,0.000,20,1.047,1.329,0.115,-0.023,0.39,1.40,0.032,-0.020,0.977,0.069,0.259,-0.168
1744992822.61,-1,0.319,0.656,1.329,34,-0.215,-0.094,0.000,20,1.047,1.329,0.115,-0.023,0.39,1.40,0.024,-0.028,0.964,0.069,0.259,-0.168
1744992822.61,-1,0.319,0.656,1.329,34,-0.215,-0.094,0.000,20,1.047,1.329,0.115,-0.023,0.39,1.50,0.024,-0.028,0.964,0.039,0.473,-0.015
1744992822.62,-1,0.319,0.656,1.329,34,-0.215,-0.094,0.000,20,1.047,1.329,0.115,-0.023,0.39,1.50,0.026,-0.016,0.956,-0.053,0.076,0.015
1744992822.62,-1,0.319,0.656,1.329,34,-0.215,-0.094,0.000,20,1.047,1.329,0.115,-0.023,0.39,1.50,0.024,-0.018,0.957,-0.053,0.076,0.015
1744992822.63,-1,0.319,0.656,1.329,34,-0.215,-0.094,0.000,20,1.047,1.329,0.115,-0.023,0.39,1.50,0.024,-0.018,0.957,-0.297,-0.046,0.076
1744992822.63,-1,0.319,0.656,1.329,34,-0.215,-0.094,0.000,20,1.047,1.329,0.115,-0.023,0.39,1.50,0.031,-0.006,0.979,-0.297,-0.046,0.076
1744992822.63,-1,0.319,0.656,1.329,34,-0.215,-0.094,0.000,20,1.047,1.329,0.115,-0.023,0.36,1.50,0.031,-0.006,0.979,-0.053,0.107,-0.015
1744992822.64,-1,0.319,0.656,1.329,34,-0.215,-0.094,0.000,20,1.047,1.329,0.115,-0.023,0.36,1.50,0.033,-0.011,0.977,-0.236,0.137,0.198
1744992822.64,-1,0.319,0.656,1.329,34,-0.215,-0.094,0.000,20,1.047,1.329,0.115,-0.023,0.36,1.50,0.031,-0.021,0.959,-0.236,0.137,0.198
1744992822.65,-1,0.319,0.656,1.329,35,-0.215,-0.094,0.000,20,1.047,1.329,0.115,-0.023,0.36,1.50,0.031,-0.021,0.959,-0.083,0.229,0.076
1744992822.65,-1,0.319,0.656,1.329,35,-0.215,-0.094,0.000,20,1.047,1.329,0.115,-0.023,0.34,1.50,0.026,-0.026,0.972,-0.083,0.229,0.076
1744992822.65,-1,0.319,0.656,1.329,35,-0.215,-0.094,0.000,20,1.047,1.329,0.115,-0.023,0.34,1.50,0.026,-0.026,0.972,-0.266,0.137,0.015
1744992822.68,-1,0.319,0.656,1.329,35,-0.215,-0.094,0.000,20,1.047,1.329,0.115,-0.023,0.34,1.50,0.033,-0.028,0.977,-0.205,-0.107,-0.168
1744992822.68,-1,0.319,0.656,1.329,35,-0.215,-0.094,0.000,20,1.047,1.329,0.115,-0.023,0.34,1.50,0.036,-0.017,0.960,-0.205,-0.107,-0.168
1744992822.68,-1,0.319,0.656,1.329,35,-0.215,-0.094,0.000,20,1.047,1.329,0.115,-0.023,0.34,1.50,0.036,-0.017,0.960,0.374,0.046,-0.168
1744992822.69,-1,0.319,0.656,1.329,35,-0.215,-0.094,0.000,20,1.047,1.329,0.115,-0.023,0.34,1.50,0.026,-0.015,0.975,0.374,0.046,-0.168
1744992822.69,-1,0.319,0.656,1.329,35,-0.215,-0.094,0.000,20,1.047,1.329,0.115,-0.023,0.34,1.50,0.026,-0.015,0.975,-0.266,0.259,-0.412
1744992822.71,-1,0.319,0.656,1.329,35,-0.215,-0.094,0.000,20,1.047,1.329,0.115,-0.023,0.34,1.50,0.026,-0.018,0.966,-0.297,-0.107,-0.229
1744992822.71,-1,0.319,0.656,1.329,35,-0.215,-0.094,0.000,20,1.047,1.329,0.115,-0.023,0.34,1.50,0.027,-0.012,0.969,-0.297,-0.107,-0.229
1744992822.71,-1,0.319,0.656,1.329,35,-0.215,-0.094,0.000,20,1.047,1.329,0.115,-0.023,0.34,1.50,0.027,-0.012,0.969,-0.083,0.320,0.504
1744992822.71,-1,0.319,0.656,1.329,35,-0.215,-0.094,0.000,20,1.047,1.329,0.115,-0.023,0.35,1.50,0.024,-0.015,0.968,-0.083,0.320,0.504
1744992822.73,-1,0.319,0.656,1.329,35,-0.215,-0.094,0.000,20,1.047,1.329,0.115,-0.023,0.35,1.50,0.024,-0.015,0.968,-0.297,0.137,0.168
1744992822.73,-1,0.319,0.656,1.329,35,-0.215,-0.094,0.000,20,1.047,1.329,0.115,-0.023,0.35,1.50,0.037,-0.013,0.969,0.008,-0.259,-0.107
1744992822.73,-1,0.319,0.656,1.329,35,-0.215,-0.094,0.000,20,1.047,1.329,0.115,-0.023,0.35,1.50,0.032,-0.017,0.973,0.008,-0.259,-0.107
1744992822.76,-1,0.319,0.656,1.329,35,-0.215,-0.094,0.000,20,1.047,1.329,0.115,-0.023,0.35,1.50,0.032,-0.017,0.973,-0.114,0.168,-0.198
1744992822.76,-1,0.319,0.656,1.329,35,-0.215,-0.094,0.000,20,1.047,1.329,0.115,-0.023,0.36,1.50,0.028,-0.025,0.972,-0.114,0.168,-0.198
1744992822.76,-1,0.319,0.656,1.329,35,-0.215,-0.094,0.000,20,1.047,1.329,0.115,-0.023,0.36,1.50,0.028,-0.025,0.972,-0.114,0.015,-0.229
1744992822.76,-1,0.319,0.656,1.329,35,-0.215,-0.094,0.000,20,1.047,1.329,0.115,-0.023,0.36,1.50,0.032,-0.019,0.971,0.222,0.015,-0.290
# remark: robobot/cmd/T0/servo 1 -900 0
1744992822.77,-1,0.319,0.656,1.329,35,-0.215,-0.094,0.000,20,1.047,1.329,0.115,-0.023,0.36,1.50,0.027,-0.016,0.974,0.222,0.015,-0.290
1744992822.77,-1,0.319,0.656,1.329,35,-0.215,-0.094,0.000,20,1.047,1.329,0.115,-0.023,0.36,1.50,0.027,-0.016,0.974,0.344,0.351,-0.046
1744992822.77,-1,0.319,0.656,1.329,35,-0.215,-0.094,0.000,20,1.047,1.329,0.115,-0.023,0.45,1.35,0.032,-0.007,0.981,0.344,0.351,-0.046
1744992822.77,-1,0.319,0.656,1.329,35,-0.215,-0.094,0.000,20,1.047,1.329,0.115,-0.023,0.45,1.35,0.032,-0.007,0.981,-0.144,-0.137,-0.259
1744992822.79,-1,0.319,0.656,1.329,35,-0.215,-0.094,0.000,20,1.047,1.329,0.115,-0.023,0.45,1.35,0.030,-0.010,0.961,-0.327,-0.107,-0.168
1744992822.79,-1,0.319,0.656,1.329,35,-0.215,-0.094,0.000,20,1.047,1.329,0.115,-0.023,0.45,1.35,0.028,-0.014,0.962,-0.327,-0.107,-0.168
1744992822.79,-1,0.319,0.656,1.329,35,-0.215,-0.094,0.000,20,1.047,1.329,0.115,-0.023,0.45,1.35,0.028,-0.014,0.962,-0.083,0.320,-0.137
1744992822.82,-1,0.319,0.656,1.329,35,-0.215,-0.094,0.000,20,1.047,1.329,0.115,-0.023,0.46,1.50,0.027,-0.016,0.980,-0.083,0.320,-0.137
1744992822.82,-1,0.319,0.656,1.329,35,-0.215,-0.094,0.000,20,1.047,1.329,0.115,-0.023,0.46,1.50,0.027,-0.016,0.980,-0.022,-0.137,0.107
1744992822.82,-1,0.319,0.656,1.329,35,-0.215,-0.094,0.000,20,1.047,1.329,0.115,-0.023,0.46,1.50,0.031,-0.021,0.958,-0.175,-0.168,0.229
1744992822.82,-1,0.319,0.656,1.329,35,-0.215,-0.094,0.000,20,1.047,1.329,0.115,-0.023,0.46,1.50,0.033,-0.022,0.974,-0.175,-0.168,0.229
1744992822.84,-1,0.319,0.656,1.329,35,-0.215,-0.094,0.000,20,1.047,1.329,0.115,-0.023,0.46,1.50,0.033,-0.022,0.974,0.222,0.595,0.259
1744992822.84,-1,0.319,0.656,1.329,35,-0.215,-0.094,0.000,20,1.047,1.329,0.115,-0.023,0.32,1.50,0.034,-0.019,0.974,0.222,0.595,0.259
1744992822.84,-1,0.319,0.656,1.329,35,-0.215,-0.094,0.000,20,1.047,1.329,0.115,-0.023,0.32,1.50,0.034,-0.019,0.974,-0.388,0.107,-0.198
1744992822.85,-1,0.319,0.656,1.329,35,-0.215,-0.094,0.000,20,1.047,1.329,0.115,-0.023,0.32,1.50,0.029,-0.017,0.967,-0.022,0.290,-0.168
1744992822.85,-1,0.319,0.656,1.329,35,-0.215,-0.094,0.000,20,1.047,1.329,0.115,-0.023,0.32,1.50,0.025,-0.019,0.980,-0.022,0.290,-0.168
1744992822.85,-1,0.319,0.656,1.329,35,-0.215,-0.094,0.000,20,1.047,1.329,0.115,-0.023,0.32,1.50,0.025,-0.019,0.980,-0.083,0.504,0.229
1744992822.86,-1,0.319,0.656,1.329,35,-0.215,-0.094,0.000,20,1.047,1.329,0.115,-0.023,0.35,1.50,0.029,-0.012,0.969,-0.083,0.504,0.229
1744992822.86,-1,0.319,0.656,1.329,35,-0.215,-0.094,0.000,20,1.047,1.329,0.115,-0.023,0.35,1.50,0.029,-0.012,0.969,-0.327,-0.290,0.046
1744992822.95,-1,0.319,0.656,1.329,35,-0.215,-0.094,0.000,20,1.047,1.329,0.115,-0.023,0.35,1.50,0.034,-0.015,0.972,-0.236,0.198,-0.107
1744992822.95,-1,0.319,0.656,1.329,35,-0.215,-0.094,0.000,20,1.047,1.329,0.115,-0.023,0.35,1.50,0.028,-0.015,0.970,-0.236,0.198,-0.107
1744992822.95,-1,0.319,0.656,1.329,35,-0.215,-0.094,0.000,20,1.047,1.329,0.115,-0.023,0.35,1.50,0.028,-0.015,0.970,-0.022,0.320,0.259
1744992822.95,-1,0.319,0.656,1.329,35,-0.215,-0.094,0.000,20,1.047,1.329,0.115,-0.023,0.49,1.50,0.031,-0.017,0.958,-0.022,0.320,0.259
1744992822.95,-1,0.319,0.656,1.329,35,-0.215,-0.094,0.000,20,1.047,1.329,0.115,-0.023,0.49,1.50,0.031,-0.017,0.958,-0.266,-0.443,-0.015
1744992822.95,-1,0.319,0.656,1.329,35,-0.215,-0.094,0.000,20,1.047,1.329,0.115,-0.023,0.49,1.50,0.035,-0.016,0.968,-0.358,0.717,0.076
1744992822.95,-1,0.319,0.656,1.329,35,-0.215,-0.094,0.000,20,1.047,1.329,0.115,-0.023,0.49,1.50,0.030,-0.016,0.986,-0.358,0.717,0.076
1744992822.95,-1,0.319,0.656,1.329,35,-0.215,-0.094,0.000,20,1.047,1.329,0.115,-0.023,0.49,1.50,0.030,-0.016,0.986,0.039,0.290,-0.107
1744992822.95,-1,0.319,0.656,1.329,35,-0.215,-0.094,0.000,20,1.047,1.329,0.115,-0.023,0.46,1.50,0.032,-0.016,0.965,0.039,0.290,-0.107
1744992822.95,-1,0.319,0.656,1.329,35,-0.215,-0.094,0.000,20,1.047,1.329,0.115,-0.023,0.46,1.50,0.032,-0.016,0.965,-0.205,-0.412,-0.442
1744992822.96,-1,0.319,0.656,1.329,35,-0.215,-0.094,0.000,20,1.047,1.329,0.115,-0.023,0.46,1.50,0.031,-0.023,0.973,0.527,0.351,0.076
1744992822.96,-1,0.319,0.656,1.329,35,-0.215,-0.094,0.000,20,1.047,1.329,0.115,-0.023,0.46,1.50,0.025,-0.022,0.981,0.527,0.351,0.076
1744992822.96,-1,0.319,0.656,1.329,35,-0.215,-0.094,0.000,20,1.047,1.329,0.115,-0.023,0.46,1.50,0.025,-0.022,0.981,0.161,-0.076,0.046
1744992822.96,-1,0.319,0.656,1.329,35,-0.215,-0.094,0.000,20,1.047,1.329,0.115,-0.023,0.34,1.50,0.033,-0.014,0.943,0.161,-0.076,0.046
# remark: robobot/cmd/ti/alive 2025-04-18 18:13:08.652491
1744992822.97,-1,0.319,0.656,1.329,35,-0.215,-0.094,0.000,20,1.047,1.329,0.115,-0.023,0.34,1.50,0.033,-0.014,0.943,-0.053,-0.137,0.046
1744992822.97,-1,0.319,0.656,1.329,35,-0.215,-0.094,0.000,20,1.047,1.329,0.115,-0.023,0.34,1.50,0.028,-0.011,0.980,-0.083,0.595,-0.168
1744992822.97,-1,0.319,0.656,1.329,35,-0.215,-0.094,0.000,20,1.047,1.329,0.115,-0.023,0.34,1.50,0.036,-0.011,0.970,-0.083,0.595,-0.168
1744992822.99,-1,0.319,0.656,1.329,35,-0.215,-0.094,0.000,20,1.047,1.329,0.115,-0.023,0.34,1.50,0.036,-0.011,0.970,-0.022,-0.290,-0.503
1744992823.00,-1,0.319,0.656,1.329,35,-0.215,-0.094,0.000,20,1.047,1.329,0.115,-0.023,0.36,1.50,0.029,-0.016,0.960,-0.022,-0.290,-0.503
1744992823.00,-1,0.319,0.656,1.329,35,-0.215,-0.094,0.000,20,1.047,1.329,0.115,-0.023,0.36,1.50,0.029,-0.016,0.960,0.100,-0.168,0.015
1744992823.00,-1,0.319,0.656,1.329,35,-0.215,-0.094,0.000,20,1.047,1.329,0.115,-0.023,0.36,1.50,0.027,-0.017,0.982,0.039,0.473,0.137
1744992823.03,-1,0.319,0.656,1.329,35,-0.215,-0.094,0.000,20,1.047,1.329,0.115,-0.023,0.36,1.50,0.027,-0.019,0.966,0.039,0.473,0.137
1744992823.03,-1,0.319,0.656,1.329,35,-0.215,-0.094,0.000,20,1.047,1.329,0.115,-0.023,0.36,1.50,0.027,-0.019,0.966,-0.419,-0.351,0.076
1744992823.03,-1,0.319,0.656,1.329,35,-0.215,-0.094,0.000,20,1.047,1.329,0.115,-0.023,0.39,1.50,0.031,-0.017,0.966,-0.419,-0.351,0.076
1744992823.03,-1,0.319,0.656,1.329,35,-0.215,-0.094,0.000,20,1.047,1.329,0.115,-0.023,0.39,1.50,0.031,-0.017,0.966,0.161,0.046,-0.076
1744992823.06,-1,0.319,0.656,1.329,35,-0.215,-0.094,0.000,20,1.047,1.329,0.115,-0.023,0.39,1.50,0.026,-0.017,0.981,0.069,0.534,-0.320
1744992823.06,-1,0.319,0.656,1.329,35,-0.215,-0.094,0.000,20,1.047,1.329,0.115,-0.023,0.39,1.50,0.033,-0.016,0.969,0.069,0.534,-0.320
1744992823.06,-1,0.319,0.656,1.329,35,-0.215,-0.094,0.000,20,1.047,1.329,0.115,-0.023,0.39,1.50,0.033,-0.016,0.969,-0.175,-0.473,-0.412
1744992823.09,-1,0.319,0.656,1.329,35,-0.215,-0.094,0.000,20,1.047,1.329,0.115,-0.023,0.36,1.50,0.027,-0.023,0.969,-0.175,-0.473,-0.412
1744992823.09,-1,0.319,0.656,1.329,35,-0.215,-0.094,0.000,20,1.047,1.329,0.115,-0.023,0.36,1.50,0.027,-0.023,0.969,0.252,0.351,-0.168
1744992823.10,-1,0.319,0.656,1.329,35,-0.215,-0.094,0.000,20,1.047,1.329,0.115,-0.023,0.36,1.50,0.025,-0.016,0.973,0.039,0.229,0.137
1744992823.10,-1,0.319,0.656,1.329,35,-0.215,-0.094,0.000,20,1.047,1.329,0.115,-0.023,0.36,1.50,0.030,-0.011,0.957,0.039,0.229,0.137
1744992823.10,-1,0.319,0.656,1.329,35,-0.215,-0.094,0.000,20,1.047,1.329,0.115,-0.023,0.36,1.50,0.030,-0.011,0.957,-0.327,-0.198,-0.229
1744992823.10,-1,0.319,0.656,1.329,35,-0.215,-0.094,0.000,20,1.047,1.329,0.115,-0.023,0.33,1.50,0.033,-0.007,0.983,-0.327,-0.198,-0.229
1744992823.10,-1,0.319,0.656,1.329,35,-0.215,-0.094,0.000,20,1.047,1.329,0.115,-0.023,0.33,1.50,0.033,-0.007,0.983,0.069,0.687,0.076
1744992823.12,-1,0.319,0.656,1.329,35,-0.215,-0.094,0.000,20,1.047,1.329,0.115,-0.023,0.33,1.50,0.034,-0.013,0.976,-0.236,0.290,-0.290
1744992823.12,-1,0.319,0.656,1.329,35,-0.215,-0.094,0.000,20,1.047,1.329,0.115,-0.023,0.33,1.50,0.032,-0.021,0.964,-0.236,0.290,-0.290
1744992823.13,-1,0.319,0.656,1.329,35,-0.215,-0.094,0.000,20,1.047,1.329,0.115,-0.023,0.33,1.50,0.032,-0.021,0.964,0.008,-0.137,-0.259
1744992823.13,-1,0.319,0.656,1.329,35,-0.215,-0.094,0.000,20,1.047,1.329,0.115,-0.023,0.35,1.50,0.028,-0.024,0.973,0.008,-0.137,-0.259
1744992823.13,-1,0.319,0.656,1.329,35,-0.215,-0.094,0.000,20,1.047,1.329,0.115,-0.023,0.35,1.50,0.028,-0.024,0.973,-0.205,0.443,0.168
1744992823.13,-1,0.319,0.656,1.329,35,-0.215,-0.094,0.000,20,1.047,1.329,0.115,-0.023,0.35,1.50,0.032,-0.018,0.957,-0.205,0.229,0.290
1744992823.13,-1,0.319,0.656,1.329,35,-0.215,-0.094,0.000,20,1.047,1.329,0.115,-0.023,0.35,1.50,0.034,-0.015,0.969,-0.205,0.229,0.290
1744992823.13,-1,0.319,0.656,1.329,35,-0.215,-0.094,0.000,20,1.047,1.329,0.115,-0.023,0.35,1.50,0.034,-0.015,0.969,0.252,0.259,-0.046
1744992823.17,-1,0.319,0.656,1.329,35,-0.215,-0.094,0.000,20,1.047,1.329,0.115,-0.023,0.36,1.50,0.032,-0.009,0.981,0.252,0.259,-0.046
1744992823.17,-1,0.319,0.656,1.329,35,-0.215,-0.094,0.000,20,1.047,1.329,0.115,-0.023,0.36,1.50,0.032,-0.009,0.981,-0.205,0.168,-0.351
1744992823.17,-1,0.319,0.656,1.329,35,-0.215,-0.094,0.000,20,1.047,1.329,0.115,-0.023,0.36,1.50,0.029,-0.011,0.970,0.374,-0.076,0.015
1744992823.17,-1,0.319,0.656,1.329,35,-0.215,-0.094,0.000,20,1.047,1.329,0.115,-0.023,0.36,1.50,0.028,-0.017,0.972,0.374,-0.076,0.015
1744992823.17,-1,0.319,0.656,1.329,35,-0.215,-0.094,0.000,20,1.047,1.329,0.115,-0.023,0.36,1.50,0.028,-0.017,0.972,-0.083,0.168,0.076
1744992823.17,-1,0.319,0.656,1.329,35,-0.215,-0.094,0.000,20,1.047,1.329,0.115,-0.023,0.38,1.50,0.032,-0.021,0.964,-0.083,0.168,0.076
1744992823.17,-1,0.319,0.656,1.329,35,-0.215,-0.094,0.000,20,1.047,1.329,0.115,-0.023,0.38,1.50,0.032,-0.021,0.964,-0.144,-0.015,0.198
1744992823.21,-1,0.319,0.656,1.329,35,-0.215,-0.094,0.000,20,1.047,1.329,0.115,-0.023,0.38,1.50,0.026,-0.013,0.974,-0.022,0.412,-0.290
1744992823.21,-1,0.319,0.656,1.329,35,-0.215,-0.094,0.000,20,1.047,1.329,0.115,-0.023,0.38,1.50,0.033,-0.020,0.969,-0.022,0.412,-0.290
1744992823.21,-1,0.319,0.656,1.329,35,-0.215,-0.094,0.000,20,1.047,1.329,0.115,-0.023,0.38,1.50,0.033,-0.020,0.969,-0.266,0.046,-0.503
1744992823.21,-1,0.319,0.656,1.329,35,-0.215,-0.094,0.000,20,1.047,1.329,0.115,-0.023,0.39,1.50,0.035,-0.017,0.968,-0.266,0.046,-0.503
1744992823.22,-1,0.319,0.656,1.329,35,-0.215,-0.094,0.000,20,1.047,1.329,0.115,-0.023,0.39,1.50,0.035,-0.017,0.968,0.252,-0.015,-0.290
1744992823.22,-1,0.319,0.656,1.329,35,-0.215,-0.094,0.000,20,1.047,1.329,0.115,-0.023,0.39,1.50,0.029,-0.020,0.969,-0.114,0.168,0.046
1744992823.22,-1,0.319,0.656,1.329,35,-0.215,-0.094,0.000,20,1.047,1.329,0.115,-0.023,0.39,1.50,0.023,-0.018,0.962,-0.114,0.168,0.046
1744992823.26,-1,0.319,0.656,1.329,35,-0.215,-0.094,0.000,20,1.047,1.329,0.115,-0.023,0.39,1.50,0.023,-0.018,0.962,0.161,0.229,0.168
1744992823.26,-1,0.319,0.656,1.329,35,-0.215,-0.094,0.000,20,1.047,1.329,0.115,-0.023,0.41,1.50,0.027,-0.016,0.977,0.161,0.229,0.168
1744992823.26,-1,0.319,0.656,1.329,35,-0.215,-0.094,0.000,20,1.047,1.329,0.115,-0.023,0.41,1.50,0.027,-0.016,0.977,0.008,0.076,-0.046
1744992823.26,-1,0.319,0.656,1.329,35,-0.215,-0.094,0.000,20,1.047,1.329,0.115,-0.023,0.41,1.50,0.034,-0.012,0.967,-0.022,0.168,-0.229
1744992823.26,-1,0.319,0.656,1.329,35,-0.215,-0.094,0.000,20,1.047,1.329,0.115,-0.023,0.41,1.50,0.031,-0.013,0.977,-0.022,0.168,-0.229
1744992823.26,-1,0.319,0.656,1.329,35,-0.215,-0.094,0.000,20,1.047,1.329,0.115,-0.023,0.41,1.50,0.031,-0.013,0.977,-0.144,0.046,-0.198
1744992823.26,-1,0.319,0.656,1.329,35,-0.215,-0.094,0.000,20,1.047,1.329,0.115,-0.023,0.35,1.50,0.031,-0.018,0.964,-0.144,0.046,-0.198
1744992823.26,-1,0.319,0.656,1.329,35,-0.215,-0.094,0.000,20,1.047,1.329,0.115,-0.023,0.35,1.50,0.031,-0.018,0.964,-0.175,-0.107,0.015
1744992823.28,-1,0.319,0.656,1.329,35,-0.215,-0.094,0.000,20,1.047,1.329,0.115,-0.023,0.35,1.50,0.024,-0.019,0.961,-0.114,0.259,0.168
1744992823.28,-1,0.319,0.656,1.329,35,-0.215,-0.094,0.000,20,1.047,1.329,0.115,-0.023,0.35,1.50,0.027,-0.015,0.969,-0.114,0.259,0.168
1744992823.28,-1,0.319,0.656,1.329,35,-0.215,-0.094,0.000,20,1.047,1.329,0.115,-0.023,0.35,1.50,0.027,-0.015,0.969,-0.236,0.168,-0.229
1744992823.29,-1,0.319,0.656,1.329,35,-0.215,-0.094,0.000,20,1.047,1.329,0.115,-0.023,0.35,1.50,0.030,-0.013,0.965,-0.236,0.168,-0.229
1744992823.29,-1,0.319,0.656,1.329,35,-0.215,-0.094,0.000,20,1.047,1.329,0.115,-0.023,0.35,1.50,0.030,-0.013,0.965,-0.053,0.137,-0.046
1744992823.31,-1,0.319,0.656,1.329,36,-0.215,-0.094,0.000,20,1.047,1.329,0.115,-0.023,0.35,1.50,0.032,-0.013,0.979,-0.022,0.381,-0.137
1744992823.31,-1,0.319,0.656,1.329,36,-0.215,-0.094,0.000,20,1.047,1.329,0.115,-0.023,0.35,1.50,0.031,-0.017,0.972,-0.022,0.381,-0.137
1744992823.31,-1,0.319,0.656,1.329,36,-0.215,-0.094,0.000,20,1.047,1.329,0.115,-0.023,0.35,1.50,0.031,-0.017,0.972,-0.053,0.076,-0.076
1744992823.33,-1,0.319,0.656,1.329,36,-0.215,-0.094,0.000,20,1.047,1.329,0.115,-0.023,0.36,1.50,0.030,-0.022,0.966,-0.053,0.076,-0.076
1744992823.33,-1,0.319,0.656,1.329,36,-0.215,-0.094,0.000,20,1.047,1.329,0.115,-0.023,0.36,1.50,0.030,-0.022,0.966,0.008,0.076,0.137
1744992823.33,-1,0.319,0.656,1.329,36,-0.215,-0.094,0.000,20,1.047,1.329,0.115,-0.023,0.36,1.50,0.032,-0.017,0.973,-0.175,0.168,-0.107
1744992823.35,-1,0.319,0.656,1.329,36,-0.215,-0.094,0.000,20,1.047,1.329,0.115,-0.023,0.36,1.50,0.031,-0.018,0.959,-0.175,0.168,-0.107
1744992823.35,-1,0.319,0.656,1.329,36,-0.215,-0.094,0.000,20,1.047,1.329,0.115,-0.023,0.36,1.50,0.031,-0.018,0.959,-0.114,0.107,-0.290
1744992823.35,-1,0.319,0.656,1.329,36,-0.215,-0.094,0.000,20,1.047,1.329,0.115,-0.023,0.35,1.50,0.037,-0.013,0.976,-0.114,0.107,-0.290
1744992823.35,-1,0.319,0.656,1.329,36,-0.215,-0.094,0.000,20,1.047,1.329,0.115,-0.023,0.35,1.50,0.037,-0.013,0.976,0.100,0.168,-0.351
1744992823.35,-1,0.319,0.656,1.329,36,-0.215,-0.094,0.000,20,1.047,1.329,0.115,-0.023,0.35,1.50,0.031,-0.013,0.970,-0.358,0.229,-0.137
1744992823.38,-1,0.319,0.656,1.329,36,-0.215,-0.094,0.000,20,1.047,1.329,0.115,-0.023,0.35,1.50,0.026,-0.017,0.964,-0.358,0.229,-0.137
1744992823.38,-1,0.319,0.656,1.329,36,-0.215,-0.094,0.000,20,1.047,1.329,0.115,-0.023,0.35,1.50,0.026,-0.017,0.964,0.039,0.046,0.137
1744992823.38,-1,0.319,0.656,1.329,36,-0.215,-0.094,0.000,20,1.047,1.329,0.115,-0.023,0.37,1.50,0.028,-0.015,0.966,0.039,0.046,0.137
1744992823.38,-1,0.319,0.656,1.329,36,-0.215,-0.094,0.000,20,1.047,1.329,0.115,-0.023,0.37,1.50,0.028,-0.015,0.966,-0.236,0.137,-0.198
1744992823.41,-1,0.319,0.656,1.329,36,-0.215,-0.094,0.000,20,1.047,1.329,0.115,-0.023,0.37,1.50,0.034,-0.018,0.983,-0.266,0.076,0.076
1744992823.41,-1,0.319,0.656,1.329,36,-0.215,-0.094,0.000,20,1.047,1.329,0.115,-0.023,0.37,1.50,0.032,-0.016,0.978,-0.266,0.076,0.076
1744992823.41,-1,0.319,0.656,1.329,36,-0.215,-0.094,0.000,20,1.047,1.329,0.115,-0.023,0.37,1.50,0.032,-0.016,0.978,-0.114,0.107,-0.290
1744992823.42,-1,0.319,0.656,1.329,36,-0.215,-0.094,0.000,20,1.047,1.329,0.115,-0.023,0.40,1.50,0.030,-0.021,0.970,-0.114,0.107,-0.290
1744992823.42,-1,0.319,0.656,1.329,36,-0.215,-0.094,0.000,20,1.047,1.329,0.115,-0.023,0.40,1.50,0.030,-0.021,0.970,0.008,0.137,-0.015
1744992823.42,-1,0.319,0.656,1.329,36,-0.215,-0.094,0.000,20,1.047,1.329,0.115,-0.023,0.40,1.50,0.028,-0.022,0.964,-0.083,0.046,-0.290
1744992823.42,-1,0.319,0.656,1.329,36,-0.215,-0.094,0.000,20,1.047,1.329,0.115,-0.023,0.40,1.50,0.029,-0.014,0.964,-0.083,0.046,-0.290
# remark: robobot/cmd/T0/servo 1 -900 0
1744992823.44,-1,0.319,0.656,1.329,36,-0.215,-0.094,0.000,20,1.047,1.329,0.115,-0.023,0.40,1.50,0.029,-0.014,0.964,-0.175,0.168,-0.259
1744992823.44,-1,0.319,0.656,1.329,36,-0.215,-0.094,0.000,20,1.047,1.329,0.115,-0.023,0.40,1.50,0.032,-0.012,0.971,-0.175,0.168,-0.259
1744992823.44,-1,0.319,0.656,1.329,36,-0.215,-0.094,0.000,20,1.047,1.329,0.115,-0.023,0.40,1.50,0.032,-0.012,0.971,-0.388,0.259,-0.046
1744992823.46,-1,0.319,0.656,1.329,36,-0.215,-0.094,0.000,20,1.047,1.329,0.115,-0.023,0.40,1.50,0.030,-0.013,0.968,-0.236,0.168,0.107
1744992823.46,-1,0.319,0.656,1.329,36,-0.215,-0.094,0.000,20,1.047,1.329,0.115,-0.023,0.40,1.50,0.031,-0.013,0.977,-0.236,0.168,0.107
1744992823.46,-1,0.319,0.656,1.329,36,-0.215,-0.094,0.000,20,1.047,1.329,0.115,-0.023,0.40,1.50,0.031,-0.013,0.977,-0.175,0.168,0.168
1744992823.46,-1,0.319,0.656,1.329,36,-0.215,-0.094,0.000,20,1.047,1.329,0.115,-0.023,0.38,1.50,0.033,-0.018,0.966,-0.175,0.168,0.168
1744992823.46,-1,0.319,0.656,1.329,36,-0.215,-0.094,0.000,20,1.047,1.329,0.115,-0.023,0.38,1.50,0.033,-0.018,0.966,-0.144,0.015,-0.107
1744992823.48,-1,0.319,0.656,1.329,36,-0.215,-0.094,0.000,20,1.047,1.329,0.115,-0.023,0.38,1.50,0.027,-0.016,0.975,0.191,0.259,0.107
# remark: robobot/cmd/ti/alive 2025-04-18 18:13:08.652491
1744992823.50,-1,0.319,0.656,1.329,36,-0.215,-0.094,0.000,20,1.047,1.329,0.115,-0.023,0.38,1.50,0.031,-0.018,0.963,0.191,0.259,0.107
1744992823.50,-1,0.319,0.656,1.329,36,-0.215,-0.094,0.000,20,1.047,1.329,0.115,-0.023,0.38,1.50,0.031,-0.018,0.963,-0.022,-0.168,0.046
1744992823.50,-1,0.319,0.656,1.329,36,-0.215,-0.094,0.000,20,1.047,1.329,0.115,-0.023,0.36,1.50,0.034,-0.014,0.971,-0.022,-0.168,0.046
1744992823.50,-1,0.319,0.656,1.329,36,-0.215,-0.094,0.000,20,1.047,1.329,0.115,-0.023,0.36,1.50,0.034,-0.014,0.971,0.252,0.107,-0.137
1744992823.53,-1,0.319,0.656,1.329,36,-0.215,-0.094,0.000,20,1.047,1.329,0.115,-0.023,0.36,1.50,0.029,-0.013,0.976,-0.114,0.137,0.168
1744992823.53,-1,0.319,0.656,1.329,36,-0.215,-0.094,0.000,20,1.047,1.329,0.115,-0.023,0.36,1.50,0.031,-0.015,0.956,-0.114,0.137,0.168
1744992823.53,-1,0.319,0.656,1.329,36,-0.215,-0.094,0.000,20,1.047,1.329,0.115,-0.023,0.36,1.50,0.031,-0.015,0.956,-0.083,0.198,0.076
1744992823.54,-1,0.319,0.656,1.329,36,-0.215,-0.094,0.000,20,1.047,1.329,0.115,-0.023,0.36,1.50,0.026,-0.017,0.975,-0.083,0.198,0.076
1744992823.54,-1,0.319,0.656,1.329,36,-0.215,-0.094,0.000,20,1.047,1.329,0.115,-0.023,0.36,1.50,0.026,-0.017,0.975,-0.083,0.137,-0.015
1744992823.54,-1,0.319,0.656,1.329,36,-0.215,-0.094,0.000,20,1.047,1.329,0.115,-0.023,0.36,1.50,0.027,-0.016,0.962,-0.297,0.046,0.046
1744992823.54,-1,0.319,0.656,1.329,36,-0.215,-0.094,0.000,20,1.047,1.329,0.115,-0.023,0.36,1.50,0.031,-0.014,0.965,-0.297,0.046,0.046
1744992823.56,-1,0.319,0.656,1.329,36,-0.215,-0.094,0.000,20,1.047,1.329,0.115,-0.023,0.36,1.50,0.031,-0.014,0.965,0.039,0.320,-0.168
1744992823.56,-1,0.319,0.656,1.329,36,-0.215,-0.094,0.000,20,1.047,1.329,0.115,-0.023,0.36,1.50,0.034,-0.017,0.978,0.039,0.320,-0.168
1744992823.56,-1,0.319,0.656,1.329,36,-0.215,-0.094,0.000,20,1.047,1.329,0.115,-0.023,0.36,1.50,0.034,-0.017,0.978,-0.236,0.015,-0.259
1744992823.59,-1,0.319,0.656,1.329,36,-0.215,-0.094,0.000,20,1.047,1.329,0.115,-0.023,0.36,1.50,0.031,-0.017,0.962,0.008,0.443,0.046
1744992823.59,-1,0.319,0.656,1.329,36,-0.215,-0.094,0.000,20,1.047,1.329,0.115,-0.023,0.36,1.50,0.031,-0.022,0.978,0.008,0.443,0.046
1744992823.59,-1,0.319,0.656,1.329,36,-0.215,-0.094,0.000,20,1.047,1.329,0.115,-0.023,0.36,1.50,0.031,-0.022,0.978,-0.053,0.107,-0.168
1744992823.59,-1,0.319,0.656,1.329,36,-0.215,-0.094,0.000,20,1.047,1.329,0.115,-0.023,0.36,1.50,0.030,-0.017,0.961,-0.053,0.107,-0.168
# remark: robobot/cmd/ti/rc 0.0 0.0
# remark: robobot/cmd/ti/rc 0 0
1744992823.61,-1,0.319,0.656,1.329,36,-0.215,-0.094,0.000,20,1.047,1.329,0.115,-0.023,0.36,1.50,0.030,-0.017,0.961,-0.144,0.290,-0.107
1744992823.61,-1,0.319,0.656,1.329,36,-0.215,-0.094,0.000,20,1.047,1.329,0.115,-0.023,0.36,1.50,0.024,-0.013,0.969,-0.144,-0.015,-0.168
1744992823.61,-1,0.319,0.656,1.329,36,-0.215,-0.094,0.000,20,1.047,1.329,0.115,-0.023,0.36,1.50,0.030,-0.009,0.978,-0.144,-0.015,-0.168
1744992823.62,-1,0.319,0.656,1.329,36,-0.215,-0.094,0.000,20,1.047,1.329,0.115,-0.023,0.36,1.50,0.030,-0.009,0.978,-0.266,0.168,-0.107
1744992823.62,-1,0.319,0.656,1.329,36,-0.215,-0.094,0.000,20,1.047,1.329,0.115,-0.023,0.37,1.50,0.028,-0.016,0.965,-0.266,0.168,-0.107
1744992823.62,-1,0.319,0.656,1.329,36,-0.215,-0.094,0.000,20,1.047,1.329,0.115,-0.023,0.37,1.50,0.028,-0.016,0.965,-0.022,0.443,0.076
1744992823.62,-1,0.319,0.656,1.329,36,-0.215,-0.094,0.000,20,1.047,1.329,0.115,-0.023,0.37,1.50,0.032,-0.014,0.984,-0.266,0.320,-0.015
# remark: robobot/cmd/T0/stop  
# remark: robobot/cmd/T0/leds 14 0 0 0
# remark: robobot/cmd/T0/leds 15 0 0 0
# remark: robobot/cmd/T0/leds 16 0 0 0
1744992823.64,-1,0.319,0.656,1.329,36,-0.215,-0.094,0.000,20,1.047,1.329,0.115,-0.023,0.37,1.50,0.029,-0.022,0.958,-0.266,0.320,-0.015
1744992823.64,-1,0.319,0.656,1.329,36,-0.215,-0.094,0.000,20,1.047,1.329,0.115,-0.023,0.37,1.50,0.029,-0.022,0.958,-0.266,-0.137,0.137
1744992823.64,-1,0.319,0.656,1.329,36,-0.215,-0.094,0.000,20,1.047,1.329,0.115,-0.023,0.36,1.50,0.030,-0.021,0.959,-0.266,-0.137,0.137
1744992823.64,-1,0.319,0.656,1.329,36,-0.215,-0.094,0.000,20,1.047,1.329,0.115,-0.023,0.36,1.50,0.030,-0.021,0.959,-0.297,0.351,-0.290
# remark: robobot/cmd/ti/log 0
# remark: robobot/cmd/T0/lip 0
